season,week,celebrity_name,n_active,is_eliminated_this_week,R_judge_rank,R_fan_rank,R_total_score,R_is_elim,P_judge_share,P_fan_share,P_total_score,P_is_elim,delta_status
1,1,Evander Holyfield,6,False,4.0,5.0,9.0,False,0.1651376146788991,0.16654662925153615,0.3316842439304353,False,0
1,1,Joey McIntyre,6,False,1.0,1.0,2.0,False,0.1834862385321101,0.16686270120212118,0.3503489397342313,False,0
1,1,John O'Hurley,6,False,1.0,2.0,3.0,False,0.1834862385321101,0.16681865526332357,0.35030489379543367,False,0
1,1,Kelly Monaco,6,False,6.0,3.0,9.0,False,0.11926605504587157,0.16676661596143463,0.2860326710073062,True,-1
1,1,Rachel Hunter,6,False,1.0,4.0,5.0,False,0.1834862385321101,0.16660659683158344,0.3500928353636935,False,0
1,1,Trista Sutter,6,False,4.0,6.0,10.0,True,0.1651376146788991,0.16639880149000097,0.33153641616890006,False,1
1,2,Evander Holyfield,6,False,6.0,1.0,7.0,False,0.11570247933884298,0.23544058943570104,0.35114306877454404,False,0
1,2,Joey McIntyre,6,False,3.0,3.0,6.0,False,0.17355371900826447,0.16385320688919283,0.3374069258974573,False,0
1,2,John O'Hurley,6,False,1.0,5.0,6.0,False,0.21487603305785125,0.15340894150886591,0.36828497456671716,False,0
1,2,Kelly Monaco,6,False,5.0,2.0,7.0,False,0.14049586776859505,0.19955470712376402,0.34005057489235907,False,0
1,2,Rachel Hunter,6,False,2.0,4.0,6.0,False,0.19834710743801653,0.15479631215445303,0.35314341959246953,False,0
1,2,Trista Sutter,6,True,4.0,6.0,10.0,True,0.15702479338842976,0.09294624288802328,0.24997103627645303,True,0
1,3,Evander Holyfield,5,True,5.0,5.0,10.0,True,0.12264150943396226,0.15445745009136877,0.27709895952533103,True,0
1,3,Joey McIntyre,5,False,3.0,2.0,5.0,False,0.20754716981132076,0.2085359646101204,0.4160831344214412,False,0
1,3,John O'Hurley,5,False,2.0,3.0,5.0,False,0.22641509433962265,0.20314707544844549,0.42956216978806816,False,0
1,3,Kelly Monaco,5,False,4.0,1.0,5.0,False,0.19811320754716982,0.23255526877554933,0.43066847632271915,False,0
1,3,Rachel Hunter,5,False,1.0,4.0,5.0,False,0.24528301886792453,0.2013042410745161,0.44658725994244064,False,0
1,4,Joey McIntyre,4,False,4.0,1.0,5.0,False,0.21739130434782608,0.4130792076435934,0.6304705119914195,False,0
1,4,John O'Hurley,4,False,3.0,2.0,5.0,False,0.22826086956521738,0.2768952734840189,0.5051561430492363,False,0
1,4,Kelly Monaco,4,False,1.0,3.0,4.0,False,0.2826086956521739,0.18560845246885851,0.46821714812103243,False,0
1,4,Rachel Hunter,4,True,2.0,4.0,6.0,True,0.2717391304347826,0.12441706640352905,0.39615619683831166,True,0
1,5,Joey McIntyre,3,False,3.0,1.0,4.0,False,0.3082191780821918,0.3355369316406089,0.6437561097228006,True,-1
1,5,John O'Hurley,3,False,1.0,2.0,3.0,False,0.3698630136986301,0.3323710714158462,0.7022340851144764,False,0
1,5,Kelly Monaco,3,False,2.0,3.0,5.0,True,0.3219178082191781,0.3320919969435449,0.654009805162723,False,1
1,6,John O'Hurley,2,False,2.0,1.0,3.0,True,0.4954128440366973,0.5050998231393602,1.0005126671760576,False,1
1,6,Kelly Monaco,2,False,1.0,2.0,3.0,True,0.5045871559633027,0.4949001768606397,0.9994873328239424,True,0
2,1,Drew Lachey,10,False,1.0,6.0,7.0,False,0.12307692307692308,0.10054332501755804,0.2236202480944811,False,0
2,1,George Hamilton,10,False,8.0,2.0,10.0,False,0.09230769230769231,0.11486852274385467,0.20717621505154699,False,0
2,1,Giselle Fernandez,10,False,2.0,8.0,10.0,False,0.11794871794871795,0.0989322454467119,0.21688096339542984,False,0
2,1,Jerry Rice,10,False,5.0,5.0,10.0,False,0.1076923076923077,0.10112826999370655,0.20882057768601425,False,0
2,1,Kenny Mayne,10,True,9.0,10.0,19.0,True,0.06666666666666667,0.06471139033316636,0.13137805699983301,True,0
2,1,Lisa Rinna,10,False,7.0,3.0,10.0,False,0.09743589743589744,0.10357620322172194,0.20101210065761937,False,0
2,1,Master P,10,False,10.0,1.0,11.0,False,0.06153846153846154,0.11542859271477733,0.1769670542532389,False,0
2,1,Stacy Keibler,10,False,4.0,7.0,11.0,False,0.11282051282051282,0.10024764909803908,0.2130681619185519,False,0
2,1,Tatum O'Neal,10,False,2.0,9.0,11.0,False,0.11794871794871795,0.09873819153254336,0.2166869094812613,False,0
2,1,Tia Carrere,10,False,6.0,4.0,10.0,False,0.10256410256410256,0.10182560989792076,0.2043897124620233,False,0
2,2,Drew Lachey,9,False,2.0,5.0,7.0,False,0.135,0.1100868753781325,0.2450868753781325,False,0
2,2,George Hamilton,9,False,5.0,3.0,8.0,False,0.11,0.11303370122982771,0.2230337012298277,False,0
2,2,Giselle Fernandez,9,False,3.0,7.0,10.0,False,0.12,0.10998510799423161,0.2299851079942316,False,0
2,2,Jerry Rice,9,False,4.0,6.0,10.0,False,0.115,0.11002961964372447,0.22502961964372448,False,0
2,2,Lisa Rinna,9,False,7.0,2.0,9.0,False,0.1,0.12684982853051716,0.22684982853051716,False,0
2,2,Master P,9,False,9.0,1.0,10.0,False,0.08,0.13968114869197903,0.21968114869197902,False,0
2,2,Stacy Keibler,9,False,1.0,4.0,5.0,False,0.145,0.11086595438153563,0.2558659543815356,False,0
2,2,Tatum O'Neal,9,True,8.0,9.0,17.0,True,0.085,0.07131097032382307,0.15631097032382307,True,0
2,2,Tia Carrere,9,False,5.0,8.0,13.0,False,0.11,0.10815679382622898,0.218156793826229,False,0
2,3,Drew Lachey,8,False,1.0,7.0,8.0,False,0.14835164835164835,0.1187237750737043,0.2670754234253526,False,0
2,3,George Hamilton,8,False,5.0,3.0,8.0,False,0.12087912087912088,0.1316844751979661,0.252563596077087,False,0
2,3,Giselle Fernandez,8,True,5.0,8.0,13.0,True,0.12087912087912088,0.07280028360865269,0.19367940448777357,True,0
2,3,Jerry Rice,8,False,7.0,2.0,9.0,False,0.1043956043956044,0.14771694286822507,0.2521125472638295,False,0
2,3,Lisa Rinna,8,False,4.0,4.0,8.0,False,0.13736263736263737,0.12403044906264361,0.261393086425281,False,0
2,3,Master P,8,False,8.0,1.0,9.0,False,0.07692307692307693,0.16340979189946359,0.2403328688225405,False,0
2,3,Stacy Keibler,8,False,1.0,5.0,6.0,False,0.14835164835164835,0.12102745277130288,0.2693791011229512,False,0
2,3,Tia Carrere,8,False,3.0,6.0,9.0,False,0.14285714285714285,0.12060682951804169,0.26346397237518454,False,0
2,4,Drew Lachey,7,False,1.0,6.0,7.0,False,0.17721518987341772,0.14173441926262337,0.3189496091360411,False,0
2,4,George Hamilton,7,False,6.0,1.0,7.0,False,0.13291139240506328,0.17521769422622274,0.308129086631286,False,0
2,4,Jerry Rice,7,False,5.0,2.0,7.0,False,0.1518987341772152,0.15689994766166016,0.3087986818388754,False,0
2,4,Lisa Rinna,7,False,2.0,3.0,5.0,False,0.16455696202531644,0.14319760945399396,0.3077545714793104,False,0
2,4,Master P,7,True,7.0,7.0,14.0,True,0.05063291139240506,0.0976275207301338,0.14826043212253887,True,0
2,4,Stacy Keibler,7,False,2.0,4.0,6.0,False,0.16455696202531644,0.1431545705495079,0.3077115325748243,False,0
2,4,Tia Carrere,7,False,4.0,5.0,9.0,False,0.15822784810126583,0.1421682381158581,0.30039608621712394,False,0
2,5,Drew Lachey,6,False,2.0,5.0,7.0,False,0.17880794701986755,0.16686238678870086,0.3456703338085684,False,0
2,5,George Hamilton,6,False,4.0,2.0,6.0,False,0.15894039735099338,0.18136506766672625,0.34030546501771963,False,0
2,5,Jerry Rice,6,False,5.0,1.0,6.0,False,0.152317880794702,0.20344141938335816,0.3557593001780601,False,0
2,5,Lisa Rinna,6,False,3.0,3.0,6.0,False,0.16556291390728478,0.17039600312801573,0.3359589170353005,False,0
2,5,Stacy Keibler,6,False,1.0,4.0,5.0,False,0.1986754966887417,0.16692251316482473,0.36559800985356644,False,0
2,5,Tia Carrere,6,True,6.0,6.0,12.0,True,0.1456953642384106,0.1110126098683742,0.2567079741067848,True,0
2,6,Drew Lachey,5,False,1.0,4.0,5.0,False,0.22556390977443608,0.19740667643572102,0.4229705862101571,False,0
2,6,George Hamilton,5,True,4.0,5.0,9.0,True,0.17293233082706766,0.13372391141731285,0.3066562422443805,True,0
2,6,Jerry Rice,5,False,4.0,1.0,5.0,False,0.17293233082706766,0.251878020720239,0.4248103515473067,False,0
2,6,Lisa Rinna,5,False,3.0,2.0,5.0,False,0.20300751879699247,0.216547205281333,0.4195547240783255,False,0
2,6,Stacy Keibler,5,False,1.0,3.0,4.0,False,0.22556390977443608,0.20044418614539403,0.42600809591983013,False,0
2,7,Drew Lachey,4,False,1.0,2.0,3.0,False,0.2696078431372549,0.23840132462649544,0.5080091677637504,False,0
2,7,Jerry Rice,4,False,4.0,1.0,5.0,False,0.20098039215686275,0.3769229421399595,0.5779033342968223,False,0
2,7,Lisa Rinna,4,True,3.0,4.0,7.0,True,0.25980392156862747,0.14807048283309962,0.40787440440172706,True,0
2,7,Stacy Keibler,4,False,1.0,3.0,4.0,False,0.2696078431372549,0.23660525040044544,0.5062130935377003,False,0
2,8,Drew Lachey,3,False,1.0,3.0,4.0,False,0.34387291318097685,0.33118924103513947,0.6750621542161164,False,0
2,8,Jerry Rice,3,False,3.0,2.0,5.0,True,0.31620636785880724,0.33164659769127813,0.6478529655500853,True,0
2,8,Stacy Keibler,3,False,2.0,1.0,3.0,False,0.33992071896021603,0.33716416127358234,0.6770848802337983,False,0
3,1,Emmitt Smith,11,False,2.0,3.0,5.0,False,0.11320754716981132,0.09442521470234895,0.2076327618721603,False,0
3,1,Harry Hamlin,11,False,8.0,10.0,18.0,False,0.08018867924528301,0.10131450639036585,0.18150318563564888,False,0
3,1,Jerry Springer,11,False,9.0,9.0,18.0,False,0.07547169811320754,0.10033051587686598,0.1758022139900735,False,0
3,1,Joey Lawrence,11,False,5.0,5.0,10.0,False,0.09905660377358491,0.09662514061867285,0.19568174439225777,False,0
3,1,Mario Lopez,11,False,1.0,2.0,3.0,False,0.12264150943396226,0.09418884598435447,0.21683035541831674,False,0
3,1,Monique Coleman,11,False,6.0,6.0,12.0,False,0.08962264150943396,0.09753679009486785,0.18715943160430182,False,0
3,1,Sara Evans,11,False,10.0,11.0,21.0,True,0.07075471698113207,0.10458036799100928,0.17533508497214134,False,1
3,1,Shanna Moakler,11,False,7.0,7.0,14.0,False,0.08490566037735849,0.09781168916091604,0.1827173495382745,False,0
3,1,Tucker Carlson,11,True,11.0,1.0,12.0,False,0.05660377358490566,0.019852987667169014,0.07645676125207468,True,-1
3,1,Vivica A. Fox,11,False,3.0,4.0,7.0,False,0.10377358490566038,0.0946340665343776,0.19840765144003797,False,0
3,1,Willa Ford,11,False,3.0,8.0,11.0,False,0.10377358490566038,0.09869987497905215,0.20247345988471255,False,0
3,2,Emmitt Smith,10,False,3.0,6.0,9.0,False,0.10434782608695652,0.1082616917565383,0.2126095178434948,False,0
3,2,Harry Hamlin,10,False,7.0,8.0,15.0,False,0.09130434782608696,0.11562808436123116,0.2069324321873181,False,0
3,2,Jerry Springer,10,False,10.0,10.0,20.0,True,0.08260869565217391,0.12264473531303936,0.20525343096521326,False,1
3,2,Joey Lawrence,10,False,1.0,3.0,4.0,False,0.12608695652173912,0.10203549964909907,0.2281224561708382,False,0
3,2,Mario Lopez,10,False,7.0,9.0,16.0,False,0.09130434782608696,0.11714786010147843,0.20845220792756539,False,0
3,2,Monique Coleman,10,False,2.0,2.0,4.0,False,0.11304347826086956,0.10179562500555116,0.21483910326642072,False,0
3,2,Sara Evans,10,False,7.0,7.0,14.0,False,0.09130434782608696,0.1118482645485862,0.20315261237467314,False,0
3,2,Shanna Moakler,10,True,6.0,1.0,7.0,False,0.09565217391304348,0.011667153337640498,0.10731932725068398,True,-1
3,2,Vivica A. Fox,10,False,3.0,4.0,7.0,False,0.10434782608695652,0.10261467401295969,0.2069625000999162,False,0
3,2,Willa Ford,10,False,5.0,5.0,10.0,False,0.1,0.10635641191387611,0.2063564119138761,False,0
3,3,Emmitt Smith,9,False,9.0,9.0,18.0,True,0.09178743961352658,0.14006493040895457,0.23185237002248116,False,1
3,3,Harry Hamlin,9,True,4.0,1.0,5.0,False,0.10628019323671498,0.014504411138410696,0.12078460437512567,True,-1
3,3,Jerry Springer,9,False,8.0,8.0,16.0,False,0.10144927536231885,0.13073710582339976,0.2321863811857186,False,0
3,3,Joey Lawrence,9,False,4.0,5.0,9.0,False,0.10628019323671498,0.12431029788514009,0.23059049112185506,False,0
3,3,Mario Lopez,9,False,4.0,6.0,10.0,False,0.10628019323671498,0.12486681572099427,0.23114700895770923,False,0
3,3,Monique Coleman,9,False,1.0,2.0,3.0,False,0.13043478260869565,0.11250491578525632,0.24293969839395196,False,0
3,3,Sara Evans,9,False,3.0,4.0,7.0,False,0.12077294685990338,0.11470810069128962,0.23548104755119298,False,0
3,3,Vivica A. Fox,9,False,1.0,3.0,4.0,False,0.13043478260869565,0.11331807467492933,0.24375285728362497,False,0
3,3,Willa Ford,9,False,4.0,7.0,11.0,False,0.10628019323671498,0.12498534787162548,0.23126554110834047,False,0
3,4,Emmitt Smith,8,False,4.0,6.0,10.0,False,0.12121212121212122,0.1404619596688713,0.26167408088099253,False,0
3,4,Jerry Springer,8,False,7.0,7.0,14.0,False,0.1111111111111111,0.15478841088885537,0.26589952199996647,False,0
3,4,Joey Lawrence,8,False,3.0,4.0,7.0,False,0.13636363636363635,0.134023407001415,0.27038704336505137,False,0
3,4,Mario Lopez,8,False,1.0,3.0,4.0,False,0.14646464646464646,0.1281931820327765,0.27465782849742293,False,0
3,4,Monique Coleman,8,False,4.0,5.0,9.0,False,0.12121212121212122,0.13947501187355604,0.26068713308567726,False,0
3,4,Sara Evans,8,False,8.0,8.0,16.0,True,0.10101010101010101,0.16210934712818834,0.26311944813828936,False,1
3,4,Vivica A. Fox,8,True,4.0,1.0,5.0,False,0.12121212121212122,0.017658911594463176,0.1388710328065844,True,-1
3,4,Willa Ford,8,False,2.0,2.0,4.0,False,0.1414141414141414,0.12328976981187417,0.26470391122601555,False,0
3,5,Emmitt Smith,7,False,1.0,2.0,3.0,False,0.14917127071823205,0.15331667637334812,0.30248794709158017,False,0
3,5,Jerry Springer,7,False,6.0,7.0,13.0,True,0.13259668508287292,0.17673061411896487,0.30932729920183777,False,1
3,5,Joey Lawrence,7,False,5.0,4.0,9.0,False,0.13812154696132597,0.16177009077592752,0.29989163773725347,False,0
3,5,Mario Lopez,7,False,1.0,5.0,6.0,False,0.14917127071823205,0.16254459112349895,0.311715861841731,False,0
3,5,Monique Coleman,7,False,1.0,3.0,4.0,False,0.14917127071823205,0.15375274630168456,0.3029240170199166,False,0
3,5,Sara Evans,7,False,6.0,6.0,12.0,False,0.13259668508287292,0.17118131654738497,0.3037780016302579,False,0
3,5,Willa Ford,7,True,1.0,1.0,2.0,False,0.14917127071823205,0.020703964759191118,0.16987523547742317,True,-1
3,6,Emmitt Smith,5,False,2.0,5.0,7.0,True,0.211864406779661,0.20211103408730785,0.41397544086696886,False,1
3,6,Jerry Springer,5,False,5.0,1.0,6.0,False,0.15254237288135594,0.19779252718814416,0.3503349000695001,True,-1
3,6,Joey Lawrence,5,False,3.0,2.0,5.0,False,0.2033898305084746,0.19887619575545223,0.4022660262639268,False,0
3,6,Mario Lopez,5,False,1.0,4.0,5.0,False,0.23728813559322035,0.2008343900817165,0.4381225256749368,False,0
3,6,Monique Coleman,5,False,4.0,3.0,7.0,True,0.19491525423728814,0.2003858528873792,0.3953011071246674,False,1
3,7,Emmitt Smith,5,False,1.0,2.0,3.0,False,0.2111111111111111,0.23346257794221026,0.4445736890533214,False,0
3,7,Jerry Springer,5,True,5.0,1.0,6.0,False,0.17037037037037037,0.049165960592718244,0.2195363309630886,True,-1
3,7,Joey Lawrence,5,False,1.0,4.0,5.0,False,0.2111111111111111,0.23925461707359338,0.4503657281847045,False,0
3,7,Mario Lopez,5,False,3.0,3.0,6.0,False,0.2074074074074074,0.23618542607159465,0.443592833479002,False,0
3,7,Monique Coleman,5,False,4.0,5.0,9.0,True,0.2,0.24193141831988332,0.44193141831988336,False,1
3,8,Emmitt Smith,4,False,2.0,3.0,5.0,True,0.24770642201834864,0.3121207670359997,0.5598271890543484,False,1
3,8,Joey Lawrence,4,False,2.0,2.0,4.0,False,0.24770642201834864,0.30961661806077245,0.5573230400791211,False,0
3,8,Mario Lopez,4,False,1.0,4.0,5.0,True,0.26146788990825687,0.3125828036122793,0.5740506935205362,False,1
3,8,Monique Coleman,4,True,4.0,1.0,5.0,True,0.24311926605504589,0.06567981129094867,0.30879907734599454,True,0
3,9,Emmitt Smith,3,False,1.0,3.0,4.0,True,0.3333333333333333,0.3355718074157983,0.6689051407491315,False,1
3,9,Joey Lawrence,3,False,1.0,2.0,3.0,False,0.3333333333333333,0.33284584235177256,0.6661791756851059,False,0
3,9,Mario Lopez,3,False,1.0,1.0,2.0,False,0.3333333333333333,0.3315823502324291,0.6649156835657624,True,-1
3,10,Emmitt Smith,2,False,1.0,2.0,3.0,True,0.5,0.5009175001705655,1.0009175001705655,False,1
3,10,Mario Lopez,2,False,1.0,1.0,2.0,False,0.5,0.4990824998294345,0.9990824998294345,True,-1
4,1,Apolo Anton Ohno,11,False,3.0,9.0,12.0,False,0.10194174757281553,0.09143787467745984,0.19337962225027538,False,0
4,1,Billy Ray Cyrus,11,False,11.0,6.0,17.0,False,0.06310679611650485,0.09080850041056443,0.15391529652706928,True,-1
4,1,Clyde Drexler,11,False,9.0,2.0,11.0,False,0.07766990291262135,0.09014254842165745,0.1678124513342788,False,0
4,1,Heather Mills,11,False,7.0,4.0,11.0,False,0.08737864077669903,0.0902649320085102,0.17764357278520923,False,0
4,1,Ian Ziering,11,False,3.0,7.0,10.0,False,0.10194174757281553,0.09086622193498126,0.19280796950779677,False,0
4,1,Joey Fatone,11,False,1.0,1.0,2.0,False,0.11650485436893204,0.08957066262250453,0.20607551699143656,False,0
4,1,John Ratzenberger,11,False,8.0,5.0,13.0,False,0.0825242718446602,0.09061379623061,0.1731380680752702,False,0
4,1,Laila Ali,11,False,2.0,8.0,10.0,False,0.11165048543689321,0.09117545695316777,0.20282594239006096,False,0
4,1,Leeza Gibbons,11,False,10.0,11.0,21.0,True,0.07281553398058252,0.09289212964627612,0.16570766362685863,False,1
4,1,Paulina Porizkova,11,False,5.0,10.0,15.0,False,0.09223300970873786,0.09206794597091436,0.1843009556796522,False,0
4,1,Shandi Finnessey,11,False,5.0,3.0,8.0,False,0.09223300970873786,0.09015993112335403,0.1823929408320919,False,0
4,2,Apolo Anton Ohno,11,False,2.0,5.0,7.0,False,0.10612244897959183,0.09407929179262836,0.2002017407722202,False,0
4,2,Billy Ray Cyrus,11,False,6.0,8.0,14.0,False,0.08571428571428572,0.10085713403380227,0.186571419748088,False,0
4,2,Clyde Drexler,11,False,11.0,11.0,22.0,True,0.07346938775510205,0.11248061370473372,0.18595000145983576,False,1
4,2,Heather Mills,11,False,3.0,6.0,9.0,False,0.09795918367346938,0.09563543874770299,0.19359462242117237,False,0
4,2,Ian Ziering,11,False,5.0,4.0,9.0,False,0.08979591836734693,0.09341557223759275,0.1832114906049397,False,0
4,2,Joey Fatone,11,False,3.0,3.0,6.0,False,0.09795918367346938,0.09285784534354673,0.1908170290170161,False,0
4,2,John Ratzenberger,11,False,6.0,9.0,15.0,False,0.08571428571428572,0.10218757176480305,0.18790185747908877,False,0
4,2,Laila Ali,11,False,1.0,2.0,3.0,False,0.11020408163265306,0.08993471293349067,0.20013879456614375,False,0
4,2,Leeza Gibbons,11,False,6.0,7.0,13.0,False,0.08571428571428572,0.10084372312880775,0.18655800884309348,False,0
4,2,Paulina Porizkova,11,True,6.0,1.0,7.0,False,0.08571428571428572,0.010717397301025475,0.09643168301531119,True,-1
4,2,Shandi Finnessey,11,False,10.0,10.0,20.0,False,0.08163265306122448,0.10699069901186618,0.18862335207309067,False,0
4,3,Apolo Anton Ohno,10,False,5.0,6.0,11.0,False,0.10550458715596331,0.10626483673954573,0.21176942389550904,False,0
4,3,Billy Ray Cyrus,10,False,6.0,8.0,14.0,False,0.0963302752293578,0.11353871563120195,0.20986899086055977,False,0
4,3,Clyde Drexler,10,False,10.0,10.0,20.0,True,0.07339449541284404,0.13213560421061327,0.2055300996234573,False,1
4,3,Heather Mills,10,False,1.0,3.0,4.0,False,0.11009174311926606,0.10030507668479195,0.210396819804058,False,0
4,3,Ian Ziering,10,False,1.0,4.0,5.0,False,0.11009174311926606,0.10060830692090131,0.21070005004016737,False,0
4,3,Joey Fatone,10,False,1.0,5.0,6.0,False,0.11009174311926606,0.10374166363201727,0.21383340675128332,False,0
4,3,John Ratzenberger,10,False,9.0,9.0,18.0,False,0.09174311926605505,0.12290568955575988,0.21464880882181492,False,0
4,3,Laila Ali,10,False,6.0,7.0,13.0,False,0.0963302752293578,0.11158075981508826,0.20791103504444608,False,0
4,3,Leeza Gibbons,10,False,1.0,2.0,3.0,False,0.11009174311926606,0.09732901980064679,0.20742076291991285,False,0
4,3,Shandi Finnessey,10,True,6.0,1.0,7.0,False,0.0963302752293578,0.011590327009433543,0.10792060223879135,True,-1
4,4,Apolo Anton Ohno,9,False,2.0,2.0,4.0,False,0.1368421052631579,0.1125288449647633,0.24937095022792122,False,0
4,4,Billy Ray Cyrus,9,False,5.0,3.0,8.0,False,0.11052631578947368,0.11460302389888297,0.22512933968835663,False,0
4,4,Clyde Drexler,9,False,9.0,9.0,18.0,True,0.07894736842105263,0.13859509910109172,0.21754246752214434,False,1
4,4,Heather Mills,9,False,4.0,5.0,9.0,False,0.12105263157894737,0.11735277814194608,0.23840540972089347,False,0
4,4,Ian Ziering,9,False,3.0,6.0,9.0,False,0.12631578947368421,0.1211289646562485,0.24744475412993272,False,0
4,4,Joey Fatone,9,False,1.0,4.0,5.0,False,0.14736842105263157,0.1151436405318427,0.26251206158447427,False,0
4,4,John Ratzenberger,9,False,7.0,8.0,15.0,False,0.08421052631578947,0.13792023072782314,0.22213075704361263,False,0
4,4,Laila Ali,9,False,5.0,7.0,12.0,False,0.11052631578947368,0.12119299899524921,0.2317193147847229,False,0
4,4,Leeza Gibbons,9,True,7.0,1.0,8.0,False,0.08421052631578947,0.021534418982152324,0.10574494529794179,True,-1
4,5,Apolo Anton Ohno,8,False,1.0,3.0,4.0,False,0.17045454545454544,0.1342416624821181,0.3046962079366635,False,0
4,5,Billy Ray Cyrus,8,False,7.0,8.0,15.0,True,0.09659090909090909,0.1493969778826468,0.2459878869735559,False,1
4,5,Clyde Drexler,8,True,8.0,1.0,9.0,False,0.07386363636363637,0.03330141228849045,0.10716504865212681,True,-1
4,5,Heather Mills,8,False,5.0,6.0,11.0,False,0.11931818181818182,0.13906720416260235,0.2583853859807842,False,0
4,5,Ian Ziering,8,False,4.0,4.0,8.0,False,0.13636363636363635,0.13437360913182006,0.2707372454954564,False,0
4,5,Joey Fatone,8,False,3.0,5.0,8.0,False,0.14204545454545456,0.13482215243754953,0.27686760698300406,False,0
4,5,John Ratzenberger,8,False,6.0,7.0,13.0,False,0.10227272727272728,0.14295511359699212,0.24522784086971938,False,0
4,5,Laila Ali,8,False,2.0,2.0,4.0,False,0.1590909090909091,0.1318418680177807,0.2909327771086898,False,0
4,6,Apolo Anton Ohno,7,False,1.0,2.0,3.0,False,0.16470588235294117,0.14900649367570723,0.31371237602864843,False,0
4,6,Billy Ray Cyrus,7,False,6.0,6.0,12.0,False,0.12352941176470589,0.17552838222271666,0.29905779398742255,False,0
4,6,Heather Mills,7,True,5.0,1.0,6.0,False,0.13529411764705881,0.02394382986356023,0.15923794751061904,True,-1
4,6,Ian Ziering,7,False,4.0,5.0,9.0,False,0.1411764705882353,0.1556576529631285,0.2968341235513638,False,0
4,6,Joey Fatone,7,False,3.0,4.0,7.0,False,0.1588235294117647,0.15380942178633236,0.3126329511980971,False,0
4,6,John Ratzenberger,7,False,7.0,7.0,14.0,True,0.11176470588235295,0.1883166095984097,0.30008131548076267,False,1
4,6,Laila Ali,7,False,1.0,3.0,4.0,False,0.16470588235294117,0.15373760989014532,0.3184434922430865,False,0
4,7,Apolo Anton Ohno,6,False,3.0,5.0,8.0,False,0.17475728155339806,0.1889868026897884,0.3637440842431865,False,0
4,7,Billy Ray Cyrus,6,False,6.0,6.0,12.0,True,0.12297734627831715,0.23057472118141578,0.35355206745973294,False,1
4,7,Ian Ziering,6,False,3.0,4.0,7.0,False,0.17475728155339806,0.18525226553139165,0.3600095470847897,False,0
4,7,Joey Fatone,6,False,1.0,3.0,4.0,False,0.19093851132686085,0.18208498104117582,0.37302349236803667,False,0
4,7,John Ratzenberger,6,True,5.0,1.0,6.0,False,0.14563106796116504,0.03572833722179968,0.18135940518296473,True,-1
4,7,Laila Ali,6,False,1.0,2.0,3.0,False,0.19093851132686085,0.17737289233442863,0.36831140366128945,False,0
4,8,Apolo Anton Ohno,5,False,1.0,2.0,3.0,False,0.23107569721115537,0.23268633447451786,0.4637620316856732,False,0
4,8,Billy Ray Cyrus,5,True,5.0,1.0,6.0,False,0.15139442231075698,0.056135786755136426,0.2075302090658934,True,-1
4,8,Ian Ziering,5,False,4.0,5.0,9.0,True,0.18725099601593626,0.24266247715712327,0.4299134731730595,False,1
4,8,Joey Fatone,5,False,2.0,3.0,5.0,False,0.21912350597609562,0.2339144391333217,0.4530379451094173,False,0
4,8,Laila Ali,5,False,3.0,4.0,7.0,False,0.21115537848605578,0.2346009624799008,0.4457563409659566,False,0
4,9,Apolo Anton Ohno,4,False,3.0,4.0,7.0,True,0.2489451476793249,0.313326977545313,0.5622721252246379,False,1
4,9,Ian Ziering,4,True,4.0,1.0,5.0,False,0.24472573839662448,0.0637239769837885,0.308449715380413,True,-1
4,9,Joey Fatone,4,False,1.0,2.0,3.0,False,0.25316455696202533,0.3104149067197978,0.5635794636818232,False,0
4,9,Laila Ali,4,False,1.0,3.0,4.0,False,0.25316455696202533,0.3125341387511007,0.565698695713126,False,0
4,10,Apolo Anton Ohno,3,False,1.0,3.0,4.0,True,0.33976850076853665,0.3374695551735932,0.6772380559421298,False,1
4,10,Joey Fatone,3,False,2.0,2.0,4.0,True,0.3320460681848982,0.3345181692541187,0.6665642374390168,False,1
4,10,Laila Ali,3,False,3.0,1.0,4.0,True,0.3281854310465651,0.32801227557228807,0.6561977066188531,True,0
5,1,Albert Reed,12,False,5.0,7.0,12.0,False,0.08171206225680934,0.08925747002631171,0.17096953228312106,False,0
5,1,Cameron Mathison,12,False,5.0,9.0,14.0,False,0.08171206225680934,0.08963142035536142,0.17134348261217075,False,0
5,1,Floyd Mayweather Jr. ,12,False,11.0,12.0,23.0,True,0.07003891050583658,0.09615285021810503,0.1661917607239416,False,1
5,1,Helio Castroneves,12,False,2.0,2.0,4.0,False,0.09727626459143969,0.08713924583958187,0.18441551043102156,False,0
5,1,Jane Seymour,12,False,3.0,3.0,6.0,False,0.0933852140077821,0.0871895695759975,0.1805747835837796,False,0
5,1,Jennie Garth,12,False,5.0,5.0,10.0,False,0.08171206225680934,0.08831336459559132,0.17002542685240066,False,0
5,1,Josie Maran,12,True,12.0,1.0,13.0,False,0.0622568093385214,0.01435539614951762,0.07661220548803901,True,-1
5,1,Marie Osmond,12,False,5.0,6.0,11.0,False,0.08171206225680934,0.08918027225393282,0.17089233451074215,False,0
5,1,Mark Cuban,12,False,5.0,10.0,15.0,False,0.08171206225680934,0.09011417107772428,0.17182623333453362,False,0
5,1,Mel B,12,False,3.0,4.0,7.0,False,0.0933852140077821,0.08750753060129822,0.18089274460908034,False,0
5,1,Sabrina Bryan,12,False,1.0,8.0,9.0,False,0.10116731517509728,0.0895367442772449,0.19070405945234217,False,0
5,1,Wayne Newton,12,False,10.0,11.0,21.0,False,0.07392996108949416,0.09162196502933333,0.1655519261188275,False,0
5,2,Albert Reed,11,True,5.0,1.0,6.0,False,0.08823529411764706,0.009807220118733724,0.09804251423638079,True,-1
5,2,Cameron Mathison,11,False,5.0,8.0,13.0,False,0.08823529411764706,0.09953691932337988,0.18777221344102696,False,0
5,2,Floyd Mayweather Jr. ,11,False,5.0,7.0,12.0,False,0.08823529411764706,0.09865633473899033,0.1868916288566374,False,0
5,2,Helio Castroneves,11,False,1.0,2.0,3.0,False,0.1134453781512605,0.08622509168443537,0.19967046983569586,False,0
5,2,Jane Seymour,11,False,5.0,5.0,10.0,False,0.08823529411764706,0.09324733861343742,0.1814826327310845,False,0
5,2,Jennie Garth,11,False,5.0,9.0,14.0,False,0.08823529411764706,0.102500744679988,0.19073603879763507,False,0
5,2,Marie Osmond,11,False,3.0,3.0,6.0,False,0.10084033613445378,0.09131526767356708,0.19215560380802088,False,0
5,2,Mark Cuban,11,False,10.0,10.0,20.0,False,0.07563025210084033,0.11105674291787049,0.18668699501871083,False,0
5,2,Mel B,11,False,4.0,6.0,10.0,False,0.09663865546218488,0.0935838958892305,0.19022255135141536,False,0
5,2,Sabrina Bryan,11,False,2.0,4.0,6.0,False,0.1092436974789916,0.09225625306658855,0.20149995054558015,False,0
5,2,Wayne Newton,11,False,11.0,11.0,22.0,True,0.06302521008403361,0.1218141912937786,0.1848394013778122,False,1
5,3,Cameron Mathison,10,False,7.0,8.0,15.0,False,0.09623430962343096,0.11076896154868791,0.20700327117211886,False,0
5,3,Floyd Mayweather Jr. ,10,False,8.0,9.0,17.0,False,0.08786610878661087,0.11266733200220919,0.20053344078882007,False,0
5,3,Helio Castroneves,10,False,6.0,2.0,8.0,False,0.100418410041841,0.10342870567807352,0.20384711571991454,False,0
5,3,Jane Seymour,10,False,1.0,5.0,6.0,False,0.11297071129707113,0.10736207344493494,0.22033278474200607,False,0
5,3,Jennie Garth,10,False,4.0,7.0,11.0,False,0.1087866108786611,0.10907146146031056,0.21785807233897164,False,0
5,3,Marie Osmond,10,False,4.0,6.0,10.0,False,0.1087866108786611,0.10744065760056219,0.2162272684792233,False,0
5,3,Mark Cuban,10,False,9.0,10.0,19.0,True,0.08368200836820083,0.11798366389465478,0.20166567226285562,False,1
5,3,Mel B,10,False,1.0,4.0,5.0,False,0.11297071129707113,0.10620027074024203,0.21917098203731317,False,0
5,3,Sabrina Bryan,10,False,1.0,3.0,4.0,False,0.11297071129707113,0.10574905416127044,0.21871976545834157,False,0
5,3,Wayne Newton,10,True,10.0,1.0,11.0,False,0.07531380753138076,0.01932781946905431,0.09464162700043506,True,-1
5,4,Cameron Mathison,9,False,2.0,7.0,9.0,False,0.11538461538461539,0.12431122490719151,0.2396958402918069,False,0
5,4,Floyd Mayweather Jr. ,9,True,8.0,1.0,9.0,False,0.09829059829059829,0.016087935364299408,0.1143785336548977,True,-1
5,4,Helio Castroneves,9,False,2.0,4.0,6.0,False,0.11538461538461539,0.11966773755265564,0.23505235293727103,False,0
5,4,Jane Seymour,9,False,5.0,3.0,8.0,False,0.1111111111111111,0.11877740071486484,0.22988851182597594,False,0
5,4,Jennie Garth,9,False,2.0,5.0,7.0,False,0.11538461538461539,0.12114487270360104,0.23652948808821644,False,0
5,4,Marie Osmond,9,False,5.0,6.0,11.0,False,0.1111111111111111,0.12254956290928691,0.23366067402039803,False,0
5,4,Mark Cuban,9,False,9.0,9.0,18.0,True,0.09401709401709402,0.1349167917144705,0.2289338857315645,False,1
5,4,Mel B,9,False,5.0,8.0,13.0,False,0.1111111111111111,0.12431434341100225,0.23542545452211336,False,0
5,4,Sabrina Bryan,9,False,1.0,2.0,3.0,False,0.1282051282051282,0.11823013072262781,0.246435258927756,False,0
5,5,Cameron Mathison,8,False,3.0,6.0,9.0,False,0.1306532663316583,0.1393233307779157,0.269976597109574,False,0
5,5,Helio Castroneves,8,False,6.0,7.0,13.0,False,0.11557788944723618,0.14593236244604874,0.2615102518932849,False,0
5,5,Jane Seymour,8,False,3.0,4.0,7.0,False,0.1306532663316583,0.13745259153894257,0.26810585787060087,False,0
5,5,Jennie Garth,8,False,5.0,5.0,10.0,False,0.12562814070351758,0.13866460583484044,0.264292746538358,False,0
5,5,Marie Osmond,8,False,7.0,8.0,15.0,True,0.10552763819095477,0.1481008786404932,0.253628516831448,False,1
5,5,Mark Cuban,8,True,7.0,1.0,8.0,False,0.10552763819095477,0.022778656010276552,0.12830629420123132,True,-1
5,5,Mel B,8,False,1.0,3.0,4.0,False,0.1457286432160804,0.13492581863200367,0.28065446184808407,False,0
5,5,Sabrina Bryan,8,False,2.0,2.0,4.0,False,0.1407035175879397,0.1328217561194791,0.2735252737074188,False,0
5,6,Cameron Mathison,7,False,4.0,5.0,9.0,False,0.1388888888888889,0.16490003897352495,0.30378892786241385,False,0
5,6,Helio Castroneves,7,False,2.0,3.0,5.0,False,0.15555555555555556,0.15301317376705884,0.30856872932261437,False,0
5,6,Jane Seymour,7,False,7.0,7.0,14.0,True,0.12222222222222222,0.17873725411559266,0.3009594763378149,False,1
5,6,Jennie Garth,7,False,3.0,4.0,7.0,False,0.15,0.16007266682354998,0.31007266682354995,False,0
5,6,Marie Osmond,7,False,6.0,6.0,12.0,False,0.12777777777777777,0.17250429568988399,0.3002820734676618,False,0
5,6,Mel B,7,False,1.0,2.0,3.0,False,0.16666666666666666,0.147935427342718,0.31460209400938466,False,0
5,6,Sabrina Bryan,7,True,4.0,1.0,5.0,False,0.1388888888888889,0.022837143287671603,0.1617260321765605,True,-1
5,7,Cameron Mathison,6,False,5.0,5.0,10.0,True,0.16346153846153846,0.1978740758030976,0.36133561426463606,False,1
5,7,Helio Castroneves,6,False,3.0,6.0,9.0,False,0.16666666666666666,0.1991443003374652,0.36581096700413185,False,0
5,7,Jane Seymour,6,True,6.0,1.0,7.0,False,0.16025641025641027,0.028994775172381578,0.18925118542879185,True,-1
5,7,Jennie Garth,6,False,2.0,4.0,6.0,False,0.16987179487179488,0.19363576018183742,0.3635075550536323,False,0
5,7,Marie Osmond,6,False,3.0,3.0,6.0,False,0.16666666666666666,0.1917848607016272,0.3584515273682939,False,0
5,7,Mel B,6,False,1.0,2.0,3.0,False,0.17307692307692307,0.18856622780359092,0.361643150880514,False,0
5,8,Cameron Mathison,5,True,3.0,1.0,4.0,False,0.19391634980988592,0.0417723005571725,0.23568865036705844,True,-1
5,8,Helio Castroneves,5,False,1.0,2.0,3.0,False,0.21673003802281368,0.22711135079844186,0.44384138882125557,False,0
5,8,Jennie Garth,5,False,4.0,5.0,9.0,True,0.19011406844106463,0.25005858024162847,0.4401726486826931,False,1
5,8,Marie Osmond,5,False,5.0,4.0,9.0,True,0.18631178707224336,0.24735198654830706,0.4336637736205504,False,1
5,8,Mel B,5,False,2.0,3.0,5.0,False,0.21292775665399238,0.2337057818544501,0.44663353850844245,False,0
5,9,Helio Castroneves,4,False,1.0,2.0,3.0,False,0.2564102564102564,0.29876660540058253,0.5551768618108389,False,0
5,9,Jennie Garth,4,True,3.0,1.0,4.0,False,0.24786324786324787,0.06174576851853485,0.30960901638178273,True,-1
5,9,Marie Osmond,4,False,4.0,4.0,8.0,True,0.23931623931623933,0.3270104594187363,0.5663266987349757,False,1
5,9,Mel B,4,False,1.0,3.0,4.0,False,0.2564102564102564,0.3124771666621463,0.5688874230724027,False,0
5,10,Helio Castroneves,3,False,2.0,3.0,5.0,True,0.35294095402801606,0.33427755216563865,0.6872185061936547,False,1
5,10,Marie Osmond,3,False,3.0,1.0,4.0,False,0.2899168190830813,0.3319184380633955,0.6218352571464768,True,-1
5,10,Mel B,3,False,1.0,2.0,3.0,False,0.3571422268889026,0.3338040097709659,0.6909462366598685,False,0
6,1,Adam Carolla,12,False,11.0,12.0,23.0,True,0.06172839506172839,0.08482569302502646,0.14655408808675485,False,1
6,1,Cristian de la Fuente,12,False,6.0,4.0,10.0,False,0.08641975308641975,0.08266745344576068,0.16908720653218043,False,0
6,1,Jason Taylor,12,False,4.0,6.0,10.0,False,0.09053497942386832,0.08328549185382139,0.1738204712776897,False,0
6,1,Kristi Yamaguchi,12,False,1.0,8.0,9.0,False,0.1111111111111111,0.08344045989876336,0.19455157100987447,False,0
6,1,Mario,12,False,2.0,2.0,4.0,False,0.09876543209876543,0.08236645452373625,0.18113188662250168,False,0
6,1,Marissa Jaret Winokur,12,False,8.0,10.0,18.0,False,0.07407407407407407,0.08409775031767347,0.15817182439174754,False,0
6,1,Marlee Matlin,12,False,4.0,1.0,5.0,False,0.09053497942386832,0.0822784750043315,0.17281345442819981,False,0
6,1,Monica Seles,12,False,11.0,5.0,16.0,False,0.06172839506172839,0.08296362927179052,0.1446920243335189,True,-1
6,1,Penn Jillette,12,False,10.0,9.0,19.0,False,0.06584362139917696,0.08403332945290161,0.14987695085207858,False,0
6,1,Priscilla Presley,12,False,2.0,7.0,9.0,False,0.09876543209876543,0.08337958443034257,0.182145016529108,False,0
6,1,Shannon Elizabeth,12,False,6.0,3.0,9.0,False,0.08641975308641975,0.08254632921151145,0.1689660822979312,False,0
6,1,Steve Guttenberg,12,False,8.0,11.0,19.0,False,0.07407407407407407,0.08411534956434054,0.1581894236384146,False,0
6,2,Adam Carolla,12,False,9.0,11.0,20.0,False,0.07392996108949416,0.10620114158118003,0.1801311026706742,False,0
6,2,Cristian de la Fuente,12,False,8.0,9.0,17.0,False,0.07782101167315175,0.09778826788204403,0.17560927955519579,False,0
6,2,Jason Taylor,12,False,1.0,3.0,4.0,False,0.10505836575875487,0.08776643732990048,0.19282480308865535,False,0
6,2,Kristi Yamaguchi,12,False,1.0,4.0,5.0,False,0.10505836575875487,0.08784889179344665,0.1929072575522015,False,0
6,2,Mario,12,False,3.0,6.0,9.0,False,0.10116731517509728,0.0950414655114154,0.19620878068651268,False,0
6,2,Marissa Jaret Winokur,12,False,6.0,10.0,16.0,False,0.08171206225680934,0.09808574579294108,0.17979780804975043,False,0
6,2,Marlee Matlin,12,False,4.0,7.0,11.0,False,0.0933852140077821,0.09554986281157037,0.18893507681935245,False,0
6,2,Monica Seles,12,True,12.0,2.0,14.0,False,0.058365758754863814,0.019476145115832698,0.0778419038706965,True,-1
6,2,Penn Jillette,12,True,10.0,1.0,11.0,False,0.06614785992217899,0.01520609975207581,0.0813539596742548,False,0
6,2,Priscilla Presley,12,False,6.0,8.0,14.0,False,0.08171206225680934,0.09664143594606925,0.1783534982028786,False,0
6,2,Shannon Elizabeth,12,False,4.0,5.0,9.0,False,0.0933852140077821,0.08928005919197776,0.18266527319975986,False,0
6,2,Steve Guttenberg,12,False,11.0,12.0,23.0,True,0.0622568093385214,0.11111444729154638,0.17337125663006778,False,1
6,3,Adam Carolla,10,False,6.0,8.0,14.0,False,0.09210526315789473,0.1133552381592792,0.20546050131717392,False,0
6,3,Cristian de la Fuente,10,False,3.0,5.0,8.0,False,0.10964912280701754,0.10564706923183684,0.21529619203885436,False,0
6,3,Jason Taylor,10,False,5.0,3.0,8.0,False,0.10087719298245613,0.10421071418520932,0.20508790716766545,False,0
6,3,Kristi Yamaguchi,10,False,1.0,2.0,3.0,False,0.11842105263157894,0.10173942507536969,0.22016047770694863,False,0
6,3,Mario,10,False,6.0,7.0,13.0,False,0.09210526315789473,0.11090586235992392,0.20301112551781864,False,0
6,3,Marissa Jaret Winokur,10,False,10.0,10.0,20.0,True,0.08333333333333333,0.1230074929013652,0.20634082623469852,False,1
6,3,Marlee Matlin,10,False,6.0,9.0,15.0,False,0.09210526315789473,0.11380464946385253,0.20590991262174727,False,0
6,3,Priscilla Presley,10,False,2.0,4.0,6.0,False,0.11403508771929824,0.10493944232571746,0.21897453004501571,False,0
6,3,Shannon Elizabeth,10,False,4.0,6.0,10.0,False,0.10526315789473684,0.1096693636405964,0.21493252153533324,False,0
6,3,Steve Guttenberg,10,True,6.0,1.0,7.0,False,0.09210526315789473,0.012720742656849481,0.10482600581474422,True,-1
6,4,Adam Carolla,9,True,9.0,1.0,10.0,False,0.08444444444444445,0.02174918397525318,0.10619362841969762,True,-1
6,4,Cristian de la Fuente,9,False,4.0,4.0,8.0,False,0.11555555555555555,0.12010420717078503,0.2356597627263406,False,0
6,4,Jason Taylor,9,False,1.0,5.0,6.0,False,0.1288888888888889,0.12083256724409001,0.24972145613297891,False,0
6,4,Kristi Yamaguchi,9,False,1.0,3.0,4.0,False,0.1288888888888889,0.11774124324266945,0.24663013213155832,False,0
6,4,Mario,9,False,5.0,7.0,12.0,False,0.10666666666666667,0.12387238601215228,0.23053905267881897,False,0
6,4,Marissa Jaret Winokur,9,False,5.0,6.0,11.0,False,0.10666666666666667,0.12232013000552111,0.2289867966721878,False,0
6,4,Marlee Matlin,9,False,5.0,8.0,13.0,False,0.10666666666666667,0.12690411442229402,0.23357078108896068,False,0
6,4,Priscilla Presley,9,False,8.0,9.0,17.0,True,0.09777777777777778,0.12997596808014097,0.22775374585791874,False,1
6,4,Shannon Elizabeth,9,False,3.0,2.0,5.0,False,0.12444444444444444,0.116500199847094,0.24094464429153845,False,0
6,5,Cristian de la Fuente,8,False,5.0,8.0,13.0,False,0.11734693877551021,0.14828082233643966,0.26562776111194986,False,0
6,5,Jason Taylor,8,False,2.0,3.0,5.0,False,0.1377551020408163,0.1329877868021203,0.2707428888429366,False,0
6,5,Kristi Yamaguchi,8,False,1.0,2.0,3.0,False,0.14795918367346939,0.13022583416558856,0.2781850178390579,False,0
6,5,Mario,8,False,2.0,4.0,6.0,False,0.1377551020408163,0.1349356775098134,0.2726907795506297,False,0
6,5,Marissa Jaret Winokur,8,False,4.0,5.0,9.0,False,0.12244897959183673,0.14211122039566976,0.26456019998750646,False,0
6,5,Marlee Matlin,8,False,7.0,7.0,14.0,True,0.11224489795918367,0.1451656878055639,0.25741058576474757,False,1
6,5,Priscilla Presley,8,True,8.0,1.0,9.0,False,0.10714285714285714,0.02160483979914257,0.1287476969419997,True,-1
6,5,Shannon Elizabeth,8,False,5.0,6.0,11.0,False,0.11734693877551021,0.14468813118566196,0.26203506996117215,False,0
6,6,Cristian de la Fuente,7,False,3.0,3.0,6.0,False,0.15,0.15942662881660274,0.30942662881660277,False,0
6,6,Jason Taylor,7,False,5.0,7.0,12.0,True,0.13333333333333333,0.167623001865352,0.30095633519868537,False,1
6,6,Kristi Yamaguchi,7,False,1.0,2.0,3.0,False,0.16666666666666666,0.15802524714653615,0.32469191381320284,False,0
6,6,Mario,7,False,2.0,4.0,6.0,False,0.15555555555555556,0.1603994934482248,0.31595504900378035,False,0
6,6,Marissa Jaret Winokur,7,False,4.0,5.0,9.0,False,0.14444444444444443,0.16185953781303017,0.30630398225747457,False,0
6,6,Marlee Matlin,7,True,7.0,1.0,8.0,False,0.11666666666666667,0.029036934118967885,0.14570360078563455,True,-1
6,6,Shannon Elizabeth,7,False,5.0,6.0,11.0,False,0.13333333333333333,0.16362915679128637,0.2969624901246197,False,0
6,7,Cristian de la Fuente,6,False,6.0,6.0,12.0,True,0.1488673139158576,0.20935980731585238,0.35822712123170997,False,1
6,7,Jason Taylor,6,False,1.0,2.0,3.0,False,0.1779935275080906,0.18490386699556166,0.36289739450365227,False,0
6,7,Kristi Yamaguchi,6,False,2.0,4.0,6.0,False,0.17475728155339806,0.19082796117347547,0.36558524272687354,False,0
6,7,Mario,6,False,4.0,3.0,7.0,False,0.1650485436893204,0.18976182937970068,0.3548103730690211,False,0
6,7,Marissa Jaret Winokur,6,False,3.0,5.0,8.0,False,0.16828478964401294,0.1967180175900614,0.36500280723407436,False,0
6,7,Shannon Elizabeth,6,True,4.0,1.0,5.0,False,0.1650485436893204,0.028428517545348433,0.19347706123466885,True,-1
6,8,Cristian de la Fuente,5,False,1.0,3.0,4.0,False,0.21348314606741572,0.2337632564862315,0.4472464025536472,False,0
6,8,Jason Taylor,5,False,4.0,4.0,8.0,False,0.1947565543071161,0.24663335412861984,0.44138990843573594,False,0
6,8,Kristi Yamaguchi,5,False,2.0,2.0,4.0,False,0.20599250936329588,0.2309606118764829,0.4369531212397788,False,0
6,8,Mario,5,True,3.0,1.0,4.0,False,0.19850187265917604,0.04133146865365547,0.23983334131283152,True,-1
6,8,Marissa Jaret Winokur,5,False,5.0,5.0,10.0,True,0.18726591760299627,0.24731130885501032,0.43457722645800656,False,1
6,9,Cristian de la Fuente,4,False,2.0,3.0,5.0,False,0.2545454545454545,0.31316939655097475,0.5677148510964293,False,0
6,9,Jason Taylor,4,False,3.0,4.0,7.0,True,0.25,0.3153864314749333,0.5653864314749333,False,1
6,9,Kristi Yamaguchi,4,False,1.0,2.0,3.0,False,0.2590909090909091,0.30501724759009846,0.5641081566810076,False,0
6,9,Marissa Jaret Winokur,4,True,4.0,1.0,5.0,False,0.23636363636363636,0.06642692438399354,0.3027905607476299,True,-1
6,10,Cristian de la Fuente,3,False,3.0,3.0,6.0,True,0.3076923076923077,0.3350501671311673,0.642742474823475,True,0
6,10,Jason Taylor,3,False,2.0,2.0,4.0,False,0.33727810650887574,0.3336858441001624,0.6709639506090381,False,0
6,10,Kristi Yamaguchi,3,False,1.0,1.0,2.0,False,0.35502958579881655,0.3312639887686704,0.686293574567487,False,0
7,1,Brooke Burke,13,False,1.0,4.0,5.0,False,0.09722222222222222,0.07818300974093688,0.1754052319631591,False,0
7,1,Cloris Leachman,13,False,12.0,12.0,24.0,True,0.06349206349206349,0.10416665411835319,0.16765871761041667,False,1
7,1,Cody Linley,13,False,6.0,7.0,13.0,False,0.08134920634920635,0.08566174146179656,0.1670109478110029,False,0
7,1,Jeffrey Ross,13,True,13.0,2.0,15.0,False,0.047619047619047616,0.02120800183789522,0.06882704945694283,True,-1
7,1,Kim Kardashian,13,False,8.0,10.0,18.0,False,0.07341269841269842,0.09088997998359759,0.164302678396296,False,0
7,1,Lance Bass,13,False,3.0,6.0,9.0,False,0.08531746031746032,0.07926282096084053,0.16458028127830085,False,0
7,1,Maurice Greene,13,False,7.0,8.0,15.0,False,0.07738095238095238,0.08769833424032746,0.16507928662127985,False,0
7,1,Misty May-Treanor,13,False,5.0,9.0,14.0,False,0.08333333333333333,0.08798832760549774,0.17132166093883106,False,0
7,1,Rocco DiSpirito,13,False,11.0,13.0,24.0,True,0.06944444444444445,0.10452205494615577,0.17396649939060022,False,1
7,1,Susan Lucci,13,False,8.0,11.0,19.0,False,0.07341269841269842,0.09313412298165033,0.16654682139434873,False,0
7,1,Ted McGinley,13,True,8.0,1.0,9.0,False,0.07341269841269842,0.00998794884898157,0.08340064726167999,False,0
7,1,Toni Braxton,13,False,2.0,3.0,5.0,False,0.08928571428571429,0.07808582041878322,0.1673715347044975,False,0
7,1,Warren Sapp,13,False,3.0,5.0,8.0,False,0.08531746031746032,0.079211182855184,0.16452864317264432,False,0
7,2,Brooke Burke,11,False,1.0,5.0,6.0,False,0.1085972850678733,0.09399172396399164,0.20258900903186494,False,0
7,2,Cloris Leachman,11,False,11.0,11.0,22.0,True,0.06787330316742081,0.11594098213927122,0.18381428530669203,False,1
7,2,Cody Linley,11,False,4.0,7.0,11.0,False,0.09502262443438914,0.09614626580075133,0.19116889023514047,False,0
7,2,Kim Kardashian,11,True,9.0,1.0,10.0,False,0.07692307692307693,0.013550190414563696,0.09047326733764062,True,-1
7,2,Lance Bass,11,False,7.0,3.0,10.0,False,0.09049773755656108,0.09208992450194865,0.18258766205850974,False,0
7,2,Maurice Greene,11,False,8.0,9.0,17.0,False,0.08597285067873303,0.09958991262156154,0.1855627633002946,False,0
7,2,Misty May-Treanor,11,False,4.0,6.0,10.0,False,0.09502262443438914,0.0959023422359401,0.19092496667032924,False,0
7,2,Rocco DiSpirito,11,False,10.0,10.0,20.0,False,0.07239819004524888,0.11128030408047998,0.18367849412572884,False,0
7,2,Susan Lucci,11,False,4.0,8.0,12.0,False,0.09502262443438914,0.09680705321236932,0.19182967764675846,False,0
7,2,Toni Braxton,11,False,3.0,4.0,7.0,False,0.10407239819004525,0.09362148249967472,0.19769388068972,False,0
7,2,Warren Sapp,11,False,1.0,2.0,3.0,False,0.1085972850678733,0.09107981852944777,0.19967710359732108,False,0
7,3,Brooke Burke,9,False,1.0,7.0,8.0,False,0.1407035175879397,0.11165823725270459,0.25236175484064427,False,0
7,3,Cloris Leachman,9,False,9.0,1.0,10.0,False,0.08040201005025126,0.11015464381414494,0.19055665386439619,True,-1
7,3,Cody Linley,9,False,6.0,2.0,8.0,False,0.10552763819095477,0.11034221694055497,0.21586985513150975,False,0
7,3,Lance Bass,9,False,4.0,8.0,12.0,False,0.11055276381909548,0.11187796482395924,0.22243072864305474,False,0
7,3,Maurice Greene,9,False,3.0,3.0,6.0,False,0.12060301507537688,0.11046009924445144,0.23106311431982832,False,0
7,3,Rocco DiSpirito,9,False,8.0,5.0,13.0,False,0.10050251256281408,0.11122255193534941,0.21172506449816347,False,0
7,3,Susan Lucci,9,False,6.0,9.0,15.0,True,0.10552763819095477,0.11203590480886426,0.21756354299981903,False,1
7,3,Toni Braxton,9,False,4.0,4.0,8.0,False,0.11055276381909548,0.11070348011926326,0.22125624393835874,False,0
7,3,Warren Sapp,9,False,2.0,6.0,8.0,False,0.12562814070351758,0.1115449010607077,0.23717304176422527,False,0
7,4,Brooke Burke,9,False,1.0,6.0,7.0,False,0.12807881773399016,0.1222155525962664,0.2502943703302566,False,0
7,4,Cloris Leachman,9,False,5.0,8.0,13.0,False,0.10837438423645321,0.12531056958146433,0.23368495381791754,False,0
7,4,Cody Linley,9,False,4.0,4.0,8.0,False,0.11330049261083744,0.12049739250160099,0.23379788511243843,False,0
7,4,Lance Bass,9,False,1.0,2.0,3.0,False,0.12807881773399016,0.11839204276923306,0.2464708605032232,False,0
7,4,Maurice Greene,9,False,8.0,9.0,17.0,True,0.09852216748768473,0.12869061451527344,0.2272127820029582,False,1
7,4,Rocco DiSpirito,9,True,9.0,1.0,10.0,False,0.08866995073891626,0.02011086931072357,0.10878082004963982,True,-1
7,4,Susan Lucci,9,False,3.0,3.0,6.0,False,0.11822660098522167,0.11993262219777936,0.23815922318300103,False,0
7,4,Toni Braxton,9,False,5.0,7.0,12.0,False,0.10837438423645321,0.12333204479432769,0.2317064290307809,False,0
7,4,Warren Sapp,9,False,5.0,5.0,10.0,False,0.10837438423645321,0.12151829173333123,0.22989267596978444,False,0
7,5,Brooke Burke,8,False,1.0,2.0,3.0,False,0.14871794871794872,0.12649978019322458,0.2752177289111733,False,0
7,5,Cloris Leachman,8,False,7.0,7.0,14.0,False,0.1076923076923077,0.15101121783999474,0.25870352553230247,False,0
7,5,Cody Linley,8,False,2.0,4.0,6.0,False,0.14358974358974358,0.13438954750118923,0.2779792910909328,False,0
7,5,Lance Bass,8,False,7.0,8.0,15.0,True,0.1076923076923077,0.15124395828330836,0.25893626597561603,False,1
7,5,Maurice Greene,8,False,3.0,3.0,6.0,False,0.13846153846153847,0.13074188180086113,0.26920342026239963,False,0
7,5,Susan Lucci,8,False,5.0,6.0,11.0,False,0.11282051282051282,0.14897249412477048,0.2617930069452833,False,0
7,5,Toni Braxton,8,True,5.0,1.0,6.0,False,0.11282051282051282,0.020502741731132243,0.13332325455164507,True,-1
7,5,Warren Sapp,8,False,4.0,5.0,9.0,False,0.1282051282051282,0.1366383785255193,0.2648435067306475,False,0
7,6,Brooke Burke,7,False,2.0,2.0,4.0,False,0.1625,0.1527298508239625,0.3152298508239625,False,0
7,6,Cloris Leachman,7,True,7.0,1.0,8.0,False,0.09375,0.03960610672068699,0.13335610672068698,True,-1
7,6,Cody Linley,7,False,4.0,5.0,9.0,False,0.14375,0.1614266691401798,0.3051766691401798,False,0
7,6,Lance Bass,7,False,1.0,3.0,4.0,False,0.16875,0.15605178234567896,0.32480178234567897,False,0
7,6,Maurice Greene,7,False,6.0,7.0,13.0,True,0.13125,0.1673906725458356,0.2986406725458356,False,1
7,6,Susan Lucci,7,False,4.0,6.0,10.0,False,0.14375,0.16241941227810341,0.3061694122781034,False,0
7,6,Warren Sapp,7,False,3.0,4.0,7.0,False,0.15625,0.1603755061455528,0.3166255061455528,False,0
7,7,Brooke Burke,6,False,1.0,2.0,3.0,False,0.20408163265306123,0.169898463236749,0.37398009588981024,False,0
7,7,Cody Linley,6,False,5.0,5.0,10.0,False,0.14965986394557823,0.2110839285123603,0.36074379245793853,False,0
7,7,Lance Bass,6,False,2.0,4.0,6.0,False,0.17006802721088435,0.19407248172463543,0.36414050893551975,False,0
7,7,Maurice Greene,6,False,2.0,3.0,5.0,False,0.17006802721088435,0.18256006849956916,0.3526280957104535,False,0
7,7,Susan Lucci,6,True,4.0,1.0,5.0,False,0.16326530612244897,0.030014442867892847,0.1932797489903418,True,-1
7,7,Warren Sapp,6,False,6.0,6.0,12.0,True,0.14285714285714285,0.2123706151587933,0.35522775801593615,False,1
7,8,Brooke Burke,5,False,1.0,2.0,3.0,False,0.21568627450980393,0.2276508484536697,0.4433371229634736,False,0
7,8,Cody Linley,5,False,4.0,5.0,9.0,True,0.18823529411764706,0.25412727875445074,0.4423625728720978,False,1
7,8,Lance Bass,5,False,3.0,4.0,7.0,False,0.19607843137254902,0.23958222453804315,0.43566065591059216,False,0
7,8,Maurice Greene,5,True,4.0,1.0,5.0,False,0.18823529411764706,0.04387343504390164,0.2321087291615487,True,-1
7,8,Warren Sapp,5,False,2.0,3.0,5.0,False,0.21176470588235294,0.2347662132099348,0.4465309190922877,False,0
7,9,Brooke Burke,4,False,2.0,4.0,6.0,True,0.24378109452736318,0.3209634128687812,0.5647445073961443,False,1
7,9,Cody Linley,4,True,4.0,1.0,5.0,False,0.22885572139303484,0.0692583283939347,0.29811404978696954,True,-1
7,9,Lance Bass,4,False,1.0,2.0,3.0,False,0.2835820895522388,0.2920463123574435,0.5756284019096822,False,0
7,9,Warren Sapp,4,False,2.0,3.0,5.0,False,0.24378109452736318,0.31773194637984065,0.5615130409072038,False,0
7,10,Brooke Burke,3,False,1.0,3.0,4.0,True,0.35294117647058826,0.33584025923989425,0.6887814357104824,False,1
7,10,Lance Bass,3,False,2.0,1.0,3.0,False,0.3235294117647059,0.33110073538219204,0.6546301471468979,True,-1
7,10,Warren Sapp,3,False,2.0,2.0,4.0,True,0.3235294117647059,0.3330590053779139,0.6565884171426197,False,1
8,1,Belinda Carlisle,13,False,9.0,13.0,22.0,True,0.06995884773662552,0.07794973934440372,0.14790858708102922,False,1
8,1,Chuck Wicks,13,False,5.0,6.0,11.0,False,0.0823045267489712,0.07650330596804225,0.15880783271701343,False,0
8,1,David Alan Grier,13,False,6.0,1.0,7.0,False,0.07818930041152264,0.0756067830242764,0.15379608343579904,False,0
8,1,Denise Richards,13,False,7.0,4.0,11.0,False,0.07407407407407407,0.07637293840754762,0.15044701248162168,False,0
8,1,Gilles Marini,13,False,1.0,11.0,12.0,False,0.09876543209876543,0.07786325842302692,0.17662869052179236,False,0
8,1,Holly Madison,13,False,7.0,8.0,15.0,False,0.07407407407407407,0.07690388071617194,0.150977954790246,False,0
8,1,Lawrence Taylor,13,False,11.0,3.0,14.0,False,0.06584362139917696,0.07619015565306314,0.1420337770522401,False,0
8,1,Lil' Kim,13,False,4.0,12.0,16.0,False,0.08641975308641975,0.07793892782743841,0.16435868091385816,False,0
8,1,Melissa Rycroft,13,False,2.0,2.0,4.0,False,0.09465020576131687,0.07608152890713671,0.1707317346684536,False,0
8,1,Shawn Johnson,13,False,2.0,5.0,7.0,False,0.09465020576131687,0.07646231533718954,0.17111252109850641,False,0
8,1,Steve Wozniak,13,False,13.0,7.0,20.0,False,0.053497942386831275,0.07672717674930764,0.1302251191361389,True,-1
8,1,Steve-O,13,False,9.0,9.0,18.0,False,0.06995884773662552,0.077595058550573,0.1475539062871985,False,0
8,1,Ty Murray,13,False,12.0,10.0,22.0,True,0.05761316872427984,0.07780493109182277,0.1354180998161026,False,1
8,2,Belinda Carlisle,13,True,9.0,1.0,10.0,False,0.06792452830188679,0.00870748371633335,0.07663201201822015,True,-1
8,2,Chuck Wicks,13,False,6.0,7.0,13.0,False,0.07547169811320754,0.08030998213418089,0.15578168024738842,False,0
8,2,David Alan Grier,13,False,11.0,12.0,23.0,False,0.06415094339622641,0.09325683398918765,0.15740777738541406,False,0
8,2,Denise Richards,13,False,5.0,3.0,8.0,False,0.07924528301886792,0.07377416242268037,0.15301944544154827,False,0
8,2,Gilles Marini,13,False,1.0,2.0,3.0,False,0.1018867924528302,0.07146144638192946,0.17334823883475964,False,0
8,2,Holly Madison,13,False,9.0,8.0,17.0,False,0.06792452830188679,0.0814038220281663,0.1493283503300531,False,0
8,2,Lawrence Taylor,13,False,6.0,10.0,16.0,False,0.07547169811320754,0.08522814232836248,0.16069984044157004,False,0
8,2,Lil' Kim,13,False,4.0,9.0,13.0,False,0.08679245283018867,0.08223392447786144,0.16902637730805012,False,0
8,2,Melissa Rycroft,13,False,2.0,4.0,6.0,False,0.09811320754716982,0.07760397909853577,0.17571718664570557,False,0
8,2,Shawn Johnson,13,False,3.0,5.0,8.0,False,0.09056603773584905,0.07828934688597727,0.1688553846218263,False,0
8,2,Steve Wozniak,13,False,11.0,11.0,22.0,False,0.06415094339622641,0.09073504522354468,0.1548859886197711,False,0
8,2,Steve-O,13,False,13.0,13.0,26.0,True,0.052830188679245285,0.09823279215054068,0.15106298082978598,False,1
8,2,Ty Murray,13,False,6.0,6.0,12.0,False,0.07547169811320754,0.0787630391626997,0.15423473727590725,False,0
8,3,Chuck Wicks,12,False,6.0,4.0,10.0,False,0.09055118110236221,0.08378141791241464,0.17433259901477685,False,0
8,3,David Alan Grier,12,False,5.0,6.0,11.0,False,0.09448818897637795,0.08465872172216969,0.17914691069854766,False,0
8,3,Denise Richards,12,True,10.0,1.0,11.0,False,0.06299212598425197,0.0142797583846877,0.07727188436893967,True,-1
8,3,Gilles Marini,12,False,1.0,3.0,4.0,False,0.1062992125984252,0.08329399914697629,0.1895932117454015,False,0
8,3,Holly Madison,12,False,9.0,10.0,19.0,False,0.06692913385826772,0.09175218155190516,0.15868131541017289,False,0
8,3,Lawrence Taylor,12,False,8.0,9.0,17.0,False,0.07874015748031496,0.08517737525016365,0.1639175327304786,False,0
8,3,Lil' Kim,12,False,4.0,2.0,6.0,False,0.0984251968503937,0.08185385977536837,0.18027905662576207,False,0
8,3,Melissa Rycroft,12,False,1.0,7.0,8.0,False,0.1062992125984252,0.08490351396715415,0.19120272656557935,False,0
8,3,Shawn Johnson,12,False,1.0,8.0,9.0,False,0.1062992125984252,0.08510235550588531,0.19140156810431053,False,0
8,3,Steve Wozniak,12,False,12.0,12.0,24.0,True,0.03937007874015748,0.12002289494035766,0.15939297368051514,False,1
8,3,Steve-O,12,False,11.0,11.0,22.0,False,0.05905511811023622,0.10114124485800775,0.16019636296824397,False,0
8,3,Ty Murray,12,False,6.0,5.0,11.0,False,0.09055118110236221,0.08403267698490961,0.17458385808727184,False,0
8,4,Chuck Wicks,11,False,6.0,9.0,15.0,False,0.09090909090909091,0.10750678355334449,0.19841587446243542,False,0
8,4,David Alan Grier,11,False,6.0,8.0,14.0,False,0.09090909090909091,0.1062708172621086,0.1971799081711995,False,0
8,4,Gilles Marini,11,False,1.0,7.0,8.0,False,0.12396694214876033,0.1012938893347637,0.22526083148352405,False,0
8,4,Holly Madison,11,True,9.0,1.0,10.0,False,0.06611570247933884,0.021536333872393558,0.08765203635173241,False,0
8,4,Lawrence Taylor,11,False,8.0,10.0,18.0,False,0.07851239669421488,0.11479354039334638,0.19330593708756127,False,0
8,4,Lil' Kim,11,False,3.0,4.0,7.0,False,0.1115702479338843,0.09715270345030698,0.20872295138419128,False,0
8,4,Melissa Rycroft,11,False,2.0,3.0,5.0,False,0.11983471074380166,0.09635722449353755,0.2161919352373392,False,0
8,4,Shawn Johnson,11,False,4.0,5.0,9.0,False,0.10330578512396695,0.09782963066595247,0.20113541578991942,False,0
8,4,Steve Wozniak,11,True,11.0,2.0,13.0,False,0.049586776859504134,0.027548727631030768,0.0771355044905349,True,-1
8,4,Steve-O,11,False,10.0,11.0,21.0,True,0.06198347107438017,0.13089668461471615,0.19288015568909633,False,1
8,4,Ty Murray,11,False,4.0,6.0,10.0,False,0.10330578512396695,0.0988136647284993,0.20211944985246624,False,0
8,5,Chuck Wicks,9,False,5.0,6.0,11.0,False,0.10952380952380952,0.12332490970374581,0.23284871922755535,False,0
8,5,David Alan Grier,9,True,6.0,1.0,7.0,False,0.10476190476190476,0.015145713819635831,0.1199076185815406,True,-1
8,5,Gilles Marini,9,False,1.0,4.0,5.0,False,0.1380952380952381,0.11375826380245403,0.2518535018976921,False,0
8,5,Lawrence Taylor,9,False,8.0,8.0,16.0,False,0.09523809523809523,0.1349728425201744,0.23021093775826965,False,0
8,5,Lil' Kim,9,False,2.0,3.0,5.0,False,0.12380952380952381,0.11102521440337837,0.23483473821290218,False,0
8,5,Melissa Rycroft,9,False,4.0,5.0,9.0,False,0.11904761904761904,0.12008183452230538,0.23912945356992443,False,0
8,5,Shawn Johnson,9,False,2.0,2.0,4.0,False,0.12380952380952381,0.10998805220174085,0.23379757601126466,False,0
8,5,Steve-O,9,False,9.0,9.0,18.0,True,0.08571428571428572,0.14438368185793762,0.23009796757222334,False,1
8,5,Ty Murray,9,False,7.0,7.0,14.0,False,0.1,0.1273194871686276,0.2273194871686276,False,0
8,6,Chuck Wicks,8,False,5.0,6.0,11.0,False,0.12365591397849462,0.13662824238407112,0.26028415636256574,False,0
8,6,Gilles Marini,8,False,3.0,3.0,6.0,False,0.13978494623655913,0.13470237545620234,0.27448732169276147,False,0
8,6,Lawrence Taylor,8,False,6.0,7.0,13.0,False,0.11827956989247312,0.13860629965866034,0.25688586955113346,False,0
8,6,Lil' Kim,8,False,1.0,2.0,3.0,False,0.15053763440860216,0.13456329349104512,0.28510092789964725,False,0
8,6,Melissa Rycroft,8,False,2.0,4.0,6.0,False,0.14516129032258066,0.13479546284137567,0.2799567531639563,False,0
8,6,Shawn Johnson,8,False,3.0,5.0,8.0,False,0.13978494623655913,0.1348919746701773,0.27467692090673645,False,0
8,6,Steve-O,8,True,8.0,1.0,9.0,False,0.08602150537634409,0.0302157970536632,0.1162373024300073,True,-1
8,6,Ty Murray,8,False,7.0,8.0,15.0,True,0.0967741935483871,0.15559655444480502,0.25237074799319215,False,1
8,7,Chuck Wicks,7,False,3.0,5.0,8.0,False,0.14835164835164835,0.16051159397548853,0.3088632423271369,False,0
8,7,Gilles Marini,7,False,3.0,6.0,9.0,False,0.14835164835164835,0.16174401079798542,0.3100956591496338,False,0
8,7,Lawrence Taylor,7,True,7.0,1.0,8.0,False,0.11538461538461539,0.03043717393427116,0.14582178931888656,True,-1
8,7,Lil' Kim,7,False,5.0,4.0,9.0,False,0.14285714285714285,0.16044038627076895,0.3032975291279118,False,0
8,7,Melissa Rycroft,7,False,1.0,3.0,4.0,False,0.15934065934065933,0.15970382362003777,0.3190444829606971,False,0
8,7,Shawn Johnson,7,False,2.0,2.0,4.0,False,0.15384615384615385,0.15887926062924643,0.31272541447540025,False,0
8,7,Ty Murray,7,False,6.0,7.0,13.0,True,0.13186813186813187,0.1682837507722018,0.30015188264033366,False,1
8,8,Chuck Wicks,6,True,5.0,1.0,6.0,False,0.16346153846153846,0.028605686955325966,0.19206722541686444,True,-1
8,8,Gilles Marini,6,False,2.0,3.0,5.0,False,0.1762820512820513,0.184423633330244,0.3607056846122953,False,0
8,8,Lil' Kim,6,False,1.0,2.0,3.0,False,0.1794871794871795,0.1825331185393786,0.3620202980265581,False,0
8,8,Melissa Rycroft,6,False,6.0,6.0,12.0,True,0.14743589743589744,0.21615166081313944,0.3635875582490369,False,1
8,8,Shawn Johnson,6,False,3.0,4.0,7.0,False,0.16666666666666666,0.19283591668059746,0.35950258334726415,False,0
8,8,Ty Murray,6,False,3.0,5.0,8.0,False,0.16666666666666666,0.19544998368131458,0.36211665034798124,False,0
8,9,Gilles Marini,5,False,2.0,4.0,6.0,False,0.20973782771535582,0.23422809105340822,0.443965918768764,False,0
8,9,Lil' Kim,5,True,4.0,1.0,5.0,False,0.1947565543071161,0.04167209718015902,0.23642865148727513,True,-1
8,9,Melissa Rycroft,5,False,1.0,2.0,3.0,False,0.21348314606741572,0.2261447849880756,0.43962793105549136,False,0
8,9,Shawn Johnson,5,False,2.0,3.0,5.0,False,0.20973782771535582,0.22993807082132528,0.4396758985366811,False,0
8,9,Ty Murray,5,False,5.0,5.0,10.0,True,0.17228464419475656,0.268016955957032,0.44030160015178854,False,1
8,10,Gilles Marini,4,False,1.0,2.0,3.0,False,0.273972602739726,0.2954621222963381,0.5694347250360641,False,0
8,10,Melissa Rycroft,4,False,3.0,3.0,6.0,True,0.2511415525114155,0.3129803965339403,0.5641219490453557,False,1
8,10,Shawn Johnson,4,False,2.0,4.0,6.0,True,0.2557077625570776,0.3189699848242303,0.5746777473813078,False,1
8,10,Ty Murray,4,True,4.0,1.0,5.0,False,0.2191780821917808,0.07258749634549132,0.29176557853727214,True,-1
8,11,Gilles Marini,3,False,2.0,1.0,3.0,False,0.3314285714285714,0.33081279686423054,0.6622413682928019,True,-1
8,11,Melissa Rycroft,3,False,3.0,3.0,6.0,True,0.32571428571428573,0.33691750945647775,0.6626317951707634,False,1
8,11,Shawn Johnson,3,False,1.0,2.0,3.0,False,0.34285714285714286,0.3322696936792916,0.6751268365364345,False,0
9,1,Aaron Carter,16,False,2.0,4.0,6.0,False,0.07881779829674206,0.06059699101416378,0.13941478931090584,False,0
9,1,Ashley Hamiliton,16,True,15.0,1.0,16.0,False,0.046797967676719905,0.01011671815924354,0.056914685835963444,True,-1
9,1,Chuck Liddell,16,False,10.0,11.0,21.0,False,0.05418740566465287,0.07252968703057254,0.1267170926952254,False,0
9,1,Debi Mazar,16,False,10.0,13.0,23.0,False,0.05418740566465287,0.07316830584045678,0.12735571150510966,False,0
9,1,Donny Osmond,16,False,5.0,5.0,10.0,False,0.07389167050904634,0.06364563707120488,0.13753730758025123,False,0
9,1,Joanna Krupa,16,False,1.0,9.0,10.0,False,0.08374392608443776,0.06947875249343376,0.15322267857787153,False,0
9,1,Kathy Ireland,16,False,12.0,14.0,26.0,False,0.04926103157056776,0.07798035403047505,0.1272413856010428,False,0
9,1,Kelly Osbourne,16,False,4.0,7.0,11.0,False,0.07635448809650482,0.06543505730433183,0.14178954540083666,False,0
9,1,Louie Vito,16,False,7.0,6.0,13.0,False,0.06650223252111338,0.0650350232093053,0.1315372557304187,False,0
9,1,Macy Gray,16,True,15.0,2.0,17.0,False,0.046797967676719905,0.010632517980358146,0.05743048565707805,False,0
9,1,Mark Dacascos,16,False,6.0,8.0,14.0,False,0.0714283603088091,0.06658236200221077,0.13801072231101985,False,0
9,1,Melissa Joan Hart,16,False,9.0,12.0,21.0,False,0.05911353345234858,0.07265781569163575,0.13177134914398433,False,0
9,1,Michael Irvin,16,False,14.0,15.0,29.0,True,0.046798213983109294,0.07912233242570577,0.12592054640881506,False,1
9,1,Mya,16,False,3.0,3.0,6.0,False,0.0763547344028942,0.05887457835182012,0.1352293127547143,False,0
9,1,Natalie Coughlin,16,False,7.0,10.0,17.0,False,0.06650223252111338,0.06959070345859628,0.13609293597970967,False,0
9,1,Tom DeLay,16,False,12.0,16.0,28.0,False,0.04926103157056776,0.08455316393648578,0.13381419550705353,False,0
9,2,Aaron Carter,14,False,1.0,4.0,5.0,False,0.09183673469387756,0.07199138905144654,0.1638281237453241,False,0
9,2,Chuck Liddell,14,False,9.0,13.0,22.0,False,0.06462585034013606,0.08179838505567501,0.14642423539581106,False,0
9,2,Debi Mazar,14,False,4.0,11.0,15.0,False,0.07142857142857142,0.07861778990772325,0.15004636133629468,False,0
9,2,Donny Osmond,14,False,3.0,2.0,5.0,False,0.08503401360544217,0.07024035938303765,0.15527437298847982,False,0
9,2,Joanna Krupa,14,False,7.0,7.0,14.0,False,0.06802721088435375,0.07602108289722438,0.14404829378157813,False,0
9,2,Kathy Ireland,14,True,13.0,1.0,14.0,False,0.061224489795918366,0.00835531047001358,0.06957980026593194,True,-1
9,2,Kelly Osbourne,14,False,9.0,9.0,18.0,False,0.06462585034013606,0.07717200237350752,0.1417978527136436,False,0
9,2,Louie Vito,14,False,9.0,12.0,21.0,False,0.06462585034013606,0.07885357034914141,0.14347942068927746,False,0
9,2,Mark Dacascos,14,False,4.0,5.0,9.0,False,0.07142857142857142,0.07399755861620079,0.14542613004477223,False,0
9,2,Melissa Joan Hart,14,False,9.0,10.0,19.0,False,0.06462585034013606,0.07845981008149894,0.143085660421635,False,0
9,2,Michael Irvin,14,False,7.0,8.0,15.0,False,0.06802721088435375,0.0761180869909722,0.14414529787532593,False,0
9,2,Mya,14,False,1.0,3.0,4.0,False,0.09183673469387756,0.07183002512175189,0.16366675981562945,False,0
9,2,Natalie Coughlin,14,False,4.0,6.0,10.0,False,0.07142857142857142,0.07461619978295142,0.14604477121152284,False,0
9,2,Tom DeLay,14,False,13.0,14.0,27.0,True,0.061224489795918366,0.08192842991885545,0.1431529197147738,False,1
9,3,Aaron Carter,13,False,4.0,3.0,7.0,False,0.08139534883720931,0.0755268286180252,0.1569221774552345,False,0
9,3,Chuck Liddell,13,False,10.0,11.0,21.0,False,0.06589147286821706,0.08671028800362973,0.1526017608718468,False,0
9,3,Debi Mazar,13,True,10.0,1.0,11.0,False,0.06589147286821706,0.009713256329893232,0.07560472919811029,True,-1
9,3,Donny Osmond,13,False,4.0,4.0,8.0,False,0.08139534883720931,0.07557567632800975,0.15697102516521905,False,0
9,3,Joanna Krupa,13,False,3.0,6.0,9.0,False,0.08914728682170543,0.07962697547153294,0.1687742622932384,False,0
9,3,Kelly Osbourne,13,False,6.0,7.0,13.0,False,0.07751937984496124,0.07994278799528563,0.15746216784024686,False,0
9,3,Louie Vito,13,False,6.0,8.0,14.0,False,0.07751937984496124,0.08051856878982211,0.15803794863478335,False,0
9,3,Mark Dacascos,13,False,9.0,9.0,18.0,False,0.06976744186046512,0.08345613319049162,0.15322357505095674,False,0
9,3,Melissa Joan Hart,13,False,8.0,10.0,18.0,False,0.07364341085271318,0.08395077115066801,0.1575941820033812,False,0
9,3,Michael Irvin,13,False,13.0,12.0,25.0,True,0.05426356589147287,0.0952898200306516,0.14955338592212447,False,1
9,3,Mya,13,False,1.0,5.0,6.0,False,0.10465116279069768,0.07933209833749626,0.18398326112819394,False,0
9,3,Natalie Coughlin,13,False,2.0,2.0,4.0,False,0.10077519379844961,0.07480859327095614,0.17558378706940575,False,0
9,3,Tom DeLay,13,False,12.0,13.0,25.0,True,0.05813953488372093,0.09554820248353794,0.15368773736725888,False,1
9,4,Aaron Carter,11,False,8.0,9.0,17.0,False,0.0743801652892562,0.10343963906408157,0.17781980435333777,False,0
9,4,Chuck Liddell,11,True,9.0,1.0,10.0,False,0.07024793388429752,0.015747501760561045,0.08599543564485856,True,-1
9,4,Donny Osmond,11,False,4.0,2.0,6.0,False,0.09917355371900827,0.0924289105109935,0.19160246423000177,False,0
9,4,Joanna Krupa,11,False,3.0,7.0,10.0,False,0.10743801652892562,0.09492303079288618,0.20236104732181182,False,0
9,4,Kelly Osbourne,11,False,6.0,3.0,9.0,False,0.09504132231404959,0.09291212352381958,0.18795344583786916,False,0
9,4,Louie Vito,11,False,10.0,10.0,20.0,False,0.06611570247933884,0.1118226302307259,0.17793833271006476,False,0
9,4,Mark Dacascos,11,False,7.0,6.0,13.0,False,0.09090909090909091,0.0936971100670236,0.18460620097611452,False,0
9,4,Melissa Joan Hart,11,False,1.0,5.0,6.0,False,0.11570247933884298,0.0935766636470168,0.20927914298585978,False,0
9,4,Michael Irvin,11,False,10.0,11.0,21.0,True,0.06611570247933884,0.1119172752572042,0.17803297773654303,False,1
9,4,Mya,11,False,1.0,4.0,5.0,False,0.11570247933884298,0.09305042476966427,0.20875290410850725,False,0
9,4,Natalie Coughlin,11,False,4.0,8.0,12.0,False,0.09917355371900827,0.09648469037602317,0.19565824409503144,False,0
9,5,Aaron Carter,10,False,4.0,6.0,10.0,False,0.09917355371900827,0.10806760308658868,0.20724115680559696,False,0
9,5,Donny Osmond,10,False,1.0,4.0,5.0,False,0.11983471074380166,0.10599410070606201,0.22582881144986366,False,0
9,5,Joanna Krupa,10,False,4.0,8.0,12.0,False,0.09917355371900827,0.11140285928285827,0.21057641300186652,False,0
9,5,Kelly Osbourne,10,False,4.0,7.0,11.0,False,0.09917355371900827,0.10827978291909066,0.20745333663809892,False,0
9,5,Louie Vito,10,False,8.0,9.0,17.0,False,0.09090909090909091,0.11565000000619652,0.20655909091528743,False,0
9,5,Mark Dacascos,10,False,3.0,3.0,6.0,False,0.10743801652892562,0.10578992135993545,0.21322793788886107,False,0
9,5,Melissa Joan Hart,10,False,7.0,5.0,12.0,False,0.09504132231404959,0.10761614000195076,0.20265746231600035,False,0
9,5,Michael Irvin,10,False,10.0,10.0,20.0,True,0.08677685950413223,0.12125580899261626,0.2080326684967485,False,1
9,5,Mya,10,False,2.0,2.0,4.0,False,0.1115702479338843,0.10309939338664777,0.21466964132053207,False,0
9,5,Natalie Coughlin,10,True,8.0,1.0,9.0,False,0.09090909090909091,0.012844390258053659,0.10375348116714457,True,-1
9,6,Aaron Carter,9,False,3.0,6.0,9.0,False,0.12692274704027823,0.13341525567922938,0.2603380027195076,False,0
9,6,Donny Osmond,9,False,5.0,7.0,12.0,False,0.1192307973373754,0.13476488396667297,0.25399568130404837,False,0
9,6,Joanna Krupa,9,False,1.0,5.0,6.0,False,0.13846163313642237,0.13208310261106823,0.2705447357474906,False,0
9,6,Kelly Osbourne,9,False,6.0,8.0,14.0,False,0.09615340976180302,0.14822137660241272,0.24437478636421572,False,0
9,6,Louie Vito,9,True,7.0,2.0,9.0,False,0.09230801183542559,0.025562585881677903,0.11787059771710348,False,0
9,6,Mark Dacascos,9,False,4.0,4.0,8.0,False,0.12307734911390078,0.1293666505720631,0.25244399968596387,False,0
9,6,Melissa Joan Hart,9,True,8.0,1.0,9.0,False,0.09230762721870961,0.02483850871324057,0.11714613593195018,True,-1
9,6,Michael Irvin,9,False,9.0,9.0,18.0,True,0.08461490828237482,0.15032590870429577,0.23494081698667058,False,1
9,6,Mya,9,False,2.0,3.0,5.0,False,0.12692351627371018,0.12142172726933945,0.24834524354304963,False,0
9,7,Aaron Carter,7,False,2.0,4.0,6.0,False,0.150997150997151,0.18189033094949178,0.33288748194664275,False,0
9,7,Donny Osmond,7,False,3.0,6.0,9.0,False,0.14814814814814814,0.19044164124577942,0.3385897893939276,False,0
9,7,Joanna Krupa,7,False,1.0,3.0,4.0,False,0.15669515669515668,0.17196366508562516,0.3286588217807819,False,0
9,7,Kelly Osbourne,7,False,3.0,5.0,8.0,False,0.14814814814814814,0.1852718824074828,0.33342003055563096,False,0
9,7,Mark Dacascos,7,True,7.0,2.0,9.0,False,0.1225071225071225,0.03906858076554997,0.16157570327267248,True,-1
9,7,Michael Irvin,7,True,6.0,1.0,7.0,False,0.1339031339031339,0.032866622952793606,0.16676975685592751,False,0
9,7,Mya,7,False,5.0,7.0,12.0,True,0.1396011396011396,0.1984972765932772,0.33809841619441683,False,1
9,8,Aaron Carter,5,True,4.0,1.0,5.0,False,0.19083969465648856,0.04141628554064422,0.23225598019713278,True,-1
9,8,Donny Osmond,5,False,4.0,5.0,9.0,True,0.19083969465648856,0.2523148545888352,0.4431545492453237,False,1
9,8,Joanna Krupa,5,False,2.0,3.0,5.0,False,0.1984732824427481,0.24108669601129548,0.4395599784540436,False,0
9,8,Kelly Osbourne,5,False,3.0,4.0,7.0,False,0.1946564885496183,0.24720358781346344,0.4418600763630818,False,0
9,8,Mya,5,False,1.0,2.0,3.0,False,0.22519083969465647,0.21797857604576168,0.4431694157404181,False,0
9,9,Donny Osmond,4,False,4.0,4.0,8.0,True,0.23125016992245911,0.333525379629495,0.5647755495519542,False,1
9,9,Joanna Krupa,4,True,2.0,1.0,3.0,False,0.2531258701201785,0.06243549452685321,0.3155613646470317,True,-1
9,9,Kelly Osbourne,4,False,3.0,3.0,6.0,False,0.2437489628870599,0.3146734221789856,0.5584223850660455,False,0
9,9,Mya,4,False,1.0,2.0,3.0,False,0.27187499707030244,0.2893657036646662,0.5612407007349687,False,0
9,10,Donny Osmond,3,False,1.0,2.0,3.0,False,0.35127769056340485,0.33282336901108134,0.6841010595744862,False,0
9,10,Kelly Osbourne,3,False,3.0,1.0,4.0,False,0.305519216233502,0.33172744451846387,0.6372466607519658,True,-1
9,10,Mya,3,False,2.0,3.0,5.0,True,0.3432030932030932,0.3354491864704548,0.678652279673548,False,1
10,1,Aiden Turner,11,False,10.0,1.0,11.0,False,0.07177033492822966,0.0898361112828896,0.16160644621111925,False,0
10,1,Buzz Aldrin,11,False,11.0,3.0,14.0,False,0.06698564593301436,0.09067120609139576,0.1576568520244101,True,-1
10,1,Chad Ochocinco,11,False,6.0,6.0,12.0,False,0.0861244019138756,0.09083295726475413,0.17695735917862973,False,0
10,1,Erin Andrews,11,False,3.0,2.0,5.0,False,0.10047846889952153,0.09043516006640663,0.19091362896592817,False,0
10,1,Evan Lysacek,11,False,2.0,5.0,7.0,False,0.11004784688995216,0.0908158265062335,0.20086367339618566,False,0
10,1,Jake Pavelka,11,False,5.0,11.0,16.0,False,0.09569377990430622,0.09190801636429172,0.18760179626859794,False,0
10,1,Kate Gosselin,11,False,9.0,8.0,17.0,True,0.07655502392344497,0.0909643564694209,0.16751938039286587,False,1
10,1,Nicole Scherzinger,11,False,1.0,10.0,11.0,False,0.11961722488038277,0.09188120856338668,0.21149843344376945,False,0
10,1,Niecy Nash,11,False,6.0,9.0,15.0,False,0.0861244019138756,0.09106528416240112,0.17718968607627672,False,0
10,1,Pamela Anderson,11,False,3.0,7.0,10.0,False,0.10047846889952153,0.09087884559786472,0.19135731449738624,False,0
10,1,Shannen Doherty,11,False,6.0,4.0,10.0,False,0.0861244019138756,0.09071102763095527,0.1768354295448309,False,0
10,2,Aiden Turner,11,False,8.0,7.0,15.0,False,0.08636363636363636,0.09592540752153832,0.1822890438851747,False,0
10,2,Buzz Aldrin,11,False,11.0,11.0,22.0,True,0.05454545454545454,0.13374248396782465,0.18828793851327918,False,1
10,2,Chad Ochocinco,11,False,9.0,9.0,18.0,False,0.07272727272727272,0.11682235113006324,0.18954962385733598,False,0
10,2,Erin Andrews,11,False,3.0,3.0,6.0,False,0.10454545454545454,0.08276033050303883,0.18730578504849338,False,0
10,2,Evan Lysacek,11,False,2.0,2.0,4.0,False,0.10909090909090909,0.08177971953835396,0.19087062862926304,False,0
10,2,Jake Pavelka,11,False,6.0,8.0,14.0,False,0.09090909090909091,0.09873356736914979,0.1896426582782407,False,0
10,2,Kate Gosselin,11,False,10.0,10.0,20.0,False,0.06818181818181818,0.11863282945341887,0.18681464763523703,False,0
10,2,Nicole Scherzinger,11,False,1.0,4.0,5.0,False,0.12727272727272726,0.08529806861722543,0.2125707958899527,False,0
10,2,Niecy Nash,11,False,5.0,6.0,11.0,False,0.09545454545454546,0.08934352842586253,0.18479807388040798,False,0
10,2,Pamela Anderson,11,False,4.0,5.0,9.0,False,0.1,0.08716222639295053,0.18716222639295055,False,0
10,2,Shannen Doherty,11,True,6.0,1.0,7.0,False,0.09090909090909091,0.00979948708057384,0.10070857798966475,True,-1
10,3,Aiden Turner,10,False,7.0,3.0,10.0,False,0.09852216748768473,0.10669050479303628,0.20521267228072101,False,0
10,3,Buzz Aldrin,10,True,10.0,1.0,11.0,False,0.06403940886699508,0.02339308815406524,0.08743249702106032,True,-1
10,3,Chad Ochocinco,10,False,7.0,9.0,16.0,False,0.09852216748768473,0.10870863690769522,0.20723080439537994,False,0
10,3,Erin Andrews,10,False,2.0,2.0,4.0,False,0.11330049261083744,0.1043264249818395,0.21762691759267694,False,0
10,3,Evan Lysacek,10,False,1.0,6.0,7.0,False,0.12807881773399016,0.10746775102219161,0.23554656875618177,False,0
10,3,Jake Pavelka,10,False,4.0,8.0,12.0,False,0.10344827586206896,0.10857169391448243,0.2120199697765514,False,0
10,3,Kate Gosselin,10,False,9.0,10.0,19.0,True,0.07389162561576355,0.11897374905127793,0.19286537466704148,False,1
10,3,Nicole Scherzinger,10,False,2.0,5.0,7.0,False,0.11330049261083744,0.1067686654676741,0.22006915807851155,False,0
10,3,Niecy Nash,10,False,4.0,4.0,8.0,False,0.10344827586206896,0.10670903643404504,0.210157312296114,False,0
10,3,Pamela Anderson,10,False,4.0,7.0,11.0,False,0.10344827586206896,0.1083904492736927,0.21183872513576166,False,0
10,4,Aiden Turner,9,True,8.0,1.0,9.0,False,0.0889487870619946,0.020258591324870404,0.109207378386865,True,-1
10,4,Chad Ochocinco,9,False,4.0,5.0,9.0,False,0.11859838274932614,0.11677896276028545,0.2353773455096116,False,0
10,4,Erin Andrews,9,False,5.0,7.0,12.0,False,0.10512129380053908,0.12648009573627164,0.23160138953681073,False,0
10,4,Evan Lysacek,9,False,1.0,4.0,5.0,False,0.14016172506738545,0.1165876623467143,0.25674938741409975,False,0
10,4,Jake Pavelka,9,False,6.0,6.0,12.0,False,0.10242587601078167,0.12591498348467758,0.22834085949545924,False,0
10,4,Kate Gosselin,9,False,9.0,9.0,18.0,True,0.0862533692722372,0.13723691329808477,0.22349028257032197,False,1
10,4,Nicole Scherzinger,9,False,2.0,2.0,4.0,False,0.1347708894878706,0.11216234862052793,0.24693323810839854,False,0
10,4,Niecy Nash,9,False,7.0,8.0,15.0,False,0.09703504043126684,0.12877313385241296,0.2258081742836798,False,0
10,4,Pamela Anderson,9,False,3.0,3.0,6.0,False,0.12668463611859837,0.115807308576155,0.24249194469475338,False,0
10,5,Chad Ochocinco,8,False,6.0,7.0,13.0,False,0.10404624277456648,0.1452857166228893,0.24933195939745578,False,0
10,5,Erin Andrews,8,False,4.0,6.0,10.0,False,0.12716763005780346,0.1397253764838539,0.2668930065416574,False,0
10,5,Evan Lysacek,8,False,2.0,4.0,6.0,False,0.15606936416184972,0.13505811653187327,0.29112748069372296,False,0
10,5,Jake Pavelka,8,False,3.0,3.0,6.0,False,0.1329479768786127,0.13497490793137484,0.26792288480998755,False,0
10,5,Kate Gosselin,8,True,8.0,1.0,9.0,False,0.08670520231213873,0.02935554049352225,0.11606074280566098,True,-1
10,5,Nicole Scherzinger,8,False,1.0,2.0,3.0,False,0.1676300578034682,0.1313654099567335,0.2989954677602017,False,0
10,5,Niecy Nash,8,False,6.0,8.0,14.0,True,0.10404624277456648,0.14725826101959572,0.2513045037941622,False,1
10,5,Pamela Anderson,8,False,5.0,5.0,10.0,False,0.12138728323699421,0.1369766709601574,0.25836395419715164,False,0
10,6,Chad Ochocinco,7,False,3.0,4.0,7.0,False,0.14832537716633504,0.15835333967701753,0.3066787168433526,False,0
10,6,Erin Andrews,7,False,2.0,2.0,4.0,False,0.16267997069846646,0.15084890143392907,0.31352887213239555,False,0
10,6,Evan Lysacek,7,False,5.0,6.0,11.0,False,0.12918703555466454,0.1745412595609313,0.30372829511559585,False,0
10,6,Jake Pavelka,7,True,7.0,1.0,8.0,False,0.11961714704307623,0.02781499755870024,0.14743214460177648,True,-1
10,6,Nicole Scherzinger,7,False,1.0,3.0,4.0,False,0.17224890226905065,0.15350045430278778,0.32574935657183846,False,0
10,6,Niecy Nash,7,False,6.0,7.0,13.0,True,0.12440137359311731,0.17585158435209405,0.30025295794521134,False,1
10,6,Pamela Anderson,7,False,4.0,5.0,9.0,False,0.14354019367528983,0.15908946311454022,0.30262965678983006,False,0
10,7,Chad Ochocinco,6,False,3.0,4.0,7.0,False,0.16720257234726688,0.19410522195143748,0.36130779429870435,False,0
10,7,Erin Andrews,6,False,4.0,5.0,9.0,False,0.1639871382636656,0.20081357288885066,0.3648007111525162,False,0
10,7,Evan Lysacek,6,False,1.0,2.0,3.0,False,0.17363344051446947,0.1853660876177682,0.3589995281322377,False,0
10,7,Nicole Scherzinger,6,False,1.0,3.0,4.0,False,0.17363344051446947,0.1871328548956724,0.3607662954101419,False,0
10,7,Niecy Nash,6,False,6.0,6.0,12.0,True,0.15755627009646303,0.20463496164803704,0.3621912317445001,False,1
10,7,Pamela Anderson,6,True,4.0,1.0,5.0,False,0.1639871382636656,0.027947300998234212,0.1919344392618998,True,-1
10,8,Chad Ochocinco,5,False,4.0,5.0,9.0,True,0.17786561264822134,0.2587799784988636,0.4366455911470849,False,1
10,8,Erin Andrews,5,False,2.0,3.0,5.0,False,0.20948616600790515,0.23170406312618488,0.44119022913409,False,0
10,8,Evan Lysacek,5,False,2.0,4.0,6.0,False,0.20948616600790515,0.2350508811436265,0.44453704715153164,False,0
10,8,Nicole Scherzinger,5,False,1.0,2.0,3.0,False,0.233201581027668,0.22555818494938482,0.4587597659770528,False,0
10,8,Niecy Nash,5,True,5.0,1.0,6.0,False,0.16996047430830039,0.04890689228194023,0.21886736659024061,True,-1
10,9,Chad Ochocinco,4,True,4.0,1.0,5.0,False,0.23008849557522124,0.06843512129636865,0.2985236168715899,True,-1
10,9,Erin Andrews,4,False,3.0,4.0,7.0,True,0.24778761061946902,0.3149223349238069,0.5627099455432759,False,1
10,9,Evan Lysacek,4,False,1.0,3.0,4.0,False,0.2610619469026549,0.31287118313291706,0.5739331300355719,False,0
10,9,Nicole Scherzinger,4,False,1.0,2.0,3.0,False,0.2610619469026549,0.30377136064690746,0.5648333075495624,False,0
10,10,Erin Andrews,3,False,2.0,1.0,3.0,False,0.32661232765023673,0.33151254756776644,0.6581248752180031,True,-1
10,10,Evan Lysacek,3,False,3.0,3.0,6.0,True,0.325268368450467,0.3355863038756747,0.6608546723261417,False,1
10,10,Nicole Scherzinger,3,False,1.0,2.0,3.0,False,0.3481193038992962,0.3329011485565589,0.6810204524558551,False,0
11,1,Audrina Patridge,12,False,5.0,9.0,14.0,False,0.08370044052863436,0.09067700574349129,0.17437744627212565,False,0
11,1,Brandy,12,False,2.0,8.0,10.0,False,0.1013215859030837,0.09057997765848053,0.19190156356156424,False,0
11,1,Bristol Palin,12,False,7.0,7.0,14.0,False,0.07929515418502203,0.08845794372410416,0.16775309790912618,False,0
11,1,David Hasselhoff,12,True,10.0,1.0,11.0,False,0.06607929515418502,0.012462943211615375,0.0785422383658004,True,-1
11,1,Florence Henderson,12,False,7.0,6.0,13.0,False,0.07929515418502203,0.08774713478895542,0.16704228897397744,False,0
11,1,Jennifer Grey,12,False,1.0,4.0,5.0,False,0.10572687224669604,0.08408485488391343,0.18981172713060945,False,0
11,1,Kurt Warner,12,False,5.0,5.0,10.0,False,0.08370044052863436,0.08738169623519897,0.17108213676383333,False,0
11,1,Kyle Massey,12,False,2.0,3.0,5.0,False,0.1013215859030837,0.08394177832843445,0.18526336423151815,False,0
11,1,Margaret Cho,12,False,10.0,12.0,22.0,True,0.06607929515418502,0.10027023428398137,0.1663495294381664,False,1
11,1,Michael Bolton,12,False,9.0,10.0,19.0,False,0.07048458149779736,0.09336922073476772,0.16385380223256507,False,0
11,1,Rick Fox,12,False,4.0,2.0,6.0,False,0.09691629955947137,0.08385267365977547,0.18076897321924684,False,0
11,1,The Situation,12,False,10.0,11.0,21.0,False,0.06607929515418502,0.09717453674728169,0.1632538319014667,False,0
11,2,Audrina Patridge,11,False,2.0,5.0,7.0,False,0.10407239819004525,0.0966268797469438,0.20069927793698905,False,0
11,2,Brandy,11,False,5.0,7.0,12.0,False,0.09502262443438914,0.09750832383049636,0.19253094826488548,False,0
11,2,Bristol Palin,11,False,3.0,6.0,9.0,False,0.09954751131221719,0.09713485057162628,0.19668236188384347,False,0
11,2,Florence Henderson,11,False,8.0,4.0,12.0,False,0.08597285067873303,0.09653440866910074,0.18250725934783377,False,0
11,2,Jennifer Grey,11,False,1.0,3.0,4.0,False,0.1085972850678733,0.09572134715473035,0.20431863222260366,False,0
11,2,Kurt Warner,11,False,5.0,8.0,13.0,False,0.09502262443438914,0.09772300704030046,0.1927456314746896,False,0
11,2,Kyle Massey,11,False,3.0,10.0,13.0,False,0.09954751131221719,0.10024337445506186,0.19979088576727905,False,0
11,2,Margaret Cho,11,False,9.0,9.0,18.0,False,0.08144796380090498,0.09842408182865034,0.17987204562955533,False,0
11,2,Michael Bolton,11,True,11.0,1.0,12.0,False,0.05429864253393665,0.022682007165807924,0.07698064969974458,True,-1
11,2,Rick Fox,11,False,5.0,2.0,7.0,False,0.09502262443438914,0.0949376168417134,0.18996024127610253,False,0
11,2,The Situation,11,False,9.0,11.0,20.0,True,0.08144796380090498,0.1024641026955685,0.1839120664964735,False,1
11,3,Audrina Patridge,10,False,1.0,6.0,7.0,False,0.11764705882352941,0.10863304576906543,0.22628010459259484,False,0
11,3,Brandy,10,False,2.0,5.0,7.0,False,0.1085972850678733,0.10776975686714571,0.21636704193501902,False,0
11,3,Bristol Palin,10,False,9.0,10.0,19.0,True,0.08597285067873303,0.11516078392564909,0.2011336346043821,False,1
11,3,Florence Henderson,10,False,7.0,8.0,15.0,False,0.09049773755656108,0.11222725043458963,0.2027249879911507,False,0
11,3,Jennifer Grey,10,False,2.0,3.0,5.0,False,0.1085972850678733,0.10631540433392227,0.2149126894017956,False,0
11,3,Kurt Warner,10,False,5.0,2.0,7.0,False,0.10407239819004525,0.10412403139818888,0.20819642958823414,False,0
11,3,Kyle Massey,10,False,5.0,4.0,9.0,False,0.10407239819004525,0.10643442363281067,0.2105068218228559,False,0
11,3,Margaret Cho,10,True,10.0,1.0,11.0,False,0.08144796380090498,0.01644524645054144,0.09789321025144643,True,-1
11,3,Rick Fox,10,False,2.0,7.0,9.0,False,0.1085972850678733,0.10918704488791589,0.2177843299557892,False,0
11,3,The Situation,10,False,7.0,9.0,16.0,False,0.09049773755656108,0.11370301230017098,0.20420074985673206,False,0
11,4,Audrina Patridge,9,False,3.0,6.0,9.0,False,0.12849162011173185,0.12155098952662553,0.2500426096383574,False,0
11,4,Brandy,9,False,2.0,3.0,5.0,False,0.1340782122905028,0.11749497737613211,0.2515731896666349,False,0
11,4,Bristol Palin,9,False,8.0,9.0,17.0,True,0.0893854748603352,0.1299597066085462,0.21934518146888138,False,1
11,4,Florence Henderson,9,False,6.0,7.0,13.0,False,0.09776536312849161,0.12363864597881916,0.22140400910731078,False,0
11,4,Jennifer Grey,9,False,1.0,2.0,3.0,False,0.1564245810055866,0.11437664267580284,0.2708012236813894,False,0
11,4,Kurt Warner,9,False,7.0,8.0,15.0,False,0.09497206703910614,0.1284401523627709,0.22341221940187705,False,0
11,4,Kyle Massey,9,False,4.0,5.0,9.0,False,0.11173184357541899,0.12120549260465385,0.23293733618007284,False,0
11,4,Rick Fox,9,False,5.0,4.0,9.0,False,0.10893854748603352,0.12089896001777183,0.22983750750380533,False,0
11,4,The Situation,9,True,9.0,1.0,10.0,False,0.0782122905027933,0.0224344328488776,0.1006467233516709,True,-1
11,5,Audrina Patridge,8,False,5.0,6.0,11.0,False,0.12637362637362637,0.13544847811216174,0.26182210448578813,False,0
11,5,Brandy,8,False,1.0,2.0,3.0,False,0.14835164835164835,0.12888501868329932,0.27723666703494765,False,0
11,5,Bristol Palin,8,False,8.0,8.0,16.0,True,0.0989010989010989,0.1684409922575053,0.2673420911586042,False,1
11,5,Florence Henderson,8,True,6.0,1.0,7.0,False,0.11538461538461539,0.019224221717576623,0.134608837102192,True,-1
11,5,Jennifer Grey,8,False,2.0,4.0,6.0,False,0.13736263736263737,0.13109716560421053,0.2684598029668479,False,0
11,5,Kurt Warner,8,False,3.0,3.0,6.0,False,0.13186813186813187,0.12890924701511558,0.2607773788832475,False,0
11,5,Kyle Massey,8,False,7.0,7.0,14.0,False,0.10989010989010989,0.15503651982324282,0.2649266297133527,False,0
11,5,Rick Fox,8,False,3.0,5.0,8.0,False,0.13186813186813187,0.13295835678688808,0.26482648865501995,False,0
11,6,Audrina Patridge,7,True,2.0,1.0,3.0,False,0.1545889285615942,0.01839120241312051,0.1729801309747147,True,-1
11,6,Brandy,7,False,1.0,2.0,3.0,False,0.17391314849856981,0.13032704533975228,0.3042401938383221,False,0
11,6,Bristol Palin,7,False,6.0,4.0,10.0,False,0.13526519171803963,0.16228708532817326,0.2975522770462129,False,0
11,6,Jennifer Grey,7,False,5.0,5.0,10.0,False,0.14009709211577046,0.1646358426332338,0.30473293474900426,False,0
11,6,Kurt Warner,7,False,7.0,7.0,14.0,True,0.10628006954612891,0.1962313085920334,0.3025113781381623,False,1
11,6,Kyle Massey,7,False,4.0,6.0,10.0,False,0.144927543233238,0.16983909901432492,0.3147666422475629,False,0
11,6,Rick Fox,7,False,3.0,3.0,6.0,False,0.1449280263266591,0.15828841667936183,0.3032164430060209,False,0
11,7,Brandy,6,False,1.0,4.0,5.0,False,0.1750599520383693,0.1919397407752757,0.366999692813645,False,0
11,7,Bristol Palin,6,False,6.0,6.0,12.0,True,0.15587529976019185,0.2007652295188916,0.35664052927908346,False,1
11,7,Jennifer Grey,6,False,1.0,2.0,3.0,False,0.1750599520383693,0.18781044785741433,0.3628703998957836,False,0
11,7,Kurt Warner,6,False,3.0,3.0,6.0,False,0.16786570743405277,0.1911690762639776,0.3590347836980304,False,0
11,7,Kyle Massey,6,False,5.0,5.0,10.0,False,0.1606714628297362,0.2003054698261841,0.36097693265592035,False,0
11,7,Rick Fox,6,True,4.0,1.0,5.0,False,0.16546762589928057,0.028010035758256627,0.19347766165753721,True,-1
11,8,Brandy,5,False,1.0,4.0,5.0,False,0.21509433962264152,0.23382692027207422,0.44892125989471576,False,0
11,8,Bristol Palin,5,False,5.0,5.0,10.0,True,0.17735849056603772,0.25625533819421864,0.43361382876025634,False,1
11,8,Jennifer Grey,5,False,1.0,2.0,3.0,False,0.21509433962264152,0.23013380944910028,0.4452281490717418,False,0
11,8,Kurt Warner,5,True,4.0,1.0,5.0,False,0.1811320754716981,0.046320303897772724,0.22745237936947083,True,-1
11,8,Kyle Massey,5,False,3.0,3.0,6.0,False,0.21132075471698114,0.2334636281868341,0.4447843829038153,False,0
11,9,Brandy,4,True,3.0,1.0,4.0,False,0.25,0.061796359965007125,0.3117963599650071,True,-1
11,9,Bristol Palin,4,False,4.0,4.0,8.0,True,0.2324561403508772,0.3371632886885769,0.5696194290394541,False,1
11,9,Jennifer Grey,4,False,1.0,2.0,3.0,False,0.2631578947368421,0.298291820389731,0.5614497151265732,False,0
11,9,Kyle Massey,4,False,2.0,3.0,5.0,False,0.2543859649122807,0.302748530956685,0.5571344958689657,False,0
11,10,Bristol Palin,3,False,3.0,2.0,5.0,True,0.3092368897274451,0.33315732982381485,0.64239421955126,True,0
11,10,Jennifer Grey,3,False,1.0,1.0,2.0,False,0.36144665408832305,0.33295575167619584,0.6944024057645188,False,0
11,10,Kyle Massey,3,False,2.0,3.0,5.0,True,0.3293164561842318,0.33388691849998964,0.6632033746842214,False,1
12,1,Chelsea Kane,11,False,3.0,3.0,6.0,False,0.10144927536231885,0.09050073818124049,0.19195001354355934,False,0
12,1,Chris Jericho,11,False,5.0,2.0,7.0,False,0.09178743961352658,0.09031288920761113,0.1821003288211377,False,0
12,1,Hines Ward,11,False,3.0,7.0,10.0,False,0.10144927536231885,0.0909227247363455,0.19237200009866434,False,0
12,1,Kendra Wilkinson,11,False,7.0,1.0,8.0,False,0.08695652173913043,0.08999100376557326,0.1769475255047037,False,0
12,1,Kirstie Alley,11,False,2.0,11.0,13.0,False,0.1111111111111111,0.09210749805687851,0.20321860916798962,False,0
12,1,Mike Catherwood,11,False,11.0,10.0,21.0,True,0.06280193236714976,0.09175193337807004,0.1545538657452198,True,0
12,1,Petra Nemcova,11,False,7.0,8.0,15.0,False,0.08695652173913043,0.09105426549962449,0.1780107872387549,False,0
12,1,Ralph Macchio,11,False,1.0,6.0,7.0,False,0.11594202898550725,0.09090842477593748,0.20685045376144473,False,0
12,1,Romeo,11,False,5.0,5.0,10.0,False,0.09178743961352658,0.09081362099960565,0.18260106061313222,False,0
12,1,Sugar Ray Leonard,11,False,9.0,4.0,13.0,False,0.0821256038647343,0.090560321445671,0.1726859253104053,False,0
12,1,Wendy Williams,11,False,10.0,9.0,19.0,False,0.06763285024154589,0.09107657995344257,0.15870943019498845,False,0
12,2,Chelsea Kane,11,False,7.0,10.0,17.0,False,0.08333333333333333,0.10448585397291968,0.18781918730625302,False,0
12,2,Chris Jericho,11,False,1.0,2.0,3.0,False,0.10648148148148148,0.09307593813075916,0.19955741961224066,False,0
12,2,Hines Ward,11,False,1.0,5.0,6.0,False,0.10648148148148148,0.09598433640591689,0.20246581788739837,False,0
12,2,Kendra Wilkinson,11,False,6.0,7.0,13.0,False,0.08796296296296297,0.09945591158749856,0.18741887455046152,False,0
12,2,Kirstie Alley,11,False,5.0,6.0,11.0,False,0.09259259259259259,0.0967385219759249,0.18933111456851748,False,0
12,2,Mike Catherwood,11,True,9.0,1.0,10.0,False,0.0787037037037037,0.012167938240524043,0.09087164194422775,True,-1
12,2,Petra Nemcova,11,False,7.0,8.0,15.0,False,0.08333333333333333,0.10105037186507486,0.1843837051984082,False,0
12,2,Ralph Macchio,11,False,4.0,3.0,7.0,False,0.09722222222222222,0.09400825275031231,0.19123047497253454,False,0
12,2,Romeo,11,False,1.0,4.0,5.0,False,0.10648148148148148,0.09451247193238506,0.20099395341386656,False,0
12,2,Sugar Ray Leonard,11,False,9.0,11.0,20.0,True,0.0787037037037037,0.10627735563556596,0.18498105933926967,False,1
12,2,Wendy Williams,11,False,9.0,9.0,18.0,False,0.0787037037037037,0.1022430475031186,0.1809467512068223,False,0
12,3,Chelsea Kane,10,False,3.0,5.0,8.0,False,0.10747663551401869,0.10780672603511317,0.21528336154913186,False,0
12,3,Chris Jericho,10,False,5.0,8.0,13.0,False,0.09813084112149532,0.10927778711437709,0.20740862823587242,False,0
12,3,Hines Ward,10,False,1.0,4.0,5.0,False,0.11682242990654206,0.10743178545199057,0.22425421535853263,False,0
12,3,Kendra Wilkinson,10,False,3.0,6.0,9.0,False,0.10747663551401869,0.10834872531797099,0.21582536083198967,False,0
12,3,Kirstie Alley,10,False,5.0,7.0,12.0,False,0.09813084112149532,0.1091440387044676,0.20727487982596293,False,0
12,3,Petra Nemcova,10,False,1.0,2.0,3.0,False,0.11682242990654206,0.10670495813278044,0.22352738803932248,False,0
12,3,Ralph Macchio,10,False,5.0,9.0,14.0,False,0.09813084112149532,0.11095151989312772,0.20908236101462305,False,0
12,3,Romeo,10,False,8.0,10.0,18.0,True,0.09345794392523364,0.11266332790408567,0.20612127182931933,False,1
12,3,Sugar Ray Leonard,10,False,8.0,3.0,11.0,False,0.09345794392523364,0.10688516111750014,0.20034310504273378,False,0
12,3,Wendy Williams,10,True,10.0,1.0,11.0,False,0.07009345794392523,0.02078597032858669,0.09087942827251191,True,-1
12,4,Chelsea Kane,9,False,1.0,4.0,5.0,False,0.1262135922330097,0.11795611221248632,0.24416970444549602,False,0
12,4,Chris Jericho,9,False,4.0,7.0,11.0,False,0.11165048543689321,0.12314717093926512,0.23479765637615835,False,0
12,4,Hines Ward,9,False,2.0,3.0,5.0,False,0.12135922330097088,0.11672429389457711,0.238083517195548,False,0
12,4,Kendra Wilkinson,9,False,9.0,9.0,18.0,True,0.08737864077669903,0.14274425714365124,0.2301228979203503,False,1
12,4,Kirstie Alley,9,False,7.0,8.0,15.0,False,0.10679611650485436,0.12594910772642234,0.2327452242312767,False,0
12,4,Petra Nemcova,9,False,4.0,6.0,10.0,False,0.11165048543689321,0.12133111052050216,0.23298159595739537,False,0
12,4,Ralph Macchio,9,False,2.0,2.0,4.0,False,0.12135922330097088,0.11590712157717846,0.23726634487814935,False,0
12,4,Romeo,9,False,4.0,5.0,9.0,False,0.11165048543689321,0.12032538028298466,0.23197586571987788,False,0
12,4,Sugar Ray Leonard,9,True,8.0,1.0,9.0,False,0.10194174757281553,0.015915445702932466,0.11785719327574799,True,-1
12,5,Chelsea Kane,8,False,2.0,4.0,6.0,False,0.13402061855670103,0.13493769037569278,0.2689583089323938,False,0
12,5,Chris Jericho,8,False,2.0,3.0,5.0,False,0.13402061855670103,0.13436989745315825,0.2683905160098593,False,0
12,5,Hines Ward,8,False,1.0,5.0,6.0,False,0.13917525773195877,0.13591238385480697,0.27508764158676574,False,0
12,5,Kendra Wilkinson,8,False,6.0,8.0,14.0,True,0.1134020618556701,0.15099892271738966,0.26440098457305977,False,1
12,5,Kirstie Alley,8,False,5.0,6.0,11.0,False,0.11855670103092783,0.1443395017893797,0.26289620282030757,False,0
12,5,Petra Nemcova,8,True,6.0,1.0,7.0,False,0.1134020618556701,0.01932609139237775,0.13272815324804785,True,-1
12,5,Ralph Macchio,8,False,6.0,7.0,13.0,False,0.1134020618556701,0.14949361147014684,0.2628956733258169,False,0
12,5,Romeo,8,False,2.0,2.0,4.0,False,0.13402061855670103,0.13062190094704795,0.26464251950374895,False,0
12,6,Chelsea Kane,7,False,1.0,5.0,6.0,False,0.15555555555555556,0.1622477474416238,0.31780330299717935,False,0
12,6,Chris Jericho,7,True,7.0,1.0,8.0,False,0.12222222222222222,0.027022368431778087,0.1492445906540003,True,-1
12,6,Hines Ward,7,False,3.0,3.0,6.0,False,0.15,0.15931567795413407,0.30931567795413406,False,0
12,6,Kendra Wilkinson,7,False,5.0,6.0,11.0,False,0.1388888888888889,0.16380463887541843,0.30269352776430736,False,0
12,6,Kirstie Alley,7,False,4.0,2.0,6.0,False,0.14444444444444443,0.15681063657131125,0.3012550810157557,False,0
12,6,Ralph Macchio,7,False,6.0,7.0,13.0,True,0.13333333333333333,0.17059394578074372,0.303927279114077,False,1
12,6,Romeo,7,False,1.0,4.0,5.0,False,0.15555555555555556,0.16020498494499072,0.31576054050054625,False,0
12,7,Chelsea Kane,6,False,3.0,4.0,7.0,False,0.16976127320954906,0.19640832061411723,0.3661695938236663,False,0
12,7,Hines Ward,6,False,1.0,2.0,3.0,False,0.17506631299734748,0.18341203787236238,0.35847835086970986,False,0
12,7,Kendra Wilkinson,6,True,4.0,1.0,5.0,False,0.16180371352785147,0.02982818645938062,0.1916318999872321,True,-1
12,7,Kirstie Alley,6,False,5.0,5.0,10.0,False,0.15915119363395225,0.1995526314376035,0.35870382507155574,False,0
12,7,Ralph Macchio,6,False,1.0,3.0,4.0,False,0.17506631299734748,0.18921556512550114,0.3642818781228486,False,0
12,7,Romeo,6,False,5.0,6.0,11.0,True,0.15915119363395225,0.2015832584910353,0.36073445212498756,False,1
12,8,Chelsea Kane,5,False,1.0,2.0,3.0,False,0.21153846153846154,0.22828964783686165,0.4398281093753232,False,0
12,8,Hines Ward,5,False,2.0,3.0,5.0,False,0.2076923076923077,0.2302805785193559,0.43797288621166364,False,0
12,8,Kirstie Alley,5,False,3.0,4.0,7.0,False,0.20384615384615384,0.2373682063069053,0.44121436015305915,False,0
12,8,Ralph Macchio,5,False,5.0,5.0,10.0,True,0.17692307692307693,0.26444744628474276,0.44137052320781966,False,1
12,8,Romeo,5,True,4.0,1.0,5.0,False,0.2,0.03961412105213436,0.23961412105213437,True,-1
12,9,Chelsea Kane,4,False,1.0,2.0,3.0,False,0.31063829787234043,0.2803172222488239,0.5909555201211643,False,0
12,9,Hines Ward,4,False,2.0,3.0,5.0,False,0.2553191489361702,0.3170539395866417,0.5723730885228119,False,0
12,9,Kirstie Alley,4,False,3.0,4.0,7.0,True,0.2297872340425532,0.32282385353485843,0.5526110875774116,False,1
12,9,Ralph Macchio,4,True,4.0,1.0,5.0,False,0.20425531914893616,0.0798049846296759,0.2840603037786121,True,-1
12,10,Chelsea Kane,3,False,1.0,3.0,4.0,False,0.33969480071129965,0.3357691428324807,0.6754639435437804,False,0
12,10,Hines Ward,3,False,1.0,1.0,2.0,False,0.33969480071129965,0.3311258789367714,0.6708206796480711,False,0
12,10,Kirstie Alley,3,False,3.0,2.0,5.0,True,0.32061039857740076,0.3331049782307479,0.6537153768081487,True,0
13,1,Carson Kressley,12,False,7.0,8.0,15.0,False,0.07834101382488479,0.08953327645128241,0.16787429027616718,False,0
13,1,Chaz Bono,12,False,7.0,7.0,14.0,False,0.07834101382488479,0.08923427461698492,0.1675752884418697,False,0
13,1,Chynna Phillips,12,False,1.0,5.0,6.0,False,0.10138248847926268,0.08783193892931963,0.1892144274085823,False,0
13,1,David Arquette,12,False,6.0,9.0,15.0,False,0.08294930875576037,0.08956991229612717,0.17251922105188755,False,0
13,1,Elisabetta Canalis,12,False,11.0,12.0,23.0,True,0.06912442396313365,0.09602993173155902,0.16515435569469267,False,1
13,1,Hope Solo,12,False,3.0,3.0,6.0,False,0.0967741935483871,0.08573071819360852,0.18250491174199562,False,0
13,1,J.R. Martinez,12,False,1.0,6.0,7.0,False,0.10138248847926268,0.08848548166365382,0.1898679701429165,False,0
13,1,Kristin Cavallari,12,False,5.0,2.0,7.0,False,0.08755760368663594,0.08552171532391128,0.17307931901054724,False,0
13,1,Metta World Peace (Ron),12,True,12.0,1.0,13.0,False,0.06451612903225806,0.01312486339812987,0.07764099243038794,True,-1
13,1,Nancy Grace,12,False,9.0,11.0,20.0,False,0.07373271889400922,0.09463233137223806,0.16836505026624726,False,0
13,1,Ricki Lake,12,False,4.0,4.0,8.0,False,0.09216589861751152,0.08672456809474716,0.17889046671225867,False,0
13,1,Rob Kardashian,12,False,9.0,10.0,19.0,False,0.07373271889400922,0.09358098792843826,0.16731370682244748,False,0
13,2,Carson Kressley,11,False,9.0,10.0,19.0,False,0.08071748878923767,0.10756915357053952,0.18828664235977718,False,0
13,2,Chaz Bono,11,False,11.0,11.0,22.0,True,0.07623318385650224,0.11031894107276695,0.1865521249292692,False,1
13,2,Chynna Phillips,11,False,4.0,5.0,9.0,False,0.09417040358744394,0.09870658901808695,0.19287699260553087,False,0
13,2,David Arquette,11,False,9.0,9.0,18.0,False,0.08071748878923767,0.10566691948799974,0.1863844082772374,False,0
13,2,Elisabetta Canalis,11,True,4.0,1.0,5.0,False,0.09417040358744394,0.008212313151922737,0.10238271673936668,True,-1
13,2,Hope Solo,11,False,8.0,8.0,16.0,False,0.08520179372197309,0.10349099363914693,0.18869278736112002,False,0
13,2,J.R. Martinez,11,False,2.0,2.0,4.0,False,0.09865470852017937,0.08571626872909613,0.18437097724927548,False,0
13,2,Kristin Cavallari,11,False,2.0,6.0,8.0,False,0.09865470852017937,0.10064553153563625,0.19930024005581562,False,0
13,2,Nancy Grace,11,False,4.0,7.0,11.0,False,0.09417040358744394,0.10067893148688077,0.19484933507432473,False,0
13,2,Ricki Lake,11,False,1.0,3.0,4.0,False,0.1031390134529148,0.08702175659694394,0.19016077004985876,False,0
13,2,Rob Kardashian,11,False,4.0,4.0,8.0,False,0.09417040358744394,0.09197260171097987,0.1861430052984238,False,0
13,3,Carson Kressley,10,False,8.0,7.0,15.0,False,0.0970464135021097,0.1109265305263111,0.20797294402842081,False,0
13,3,Chaz Bono,10,False,10.0,10.0,20.0,True,0.0759493670886076,0.13152438482464102,0.20747375191324863,False,1
13,3,Chynna Phillips,10,False,2.0,3.0,5.0,False,0.10970464135021098,0.1015210128527057,0.21122565420291667,False,0
13,3,David Arquette,10,False,4.0,5.0,9.0,False,0.10126582278481013,0.1068358050980001,0.20810162788281023,False,0
13,3,Hope Solo,10,False,4.0,8.0,12.0,False,0.10126582278481013,0.11221381213459419,0.2134796349194043,False,0
13,3,J.R. Martinez,10,False,2.0,2.0,4.0,False,0.10970464135021098,0.0999149597164561,0.20961960106666708,False,0
13,3,Kristin Cavallari,10,True,4.0,1.0,5.0,False,0.10126582278481013,0.010660057553864365,0.11192588033867448,True,-1
13,3,Nancy Grace,10,False,9.0,9.0,18.0,False,0.08860759493670886,0.11429550014463496,0.20290309508134383,False,0
13,3,Ricki Lake,10,False,1.0,4.0,5.0,False,0.11392405063291139,0.1040876008689655,0.2180116515018769,False,0
13,3,Rob Kardashian,10,False,4.0,6.0,10.0,False,0.10126582278481013,0.10802033627982716,0.20928615906463727,False,0
13,4,Carson Kressley,9,False,9.0,9.0,18.0,True,0.09569377990430622,0.13478046012714415,0.23047424003145037,False,1
13,4,Chaz Bono,9,False,6.0,7.0,13.0,False,0.10047846889952153,0.12719621997811364,0.22767468887763517,False,0
13,4,Chynna Phillips,9,True,6.0,1.0,7.0,False,0.10047846889952153,0.01588211214231101,0.11636058104183254,True,-1
13,4,David Arquette,9,False,5.0,8.0,13.0,False,0.11004784688995216,0.1272950050303421,0.23734285192029425,False,0
13,4,Hope Solo,9,False,3.0,5.0,8.0,False,0.11483253588516747,0.12042430666602662,0.23525684255119408,False,0
13,4,J.R. Martinez,9,False,2.0,3.0,5.0,False,0.12440191387559808,0.11542714148072866,0.23982905535632676,False,0
13,4,Nancy Grace,9,False,6.0,6.0,12.0,False,0.10047846889952153,0.126337051953677,0.22681552085319853,False,0
13,4,Ricki Lake,9,False,1.0,2.0,3.0,False,0.13875598086124402,0.11323868269057058,0.2519946635518146,False,0
13,4,Rob Kardashian,9,False,3.0,4.0,7.0,False,0.11483253588516747,0.11941901993108621,0.23425155581625368,False,0
13,5,Carson Kressley,8,True,8.0,1.0,9.0,False,0.10106382978723404,0.023471773227209905,0.12453560301444394,True,-1
13,5,Chaz Bono,8,False,7.0,8.0,15.0,True,0.11170212765957446,0.14834218905651086,0.2600443167160853,False,1
13,5,David Arquette,8,False,2.0,3.0,5.0,False,0.13297872340425532,0.13506320610033037,0.2680419295045857,False,0
13,5,Hope Solo,8,False,4.0,6.0,10.0,False,0.1276595744680851,0.14068619593870205,0.26834577040678714,False,0
13,5,J.R. Martinez,8,False,1.0,2.0,3.0,False,0.14893617021276595,0.13416229915898337,0.2830984693717493,False,0
13,5,Nancy Grace,8,False,6.0,7.0,13.0,False,0.11702127659574468,0.14321624281232564,0.26023751940807033,False,0
13,5,Ricki Lake,8,False,4.0,4.0,8.0,False,0.1276595744680851,0.13724001072326847,0.2648995851913536,False,0
13,5,Rob Kardashian,8,False,2.0,5.0,7.0,False,0.13297872340425532,0.13781808298266918,0.2707968063869245,False,0
13,6,Chaz Bono,7,True,7.0,1.0,8.0,False,0.1144578313253012,0.031000886092818328,0.14545871741811953,True,-1
13,6,David Arquette,7,False,4.0,6.0,10.0,False,0.13855421686746988,0.16514628956279015,0.30370050643026003,False,0
13,6,Hope Solo,7,False,6.0,7.0,13.0,True,0.12048192771084337,0.17475595283473108,0.2952378805455744,False,1
13,6,J.R. Martinez,7,False,1.0,2.0,3.0,False,0.1746987951807229,0.15305377430864925,0.32775256948937215,False,0
13,6,Nancy Grace,7,False,3.0,4.0,7.0,False,0.14457831325301204,0.156720766573228,0.30129907982624005,False,0
13,6,Ricki Lake,7,False,1.0,3.0,4.0,False,0.1746987951807229,0.15427897775691296,0.32897777293763586,False,0
13,6,Rob Kardashian,7,False,5.0,5.0,10.0,False,0.13253012048192772,0.1650433528708703,0.29757347335279805,False,0
13,7,David Arquette,6,True,5.0,1.0,6.0,False,0.16040955631399317,0.029981448165110513,0.19039100447910368,True,-1
13,7,Hope Solo,6,False,3.0,2.0,5.0,False,0.17064846416382254,0.1841618578099457,0.3548103219737683,False,0
13,7,J.R. Martinez,6,False,4.0,5.0,9.0,False,0.16382252559726962,0.19805297908920744,0.36187550468647706,False,0
13,7,Nancy Grace,6,False,6.0,6.0,12.0,True,0.15017064846416384,0.21387905157517464,0.36404970003933845,False,1
13,7,Ricki Lake,6,False,1.0,3.0,4.0,False,0.18088737201365188,0.18681841846194513,0.36770579047559704,False,0
13,7,Rob Kardashian,6,False,2.0,4.0,6.0,False,0.17406143344709898,0.18710624489861646,0.36116767834571545,False,0
13,8,Hope Solo,5,False,2.0,4.0,6.0,False,0.20077220077220076,0.2392567809552123,0.44002898172741306,False,0
13,8,J.R. Martinez,5,False,1.0,2.0,3.0,False,0.23166023166023167,0.2231091066875417,0.45476933834777333,False,0
13,8,Nancy Grace,5,True,5.0,1.0,6.0,False,0.16988416988416988,0.048674997738113415,0.21855916762228328,True,-1
13,8,Ricki Lake,5,False,2.0,3.0,5.0,False,0.20077220077220076,0.2381846052805267,0.43895680605272747,False,0
13,8,Rob Kardashian,5,False,4.0,5.0,9.0,True,0.1969111969111969,0.2507745093386059,0.4476857062498028,False,1
13,9,Hope Solo,4,True,4.0,1.0,5.0,False,0.20675023945248716,0.07843244049776997,0.28518267995025715,True,-1
13,9,J.R. Martinez,4,False,3.0,4.0,7.0,True,0.23628791682665332,0.32508428080159724,0.5613721976282505,False,1
13,9,Ricki Lake,4,False,1.0,2.0,3.0,False,0.28270077088932866,0.2971997360015703,0.5799005068908989,False,0
13,9,Rob Kardashian,4,False,2.0,3.0,5.0,False,0.27426107283153095,0.2992835426990625,0.5735446155305934,False,0
13,10,J.R. Martinez,3,False,2.0,3.0,5.0,True,0.3333329388541484,0.3376436447184858,0.6709765835726342,False,1
13,10,Ricki Lake,3,False,3.0,1.0,4.0,False,0.3313613318879616,0.33007809844900426,0.6614394303369658,True,-1
13,10,Rob Kardashian,3,False,1.0,2.0,3.0,False,0.33530572925789,0.3322782568325098,0.6675839860903998,False,0
14,1,Donald Driver,12,False,8.0,4.0,12.0,False,0.07777777777777778,0.0828355401870339,0.16061331796481168,False,0
14,1,Gavin DeGraw,12,False,10.0,10.0,20.0,False,0.07407407407407407,0.08412321266677399,0.15819728674084804,False,0
14,1,Gladys Knight,12,False,4.0,12.0,16.0,False,0.08518518518518518,0.08414697001376024,0.16933215519894543,False,0
14,1,Jack Wagner,12,False,4.0,5.0,9.0,False,0.08518518518518518,0.08304502547010166,0.16823021065528684,False,0
14,1,Jaleel White,12,False,1.0,7.0,8.0,False,0.0962962962962963,0.08371477336839896,0.18001106966469527,False,0
14,1,Katherine Jenkins,12,False,1.0,1.0,2.0,False,0.0962962962962963,0.08216625170558461,0.1784625480018809,False,0
14,1,Maria Menounos,12,False,8.0,9.0,17.0,False,0.07777777777777778,0.08385964998736677,0.16163742776514456,False,0
14,1,Martina Navratilova,12,False,10.0,2.0,12.0,False,0.07407407407407407,0.08231847190627843,0.15639254598035252,True,-1
14,1,Melissa Gilbert,12,False,10.0,11.0,21.0,True,0.07407407407407407,0.08413204638232581,0.15820612045639987,False,1
14,1,Roshon Fegan,12,False,4.0,3.0,7.0,False,0.08518518518518518,0.08249727326448224,0.16768245844966742,False,0
14,1,Sherri Sheperd,12,False,4.0,6.0,10.0,False,0.08518518518518518,0.08335766527025862,0.16854285045544382,False,0
14,1,William Levy,12,False,3.0,8.0,11.0,False,0.08888888888888889,0.08380311977763492,0.17269200866652382,False,0
14,2,Donald Driver,12,False,5.0,7.0,12.0,False,0.08921933085501858,0.08938061873193712,0.1785999495869557,False,0
14,2,Gavin DeGraw,12,False,8.0,10.0,18.0,False,0.07806691449814127,0.09114798586576789,0.16921490036390915,False,0
14,2,Gladys Knight,12,False,11.0,12.0,23.0,True,0.07063197026022305,0.09775032963579544,0.1683822998960185,False,1
14,2,Jack Wagner,12,False,8.0,6.0,14.0,False,0.07806691449814127,0.08926074897050054,0.1673276634686418,False,0
14,2,Jaleel White,12,False,7.0,5.0,12.0,False,0.08178438661710037,0.08723306555579327,0.16901745217289366,False,0
14,2,Katherine Jenkins,12,False,1.0,8.0,9.0,False,0.09665427509293681,0.09012422748328458,0.1867785025762214,False,0
14,2,Maria Menounos,12,False,3.0,9.0,12.0,False,0.09293680297397769,0.09087938888218763,0.18381619185616532,False,0
14,2,Martina Navratilova,12,True,12.0,1.0,13.0,False,0.06319702602230483,0.014164294907460306,0.07736132092976514,True,-1
14,2,Melissa Gilbert,12,False,10.0,11.0,21.0,False,0.07434944237918216,0.09207912583545216,0.1664285682146343,False,0
14,2,Roshon Fegan,12,False,1.0,3.0,4.0,False,0.09665427509293681,0.0861537458575417,0.1828080209504785,False,0
14,2,Sherri Sheperd,12,False,6.0,4.0,10.0,False,0.08550185873605948,0.08618999550786793,0.1716918542439274,False,0
14,2,William Levy,12,False,3.0,2.0,5.0,False,0.09293680297397769,0.08563647276641141,0.17857327574038911,False,0
14,3,Donald Driver,11,False,4.0,7.0,11.0,False,0.09285714285714286,0.09955711868698731,0.19241426154413016,False,0
14,3,Gavin DeGraw,11,False,7.0,8.0,15.0,False,0.08571428571428572,0.1007389007304212,0.18645318644470693,False,0
14,3,Gladys Knight,11,False,7.0,9.0,16.0,False,0.08571428571428572,0.10130026711216879,0.18701455282645452,False,0
14,3,Jack Wagner,11,True,7.0,1.0,8.0,False,0.08571428571428572,0.01002526559990708,0.09573955131419279,True,-1
14,3,Jaleel White,11,False,5.0,6.0,11.0,False,0.08928571428571429,0.09949704031337304,0.18878275459908733,False,0
14,3,Katherine Jenkins,11,False,1.0,2.0,3.0,False,0.10357142857142858,0.08940091846958459,0.19297234704101318,False,0
14,3,Maria Menounos,11,False,3.0,3.0,6.0,False,0.09642857142857143,0.09424557886918389,0.1906741502977553,False,0
14,3,Melissa Gilbert,11,False,7.0,5.0,12.0,False,0.08571428571428572,0.0994947913421757,0.18520907705646142,False,0
14,3,Roshon Fegan,11,False,5.0,10.0,15.0,False,0.08928571428571429,0.10212960585397417,0.19141532013968846,False,0
14,3,Sherri Sheperd,11,False,7.0,11.0,18.0,True,0.08571428571428572,0.10495511390286874,0.19066939961715446,False,1
14,3,William Levy,11,False,2.0,4.0,6.0,False,0.1,0.09865539911935547,0.19865539911935548,False,0
14,4,Donald Driver,10,False,1.0,3.0,4.0,False,0.11587982832618025,0.10389002346507809,0.21976985179125835,False,0
14,4,Gavin DeGraw,10,False,5.0,7.0,12.0,False,0.09871244635193133,0.11036449390419013,0.20907694025612145,False,0
14,4,Gladys Knight,10,False,10.0,10.0,20.0,True,0.08583690987124463,0.12311458652115287,0.20895149639239752,False,1
14,4,Jaleel White,10,False,6.0,9.0,15.0,False,0.0944206008583691,0.11267640342001288,0.20709700427838199,False,0
14,4,Katherine Jenkins,10,False,4.0,6.0,10.0,False,0.10300429184549356,0.10874290590680859,0.21174719775230216,False,0
14,4,Maria Menounos,10,False,2.0,2.0,4.0,False,0.11158798283261803,0.10088828974016892,0.21247627257278695,False,0
14,4,Melissa Gilbert,10,False,6.0,8.0,14.0,False,0.0944206008583691,0.112426130047624,0.2068467309059931,False,0
14,4,Roshon Fegan,10,False,2.0,4.0,6.0,False,0.11158798283261803,0.10665045755903944,0.21823844039165746,False,0
14,4,Sherri Sheperd,10,True,9.0,1.0,10.0,False,0.09012875536480687,0.012944104280764623,0.10307285964557149,True,-1
14,4,William Levy,10,False,6.0,5.0,11.0,False,0.0944206008583691,0.10830260515516034,0.20272320601352944,False,0
14,5,Donald Driver,9,False,3.0,3.0,6.0,False,0.12053571428571429,0.11565711470826884,0.23619282899398314,False,0
14,5,Gavin DeGraw,9,True,9.0,1.0,10.0,False,0.08482142857142858,0.02142019216140707,0.10624162073283565,True,-1
14,5,Gladys Knight,9,False,7.0,8.0,15.0,False,0.09821428571428571,0.13077514199295803,0.22898942770724373,False,0
14,5,Jaleel White,9,False,6.0,7.0,13.0,False,0.10714285714285714,0.12462383410326221,0.23176669124611934,False,0
14,5,Katherine Jenkins,9,False,1.0,2.0,3.0,False,0.12946428571428573,0.11535671588480251,0.24482100159908823,False,0
14,5,Maria Menounos,9,False,3.0,4.0,7.0,False,0.12053571428571429,0.11879917558542663,0.23933488987114093,False,0
14,5,Melissa Gilbert,9,False,8.0,9.0,17.0,True,0.09375,0.1332745947645216,0.2270245947645216,False,1
14,5,Roshon Fegan,9,False,5.0,6.0,11.0,False,0.11607142857142858,0.12075031244349214,0.2368217410149207,False,0
14,5,William Levy,9,False,1.0,5.0,6.0,False,0.12946428571428573,0.1193429183558608,0.24880720407014653,False,0
14,6,Donald Driver,8,False,4.0,5.0,9.0,False,0.13178291569008135,0.136736159859119,0.26851907554920035,False,0
14,6,Gladys Knight,8,True,8.0,1.0,9.0,False,0.09302350820331685,0.027464240680455613,0.12048774888377246,True,-1
14,6,Jaleel White,8,False,2.0,4.0,6.0,False,0.1434104666175451,0.13452774711120705,0.27793821372875216,False,0
14,6,Katherine Jenkins,8,False,1.0,2.0,3.0,False,0.15116281323243902,0.13055113865570467,0.2817139518881437,False,0
14,6,Maria Menounos,8,False,6.0,7.0,13.0,False,0.11627899765619522,0.14629361354709514,0.26257261120329034,False,0
14,6,Melissa Gilbert,8,False,5.0,6.0,11.0,False,0.11627938525414606,0.1443158131515251,0.2605951984056712,False,0
14,6,Roshon Fegan,8,False,7.0,8.0,15.0,True,0.1085266510413013,0.1474803014162736,0.2560069524575749,False,1
14,6,William Levy,8,False,3.0,3.0,6.0,False,0.13953526230497526,0.13263098557861983,0.2721662478835951,False,0
14,7,Donald Driver,7,False,3.0,4.0,7.0,False,0.1444141689373297,0.15877400768896968,0.3031881766262994,False,0
14,7,Jaleel White,7,True,6.0,1.0,7.0,False,0.13896457765667575,0.02206610568033018,0.16103068333700593,True,-1
14,7,Katherine Jenkins,7,False,2.0,3.0,5.0,False,0.14713896457765668,0.15827568664609434,0.305414651223751,False,0
14,7,Maria Menounos,7,False,1.0,2.0,3.0,False,0.1553133514986376,0.15429057653299727,0.30960392803163483,False,0
14,7,Melissa Gilbert,7,False,7.0,7.0,14.0,True,0.12806539509536785,0.17782120917443506,0.3058866042698029,False,1
14,7,Roshon Fegan,7,False,5.0,6.0,11.0,False,0.14168937329700274,0.16535426073769613,0.30704363403469886,False,0
14,7,William Levy,7,False,3.0,5.0,8.0,False,0.1444141689373297,0.16341815353947753,0.30783232247680725,False,0
14,8,Donald Driver,6,False,3.0,4.0,7.0,False,0.16819571865443425,0.22583193644573693,0.3940276551001712,False,0
14,8,Katherine Jenkins,6,False,3.0,5.0,8.0,False,0.16819571865443425,0.22842116124286427,0.39661687989729855,False,0
14,8,Maria Menounos,6,False,5.0,6.0,11.0,True,0.1620795107033639,0.23901322198242225,0.40109273268578616,False,1
14,8,Melissa Gilbert,6,True,6.0,2.0,8.0,False,0.1559633027522936,0.049968668945386915,0.20593197169768052,True,-1
14,8,Roshon Fegan,6,True,2.0,1.0,3.0,False,0.1712538226299694,0.041637300291003994,0.2128911229209734,False,0
14,8,William Levy,6,False,1.0,3.0,4.0,False,0.1743119266055046,0.2151277110925857,0.3894396376980903,False,0
14,9,Donald Driver,4,False,3.0,3.0,6.0,False,0.24782608695652175,0.31268429746492243,0.5605103844214442,False,0
14,9,Katherine Jenkins,4,False,4.0,4.0,8.0,True,0.24347826086956523,0.31952025523959143,0.5629985161091566,False,1
14,9,Maria Menounos,4,True,1.0,1.0,2.0,False,0.2565217391304348,0.06104918799926436,0.31757092712969914,True,-1
14,9,William Levy,4,False,2.0,2.0,4.0,False,0.25217391304347825,0.3067462592962219,0.5589201723397001,False,0
14,10,Donald Driver,3,False,2.0,1.0,3.0,False,0.33208930162582334,0.3323110048058989,0.6644003064317223,True,-1
14,10,Katherine Jenkins,3,False,1.0,2.0,3.0,False,0.3358213967483533,0.3335822339337979,0.6694036306821511,False,0
14,10,William Levy,3,False,2.0,3.0,5.0,True,0.33208930162582334,0.33410676126030325,0.6661960628861265,False,1
15,1,Apolo Anton Ohno,13,False,4.0,4.0,8.0,False,0.07956600361663653,0.08027441436353638,0.1598404179801729,False,0
15,1,Bristol Palin,13,False,11.0,12.0,23.0,True,0.0705244122965642,0.08497779675545747,0.15550220905202167,False,1
15,1,Drew Lachey,13,False,6.0,2.0,8.0,False,0.07775768535262206,0.07813514809061999,0.15589283344324206,False,0
15,1,Emmitt Smith,13,False,1.0,5.0,6.0,False,0.08860759493670886,0.08179619418605974,0.1704037891227686,False,0
15,1,Gilles Marini,13,False,2.0,3.0,5.0,False,0.0867992766726944,0.07828813016323734,0.16508740683593173,False,0
15,1,Helio Castroneves,13,False,6.0,7.0,13.0,False,0.07775768535262206,0.08214058978397613,0.1598982751365982,False,0
15,1,Joey Fatone,13,False,10.0,8.0,18.0,False,0.07414104882459313,0.08277651584171973,0.15691756466631285,False,0
15,1,Kelly Monaco,13,False,6.0,9.0,15.0,False,0.07775768535262206,0.08293981002534442,0.1606974953779665,False,0
15,1,Kirstie Alley,13,False,12.0,11.0,23.0,True,0.06871609403254973,0.08480538687561041,0.15352148090816015,False,1
15,1,Melissa Rycroft,13,False,9.0,6.0,15.0,False,0.0759493670886076,0.08183462152967871,0.1577839886182863,False,0
15,1,Pamela Anderson,13,True,13.0,1.0,14.0,False,0.06148282097649186,0.011542984665617078,0.07302580564210893,True,-1
15,1,Sabrina Bryan,13,False,3.0,13.0,16.0,False,0.081374321880651,0.08629260081633246,0.16766692269698347,False,0
15,1,Shawn Johnson,13,False,4.0,10.0,14.0,False,0.07956600361663653,0.08419580690281019,0.16376181051944672,False,0
15,2,Apolo Anton Ohno,12,False,4.0,3.0,7.0,False,0.08876811594202899,0.08307253443322465,0.17184065037525365,False,0
15,2,Bristol Palin,12,False,12.0,12.0,24.0,True,0.06521739130434782,0.10701152734206935,0.17222891864641718,False,1
15,2,Drew Lachey,12,False,7.0,8.0,15.0,False,0.08152173913043478,0.09092656405348461,0.1724483031839194,False,0
15,2,Emmitt Smith,12,False,7.0,7.0,14.0,False,0.08152173913043478,0.09022800678530951,0.1717497459157443,False,0
15,2,Gilles Marini,12,False,2.0,5.0,7.0,False,0.09239130434782608,0.08448629189695611,0.1768775962447822,False,0
15,2,Helio Castroneves,12,False,6.0,9.0,15.0,False,0.08333333333333333,0.09099175449536664,0.1743250878287,False,0
15,2,Joey Fatone,12,True,7.0,1.0,8.0,False,0.08152173913043478,0.008447850949142284,0.08996959007957707,True,-1
15,2,Kelly Monaco,12,False,10.0,10.0,20.0,False,0.07971014492753623,0.09174449916385069,0.17145464409138692,False,0
15,2,Kirstie Alley,12,False,11.0,11.0,22.0,False,0.07608695652173914,0.09852350228864619,0.17461045881038534,False,0
15,2,Melissa Rycroft,12,False,5.0,4.0,9.0,False,0.08514492753623189,0.08396078313618513,0.16910571067241703,False,0
15,2,Sabrina Bryan,12,False,1.0,6.0,7.0,False,0.09420289855072464,0.08845523732934618,0.18265813588007082,False,0
15,2,Shawn Johnson,12,False,3.0,2.0,5.0,False,0.09057971014492754,0.0821514481264188,0.17273115827134633,False,0
15,3,Apolo Anton Ohno,11,False,4.0,8.0,12.0,False,0.09172661870503597,0.10941899107829928,0.20114560978333523,False,0
15,3,Bristol Palin,11,False,11.0,11.0,22.0,True,0.08093525179856115,0.12520844653621205,0.2061436983347732,False,1
15,3,Drew Lachey,11,True,9.0,2.0,11.0,False,0.08633093525179857,0.014462957973608258,0.10079389322540683,True,-1
15,3,Emmitt Smith,11,False,8.0,5.0,13.0,False,0.08992805755395683,0.10288835263814676,0.1928164101921036,False,0
15,3,Gilles Marini,11,False,4.0,4.0,8.0,False,0.09172661870503597,0.0976123633336781,0.18933898203871408,False,0
15,3,Helio Castroneves,11,True,4.0,1.0,5.0,False,0.09172661870503597,0.01228725640248921,0.10401387510752517,False,0
15,3,Kelly Monaco,11,False,1.0,9.0,10.0,False,0.09712230215827339,0.11429800286119647,0.21142030501946985,False,0
15,3,Kirstie Alley,11,False,9.0,10.0,19.0,False,0.08633093525179857,0.11919841410918951,0.20552934936098807,False,0
15,3,Melissa Rycroft,11,False,1.0,6.0,7.0,False,0.09712230215827339,0.10399490186796005,0.20111720402623345,False,0
15,3,Sabrina Bryan,11,False,4.0,7.0,11.0,False,0.09172661870503597,0.10637768743366688,0.19810430613870283,False,0
15,3,Shawn Johnson,11,False,3.0,3.0,6.0,False,0.09532374100719425,0.09425262576555361,0.18957636677274786,False,0
15,4,Apolo Anton Ohno,9,False,7.0,8.0,15.0,False,0.10730948678071539,0.12368743095169175,0.23099691773240716,False,0
15,4,Bristol Palin,9,True,8.0,1.0,9.0,False,0.09953343701399689,0.015917221515857387,0.11545065852985428,True,-1
15,4,Emmitt Smith,9,False,5.0,7.0,12.0,False,0.1119751166407465,0.12296692937054403,0.23494204601129054,False,0
15,4,Gilles Marini,9,False,1.0,2.0,3.0,False,0.12286158631415241,0.1156834106317278,0.23854499694588022,False,0
15,4,Kelly Monaco,9,False,3.0,6.0,9.0,False,0.1166407465007776,0.12186199589314244,0.23850274239392005,False,0
15,4,Kirstie Alley,9,False,9.0,9.0,18.0,True,0.09331259720062209,0.1380991637354409,0.23141176093606297,False,1
15,4,Melissa Rycroft,9,False,4.0,5.0,9.0,False,0.1150855365474339,0.12174747363155389,0.23683301017898778,False,0
15,4,Sabrina Bryan,9,False,6.0,4.0,10.0,False,0.1104199066874028,0.12132334947432896,0.23174325616173175,False,0
15,4,Shawn Johnson,9,False,1.0,3.0,4.0,False,0.12286158631415241,0.11871302479571287,0.24157461110986528,False,0
15,5,Apolo Anton Ohno,8,False,2.0,3.0,5.0,False,0.12710911136107986,0.12446857808265367,0.25157768944373354,False,0
15,5,Emmitt Smith,8,False,6.0,4.0,10.0,False,0.12598425196850394,0.12512410196517182,0.25110835393367575,False,0
15,5,Gilles Marini,8,False,2.0,1.0,3.0,False,0.12710911136107986,0.12348501062746711,0.25059412198854697,False,0
15,5,Kelly Monaco,8,False,8.0,2.0,10.0,False,0.11586051743532058,0.12412538825072972,0.2399859056860503,True,-1
15,5,Kirstie Alley,8,False,7.0,7.0,14.0,True,0.11811023622047244,0.12601160981712073,0.24412184603759318,False,1
15,5,Melissa Rycroft,8,False,2.0,5.0,7.0,False,0.12710911136107986,0.1252963510963659,0.2524054624574458,False,0
15,5,Sabrina Bryan,8,False,1.0,8.0,9.0,False,0.13160854893138357,0.12617128979756512,0.2577798387289487,False,0
15,5,Shawn Johnson,8,False,2.0,6.0,8.0,False,0.12710911136107986,0.1253176703629259,0.2524267817240058,False,0
15,6,Apolo Anton Ohno,8,False,1.0,3.0,4.0,False,0.13274336283185842,0.13649690013213078,0.2692402629639892,False,0
15,6,Emmitt Smith,8,False,8.0,8.0,16.0,True,0.1172566371681416,0.1469483808119903,0.2642050179801319,False,1
15,6,Gilles Marini,8,False,5.0,2.0,7.0,False,0.12168141592920353,0.13414906889014092,0.25583048481934445,False,0
15,6,Kelly Monaco,8,False,7.0,7.0,14.0,False,0.11946902654867257,0.14577562256747725,0.2652446491161498,False,0
15,6,Kirstie Alley,8,False,5.0,6.0,11.0,False,0.12168141592920353,0.14231776709288693,0.26399918302209047,False,0
15,6,Melissa Rycroft,8,False,3.0,5.0,8.0,False,0.13053097345132744,0.14171881129768202,0.27224978474900946,False,0
15,6,Sabrina Bryan,8,True,1.0,1.0,2.0,False,0.13274336283185842,0.01472588904770507,0.1474692518795635,True,-1
15,6,Shawn Johnson,8,False,4.0,4.0,8.0,False,0.12389380530973451,0.13786756015998677,0.2617613654697213,False,0
15,7,Apolo Anton Ohno,7,False,6.0,1.0,7.0,False,0.1363640308050478,0.14116149260889124,0.27752552341393905,False,0
15,7,Emmitt Smith,7,False,4.0,2.0,6.0,False,0.1425619826173051,0.1417847778753344,0.2843467604926395,False,0
15,7,Gilles Marini,7,False,5.0,5.0,10.0,False,0.1384293260352406,0.1433972676003311,0.2818265936355717,False,0
15,7,Kelly Monaco,7,False,3.0,4.0,7.0,False,0.14876076087823395,0.14239351288177152,0.29115427376000547,False,0
15,7,Kirstie Alley,7,False,7.0,7.0,14.0,True,0.11570240079206842,0.14467796385637188,0.2603803646484403,True,0
15,7,Melissa Rycroft,7,False,1.0,6.0,7.0,False,0.16115707772708435,0.14423292168166704,0.3053899994087514,False,0
15,7,Shawn Johnson,7,False,2.0,3.0,5.0,False,0.15702442114501985,0.14235206349563292,0.2993764846406528,False,0
15,8,Apolo Anton Ohno,7,False,2.0,5.0,7.0,False,0.1469193195013584,0.18399781058368528,0.33091713008504364,False,0
15,8,Emmitt Smith,7,False,4.0,3.0,7.0,False,0.1458037890899821,0.17995444744659486,0.325758236536577,False,0
15,8,Gilles Marini,7,True,2.0,1.0,3.0,False,0.1469193195013584,0.030772231387245667,0.17769155088860406,False,0
15,8,Kelly Monaco,7,False,5.0,7.0,12.0,True,0.1421801970519487,0.19312936767043223,0.33530956472238094,False,1
15,8,Kirstie Alley,7,True,7.0,2.0,9.0,False,0.127962327890669,0.04084449384542841,0.1688068217360974,True,-1
15,8,Melissa Rycroft,7,False,1.0,4.0,5.0,False,0.15054391516549293,0.183749778885498,0.33429369405099096,False,0
15,8,Shawn Johnson,7,False,6.0,6.0,12.0,True,0.13967113179919047,0.18755187018111566,0.3272230019803061,False,1
15,9,Apolo Anton Ohno,5,True,3.0,1.0,4.0,False,0.20291532535175605,0.06542167963806626,0.2683370049898223,False,0
15,9,Emmitt Smith,5,True,5.0,2.0,7.0,False,0.19148976912716834,0.06768627262980631,0.2591760417569746,True,-1
15,9,Kelly Monaco,5,False,4.0,5.0,9.0,True,0.19227700484469115,0.30051768687176716,0.4927946917164583,False,1
15,9,Melissa Rycroft,5,False,2.0,4.0,6.0,False,0.20409759737077451,0.2874181991194383,0.4915157964902128,False,0
15,9,Shawn Johnson,5,False,1.0,3.0,4.0,False,0.20922030330560984,0.2789561617409219,0.4881764650465318,False,0
15,10,Kelly Monaco,3,False,2.0,2.0,4.0,False,0.3331212530739241,0.3319181744065294,0.6650394274804534,True,-1
15,10,Melissa Rycroft,3,False,1.0,1.0,2.0,False,0.3356639275509422,0.3313287987202211,0.6669927262711632,False,0
15,10,Shawn Johnson,3,False,3.0,3.0,6.0,True,0.3312148193751337,0.3367530268732497,0.6679678462483833,False,1
16,1,Alexandra Raisman,12,False,2.0,4.0,6.0,False,0.09170305676855896,0.08259777812641912,0.17430083489497808,False,0
16,1,Andy Dick,12,False,11.0,5.0,16.0,False,0.07423580786026202,0.08307633872163929,0.1573121465819013,False,0
16,1,D. L. Hughley,12,False,12.0,12.0,24.0,True,0.05240174672489083,0.08512044442313016,0.137522191148021,True,0
16,1,Dorothy Hamill,12,False,2.0,7.0,9.0,False,0.09170305676855896,0.08360227585752002,0.17530533262607897,False,0
16,1,Ingo Rademacher,12,False,5.0,3.0,8.0,False,0.08733624454148471,0.08181032558430314,0.16914657012578785,False,0
16,1,Jacoby Jones,12,False,5.0,2.0,7.0,False,0.08733624454148471,0.08157235961806522,0.16890860415954995,False,0
16,1,Kellie Pickler,12,False,2.0,8.0,10.0,False,0.09170305676855896,0.08381294869445562,0.17551600546301457,False,0
16,1,Lisa Vanderpump,12,False,8.0,6.0,14.0,False,0.07860262008733625,0.08336755720529203,0.16197017729262828,False,0
16,1,Sean Lowe,12,False,7.0,9.0,16.0,False,0.08296943231441048,0.08425165890184907,0.16722109121625955,False,0
16,1,Victor Ortiz,12,False,8.0,1.0,9.0,False,0.07860262008733625,0.08156339592510956,0.1601660160124458,False,0
16,1,Wynonna Judd,12,False,8.0,10.0,18.0,False,0.07860262008733625,0.08430058695257778,0.162903207039914,False,0
16,1,Zendaya,12,False,1.0,11.0,12.0,False,0.10480349344978165,0.08492432998963899,0.18972782343942063,False,0
16,2,Alexandra Raisman,12,False,3.0,2.0,5.0,False,0.09836065573770492,0.08207805888784138,0.18043871462554628,False,0
16,2,Andy Dick,12,False,5.0,1.0,6.0,False,0.08196721311475409,0.08181102269503167,0.16377823580978576,False,0
16,2,D. L. Hughley,12,False,11.0,11.0,22.0,True,0.06557377049180328,0.08446961702361025,0.15004338751541352,False,1
16,2,Dorothy Hamill,12,False,12.0,5.0,17.0,False,0.06147540983606557,0.08289388858511176,0.14436929842117735,True,-1
16,2,Ingo Rademacher,12,False,5.0,7.0,12.0,False,0.08196721311475409,0.08351135993931896,0.16547857305407304,False,0
16,2,Jacoby Jones,12,False,4.0,9.0,13.0,False,0.0942622950819672,0.08417174870838431,0.17843404379035152,False,0
16,2,Kellie Pickler,12,False,1.0,12.0,13.0,False,0.10655737704918032,0.08494324857863905,0.1915006256278194,False,0
16,2,Lisa Vanderpump,12,False,8.0,6.0,14.0,False,0.07377049180327869,0.08291121959823108,0.15668171140150977,False,0
16,2,Sean Lowe,12,False,5.0,8.0,13.0,False,0.08196721311475409,0.08379008264272095,0.16575729575747505,False,0
16,2,Victor Ortiz,12,False,8.0,10.0,18.0,False,0.07377049180327869,0.08422477336166553,0.15799526516494422,False,0
16,2,Wynonna Judd,12,False,8.0,4.0,12.0,False,0.07377049180327869,0.08279148719184011,0.1565619789951188,False,0
16,2,Zendaya,12,False,1.0,3.0,4.0,False,0.10655737704918032,0.08240349278760473,0.18896086983678506,False,0
16,3,Alexandra Raisman,11,False,4.0,7.0,11.0,False,0.09787250701703322,0.09679633304758235,0.19466884006461557,False,0
16,3,Andy Dick,11,False,9.0,10.0,19.0,False,0.07659587505680861,0.1018342556335469,0.17843013069035552,False,0
16,3,D. L. Hughley,11,False,10.0,11.0,21.0,True,0.06808522227271877,0.10766361317797331,0.1757488354506921,False,1
16,3,Ingo Rademacher,11,False,6.0,8.0,14.0,False,0.08936185423294338,0.09795976415311741,0.1873216183860608,False,0
16,3,Jacoby Jones,11,False,1.0,2.0,3.0,False,0.11063763512788959,0.09453997278823159,0.20517760791612116,False,0
16,3,Kellie Pickler,11,False,3.0,9.0,12.0,False,0.10638315980112308,0.09952678464043109,0.20590994444155417,False,0
16,3,Lisa Vanderpump,11,False,6.0,5.0,11.0,False,0.08936185423294338,0.09657898525040397,0.18594083948334733,False,0
16,3,Sean Lowe,11,False,6.0,4.0,10.0,False,0.08936185423294338,0.09602649081861792,0.1853883450515613,False,0
16,3,Victor Ortiz,11,False,4.0,6.0,10.0,False,0.09787250701703322,0.09661616805159723,0.19448867506863043,False,0
16,3,Wynonna Judd,11,True,11.0,1.0,12.0,False,0.06382989588067384,0.017859378222329705,0.08168927410300354,True,-1
16,3,Zendaya,11,False,1.0,3.0,4.0,False,0.11063763512788959,0.09459825421616848,0.20523588934405806,False,0
16,4,Alexandra Raisman,10,False,1.0,2.0,3.0,False,0.12053571428571429,0.1047987775792226,0.22533449186493687,False,0
16,4,Andy Dick,10,False,6.0,7.0,13.0,False,0.09375,0.11071452745805824,0.20446452745805824,False,0
16,4,D. L. Hughley,10,False,6.0,8.0,14.0,False,0.09375,0.1116081541618816,0.2053581541618816,False,0
16,4,Ingo Rademacher,10,False,5.0,6.0,11.0,False,0.10267857142857142,0.10851355824682432,0.21119212967539575,False,0
16,4,Jacoby Jones,10,False,4.0,5.0,9.0,False,0.10714285714285714,0.10624349575042237,0.2133863528932795,False,0
16,4,Kellie Pickler,10,False,2.0,3.0,5.0,False,0.11607142857142858,0.10486122596964569,0.22093265454107425,False,0
16,4,Lisa Vanderpump,10,True,9.0,1.0,10.0,False,0.08035714285714286,0.016445619982981288,0.09680276284012415,True,-1
16,4,Sean Lowe,10,False,8.0,9.0,17.0,False,0.08928571428571429,0.11328769686939345,0.20257341115510774,False,0
16,4,Victor Ortiz,10,False,9.0,10.0,19.0,True,0.08035714285714286,0.11765762484356566,0.19801476770070853,False,1
16,4,Zendaya,10,False,2.0,4.0,6.0,False,0.11607142857142858,0.10586931913800475,0.22194074770943334,False,0
16,5,Alexandra Raisman,9,False,4.0,5.0,9.0,False,0.11961722488038277,0.11907065003929868,0.23868787491968146,False,0
16,5,Andy Dick,9,False,8.0,9.0,17.0,True,0.0861244019138756,0.13692860464434498,0.22305300655822058,False,1
16,5,D. L. Hughley,9,True,8.0,1.0,9.0,False,0.0861244019138756,0.02050719196734131,0.10663159388121692,True,-1
16,5,Ingo Rademacher,9,False,6.0,8.0,14.0,False,0.10047846889952153,0.12998254582291296,0.2304610147224345,False,0
16,5,Jacoby Jones,9,False,3.0,4.0,7.0,False,0.12440191387559808,0.11674997359321469,0.24115188746881278,False,0
16,5,Kellie Pickler,9,False,2.0,3.0,5.0,False,0.1291866028708134,0.11628450682429509,0.2454711096951085,False,0
16,5,Sean Lowe,9,False,5.0,6.0,11.0,False,0.11483253588516747,0.11986893163349407,0.23470146751866156,False,0
16,5,Victor Ortiz,9,False,6.0,7.0,13.0,False,0.10047846889952153,0.12569268633845995,0.22617115523798148,False,0
16,5,Zendaya,9,False,1.0,2.0,3.0,False,0.13875598086124402,0.11491490913663815,0.2536708899978822,False,0
16,6,Alexandra Raisman,8,False,2.0,4.0,6.0,False,0.13793103448275862,0.13777178247450889,0.2757028169572675,False,0
16,6,Andy Dick,8,False,7.0,8.0,15.0,True,0.11405835543766578,0.15085430104180675,0.26491265647947254,False,1
16,6,Ingo Rademacher,8,False,4.0,5.0,9.0,False,0.1220159151193634,0.13915199525004465,0.26116791036940806,False,0
16,6,Jacoby Jones,8,False,6.0,6.0,12.0,False,0.11936339522546419,0.1413402508852387,0.26070364611070285,False,0
16,6,Kellie Pickler,8,False,1.0,2.0,3.0,False,0.14323607427055704,0.1315035697799483,0.2747396440505053,False,0
16,6,Sean Lowe,8,False,4.0,7.0,11.0,False,0.1220159151193634,0.1423089746730025,0.2643248897923659,False,0
16,6,Victor Ortiz,8,True,8.0,1.0,9.0,False,0.10610079575596817,0.022173283469374798,0.12827407922534298,True,-1
16,6,Zendaya,8,False,3.0,3.0,6.0,False,0.13527851458885942,0.1348958424260753,0.27017435701493475,False,0
16,7,Alexandra Raisman,7,False,1.0,4.0,5.0,False,0.17391304347826086,0.15797346957823194,0.3318865130564928,False,0
16,7,Andy Dick,7,True,7.0,1.0,8.0,False,0.09239130434782608,0.03899073339831326,0.13138203774613932,True,-1
16,7,Ingo Rademacher,7,False,5.0,5.0,10.0,False,0.1358695652173913,0.16216286964885068,0.298032434866242,False,0
16,7,Jacoby Jones,7,False,4.0,6.0,10.0,False,0.14673913043478262,0.16305707611090486,0.3097962065456875,False,0
16,7,Kellie Pickler,7,False,3.0,3.0,6.0,False,0.15760869565217392,0.15723226747628424,0.31484096312845816,False,0
16,7,Sean Lowe,7,False,6.0,7.0,13.0,True,0.13043478260869565,0.16554716052700463,0.29598194313570025,False,1
16,7,Zendaya,7,False,2.0,2.0,4.0,False,0.16304347826086957,0.15503642326041034,0.3180799015212799,False,0
16,8,Alexandra Raisman,6,False,2.0,2.0,4.0,False,0.18006430868167203,0.18594245043937088,0.3660067591210429,False,0
16,8,Ingo Rademacher,6,False,5.0,6.0,11.0,True,0.15434083601286175,0.2039642529579864,0.3583050889708481,False,1
16,8,Jacoby Jones,6,False,4.0,5.0,9.0,False,0.16720257234726688,0.19215905673456868,0.35936162908183555,False,0
16,8,Kellie Pickler,6,False,3.0,3.0,6.0,False,0.17684887459807075,0.1884471975245661,0.3652960721226368,False,0
16,8,Sean Lowe,6,True,6.0,1.0,7.0,False,0.13504823151125403,0.039018850178729164,0.1740670816899832,True,-1
16,8,Zendaya,6,False,1.0,4.0,5.0,False,0.1864951768488746,0.19046819216477864,0.37696336901365324,False,0
16,9,Alexandra Raisman,5,False,1.0,4.0,5.0,False,0.20921985815602837,0.2360046908812995,0.4452245490373279,False,0
16,9,Ingo Rademacher,5,True,5.0,1.0,6.0,False,0.18085106382978725,0.046552241843830534,0.22740330567361777,True,-1
16,9,Jacoby Jones,5,False,1.0,2.0,3.0,False,0.20921985815602837,0.23432982517923331,0.4435496833352617,False,0
16,9,Kellie Pickler,5,False,3.0,3.0,6.0,False,0.20567375886524822,0.2350730886174652,0.4407468474827134,False,0
16,9,Zendaya,5,False,4.0,5.0,9.0,True,0.1950354609929078,0.24804015347817146,0.44307561447107924,False,1
16,10,Alexandra Raisman,4,True,3.0,1.0,4.0,False,0.24786345971235874,0.06524070533780264,0.31310416505016136,True,-1
16,10,Jacoby Jones,4,False,4.0,4.0,8.0,True,0.23931558915862322,0.3303731505157356,0.5696887396743588,False,1
16,10,Kellie Pickler,4,False,1.0,3.0,4.0,False,0.256410475564509,0.30701064928449073,0.5634211248489998,False,0
16,10,Zendaya,4,False,1.0,2.0,3.0,False,0.256410475564509,0.297375494861971,0.55378597042648,False,0
17,1,Amber Riley,12,False,1.0,10.0,11.0,False,0.10546875,0.08434632286608584,0.18981507286608584,False,0
17,1,Bill Engvall,12,False,10.0,4.0,14.0,False,0.0703125,0.08278424295691948,0.1530967429569195,False,0
17,1,Bill Nye,12,False,12.0,9.0,21.0,False,0.0546875,0.08361293738687568,0.1383004373868757,True,-1
17,1,Brant Daugherty,12,False,6.0,8.0,14.0,False,0.0859375,0.08312694717127372,0.16906444717127372,False,0
17,1,Christina Milian,12,False,6.0,7.0,13.0,False,0.0859375,0.0830403071759722,0.16897780717597222,False,0
17,1,Corbin Bleu,12,False,2.0,5.0,7.0,False,0.09375,0.08298884691774454,0.17673884691774455,False,0
17,1,Elizabeth Berkley Lauren,12,False,2.0,3.0,5.0,False,0.09375,0.08271147444143995,0.17646147444143995,False,0
17,1,Jack Osbourne,12,False,4.0,2.0,6.0,False,0.08984375,0.08260254958291993,0.17244629958291993,False,0
17,1,Keyshawn Johnson,12,False,11.0,12.0,23.0,True,0.06640625,0.08573114600490844,0.15213739600490844,False,1
17,1,Leah Remini,12,False,8.0,6.0,14.0,False,0.08203125,0.08303850676649485,0.16506975676649485,False,0
17,1,"Nicole ""Snooki"" Polizzi",12,False,4.0,1.0,5.0,False,0.08984375,0.08129407112772795,0.17113782112772796,False,0
17,1,Valerie Harper,12,False,8.0,11.0,19.0,False,0.08203125,0.08472264760163756,0.16675389760163756,False,0
17,2,Amber Riley,12,False,4.0,7.0,11.0,False,0.09022556390977443,0.08822850245969588,0.1784540663694703,False,0
17,2,Bill Engvall,12,False,8.0,9.0,17.0,False,0.07894736842105263,0.09047460068631237,0.169421969107365,False,0
17,2,Bill Nye,12,False,12.0,12.0,24.0,True,0.06390977443609022,0.10460864155245718,0.1685184159885474,False,1
17,2,Brant Daugherty,12,False,7.0,8.0,15.0,False,0.08646616541353383,0.08836607148810657,0.1748322369016404,False,0
17,2,Christina Milian,12,False,2.0,6.0,8.0,False,0.09398496240601503,0.08698308680246879,0.1809680492084838,False,0
17,2,Corbin Bleu,12,False,1.0,2.0,3.0,False,0.09774436090225563,0.08439010600652236,0.182134466908778,False,0
17,2,Elizabeth Berkley Lauren,12,False,2.0,3.0,5.0,False,0.09398496240601503,0.08459992245128983,0.17858488485730487,False,0
17,2,Jack Osbourne,12,False,4.0,4.0,8.0,False,0.09022556390977443,0.08622504584421833,0.17645060975399277,False,0
17,2,Keyshawn Johnson,12,True,11.0,1.0,12.0,False,0.06766917293233082,0.012898078012751646,0.08056725094508246,True,-1
17,2,Leah Remini,12,False,4.0,5.0,9.0,False,0.09022556390977443,0.08656042284846206,0.17678598675823648,False,0
17,2,"Nicole ""Snooki"" Polizzi",12,False,9.0,10.0,19.0,False,0.07518796992481203,0.09112010410384648,0.1663080740286585,False,0
17,2,Valerie Harper,12,False,10.0,11.0,21.0,False,0.07142857142857142,0.09554541774386845,0.16697398917243989,False,0
17,3,Amber Riley,11,False,6.0,7.0,13.0,False,0.09411764705882353,0.0967755133936638,0.19089316045248733,False,0
17,3,Bill Engvall,11,False,6.0,3.0,9.0,False,0.09411764705882353,0.09476285110755817,0.1888804981663817,False,0
17,3,Bill Nye,11,True,10.0,1.0,11.0,False,0.06274509803921569,0.019007620191784046,0.08175271823099974,True,-1
17,3,Brant Daugherty,11,False,1.0,6.0,7.0,False,0.10588235294117647,0.09635172580032879,0.20223407874150526,False,0
17,3,Christina Milian,11,False,2.0,4.0,6.0,False,0.10196078431372549,0.09569040042691596,0.19765118474064144,False,0
17,3,Corbin Bleu,11,False,2.0,5.0,7.0,False,0.10196078431372549,0.09597598014507255,0.19793676445879804,False,0
17,3,Elizabeth Berkley Lauren,11,False,4.0,9.0,13.0,False,0.09803921568627451,0.09746164515462262,0.19550086084089713,False,0
17,3,Jack Osbourne,11,False,9.0,10.0,19.0,False,0.08627450980392157,0.0997748623970771,0.18604937220099865,False,0
17,3,Leah Remini,11,False,6.0,8.0,14.0,False,0.09411764705882353,0.09729820385922429,0.1914158509180478,False,0
17,3,"Nicole ""Snooki"" Polizzi",11,False,4.0,2.0,6.0,False,0.09803921568627451,0.09374849451430156,0.19178771020057606,False,0
17,3,Valerie Harper,11,False,10.0,11.0,21.0,True,0.06274509803921569,0.1131527030094511,0.17589780104866679,False,1
17,4,Amber Riley,10,False,1.0,4.0,5.0,False,0.11392405063291139,0.10730572684755416,0.22122977748046554,False,0
17,4,Bill Engvall,10,False,8.0,9.0,17.0,False,0.08860759493670886,0.11314508107879549,0.20175267601550434,False,0
17,4,Brant Daugherty,10,False,8.0,10.0,18.0,True,0.08860759493670886,0.11599085385588376,0.20459844879259262,False,1
17,4,Christina Milian,10,False,4.0,7.0,11.0,False,0.10126582278481013,0.10798635943572814,0.20925218222053826,False,0
17,4,Corbin Bleu,10,False,1.0,8.0,9.0,False,0.11392405063291139,0.10833471904295909,0.2222587696758705,False,0
17,4,Elizabeth Berkley Lauren,10,False,1.0,5.0,6.0,False,0.11392405063291139,0.1076670896002168,0.2215911402331282,False,0
17,4,Jack Osbourne,10,False,4.0,3.0,7.0,False,0.10126582278481013,0.10667119980161525,0.20793702258642538,False,0
17,4,Leah Remini,10,False,4.0,6.0,10.0,False,0.10126582278481013,0.1078944067085727,0.2091602294933828,False,0
17,4,"Nicole ""Snooki"" Polizzi",10,False,4.0,2.0,6.0,False,0.10126582278481013,0.10653957563958269,0.20780539842439283,False,0
17,4,Valerie Harper,10,True,10.0,1.0,11.0,False,0.0759493670886076,0.01846498798909187,0.09441435507769946,True,-1
17,5,Amber Riley,9,False,6.0,7.0,13.0,False,0.11063829787234042,0.12320529093837454,0.23384358881071496,False,0
17,5,Bill Engvall,9,False,8.0,8.0,16.0,False,0.10212765957446808,0.13543861307850324,0.2375662726529713,False,0
17,5,Brant Daugherty,9,False,3.0,6.0,9.0,False,0.1148936170212766,0.12174485960729393,0.23663847662857052,False,0
17,5,Christina Milian,9,True,1.0,1.0,2.0,False,0.11914893617021277,0.011264415175967917,0.13041335134618068,True,-1
17,5,Corbin Bleu,9,False,1.0,2.0,3.0,False,0.11914893617021277,0.11273729496361884,0.2318862311338316,False,0
17,5,Elizabeth Berkley Lauren,9,False,6.0,4.0,10.0,False,0.11063829787234042,0.1197548522266484,0.2303931500989888,False,0
17,5,Jack Osbourne,9,False,3.0,5.0,8.0,False,0.1148936170212766,0.12012341587188816,0.23501703289316475,False,0
17,5,Leah Remini,9,False,9.0,9.0,18.0,True,0.09361702127659574,0.13719754763179806,0.2308145689083938,False,1
17,5,"Nicole ""Snooki"" Polizzi",9,False,3.0,3.0,6.0,False,0.1148936170212766,0.11853371050590704,0.23342732752718365,False,0
17,6,Amber Riley,8,False,1.0,2.0,3.0,False,0.138528185378997,0.12371784547469472,0.2622460308536917,False,0
17,6,Bill Engvall,8,False,8.0,4.0,12.0,True,0.10389603080876472,0.12462993952703078,0.2285259703357955,True,0
17,6,Brant Daugherty,8,False,3.0,3.0,6.0,False,0.13419959895965008,0.12407293951589292,0.258272538475543,False,0
17,6,Corbin Bleu,8,False,6.0,6.0,12.0,True,0.11688308877260183,0.12542499472936272,0.24230808350196453,False,1
17,6,Elizabeth Berkley Lauren,8,False,2.0,7.0,9.0,False,0.13852775247706486,0.12602087829377878,0.2645486307708437,False,0
17,6,Jack Osbourne,8,False,7.0,5.0,12.0,True,0.11688265587066969,0.12539598426365736,0.24227864013432704,False,1
17,6,Leah Remini,8,False,5.0,1.0,6.0,False,0.12121210809388086,0.12347473913502731,0.24468684722890816,False,0
17,6,"Nicole ""Snooki"" Polizzi",8,False,4.0,8.0,12.0,True,0.12987057963837106,0.1272626790605555,0.25713325869892656,False,1
17,7,Amber Riley,8,False,1.0,2.0,3.0,False,0.13318284424379231,0.12885448088483042,0.26203732512862277,False,0
17,7,Bill Engvall,8,False,8.0,8.0,16.0,True,0.11286681715575621,0.15355210836042993,0.2664189255161861,False,1
17,7,Brant Daugherty,8,False,3.0,5.0,8.0,False,0.12866817155756208,0.14102818436054984,0.2696963559181119,False,0
17,7,Corbin Bleu,8,False,1.0,3.0,4.0,False,0.13318284424379231,0.13160223971630614,0.2647850839600985,False,0
17,7,Elizabeth Berkley Lauren,8,False,5.0,6.0,11.0,False,0.12189616252821671,0.14360649393672004,0.26550265646493676,False,0
17,7,Jack Osbourne,8,False,3.0,4.0,7.0,False,0.12866817155756208,0.1408162020531407,0.26948437361070277,False,0
17,7,Leah Remini,8,False,7.0,7.0,14.0,False,0.11963882618510158,0.1443474009582245,0.2639862271433261,False,0
17,7,"Nicole ""Snooki"" Polizzi",8,True,5.0,1.0,6.0,False,0.12189616252821671,0.016192889729798314,0.13808905225801502,True,-1
17,8,Amber Riley,7,False,3.0,4.0,7.0,False,0.14583333333333334,0.1569957113313652,0.3028290446646985,False,0
17,8,Bill Engvall,7,False,7.0,7.0,14.0,True,0.125,0.17837571066485602,0.303375710664856,False,1
17,8,Brant Daugherty,7,True,5.0,1.0,6.0,False,0.140625,0.02234027535414795,0.16296527535414795,True,-1
17,8,Corbin Bleu,7,False,1.0,3.0,4.0,False,0.15625,0.15507290700538115,0.3113229070053811,False,0
17,8,Elizabeth Berkley Lauren,7,False,6.0,6.0,12.0,False,0.13020833333333334,0.17278520017147214,0.3029935335048055,False,0
17,8,Jack Osbourne,7,False,1.0,2.0,3.0,False,0.15625,0.1500621912825359,0.3063121912825359,False,0
17,8,Leah Remini,7,False,3.0,5.0,8.0,False,0.14583333333333334,0.16436800419024164,0.310201337523575,False,0
17,9,Amber Riley,6,False,5.0,5.0,10.0,False,0.1619047619047619,0.1966149419601605,0.3585197038649224,False,0
17,9,Bill Engvall,6,False,6.0,6.0,12.0,True,0.13333333333333333,0.2216269239194485,0.3549602572527818,False,1
17,9,Corbin Bleu,6,False,1.0,2.0,3.0,False,0.18412698412698414,0.1780980477470659,0.36222503187405003,False,0
17,9,Elizabeth Berkley Lauren,6,True,2.0,1.0,3.0,False,0.17777777777777778,0.026853747233444275,0.20463152501122206,True,-1
17,9,Jack Osbourne,6,False,3.0,4.0,7.0,False,0.17142857142857143,0.18940152337812083,0.36083009480669226,False,0
17,9,Leah Remini,6,False,3.0,3.0,6.0,False,0.17142857142857143,0.18740481576175994,0.35883338719033137,False,0
17,10,Amber Riley,5,False,1.0,2.0,3.0,False,0.2257142857142857,0.22166524488400705,0.4473795305982927,False,0
17,10,Bill Engvall,5,False,5.0,5.0,10.0,True,0.17142857142857143,0.27072463643662104,0.44215320786519247,False,1
17,10,Corbin Bleu,5,False,2.0,3.0,5.0,False,0.21428571428571427,0.2255667289408273,0.4398524432265416,False,0
17,10,Jack Osbourne,5,False,3.0,4.0,7.0,False,0.20285714285714285,0.2359276938160632,0.43878483667320606,False,0
17,10,Leah Remini,5,True,4.0,1.0,5.0,False,0.18571428571428572,0.04611569592248152,0.23182998163676724,True,-1
17,11,Amber Riley,4,False,1.0,2.0,3.0,False,0.273653835740624,0.29619399357165704,0.5698478293122811,False,0
17,11,Bill Engvall,4,True,4.0,1.0,5.0,False,0.2227077172456799,0.07160901575389311,0.294316732999573,True,-1
17,11,Corbin Bleu,4,False,2.0,3.0,5.0,False,0.25909655421775135,0.3087879454052789,0.5678844996230302,False,0
17,11,Jack Osbourne,4,False,3.0,4.0,7.0,True,0.2445418927959448,0.323409045269171,0.5679509380651158,False,1
18,1,Amy Purdy,12,False,3.0,1.0,4.0,False,0.0916030534351145,0.08170203565442473,0.17330508908953923,False,0
18,1,Billy Dee Williams,12,False,12.0,6.0,18.0,False,0.05725190839694656,0.08323533047909154,0.1404872388760381,True,-1
18,1,Candace Cameron Bure,12,False,2.0,10.0,12.0,False,0.09541984732824428,0.08433494334674667,0.17975479067499095,False,0
18,1,Charlie White,12,False,1.0,7.0,8.0,False,0.10305343511450382,0.08323802647253395,0.18629146158703777,False,0
18,1,Cody Simpson,12,False,6.0,3.0,9.0,False,0.08396946564885496,0.08288616169381308,0.16685562734266804,False,0
18,1,Danica McKellar,12,False,3.0,8.0,11.0,False,0.0916030534351145,0.0835529073693578,0.17515596080447232,False,0
18,1,Diana Nyad,12,False,11.0,5.0,16.0,False,0.06870229007633588,0.08315421106220575,0.15185650113854163,False,0
18,1,Drew Carey,12,False,7.0,2.0,9.0,False,0.08015267175572519,0.08182608579321911,0.1619787575489443,False,0
18,1,James Maslow,12,False,7.0,12.0,19.0,True,0.08015267175572519,0.08478449617802652,0.1649371679337517,False,1
18,1,Meryl Davis,12,False,3.0,11.0,14.0,False,0.0916030534351145,0.08459680363145385,0.17619985706656835,False,0
18,1,NeNe Leakes,12,False,7.0,4.0,11.0,False,0.08015267175572519,0.08303905272681332,0.1631917244825385,False,0
18,1,Sean Avery,12,False,10.0,9.0,19.0,True,0.07633587786259542,0.08364994559231381,0.15998582345490925,False,1
18,2,Amy Purdy,11,False,4.0,4.0,8.0,False,0.09836065573770492,0.09253917740565218,0.1908998331433571,False,0
18,2,Billy Dee Williams,11,False,11.0,1.0,12.0,False,0.06147540983606557,0.07989066523680588,0.14136607507287147,True,-1
18,2,Candace Cameron Bure,11,False,7.0,11.0,18.0,True,0.0860655737704918,0.09460023253473535,0.18066580630522716,False,1
18,2,Charlie White,11,False,1.0,7.0,8.0,False,0.10245901639344263,0.09336496153681989,0.19582397793026252,False,0
18,2,Cody Simpson,11,False,6.0,9.0,15.0,False,0.09016393442622951,0.09379093915245765,0.18395487357868717,False,0
18,2,Danica McKellar,11,False,4.0,5.0,9.0,False,0.09836065573770492,0.09294317476240027,0.1913038305001052,False,0
18,2,Drew Carey,11,False,7.0,3.0,10.0,False,0.0860655737704918,0.0916243290620457,0.1776899028325375,False,0
18,2,James Maslow,11,False,1.0,8.0,9.0,False,0.10245901639344263,0.09355276631465305,0.19601178270809566,False,0
18,2,Meryl Davis,11,False,1.0,10.0,11.0,False,0.10245901639344263,0.0942576369658949,0.19671665335933752,False,0
18,2,NeNe Leakes,11,False,7.0,6.0,13.0,False,0.0860655737704918,0.09314749725701525,0.17921307102750705,False,0
18,2,Sean Avery,11,True,7.0,2.0,9.0,False,0.0860655737704918,0.08028861977151976,0.16635419354201156,False,0
18,3,Amy Purdy,9,False,2.0,5.0,7.0,False,0.1157556270096463,0.11112472303613025,0.22688035004577656,False,0
18,3,Candace Cameron Bure,9,False,7.0,9.0,16.0,True,0.10289389067524116,0.11278649994297536,0.21568039061821653,False,1
18,3,Charlie White,9,False,2.0,6.0,8.0,False,0.1157556270096463,0.11130944426512675,0.22706507127477304,False,0
18,3,Cody Simpson,9,False,6.0,8.0,14.0,False,0.11254019292604502,0.11254893183455046,0.22508912476059548,False,0
18,3,Danica McKellar,9,False,2.0,2.0,4.0,False,0.1157556270096463,0.11011567316363464,0.22587130017328094,False,0
18,3,Drew Carey,9,False,9.0,1.0,10.0,False,0.09646302250803858,0.10909437498399081,0.2055573974920294,True,-1
18,3,James Maslow,9,False,2.0,3.0,5.0,False,0.1157556270096463,0.11015430920936224,0.22590993621900854,False,0
18,3,Meryl Davis,9,False,1.0,7.0,8.0,False,0.12540192926045016,0.11181076262874087,0.23721269188919103,False,0
18,3,NeNe Leakes,9,False,8.0,4.0,12.0,False,0.09967845659163987,0.11105528093548855,0.21073373752712843,False,0
18,4,Amy Purdy,9,False,3.0,3.0,6.0,False,0.11447811447811448,0.11059210301170469,0.22507021748981917,False,0
18,4,Candace Cameron Bure,9,False,9.0,2.0,11.0,False,0.09427609427609428,0.11032261901587105,0.20459871329196533,True,-1
18,4,Charlie White,9,False,4.0,9.0,13.0,False,0.1111111111111111,0.11325213198370021,0.22436324309481132,False,0
18,4,Cody Simpson,9,False,8.0,7.0,15.0,True,0.10437710437710437,0.11160571822662244,0.2159828226037268,False,1
18,4,Danica McKellar,9,False,6.0,5.0,11.0,False,0.10774410774410774,0.11084682874570681,0.21859093648981454,False,0
18,4,Drew Carey,9,False,4.0,1.0,5.0,False,0.1111111111111111,0.10911327346467674,0.22022438457578786,False,0
18,4,James Maslow,9,False,2.0,6.0,8.0,False,0.11784511784511785,0.11158186848502276,0.2294269863301406,False,0
18,4,Meryl Davis,9,False,1.0,8.0,9.0,False,0.13131313131313133,0.11185630291293285,0.24316943422606419,False,0
18,4,NeNe Leakes,9,False,6.0,4.0,10.0,False,0.10774410774410774,0.11082915415376243,0.21857326189787019,False,0
18,5,Amy Purdy,9,False,3.0,4.0,7.0,False,0.11490683229813664,0.11932881687176121,0.23423564916989786,False,0
18,5,Candace Cameron Bure,9,False,7.0,8.0,15.0,False,0.10869565217391304,0.12476030231373164,0.23345595448764467,False,0
18,5,Charlie White,9,False,3.0,7.0,10.0,False,0.11490683229813664,0.12298248769657649,0.23788931999471313,False,0
18,5,Cody Simpson,9,True,8.0,1.0,9.0,False,0.10559006211180125,0.014232551346447466,0.11982261345824871,True,-1
18,5,Danica McKellar,9,False,2.0,2.0,4.0,False,0.12111801242236025,0.11267648348839147,0.23379449591075174,False,0
18,5,Drew Carey,9,False,9.0,9.0,18.0,True,0.08695652173913043,0.14619036081699596,0.2331468825561264,False,1
18,5,James Maslow,9,False,1.0,5.0,6.0,False,0.12422360248447205,0.12020576186592818,0.24442936435040025,False,0
18,5,Meryl Davis,9,False,5.0,6.0,11.0,False,0.11180124223602485,0.12110361500572528,0.23290485724175014,False,0
18,5,NeNe Leakes,9,False,5.0,3.0,8.0,False,0.11180124223602485,0.11851962059444231,0.23032086283046715,False,0
18,6,Amy Purdy,8,False,2.0,5.0,7.0,False,0.1347517730496454,0.13871162893222924,0.27346340198187463,False,0
18,6,Candace Cameron Bure,8,False,7.0,8.0,15.0,True,0.11347517730496454,0.15008138079821287,0.2635565581031774,False,1
18,6,Charlie White,8,False,3.0,6.0,9.0,False,0.1276595744680851,0.14384137892480306,0.27150095339288816,False,0
18,6,Danica McKellar,8,False,3.0,3.0,6.0,False,0.1276595744680851,0.13563374288610175,0.2632933173541868,False,0
18,6,Drew Carey,8,True,7.0,1.0,8.0,False,0.11347517730496454,0.019219774659772263,0.1326949519647368,True,-1
18,6,James Maslow,8,False,5.0,4.0,9.0,False,0.12411347517730496,0.1374990385534174,0.26161251373072236,False,0
18,6,Meryl Davis,8,False,1.0,2.0,3.0,False,0.14184397163120568,0.1288392347500656,0.2706832063812713,False,0
18,6,NeNe Leakes,8,False,6.0,7.0,13.0,False,0.11702127659574468,0.14617382049539787,0.2631950970911425,False,0
18,7,Amy Purdy,7,False,2.0,3.0,5.0,False,0.1482213438735178,0.160662389149541,0.3088837330230588,False,0
18,7,Candace Cameron Bure,7,False,3.0,4.0,7.0,False,0.14624505928853754,0.16178753180897243,0.30803259109750997,False,0
18,7,Charlie White,7,False,5.0,6.0,11.0,False,0.14031620553359683,0.16598658216107703,0.3063027876946739,False,0
18,7,Danica McKellar,7,False,4.0,5.0,9.0,False,0.1422924901185771,0.16460567672405488,0.30689816684263194,False,0
18,7,James Maslow,7,False,6.0,7.0,13.0,True,0.1383399209486166,0.16601170601598125,0.30435162696459783,False,1
18,7,Meryl Davis,7,False,1.0,2.0,3.0,False,0.1541501976284585,0.15756209022071005,0.31171228784916855,False,0
18,7,NeNe Leakes,7,True,7.0,1.0,8.0,False,0.13043478260869565,0.02338402391966338,0.15381880652835903,True,-1
18,8,Amy Purdy,6,False,1.0,2.0,3.0,False,0.17699115044247787,0.17947833502481966,0.3564694854672975,False,0
18,8,Candace Cameron Bure,6,False,4.0,6.0,10.0,True,0.1592920353982301,0.20492098215410726,0.36421301755233737,False,1
18,8,Charlie White,6,False,1.0,3.0,4.0,False,0.17699115044247787,0.18700662948912877,0.36399777993160665,False,0
18,8,Danica McKellar,6,True,3.0,1.0,4.0,False,0.168141592920354,0.027583351502151472,0.19572494442250546,True,-1
18,8,James Maslow,6,False,4.0,4.0,8.0,False,0.1592920353982301,0.1988310432648844,0.3581230786631145,False,0
18,8,Meryl Davis,6,False,4.0,5.0,9.0,False,0.1592920353982301,0.20217965856490835,0.36147169396313844,False,0
18,9,Amy Purdy,5,False,2.0,3.0,5.0,False,0.20418848167539266,0.2338406549930413,0.43802913666843396,False,0
18,9,Candace Cameron Bure,5,False,5.0,5.0,10.0,True,0.18848167539267016,0.2502100401677725,0.4386917155604426,False,1
18,9,Charlie White,5,True,3.0,1.0,4.0,False,0.19895287958115182,0.04016416703008765,0.23911704661123948,True,-1
18,9,James Maslow,5,False,3.0,4.0,7.0,False,0.19895287958115182,0.2435629777100316,0.4425158572911834,False,0
18,9,Meryl Davis,5,False,1.0,2.0,3.0,False,0.2094240837696335,0.23222216009906702,0.44164624386870055,False,0
18,10,Amy Purdy,4,False,2.0,2.0,4.0,False,0.2587209505138384,0.301014444883676,0.5597353953975144,False,0
18,10,Candace Cameron Bure,4,False,4.0,4.0,8.0,True,0.22674296916969572,0.3328827431154845,0.5596257122851802,False,1
18,10,James Maslow,4,True,3.0,1.0,4.0,False,0.2529075649013137,0.06295361921382457,0.3158611841151383,True,-1
18,10,Meryl Davis,4,False,1.0,3.0,4.0,False,0.2616285154151521,0.3031491927870149,0.564777708202167,False,0
19,1,Alfonso Ribeiro,13,False,1.0,3.0,4.0,False,0.0967741935483871,0.07879062499115033,0.17556481853953743,False,0
19,1,Antonio Sabato Jr.,13,False,10.0,12.0,22.0,False,0.06720430107526881,0.0871431570427467,0.1543474581180155,False,0
19,1,Bethany Mota,13,False,3.0,2.0,5.0,False,0.08602150537634409,0.07423110409356598,0.16025260946991007,False,0
19,1,Betsey Johnson,13,False,13.0,13.0,26.0,True,0.053763440860215055,0.09600194843915168,0.14976538929936672,False,1
19,1,Janel Parrish,13,False,7.0,7.0,14.0,False,0.07795698924731183,0.08074568577649414,0.15870267502380597,False,0
19,1,Jonathan Bennett,13,False,6.0,5.0,11.0,False,0.08064516129032258,0.08008192829391947,0.16072708958424203,False,0
19,1,Lea Thompson,13,False,3.0,4.0,7.0,False,0.08602150537634409,0.07975022264175947,0.16577172801810358,False,0
19,1,Lolo Jones,13,True,12.0,1.0,13.0,False,0.05913978494623656,0.011954271902494816,0.07109405684873138,True,-1
19,1,Michael Waltrip,13,False,10.0,11.0,21.0,False,0.06720430107526881,0.08546560998409403,0.15266991105936284,False,0
19,1,Randy Couture,13,False,5.0,9.0,14.0,False,0.08333333333333333,0.08147535941465439,0.1648086927479877,False,0
19,1,Sadie Robertson,13,False,2.0,8.0,10.0,False,0.0913978494623656,0.08074671872631994,0.17214456818868554,False,0
19,1,Tavis Smiley,13,False,7.0,6.0,13.0,False,0.07795698924731183,0.08040106794942932,0.15835805719674115,False,0
19,1,Tommy Chong,13,False,9.0,10.0,19.0,False,0.07258064516129033,0.08321230074421977,0.1557929459055101,False,0
19,2,Alfonso Ribeiro,12,False,4.0,7.0,11.0,False,0.08839779005524862,0.08804167296627986,0.17643946302152846,False,0
19,2,Antonio Sabato Jr.,12,False,5.0,8.0,13.0,False,0.0856353591160221,0.09108130203307743,0.17671666114909954,False,0
19,2,Bethany Mota,12,False,3.0,6.0,9.0,False,0.09116022099447514,0.08781347107618087,0.178973692070656,False,0
19,2,Betsey Johnson,12,False,8.0,9.0,17.0,False,0.07734806629834254,0.09298715946178061,0.17033522576012317,False,0
19,2,Janel Parrish,12,False,2.0,3.0,5.0,False,0.09392265193370165,0.0810478213874295,0.17497047332113114,False,0
19,2,Jonathan Bennett,12,False,7.0,5.0,12.0,False,0.08287292817679558,0.08775163124190989,0.17062455941870547,False,0
19,2,Lea Thompson,12,False,1.0,2.0,3.0,False,0.09668508287292818,0.07880818906458595,0.17549327193751413,False,0
19,2,Michael Waltrip,12,False,12.0,12.0,24.0,True,0.06629834254143646,0.1049509292585043,0.17124927179994076,False,1
19,2,Randy Couture,12,False,8.0,10.0,18.0,False,0.07734806629834254,0.09498017541866885,0.1723282417170114,False,0
19,2,Sadie Robertson,12,False,5.0,4.0,9.0,False,0.0856353591160221,0.08668472380437324,0.17232008292039536,False,0
19,2,Tavis Smiley,12,True,8.0,1.0,9.0,False,0.07734806629834254,0.009252270239970987,0.08660033653831353,True,-1
19,2,Tommy Chong,12,False,8.0,11.0,19.0,False,0.07734806629834254,0.09660065404723854,0.17394872034558106,False,0
19,3,Alfonso Ribeiro,11,False,4.0,5.0,9.0,False,0.0906515580736544,0.09710095090461629,0.18775250897827067,False,0
19,3,Antonio Sabato Jr.,11,False,8.0,11.0,19.0,False,0.0821529745042493,0.10701228051641631,0.1891652550206656,False,0
19,3,Bethany Mota,11,False,1.0,4.0,5.0,False,0.11331444759206799,0.09552954510987482,0.20884399270194282,False,0
19,3,Betsey Johnson,11,False,8.0,9.0,17.0,False,0.0821529745042493,0.10266724566071062,0.18482022016495991,False,0
19,3,Janel Parrish,11,False,1.0,2.0,3.0,False,0.11331444759206799,0.09101090212620326,0.20432534971827127,False,0
19,3,Jonathan Bennett,11,False,4.0,7.0,11.0,False,0.0906515580736544,0.09807015801535084,0.18872171608900523,False,0
19,3,Lea Thompson,11,False,7.0,6.0,13.0,False,0.08781869688385269,0.09743709169140191,0.1852557885752546,False,0
19,3,Michael Waltrip,11,False,10.0,10.0,20.0,True,0.07932011331444759,0.10412228275450994,0.18344239606895751,False,1
19,3,Randy Couture,11,True,11.0,1.0,12.0,False,0.07365439093484419,0.013968255397882262,0.08762264633272646,True,-1
19,3,Sadie Robertson,11,False,4.0,8.0,12.0,False,0.0906515580736544,0.09834100845044452,0.1889925665240989,False,0
19,3,Tommy Chong,11,False,3.0,3.0,6.0,False,0.09631728045325778,0.09474027937258905,0.19105755982584682,False,0
19,4,Alfonso Ribeiro,10,False,1.0,2.0,3.0,False,0.125,0.09738685214183704,0.22238685214183704,False,0
19,4,Antonio Sabato Jr.,10,False,6.0,7.0,13.0,False,0.090625,0.1135558914810704,0.20418089148107038,False,0
19,4,Bethany Mota,10,False,5.0,6.0,11.0,False,0.103125,0.10277747670640924,0.20590247670640924,False,0
19,4,Betsey Johnson,10,True,6.0,1.0,7.0,False,0.090625,0.014086485242162826,0.10471148524216282,True,-1
19,4,Janel Parrish,10,False,4.0,3.0,7.0,False,0.1125,0.10009717437312152,0.21259717437312153,False,0
19,4,Jonathan Bennett,10,False,10.0,9.0,19.0,True,0.075,0.12512041711773217,0.20012041711773215,False,1
19,4,Lea Thompson,10,False,2.0,5.0,7.0,False,0.121875,0.10199050063844034,0.22386550063844035,False,0
19,4,Michael Waltrip,10,False,9.0,10.0,19.0,True,0.078125,0.1269132281999213,0.2050382281999213,False,1
19,4,Sadie Robertson,10,False,3.0,4.0,7.0,False,0.115625,0.10040438693458612,0.21602938693458612,False,0
19,4,Tommy Chong,10,False,8.0,8.0,16.0,False,0.0875,0.11766758716471909,0.20516758716471908,False,0
19,5,Alfonso Ribeiro,9,False,2.0,5.0,7.0,False,0.12878787878787878,0.1105607517753012,0.23934863056317998,False,0
19,5,Antonio Sabato Jr.,9,False,6.0,7.0,13.0,False,0.10606060606060606,0.1113748519443072,0.21743545800491326,False,0
19,5,Bethany Mota,9,False,5.0,2.0,7.0,False,0.12121212121212122,0.11005744082055834,0.23126956203267957,False,0
19,5,Janel Parrish,9,False,4.0,8.0,12.0,False,0.125,0.11320415674116979,0.2382041567411698,False,0
19,5,Jonathan Bennett,9,False,7.0,1.0,8.0,False,0.09090909090909091,0.10978925825676343,0.20069834916585433,False,0
19,5,Lea Thompson,9,False,2.0,4.0,6.0,False,0.12878787878787878,0.11038187564180989,0.23916975442968869,False,0
19,5,Michael Waltrip,9,False,9.0,3.0,12.0,False,0.07575757575757576,0.11033405419366384,0.1860916299512396,True,-1
19,5,Sadie Robertson,9,False,1.0,6.0,7.0,False,0.13636363636363635,0.11090012765934411,0.24726376402298045,False,0
19,5,Tommy Chong,9,False,8.0,9.0,17.0,True,0.08712121212121213,0.11339748296708205,0.20051869508829417,False,1
19,6,Alfonso Ribeiro,9,False,1.0,2.0,3.0,False,0.13310580204778158,0.10746271983987972,0.2405685218876613,False,0
19,6,Antonio Sabato Jr.,9,False,8.0,9.0,17.0,True,0.09556313993174062,0.1356836128266653,0.23124675275840592,False,1
19,6,Bethany Mota,9,False,2.0,3.0,5.0,False,0.12286689419795221,0.11219269235150035,0.23505958654945258,False,0
19,6,Janel Parrish,9,False,4.0,5.0,9.0,False,0.11262798634812286,0.12220205215761937,0.23483003850574224,False,0
19,6,Jonathan Bennett,9,True,5.0,1.0,6.0,False,0.10921501706484642,0.01379516599692693,0.12301018306177335,True,-1
19,6,Lea Thompson,9,False,5.0,6.0,11.0,False,0.10921501706484642,0.12995184041291144,0.23916685747775784,False,0
19,6,Michael Waltrip,9,False,7.0,7.0,14.0,False,0.10238907849829351,0.1302889071006445,0.23267798559893801,False,0
19,6,Sadie Robertson,9,False,3.0,4.0,7.0,False,0.11945392491467577,0.11440006541469316,0.23385399032936893,False,0
19,6,Tommy Chong,9,False,8.0,8.0,16.0,False,0.09556313993174062,0.13402294389915925,0.22958608383089987,False,0
19,7,Alfonso Ribeiro,8,False,3.0,4.0,7.0,False,0.13152804642166344,0.13622537736866847,0.2677534237903319,False,0
19,7,Antonio Sabato Jr.,8,True,7.0,1.0,8.0,False,0.11411992263056092,0.018898060861333946,0.13301798349189486,True,-1
19,7,Bethany Mota,8,False,1.0,3.0,4.0,False,0.1450676982591876,0.1335686361293923,0.27863633438857993,False,0
19,7,Janel Parrish,8,False,4.0,5.0,9.0,False,0.12959381044487428,0.13643600237827383,0.2660298128231481,False,0
19,7,Lea Thompson,8,False,2.0,2.0,4.0,False,0.13539651837524178,0.13067716239929933,0.2660736807745411,False,0
19,7,Michael Waltrip,8,False,8.0,8.0,16.0,True,0.10831721470019343,0.153708321823036,0.26202553652322946,False,1
19,7,Sadie Robertson,8,False,5.0,6.0,11.0,False,0.11992263056092843,0.14342873304859358,0.263351363609522,False,0
19,7,Tommy Chong,8,False,6.0,7.0,13.0,False,0.11605415860735009,0.14705770599140272,0.2631118645987528,False,0
19,8,Alfonso Ribeiro,7,False,2.0,5.0,7.0,False,0.16532258064516128,0.1581464327787192,0.32346901342388046,False,0
19,8,Bethany Mota,7,False,3.0,4.0,7.0,False,0.16129032258064516,0.15527776030718274,0.3165680828878279,False,0
19,8,Janel Parrish,7,False,1.0,2.0,3.0,False,0.17338709677419356,0.15403070626160806,0.3274178030358016,False,0
19,8,Lea Thompson,7,False,5.0,6.0,11.0,False,0.12903225806451613,0.1671256798300066,0.2961579378945227,False,0
19,8,Michael Waltrip,7,True,7.0,1.0,8.0,False,0.10080645161290322,0.03516379241959957,0.1359702440325028,True,-1
19,8,Sadie Robertson,7,False,4.0,3.0,7.0,False,0.1532258064516129,0.1552364416411509,0.3084622480927638,False,0
19,8,Tommy Chong,7,False,6.0,7.0,13.0,True,0.11693548387096774,0.17501918676173286,0.2919546706327006,False,1
19,9,Alfonso Ribeiro,6,False,1.0,3.0,4.0,False,0.17990654205607476,0.1862038444733616,0.3661103865294364,False,0
19,9,Bethany Mota,6,False,3.0,2.0,5.0,False,0.17289719626168223,0.18162655617530377,0.354523752436986,False,0
19,9,Janel Parrish,6,False,1.0,4.0,5.0,False,0.17990654205607476,0.18774868067811723,0.367655222734192,False,0
19,9,Lea Thompson,6,True,5.0,1.0,6.0,False,0.16355140186915887,0.02813398196957412,0.191685383838733,True,-1
19,9,Sadie Robertson,6,False,4.0,5.0,9.0,False,0.1705607476635514,0.18898958525218848,0.3595503329157399,False,0
19,9,Tommy Chong,6,False,6.0,6.0,12.0,True,0.13317757009345793,0.2272973514514546,0.36047492154491256,False,1
19,10,Alfonso Ribeiro,5,False,3.0,3.0,6.0,False,0.2054794520547945,0.23759717335731703,0.44307662541211157,False,0
19,10,Bethany Mota,5,False,2.0,2.0,4.0,False,0.20821917808219179,0.2343645704601122,0.442583748542304,False,0
19,10,Janel Parrish,5,False,1.0,4.0,5.0,False,0.2136986301369863,0.23865508354589,0.4523537136828763,False,0
19,10,Sadie Robertson,5,False,4.0,5.0,9.0,True,0.20273972602739726,0.2401072407472626,0.44284696677465984,False,1
19,10,Tommy Chong,5,True,5.0,1.0,6.0,False,0.16986301369863013,0.0492759318894181,0.21913894558804822,True,-1
19,11,Alfonso Ribeiro,4,False,1.0,4.0,5.0,True,0.25586408499804897,0.3129844536402617,0.5688485386383106,False,1
19,11,Bethany Mota,4,True,4.0,1.0,5.0,True,0.24307088074814653,0.06376118349020753,0.3068320642383541,True,0
19,11,Janel Parrish,4,False,3.0,2.0,5.0,True,0.24946620355267282,0.3112195390084124,0.5606857425610853,False,1
19,11,Sadie Robertson,4,False,2.0,3.0,5.0,True,0.25159883070113154,0.3120348238611184,0.56363365456225,False,1
20,1,Charlotte McKinney,12,False,11.0,3.0,14.0,False,0.06918238993710692,0.08297079849979944,0.15215318843690634,False,0
20,1,Chris Soules,12,False,5.0,2.0,7.0,False,0.08176100628930817,0.08215561598714473,0.1639166222764529,False,0
20,1,Michael Sam,12,False,5.0,7.0,12.0,False,0.08176100628930817,0.08338947949150803,0.1651504857808162,False,0
20,1,Nastia Liukin,12,False,3.0,11.0,14.0,False,0.09433962264150944,0.08376498031699844,0.17810460295850788,False,0
20,1,Noah Galloway,12,False,5.0,10.0,15.0,False,0.08176100628930817,0.08372785440884443,0.1654888606981526,False,0
20,1,Patti LaBelle,12,False,8.0,12.0,20.0,True,0.07861635220125786,0.08535241202108429,0.16396876422234213,False,1
20,1,Redfoo,12,False,11.0,1.0,12.0,False,0.06918238993710692,0.08191546127829417,0.1510978512154011,True,-1
20,1,Riker Lynch,12,False,2.0,6.0,8.0,False,0.09748427672955975,0.0832620857307196,0.18074636246027936,False,0
20,1,Robert Herjavec,12,False,4.0,4.0,8.0,False,0.0880503144654088,0.08319702945090351,0.1712473439163123,False,0
20,1,Rumer Willis,12,False,1.0,9.0,10.0,False,0.10062893081761007,0.08351884706555221,0.18414777788316228,False,0
20,1,Suzanne Somers,12,False,8.0,5.0,13.0,False,0.07861635220125786,0.08323562065386085,0.1618519728551187,False,0
20,1,Willow Shields,12,False,8.0,8.0,16.0,False,0.07861635220125786,0.08350981509529029,0.16212616729654816,False,0
20,2,Charlotte McKinney,12,False,11.0,10.0,21.0,False,0.07492795389048991,0.0939157577936321,0.168843711684122,False,0
20,2,Chris Soules,12,False,12.0,12.0,24.0,True,0.06051873198847262,0.111416100992327,0.17193483298079962,False,1
20,2,Michael Sam,12,False,6.0,11.0,17.0,False,0.08069164265129683,0.09401350940192184,0.17470515205321868,False,0
20,2,Nastia Liukin,12,False,1.0,5.0,6.0,False,0.09798270893371758,0.08469797478369769,0.18268068371741525,False,0
20,2,Noah Galloway,12,False,10.0,8.0,18.0,False,0.07780979827089338,0.09213766631459402,0.1699474645854874,False,0
20,2,Patti LaBelle,12,False,6.0,7.0,13.0,False,0.08069164265129683,0.09211710253132792,0.17280874518262473,False,0
20,2,Redfoo,12,True,5.0,1.0,6.0,False,0.0893371757925072,0.006712444695523303,0.09604962048803051,True,-1
20,2,Riker Lynch,12,False,2.0,2.0,4.0,False,0.09221902017291066,0.08124231671931276,0.17346133689222343,False,0
20,2,Robert Herjavec,12,False,6.0,6.0,12.0,False,0.08069164265129683,0.08558438213808618,0.16627602478938303,False,0
20,2,Rumer Willis,12,False,2.0,4.0,6.0,False,0.09221902017291066,0.08434579354185366,0.17656481371476432,False,0
20,2,Suzanne Somers,12,False,6.0,9.0,15.0,False,0.08069164265129683,0.09235290070035776,0.1730445433516546,False,0
20,2,Willow Shields,12,False,2.0,3.0,5.0,False,0.09221902017291066,0.0814640503873657,0.17368307056027638,False,0
20,3,Charlotte McKinney,11,True,10.0,1.0,11.0,False,0.07028753993610223,0.01580598921544305,0.08609352915154528,True,-1
20,3,Chris Soules,11,False,7.0,3.0,10.0,False,0.08945686900958466,0.09440990981464768,0.18386677882423236,False,0
20,3,Michael Sam,11,False,9.0,10.0,19.0,False,0.07667731629392971,0.1031703419896945,0.1798476582836242,False,0
20,3,Nastia Liukin,11,False,1.0,7.0,8.0,False,0.10862619808306709,0.09609777721593639,0.2047239752990035,False,0
20,3,Noah Galloway,11,False,5.0,8.0,13.0,False,0.09584664536741214,0.09736356543377492,0.19321021080118705,False,0
20,3,Patti LaBelle,11,False,10.0,11.0,21.0,True,0.07028753993610223,0.11217789624664948,0.1824654361827517,False,1
20,3,Riker Lynch,11,False,1.0,5.0,6.0,False,0.10862619808306709,0.09567675797946365,0.20430295606253074,False,0
20,3,Robert Herjavec,11,False,6.0,6.0,12.0,False,0.0926517571884984,0.09578226314356464,0.18843402033206302,False,0
20,3,Rumer Willis,11,False,3.0,4.0,7.0,False,0.10543130990415335,0.09566184570913158,0.20109315561328495,False,0
20,3,Suzanne Somers,11,False,8.0,9.0,17.0,False,0.07987220447284345,0.10239077067977559,0.18226297515261902,False,0
20,3,Willow Shields,11,False,4.0,2.0,6.0,False,0.10223642172523961,0.09146288257191842,0.19369930429715804,False,0
20,4,Chris Soules,10,False,10.0,10.0,20.0,True,0.08307692307692308,0.12437745680584625,0.20745437988276932,False,1
20,4,Michael Sam,10,True,7.0,1.0,8.0,False,0.09230769230769231,0.012821907050394715,0.10512959935808702,True,-1
20,4,Nastia Liukin,10,False,2.0,4.0,6.0,False,0.11076923076923077,0.10432790588443089,0.21509713665366165,False,0
20,4,Noah Galloway,10,False,6.0,5.0,11.0,False,0.09846153846153846,0.10511369549675324,0.2035752339582917,False,0
20,4,Patti LaBelle,10,False,7.0,8.0,15.0,False,0.09230769230769231,0.11396787557380836,0.20627556788150067,False,0
20,4,Riker Lynch,10,False,4.0,7.0,11.0,False,0.10461538461538461,0.10812268711074896,0.21273807172613357,False,0
20,4,Robert Herjavec,10,False,4.0,3.0,7.0,False,0.10461538461538461,0.10404194441387096,0.20865732902925557,False,0
20,4,Rumer Willis,10,False,3.0,6.0,9.0,False,0.1076923076923077,0.10554007292614374,0.21323238061845146,False,0
20,4,Suzanne Somers,10,False,9.0,9.0,18.0,False,0.08615384615384615,0.11769602000850896,0.20384986616235512,False,0
20,4,Willow Shields,10,False,1.0,2.0,3.0,False,0.12,0.10399043472949393,0.22399043472949393,False,0
20,5,Chris Soules,9,False,7.0,8.0,15.0,False,0.09540636042402827,0.1288462081030731,0.22425256852710135,False,0
20,5,Nastia Liukin,9,False,2.0,5.0,7.0,False,0.13427561837455831,0.11563746276684425,0.24991308114140257,False,0
20,5,Noah Galloway,9,False,5.0,7.0,12.0,False,0.0989399293286219,0.12879541794727714,0.22773534727589906,False,0
20,5,Patti LaBelle,9,False,7.0,6.0,13.0,False,0.09540636042402827,0.1268869721203574,0.22229333254438566,False,0
20,5,Riker Lynch,9,False,2.0,4.0,6.0,False,0.13427561837455831,0.11498384561684304,0.24925946399140136,False,0
20,5,Robert Herjavec,9,False,9.0,9.0,18.0,True,0.08480565371024736,0.14310254774565564,0.22790820145590301,False,1
20,5,Rumer Willis,9,False,1.0,2.0,3.0,False,0.13780918727915195,0.10987464674635153,0.24768383402550348,False,0
20,5,Suzanne Somers,9,True,5.0,1.0,6.0,False,0.0989399293286219,0.01700889655795283,0.11594882588657474,True,-1
20,5,Willow Shields,9,False,4.0,3.0,7.0,False,0.12014134275618374,0.114864002395645,0.23500534515182875,False,0
20,6,Chris Soules,8,False,5.0,5.0,10.0,False,0.12367491166077739,0.1416279272140393,0.2653028388748167,False,0
20,6,Nastia Liukin,8,False,2.0,2.0,4.0,False,0.12897526501766785,0.13433504098224447,0.26331030599991234,False,0
20,6,Noah Galloway,8,False,6.0,8.0,14.0,False,0.12014134275618374,0.14788904005962208,0.2680303828158058,False,0
20,6,Patti LaBelle,8,True,6.0,1.0,7.0,False,0.12014134275618374,0.016452561756373406,0.13659390451255715,True,-1
20,6,Riker Lynch,8,False,1.0,3.0,4.0,False,0.13427561837455831,0.13492132512459182,0.26919694349915013,False,0
20,6,Robert Herjavec,8,False,8.0,7.0,15.0,True,0.11837455830388692,0.14518744258973665,0.2635620008936236,False,1
20,6,Rumer Willis,8,False,4.0,6.0,10.0,False,0.1254416961130742,0.14188813586230192,0.26732983197537613,False,0
20,6,Willow Shields,8,False,2.0,4.0,6.0,False,0.12897526501766785,0.13769852641109037,0.26667379142875824,False,0
20,7,Chris Soules,7,False,6.0,6.0,12.0,False,0.1220472440944882,0.18105496549830094,0.3031022095927891,False,0
20,7,Nastia Liukin,7,False,1.0,2.0,3.0,False,0.16141732283464566,0.14725417717432335,0.30867150000896904,False,0
20,7,Noah Galloway,7,False,3.0,3.0,6.0,False,0.14960629921259844,0.1558453476724801,0.30545164688507853,False,0
20,7,Riker Lynch,7,False,4.0,5.0,9.0,False,0.14566929133858267,0.15677991261599497,0.30244920395457764,False,0
20,7,Robert Herjavec,7,False,6.0,7.0,13.0,True,0.1220472440944882,0.18326120746608482,0.305308451560573,False,1
20,7,Rumer Willis,7,False,4.0,4.0,8.0,False,0.14566929133858267,0.1564322260788253,0.302101517417408,False,0
20,7,Willow Shields,7,True,2.0,1.0,3.0,False,0.15354330708661418,0.019372163493990728,0.1729154705806049,True,-1
20,8,Chris Soules,6,True,4.0,1.0,5.0,False,0.15130023640661938,0.04928342147538775,0.20058365788200713,False,0
20,8,Nastia Liukin,6,False,3.0,4.0,7.0,False,0.17966903073286053,0.2193424206020341,0.39901145133489463,False,0
20,8,Noah Galloway,6,False,5.0,6.0,11.0,True,0.14893617021276595,0.24621572370970563,0.3951518939224716,False,1
20,8,Riker Lynch,6,False,2.0,5.0,7.0,False,0.18439716312056736,0.21979192313018894,0.40418908625075634,False,0
20,8,Robert Herjavec,6,True,6.0,2.0,8.0,False,0.14657210401891252,0.05128940303175094,0.19786150705066347,True,-1
20,8,Rumer Willis,6,False,1.0,3.0,4.0,False,0.18912529550827423,0.2140771080509328,0.403202403559207,False,0
20,9,Nastia Liukin,4,True,1.0,1.0,2.0,False,0.25477707006369427,0.06369934796518463,0.3184764180288789,True,-1
20,9,Noah Galloway,4,False,4.0,4.0,8.0,True,0.24203821656050956,0.325003681636417,0.5670418981969265,False,1
20,9,Riker Lynch,4,False,1.0,3.0,4.0,False,0.25477707006369427,0.30864597118615156,0.5634230412498458,False,0
20,9,Rumer Willis,4,False,3.0,2.0,5.0,False,0.2484076433121019,0.3026509992122467,0.5510586425243487,False,0
20,10,Noah Galloway,3,False,3.0,1.0,4.0,True,0.3103448275862069,0.331933458293723,0.6422782858799299,True,0
20,10,Riker Lynch,3,False,1.0,3.0,4.0,True,0.3448275862068966,0.33536499604181264,0.6801925822487092,False,1
20,10,Rumer Willis,3,False,1.0,2.0,3.0,False,0.3448275862068966,0.33270154566446414,0.6775291318713608,False,0
21,1,Alek Skarlatos,13,False,5.0,5.0,10.0,False,0.088,0.07669946097928138,0.16469946097928137,False,0
21,1,Alexa PenaVega,13,False,5.0,1.0,6.0,False,0.088,0.07565667655367729,0.16365667655367727,False,0
21,1,Andy Grammer,13,False,7.0,7.0,14.0,False,0.084,0.07707775628308966,0.16107775628308968,False,0
21,1,Bindi Irwin,13,False,1.0,3.0,4.0,False,0.096,0.07620248456180145,0.17220248456180146,False,0
21,1,Carlos PenaVega,13,False,3.0,11.0,14.0,False,0.092,0.07739194223480539,0.1693919422348054,False,0
21,1,Chaka Khan,13,False,12.0,9.0,21.0,False,0.052,0.07728498847731462,0.12928498847731462,False,0
21,1,Gary Busey,13,False,9.0,8.0,17.0,False,0.06,0.07720796868839151,0.13720796868839152,False,0
21,1,Hayes Grier,13,False,7.0,12.0,19.0,False,0.084,0.0775615286774516,0.1615615286774516,False,0
21,1,Kim Zolciak-Biermann,13,False,13.0,10.0,23.0,True,0.048,0.07729593209258213,0.12529593209258214,True,0
21,1,Nick Carter,13,False,1.0,6.0,7.0,False,0.096,0.07704882301065655,0.17304882301065655,False,0
21,1,Paula Deen,13,False,9.0,13.0,22.0,False,0.06,0.07782062273781351,0.1378206227378135,False,0
21,1,Tamar Braxton,13,False,3.0,2.0,5.0,False,0.092,0.07611753129134426,0.16811753129134427,False,0
21,1,Victor Espinoza,13,False,9.0,4.0,13.0,False,0.06,0.07663428441179074,0.13663428441179074,False,0
21,2,Alek Skarlatos,13,False,4.0,3.0,7.0,False,0.08317929759704251,0.08087840909790128,0.1640577066949438,False,0
21,2,Alexa PenaVega,13,False,3.0,5.0,8.0,False,0.08502772643253234,0.0830230333707867,0.16805075980331904,False,0
21,2,Andy Grammer,13,False,8.0,7.0,15.0,False,0.08133086876155268,0.08445194593285844,0.16578281469441114,False,0
21,2,Bindi Irwin,13,False,2.0,9.0,11.0,False,0.08872458410351201,0.08496180990296687,0.1736863940064789,False,0
21,2,Carlos PenaVega,13,False,4.0,6.0,10.0,False,0.08317929759704251,0.08352550322781431,0.16670480082485684,False,0
21,2,Chaka Khan,13,True,13.0,2.0,15.0,False,0.05545286506469501,0.01723302348706507,0.07268588855176009,True,-1
21,2,Gary Busey,13,False,12.0,12.0,24.0,True,0.06099815157116451,0.10070046136943145,0.16169861294059595,False,1
21,2,Hayes Grier,13,False,4.0,8.0,12.0,False,0.08317929759704251,0.08489151055057081,0.16807080814761333,False,0
21,2,Kim Zolciak-Biermann,13,False,9.0,13.0,22.0,False,0.06839186691312385,0.10780998521137407,0.1762018521244979,False,0
21,2,Nick Carter,13,False,4.0,10.0,14.0,False,0.08317929759704251,0.08536850500510082,0.16854780260214333,False,0
21,2,Paula Deen,13,False,9.0,11.0,20.0,False,0.06839186691312385,0.09310051820790306,0.16149238512102693,False,0
21,2,Tamar Braxton,13,False,1.0,4.0,5.0,False,0.09057301293900184,0.08223531299054071,0.17280832592954254,False,0
21,2,Victor Espinoza,13,True,9.0,1.0,10.0,False,0.06839186691312385,0.011819981645686196,0.08021184855881004,False,0
21,3,Alek Skarlatos,10,False,3.0,6.0,9.0,False,0.10819672131147541,0.1002120812621784,0.2084088025736538,False,0
21,3,Alexa PenaVega,10,False,1.0,1.0,2.0,False,0.1180327868852459,0.09887307938711212,0.21690586627235803,False,0
21,3,Andy Grammer,10,False,8.0,9.0,17.0,False,0.09508196721311475,0.10076782477325336,0.1958497919863681,False,0
21,3,Bindi Irwin,10,False,5.0,7.0,12.0,False,0.10491803278688525,0.10030833886893696,0.2052263716558222,False,0
21,3,Carlos PenaVega,10,False,6.0,4.0,10.0,False,0.10163934426229508,0.09961683075859361,0.2012561750208887,False,0
21,3,Gary Busey,10,False,9.0,5.0,14.0,False,0.08196721311475409,0.10009204710632442,0.18205926022107852,False,0
21,3,Hayes Grier,10,False,7.0,2.0,9.0,False,0.09836065573770492,0.09908791755955561,0.1974485732972605,False,0
21,3,Nick Carter,10,False,1.0,8.0,9.0,False,0.1180327868852459,0.10034810543725207,0.21838089232249797,False,0
21,3,Paula Deen,10,False,10.0,10.0,20.0,True,0.06557377049180328,0.1011370494911902,0.16671081998299347,True,0
21,3,Tamar Braxton,10,False,3.0,3.0,6.0,False,0.10819672131147541,0.09955672535560334,0.20775344666707873,False,0
21,4,Alek Skarlatos,10,False,6.0,4.0,10.0,False,0.1016949152542373,0.10551083650412506,0.20720575175836237,False,0
21,4,Alexa PenaVega,10,False,8.0,9.0,17.0,False,0.08898305084745763,0.11046962389076487,0.19945267473822248,False,0
21,4,Andy Grammer,10,False,7.0,5.0,12.0,False,0.09745762711864407,0.10615778576654775,0.2036154128851918,False,0
21,4,Bindi Irwin,10,False,1.0,8.0,9.0,False,0.11864406779661017,0.10963459538765248,0.22827866318426265,False,0
21,4,Carlos PenaVega,10,False,5.0,7.0,12.0,False,0.1059322033898305,0.10854804654215919,0.2144802499319897,False,0
21,4,Gary Busey,10,True,10.0,1.0,11.0,False,0.06779661016949153,0.022094740954965372,0.0898913511244569,True,-1
21,4,Hayes Grier,10,False,2.0,3.0,5.0,False,0.11440677966101695,0.10481887160548804,0.219225651266505,False,0
21,4,Nick Carter,10,False,2.0,6.0,8.0,False,0.11440677966101695,0.10740931687325199,0.22181609653426893,False,0
21,4,Paula Deen,10,False,9.0,10.0,19.0,True,0.07627118644067797,0.12209545831813802,0.198366644758816,False,1
21,4,Tamar Braxton,10,False,2.0,2.0,4.0,False,0.11440677966101695,0.10326072415690725,0.2176675038179242,False,0
21,5,Alek Skarlatos,9,False,7.0,6.0,13.0,False,0.09634551495016612,0.11144029385380837,0.2077858088039745,False,0
21,5,Alexa PenaVega,9,False,1.0,2.0,3.0,False,0.132890365448505,0.11041695201914878,0.24330731746765377,False,0
21,5,Andy Grammer,9,False,4.0,4.0,8.0,False,0.11960132890365449,0.11071675810695013,0.23031808701060463,False,0
21,5,Bindi Irwin,9,False,3.0,3.0,6.0,False,0.12292358803986711,0.11044114150941178,0.2333647295492789,False,0
21,5,Carlos PenaVega,9,False,2.0,5.0,7.0,False,0.12956810631229235,0.11120919884678936,0.2407773051590817,False,0
21,5,Hayes Grier,9,False,6.0,1.0,7.0,False,0.09966777408637874,0.11021051400773922,0.20987828809411796,False,0
21,5,Nick Carter,9,False,5.0,9.0,14.0,False,0.11627906976744186,0.1122280015270703,0.22850707129451214,False,0
21,5,Paula Deen,9,False,9.0,7.0,16.0,True,0.08637873754152824,0.1116082219300042,0.19798695947153244,True,0
21,5,Tamar Braxton,9,False,7.0,8.0,15.0,False,0.09634551495016612,0.11172891819907775,0.20807443314924387,False,0
21,6,Alek Skarlatos,9,False,7.0,9.0,16.0,True,0.09584664536741214,0.13192022774687825,0.2277668731142904,False,1
21,6,Alexa PenaVega,9,False,7.0,7.0,14.0,False,0.09584664536741214,0.12488118787149602,0.22072783323890816,False,0
21,6,Andy Grammer,9,False,1.0,6.0,7.0,False,0.12779552715654952,0.1210505358235749,0.2488460629801244,False,0
21,6,Bindi Irwin,9,False,1.0,4.0,5.0,False,0.12779552715654952,0.11808396829595975,0.24587949545250926,False,0
21,6,Carlos PenaVega,9,False,5.0,2.0,7.0,False,0.12140575079872204,0.11720382777198504,0.23860957857070708,False,0
21,6,Hayes Grier,9,False,6.0,8.0,14.0,False,0.10223642172523961,0.12568745422714178,0.2279238759523814,False,0
21,6,Nick Carter,9,False,4.0,3.0,7.0,False,0.12460063897763578,0.11744055047614613,0.2420411894537819,False,0
21,6,Paula Deen,9,True,9.0,1.0,10.0,False,0.07667731629392971,0.024927169495203558,0.10160448578913327,True,-1
21,6,Tamar Braxton,9,False,1.0,5.0,6.0,False,0.12779552715654952,0.11880507829161464,0.24660060544816415,False,0
21,7,Alek Skarlatos,8,False,8.0,8.0,16.0,True,0.11990950226244344,0.1452752542367162,0.2651847564991596,False,1
21,7,Alexa PenaVega,8,False,5.0,7.0,12.0,False,0.1244343891402715,0.1420935663928579,0.26652795553312936,False,0
21,7,Andy Grammer,8,False,2.0,3.0,5.0,False,0.12669683257918551,0.13879103496856784,0.26548786754775333,False,0
21,7,Bindi Irwin,8,False,1.0,2.0,3.0,False,0.13122171945701358,0.13532809225403888,0.26654981171105246,False,0
21,7,Carlos PenaVega,8,False,2.0,5.0,7.0,False,0.12669683257918551,0.14074963928504677,0.2674464718642323,False,0
21,7,Hayes Grier,8,True,2.0,1.0,3.0,False,0.12669683257918551,0.015492943488615915,0.14218977606780142,True,-1
21,7,Nick Carter,8,False,6.0,6.0,12.0,False,0.12217194570135746,0.14179699235890808,0.26396893806026556,False,0
21,7,Tamar Braxton,8,False,6.0,4.0,10.0,False,0.12217194570135746,0.1404724770152485,0.262644422716606,False,0
21,8,Alek Skarlatos,7,False,6.0,7.0,13.0,True,0.12886637793725134,0.16847905543819602,0.2973454333754474,False,1
21,8,Alexa PenaVega,7,False,5.0,4.0,9.0,False,0.13917465724120795,0.16250976111567525,0.3016844183568832,False,0
21,8,Andy Grammer,7,True,7.0,1.0,8.0,False,0.1237106918887378,0.026529732146394883,0.15024042403513269,True,-1
21,8,Bindi Irwin,7,False,3.0,3.0,6.0,False,0.1443303432897215,0.16232644957650058,0.30665679286622205,False,0
21,8,Carlos PenaVega,7,False,2.0,5.0,7.0,False,0.14948396747618806,0.16293115153580254,0.3124151190119906,False,0
21,8,Nick Carter,7,False,1.0,2.0,3.0,False,0.17010361887717176,0.15309738554596777,0.32320100442313954,False,0
21,8,Tamar Braxton,7,False,3.0,6.0,9.0,False,0.1443303432897215,0.16412646464146288,0.30845680793118435,False,0
21,9,Alek Skarlatos,6,False,5.0,5.0,10.0,False,0.15501519756838905,0.20352469927256844,0.3585398968409575,False,0
21,9,Alexa PenaVega,6,True,1.0,1.0,2.0,False,0.182370820668693,0.024779485836749424,0.20715030650544242,True,-1
21,9,Bindi Irwin,6,False,1.0,2.0,3.0,False,0.182370820668693,0.17362748230138123,0.35599830297007423,False,0
21,9,Carlos PenaVega,6,False,4.0,3.0,7.0,False,0.1641337386018237,0.18820039515869932,0.352334133760523,False,0
21,9,Nick Carter,6,False,3.0,4.0,7.0,False,0.16717325227963525,0.19952740074135544,0.3667006530209907,False,0
21,9,Tamar Braxton,6,False,6.0,6.0,12.0,True,0.14893617021276595,0.21034053668924618,0.35927670690201213,False,1
21,10,Alek Skarlatos,4,False,3.0,3.0,6.0,False,0.24050632911392406,0.25006026450578417,0.4905665936197082,False,0
21,10,Bindi Irwin,4,False,1.0,1.0,2.0,False,0.26582278481012656,0.2496193473834952,0.5154421321936218,False,0
21,10,Carlos PenaVega,4,False,1.0,2.0,3.0,False,0.26582278481012656,0.24998982698680222,0.5158126117969288,False,0
21,10,Nick Carter,4,False,4.0,4.0,8.0,True,0.22784810126582278,0.2503305611239184,0.47817866238974116,True,0
21,11,Alek Skarlatos,4,False,4.0,4.0,8.0,True,0.2372874892266858,0.3222246399986215,0.5595121292253074,False,1
21,11,Bindi Irwin,4,False,1.0,3.0,4.0,False,0.25423750359110475,0.3084332462164669,0.5626707498075716,False,0
21,11,Carlos PenaVega,4,True,1.0,1.0,2.0,False,0.25423750359110475,0.06186410837242063,0.3161016119635254,True,-1
21,11,Nick Carter,4,False,1.0,2.0,3.0,False,0.25423750359110475,0.30747800541249093,0.5617155090035957,False,0
22,1,Antonio Brown,12,False,4.0,9.0,13.0,False,0.08860759493670886,0.08369214951473189,0.17229974445144075,False,0
22,1,Doug Flutie,12,False,11.0,5.0,16.0,False,0.06329113924050633,0.083219598828662,0.14651073806916834,False,0
22,1,Geraldo Rivera,12,False,12.0,2.0,14.0,False,0.05485232067510549,0.08274269077783973,0.13759501145294523,True,-1
22,1,Ginger Zee,12,False,1.0,3.0,4.0,False,0.0970464135021097,0.08274509754710291,0.1797915110492126,False,0
22,1,Jodie Sweetin,12,False,8.0,12.0,20.0,True,0.08438818565400844,0.08487576246641494,0.1692639481204234,False,1
22,1,Kim Fields,12,False,8.0,4.0,12.0,False,0.08438818565400844,0.0831208261468068,0.16750901180081523,False,0
22,1,Marla Maples,12,False,4.0,8.0,12.0,False,0.08860759493670886,0.0835152707436339,0.17212286568034274,False,0
22,1,Mischa Barton,12,False,10.0,10.0,20.0,True,0.06751054852320675,0.08374673179712279,0.15125728032032953,False,1
22,1,Nyle DiMarco,12,False,1.0,11.0,12.0,False,0.0970464135021097,0.08426419062469731,0.181310604126807,False,0
22,1,Paige VanZant,12,False,4.0,1.0,5.0,False,0.08860759493670886,0.08142470625497823,0.1700323011916871,False,0
22,1,Von Miller,12,False,4.0,7.0,11.0,False,0.08860759493670886,0.0833310232576922,0.17193861819440107,False,0
22,1,Wanya Morris,12,False,1.0,6.0,7.0,False,0.0970464135021097,0.08332195204031718,0.18036836554242688,False,0
22,2,Antonio Brown,12,False,9.0,10.0,19.0,False,0.08050847457627118,0.09088230993110118,0.17139078450737236,False,0
22,2,Doug Flutie,12,False,5.0,8.0,13.0,False,0.0847457627118644,0.08948327682342255,0.17422903953528696,False,0
22,2,Geraldo Rivera,12,True,12.0,1.0,13.0,False,0.05508474576271186,0.017897496733629763,0.07298224249634162,True,-1
22,2,Ginger Zee,12,False,3.0,4.0,7.0,False,0.08898305084745763,0.08686345997732481,0.17584651082478242,False,0
22,2,Jodie Sweetin,12,False,3.0,7.0,10.0,False,0.08898305084745763,0.08882563734552179,0.1778086881929794,False,0
22,2,Kim Fields,12,False,9.0,5.0,14.0,False,0.08050847457627118,0.08847097977708387,0.16897945435335504,False,0
22,2,Marla Maples,12,False,5.0,6.0,11.0,False,0.0847457627118644,0.08854961563385504,0.17329537834571945,False,0
22,2,Mischa Barton,12,False,11.0,12.0,23.0,True,0.0635593220338983,0.09669266204298788,0.16025198407688618,False,1
22,2,Nyle DiMarco,12,False,5.0,11.0,16.0,False,0.0847457627118644,0.0911758341283664,0.1759215968402308,False,0
22,2,Paige VanZant,12,False,1.0,2.0,3.0,False,0.1016949152542373,0.08506272278669692,0.1867576380409342,False,0
22,2,Von Miller,12,False,5.0,9.0,14.0,False,0.0847457627118644,0.0899896075632281,0.1747353702750925,False,0
22,2,Wanya Morris,12,False,1.0,3.0,4.0,False,0.1016949152542373,0.08610639725678154,0.18780131251101884,False,0
22,3,Antonio Brown,11,False,8.0,10.0,18.0,False,0.08438818565400844,0.1024371702724237,0.18682535592643212,False,0
22,3,Doug Flutie,11,False,8.0,11.0,19.0,True,0.08438818565400844,0.10264785672956339,0.18703604238357183,False,1
22,3,Ginger Zee,11,False,6.0,6.0,12.0,False,0.08860759493670886,0.09863591690587295,0.1872435118425818,False,0
22,3,Jodie Sweetin,11,False,3.0,2.0,5.0,False,0.0970464135021097,0.09395169897585529,0.190998112477965,False,0
22,3,Kim Fields,11,False,5.0,3.0,8.0,False,0.09282700421940929,0.09676237511750861,0.18958937933691788,False,0
22,3,Marla Maples,11,False,6.0,8.0,14.0,False,0.08860759493670886,0.09921629706944891,0.1878238920061578,False,0
22,3,Mischa Barton,11,True,11.0,1.0,12.0,False,0.0759493670886076,0.012977102721768769,0.08892646981037637,True,-1
22,3,Nyle DiMarco,11,False,1.0,4.0,5.0,False,0.10548523206751055,0.09700142308238256,0.2024866551498931,False,0
22,3,Paige VanZant,11,False,3.0,7.0,10.0,False,0.0970464135021097,0.09909370071629638,0.19614011421840608,False,0
22,3,Von Miller,11,False,8.0,9.0,17.0,False,0.08438818565400844,0.09936113555296083,0.18374932120696927,False,0
22,3,Wanya Morris,11,False,2.0,5.0,7.0,False,0.10126582278481013,0.09791532285591847,0.19918114564072859,False,0
22,4,Antonio Brown,10,False,3.0,3.0,6.0,False,0.109717868338558,0.10314089195487092,0.21285876029342893,False,0
22,4,Doug Flutie,10,False,10.0,10.0,20.0,True,0.07523510971786834,0.1270420142766096,0.20227712399447795,False,1
22,4,Ginger Zee,10,False,1.0,4.0,5.0,False,0.11285266457680251,0.1034969152785983,0.21634957985540082,False,0
22,4,Jodie Sweetin,10,False,9.0,9.0,18.0,False,0.08463949843260188,0.1215165798263863,0.20615607825898818,False,0
22,4,Kim Fields,10,False,6.0,7.0,13.0,False,0.10031347962382445,0.10781415949816203,0.20812763912198648,False,0
22,4,Marla Maples,10,True,8.0,1.0,9.0,False,0.0877742946708464,0.01470680130082621,0.1024810959716726,True,-1
22,4,Nyle DiMarco,10,False,5.0,6.0,11.0,False,0.10658307210031348,0.10733231264786693,0.2139153847481804,False,0
22,4,Paige VanZant,10,False,1.0,2.0,3.0,False,0.11285266457680251,0.10047241841149829,0.2133250829883008,False,0
22,4,Von Miller,10,False,6.0,8.0,14.0,False,0.10031347962382445,0.10866098741372524,0.20897446703754968,False,0
22,4,Wanya Morris,10,False,3.0,5.0,8.0,False,0.109717868338558,0.10581691939145615,0.21553478773001417,False,0
22,5,Antonio Brown,9,False,9.0,6.0,15.0,False,0.09420289855072464,0.11124533105541104,0.20544822960613568,True,-1
22,5,Doug Flutie,9,False,7.0,2.0,9.0,False,0.10144927536231885,0.10962471629531124,0.21107399165763008,False,0
22,5,Ginger Zee,9,False,3.0,1.0,4.0,False,0.11594202898550725,0.10930474535376432,0.22524677433927157,False,0
22,5,Jodie Sweetin,9,False,2.0,7.0,9.0,False,0.12681159420289856,0.11220519345578714,0.2390167876586857,False,0
22,5,Kim Fields,9,False,7.0,9.0,16.0,True,0.10144927536231885,0.11305184435712796,0.2145011197194468,False,1
22,5,Nyle DiMarco,9,False,1.0,5.0,6.0,False,0.13405797101449277,0.11103789218842688,0.24509586320291965,False,0
22,5,Paige VanZant,9,False,4.0,3.0,7.0,False,0.11231884057971014,0.11056688694981895,0.2228857275295291,False,0
22,5,Von Miller,9,False,6.0,4.0,10.0,False,0.10507246376811594,0.11067149059873872,0.21574395436685467,False,0
22,5,Wanya Morris,9,False,5.0,8.0,13.0,False,0.10869565217391304,0.11229189974561397,0.22098755191952701,False,0
22,6,Antonio Brown,9,False,3.0,4.0,7.0,False,0.11894273127753303,0.1189720178914306,0.23791474916896363,False,0
22,6,Doug Flutie,9,True,9.0,1.0,10.0,False,0.09251101321585903,0.01870753292146312,0.11121854613732216,True,-1
22,6,Ginger Zee,9,False,6.0,5.0,11.0,False,0.10572687224669604,0.12217273336961366,0.2278996056163097,False,0
22,6,Jodie Sweetin,9,False,4.0,6.0,10.0,False,0.11013215859030837,0.12363305158955905,0.2337652101798674,False,0
22,6,Kim Fields,9,False,6.0,7.0,13.0,False,0.10572687224669604,0.12628973184832018,0.23201660409501623,False,0
22,6,Nyle DiMarco,9,False,4.0,9.0,13.0,False,0.11013215859030837,0.12696746764090877,0.23709962623121714,False,0
22,6,Paige VanZant,9,False,2.0,3.0,5.0,False,0.12334801762114538,0.1184824994986872,0.24183051711983256,False,0
22,6,Von Miller,9,False,6.0,8.0,14.0,True,0.10572687224669604,0.1263408529943899,0.23206772524108593,False,1
22,6,Wanya Morris,9,False,1.0,2.0,3.0,False,0.1277533039647577,0.11843411224562755,0.24618741621038526,False,0
22,7,Antonio Brown,8,False,5.0,8.0,13.0,False,0.12149532710280374,0.16557132638910177,0.2870666534919055,False,0
22,7,Ginger Zee,8,False,2.0,4.0,6.0,False,0.12850467289719625,0.1520434532433935,0.28054812614058977,False,0
22,7,Jodie Sweetin,8,False,8.0,6.0,14.0,True,0.1191588785046729,0.16299426891681673,0.2821531474214896,False,1
22,7,Kim Fields,8,True,5.0,1.0,6.0,False,0.12149532710280374,0.02637483801579954,0.1478701651186033,True,-1
22,7,Nyle DiMarco,8,False,1.0,3.0,4.0,False,0.1308411214953271,0.14797944958664566,0.2788205710819728,False,0
22,7,Paige VanZant,8,False,2.0,5.0,7.0,False,0.12850467289719625,0.15505965353854415,0.28356432643574037,False,0
22,7,Von Miller,8,True,5.0,2.0,7.0,False,0.12149532710280374,0.026609110104175063,0.1481044372069788,False,0
22,7,Wanya Morris,8,False,2.0,7.0,9.0,False,0.12850467289719625,0.16336790020552358,0.29187257310271986,False,0
22,8,Antonio Brown,6,False,5.0,5.0,10.0,False,0.15976331360946747,0.19793448668155167,0.35769780029101916,False,0
22,8,Ginger Zee,6,False,1.0,2.0,3.0,False,0.17751479289940827,0.17952984399297653,0.3570446368923848,False,0
22,8,Jodie Sweetin,6,True,1.0,1.0,2.0,False,0.17751479289940827,0.02590326068896956,0.20341805358837783,True,-1
22,8,Nyle DiMarco,6,False,3.0,3.0,6.0,False,0.17159763313609466,0.18417100225659266,0.3557686353926873,False,0
22,8,Paige VanZant,6,False,4.0,4.0,8.0,False,0.16568047337278108,0.193699175538283,0.3593796489110641,False,0
22,8,Wanya Morris,6,False,6.0,6.0,12.0,True,0.14792899408284024,0.2187622308416267,0.36669122492446693,False,1
22,9,Antonio Brown,5,True,5.0,2.0,7.0,False,0.1916376306620209,0.06853961876471303,0.2601772494267339,True,-1
22,9,Ginger Zee,5,False,4.0,5.0,9.0,True,0.1951219512195122,0.2933217409057852,0.4884436921252974,False,1
22,9,Nyle DiMarco,5,False,3.0,3.0,6.0,False,0.1986062717770035,0.2874423320759068,0.48604860385291027,False,0
22,9,Paige VanZant,5,False,2.0,4.0,6.0,False,0.20557491289198607,0.2879557764006087,0.4935306892925948,False,0
22,9,Wanya Morris,5,True,1.0,1.0,2.0,False,0.20905923344947736,0.06274053185298618,0.2717997653024635,False,0
22,10,Ginger Zee,3,False,3.0,3.0,6.0,True,0.3256704628527028,0.33579974848128225,0.661470211333985,True,0
22,10,Nyle DiMarco,3,False,2.0,2.0,4.0,False,0.3333325670462853,0.33289110001165784,0.6662236670579431,False,0
22,10,Paige VanZant,3,False,1.0,1.0,2.0,False,0.340996970101012,0.33130915150705986,0.6723061216080719,False,0
23,1,Amber Rose,13,False,9.0,13.0,22.0,True,0.07272727272727272,0.07809007083358303,0.15081734356085574,False,1
23,1,Babyface,13,False,5.0,9.0,14.0,False,0.07878787878787878,0.07731033210374533,0.15609821089162412,False,0
23,1,Calvin Johnson Jr.,13,False,5.0,11.0,16.0,False,0.07878787878787878,0.07761143586154959,0.15639931464942836,False,0
23,1,Jake T. Austin,13,False,11.0,3.0,14.0,False,0.06666666666666667,0.07610679639826151,0.14277346306492816,False,0
23,1,James Hinchcliffe,13,False,1.0,12.0,13.0,False,0.09393939393939393,0.07763931051434353,0.17157870445373746,False,0
23,1,Jana Kramer,13,False,3.0,8.0,11.0,False,0.08181818181818182,0.07707816427873476,0.15889634609691658,False,0
23,1,Laurie Hernandez,13,False,1.0,2.0,3.0,False,0.09393939393939393,0.07602896723594385,0.16996836117533778,False,0
23,1,Marilu Henner,13,False,3.0,5.0,8.0,False,0.08181818181818182,0.07658548598460421,0.15840366780278603,False,0
23,1,Maureen McCormick,13,False,11.0,4.0,15.0,False,0.06666666666666667,0.07643921960516491,0.14310588627183157,False,0
23,1,Rick Perry,13,False,13.0,1.0,14.0,False,0.06060606060606061,0.0757961792420017,0.13640223984806232,True,-1
23,1,Ryan Lochte,13,False,9.0,6.0,15.0,False,0.07272727272727272,0.0769329145384823,0.14966018726575503,False,0
23,1,Terra Jole,13,False,7.0,10.0,17.0,False,0.07575757575757576,0.07733163503532535,0.1530892107929011,False,0
23,1,Vanilla Ice,13,False,7.0,7.0,14.0,False,0.07575757575757576,0.07704948836826013,0.1528070641258359,False,0
23,2,Amber Rose,13,False,10.0,12.0,22.0,False,0.06818181818181818,0.08997073914271586,0.15815255732453404,False,0
23,2,Babyface,13,False,3.0,3.0,6.0,False,0.08522727272727272,0.07732705741308225,0.16255433014035497,False,0
23,2,Calvin Johnson Jr.,13,False,6.0,6.0,12.0,False,0.07954545454545454,0.08058518549371042,0.16013064003916497,False,0
23,2,Jake T. Austin,13,True,10.0,1.0,11.0,False,0.06818181818181818,0.008756407600235222,0.0769382257820534,True,-1
23,2,James Hinchcliffe,13,False,4.0,2.0,6.0,False,0.08238636363636363,0.07671712802628913,0.15910349166265275,False,0
23,2,Jana Kramer,13,False,4.0,9.0,13.0,False,0.08238636363636363,0.08363659290706434,0.16602295654342797,False,0
23,2,Laurie Hernandez,13,False,1.0,4.0,5.0,False,0.09090909090909091,0.07862509888716873,0.16953418979625964,False,0
23,2,Marilu Henner,13,False,7.0,7.0,14.0,False,0.07670454545454546,0.08095815329759874,0.1576626987521442,False,0
23,2,Maureen McCormick,13,False,8.0,8.0,16.0,False,0.07386363636363637,0.0815807890423216,0.155444425405958,False,0
23,2,Rick Perry,13,False,13.0,13.0,26.0,True,0.0625,0.09012476265590308,0.15262476265590308,False,1
23,2,Ryan Lochte,13,False,10.0,11.0,21.0,False,0.06818181818181818,0.08754313348920889,0.15572495167102707,False,0
23,2,Terra Jole,13,False,2.0,5.0,7.0,False,0.08806818181818182,0.07947809107072443,0.16754627288890625,False,0
23,2,Vanilla Ice,13,False,8.0,10.0,18.0,False,0.07386363636363637,0.08469686097397731,0.15856049733761368,False,0
23,3,Amber Rose,12,False,8.0,9.0,17.0,False,0.07692307692307693,0.09072692807505015,0.16765000499812707,False,0
23,3,Babyface,12,False,8.0,11.0,19.0,False,0.07692307692307693,0.09256442046349075,0.16948749738656768,False,0
23,3,Calvin Johnson Jr.,12,False,1.0,2.0,3.0,False,0.09846153846153846,0.08588464517627846,0.1843461836378169,False,0
23,3,James Hinchcliffe,12,False,4.0,3.0,7.0,False,0.08923076923076922,0.08701461509285707,0.1762453843236263,False,0
23,3,Jana Kramer,12,False,7.0,10.0,17.0,False,0.08,0.09093578673391711,0.17093578673391713,False,0
23,3,Laurie Hernandez,12,False,2.0,5.0,7.0,False,0.09538461538461539,0.08763252222225727,0.18301713760687266,False,0
23,3,Marilu Henner,12,False,5.0,4.0,9.0,False,0.08615384615384615,0.08733222795212518,0.17348607410597133,False,0
23,3,Maureen McCormick,12,False,5.0,7.0,12.0,False,0.08615384615384615,0.08935137222101813,0.17550521837486427,False,0
23,3,Rick Perry,12,True,11.0,1.0,12.0,False,0.07076923076923076,0.011174886598526477,0.08194411736775724,True,-1
23,3,Ryan Lochte,12,False,8.0,8.0,16.0,False,0.07692307692307693,0.09059449294367869,0.16751756986675562,False,0
23,3,Terra Jole,12,False,3.0,6.0,9.0,False,0.09230769230769231,0.08879006479819246,0.18109775710588477,False,0
23,3,Vanilla Ice,12,False,11.0,12.0,23.0,True,0.07076923076923076,0.09799803772260812,0.16876726849183887,False,1
23,4,Amber Rose,11,False,4.0,9.0,13.0,False,0.09195402298850575,0.11050964385842557,0.20246366684693132,False,0
23,4,Babyface,11,True,11.0,2.0,13.0,False,0.06896551724137931,0.020791530486467185,0.0897570477278465,True,-1
23,4,Calvin Johnson Jr.,11,False,6.0,7.0,13.0,False,0.08812260536398467,0.1093636108233199,0.19748621618730455,False,0
23,4,James Hinchcliffe,11,False,2.0,3.0,5.0,False,0.10727969348659004,0.09281129581456703,0.20009098930115707,False,0
23,4,Jana Kramer,11,False,6.0,10.0,16.0,False,0.08812260536398467,0.11329935372153364,0.2014219590855183,False,0
23,4,Laurie Hernandez,11,False,1.0,4.0,5.0,False,0.11494252873563218,0.09791371976820562,0.2128562485038378,False,0
23,4,Marilu Henner,11,False,10.0,8.0,18.0,False,0.08045977011494253,0.1100550574770538,0.19051482759199634,False,0
23,4,Maureen McCormick,11,False,4.0,6.0,10.0,False,0.09195402298850575,0.10927688843571408,0.20123091142421984,False,0
23,4,Ryan Lochte,11,False,9.0,11.0,20.0,True,0.0842911877394636,0.12063736177910704,0.20492854951857065,False,1
23,4,Terra Jole,11,False,3.0,5.0,8.0,False,0.09578544061302682,0.10168628685693165,0.19747172746995847,False,0
23,4,Vanilla Ice,11,True,6.0,1.0,7.0,False,0.08812260536398467,0.013655250978674632,0.1017778563426593,False,0
23,5,Amber Rose,9,False,6.0,9.0,15.0,True,0.10434782608695652,0.11329852244165832,0.21764634852861484,False,1
23,5,Calvin Johnson Jr.,9,False,6.0,4.0,10.0,False,0.10434782608695652,0.11108289454334833,0.21543072063030483,False,0
23,5,James Hinchcliffe,9,False,1.0,5.0,6.0,False,0.12608695652173912,0.11122146493185436,0.2373084214535935,False,0
23,5,Jana Kramer,9,False,4.0,8.0,12.0,False,0.11304347826086956,0.11167239093715145,0.224715869198021,False,0
23,5,Laurie Hernandez,9,False,5.0,3.0,8.0,False,0.10869565217391304,0.1105923993868818,0.21928805156079484,False,0
23,5,Marilu Henner,9,False,2.0,2.0,4.0,False,0.11739130434782609,0.1098233324858995,0.2272146368337256,False,0
23,5,Maureen McCormick,9,False,6.0,1.0,7.0,False,0.10434782608695652,0.10979409636849552,0.21414192245545205,True,-1
23,5,Ryan Lochte,9,False,6.0,7.0,13.0,False,0.10434782608695652,0.11127655200575123,0.21562437809270774,False,0
23,5,Terra Jole,9,False,2.0,6.0,8.0,False,0.11739130434782609,0.1112383468989594,0.22862965124678547,False,0
23,6,Amber Rose,9,True,9.0,1.0,10.0,False,0.09180327868852459,0.01874438874568697,0.11054766743421156,True,-1
23,6,Calvin Johnson Jr.,9,False,3.0,6.0,9.0,False,0.12131147540983607,0.12203648580068481,0.24334796121052088,False,0
23,6,James Hinchcliffe,9,False,2.0,3.0,5.0,False,0.12459016393442623,0.11944393590185812,0.24403409983628435,False,0
23,6,Jana Kramer,9,False,1.0,2.0,3.0,False,0.13114754098360656,0.11694473998847307,0.24809228097207964,False,0
23,6,Laurie Hernandez,9,False,3.0,4.0,7.0,False,0.12131147540983607,0.12001891971394339,0.24133039512377946,False,0
23,6,Marilu Henner,9,False,5.0,5.0,10.0,False,0.11147540983606558,0.12065840830859952,0.2321338181446651,False,0
23,6,Maureen McCormick,9,False,6.0,7.0,13.0,False,0.10163934426229508,0.12514332869377737,0.22678267295607246,False,0
23,6,Ryan Lochte,9,False,7.0,9.0,16.0,True,0.09836065573770492,0.1306629584206833,0.2290236141583882,False,1
23,6,Terra Jole,9,False,7.0,8.0,15.0,False,0.09836065573770492,0.12634683442629346,0.22470749016399838,False,0
23,7,Calvin Johnson Jr.,8,False,1.0,3.0,4.0,False,0.13430127041742287,0.13561189780952548,0.26991316822694833,False,0
23,7,James Hinchcliffe,8,False,1.0,2.0,3.0,False,0.13430127041742287,0.13416906955290261,0.2684703399703255,False,0
23,7,Jana Kramer,8,False,3.0,4.0,7.0,False,0.12522686025408347,0.13567129331811692,0.26089815357220036,False,0
23,7,Laurie Hernandez,8,False,3.0,6.0,9.0,False,0.12522686025408347,0.14272504059938532,0.26795190085346876,False,0
23,7,Marilu Henner,8,False,8.0,8.0,16.0,True,0.1161524500907441,0.14860452592419912,0.2647569760149432,False,1
23,7,Maureen McCormick,8,True,6.0,1.0,7.0,False,0.11978221415607986,0.016748770585879234,0.1365309847419591,True,-1
23,7,Ryan Lochte,8,False,6.0,5.0,11.0,False,0.11978221415607986,0.1418998001170978,0.26168201427317767,False,0
23,7,Terra Jole,8,False,3.0,7.0,10.0,False,0.12522686025408347,0.14456960209289355,0.269796462346977,False,0
23,8,Calvin Johnson Jr.,7,False,3.0,4.0,7.0,False,0.14925387985460684,0.15572550840401378,0.3049793882586206,False,0
23,8,James Hinchcliffe,7,False,1.0,2.0,3.0,False,0.1741285314711756,0.1456733144163855,0.3198018458875611,False,0
23,8,Jana Kramer,7,False,3.0,5.0,8.0,False,0.14925387985460684,0.1566119518375248,0.30586583169213166,False,0
23,8,Laurie Hernandez,7,False,2.0,3.0,5.0,False,0.1641792678400675,0.15082733770838155,0.31500660554844906,False,0
23,8,Marilu Henner,7,False,7.0,7.0,14.0,True,0.11442797455519857,0.1850087741023072,0.2994367486575058,False,1
23,8,Ryan Lochte,7,True,5.0,1.0,6.0,False,0.12935336254065924,0.02499830449070466,0.1543516670313639,True,-1
23,8,Terra Jole,7,False,6.0,6.0,12.0,False,0.11940310388368545,0.18115480904068249,0.30055791292436795,False,0
23,9,Calvin Johnson Jr.,6,False,4.0,5.0,9.0,False,0.16299559471365638,0.19759849277436625,0.36059408748802263,False,0
23,9,James Hinchcliffe,6,False,5.0,6.0,11.0,True,0.15859030837004406,0.2026125453739309,0.361202853743975,False,1
23,9,Jana Kramer,6,False,1.0,2.0,3.0,False,0.1762114537444934,0.1846450124968603,0.3608564662413537,False,0
23,9,Laurie Hernandez,6,False,1.0,3.0,4.0,False,0.1762114537444934,0.18846219866812067,0.36467365241261407,False,0
23,9,Marilu Henner,6,True,5.0,1.0,6.0,False,0.15859030837004406,0.03035284833561371,0.18894315670565778,True,-1
23,9,Terra Jole,6,False,3.0,4.0,7.0,False,0.16740088105726872,0.19632890235110828,0.363729783408377,False,0
23,10,Calvin Johnson Jr.,5,False,5.0,5.0,10.0,True,0.19112627986348124,0.24721958822651094,0.4383458680899922,False,1
23,10,James Hinchcliffe,5,False,3.0,3.0,6.0,False,0.20136518771331058,0.24027568351834902,0.4416408712316596,False,0
23,10,Jana Kramer,5,False,4.0,4.0,8.0,False,0.19795221843003413,0.24034963406391546,0.4383018524939496,False,0
23,10,Laurie Hernandez,5,False,1.0,2.0,3.0,False,0.20477815699658702,0.23436073359418905,0.43913889059077604,False,0
23,10,Terra Jole,5,True,1.0,1.0,2.0,False,0.20477815699658702,0.037794360597035566,0.24257251759362258,True,-1
23,11,Calvin Johnson Jr.,4,False,3.0,4.0,7.0,True,0.25191616266698036,0.3152282357012896,0.56714439836827,False,1
23,11,James Hinchcliffe,4,False,2.0,2.0,4.0,False,0.25629755904896034,0.30599680095443976,0.5622943600034,False,0
23,11,Jana Kramer,4,True,4.0,1.0,5.0,False,0.2332976924558098,0.067578460345554,0.3008761528013638,True,-1
23,11,Laurie Hernandez,4,False,1.0,3.0,4.0,False,0.2584885858282496,0.3111965029987165,0.569685088826966,False,0
24,1,Bonner Bolton,12,False,9.0,3.0,12.0,False,0.0728476821192053,0.08287280524836,0.15572048736756527,False,0
24,1,Charo,12,False,10.0,11.0,21.0,True,0.0695364238410596,0.08460306032523357,0.15413948416629317,False,1
24,1,Chris Kattan,12,False,12.0,2.0,14.0,False,0.056291390728476824,0.08281159244568585,0.13910298317416267,True,-1
24,1,David Ross,12,False,3.0,7.0,10.0,False,0.09271523178807947,0.08321245855899088,0.17592769034707034,False,0
24,1,Erika Jayne,12,False,7.0,8.0,15.0,False,0.07947019867549669,0.08326410992258396,0.16273430859808063,False,0
24,1,Heather Morris,12,False,3.0,9.0,12.0,False,0.09271523178807947,0.0834102651845743,0.17612549697265378,False,0
24,1,Mr. T,12,False,11.0,6.0,17.0,False,0.06622516556291391,0.08311896242024693,0.14934412798316082,False,0
24,1,Nancy Kerrigan,12,False,3.0,5.0,8.0,False,0.09271523178807947,0.08306921256042936,0.17578444434850882,False,0
24,1,Nick Viall,12,False,7.0,10.0,17.0,False,0.07947019867549669,0.08346187793716064,0.16293207661265735,False,0
24,1,Normani,12,False,6.0,4.0,10.0,False,0.08940397350993377,0.0829274397945367,0.1723314133044705,False,0
24,1,Rashad Jennings,12,False,2.0,12.0,14.0,False,0.10264900662251655,0.08466401423424974,0.1873130208567663,False,0
24,1,Simone Biles,12,False,1.0,1.0,2.0,False,0.10596026490066225,0.0825842013679479,0.18854446626861016,False,0
24,2,Bonner Bolton,12,False,5.0,2.0,7.0,False,0.08536585365853659,0.08640846457200377,0.17177431823054035,False,0
24,2,Charo,12,False,9.0,11.0,20.0,False,0.07621951219512195,0.09436623117590556,0.1705857433710275,False,0
24,2,Chris Kattan,12,True,11.0,1.0,12.0,False,0.06707317073170732,0.012345761559732962,0.07941893229144029,True,-1
24,2,David Ross,12,False,8.0,6.0,14.0,False,0.08231707317073171,0.08837292937306548,0.17069000254379718,False,0
24,2,Erika Jayne,12,False,5.0,4.0,9.0,False,0.08536585365853659,0.08750202746052606,0.17286788111906265,False,0
24,2,Heather Morris,12,False,3.0,5.0,8.0,False,0.09146341463414634,0.08780090090806075,0.1792643155422071,False,0
24,2,Mr. T,12,False,11.0,12.0,23.0,True,0.06707317073170732,0.09847673531135548,0.1655499060430628,False,1
24,2,Nancy Kerrigan,12,False,5.0,8.0,13.0,False,0.08536585365853659,0.08908387101334331,0.1744497246718799,False,0
24,2,Nick Viall,12,False,9.0,9.0,18.0,False,0.07621951219512195,0.08964261511107117,0.16586212730619312,False,0
24,2,Normani,12,False,1.0,10.0,11.0,False,0.0975609756097561,0.08967949634725897,0.18724047195701507,False,0
24,2,Rashad Jennings,12,False,1.0,3.0,4.0,False,0.0975609756097561,0.08747146311277806,0.18503243872253416,False,0
24,2,Simone Biles,12,False,4.0,7.0,11.0,False,0.08841463414634146,0.0888495040548984,0.17726413820123987,False,0
24,3,Bonner Bolton,11,False,9.0,11.0,20.0,True,0.0761904761904762,0.10822028843843168,0.18441076462890788,False,1
24,3,Charo,11,True,9.0,1.0,10.0,False,0.0761904761904762,0.01332163078492068,0.08951210697539688,True,-1
24,3,David Ross,11,False,5.0,6.0,11.0,False,0.09841269841269841,0.09575755035936398,0.1941702487720624,False,0
24,3,Erika Jayne,11,False,7.0,8.0,15.0,False,0.08253968253968254,0.10186582080513461,0.18440550334481715,False,0
24,3,Heather Morris,11,False,2.0,3.0,5.0,False,0.10476190476190476,0.09325485776829373,0.1980167625301985,False,0
24,3,Mr. T,11,False,9.0,10.0,19.0,False,0.0761904761904762,0.10621712577003355,0.18240760196050976,False,0
24,3,Nancy Kerrigan,11,False,2.0,2.0,4.0,False,0.10476190476190476,0.091296644578353,0.19605854934025777,False,0
24,3,Nick Viall,11,False,7.0,9.0,16.0,False,0.08253968253968254,0.10259393339236343,0.18513361593204597,False,0
24,3,Normani,11,False,1.0,5.0,6.0,False,0.10793650793650794,0.09492708171202636,0.2028635896485343,False,0
24,3,Rashad Jennings,11,False,6.0,7.0,13.0,False,0.08888888888888889,0.0988404575589033,0.1877293464477922,False,0
24,3,Simone Biles,11,False,4.0,4.0,8.0,False,0.10158730158730159,0.09370460883217566,0.19529191041947724,False,0
24,4,Bonner Bolton,10,False,5.0,8.0,13.0,False,0.09815950920245399,0.11466671234784201,0.212826221550296,False,0
24,4,David Ross,10,False,7.0,6.0,13.0,False,0.0950920245398773,0.10843303929797882,0.20352506383785612,False,0
24,4,Erika Jayne,10,False,8.0,10.0,18.0,True,0.09202453987730061,0.11615519426951014,0.20817973414681074,False,1
24,4,Heather Morris,10,False,3.0,4.0,7.0,False,0.10736196319018405,0.10631073600842136,0.21367269919860543,False,0
24,4,Mr. T,10,True,10.0,1.0,11.0,False,0.08588957055214724,0.014241796487447897,0.10013136703959515,True,-1
24,4,Nancy Kerrigan,10,False,4.0,5.0,9.0,False,0.10122699386503067,0.10754950397943658,0.20877649784446725,False,0
24,4,Nick Viall,10,False,8.0,9.0,17.0,False,0.09202453987730061,0.11497007674908785,0.20699461662638846,False,0
24,4,Normani,10,False,5.0,7.0,12.0,False,0.09815950920245399,0.11269485414391774,0.21085436334637173,False,0
24,4,Rashad Jennings,10,False,1.0,3.0,4.0,False,0.1196319018404908,0.10274956069667535,0.22238146253716615,False,0
24,4,Simone Biles,10,False,2.0,2.0,4.0,False,0.11042944785276074,0.10222852601968231,0.21265797387244306,False,0
24,5,Bonner Bolton,9,False,8.0,8.0,16.0,False,0.09868421052631579,0.13188602494475515,0.23057023547107094,False,0
24,5,David Ross,9,False,9.0,9.0,18.0,True,0.09539473684210527,0.1373037662054741,0.23269850304757939,False,1
24,5,Erika Jayne,9,True,6.0,1.0,7.0,False,0.10526315789473684,0.015035929007941701,0.12029908690267854,True,-1
24,5,Heather Morris,9,False,4.0,5.0,9.0,False,0.1118421052631579,0.12156060594837288,0.23340271121153078,False,0
24,5,Nancy Kerrigan,9,False,3.0,4.0,7.0,False,0.11842105263157894,0.1180013488711745,0.23642240150275345,False,0
24,5,Nick Viall,9,False,4.0,7.0,11.0,False,0.1118421052631579,0.1277353324856977,0.2395774377488556,False,0
24,5,Normani,9,False,1.0,2.0,3.0,False,0.12828947368421054,0.1098275974733432,0.23811707115755373,False,0
24,5,Rashad Jennings,9,False,6.0,6.0,12.0,False,0.10526315789473684,0.1250422812051915,0.23030543909992834,False,0
24,5,Simone Biles,9,False,2.0,3.0,5.0,False,0.125,0.11360711385804921,0.23860711385804922,False,0
24,6,Bonner Bolton,8,False,6.0,7.0,13.0,False,0.1171003717472119,0.14570408306747784,0.2628044548146897,False,0
24,6,David Ross,8,False,7.0,6.0,13.0,False,0.11524163568773234,0.14447365181508673,0.2597152875028191,False,0
24,6,Heather Morris,8,True,1.0,1.0,2.0,False,0.137546468401487,0.014008084022018077,0.15155455242350507,True,-1
24,6,Nancy Kerrigan,8,False,5.0,5.0,10.0,False,0.12453531598513011,0.1415351445917227,0.2660704605768528,False,0
24,6,Nick Viall,8,False,8.0,8.0,16.0,True,0.11338289962825279,0.14984806710357793,0.2632309667318307,False,1
24,6,Normani,8,False,2.0,2.0,4.0,False,0.13382899628252787,0.12951528502638054,0.2633442813089084,False,0
24,6,Rashad Jennings,8,False,3.0,3.0,6.0,False,0.13011152416356878,0.1344562344971264,0.26456775866069515,False,0
24,6,Simone Biles,8,False,4.0,4.0,8.0,False,0.12825278810408922,0.1404594498766097,0.2687122379806989,False,0
24,7,Bonner Bolton,7,False,7.0,6.0,13.0,True,0.1225296442687747,0.20571056228832243,0.3282402065570971,False,1
24,7,David Ross,7,False,6.0,7.0,13.0,True,0.12648221343873517,0.21271439190044983,0.339196605339185,False,1
24,7,Nancy Kerrigan,7,True,4.0,1.0,5.0,False,0.1422924901185771,0.03257114769323741,0.1748636378118145,False,0
24,7,Nick Viall,7,True,5.0,2.0,7.0,False,0.13438735177865613,0.034908092812931925,0.16929544459158805,True,-1
24,7,Normani,7,False,1.0,3.0,4.0,False,0.16600790513833993,0.16440739579252667,0.3304153009308666,False,0
24,7,Rashad Jennings,7,False,2.0,5.0,7.0,False,0.1541501976284585,0.17547076070676526,0.32962095833522376,False,0
24,7,Simone Biles,7,False,2.0,4.0,6.0,False,0.1541501976284585,0.17421764880576643,0.3283678464342249,False,0
24,8,Bonner Bolton,5,True,5.0,1.0,6.0,False,0.166189111747851,0.05051564275442973,0.21670475450228074,True,-1
24,8,David Ross,5,False,4.0,5.0,9.0,True,0.18624641833810887,0.2563910567377248,0.4426374750758336,False,1
24,8,Normani,5,False,1.0,2.0,3.0,False,0.22636103151862463,0.22861698755114795,0.4549780190697726,False,0
24,8,Rashad Jennings,5,False,2.0,3.0,5.0,False,0.2148997134670487,0.2309215187613185,0.4458212322283672,False,0
24,8,Simone Biles,5,False,3.0,4.0,7.0,False,0.20630372492836677,0.233554794195379,0.43985851912374574,False,0
24,9,David Ross,4,False,4.0,4.0,8.0,True,0.23102310231023102,0.32447330847035405,0.5554964107805851,False,1
24,9,Normani,4,False,3.0,2.0,5.0,False,0.2508250825082508,0.3078687834742786,0.5586938659825293,False,0
24,9,Rashad Jennings,4,False,2.0,3.0,5.0,False,0.25412541254125415,0.3096552336008885,0.5637806461421426,False,0
24,9,Simone Biles,4,True,1.0,1.0,2.0,False,0.264026402640264,0.0580026744544789,0.32202907709474293,True,-1
24,10,David Ross,3,False,3.0,3.0,6.0,True,0.31502925005917637,0.3360353227181844,0.6510645727773607,True,0
24,10,Normani,3,False,2.0,1.0,3.0,False,0.341039996323692,0.3309498427111543,0.6719898390348462,False,0
24,10,Rashad Jennings,3,False,1.0,2.0,3.0,False,0.34393075361713155,0.33301483457066117,0.6769455881877927,False,0
25,1,Barbara Corcoran,13,False,13.0,9.0,22.0,True,0.058577405857740586,0.07728543663336924,0.13586284249110983,True,0
25,1,Debbie Gibson,13,False,10.0,4.0,14.0,False,0.07112970711297072,0.07681594426890342,0.14794565138187415,False,0
25,1,Derek Fisher,13,False,7.0,6.0,13.0,False,0.07531380753138076,0.07687411446610853,0.1521879219974893,False,0
25,1,Drew Scott,13,False,11.0,5.0,16.0,False,0.06694560669456066,0.07684713727732576,0.1437927439718864,False,0
25,1,Frankie Muniz,13,False,5.0,1.0,6.0,False,0.0794979079497908,0.07575433558101911,0.1552522435308099,False,0
25,1,Jordan Fisher,13,False,1.0,8.0,9.0,False,0.09205020920502092,0.07715187720035058,0.1692020864053715,False,0
25,1,Lindsey Stirling,13,False,1.0,11.0,12.0,False,0.09205020920502092,0.07747818961084413,0.16952839881586507,False,0
25,1,Nick Lachey,13,False,7.0,10.0,17.0,False,0.07531380753138076,0.07737302510712361,0.15268683263850436,False,0
25,1,Nikki Bella,13,False,4.0,13.0,17.0,False,0.08368200836820083,0.07763479130451033,0.16131679967271118,False,0
25,1,Sasha Pieterse,13,False,7.0,12.0,19.0,False,0.07531380753138076,0.07763055109180361,0.15294435862318437,False,0
25,1,Terrell Owens,13,False,12.0,7.0,19.0,False,0.06276150627615062,0.07699499108004337,0.139756497356194,False,0
25,1,Vanessa Lachey,13,False,3.0,2.0,5.0,False,0.08786610878661087,0.07606387973442437,0.16392998852103524,False,0
25,1,Victoria Arlen,13,False,5.0,3.0,8.0,False,0.0794979079497908,0.07609572664417392,0.15559363459396472,False,0
25,2,Barbara Corcoran,13,True,13.0,2.0,15.0,False,0.062157221206581355,0.01463260860968554,0.07678982981626689,True,-1
25,2,Debbie Gibson,13,True,7.0,1.0,8.0,False,0.07495429616087751,0.009223178810531913,0.08417747497140943,False,0
25,2,Derek Fisher,13,False,11.0,13.0,24.0,True,0.06946983546617916,0.0967121055123749,0.16618194097855404,False,1
25,2,Drew Scott,13,False,7.0,9.0,16.0,False,0.07495429616087751,0.09067832729060975,0.16563262345148727,False,0
25,2,Frankie Muniz,13,False,1.0,5.0,6.0,False,0.08775137111517367,0.08385406813004982,0.17160543924522348,False,0
25,2,Jordan Fisher,13,False,1.0,7.0,8.0,False,0.08775137111517367,0.08807999317741898,0.17583136429259266,False,0
25,2,Lindsey Stirling,13,False,4.0,3.0,7.0,False,0.08226691042047532,0.07486996170864063,0.15713687212911595,False,0
25,2,Nick Lachey,13,False,11.0,12.0,23.0,False,0.06946983546617916,0.09577482670979225,0.1652446621759714,False,0
25,2,Nikki Bella,13,False,9.0,10.0,19.0,False,0.0712979890310786,0.09194175410898789,0.1632397431400665,False,0
25,2,Sasha Pieterse,13,False,4.0,6.0,10.0,False,0.08226691042047532,0.08805728848095759,0.1703241989014329,False,0
25,2,Terrell Owens,13,False,9.0,11.0,20.0,False,0.0712979890310786,0.09311956621838911,0.16441755524946772,False,0
25,2,Vanessa Lachey,13,False,3.0,4.0,7.0,False,0.08592321755027423,0.08307420231737524,0.16899741986764946,False,0
25,2,Victoria Arlen,13,False,6.0,8.0,14.0,False,0.08043875685557587,0.08998211892518636,0.17042087578076223,False,0
25,3,Derek Fisher,11,False,6.0,5.0,11.0,False,0.0860655737704918,0.09085504537469861,0.17692061914519042,False,0
25,3,Drew Scott,11,False,3.0,8.0,11.0,False,0.0942622950819672,0.09116660484710849,0.18542889992907569,False,0
25,3,Frankie Muniz,11,False,6.0,6.0,12.0,False,0.0860655737704918,0.09087199325013345,0.17693756702062524,False,0
25,3,Jordan Fisher,11,False,2.0,1.0,3.0,False,0.10245901639344263,0.08917787578074231,0.19163689217418495,False,0
25,3,Lindsey Stirling,11,False,1.0,7.0,8.0,False,0.11065573770491803,0.09113453292323276,0.2017902706281508,False,0
25,3,Nick Lachey,11,False,6.0,10.0,16.0,False,0.0860655737704918,0.0915051327898332,0.177570706560325,False,0
25,3,Nikki Bella,11,False,6.0,4.0,10.0,False,0.0860655737704918,0.09070666301195879,0.17677223678245058,False,0
25,3,Sasha Pieterse,11,False,11.0,11.0,22.0,True,0.0778688524590164,0.0919800781056426,0.169848930564659,True,0
25,3,Terrell Owens,11,False,6.0,2.0,8.0,False,0.0860655737704918,0.0904515885183681,0.17651716228885989,False,0
25,3,Vanessa Lachey,11,False,3.0,9.0,12.0,False,0.0942622950819672,0.0915043278014006,0.18576662288336782,False,0
25,3,Victoria Arlen,11,False,5.0,3.0,8.0,False,0.09016393442622951,0.09064615759688116,0.18081009202311066,False,0
25,4,Derek Fisher,11,True,10.0,1.0,11.0,False,0.08487084870848709,0.010336175012237435,0.09520702372072452,True,-1
25,4,Drew Scott,11,False,4.0,9.0,13.0,False,0.08856088560885608,0.10207584119916428,0.19063672680802035,False,0
25,4,Frankie Muniz,11,False,4.0,5.0,9.0,False,0.08856088560885608,0.09700345598452297,0.18556434159337903,False,0
25,4,Jordan Fisher,11,False,1.0,3.0,4.0,False,0.1070110701107011,0.0934744862983044,0.2004855564090055,False,0
25,4,Lindsey Stirling,11,False,3.0,6.0,9.0,False,0.0959409594095941,0.0972619393466563,0.1932028987562504,False,0
25,4,Nick Lachey,11,False,11.0,11.0,22.0,True,0.08118081180811808,0.10501465067070956,0.18619546247882762,False,1
25,4,Nikki Bella,11,False,4.0,10.0,14.0,False,0.08856088560885608,0.10388044466447749,0.19244133027333357,False,0
25,4,Sasha Pieterse,11,False,4.0,7.0,11.0,False,0.08856088560885608,0.10065563294581961,0.1892165185546757,False,0
25,4,Terrell Owens,11,False,4.0,4.0,8.0,False,0.08856088560885608,0.09565291356456294,0.184213799173419,False,0
25,4,Vanessa Lachey,11,False,4.0,8.0,12.0,False,0.08856088560885608,0.10140869370914495,0.18996957931800101,False,0
25,4,Victoria Arlen,11,False,2.0,2.0,4.0,False,0.0996309963099631,0.09323576660440003,0.1928667629143631,False,0
25,5,Drew Scott,10,False,6.0,8.0,14.0,False,0.09578544061302682,0.1139648479181758,0.20975028853120262,False,0
25,5,Frankie Muniz,10,False,2.0,3.0,5.0,False,0.1111111111111111,0.10301670315680117,0.21412781426791228,False,0
25,5,Jordan Fisher,10,False,1.0,5.0,6.0,False,0.11494252873563218,0.10423616573085631,0.2191786944664885,False,0
25,5,Lindsey Stirling,10,False,3.0,2.0,5.0,False,0.10727969348659004,0.09849714980819148,0.20577684329478152,False,0
25,5,Nick Lachey,10,False,10.0,10.0,20.0,True,0.0842911877394636,0.125720283531252,0.21001147127071562,False,1
25,5,Nikki Bella,10,False,4.0,4.0,8.0,False,0.10344827586206896,0.10403137998696875,0.20747965584903771,False,0
25,5,Sasha Pieterse,10,True,8.0,1.0,9.0,False,0.09195402298850575,0.012550957454733643,0.10450498044323939,True,-1
25,5,Terrell Owens,10,False,6.0,6.0,12.0,False,0.09578544061302682,0.10773473568960584,0.20352017630263267,False,0
25,5,Vanessa Lachey,10,False,8.0,9.0,17.0,False,0.09195402298850575,0.11886133811093051,0.21081536109943627,False,0
25,5,Victoria Arlen,10,False,4.0,7.0,11.0,False,0.10344827586206896,0.1113864386124844,0.21483471447455338,False,0
25,6,Drew Scott,9,False,8.0,8.0,16.0,True,0.09803921568627451,0.1263131976299117,0.22435241331618622,False,1
25,6,Frankie Muniz,9,False,6.0,9.0,15.0,False,0.10130718954248366,0.12672132716482054,0.2280285167073042,False,0
25,6,Jordan Fisher,9,False,2.0,4.0,6.0,False,0.12745098039215685,0.12062206881580177,0.24807304920795864,False,0
25,6,Lindsey Stirling,9,False,1.0,2.0,3.0,False,0.13071895424836602,0.1184978011440844,0.24921675539245042,False,0
25,6,Nick Lachey,9,True,9.0,1.0,10.0,False,0.08496732026143791,0.021737124025114275,0.10670444428655218,True,-1
25,6,Nikki Bella,9,False,4.0,6.0,10.0,False,0.11764705882352941,0.12114287170618755,0.23878993052971698,False,0
25,6,Terrell Owens,9,False,3.0,3.0,6.0,False,0.12091503267973856,0.11962389274553961,0.24053892542527816,False,0
25,6,Vanessa Lachey,9,False,4.0,5.0,9.0,False,0.11764705882352941,0.12086743190522269,0.23851449072875208,False,0
25,6,Victoria Arlen,9,False,6.0,7.0,13.0,False,0.10130718954248366,0.12447428486331752,0.22578147440580118,False,0
25,7,Drew Scott,8,False,2.0,4.0,6.0,False,0.1325581395348837,0.15276601143701676,0.28532415097190045,False,0
25,7,Frankie Muniz,8,False,1.0,3.0,4.0,False,0.13953488372093023,0.15170823946336526,0.29124312318429546,False,0
25,7,Jordan Fisher,8,False,4.0,6.0,10.0,False,0.12558139534883722,0.15878231080336533,0.2843637061522025,False,0
25,7,Lindsey Stirling,8,False,6.0,7.0,13.0,False,0.1186046511627907,0.16432870233189617,0.28293335349468685,False,0
25,7,Nikki Bella,8,True,8.0,2.0,10.0,False,0.11162790697674418,0.02776540150880688,0.13939330848555107,True,-1
25,7,Terrell Owens,8,False,7.0,8.0,15.0,True,0.11395348837209303,0.16937306861251933,0.28332655698461234,False,1
25,7,Vanessa Lachey,8,True,4.0,1.0,5.0,False,0.12558139534883722,0.021473944589775376,0.14705533993861258,False,0
25,7,Victoria Arlen,8,False,2.0,5.0,7.0,False,0.1325581395348837,0.1538023212532549,0.2863604607881386,False,0
25,8,Drew Scott,6,False,6.0,6.0,12.0,True,0.1501597444089457,0.21066547683176165,0.36082522124070737,False,1
25,8,Frankie Muniz,6,False,3.0,4.0,7.0,False,0.16932907348242812,0.18795543402650647,0.3572845075089346,False,0
25,8,Jordan Fisher,6,False,1.0,2.0,3.0,False,0.19169329073482427,0.1837218204712371,0.3754151112060614,False,0
25,8,Lindsey Stirling,6,False,2.0,3.0,5.0,False,0.17252396166134185,0.18627782452772768,0.35880178618906955,False,0
25,8,Terrell Owens,6,True,4.0,1.0,5.0,False,0.16293929712460065,0.028453398265941968,0.1913926953905426,True,-1
25,8,Victoria Arlen,6,False,5.0,5.0,10.0,False,0.15335463258785942,0.20292604587682508,0.3562806784646845,False,0
25,9,Drew Scott,5,False,5.0,5.0,10.0,True,0.17777777777777778,0.2607583675642949,0.43853614534207264,False,1
25,9,Frankie Muniz,5,False,4.0,4.0,8.0,False,0.18888888888888888,0.25381512099292663,0.4427040098818155,False,0
25,9,Jordan Fisher,5,False,1.0,3.0,4.0,False,0.21481481481481482,0.2262437517653122,0.441058566580127,False,0
25,9,Lindsey Stirling,5,False,2.0,2.0,4.0,False,0.2111111111111111,0.2211910462701165,0.43230215738122757,False,0
25,9,Victoria Arlen,5,True,3.0,1.0,4.0,False,0.2074074074074074,0.03799171340734986,0.24539912081475726,True,-1
25,10,Drew Scott,4,True,4.0,1.0,5.0,False,0.2397871457464638,0.0662376500589496,0.3060247958054134,True,-1
25,10,Frankie Muniz,4,False,3.0,4.0,7.0,True,0.24866694332774683,0.317353728768075,0.5660206720958219,False,1
25,10,Jordan Fisher,4,False,1.0,2.0,3.0,False,0.2557729554628947,0.308140297678042,0.5639132531409368,False,0
25,10,Lindsey Stirling,4,False,1.0,3.0,4.0,False,0.2557729554628947,0.3082683234949333,0.564041278957828,False,0
26,1,Adam Rippon,10,False,1.0,3.0,4.0,False,0.11428571428571428,0.11126263776013609,0.2255483520458504,False,0
26,1,Arike Ogunbowale,10,False,7.0,6.0,13.0,False,0.09523809523809523,0.11798949440558079,0.21322758964367602,False,0
26,1,Chris Mazdzer,10,False,5.0,4.0,9.0,False,0.1,0.11321176957330137,0.21321176957330137,False,0
26,1,Jamie Anderson,10,True,8.0,1.0,9.0,False,0.09047619047619047,0.017268130249829143,0.10774432072601961,False,0
26,1,Jennie Finch Daigle,10,False,5.0,7.0,12.0,False,0.1,0.11859336469949479,0.2185933646994948,False,0
26,1,Johnny Damon,10,True,9.0,2.0,11.0,False,0.08571428571428572,0.020046771642701248,0.10576105735698696,True,-1
26,1,Josh Norman,10,False,1.0,5.0,6.0,False,0.11428571428571428,0.11508010011589535,0.22936581440160964,False,0
26,1,Kareem Abdul-Jabbar,10,False,10.0,10.0,20.0,True,0.08095238095238096,0.1452224202047448,0.22617480115712574,False,1
26,1,Mirai Nagasu,10,False,3.0,8.0,11.0,False,0.10952380952380952,0.11913455353978597,0.2286583630635955,False,0
26,1,Tonya Harding,10,False,3.0,9.0,12.0,False,0.10952380952380952,0.12219075780853056,0.23171456733234008,False,0
26,2,Adam Rippon,8,False,1.0,4.0,5.0,False,0.1383177570093458,0.15123917092535913,0.2895569279347049,False,0
26,2,Arike Ogunbowale,8,True,3.0,1.0,4.0,False,0.1308411214953271,0.021427009654614002,0.1522681311499411,False,0
26,2,Chris Mazdzer,8,False,4.0,5.0,9.0,False,0.1233644859813084,0.15603780302858183,0.2794022890098902,False,0
26,2,Jennie Finch Daigle,8,False,6.0,8.0,14.0,True,0.11775700934579439,0.16833671911540712,0.2860937284612015,False,1
26,2,Josh Norman,8,False,6.0,7.0,13.0,False,0.11775700934579439,0.1652130580109728,0.2829700673567672,False,0
26,2,Kareem Abdul-Jabbar,8,True,8.0,2.0,10.0,False,0.1102803738317757,0.03133444904475753,0.14161482287653324,True,-1
26,2,Mirai Nagasu,8,False,1.0,3.0,4.0,False,0.1383177570093458,0.14696783074010636,0.2852855877494521,False,0
26,2,Tonya Harding,8,False,4.0,6.0,10.0,False,0.1233644859813084,0.1594439594802013,0.2828084454615097,False,0
26,3,Adam Rippon,6,False,1.0,4.0,5.0,False,0.1943127962085308,0.2491297411882195,0.4434425373967503,False,0
26,3,Chris Mazdzer,6,True,5.0,2.0,7.0,False,0.15639810426540285,0.07043882365966413,0.226836927925067,False,0
26,3,Jennie Finch Daigle,6,True,6.0,3.0,9.0,True,0.13744075829383887,0.0736630764093015,0.21110383470314037,True,0
26,3,Josh Norman,6,False,2.0,5.0,7.0,False,0.18009478672985782,0.267186187592727,0.44728097432258485,False,0
26,3,Mirai Nagasu,6,True,3.0,1.0,4.0,False,0.16587677725118483,0.06419706533332944,0.23007384258451427,False,0
26,3,Tonya Harding,6,False,3.0,6.0,9.0,True,0.16587677725118483,0.2753851058167584,0.44126188306794323,False,1
26,4,Adam Rippon,3,False,1.0,3.0,4.0,True,0.3391812865497076,0.33679353336384404,0.6759748199135516,False,1
26,4,Josh Norman,3,False,2.0,2.0,4.0,True,0.3333333333333333,0.3339406660280304,0.6672739993613637,False,1
26,4,Tonya Harding,3,False,3.0,1.0,4.0,True,0.32748538011695905,0.3292658006081256,0.6567511807250846,True,0
27,1,Alexis Ren,13,False,3.0,2.0,5.0,False,0.08627450980392157,0.07723333366750385,0.1635078434714254,False,0
27,1,Bobby Bones,13,False,5.0,9.0,14.0,False,0.0784313725490196,0.08301646675098649,0.1614478393000061,False,0
27,1,Danelle Umstead,13,False,9.0,12.0,21.0,False,0.07058823529411765,0.08396178362866424,0.1545500189227819,False,0
27,1,DeMarcus Ware,13,False,1.0,6.0,7.0,False,0.09019607843137255,0.08047775180018862,0.17067383023156119,False,0
27,1,Evanna Lynch,13,False,9.0,8.0,17.0,False,0.07058823529411765,0.08228651635604155,0.15287475165015918,False,0
27,1,Joe Amabile,13,False,13.0,13.0,26.0,True,0.054901960784313725,0.0987939453481088,0.1536959061324225,False,1
27,1,John Schneider,13,False,9.0,11.0,20.0,False,0.07058823529411765,0.08368861894338174,0.15427685423749937,False,0
27,1,Juan Pablo Di Pace,13,False,3.0,4.0,7.0,False,0.08627450980392157,0.07923597719854444,0.165510487002466,False,0
27,1,Mary Lou Retton,13,False,5.0,5.0,10.0,False,0.0784313725490196,0.08027305472456446,0.15870442727358408,False,0
27,1,Milo Manheim,13,False,5.0,3.0,8.0,False,0.0784313725490196,0.07744929878776649,0.1558806713367861,False,0
27,1,Nancy McKeon,13,False,8.0,10.0,18.0,False,0.07647058823529412,0.0831030536111034,0.15957364184639752,False,0
27,1,Nikki Glaser,13,True,12.0,1.0,13.0,False,0.06862745098039216,0.00904558877322404,0.0776730397536162,True,-1
27,1,Tinashe,13,False,1.0,7.0,8.0,False,0.09019607843137255,0.08143461040992186,0.1716306888412944,False,0
27,2,Alexis Ren,12,False,4.0,7.0,11.0,False,0.09057301293900184,0.08759649596147966,0.1781695089004815,False,0
27,2,Bobby Bones,12,False,10.0,11.0,21.0,False,0.07208872458410351,0.09522518095704444,0.16731390554114794,False,0
27,2,Danelle Umstead,12,True,11.0,1.0,12.0,False,0.06839186691312385,0.012476465599236397,0.08086833251236025,True,-1
27,2,DeMarcus Ware,12,False,6.0,8.0,14.0,False,0.08687615526802218,0.08823093917438837,0.17510709444241057,False,0
27,2,Evanna Lynch,12,False,5.0,6.0,11.0,False,0.08872458410351201,0.0872763047060607,0.1760008888095727,False,0
27,2,Joe Amabile,12,False,12.0,12.0,24.0,True,0.06469500924214418,0.10246961588108836,0.16716462512323255,False,1
27,2,John Schneider,12,False,8.0,9.0,17.0,False,0.07948243992606285,0.09031781613165776,0.16980025605772062,False,0
27,2,Juan Pablo Di Pace,12,False,1.0,3.0,4.0,False,0.09611829944547134,0.08599237305134691,0.18211067249681825,False,0
27,2,Mary Lou Retton,12,False,7.0,5.0,12.0,False,0.08502772643253234,0.08707303733947193,0.17210076377200428,False,0
27,2,Milo Manheim,12,False,1.0,2.0,3.0,False,0.09611829944547134,0.08573473125361089,0.18185303069908224,False,0
27,2,Nancy McKeon,12,False,9.0,10.0,19.0,False,0.07578558225508318,0.09072343869605842,0.16650902095114162,False,0
27,2,Tinashe,12,False,1.0,4.0,5.0,False,0.09611829944547134,0.08688360124855593,0.18300190069402728,False,0
27,3,Alexis Ren,11,False,5.0,6.0,11.0,False,0.0959409594095941,0.0950898258818463,0.1910307852914404,False,0
27,3,Bobby Bones,11,False,8.0,9.0,17.0,False,0.08487084870848709,0.10235370091222527,0.18722454962071236,False,0
27,3,DeMarcus Ware,11,False,5.0,2.0,7.0,False,0.0959409594095941,0.08924777398049676,0.18518873339009084,False,0
27,3,Evanna Lynch,11,False,2.0,7.0,9.0,False,0.0996309963099631,0.09631904293341735,0.19595003924338045,False,0
27,3,Joe Amabile,11,False,11.0,11.0,22.0,True,0.06642066420664207,0.12071107909722649,0.18713174330386856,False,1
27,3,John Schneider,11,False,10.0,10.0,20.0,False,0.07749077490774908,0.10664881989421424,0.18413959480196332,False,0
27,3,Juan Pablo Di Pace,11,False,1.0,3.0,4.0,False,0.11070110701107011,0.09177150678103008,0.2024726137921002,False,0
27,3,Mary Lou Retton,11,False,7.0,5.0,12.0,False,0.08856088560885608,0.09454212489705861,0.1831030105059147,False,0
27,3,Milo Manheim,11,False,2.0,8.0,10.0,False,0.0996309963099631,0.09701701308880241,0.1966480093987655,False,0
27,3,Nancy McKeon,11,True,9.0,1.0,10.0,False,0.08118081180811808,0.012293110956669238,0.09347392276478732,True,-1
27,3,Tinashe,11,False,2.0,4.0,6.0,False,0.0996309963099631,0.09400600157701328,0.19363699788697636,False,0
27,4,Alexis Ren,10,False,4.0,4.0,8.0,False,0.10775862068965517,0.09735079016951928,0.20510941085917445,False,0
27,4,Bobby Bones,10,False,9.0,9.0,18.0,False,0.08620689655172414,0.13262501279568678,0.21883190934741092,False,0
27,4,DeMarcus Ware,10,False,7.0,6.0,13.0,False,0.09482758620689655,0.10681827761118451,0.20164586381808106,False,0
27,4,Evanna Lynch,10,False,5.0,7.0,12.0,False,0.10344827586206896,0.10701097776075834,0.2104592536228273,False,0
27,4,Joe Amabile,10,False,10.0,10.0,20.0,True,0.06465517241379311,0.14373382926692935,0.20838900168072244,False,1
27,4,John Schneider,10,False,8.0,8.0,16.0,False,0.09051724137931035,0.1171238240782913,0.20764106545760164,False,0
27,4,Juan Pablo Di Pace,10,False,5.0,5.0,10.0,False,0.10344827586206896,0.10610133781672855,0.20954961367879751,False,0
27,4,Mary Lou Retton,10,False,2.0,3.0,5.0,False,0.11206896551724138,0.09211876731608867,0.20418773283333005,False,0
27,4,Milo Manheim,10,False,1.0,2.0,3.0,False,0.125,0.08896272731151253,0.21396272731151253,False,0
27,4,Tinashe,10,True,2.0,1.0,3.0,False,0.11206896551724138,0.008154455873300616,0.120223421390542,True,-1
27,5,Alexis Ren,9,False,1.0,4.0,5.0,False,0.13063063063063063,0.11050432627591561,0.24113495690654624,False,0
27,5,Bobby Bones,9,False,8.0,7.0,15.0,True,0.0945945945945946,0.11183431804892069,0.2064289126435153,False,1
27,5,DeMarcus Ware,9,False,4.0,1.0,5.0,False,0.11711711711711711,0.11006852609611388,0.22718564321323098,False,0
27,5,Evanna Lynch,9,False,6.0,8.0,14.0,False,0.10810810810810811,0.11233665366895047,0.22044476177705857,False,0
27,5,Joe Amabile,9,False,9.0,3.0,12.0,False,0.07657657657657657,0.11041788572428515,0.18699446230086172,True,-1
27,5,John Schneider,9,False,6.0,5.0,11.0,False,0.10810810810810811,0.11066881754563308,0.21877692565374118,False,0
27,5,Juan Pablo Di Pace,9,False,1.0,9.0,10.0,False,0.13063063063063063,0.11240098960801836,0.243031620238649,False,0
27,5,Mary Lou Retton,9,False,5.0,2.0,7.0,False,0.11261261261261261,0.11026200608544633,0.22287461869805894,False,0
27,5,Milo Manheim,9,False,3.0,6.0,9.0,False,0.12162162162162163,0.11150647694671649,0.2331280985683381,False,0
27,6,Alexis Ren,9,False,4.0,5.0,9.0,False,0.11790393013100436,0.11742788486736186,0.23533181499836622,False,0
27,6,Bobby Bones,9,False,7.0,7.0,14.0,False,0.09606986899563319,0.12977809395585505,0.22584796295148823,False,0
27,6,DeMarcus Ware,9,False,5.0,6.0,11.0,False,0.11353711790393013,0.11758707546874266,0.2311241933726728,False,0
27,6,Evanna Lynch,9,False,3.0,3.0,6.0,False,0.12663755458515283,0.11017061039372089,0.23680816497887372,False,0
27,6,Joe Amabile,9,False,7.0,8.0,15.0,False,0.09606986899563319,0.1350059544682258,0.231075823463859,False,0
27,6,John Schneider,9,False,9.0,9.0,18.0,True,0.08296943231441048,0.15205804958477084,0.23502748189918132,False,1
27,6,Juan Pablo Di Pace,9,False,1.0,2.0,3.0,False,0.13100436681222707,0.10832170317863181,0.23932606999085887,False,0
27,6,Mary Lou Retton,9,True,6.0,1.0,7.0,False,0.10480349344978165,0.015336742700512768,0.12014023615029443,True,-1
27,6,Milo Manheim,9,False,1.0,4.0,5.0,False,0.13100436681222707,0.11431388538217842,0.2453182521944055,False,0
27,7,Alexis Ren,8,False,4.0,6.0,10.0,False,0.12643678160919541,0.162721674917583,0.2891584565267784,False,0
27,7,Bobby Bones,8,False,6.0,7.0,13.0,False,0.12183908045977011,0.16743473256963814,0.28927381302940824,False,0
27,7,DeMarcus Ware,8,True,6.0,2.0,8.0,False,0.12183908045977011,0.024512771618282116,0.14635185207805224,True,-1
27,7,Evanna Lynch,8,False,1.0,3.0,4.0,False,0.135632183908046,0.1460767122829655,0.28170889619101147,False,0
27,7,Joe Amabile,8,False,8.0,8.0,16.0,True,0.10804597701149425,0.16881399660071456,0.2768599736122088,False,1
27,7,John Schneider,8,True,5.0,1.0,6.0,False,0.12413793103448276,0.022357901440952527,0.1464958324754353,False,0
27,7,Juan Pablo Di Pace,8,False,3.0,5.0,8.0,False,0.12873563218390804,0.1551621567455058,0.28389778892941386,False,0
27,7,Milo Manheim,8,False,2.0,4.0,6.0,False,0.13333333333333333,0.15292005382435833,0.28625338715769166,False,0
27,8,Alexis Ren,6,False,2.0,4.0,6.0,False,0.18012422360248448,0.21440512574633128,0.3945293493488158,False,0
27,8,Bobby Bones,6,False,6.0,6.0,12.0,True,0.13975155279503104,0.2636279382309085,0.40337949102593956,False,1
27,8,Evanna Lynch,6,False,2.0,5.0,7.0,False,0.18012422360248448,0.21675567101862875,0.3968798946211132,False,0
27,8,Joe Amabile,6,True,5.0,2.0,7.0,False,0.14285714285714285,0.05242021535852533,0.19527735821566816,True,-1
27,8,Juan Pablo Di Pace,6,True,1.0,1.0,2.0,False,0.18633540372670807,0.040288417187998526,0.2266238209147066,False,0
27,8,Milo Manheim,6,False,4.0,3.0,7.0,False,0.17080745341614906,0.21250263245760764,0.3833100858737567,False,0
27,9,Alexis Ren,4,False,3.0,2.0,5.0,False,0.24675324675324675,0.25026380748257493,0.49701705423582165,False,0
27,9,Bobby Bones,4,False,4.0,4.0,8.0,True,0.23376623376623376,0.25115474017284234,0.48492097393907607,True,0
27,9,Evanna Lynch,4,False,1.0,3.0,4.0,False,0.2597402597402597,0.25106164945916026,0.51080190919942,False,0
27,9,Milo Manheim,4,False,1.0,1.0,2.0,False,0.2597402597402597,0.24751980288542239,0.5072600626256821,False,0
28,1,Ally Brooke,12,False,7.0,9.0,16.0,False,0.08121827411167512,0.08323036440335001,0.16444863851502511,False,0
28,1,Hannah Brown,12,False,2.0,8.0,10.0,False,0.10152284263959391,0.08324398503190979,0.1847668276715037,False,0
28,1,James Van Der Beek,12,False,1.0,10.0,11.0,False,0.1065989847715736,0.08322491677596791,0.18982390154754153,False,0
28,1,Karamo Brown,12,False,5.0,11.0,16.0,False,0.08629441624365482,0.083021793623611,0.1693162098672658,False,0
28,1,Kate Flannery,12,False,9.0,6.0,15.0,False,0.07614213197969544,0.08337394699253256,0.159516078972228,False,0
28,1,Kel Mitchell,12,False,7.0,5.0,12.0,False,0.08121827411167512,0.08346312898465155,0.16468140309632667,False,0
28,1,Lamar Odom,12,False,12.0,12.0,24.0,True,0.05583756345177665,0.08287520104465793,0.13871276449643458,True,0
28,1,Lauren Alaina,12,False,3.0,2.0,5.0,False,0.09644670050761421,0.08360164083480096,0.18004834134241515,False,0
28,1,Mary Wilson,12,False,5.0,1.0,6.0,False,0.08629441624365482,0.08370567555267326,0.17000009179632808,False,0
28,1,Ray Lewis,12,False,9.0,3.0,12.0,False,0.07614213197969544,0.0834813411085895,0.15962347308828495,False,0
28,1,Sailor Brinkley-Cook,12,False,4.0,4.0,8.0,False,0.09137055837563451,0.08347769836591062,0.17484825674154514,False,0
28,1,Sean Spicer,12,False,11.0,7.0,18.0,False,0.06091370558375635,0.08330030728134495,0.1442140128651013,False,0
28,2,Ally Brooke,12,False,3.0,11.0,14.0,False,0.091324200913242,0.08140789392664088,0.1727320948398829,False,0
28,2,Hannah Brown,12,False,1.0,6.0,7.0,False,0.1095890410958904,0.08344207038799047,0.19303111148388086,False,0
28,2,James Van Der Beek,12,False,3.0,7.0,10.0,False,0.091324200913242,0.08329546205422822,0.17461966296747022,False,0
28,2,Karamo Brown,12,False,6.0,8.0,14.0,False,0.0867579908675799,0.0826915401066605,0.1694495309742404,False,0
28,2,Kate Flannery,12,False,2.0,5.0,7.0,False,0.0958904109589041,0.08360921447493382,0.1794996254338379,False,0
28,2,Kel Mitchell,12,False,3.0,9.0,12.0,False,0.091324200913242,0.08222651392919637,0.1735507148424384,False,0
28,2,Lamar Odom,12,False,12.0,1.0,13.0,False,0.0547945205479452,0.1037611768999369,0.15855569744788212,False,0
28,2,Lauren Alaina,12,False,6.0,10.0,16.0,False,0.0867579908675799,0.08177897870154732,0.16853696956912723,False,0
28,2,Mary Wilson,12,True,10.0,12.0,22.0,True,0.0684931506849315,0.057495304450440585,0.1259884551353721,True,0
28,2,Ray Lewis,12,False,10.0,2.0,12.0,False,0.0684931506849315,0.0898111057085194,0.15830425639345092,False,0
28,2,Sailor Brinkley-Cook,12,False,8.0,4.0,12.0,False,0.0821917808219178,0.08490697380496755,0.16709875462688534,False,0
28,2,Sean Spicer,12,False,9.0,3.0,12.0,False,0.0730593607305936,0.085573765554938,0.1586331262855316,False,0
28,3,Ally Brooke,10,False,1.0,3.0,4.0,False,0.12121212121212122,0.09994307660083994,0.22115519781296117,False,0
28,3,Hannah Brown,10,False,5.0,9.0,14.0,False,0.10606060606060606,0.09966761402264317,0.20572822008324923,False,0
28,3,James Van Der Beek,10,False,3.0,7.0,10.0,False,0.11616161616161616,0.099808577174291,0.21597019333590717,False,0
28,3,Karamo Brown,10,False,8.0,1.0,9.0,False,0.08080808080808081,0.10096771274291313,0.18177579355099394,False,0
28,3,Kate Flannery,10,False,1.0,2.0,3.0,False,0.12121212121212122,0.100684056108487,0.22189617732060823,False,0
28,3,Kel Mitchell,10,False,6.0,5.0,11.0,False,0.10101010101010101,0.09990843567239285,0.20091853668249388,False,0
28,3,Lamar Odom,10,False,10.0,10.0,20.0,True,0.06060606060606061,0.09953083111181574,0.16013689171787635,True,0
28,3,Lauren Alaina,10,False,6.0,6.0,12.0,False,0.10101010101010101,0.09981256959722591,0.20082267060732692,False,0
28,3,Sailor Brinkley-Cook,10,False,3.0,4.0,7.0,False,0.11616161616161616,0.09992708698778696,0.21608870314940312,False,0
28,3,Sean Spicer,10,False,9.0,8.0,17.0,False,0.07575757575757576,0.09975003998160424,0.17550761573918,False,0
28,4,Ally Brooke,10,False,1.0,7.0,8.0,False,0.11347517730496454,0.10023991580709378,0.21371509311205833,False,0
28,4,Hannah Brown,10,False,1.0,8.0,9.0,False,0.11347517730496454,0.10008229750814625,0.21355747481311077,False,0
28,4,James Van Der Beek,10,False,6.0,3.0,9.0,False,0.09929078014184398,0.10225439567342941,0.20154517581527337,False,0
28,4,Karamo Brown,10,False,6.0,5.0,11.0,False,0.09929078014184398,0.10129886826650411,0.2005896484083481,False,0
28,4,Kate Flannery,10,False,8.0,2.0,10.0,False,0.09219858156028368,0.10365483695383118,0.19585341851411486,False,0
28,4,Kel Mitchell,10,False,1.0,9.0,10.0,False,0.11347517730496454,0.09975449989482293,0.21322967719978747,False,0
28,4,Lamar Odom,10,True,10.0,10.0,20.0,True,0.07092198581560284,0.07835087972010117,0.149272865535704,True,0
28,4,Lauren Alaina,10,False,1.0,6.0,7.0,False,0.11347517730496454,0.10033621160001076,0.2138113889049753,False,0
28,4,Sailor Brinkley-Cook,10,False,5.0,4.0,9.0,False,0.1099290780141844,0.10199562736234263,0.21192470537652702,False,0
28,4,Sean Spicer,10,False,9.0,1.0,10.0,False,0.07446808510638298,0.11203246721371779,0.18650055232010077,False,0
28,5,Ally Brooke,9,False,1.0,6.0,7.0,False,0.12558139534883722,0.11075995929221757,0.2363413546410548,False,0
28,5,Hannah Brown,9,False,4.0,9.0,13.0,False,0.11627906976744186,0.11030401549074163,0.2265830852581835,False,0
28,5,James Van Der Beek,9,False,2.0,8.0,10.0,False,0.12093023255813953,0.11046628162990521,0.23139651418804474,False,0
28,5,Karamo Brown,9,False,8.0,4.0,12.0,False,0.09767441860465116,0.1114198313301454,0.20909424993479656,False,0
28,5,Kate Flannery,9,False,5.0,1.0,6.0,False,0.11162790697674418,0.11222663244831083,0.223854539425055,False,0
28,5,Kel Mitchell,9,False,2.0,3.0,5.0,False,0.12093023255813953,0.11152015431691478,0.23245038687505432,False,0
28,5,Lauren Alaina,9,False,7.0,2.0,9.0,False,0.10697674418604651,0.11174118296861735,0.21871792715466387,False,0
28,5,Sailor Brinkley-Cook,9,False,5.0,5.0,10.0,False,0.11162790697674418,0.11101278010560917,0.22264068708235335,False,0
28,5,Sean Spicer,9,False,9.0,7.0,16.0,True,0.08837209302325581,0.11054916241753796,0.19892125544079375,True,0
28,6,Ally Brooke,9,False,6.0,,,False,0.10964912280701754,,,False,0
28,6,Hannah Brown,9,False,8.0,,,False,0.10526315789473684,,,False,0
28,6,James Van Der Beek,9,False,1.0,,,False,0.11842105263157894,,,False,0
28,6,Karamo Brown,9,False,6.0,,,False,0.10964912280701754,,,False,0
28,6,Kate Flannery,9,False,1.0,,,False,0.11842105263157894,,,False,0
28,6,Kel Mitchell,9,False,4.0,,,False,0.11403508771929824,,,False,0
28,6,Lauren Alaina,9,False,4.0,,,False,0.11403508771929824,,,False,0
28,6,Sailor Brinkley-Cook,9,True,1.0,,,False,0.11842105263157894,,,False,0
28,6,Sean Spicer,9,False,9.0,,,False,0.09210526315789473,,,False,0
28,7,Ally Brooke,8,False,1.0,5.0,6.0,False,0.13366336633663367,0.12333189844245189,0.2569952647790856,False,0
28,7,Hannah Brown,8,False,4.0,7.0,11.0,False,0.12871287128712872,0.1212433257915808,0.24995619707870953,False,0
28,7,James Van Der Beek,8,False,1.0,4.0,5.0,False,0.13366336633663367,0.12731522716749566,0.26097859350412933,False,0
28,7,Karamo Brown,8,True,6.0,8.0,14.0,True,0.12128712871287128,0.08339845146173727,0.20468558017460856,True,0
28,7,Kate Flannery,8,False,7.0,2.0,9.0,False,0.1188118811881188,0.13234491436220186,0.25115679555032067,False,0
28,7,Kel Mitchell,8,False,5.0,3.0,8.0,False,0.12623762376237624,0.1276579690012414,0.2538955927636176,False,0
28,7,Lauren Alaina,8,False,1.0,6.0,7.0,False,0.13366336633663367,0.12151205857963372,0.2551754249162674,False,0
28,7,Sean Spicer,8,False,8.0,1.0,9.0,False,0.10396039603960396,0.16319615519365743,0.2671565512332614,False,0
28,8,Ally Brooke,7,False,3.0,5.0,8.0,False,0.15544105882304174,0.13350592563496946,0.2889469844580112,False,0
28,8,Hannah Brown,7,False,2.0,4.0,6.0,False,0.160621391176751,0.1381390797925669,0.2987604709693179,False,0
28,8,James Van Der Beek,7,False,1.0,3.0,4.0,False,0.1658027598041857,0.13958988956985743,0.30539264937404315,False,0
28,8,Kate Flannery,7,True,5.0,7.0,12.0,True,0.13471454803957736,0.09277525715651068,0.22748980519608802,True,0
28,8,Kel Mitchell,7,False,4.0,6.0,10.0,False,0.15544002254931627,0.13130393279080918,0.2867439553401254,False,0
28,8,Lauren Alaina,7,False,6.0,2.0,8.0,False,0.1243528470584334,0.1596584940001219,0.2840113410585553,False,0
28,8,Sean Spicer,7,False,7.0,1.0,8.0,False,0.1036273725486945,0.2050274210551645,0.308654793603859,False,0
28,9,Ally Brooke,6,False,1.0,5.0,6.0,False,0.19184652278177458,0.16635614797553372,0.3582026707573083,False,0
28,9,Hannah Brown,6,False,4.0,1.0,5.0,False,0.17026378896882494,0.17481307214535363,0.34507686111417857,False,0
28,9,James Van Der Beek,6,False,3.0,3.0,6.0,False,0.17266187050359713,0.17065172949021676,0.3433135999938139,False,0
28,9,Kel Mitchell,6,False,2.0,4.0,6.0,False,0.1774580335731415,0.16707694892578057,0.34453498249892206,False,0
28,9,Lauren Alaina,6,False,5.0,2.0,7.0,False,0.16786570743405277,0.17310139346747822,0.340967100901531,False,0
28,9,Sean Spicer,6,True,6.0,6.0,12.0,True,0.11990407673860912,0.14800070799563705,0.26790478473424617,True,0
28,10,Ally Brooke,5,False,1.0,4.0,5.0,False,0.21454545454545454,0.1970845146042436,0.4116299691496981,False,0
28,10,Hannah Brown,5,False,3.0,1.0,4.0,False,0.19636363636363635,0.20949709291011723,0.4058607292737536,False,0
28,10,James Van Der Beek,5,True,5.0,5.0,10.0,True,0.18545454545454546,0.17479645565732274,0.3602510011118682,True,0
28,10,Kel Mitchell,5,False,2.0,3.0,5.0,False,0.20727272727272728,0.20920151524211586,0.4164742425148431,False,0
28,10,Lauren Alaina,5,False,3.0,2.0,5.0,False,0.19636363636363635,0.20942042158620067,0.405784057949837,False,0
28,11,Ally Brooke,4,False,1.0,2.0,3.0,False,0.2564102564102564,0.2505371767945352,0.5069474332047916,False,0
28,11,Hannah Brown,4,False,3.0,1.0,4.0,False,0.24786324786324787,0.25113918814349545,0.4990024360067433,False,0
28,11,Kel Mitchell,4,False,2.0,4.0,6.0,True,0.25213675213675213,0.24778645826743426,0.4999232104041864,False,1
28,11,Lauren Alaina,4,False,4.0,2.0,6.0,True,0.24358974358974358,0.2505371767945352,0.49412692038427874,True,0
29,1,AJ McLean,15,False,6.0,3.0,9.0,False,0.06923076923076923,0.06694847905213508,0.1361792482829043,False,0
29,1,Anne Heche,15,False,6.0,2.0,8.0,False,0.06923076923076923,0.06710934836782176,0.136340117598591,False,0
29,1,Carole Baskin,15,False,15.0,11.0,26.0,True,0.04230769230769231,0.06648584504223887,0.10879353734993118,True,0
29,1,Charles Oakley,15,False,14.0,8.0,22.0,False,0.046153846153846156,0.06661533343359029,0.11276917958743644,False,0
29,1,Chrishell Stause,15,False,13.0,10.0,23.0,False,0.05,0.06651320484640144,0.11651320484640144,False,0
29,1,Jeannie Mai,15,False,6.0,13.0,19.0,False,0.06923076923076923,0.06647729741166432,0.13570806664243357,False,0
29,1,Jesse Metcalfe,15,False,6.0,15.0,21.0,False,0.06923076923076923,0.06637139804543071,0.13560216727619995,False,0
29,1,Johnny Weir,15,False,6.0,9.0,15.0,False,0.06923076923076923,0.06654057590948512,0.13577134514025435,False,0
29,1,Justina Machado,15,False,1.0,1.0,2.0,False,0.08076923076923077,0.06728156062408336,0.14805079139331412,False,0
29,1,Kaitlyn Bristowe,15,False,3.0,4.0,7.0,False,0.07692307692307693,0.06684469379744161,0.14376777072051855,False,0
29,1,Monica Aldama,15,False,5.0,6.0,11.0,False,0.07307692307692308,0.06664845900417114,0.13972538208109422,False,0
29,1,Nelly,15,False,12.0,12.0,24.0,False,0.06153846153846154,0.06647957667236266,0.1280180382108242,False,0
29,1,Nev Schulman,15,False,3.0,7.0,10.0,False,0.07692307692307693,0.0666398904674312,0.1435629673905081,False,0
29,1,Skai Jackson,15,False,1.0,5.0,6.0,False,0.08076923076923077,0.06665188672734636,0.14742111749657713,False,0
29,1,Veron Davis,15,False,11.0,14.0,25.0,False,0.06538461538461539,0.06639245059839635,0.13177706598301175,False,0
29,2,AJ McLean,15,False,5.0,14.0,19.0,False,0.0695970695970696,0.0654069898739828,0.1350040594710524,False,0
29,2,Anne Heche,15,False,6.0,6.0,12.0,False,0.06593406593406594,0.06732415805408029,0.13325822398814624,False,0
29,2,Carole Baskin,15,False,12.0,3.0,15.0,False,0.05860805860805861,0.06984082462309861,0.12844888323115722,False,0
29,2,Charles Oakley,15,True,14.0,15.0,29.0,True,0.054945054945054944,0.050225515946442714,0.10517057089149766,True,0
29,2,Chrishell Stause,15,False,6.0,4.0,10.0,False,0.06593406593406594,0.06754512423156994,0.13347919016563586,False,0
29,2,Jeannie Mai,15,False,6.0,7.0,13.0,False,0.06593406593406594,0.0673149668336271,0.13324903276769304,False,0
29,2,Jesse Metcalfe,15,False,4.0,13.0,17.0,False,0.07326007326007326,0.06633509882328253,0.1395951720833558,False,0
29,2,Johnny Weir,15,False,6.0,10.0,16.0,False,0.06593406593406594,0.0668880447535337,0.13282211068759964,False,0
29,2,Justina Machado,15,False,2.0,12.0,14.0,False,0.07692307692307693,0.06678766479663197,0.14371074171970888,False,0
29,2,Kaitlyn Bristowe,15,False,1.0,8.0,9.0,False,0.08058608058608059,0.06716807784310573,0.14775415842918632,False,0
29,2,Monica Aldama,15,False,12.0,2.0,14.0,False,0.05860805860805861,0.07060784198250003,0.12921590059055865,False,0
29,2,Nelly,15,False,6.0,11.0,17.0,False,0.06593406593406594,0.06686978263731475,0.13280384857138067,False,0
29,2,Nev Schulman,15,False,2.0,9.0,11.0,False,0.07692307692307693,0.06692092913183591,0.14384400605491282,False,0
29,2,Skai Jackson,15,False,14.0,1.0,15.0,False,0.054945054945054944,0.07329727677378309,0.12824233171883803,False,0
29,2,Veron Davis,15,False,6.0,5.0,11.0,False,0.06593406593406594,0.06746770369521093,0.13340176962927686,False,0
29,3,AJ McLean,14,False,7.0,11.0,18.0,False,0.07473309608540925,0.07125773758025927,0.1459908336656685,False,0
29,3,Anne Heche,14,False,13.0,1.0,14.0,False,0.05338078291814947,0.07639484565082448,0.12977562856897396,False,0
29,3,Carole Baskin,14,True,14.0,14.0,28.0,True,0.042704626334519574,0.05188993857686927,0.09459456491138885,True,0
29,3,Chrishell Stause,14,False,4.0,7.0,11.0,False,0.07829181494661921,0.07226308860631715,0.15055490355293638,False,0
29,3,Jeannie Mai,14,False,4.0,10.0,14.0,False,0.07829181494661921,0.07145290835222375,0.14974472329884297,False,0
29,3,Jesse Metcalfe,14,False,9.0,4.0,13.0,False,0.0711743772241993,0.07422660012130895,0.14540097734550825,False,0
29,3,Johnny Weir,14,False,1.0,9.0,10.0,False,0.08540925266903915,0.07178187949957802,0.1571911321686172,False,0
29,3,Justina Machado,14,False,10.0,5.0,15.0,False,0.06761565836298933,0.07403621872453169,0.14165187708752103,False,0
29,3,Kaitlyn Bristowe,14,False,3.0,6.0,9.0,False,0.08185053380782918,0.07287066044062787,0.15472119424845704,False,0
29,3,Monica Aldama,14,False,7.0,8.0,15.0,False,0.07473309608540925,0.07195294168751766,0.1466860377729269,False,0
29,3,Nelly,14,False,11.0,3.0,14.0,False,0.06405693950177936,0.07489445289414846,0.13895139239592783,False,0
29,3,Nev Schulman,14,False,1.0,13.0,14.0,False,0.08540925266903915,0.07082461678652295,0.1562338694555621,False,0
29,3,Skai Jackson,14,False,11.0,2.0,13.0,False,0.06405693950177936,0.07528955615621538,0.13934649565799473,False,0
29,3,Veron Davis,14,False,4.0,12.0,16.0,False,0.07829181494661921,0.07086455492305498,0.14915636986967418,False,0
29,4,AJ McLean,13,False,3.0,9.0,12.0,False,0.07973421926910298,0.07695044659192904,0.15668466586103202,False,0
29,4,Anne Heche,13,True,10.0,13.0,23.0,True,0.06976744186046512,0.05245988300695146,0.12222732486741658,True,0
29,4,Chrishell Stause,13,False,8.0,4.0,12.0,False,0.07308970099667775,0.08025233884310602,0.15334203983978378,False,0
29,4,Jeannie Mai,13,False,10.0,3.0,13.0,False,0.06976744186046512,0.08173539979203877,0.15150284165250388,False,0
29,4,Jesse Metcalfe,13,False,10.0,2.0,12.0,False,0.06976744186046512,0.08300486346803718,0.15277230532850228,False,0
29,4,Johnny Weir,13,False,3.0,7.0,10.0,False,0.07973421926910298,0.07713462754399643,0.15686884681309943,False,0
29,4,Justina Machado,13,False,3.0,10.0,13.0,False,0.07973421926910298,0.07689175806299008,0.15662597733209305,False,0
29,4,Kaitlyn Bristowe,13,False,2.0,11.0,13.0,False,0.08305647840531562,0.07610189449399458,0.1591583728993102,False,0
29,4,Monica Aldama,13,False,3.0,12.0,15.0,False,0.07973421926910298,0.07609802369241386,0.15583224296151685,False,0
29,4,Nelly,13,False,10.0,1.0,11.0,False,0.06976744186046512,0.08458180233428628,0.15434924419475138,False,0
29,4,Nev Schulman,13,False,3.0,8.0,11.0,False,0.07973421926910298,0.077071878206361,0.15680609747546398,False,0
29,4,Skai Jackson,13,False,1.0,6.0,7.0,False,0.09302325581395349,0.07786784843640118,0.17089110425035467,False,0
29,4,Veron Davis,13,False,8.0,5.0,13.0,False,0.07308970099667775,0.07984923552749407,0.15293893652417181,False,0
29,5,AJ McLean,12,False,5.0,5.0,10.0,False,0.08362369337979095,0.08370341281028594,0.1673271061900769,False,0
29,5,Chrishell Stause,12,False,11.0,1.0,12.0,False,0.06620209059233449,0.09605796203254446,0.16226005262487897,False,0
29,5,Jeannie Mai,12,False,5.0,6.0,11.0,False,0.08362369337979095,0.0836377284153298,0.16726142179512077,False,0
29,5,Jesse Metcalfe,12,True,11.0,12.0,23.0,True,0.06620209059233449,0.06344428330844186,0.12964637390077635,True,0
29,5,Johnny Weir,12,False,1.0,3.0,4.0,False,0.10104529616724739,0.08464811635990534,0.1856934125271527,False,0
29,5,Justina Machado,12,False,5.0,7.0,12.0,False,0.08362369337979095,0.08349437517303167,0.16711806855282263,False,0
29,5,Kaitlyn Bristowe,12,False,2.0,9.0,11.0,False,0.09407665505226481,0.08302474022340789,0.1771013952756727,False,0
29,5,Monica Aldama,12,False,3.0,11.0,14.0,False,0.09059233449477352,0.08198127261201762,0.17257360710679115,False,0
29,5,Nelly,12,False,5.0,8.0,13.0,False,0.08362369337979095,0.08347738347444912,0.16710107685424008,False,0
29,5,Nev Schulman,12,False,3.0,10.0,13.0,False,0.09059233449477352,0.08288002782432394,0.17347236231909746,False,0
29,5,Skai Jackson,12,False,5.0,4.0,9.0,False,0.08362369337979095,0.08453743577122828,0.16816112915101922,False,0
29,5,Veron Davis,12,False,10.0,2.0,12.0,False,0.07317073170731707,0.08911326199503396,0.16228399370235103,False,0
29,6,AJ McLean,11,False,1.0,10.0,11.0,False,0.10074626865671642,0.08941094447396299,0.1901572131306794,False,0
29,6,Chrishell Stause,11,False,7.0,3.0,10.0,False,0.08955223880597014,0.0919863358510725,0.18153857465704265,False,0
29,6,Jeannie Mai,11,False,6.0,5.0,11.0,False,0.09328358208955224,0.09146243329165546,0.18474601538120772,False,0
29,6,Johnny Weir,11,False,9.0,2.0,11.0,False,0.08208955223880597,0.09562007101228008,0.17770962325108605,False,0
29,6,Justina Machado,11,False,1.0,8.0,9.0,False,0.10074626865671642,0.0898456025146562,0.1905918711713726,False,0
29,6,Kaitlyn Bristowe,11,False,1.0,9.0,10.0,False,0.10074626865671642,0.08950253016919324,0.19024879882590967,False,0
29,6,Monica Aldama,11,False,1.0,7.0,8.0,False,0.10074626865671642,0.09007828347684041,0.1908245521335568,False,0
29,6,Nelly,11,False,7.0,4.0,11.0,False,0.08955223880597014,0.0919813793791771,0.18153361818514724,False,0
29,6,Nev Schulman,11,False,5.0,6.0,11.0,False,0.09701492537313433,0.09129502192911854,0.18830994730225287,False,0
29,6,Skai Jackson,11,False,11.0,1.0,12.0,False,0.06716417910447761,0.11319296493453496,0.18035714403901257,False,0
29,6,Veron Davis,11,True,10.0,11.0,21.0,True,0.07835820895522388,0.06562443296750857,0.14398264192273247,True,0
29,7,AJ McLean,10,False,5.0,3.0,8.0,False,0.1,0.10175696689098526,0.20175696689098527,False,0
29,7,Chrishell Stause,10,False,5.0,4.0,9.0,False,0.1,0.10144239385988824,0.20144239385988824,False,0
29,7,Jeannie Mai,10,False,8.0,2.0,10.0,False,0.09615384615384616,0.10507039364627185,0.201224239800118,False,0
29,7,Johnny Weir,10,False,2.0,9.0,11.0,False,0.10384615384615385,0.09972464360865356,0.2035707974548074,False,0
29,7,Justina Machado,10,False,5.0,5.0,10.0,False,0.1,0.10095250913171702,0.20095250913171703,False,0
29,7,Kaitlyn Bristowe,10,False,9.0,1.0,10.0,False,0.09230769230769231,0.10758377096953539,0.1998914632772277,False,0
29,7,Monica Aldama,10,True,10.0,10.0,20.0,True,0.08461538461538462,0.0822739917838869,0.16688937639927154,True,0
29,7,Nelly,10,False,2.0,8.0,10.0,False,0.10384615384615385,0.10024058666273383,0.2040867405088877,False,0
29,7,Nev Schulman,10,False,1.0,6.0,7.0,False,0.11538461538461539,0.10056378792031868,0.2159484033049341,False,0
29,7,Skai Jackson,10,False,2.0,7.0,9.0,False,0.10384615384615385,0.10039095552600924,0.2042371093721631,False,0
29,8,AJ McLean,8,False,5.0,2.0,7.0,False,0.12162184076007344,0.13212568029506674,0.2537475210551402,False,0
29,8,Chrishell Stause,8,True,5.0,8.0,13.0,True,0.12162184076007344,0.07607878636862919,0.19770062712870262,True,0
29,8,Johnny Weir,8,False,1.0,7.0,8.0,False,0.13513537862230382,0.12144095726417961,0.25657633588648343,False,0
29,8,Justina Machado,8,False,3.0,5.0,8.0,False,0.13062996509903624,0.12523377172197264,0.2558637368210089,False,0
29,8,Kaitlyn Bristowe,8,False,4.0,4.0,8.0,False,0.1261263533808169,0.12853152795449627,0.2546578813353132,False,0
29,8,Nelly,8,False,8.0,1.0,9.0,False,0.10810830289784307,0.16263227786858164,0.2707405807664247,False,0
29,8,Nev Schulman,8,False,1.0,6.0,7.0,False,0.13513537862230382,0.12243289902680993,0.2575682776491137,False,0
29,8,Skai Jackson,8,False,7.0,3.0,10.0,False,0.1216209398575493,0.13152409950026406,0.25314503935781335,False,0
29,9,AJ McLean,7,True,6.0,7.0,13.0,True,0.12953317941214265,0.10826243003318917,0.23779560944533182,True,0
29,9,Johnny Weir,7,False,1.0,5.0,6.0,False,0.15544105882304177,0.14381836973167877,0.29925942855472054,False,0
29,9,Justina Machado,7,False,5.0,4.0,9.0,False,0.1347145480395774,0.14389899105658466,0.27861353909616204,False,0
29,9,Kaitlyn Bristowe,7,False,1.0,6.0,7.0,False,0.15544105882304177,0.14354660608775438,0.29898766491079615,False,0
29,9,Nelly,7,False,7.0,1.0,8.0,False,0.12435284705843341,0.16900904478368678,0.2933618918421202,False,0
29,9,Nev Schulman,7,False,3.0,3.0,6.0,False,0.15025865392188156,0.14427245296409708,0.2945311068859786,False,0
29,9,Skai Jackson,7,False,3.0,2.0,5.0,False,0.15025865392188156,0.14719210534300925,0.29745075926489084,False,0
29,10,Johnny Weir,6,True,4.0,6.0,10.0,True,0.16379310344827586,0.10371670911426062,0.2675098125625365,True,0
29,10,Justina Machado,6,False,3.0,2.0,5.0,False,0.16666666666666666,0.1884788401658255,0.35514550683249213,False,0
29,10,Kaitlyn Bristowe,6,False,1.0,4.0,5.0,False,0.1724137931034483,0.1620377868530047,0.334451579956453,False,0
29,10,Nelly,6,False,6.0,1.0,7.0,False,0.16091954022988506,0.2596436958122238,0.4205632360421089,False,0
29,10,Nev Schulman,6,False,1.0,3.0,4.0,False,0.1724137931034483,0.16430160596149387,0.3367153990649422,False,0
29,10,Skai Jackson,6,True,4.0,5.0,9.0,False,0.16379310344827586,0.1218213620931915,0.28561446554146735,False,0
29,11,Justina Machado,4,False,1.0,4.0,5.0,True,0.25316455696202533,0.24881033349248147,0.5019748904545068,False,1
29,11,Kaitlyn Bristowe,4,False,1.0,2.0,3.0,False,0.25316455696202533,0.25027764793024043,0.5034422048922658,False,0
29,11,Nelly,4,False,4.0,1.0,5.0,True,0.24050632911392406,0.2517032699040596,0.49220959901798367,True,0
29,11,Nev Schulman,4,False,1.0,3.0,4.0,False,0.25316455696202533,0.24920874867321874,0.5023733056352441,False,0
30,1,Amanda Kloots,15,False,2.0,13.0,15.0,False,0.07650273224043716,0.06633432135760137,0.14283705359803853,False,0
30,1,Brian Austin Green,15,False,9.0,15.0,24.0,False,0.06557377049180328,0.06622354088423249,0.1317973113760358,False,0
30,1,Christine Chiu,15,False,7.0,2.0,9.0,False,0.06830601092896176,0.0670350758272673,0.13534108675622905,False,0
30,1,Cody Rigsby,15,False,9.0,5.0,14.0,False,0.06557377049180328,0.06683770923571059,0.13241147972751388,False,0
30,1,Iman Shumpert,15,False,14.0,14.0,28.0,True,0.05737704918032787,0.06626499086638496,0.12364204004671284,False,1
30,1,Jimmie Allen,15,False,13.0,3.0,16.0,False,0.060109289617486336,0.06690362460205065,0.12701291421953698,False,0
30,1,JoJo Siwa,15,False,1.0,11.0,12.0,False,0.07923497267759563,0.06649884463764029,0.14573381731523594,False,0
30,1,Kenya Moore,15,False,5.0,8.0,13.0,False,0.07103825136612021,0.06665349149564273,0.13769174286176294,False,0
30,1,Martin Kove,15,False,15.0,6.0,21.0,False,0.03551912568306011,0.0668222428698931,0.10234136855295321,True,-1
30,1,Matt James,15,False,9.0,1.0,10.0,False,0.06557377049180328,0.06723014387349738,0.13280391436530065,False,0
30,1,Melanie C,15,False,4.0,7.0,11.0,False,0.07377049180327869,0.06674839739487039,0.1405188891981491,False,0
30,1,Melora Hardin,15,False,5.0,10.0,15.0,False,0.07103825136612021,0.06658097388664569,0.1376192252527659,False,0
30,1,"Mike ""The Miz"" Mizanin",15,False,9.0,9.0,18.0,False,0.06557377049180328,0.06660266379316178,0.13217643428496506,False,0
30,1,Olivia Jade,15,False,7.0,4.0,11.0,False,0.06830601092896176,0.0668875696588164,0.13519358058777814,False,0
30,1,Suni Lee,15,False,2.0,12.0,14.0,False,0.07650273224043716,0.06637640961658496,0.1428791418570221,False,0
30,2,Amanda Kloots,15,False,1.0,13.0,14.0,False,0.08311688311688312,0.06687530877302363,0.14999219188990676,False,0
30,2,Brian Austin Green,15,False,13.0,1.0,14.0,False,0.05974025974025974,0.07168509627765549,0.13142535601791522,False,0
30,2,Christine Chiu,15,False,10.0,4.0,14.0,False,0.06233766233766234,0.06857238072377618,0.13091004306143852,False,0
30,2,Cody Rigsby,15,False,10.0,5.0,15.0,False,0.06233766233766234,0.068447539769817,0.13078520210747935,False,0
30,2,Iman Shumpert,15,False,9.0,6.0,15.0,False,0.06493506493506493,0.06741950802817957,0.1323545729632445,False,0
30,2,Jimmie Allen,15,False,5.0,11.0,16.0,False,0.07012987012987013,0.0670426431817692,0.13717251331163932,False,0
30,2,JoJo Siwa,15,False,2.0,10.0,12.0,False,0.08051948051948052,0.06706708107415518,0.1475865615936357,False,0
30,2,Kenya Moore,15,False,10.0,3.0,13.0,False,0.06233766233766234,0.06871414242031074,0.13105180475797307,False,0
30,2,Martin Kove,15,True,15.0,15.0,30.0,True,0.03896103896103896,0.04924969783446909,0.08821073679550806,True,0
30,2,Matt James,15,False,14.0,2.0,16.0,False,0.05714285714285714,0.0695093394595344,0.12665219660239155,False,0
30,2,Melanie C,15,False,3.0,7.0,10.0,False,0.07792207792207792,0.06735986251767329,0.1452819404397512,False,0
30,2,Melora Hardin,15,False,5.0,8.0,13.0,False,0.07012987012987013,0.06729326233119386,0.13742313246106397,False,0
30,2,"Mike ""The Miz"" Mizanin",15,False,8.0,9.0,17.0,False,0.06753246753246753,0.06721622858726042,0.13474869611972795,False,0
30,2,Olivia Jade,15,False,5.0,14.0,19.0,False,0.07012987012987013,0.06664706232505734,0.13677693245492745,False,0
30,2,Suni Lee,15,False,4.0,12.0,16.0,False,0.07272727272727272,0.06690084669612463,0.13962811942339737,False,0
30,3,Amanda Kloots,14,False,1.0,8.0,9.0,False,0.08053691275167785,0.06894817314085089,0.14948508589252874,False,0
30,3,Brian Austin Green,14,False,12.0,2.0,14.0,False,0.06375838926174497,0.08610242510346915,0.14986081436521412,False,0
30,3,Christine Chiu,14,True,7.0,14.0,21.0,True,0.07046979865771812,0.040660993443612715,0.11113079210133084,True,0
30,3,Cody Rigsby,14,False,14.0,1.0,15.0,False,0.06040268456375839,0.09217555830699638,0.15257824287075478,False,0
30,3,Iman Shumpert,14,False,12.0,3.0,15.0,False,0.06375838926174497,0.08527467096909648,0.14903306023084145,False,0
30,3,Jimmie Allen,14,False,10.0,5.0,15.0,False,0.06711409395973154,0.07659585353538612,0.14370994749511767,False,0
30,3,JoJo Siwa,14,False,1.0,13.0,14.0,False,0.08053691275167785,0.06471724722019165,0.1452541599718695,False,0
30,3,Kenya Moore,14,False,7.0,7.0,14.0,False,0.07046979865771812,0.06999206945286443,0.14046186811058253,False,0
30,3,Matt James,14,False,10.0,4.0,14.0,False,0.06711409395973154,0.07796446458754519,0.14507855854727675,False,0
30,3,Melanie C,14,False,5.0,10.0,15.0,False,0.0738255033557047,0.06752006925012262,0.1413455726058273,False,0
30,3,Melora Hardin,14,False,4.0,6.0,10.0,False,0.07718120805369127,0.07002964236210976,0.14721085041580104,False,0
30,3,"Mike ""The Miz"" Mizanin",14,False,5.0,12.0,17.0,False,0.0738255033557047,0.06580294470500588,0.13962844806071056,False,0
30,3,Olivia Jade,14,False,1.0,9.0,10.0,False,0.08053691275167785,0.06777419950974083,0.1483111122614187,False,0
30,3,Suni Lee,14,False,7.0,11.0,18.0,False,0.07046979865771812,0.06644168841300804,0.13691148707072615,False,0
30,4,Amanda Kloots,13,False,4.0,11.0,15.0,False,0.0815347721822542,0.07549393590536813,0.15702870808762232,False,0
30,4,Brian Austin Green,13,True,13.0,12.0,25.0,True,0.06235011990407674,0.05479577221648848,0.11714589212056523,True,0
30,4,Cody Rigsby,13,False,11.0,1.0,12.0,False,0.06954436450839328,0.09377439742532614,0.16331876193371941,False,0
30,4,Iman Shumpert,13,False,9.0,3.0,12.0,False,0.07553956834532374,0.08510463487987037,0.16064420322519413,False,0
30,4,Jimmie Allen,13,False,7.0,4.0,11.0,False,0.07793764988009592,0.07966781159840233,0.15760546147849824,False,0
30,4,JoJo Siwa,13,False,2.0,9.0,11.0,False,0.08393285371702638,0.077609600556161,0.16154245427318736,False,0
30,4,Kenya Moore,13,False,10.0,2.0,12.0,False,0.07074340527577938,0.08936166152266081,0.1601050667984402,False,0
30,4,Matt James,13,True,12.0,13.0,25.0,True,0.0683453237410072,0.05384789846999935,0.12219322221100655,False,1
30,4,Melanie C,13,False,6.0,6.0,12.0,False,0.07913669064748201,0.078351815235521,0.157488505883003,False,0
30,4,Melora Hardin,13,False,1.0,7.0,8.0,False,0.08752997601918465,0.07829924776668805,0.1658292237858727,False,0
30,4,"Mike ""The Miz"" Mizanin",13,False,7.0,5.0,12.0,False,0.07793764988009592,0.07865836308923167,0.1565960129693276,False,0
30,4,Olivia Jade,13,False,2.0,8.0,10.0,False,0.08393285371702638,0.07813698937268655,0.16206984308971295,False,0
30,4,Suni Lee,13,False,4.0,10.0,14.0,False,0.0815347721822542,0.07689787196159613,0.15843264414385033,False,0
30,5,Amanda Kloots,11,False,2.0,9.0,11.0,False,0.1012987012987013,0.07950185859865114,0.18080055989735244,False,0
30,5,Cody Rigsby,11,False,9.0,3.0,12.0,False,0.08311688311688312,0.10344149699186488,0.18655838010874798,False,0
30,5,Iman Shumpert,11,False,11.0,1.0,12.0,False,0.07272727272727272,0.1437446504181466,0.21647192314541933,False,0
30,5,Jimmie Allen,11,False,8.0,5.0,13.0,False,0.08831168831168831,0.0875801692188704,0.1758918575305587,False,0
30,5,JoJo Siwa,11,False,1.0,8.0,9.0,False,0.1038961038961039,0.08074243479415028,0.18463853869025418,False,0
30,5,Kenya Moore,11,False,3.0,6.0,9.0,False,0.09350649350649351,0.08523889291951552,0.178745386426009,False,0
30,5,Melanie C,11,True,3.0,11.0,14.0,True,0.09350649350649351,0.04843857638548736,0.14194506989198086,True,0
30,5,Melora Hardin,11,False,3.0,10.0,13.0,False,0.09350649350649351,0.07677980810677486,0.17028630161326835,False,0
30,5,"Mike ""The Miz"" Mizanin",11,False,9.0,2.0,11.0,False,0.08311688311688312,0.11799226950661543,0.20110915262349854,False,0
30,5,Olivia Jade,11,False,3.0,7.0,10.0,False,0.09350649350649351,0.08263969031497882,0.17614618382147235,False,0
30,5,Suni Lee,11,False,3.0,4.0,7.0,False,0.09350649350649351,0.09390015274494475,0.18740664625143827,False,0
30,6,Amanda Kloots,10,False,3.0,8.0,11.0,False,0.1043956043956044,0.10015604061351119,0.2045516450091156,False,0
30,6,Cody Rigsby,10,False,5.0,3.0,8.0,False,0.0989010989010989,0.10194156221421452,0.2008426611153134,False,0
30,6,Iman Shumpert,10,False,1.0,7.0,8.0,False,0.10989010989010989,0.10060290192158794,0.21049301181169783,False,0
30,6,Jimmie Allen,10,False,3.0,6.0,9.0,False,0.1043956043956044,0.10072111756876989,0.2051167219643743,False,0
30,6,JoJo Siwa,10,False,1.0,9.0,10.0,False,0.10989010989010989,0.0991869630461642,0.2090770729362741,False,0
30,6,Kenya Moore,10,True,10.0,10.0,20.0,True,0.08791208791208792,0.07930710844959611,0.16721919636168403,True,0
30,6,Melora Hardin,10,False,8.0,1.0,9.0,False,0.09340659340659341,0.10790023487430432,0.20130682828089774,False,0
30,6,"Mike ""The Miz"" Mizanin",10,False,8.0,2.0,10.0,False,0.09340659340659341,0.10717187655497089,0.2005784699615643,False,0
30,6,Olivia Jade,10,False,5.0,4.0,9.0,False,0.0989010989010989,0.10188589446831403,0.2007869933694129,False,0
30,6,Suni Lee,10,False,5.0,5.0,10.0,False,0.0989010989010989,0.10112630028856681,0.20002739918966572,False,0
30,7,Amanda Kloots,9,False,6.0,1.0,7.0,False,0.10397553516819572,0.11907270771355179,0.22304824288174752,False,0
30,7,Cody Rigsby,9,False,5.0,4.0,9.0,False,0.11009174311926606,0.11310810655669074,0.2231998496759568,False,0
30,7,Iman Shumpert,9,False,6.0,2.0,8.0,False,0.10397553516819572,0.11793560190609938,0.2219111370742951,False,0
30,7,Jimmie Allen,9,False,3.0,6.0,9.0,False,0.1162079510703364,0.111308189444127,0.2275161405144634,False,0
30,7,JoJo Siwa,9,False,2.0,8.0,10.0,False,0.11926605504587157,0.11082552555951905,0.23009158060539062,False,0
30,7,Melora Hardin,9,False,3.0,7.0,10.0,False,0.1162079510703364,0.1112919586342142,0.22749990970455058,False,0
30,7,"Mike ""The Miz"" Mizanin",9,True,9.0,9.0,18.0,True,0.09785932721712538,0.09043595649699115,0.18829528371411652,True,0
30,7,Olivia Jade,9,False,1.0,5.0,6.0,False,0.12844036697247707,0.11138613028782719,0.23982649726030425,False,0
30,7,Suni Lee,9,False,6.0,3.0,9.0,False,0.10397553516819572,0.11463582340097965,0.21861135856917535,False,0
30,8,Amanda Kloots,8,False,1.0,4.0,5.0,False,0.13636363636363635,0.12616371670906998,0.26252735307270636,False,0
30,8,Cody Rigsby,8,False,5.0,2.0,7.0,False,0.12337662337662338,0.1457505293291992,0.2691271527058226,False,0
30,8,Iman Shumpert,8,False,7.0,1.0,8.0,False,0.11363636363636363,0.16205651467398297,0.2756928783103466,False,0
30,8,Jimmie Allen,8,True,8.0,7.0,15.0,True,0.1038961038961039,0.0978105652700825,0.2017066691661864,True,0
30,8,JoJo Siwa,8,False,4.0,3.0,7.0,False,0.1331168831168831,0.13459403792941319,0.2677109210462963,False,0
30,8,Melora Hardin,8,False,1.0,6.0,7.0,False,0.13636363636363635,0.12360022358445467,0.259963859948091,False,0
30,8,Olivia Jade,8,True,6.0,8.0,14.0,False,0.11688311688311688,0.08584837526419699,0.20273149214731387,False,0
30,8,Suni Lee,8,False,1.0,5.0,6.0,False,0.13636363636363635,0.12417603723960054,0.2605396736032369,False,0
30,9,Amanda Kloots,6,False,2.0,3.0,5.0,False,0.1747787610619469,0.1624772112389655,0.3372559723009124,False,0
30,9,Cody Rigsby,6,False,6.0,1.0,7.0,False,0.1570796460176991,0.252421944128208,0.40950159014590715,False,0
30,9,Iman Shumpert,6,False,3.0,2.0,5.0,False,0.16592920353982302,0.18604218294987385,0.35197138648969684,False,0
30,9,JoJo Siwa,6,False,1.0,4.0,5.0,False,0.17699115044247787,0.1616380102172554,0.33862916065973325,False,0
30,9,Melora Hardin,6,True,5.0,5.0,10.0,True,0.1592920353982301,0.13821516150891652,0.2975071969071466,False,1
30,9,Suni Lee,6,True,3.0,6.0,9.0,False,0.16592920353982302,0.09920548995678097,0.265134693496604,True,-1
30,10,Amanda Kloots,4,False,3.0,3.0,6.0,True,0.2484076433121019,0.2496688927370408,0.4980765360491427,False,1
30,10,Cody Rigsby,4,False,4.0,2.0,6.0,True,0.24203821656050956,0.2503188764708536,0.49235709303136316,True,0
30,10,Iman Shumpert,4,False,1.0,4.0,5.0,False,0.25477707006369427,0.24890109556202936,0.5036781656257237,False,0
30,10,JoJo Siwa,4,False,1.0,1.0,2.0,False,0.25477707006369427,0.2511111352300762,0.5058882052937705,False,0
31,1,Charli D'Amelio,16,False,1.0,10.0,11.0,False,0.08376963350785341,0.0626777765180507,0.1464474100259041,False,0
31,1,Cheryl Ladd,16,False,10.0,9.0,19.0,False,0.0549738219895288,0.06270001199824773,0.11767383398777653,False,0
31,1,Daniel Durant,16,False,6.0,13.0,19.0,False,0.07068062827225131,0.06213045493259186,0.13281108320484317,False,0
31,1,Gabby Windey,16,False,3.0,15.0,18.0,False,0.07329842931937172,0.06156805686773807,0.13486648618710978,False,0
31,1,Heidi D'Amelio,16,False,8.0,5.0,13.0,False,0.06282722513089005,0.06338915025522456,0.1262163753861146,False,0
31,1,Jason Lewis,16,True,15.0,16.0,31.0,True,0.04712041884816754,0.04367454807029004,0.09079496691845758,True,0
31,1,Jessie James Decker,16,False,12.0,4.0,16.0,False,0.05235602094240838,0.06452337101814747,0.11687939196055584,False,0
31,1,Jordin Sparks,16,False,7.0,12.0,19.0,False,0.06806282722513089,0.0621845702968673,0.1302473975219982,False,0
31,1,Joseph Baena,16,False,9.0,6.0,15.0,False,0.060209424083769635,0.06335645489629763,0.12356587898006727,False,0
31,1,Sam Champion,16,False,12.0,3.0,15.0,False,0.05235602094240838,0.0651673762067278,0.11752339714913618,False,0
31,1,Selma Blair,16,False,3.0,11.0,14.0,False,0.07329842931937172,0.06252234879219148,0.1358207781115632,False,0
31,1,Shangela,16,False,3.0,7.0,10.0,False,0.07329842931937172,0.0627870082256586,0.13608543754503033,False,0
31,1,Teresa Giudice,16,False,12.0,2.0,14.0,False,0.05235602094240838,0.06583691265152312,0.1181929335939315,False,0
31,1,Trevor Donovan,16,False,10.0,8.0,18.0,False,0.0549738219895288,0.06272832310927852,0.11770214509880732,False,0
31,1,Vinny Guadagnino,16,False,16.0,1.0,17.0,False,0.04450261780104712,0.07272527068305,0.11722788848409713,False,0
31,1,Wayne Brady,16,False,2.0,14.0,16.0,False,0.07591623036649214,0.06202836547811518,0.13794459584460733,False,0
31,2,Charli D'Amelio,15,False,1.0,6.0,7.0,False,0.07766990291262135,0.06678269076697181,0.14445259367959318,False,0
31,2,Cheryl Ladd,15,False,15.0,1.0,16.0,False,0.050970873786407765,0.08087546722992615,0.1318463410163339,False,0
31,2,Daniel Durant,15,False,5.0,9.0,14.0,False,0.0703883495145631,0.06630815920294106,0.13669650871750416,False,0
31,2,Gabby Windey,15,False,1.0,11.0,12.0,False,0.07766990291262135,0.066062736857753,0.14373263977037437,False,0
31,2,Heidi D'Amelio,15,False,6.0,4.0,10.0,False,0.06796116504854369,0.06719110736751174,0.13515227241605543,False,0
31,2,Jessie James Decker,15,False,12.0,3.0,15.0,False,0.06067961165048544,0.07066797755727583,0.13134758920776127,False,0
31,2,Jordin Sparks,15,False,9.0,7.0,16.0,False,0.06553398058252427,0.06644542516114946,0.13197940574367373,False,0
31,2,Joseph Baena,15,False,13.0,2.0,15.0,False,0.05825242718446602,0.07142283847048701,0.12967526565495302,False,0
31,2,Sam Champion,15,False,11.0,10.0,21.0,False,0.06310679611650485,0.06610750571643263,0.12921430183293747,False,0
31,2,Selma Blair,15,False,6.0,8.0,14.0,False,0.06796116504854369,0.06632234596954432,0.134283511018088,False,0
31,2,Shangela,15,False,6.0,14.0,20.0,False,0.06796116504854369,0.06577834039464436,0.13373950544318805,False,0
31,2,Teresa Giudice,15,True,14.0,15.0,29.0,True,0.055825242718446605,0.047298715896189766,0.10312395861463637,True,0
31,2,Trevor Donovan,15,False,4.0,13.0,17.0,False,0.07281553398058252,0.0659403665331151,0.13875590051369763,False,0
31,2,Vinny Guadagnino,15,False,9.0,5.0,14.0,False,0.06553398058252427,0.06681127041119006,0.13234525099371433,False,0
31,2,Wayne Brady,15,False,1.0,12.0,13.0,False,0.07766990291262135,0.06598505246486752,0.14365495537748887,False,0
31,3,Charli D'Amelio,14,False,1.0,10.0,11.0,False,0.08188585607940446,0.0711284774424076,0.15301433352181207,False,0
31,3,Cheryl Ladd,14,True,13.0,14.0,27.0,True,0.05955334987593052,0.04926349968857544,0.10881684956450596,True,0
31,3,Daniel Durant,14,False,5.0,13.0,18.0,False,0.07692307692307693,0.06988906420916162,0.14681214113223856,False,0
31,3,Gabby Windey,14,False,1.0,12.0,13.0,False,0.08188585607940446,0.07028567797313622,0.1521715340525407,False,0
31,3,Heidi D'Amelio,14,False,4.0,8.0,12.0,False,0.0794044665012407,0.0718630360803098,0.1512675025815505,False,0
31,3,Jessie James Decker,14,False,11.0,3.0,14.0,False,0.06451612903225806,0.0742584316184454,0.13877456065070348,False,0
31,3,Jordin Sparks,14,False,7.0,7.0,14.0,False,0.07196029776674938,0.07188611286656457,0.14384641063331394,False,0
31,3,Joseph Baena,14,False,7.0,6.0,13.0,False,0.07196029776674938,0.0718889979858455,0.14384929575259486,False,0
31,3,Sam Champion,14,False,12.0,2.0,14.0,False,0.062034739454094295,0.07661673629969139,0.13865147575378567,False,0
31,3,Selma Blair,14,False,9.0,5.0,14.0,False,0.06947890818858561,0.07234630436864568,0.1418252125572313,False,0
31,3,Shangela,14,False,6.0,11.0,17.0,False,0.07444168734491315,0.07100013391519705,0.14544182126011018,False,0
31,3,Trevor Donovan,14,False,10.0,4.0,14.0,False,0.06699751861042183,0.0733932716732101,0.14039079028363194,False,0
31,3,Vinny Guadagnino,14,False,14.0,1.0,15.0,False,0.05707196029776675,0.08498894830127755,0.1420609085990443,False,0
31,3,Wayne Brady,14,False,1.0,9.0,10.0,False,0.08188585607940446,0.07119130757753192,0.15307716365693638,False,0
31,4,Charli D'Amelio,13,False,1.0,11.0,12.0,False,0.08780487804878048,0.07651695967681761,0.1643218377255981,False,0
31,4,Daniel Durant,13,False,9.0,4.0,13.0,False,0.07073170731707316,0.079361347315207,0.15009305463228018,False,0
31,4,Gabby Windey,13,False,1.0,10.0,11.0,False,0.08780487804878048,0.07695255620486263,0.16475743425364311,False,0
31,4,Heidi D'Amelio,13,False,4.0,9.0,13.0,False,0.08292682926829269,0.07698910613479824,0.15991593540309093,False,0
31,4,Jessie James Decker,13,False,8.0,6.0,14.0,False,0.07560975609756097,0.07807180393742746,0.15368156003498845,False,0
31,4,Jordin Sparks,13,False,4.0,12.0,16.0,False,0.08292682926829269,0.07631408672553146,0.15924091599382414,False,0
31,4,Joseph Baena,13,False,11.0,2.0,13.0,False,0.06829268292682927,0.08141211272376088,0.14970479565059014,False,0
31,4,Sam Champion,13,True,13.0,13.0,26.0,True,0.06097560975609756,0.057673709301109495,0.11864931905720705,True,0
31,4,Selma Blair,13,False,6.0,8.0,14.0,False,0.07804878048780488,0.07706059476703728,0.15510937525484214,False,0
31,4,Shangela,13,False,6.0,5.0,11.0,False,0.07804878048780488,0.0783757162859886,0.1564244967737935,False,0
31,4,Trevor Donovan,13,False,11.0,1.0,12.0,False,0.06829268292682927,0.0824822039450636,0.1507748868718929,False,0
31,4,Vinny Guadagnino,13,False,9.0,3.0,12.0,False,0.07073170731707316,0.0809669995012325,0.15169870681830566,False,0
31,4,Wayne Brady,13,False,1.0,7.0,8.0,False,0.08780487804878048,0.07782280348116309,0.16562768152994356,False,0
31,5,Charli D'Amelio,12,False,1.0,8.0,9.0,False,0.09364548494983277,0.08264119823918817,0.17628668318902094,False,0
31,5,Daniel Durant,12,False,11.0,2.0,13.0,False,0.07469342251950947,0.09101417186464217,0.16570759438415164,False,0
31,5,Gabby Windey,12,False,2.0,5.0,7.0,False,0.09141583054626533,0.08329557959964028,0.1747114101459056,False,0
31,5,Heidi D'Amelio,12,False,5.0,7.0,12.0,False,0.08695652173913043,0.08264852220582299,0.1696050439449534,False,0
31,5,Jessie James Decker,12,False,7.0,9.0,16.0,False,0.0802675585284281,0.08178875901103604,0.16205631753946415,False,0
31,5,Jordin Sparks,12,False,9.0,3.0,12.0,False,0.07915273132664437,0.08512385553489278,0.16427658686153715,False,0
31,5,Joseph Baena,12,True,10.0,12.0,22.0,True,0.07803790412486064,0.05689192004211487,0.13492982416697552,True,0
31,5,Selma Blair,12,False,4.0,4.0,8.0,False,0.08918617614269789,0.08333988117593882,0.1725260573186367,False,0
31,5,Shangela,12,False,6.0,11.0,17.0,False,0.0858416945373467,0.0808089339507097,0.1666506284880564,False,0
31,5,Trevor Donovan,12,False,7.0,6.0,13.0,False,0.0802675585284281,0.0827217975808901,0.1629893561093182,False,0
31,5,Vinny Guadagnino,12,False,12.0,1.0,13.0,False,0.06911928651059086,0.10858635619629911,0.17770564270689,False,0
31,5,Wayne Brady,12,False,2.0,10.0,12.0,False,0.09141583054626533,0.08113902459882501,0.17255485514509034,False,0
31,6,Charli D'Amelio,10,False,1.0,4.0,5.0,False,0.11594202898550725,0.09924663671578228,0.21518866570128953,False,0
31,6,Daniel Durant,10,False,5.0,8.0,13.0,False,0.09855072463768116,0.09703706161232793,0.1955877862500091,False,0
31,6,Gabby Windey,10,False,2.0,5.0,7.0,False,0.1072463768115942,0.09879558963996765,0.20604196645156186,False,0
31,6,Heidi D'Amelio,10,False,3.0,6.0,9.0,False,0.10434782608695652,0.09735963269774991,0.20170745878470642,False,0
31,6,Jessie James Decker,10,True,9.0,10.0,19.0,True,0.0927536231884058,0.07802039934391176,0.17077402253231755,True,0
31,6,Jordin Sparks,10,False,5.0,7.0,12.0,False,0.09855072463768116,0.09729629906349176,0.1958470237011729,False,0
31,6,Shangela,10,False,3.0,2.0,5.0,False,0.10434782608695652,0.09956359435589938,0.2039114204428559,False,0
31,6,Trevor Donovan,10,False,5.0,3.0,8.0,False,0.09855072463768116,0.09949235260144873,0.1980430772391299,False,0
31,6,Vinny Guadagnino,10,False,10.0,1.0,11.0,False,0.08115942028985507,0.1372313996217353,0.21839081991159037,False,0
31,6,Wayne Brady,10,False,5.0,9.0,14.0,False,0.09855072463768116,0.09595703434768511,0.19450775898536626,False,0
31,7,Charli D'Amelio,9,False,1.0,8.0,9.0,False,0.11981566820276497,0.10906619327587734,0.2288818614786423,False,0
31,7,Daniel Durant,9,False,4.0,4.0,8.0,False,0.11213517665130568,0.11045641511792333,0.222591591769229,False,0
31,7,Gabby Windey,9,False,6.0,3.0,9.0,False,0.10906298003072197,0.11448964559674779,0.22355262562746975,False,0
31,7,Heidi D'Amelio,9,False,7.0,2.0,9.0,False,0.10752688172043011,0.11475880577531941,0.2222856874957495,False,0
31,7,Jordin Sparks,9,True,8.0,9.0,17.0,True,0.10599078341013825,0.080809722855802,0.18680050626594025,True,0
31,7,Shangela,9,False,4.0,6.0,10.0,False,0.11213517665130568,0.1100171420085142,0.22215231865981988,False,0
31,7,Trevor Donovan,9,False,1.0,7.0,8.0,False,0.11981566820276497,0.10957961584032568,0.22939528404309065,False,0
31,7,Vinny Guadagnino,9,False,9.0,1.0,10.0,False,0.0967741935483871,0.14049958025882472,0.23727377380721182,False,0
31,7,Wayne Brady,9,False,3.0,5.0,8.0,False,0.11674347158218126,0.11032287927066564,0.2270663508528469,False,0
31,8,Charli D'Amelio,8,False,1.0,6.0,7.0,False,0.14331210191082802,0.1255418413571709,0.26885394326799894,False,0
31,8,Daniel Durant,8,False,5.0,2.0,7.0,False,0.12420382165605096,0.14471223429803595,0.2689160559540869,False,0
31,8,Gabby Windey,8,False,4.0,3.0,7.0,False,0.12738853503184713,0.1335162021496449,0.26090473718149204,False,0
31,8,Heidi D'Amelio,8,True,7.0,8.0,15.0,True,0.11146496815286625,0.08856019045371158,0.20002515860657782,False,1
31,8,Shangela,8,False,3.0,4.0,7.0,False,0.1337579617834395,0.1297832075938873,0.2635411693773268,False,0
31,8,Trevor Donovan,8,False,5.0,1.0,6.0,False,0.12420382165605096,0.1485166220814816,0.27272044373753257,False,0
31,8,Vinny Guadagnino,8,True,8.0,7.0,15.0,True,0.09235668789808917,0.10303274032262497,0.19538942822071415,True,0
31,8,Wayne Brady,8,False,1.0,5.0,6.0,False,0.14331210191082802,0.1263369617434428,0.2696490636542708,False,0
31,9,Charli D'Amelio,6,False,1.0,4.0,5.0,False,0.18181818181818182,0.16589762351151494,0.34771580532969676,False,0
31,9,Daniel Durant,6,True,5.0,6.0,11.0,True,0.15681818181818183,0.11801796601386189,0.2748361478320437,True,0
31,9,Gabby Windey,6,False,1.0,3.0,4.0,False,0.18181818181818182,0.16725708859463334,0.34907527041281516,False,0
31,9,Shangela,6,False,3.0,2.0,5.0,False,0.16590909090909092,0.19420463718710512,0.360113728096196,False,0
31,9,Trevor Donovan,6,True,6.0,5.0,11.0,True,0.14772727272727273,0.1492612801316176,0.29698855285889036,False,1
31,9,Wayne Brady,6,False,3.0,1.0,4.0,False,0.16590909090909092,0.2053614045612672,0.3712704954703581,False,0
31,10,Charli D'Amelio,4,False,1.0,1.0,2.0,False,0.2564102564102564,0.251179969267884,0.5075902256781404,False,0
31,10,Gabby Windey,4,False,1.0,2.0,3.0,False,0.2564102564102564,0.2511397836877332,0.5075500400979895,False,0
31,10,Shangela,4,False,3.0,4.0,7.0,True,0.24358974358974358,0.24850170116284986,0.4920914447525935,True,0
31,10,Wayne Brady,4,False,3.0,3.0,6.0,False,0.24358974358974358,0.24917854588153296,0.49276828947127654,False,0
32,1,Adrian Peterson,14,False,5.0,10.0,15.0,False,0.07792207792207792,0.07141752655355348,0.14933960447563138,False,0
32,1,Alyson Hannigan,14,False,11.0,3.0,14.0,False,0.05627705627705628,0.07643453492309397,0.13271159120015025,False,0
32,1,Ariana Madix,14,False,2.0,8.0,10.0,False,0.09090909090909091,0.07152693676051848,0.1624360276696094,False,0
32,1,Barry Williams,14,False,8.0,6.0,14.0,False,0.06926406926406926,0.07175449797528899,0.14101856723935824,False,0
32,1,Charity Lawson,14,False,1.0,7.0,8.0,False,0.09523809523809523,0.07155979249570593,0.16679788773380116,False,0
32,1,Harry Jowsey,14,False,12.0,2.0,14.0,False,0.05194805194805195,0.07893461484169638,0.13088266678974833,False,0
32,1,Jamie Lynn Spears,14,False,9.0,5.0,14.0,False,0.06493506493506493,0.07216759124161565,0.13710265617668058,False,0
32,1,Jason Mraz,14,False,2.0,12.0,14.0,False,0.09090909090909091,0.07106309787062685,0.16197218877971775,False,0
32,1,Lele Pons,14,False,4.0,11.0,15.0,False,0.08225108225108226,0.07113928743066206,0.1533903696817443,False,0
32,1,Matt Walsh,14,True,12.0,14.0,26.0,True,0.05194805194805195,0.04934016657289129,0.10128821852094325,True,0
32,1,Mauricio Umansky,14,False,9.0,4.0,13.0,False,0.06493506493506493,0.07312115658688857,0.13805622152195351,False,0
32,1,Mira Sorvino,14,False,7.0,9.0,16.0,False,0.0735930735930736,0.07143119367178823,0.14502426726486184,False,0
32,1,Tyson Beckford,14,False,12.0,1.0,13.0,False,0.05194805194805195,0.07907369598254578,0.13102174793059773,False,0
32,1,Xochitl Gomez,14,False,5.0,13.0,18.0,False,0.07792207792207792,0.0710359070931241,0.14895798501520202,False,0
32,2,Adrian Peterson,13,False,10.0,2.0,12.0,False,0.06302521008403361,0.0815033685180584,0.144528578602092,False,0
32,2,Alyson Hannigan,13,False,6.0,12.0,18.0,False,0.07983193277310924,0.07495810355471487,0.15479003632782412,False,0
32,2,Ariana Madix,13,False,5.0,9.0,14.0,False,0.08403361344537816,0.0760822380117856,0.16011585145716375,False,0
32,2,Barry Williams,13,False,10.0,4.0,14.0,False,0.06302521008403361,0.07858103269425123,0.14160624277828485,False,0
32,2,Charity Lawson,13,False,3.0,7.0,10.0,False,0.08823529411764706,0.07727237075077903,0.1655076648684261,False,0
32,2,Harry Jowsey,13,False,10.0,3.0,13.0,False,0.06302521008403361,0.08102776985230556,0.14405297993633917,False,0
32,2,Jamie Lynn Spears,13,True,9.0,13.0,22.0,True,0.06722689075630252,0.048512176794702676,0.11573906755100519,True,0
32,2,Jason Mraz,13,False,1.0,11.0,12.0,False,0.10084033613445378,0.07512996004097627,0.17597029617543006,False,0
32,2,Lele Pons,13,False,3.0,10.0,13.0,False,0.08823529411764706,0.07553249235293552,0.1637677864705826,False,0
32,2,Mauricio Umansky,13,False,13.0,1.0,14.0,False,0.05042016806722689,0.09980206556673393,0.1502222336339608,False,0
32,2,Mira Sorvino,13,False,7.0,6.0,13.0,False,0.07563025210084033,0.07745938741576573,0.15308963951660606,False,0
32,2,Tyson Beckford,13,False,7.0,5.0,12.0,False,0.07563025210084033,0.07778528223593587,0.15341553433677618,False,0
32,2,Xochitl Gomez,13,False,1.0,8.0,9.0,False,0.10084033613445378,0.07635375221105523,0.177194088345509,False,0
32,3,Adrian Peterson,12,False,11.0,1.0,12.0,False,0.06811145510835913,0.09005895274269432,0.15817040785105346,False,0
32,3,Alyson Hannigan,12,False,8.0,3.0,11.0,False,0.07430340557275542,0.0862284499453078,0.1605318555180632,False,0
32,3,Ariana Madix,12,False,1.0,9.0,10.0,False,0.10526315789473684,0.08361416505335736,0.1888773229480942,False,0
32,3,Barry Williams,12,False,7.0,6.0,13.0,False,0.07739938080495357,0.08429645955953523,0.1616958403644888,False,0
32,3,Charity Lawson,12,False,3.0,11.0,14.0,False,0.09907120743034056,0.08333638157085964,0.1824075890012002,False,0
32,3,Harry Jowsey,12,False,8.0,4.0,12.0,False,0.07430340557275542,0.08480367230327879,0.1591070778760342,False,0
32,3,Jason Mraz,12,False,1.0,8.0,9.0,False,0.10526315789473684,0.08362362973640805,0.1888867876311449,False,0
32,3,Lele Pons,12,False,5.0,5.0,10.0,False,0.08359133126934984,0.08435372725456775,0.16794505852391758,False,0
32,3,Mauricio Umansky,12,False,10.0,2.0,12.0,False,0.07120743034055728,0.0873542378551874,0.1585616681957447,False,0
32,3,Mira Sorvino,12,False,6.0,7.0,13.0,False,0.0804953560371517,0.08428882680496529,0.164784182842117,False,0
32,3,Tyson Beckford,12,True,12.0,12.0,24.0,True,0.06191950464396285,0.06452381072011588,0.12644331536407874,True,0
32,3,Xochitl Gomez,12,False,3.0,10.0,13.0,False,0.09907120743034056,0.0835176864537225,0.18258889388406307,False,0
32,4,Adrian Peterson,11,True,6.0,11.0,17.0,True,0.0875,0.05423137836799386,0.14173137836799385,True,0
32,4,Alyson Hannigan,11,False,10.0,1.0,11.0,False,0.075,0.11084655922373823,0.18584655922373822,False,0
32,4,Ariana Madix,11,False,2.0,10.0,12.0,False,0.10416666666666667,0.08758924126987777,0.19175590793654446,False,0
32,4,Barry Williams,11,False,10.0,2.0,12.0,False,0.075,0.11074659239520304,0.18574659239520303,False,0
32,4,Charity Lawson,11,False,3.0,9.0,12.0,False,0.1,0.08806469437061287,0.18806469437061288,False,0
32,4,Harry Jowsey,11,False,6.0,6.0,12.0,False,0.0875,0.09012788466011219,0.1776278846601122,False,0
32,4,Jason Mraz,11,False,3.0,7.0,10.0,False,0.1,0.08875601995665265,0.18875601995665264,False,0
32,4,Lele Pons,11,False,5.0,4.0,9.0,False,0.09166666666666666,0.09168625339377164,0.1833529200604383,False,0
32,4,Mauricio Umansky,11,False,9.0,3.0,12.0,False,0.07916666666666666,0.09941218733982836,0.17857885400649504,False,0
32,4,Mira Sorvino,11,False,6.0,5.0,11.0,False,0.0875,0.0902092397483113,0.1777092397483113,False,0
32,4,Xochitl Gomez,11,False,1.0,8.0,9.0,False,0.1125,0.0883299492738981,0.2008299492738981,False,0
32,5,Alyson Hannigan,10,False,9.0,2.0,11.0,False,0.0875,0.10473348790964362,0.19223348790964362,False,0
32,5,Ariana Madix,10,False,4.0,3.0,7.0,False,0.1,0.09939166074321619,0.19939166074321618,False,0
32,5,Barry Williams,10,False,4.0,6.0,10.0,False,0.1,0.09906384381656194,0.19906384381656195,False,0
32,5,Charity Lawson,10,False,1.0,4.0,5.0,False,0.11666666666666667,0.0993159145301354,0.21598258119680208,False,0
32,5,Harry Jowsey,10,False,10.0,1.0,11.0,False,0.075,0.1296783562501793,0.20467835625017927,False,0
32,5,Jason Mraz,10,False,3.0,8.0,11.0,False,0.1125,0.0976557521633055,0.2101557521633055,False,0
32,5,Lele Pons,10,False,4.0,9.0,13.0,False,0.1,0.09763093809860272,0.19763093809860272,False,0
32,5,Mauricio Umansky,10,False,4.0,7.0,11.0,False,0.1,0.09825318544505432,0.19825318544505433,False,0
32,5,Mira Sorvino,10,True,8.0,10.0,18.0,True,0.09166666666666666,0.07507025580990918,0.16673692247657584,True,0
32,5,Xochitl Gomez,10,False,1.0,5.0,6.0,False,0.11666666666666667,0.09920660523339189,0.21587327190005856,False,0
32,6,Alyson Hannigan,9,False,8.0,2.0,10.0,False,0.09627329192546584,0.1281669688051922,0.22444026073065804,False,0
32,6,Ariana Madix,9,False,2.0,6.0,8.0,False,0.12732919254658384,0.10863964620650822,0.23596883875309205,False,0
32,6,Barry Williams,9,False,7.0,3.0,10.0,False,0.09937888198757763,0.11500515082612525,0.21438403281370289,False,0
32,6,Charity Lawson,9,False,4.0,8.0,12.0,False,0.11801242236024845,0.10794938604688635,0.2259618084071348,False,0
32,6,Harry Jowsey,9,False,9.0,1.0,10.0,False,0.09006211180124224,0.1428654477892283,0.23292755959047054,False,0
32,6,Jason Mraz,9,False,3.0,5.0,8.0,False,0.12111801242236025,0.10979990201715042,0.23091791443951068,False,0
32,6,Lele Pons,9,False,5.0,4.0,9.0,False,0.11490683229813664,0.11015038908237865,0.2250572213805153,False,0
32,6,Mauricio Umansky,9,True,6.0,9.0,15.0,True,0.10248447204968944,0.06919814696422227,0.1716826190139117,True,0
32,6,Xochitl Gomez,9,False,1.0,7.0,8.0,False,0.13043478260869565,0.10822496226230838,0.23865974487100403,False,0
32,7,Alyson Hannigan,8,False,6.0,4.0,10.0,False,0.12411347517730496,0.12626591135325568,0.25037938653056063,False,0
32,7,Ariana Madix,8,False,1.0,7.0,8.0,False,0.13120567375886524,0.11618941808808801,0.24739509184695324,False,0
32,7,Barry Williams,8,False,7.0,2.0,9.0,False,0.11524822695035461,0.1553160738173376,0.2705643007676922,False,0
32,7,Charity Lawson,8,False,4.0,5.0,9.0,False,0.1276595744680851,0.11918554288209124,0.24684511735017634,False,0
32,7,Harry Jowsey,8,False,8.0,1.0,9.0,False,0.11347517730496454,0.16707564397917662,0.28055082128414116,False,0
32,7,Jason Mraz,8,False,4.0,3.0,7.0,False,0.1276595744680851,0.12734203479335565,0.2550016092614408,False,0
32,7,Lele Pons,8,True,3.0,8.0,11.0,True,0.12943262411347517,0.07223857977861216,0.20167120389208731,True,0
32,7,Xochitl Gomez,8,False,1.0,6.0,7.0,False,0.13120567375886524,0.11638679530808321,0.24759246906694846,False,0
32,8,Alyson Hannigan,7,False,4.0,5.0,9.0,False,0.1422924901185771,0.13044287504787083,0.2727353651664479,False,0
32,8,Ariana Madix,7,False,1.0,4.0,5.0,False,0.16600790513833993,0.13823901397385768,0.3042469191121976,False,0
32,8,Barry Williams,7,True,5.0,7.0,12.0,True,0.1383399209486166,0.09576631465482825,0.23410623560344485,True,0
32,8,Charity Lawson,7,False,3.0,6.0,9.0,False,0.1541501976284585,0.1275795727436159,0.28172977037207436,False,0
32,8,Harry Jowsey,7,False,7.0,1.0,8.0,False,0.11067193675889328,0.21386086408258242,0.32453280084147573,False,0
32,8,Jason Mraz,7,False,6.0,2.0,8.0,False,0.13043478260869565,0.15563612610130548,0.2860709087100011,False,0
32,8,Xochitl Gomez,7,False,2.0,3.0,5.0,False,0.15810276679841898,0.13847523339593945,0.2965780001943584,False,0
32,9,Alyson Hannigan,6,False,5.0,1.0,6.0,False,0.14479638009049775,0.18356318150219722,0.32835956159269497,False,0
32,9,Ariana Madix,6,False,4.0,2.0,6.0,False,0.167420814479638,0.17026862455710667,0.33768943903674464,False,0
32,9,Charity Lawson,6,False,3.0,4.0,7.0,False,0.17194570135746606,0.1681685303541502,0.34011423171161626,False,0
32,9,Harry Jowsey,6,True,6.0,6.0,12.0,True,0.13574660633484162,0.142922191290682,0.27866879762552366,True,0
32,9,Jason Mraz,6,False,1.0,5.0,6.0,False,0.19457013574660634,0.16586215278491903,0.36043228853152537,False,0
32,9,Xochitl Gomez,6,False,2.0,3.0,5.0,False,0.18552036199095023,0.16921531951094498,0.3547356815018952,False,0
32,10,Alyson Hannigan,5,False,5.0,2.0,7.0,False,0.17894736842105263,0.201277401154467,0.38022476957551965,True,-1
32,10,Ariana Madix,5,False,3.0,5.0,8.0,True,0.20350877192982456,0.19823913645940527,0.4017479083892298,False,1
32,10,Charity Lawson,5,False,2.0,1.0,3.0,False,0.20701754385964913,0.2016037348032236,0.40862127866287273,False,0
32,10,Jason Mraz,5,False,4.0,4.0,8.0,True,0.2,0.19860820437998364,0.3986082043799837,False,1
32,10,Xochitl Gomez,5,False,1.0,3.0,4.0,False,0.21052631578947367,0.20027152320292063,0.4107978389923943,False,0
32,11,Alyson Hannigan,5,False,5.0,3.0,8.0,True,0.18213058419243985,0.19922452534000915,0.381355109532449,True,0
32,11,Ariana Madix,5,False,3.0,5.0,8.0,True,0.2027491408934708,0.19903336156897425,0.40178250246244507,False,1
32,11,Charity Lawson,5,False,3.0,1.0,4.0,False,0.2027491408934708,0.2018232787362939,0.4045724196297647,False,0
32,11,Jason Mraz,5,False,1.0,2.0,3.0,False,0.20618556701030927,0.20070626212763704,0.4068918291379463,False,0
32,11,Xochitl Gomez,5,False,1.0,4.0,5.0,False,0.20618556701030927,0.1992125722270857,0.405398139237395,False,0
33,1,Anna Delvey,13,False,8.0,11.0,19.0,False,0.0728744939271255,0.07664144686328841,0.14951594079041391,False,0
33,1,Brooks Nader,13,False,8.0,3.0,11.0,False,0.0728744939271255,0.07717132978261397,0.15004582370973946,False,0
33,1,Chandler Kinney,13,False,1.0,8.0,9.0,False,0.0931174089068826,0.07690324030122393,0.17002064920810653,False,0
33,1,Danny Amendola,13,False,5.0,5.0,10.0,False,0.08097165991902834,0.07707338440227124,0.15804504432129957,False,0
33,1,Dwight Howard ,13,False,2.0,1.0,3.0,False,0.08906882591093117,0.07745894175600174,0.1665277676669329,False,0
33,1,Eric Roberts,13,False,13.0,7.0,20.0,False,0.06072874493927125,0.07693708517228208,0.13766583011155334,True,-1
33,1,Ilona Maher,13,False,8.0,10.0,18.0,False,0.0728744939271255,0.07669741554558218,0.14957190947270768,False,0
33,1,Jenn Tran,13,False,6.0,9.0,15.0,False,0.07692307692307693,0.07671352369414315,0.15363660061722006,False,0
33,1,Joey Graziadei,13,False,3.0,2.0,5.0,False,0.08502024291497975,0.07738074771946378,0.16240099063444352,False,0
33,1,Phaedra Parks,13,False,6.0,12.0,18.0,False,0.07692307692307693,0.07653422391125932,0.15345730083433623,False,0
33,1,Reginald VelJohnson,13,False,12.0,4.0,16.0,False,0.06477732793522267,0.07707646739930686,0.14185379533452952,False,0
33,1,Stephen Nedoroscik,13,False,3.0,6.0,9.0,False,0.08502024291497975,0.07701637119530184,0.16203661411028158,False,0
33,1,Tori Spelling,13,False,11.0,13.0,24.0,True,0.06882591093117409,0.07639582225726162,0.1452217331884357,False,1
33,2,Anna Delvey,13,True,11.0,12.0,23.0,True,0.06589147286821706,0.05421426802564411,0.12010574089386117,True,0
33,2,Brooks Nader,13,False,8.0,4.0,12.0,False,0.07751937984496124,0.08313403307706264,0.1606534129220239,False,0
33,2,Chandler Kinney,13,False,1.0,8.0,9.0,False,0.09302325581395349,0.07650236317621917,0.16952561899017266,False,0
33,2,Danny Amendola,13,False,5.0,9.0,14.0,False,0.08139534883720931,0.0758141906577059,0.1572095394949152,False,0
33,2,Dwight Howard ,13,False,2.0,7.0,9.0,False,0.08527131782945736,0.07671773264698156,0.1619890504764389,False,0
33,2,Eric Roberts,13,False,12.0,2.0,14.0,False,0.05813953488372093,0.09491523993666062,0.15305477482038155,False,0
33,2,Ilona Maher,13,False,5.0,5.0,10.0,False,0.08139534883720931,0.07747631168482556,0.15887166052203489,False,0
33,2,Jenn Tran,13,False,9.0,3.0,12.0,False,0.07364341085271318,0.0862631021045342,0.1599065129572474,False,0
33,2,Joey Graziadei,13,False,2.0,10.0,12.0,False,0.08527131782945736,0.07557100180270376,0.1608423196321611,False,0
33,2,Phaedra Parks,13,False,5.0,6.0,11.0,False,0.08139534883720931,0.0769337084259286,0.1583290572631379,False,0
33,2,Reginald VelJohnson,13,False,12.0,1.0,13.0,False,0.05813953488372093,0.09998221441088416,0.1581217492946051,False,0
33,2,Stephen Nedoroscik,13,False,2.0,11.0,13.0,False,0.08527131782945736,0.07554065809630456,0.1608119759257619,False,0
33,2,Tori Spelling,13,True,9.0,13.0,22.0,False,0.07364341085271318,0.0469351759545453,0.12057858680725848,False,0
33,3,Brooks Nader,11,False,5.0,5.0,10.0,False,0.0959119496855346,0.09320925078312277,0.18912120046865738,False,0
33,3,Chandler Kinney,11,False,2.0,6.0,8.0,False,0.10849056603773585,0.09205886427597171,0.20054943031370756,False,0
33,3,Danny Amendola,11,False,6.0,4.0,10.0,False,0.09433962264150944,0.0966984986632491,0.19103812130475856,False,0
33,3,Dwight Howard ,11,False,9.0,1.0,10.0,False,0.08176100628930817,0.1137228037808906,0.19548381007019877,False,0
33,3,Eric Roberts,11,True,10.0,11.0,21.0,True,0.07232704402515723,0.06170890213945805,0.13403594616461528,False,1
33,3,Ilona Maher,11,False,7.0,3.0,10.0,False,0.0880503144654088,0.10104530652915664,0.18909562099456545,False,0
33,3,Jenn Tran,11,False,3.0,8.0,11.0,False,0.09748427672955975,0.09119881649283922,0.18868309322239896,False,0
33,3,Joey Graziadei,11,False,1.0,9.0,10.0,False,0.11006289308176101,0.09019689369784452,0.20025978677960554,False,0
33,3,Phaedra Parks,11,False,7.0,2.0,9.0,False,0.0880503144654088,0.10141807261829308,0.1894683870837019,False,0
33,3,Reginald VelJohnson,11,True,11.0,10.0,21.0,True,0.0660377358490566,0.06675681305938215,0.13279454890843875,True,0
33,3,Stephen Nedoroscik,11,False,3.0,7.0,10.0,False,0.09748427672955975,0.09198577795979215,0.1894700546893519,False,0
33,4,Brooks Nader,9,True,4.0,9.0,13.0,True,0.10884353741496598,0.06680141841579801,0.175644955830764,True,0
33,4,Chandler Kinney,9,False,4.0,6.0,10.0,False,0.10884353741496598,0.11271083762499208,0.22155437503995806,False,0
33,4,Danny Amendola,9,False,1.0,7.0,8.0,False,0.12244897959183673,0.11074854695235448,0.2331975265441912,False,0
33,4,Dwight Howard ,9,False,9.0,1.0,10.0,False,0.09863945578231292,0.13618128449117362,0.23482074027348654,False,0
33,4,Ilona Maher,9,False,4.0,4.0,8.0,False,0.10884353741496598,0.11541793490556955,0.22426147232053553,False,0
33,4,Jenn Tran,9,False,4.0,5.0,9.0,False,0.10884353741496598,0.1139210836113452,0.22276462102631117,False,0
33,4,Joey Graziadei,9,False,1.0,8.0,9.0,False,0.12244897959183673,0.1101717784259582,0.23262075801779492,False,0
33,4,Phaedra Parks,9,False,4.0,3.0,7.0,False,0.10884353741496598,0.11585706412284541,0.2247006015378114,False,0
33,4,Stephen Nedoroscik,9,False,3.0,2.0,5.0,False,0.11224489795918367,0.1181900514499635,0.23043494940914716,False,0
33,5,Chandler Kinney,8,False,1.0,7.0,8.0,False,0.13366336633663367,0.12428974058770605,0.2579531069243397,False,0
33,5,Danny Amendola,8,False,4.0,3.0,7.0,False,0.12623762376237624,0.12874525774763812,0.25498288151001436,False,0
33,5,Dwight Howard ,8,False,6.0,1.0,7.0,False,0.1188118811881188,0.1394789346361822,0.258290815824301,False,0
33,5,Ilona Maher,8,False,2.0,5.0,7.0,False,0.12871287128712872,0.12550068884125562,0.25421356012838436,False,0
33,5,Jenn Tran,8,False,4.0,4.0,8.0,False,0.12623762376237624,0.1265459187201947,0.25278354248257096,False,0
33,5,Joey Graziadei,8,False,2.0,6.0,8.0,False,0.12871287128712872,0.12453681092027075,0.25324968220739946,False,0
33,5,Phaedra Parks,8,True,6.0,8.0,14.0,True,0.1188118811881188,0.0915946905183665,0.2104065717064853,True,0
33,5,Stephen Nedoroscik,8,False,6.0,2.0,8.0,False,0.1188118811881188,0.1393079580283861,0.25811983921650494,False,0
33,6,Chandler Kinney,7,False,1.0,5.0,6.0,False,0.1553398058252427,0.13546615306022758,0.2908059588854703,False,0
33,6,Danny Amendola,7,False,5.0,2.0,7.0,False,0.13592233009708737,0.15572448624846177,0.2916468163455491,False,0
33,6,Dwight Howard ,7,False,3.0,4.0,7.0,False,0.15048543689320387,0.1414803347268993,0.2919657716201032,False,0
33,6,Ilona Maher,7,False,7.0,1.0,8.0,False,0.11650485436893204,0.2076535648397695,0.32415841920870153,False,0
33,6,Jenn Tran,7,True,3.0,7.0,10.0,True,0.15048543689320387,0.08385455476211603,0.2343399916553199,True,0
33,6,Joey Graziadei,7,False,1.0,6.0,7.0,False,0.1553398058252427,0.1327957606797319,0.2881355665049746,False,0
33,6,Stephen Nedoroscik,7,False,5.0,3.0,8.0,False,0.13592233009708737,0.14302514568279392,0.2789474757798813,False,0
33,7,Chandler Kinney,6,False,1.0,5.0,6.0,False,0.1875,0.16604302791009432,0.3535430279100943,False,0
33,7,Danny Amendola,6,False,5.0,1.0,6.0,False,0.159375,0.17832557448015815,0.3377005744801581,False,0
33,7,Dwight Howard ,6,True,6.0,6.0,12.0,True,0.15,0.135244895701608,0.285244895701608,True,0
33,7,Ilona Maher,6,False,4.0,2.0,6.0,False,0.1625,0.17700451701548997,0.33950451701549,False,0
33,7,Joey Graziadei,6,False,2.0,4.0,6.0,False,0.171875,0.1698282918668269,0.3417032918668269,False,0
33,7,Stephen Nedoroscik,6,False,3.0,3.0,6.0,False,0.16875,0.17355369302582271,0.34230369302582275,False,0
33,8,Chandler Kinney,5,False,1.0,2.0,3.0,False,0.20714285714285716,0.20054558800660652,0.4076884451494637,False,0
33,8,Danny Amendola,5,False,4.0,5.0,9.0,True,0.19285714285714287,0.19937582122064362,0.3922329640777865,False,1
33,8,Ilona Maher,5,False,3.0,1.0,4.0,False,0.20357142857142857,0.20106366365387207,0.40463509222530064,False,0
33,8,Joey Graziadei,5,False,1.0,3.0,4.0,False,0.20714285714285716,0.1995733010200236,0.40671615816288076,False,0
33,8,Stephen Nedoroscik,5,False,5.0,4.0,9.0,True,0.18928571428571428,0.19944162609885413,0.3887273403845684,True,0
33,9,Chandler Kinney,5,False,1.0,5.0,6.0,False,0.20618556701030927,0.19903467441044265,0.4052202414207519,False,0
33,9,Danny Amendola,5,False,5.0,2.0,7.0,False,0.19243986254295534,0.20069554390981006,0.3931354064527654,True,-1
33,9,Ilona Maher,5,False,4.0,4.0,8.0,True,0.1958762886597938,0.19924974797762704,0.39512603663742085,False,1
33,9,Joey Graziadei,5,False,2.0,3.0,5.0,False,0.2027491408934708,0.1998663819076597,0.4026155228011305,False,0
33,9,Stephen Nedoroscik,5,False,2.0,1.0,3.0,False,0.2027491408934708,0.20115365179446065,0.40390279268793144,False,0
34,1,Alix Earle,14,False,4.0,5.0,9.0,False,0.07926829268292683,0.07167141448908844,0.15093970717201527,False,0
34,1,Andy Richter,14,False,13.0,7.0,20.0,False,0.054878048780487805,0.07142704658541181,0.12630509536589962,False,0
34,1,Baron Davis,14,False,9.0,4.0,13.0,False,0.06097560975609756,0.07178794760682129,0.13276355736291884,False,0
34,1,Corey Feldman,14,False,13.0,10.0,23.0,True,0.054878048780487805,0.07118482603775036,0.12606287481823816,True,0
34,1,Danielle Fishel,14,False,6.0,8.0,14.0,False,0.07317073170731707,0.07140331477174316,0.14457404647906025,False,0
34,1,Dylan Efron,14,False,9.0,9.0,18.0,False,0.06097560975609756,0.07121703076481664,0.1321926405209142,False,0
34,1,Elaine Hendrix,14,False,6.0,14.0,20.0,False,0.07317073170731707,0.07083872625082684,0.1440094579581439,False,0
34,1,Hilaria Baldwin,14,False,3.0,3.0,6.0,False,0.08536585365853659,0.07178927293501088,0.15715512659354747,False,0
34,1,Jen Affleck,14,False,6.0,12.0,18.0,False,0.07317073170731707,0.07105024981383325,0.14422098152115032,False,0
34,1,Jordan Chiles,14,False,9.0,2.0,11.0,False,0.06097560975609756,0.07195313921387372,0.13292874896997128,False,0
34,1,Lauren Jauregui,14,False,4.0,11.0,15.0,False,0.07926829268292683,0.07115920411259999,0.1504274967955268,False,0
34,1,Robert Irwin,14,False,1.0,1.0,2.0,False,0.09146341463414634,0.07195380339976272,0.16341721803390907,False,0
34,1,Scott Hoying,14,False,9.0,13.0,22.0,False,0.06097560975609756,0.07100763245043248,0.13198324220653004,False,0
34,1,Whitney Leavitt,14,False,1.0,6.0,7.0,False,0.09146341463414634,0.07155639156802837,0.1630198062021747,False,0
34,2,Alix Earle,14,False,5.0,6.0,11.0,False,0.07553956834532374,0.07166047199619564,0.1472000403415194,False,0
34,2,Andy Richter,14,False,13.0,1.0,14.0,False,0.05755395683453238,0.08842673761499947,0.14598069444953185,False,0
34,2,Baron Davis,14,True,11.0,14.0,25.0,False,0.06474820143884892,0.04578380119042516,0.11053200262927408,False,0
34,2,Corey Feldman,14,True,14.0,13.0,27.0,True,0.0539568345323741,0.05235136439321568,0.10630819892558978,True,0
34,2,Danielle Fishel,14,False,10.0,3.0,13.0,False,0.0683453237410072,0.08288096938552209,0.1512262931265293,False,0
34,2,Dylan Efron,14,False,9.0,4.0,13.0,False,0.07194244604316546,0.07831167476716677,0.15025412081033224,False,0
34,2,Elaine Hendrix,14,False,5.0,11.0,16.0,False,0.07553956834532374,0.0705077816855241,0.14604735003084784,False,0
34,2,Hilaria Baldwin,14,False,5.0,9.0,14.0,False,0.07553956834532374,0.07084007172508888,0.14637964007041263,False,0
34,2,Jen Affleck,14,False,1.0,12.0,13.0,False,0.07913669064748201,0.07002234451098084,0.14915903515846285,False,0
34,2,Jordan Chiles,14,False,1.0,8.0,9.0,False,0.07913669064748201,0.07092168731379099,0.150058377961273,False,0
34,2,Lauren Jauregui,14,False,5.0,7.0,12.0,False,0.07553956834532374,0.07157800622542564,0.14711757457074937,False,0
34,2,Robert Irwin,14,False,1.0,5.0,6.0,False,0.07913669064748201,0.07179123715142678,0.1509279277989088,False,0
34,2,Scott Hoying,14,False,11.0,2.0,13.0,False,0.06474820143884892,0.08409057737318278,0.1488387788120317,False,0
34,2,Whitney Leavitt,14,False,1.0,10.0,11.0,False,0.07913669064748201,0.07083327466705512,0.14996996531453713,False,0
34,3,Alix Earle,12,False,3.0,7.0,10.0,False,0.08949416342412451,0.08329782335933271,0.17279198678345722,False,0
34,3,Andy Richter,12,False,11.0,1.0,12.0,False,0.07003891050583658,0.0952733658426343,0.16531227634847087,False,0
34,3,Danielle Fishel,12,False,8.0,4.0,12.0,False,0.08171206225680934,0.08464637689598478,0.16635843915279414,False,0
34,3,Dylan Efron,12,False,3.0,11.0,14.0,False,0.08949416342412451,0.08219355379290243,0.17168771721702694,False,0
34,3,Elaine Hendrix,12,False,8.0,3.0,11.0,False,0.08171206225680934,0.08538536197409675,0.1670974242309061,False,0
34,3,Hilaria Baldwin,12,False,5.0,5.0,10.0,False,0.08560311284046693,0.08374854517936567,0.1693516580198326,False,0
34,3,Jen Affleck,12,False,10.0,2.0,12.0,False,0.07392996108949416,0.0900119900295972,0.16394195111909138,False,0
34,3,Jordan Chiles,12,False,1.0,10.0,11.0,False,0.0933852140077821,0.08305324231557135,0.17643845632335345,False,0
34,3,Lauren Jauregui,12,True,11.0,12.0,23.0,True,0.07003891050583658,0.06225331168207356,0.13229222218791015,True,0
34,3,Robert Irwin,12,False,5.0,9.0,14.0,False,0.08560311284046693,0.08323593823965691,0.16883905108012384,False,0
34,3,Scott Hoying,12,False,5.0,6.0,11.0,False,0.08560311284046693,0.08363496095631595,0.16923807379678288,False,0
34,3,Whitney Leavitt,12,False,1.0,8.0,9.0,False,0.0933852140077821,0.08326552973246834,0.17665074374025044,False,0
34,4,Alix Earle,11,False,2.0,9.0,11.0,False,0.0967741935483871,0.08405613783324059,0.18083033138162768,False,0
34,4,Andy Richter,11,False,11.0,1.0,12.0,False,0.07258064516129033,0.12419529092640316,0.1967759360876935,False,0
34,4,Danielle Fishel,11,False,9.0,4.0,13.0,False,0.0846774193548387,0.10100687530665478,0.1856842946614935,False,0
34,4,Dylan Efron,11,False,5.0,5.0,10.0,False,0.09274193548387097,0.08905575737599963,0.1817976928598706,False,0
34,4,Elaine Hendrix,11,False,2.0,10.0,12.0,False,0.0967741935483871,0.08263620040885837,0.17941039395724545,False,0
34,4,Hilaria Baldwin,11,True,5.0,11.0,16.0,True,0.09274193548387097,0.051781888160851004,0.14452382364472197,True,0
34,4,Jen Affleck,11,False,5.0,5.0,10.0,False,0.09274193548387097,0.08905575737599963,0.1817976928598706,False,0
34,4,Jordan Chiles,11,False,2.0,7.0,9.0,False,0.0967741935483871,0.08658395426639869,0.18335814781478577,False,0
34,4,Robert Irwin,11,False,8.0,3.0,11.0,False,0.08870967741935484,0.10130659875265144,0.19001627617200628,False,0
34,4,Scott Hoying,11,False,9.0,2.0,11.0,False,0.0846774193548387,0.10412154901637855,0.18879896837121724,False,0
34,4,Whitney Leavitt,11,False,1.0,8.0,9.0,False,0.10080645161290322,0.08619999057656423,0.18700644218946744,False,0
34,5,Alix Earle,10,False,2.0,3.0,5.0,False,0.11182108626198083,0.10046929471993525,0.21229038098191608,False,0
34,5,Andy Richter,10,False,10.0,9.0,19.0,True,0.07667731629392971,0.09948817792771729,0.176165494221647,True,0
34,5,Danielle Fishel,10,False,8.0,1.0,9.0,False,0.0926517571884984,0.10071071061045211,0.1933624677989505,False,0
34,5,Dylan Efron,10,False,1.0,10.0,11.0,False,0.11501597444089456,0.09923778334901741,0.21425375778991196,False,0
34,5,Elaine Hendrix,10,False,6.0,5.0,11.0,False,0.09584664536741214,0.09993488484118766,0.19578153020859979,False,0
34,5,Jen Affleck,10,False,8.0,4.0,12.0,False,0.0926517571884984,0.10041037001996829,0.1930621272084667,False,0
34,5,Jordan Chiles,10,False,5.0,6.0,11.0,False,0.10223642172523961,0.09982435140841052,0.20206077313365012,False,0
34,5,Robert Irwin,10,False,2.0,2.0,4.0,False,0.11182108626198083,0.10054433980667196,0.21236542606865277,False,0
34,5,Scott Hoying,10,False,6.0,8.0,14.0,False,0.09584664536741214,0.09961029164040693,0.19545693700781908,False,0
34,5,Whitney Leavitt,10,False,4.0,7.0,11.0,False,0.10543130990415335,0.09976979567623269,0.20520110558038604,False,0
34,6,Alix Earle,10,False,6.0,4.0,10.0,False,0.10294117647058823,0.10029309421900866,0.20323427068959687,False,0
34,6,Andy Richter,10,False,10.0,1.0,11.0,False,0.07941176470588235,0.12175289683144651,0.20116466153732887,False,0
34,6,Danielle Fishel,10,False,3.0,9.0,12.0,False,0.10588235294117647,0.09857663753369231,0.20445899047486876,False,0
34,6,Dylan Efron,10,False,7.0,2.0,9.0,False,0.09411764705882353,0.10211316646419291,0.19623081352301644,False,0
34,6,Elaine Hendrix,10,False,3.0,7.0,10.0,False,0.10588235294117647,0.09979089818178209,0.20567325112295856,False,0
34,6,Jen Affleck,10,False,7.0,3.0,10.0,False,0.09411764705882353,0.10032932072907863,0.19444696778790216,False,0
34,6,Jordan Chiles,10,False,1.0,8.0,9.0,False,0.11470588235294117,0.09962885616353567,0.21433473851647683,False,0
34,6,Robert Irwin,10,False,3.0,5.0,8.0,False,0.10588235294117647,0.10027860727779175,0.20616096021896824,False,0
34,6,Scott Hoying,10,True,9.0,10.0,19.0,True,0.08235294117647059,0.07726526860521372,0.1596182097816843,True,0
34,6,Whitney Leavitt,10,False,1.0,6.0,7.0,False,0.11470588235294117,0.09997125399425752,0.2146771363471987,False,0
34,7,Alix Earle,9,False,1.0,3.0,4.0,False,0.12951807228915663,0.1098288749312495,0.23934694722040611,False,0
34,7,Andy Richter,9,False,9.0,1.0,10.0,False,0.08734939759036145,0.15176920397555307,0.23911860156591452,False,0
34,7,Danielle Fishel,9,False,6.0,6.0,12.0,False,0.10542168674698796,0.10718740102247178,0.21260908776945975,False,0
34,7,Dylan Efron,9,False,4.0,4.0,8.0,False,0.1144578313253012,0.10929872853786597,0.22375655986316717,False,0
34,7,Elaine Hendrix,9,False,8.0,2.0,10.0,False,0.0963855421686747,0.12314828493375682,0.21953382710243152,False,0
34,7,Jen Affleck,9,True,7.0,9.0,16.0,True,0.10240963855421686,0.07662268870510157,0.17903232725931845,True,0
34,7,Jordan Chiles,9,False,4.0,8.0,12.0,False,0.1144578313253012,0.1062996700823421,0.2207575014076433,False,0
34,7,Robert Irwin,9,False,3.0,7.0,10.0,False,0.12349397590361445,0.10707400663888303,0.2305679825424975,False,0
34,7,Whitney Leavitt,9,False,2.0,5.0,7.0,False,0.12650602409638553,0.10877114117277613,0.23527716526916165,False,0
34,8,Alix Earle,8,False,3.0,2.0,5.0,False,0.12769485903814262,0.12634726401442298,0.25404212305256557,False,0
34,8,Andy Richter,8,False,8.0,1.0,9.0,False,0.11276948590381426,0.15639112706334252,0.26916061296715676,False,0
34,8,Danielle Fishel,8,True,7.0,8.0,15.0,True,0.12271973466003316,0.09195494698793809,0.21467468164797127,True,0
34,8,Dylan Efron,8,False,4.0,4.0,8.0,False,0.12603648424543948,0.12533898398033005,0.2513754682257695,False,0
34,8,Elaine Hendrix,8,False,6.0,7.0,13.0,False,0.12437810945273632,0.12471289906043932,0.24909100851317564,False,0
34,8,Jordan Chiles,8,False,2.0,5.0,7.0,False,0.12935323383084577,0.12500468188493863,0.25435791571578437,False,0
34,8,Robert Irwin,8,False,4.0,3.0,7.0,False,0.12603648424543948,0.12541223165564755,0.251448715901087,False,0
34,8,Whitney Leavitt,8,False,1.0,6.0,7.0,False,0.1310116086235489,0.1248378653529409,0.2558494739764898,False,0
34,9,Alix Earle,7,False,4.0,3.0,7.0,False,0.14814814814814814,0.14803583379958563,0.29618398194773377,False,0
34,9,Andy Richter,7,True,7.0,7.0,14.0,True,0.10740740740740741,0.12295862242439384,0.23036602983180127,True,0
34,9,Dylan Efron,7,False,1.0,4.0,5.0,False,0.15555555555555556,0.1435600703186425,0.29911562587419804,False,0
34,9,Elaine Hendrix,7,False,6.0,2.0,8.0,False,0.13333333333333333,0.14943497865093672,0.28276831198427005,False,0
34,9,Jordan Chiles,7,False,5.0,1.0,6.0,False,0.14444444444444443,0.1504048074610992,0.2948492519055436,False,0
34,9,Robert Irwin,7,False,1.0,6.0,7.0,False,0.15555555555555556,0.14223509950925745,0.297790655064813,False,0
34,9,Whitney Leavitt,7,False,1.0,5.0,6.0,False,0.15555555555555556,0.14337058783608467,0.29892614339164025,False,0
34,10,Alix Earle,6,False,2.0,4.0,6.0,False,0.1686046511627907,0.17342217682845798,0.34202682799124867,False,0
34,10,Dylan Efron,6,False,6.0,1.0,7.0,False,0.15988372093023256,0.19350038691286586,0.3533841078430984,False,0
34,10,Elaine Hendrix,6,False,4.0,2.0,6.0,False,0.16569767441860464,0.1929792910336576,0.35867696545226224,False,0
34,10,Jordan Chiles,6,False,4.0,3.0,7.0,False,0.16569767441860464,0.18696052336066846,0.3526581977792731,False,0
34,10,Robert Irwin,6,False,1.0,5.0,6.0,False,0.17151162790697674,0.15663702678620026,0.328148654693177,False,0
34,10,Whitney Leavitt,6,True,2.0,6.0,8.0,True,0.1686046511627907,0.09650059507814995,0.2651052462409407,True,0
34,11,Alix Earle,5,False,1.0,4.0,5.0,False,0.2031609129238783,0.19972894096079125,0.4028898538846696,False,0
34,11,Dylan Efron,5,False,4.0,3.0,7.0,True,0.19864532303262358,0.1999627605795193,0.3986080836121429,False,1
34,11,Elaine Hendrix,5,False,5.0,2.0,7.0,True,0.19638752808699622,0.20043122132458852,0.39681874941158474,True,0
34,11,Jordan Chiles,5,False,2.0,1.0,3.0,False,0.20090311797825097,0.2009912052464076,0.40189432322465857,False,0
34,11,Robert Irwin,5,False,2.0,5.0,7.0,True,0.20090311797825097,0.19888587188869336,0.39978898986694433,False,1
