season,week,celebrity_name,rule_type,n_active,n_active_filled,judge_metric,judge_norm,fan_vote_mean,fan_norm,ci_low,ci_high,fan_ci_low_norm,fan_ci_high_norm,fan_se,fan_weight,latent_missing_flag,fan_ci_invalid_flag,ballroom_partner,celebrity_age_during_season,celebrity_industry,fan_invalid_flag
1,1,Evander Holyfield,rank,6.0,6.0,4.0,0.5,3.503,0.5828333333333333,1.0,6.0,0.1666666666666666,1.0,0.2125850340136054,22.127616,0,0,Edyta Sliwinska,42,Sports,0
1,2,Evander Holyfield,rank,6.0,6.0,6.0,0.1666666666666666,1.899308983218164,0.8501151694636393,1.0,3.0,0.6666666666666666,1.0,0.0850340136054421,138.29759999999996,0,0,Edyta Sliwinska,42,Sports,0
1,3,Evander Holyfield,rank,5.0,5.0,5.0,0.2,3.832208293153327,0.4335583413693346,2.0,5.0,0.2,0.8,0.1530612244897959,42.68444444444442,0,0,Edyta Sliwinska,42,Sports,0
1,4,Evander Holyfield,,,6.0,,,,,,,,,,,1,1,Edyta Sliwinska,42,Sports,1
1,5,Evander Holyfield,,,6.0,,,,,,,,,,,1,1,Edyta Sliwinska,42,Sports,1
1,6,Evander Holyfield,,,6.0,,,,,,,,,,,1,1,Edyta Sliwinska,42,Sports,1
1,1,Joey McIntyre,rank,6.0,6.0,1.0,1.0,3.4951,0.5841500000000001,1.0,6.0,0.1666666666666666,1.0,0.2125850340136054,22.127616,0,0,Ashly DelGrosso,32,Music,0
1,2,Joey McIntyre,rank,6.0,6.0,3.0,0.6666666666666666,3.409674234945706,0.5983876275090491,1.0,5.0,0.3333333333333333,1.0,0.1700680272108843,34.57439999999999,0,0,Ashly DelGrosso,32,Music,0
1,3,Joey McIntyre,rank,5.0,5.0,3.0,0.6,2.831565413050466,0.6336869173899068,1.0,5.0,0.2,1.0,0.2040816326530612,24.01,0,0,Ashly DelGrosso,32,Music,0
1,4,Joey McIntyre,rank,4.0,4.0,4.0,0.25,1.0,1.0,1.0,1.0,1.0,1.0,0.0,,0,1,Ashly DelGrosso,32,Music,1
1,5,Joey McIntyre,rank,3.0,3.0,3.0,0.3333333333333333,1.989,0.6703333333333333,1.0,3.0,0.3333333333333333,1.0,0.1700680272108843,34.57439999999999,0,0,Ashly DelGrosso,32,Music,0
1,6,Joey McIntyre,,,6.0,,,,,,,,,,,1,1,Ashly DelGrosso,32,Music,1
1,1,John O'Hurley,rank,6.0,6.0,1.0,1.0,3.4962,0.5839666666666666,1.0,6.0,0.1666666666666666,1.0,0.2125850340136054,22.127616,0,0,Charlotte Jorgensen,50,Entertainment,0
1,2,John O'Hurley,rank,6.0,6.0,1.0,1.0,3.684106614017769,0.5526488976637052,1.0,6.0,0.1666666666666666,1.0,0.2125850340136054,22.127616,0,0,Charlotte Jorgensen,50,Entertainment,0
1,3,John O'Hurley,rank,5.0,5.0,2.0,0.8,2.918836387013822,0.6162327225972356,1.0,5.0,0.2,1.0,0.2040816326530612,24.01,0,0,Charlotte Jorgensen,50,Entertainment,0
1,4,John O'Hurley,rank,4.0,4.0,3.0,0.5,2.0,0.75,2.0,2.0,0.75,0.75,0.0,,0,1,Charlotte Jorgensen,50,Entertainment,1
1,5,John O'Hurley,rank,3.0,3.0,1.0,1.0,2.0048,0.6650666666666667,1.0,3.0,0.3333333333333333,1.0,0.1700680272108843,34.57439999999999,0,0,Charlotte Jorgensen,50,Entertainment,0
1,6,John O'Hurley,rank,2.0,2.0,2.0,0.5,1.4915,0.75425,1.0,2.0,0.5,1.0,0.1275510204081632,61.4656,0,0,Charlotte Jorgensen,50,Entertainment,0
1,1,Kelly Monaco,rank,6.0,6.0,6.0,0.1666666666666666,3.4975,0.58375,1.0,6.0,0.1666666666666666,1.0,0.2125850340136054,22.127616,0,0,Alec Mazo,29,Entertainment,0
1,2,Kelly Monaco,rank,6.0,6.0,5.0,0.3333333333333333,2.588351431391905,0.7352747614346825,1.0,4.0,0.5,1.0,0.1275510204081632,61.4656,0,0,Alec Mazo,29,Entertainment,0
1,3,Kelly Monaco,rank,5.0,5.0,4.0,0.4,2.4681774349083896,0.706364513018322,1.0,5.0,0.2,1.0,0.2040816326530612,24.01,0,0,Alec Mazo,29,Entertainment,0
1,4,Kelly Monaco,rank,4.0,4.0,1.0,1.0,3.0,0.5,3.0,3.0,0.5,0.5,0.0,,0,1,Alec Mazo,29,Entertainment,1
1,5,Kelly Monaco,rank,3.0,3.0,2.0,0.6666666666666666,2.0062,0.6646,1.0,3.0,0.3333333333333333,1.0,0.1700680272108843,34.57439999999999,0,0,Alec Mazo,29,Entertainment,0
1,6,Kelly Monaco,rank,2.0,2.0,1.0,1.0,1.5085,0.74575,1.0,2.0,0.5,1.0,0.1275510204081632,61.4656,0,0,Alec Mazo,29,Entertainment,0
1,1,Rachel Hunter,rank,6.0,6.0,1.0,1.0,3.5015,0.5830833333333333,1.0,6.0,0.1666666666666666,1.0,0.2125850340136054,22.127616,0,0,Jonathan Roberts,35,Fashion,0
1,2,Rachel Hunter,rank,6.0,6.0,2.0,0.8333333333333334,3.646594274432379,0.5589009542612702,1.0,6.0,0.1666666666666666,1.0,0.2125850340136054,22.127616,0,0,Jonathan Roberts,35,Fashion,0
1,3,Rachel Hunter,rank,5.0,5.0,1.0,1.0,2.949212471873996,0.6101575056252008,1.0,5.0,0.2,1.0,0.2040816326530612,24.01,0,0,Jonathan Roberts,35,Fashion,0
1,4,Rachel Hunter,rank,4.0,4.0,2.0,0.75,4.0,0.25,4.0,4.0,0.25,0.25,0.0,,0,1,Jonathan Roberts,35,Fashion,1
1,5,Rachel Hunter,,,6.0,,,,,,,,,,,1,1,Jonathan Roberts,35,Fashion,1
1,6,Rachel Hunter,,,6.0,,,,,,,,,,,1,1,Jonathan Roberts,35,Fashion,1
1,1,Trista Sutter,rank,6.0,6.0,4.0,0.5,3.5067,0.5822166666666667,1.0,6.0,0.1666666666666666,1.0,0.2125850340136054,22.127616,0,0,Louis van Amstel,32,Media,0
1,2,Trista Sutter,rank,6.0,6.0,4.0,0.5,5.771964461994077,0.2046725896676537,5.0,6.0,0.1666666666666666,0.3333333333333333,0.042517006802721,553.1904000000001,0,0,Louis van Amstel,32,Media,0
1,3,Trista Sutter,,,6.0,,,,,,,,,,,1,1,Louis van Amstel,32,Media,1
1,4,Trista Sutter,,,6.0,,,,,,,,,,,1,1,Louis van Amstel,32,Media,1
1,5,Trista Sutter,,,6.0,,,,,,,,,,,1,1,Louis van Amstel,32,Media,1
1,6,Trista Sutter,,,6.0,,,,,,,,,,,1,1,Louis van Amstel,32,Media,1
2,1,Drew Lachey,rank,10.0,10.0,1.0,1.0,5.381191432396252,0.5618808567603748,1.0,10.0,0.1,1.0,0.2295918367346938,18.97086419753086,0,0,Cheryl Burke,29,Music,0
2,2,Drew Lachey,rank,9.0,9.0,2.0,0.8888888888888888,4.970327552986513,0.5588524941126097,1.0,9.0,0.1111111111111111,1.0,0.2267573696145124,19.448100000000004,0,0,Cheryl Burke,29,Music,0
2,3,Drew Lachey,rank,8.0,8.0,1.0,1.0,4.668562144597888,0.541429731925264,1.0,8.0,0.125,1.0,0.2232142857142857,20.0704,0,0,Cheryl Burke,29,Music,0
2,4,Drew Lachey,rank,7.0,7.0,1.0,1.0,3.974448897795591,0.575078728886344,1.0,7.0,0.1428571428571428,1.0,0.2186588921282799,20.91537777777777,0,0,Cheryl Burke,29,Music,0
2,5,Drew Lachey,rank,6.0,6.0,2.0,0.8333333333333334,3.427320490367776,0.595446584938704,1.0,6.0,0.1666666666666666,1.0,0.2125850340136054,22.127616,0,0,Cheryl Burke,29,Music,0
2,6,Drew Lachey,rank,5.0,5.0,1.0,1.0,2.974668560606061,0.6050662878787878,1.0,5.0,0.2,1.0,0.2040816326530612,24.01,0,0,Cheryl Burke,29,Music,0
2,7,Drew Lachey,rank,4.0,4.0,1.0,1.0,2.48390989541432,0.62902252614642,1.0,4.0,0.25,1.0,0.1913265306122449,27.31804444444445,0,0,Cheryl Burke,29,Music,0
2,8,Drew Lachey,rank,3.0,3.0,1.0,1.0,2.0107,0.6631,1.0,3.0,0.3333333333333333,1.0,0.1700680272108843,34.57439999999999,0,0,Cheryl Burke,29,Music,0
2,1,George Hamilton,rank,10.0,10.0,8.0,0.3,4.382195448460509,0.6617804551539491,1.0,9.0,0.2,1.0,0.2040816326530612,24.01,0,0,Edyta Sliwinska,66,Entertainment,0
2,2,George Hamilton,rank,9.0,9.0,5.0,0.5555555555555556,4.794219653179191,0.5784200385356455,1.0,9.0,0.1111111111111111,1.0,0.2267573696145124,19.448100000000004,0,0,Edyta Sliwinska,66,Entertainment,0
2,3,George Hamilton,rank,8.0,8.0,5.0,0.5,4.064175467099918,0.6169780666125102,1.0,7.0,0.25,1.0,0.1913265306122449,27.31804444444445,0,0,Edyta Sliwinska,66,Entertainment,0
2,4,George Hamilton,rank,7.0,7.0,6.0,0.2857142857142857,2.914078156312625,0.7265602633839107,1.0,6.0,0.2857142857142857,1.0,0.1822157434402332,30.11814399999999,0,0,Edyta Sliwinska,66,Entertainment,0
2,5,George Hamilton,rank,6.0,6.0,4.0,0.5,3.0800600450337754,0.6533233258277041,1.0,6.0,0.1666666666666666,1.0,0.2125850340136054,22.127616,0,0,Edyta Sliwinska,66,Entertainment,0
2,6,George Hamilton,rank,5.0,5.0,4.0,0.4,4.272964015151516,0.3454071969696969,3.0,5.0,0.2,0.6,0.1020408163265306,96.04000000000002,0,0,Edyta Sliwinska,66,Entertainment,0
2,7,George Hamilton,,,10.0,,,,,,,,,,,1,1,Edyta Sliwinska,66,Entertainment,1
2,8,George Hamilton,,,10.0,,,,,,,,,,,1,1,Edyta Sliwinska,66,Entertainment,1
2,1,Giselle Fernandez,rank,10.0,10.0,2.0,0.9,5.502342704149933,0.5497657295850067,1.0,10.0,0.1,1.0,0.2295918367346938,18.97086419753086,0,0,Jonathan Roberts,44,Other,0
2,2,Giselle Fernandez,rank,9.0,9.0,3.0,0.7777777777777778,4.976493256262042,0.5581674159708842,1.0,9.0,0.1111111111111111,1.0,0.2267573696145124,19.448100000000004,0,0,Jonathan Roberts,44,Other,0
2,3,Giselle Fernandez,rank,8.0,8.0,5.0,0.5,7.521527213647441,0.1848090982940698,6.0,8.0,0.125,0.375,0.0637755102040816,245.8624,0,0,Jonathan Roberts,44,Other,0
2,4,Giselle Fernandez,,,10.0,,,,,,,,,,,1,1,Jonathan Roberts,44,Other,1
2,5,Giselle Fernandez,,,10.0,,,,,,,,,,,1,1,Jonathan Roberts,44,Other,1
2,6,Giselle Fernandez,,,10.0,,,,,,,,,,,1,1,Jonathan Roberts,44,Other,1
2,7,Giselle Fernandez,,,10.0,,,,,,,,,,,1,1,Jonathan Roberts,44,Other,1
2,8,Giselle Fernandez,,,10.0,,,,,,,,,,,1,1,Jonathan Roberts,44,Other,1
2,1,Jerry Rice,rank,10.0,10.0,5.0,0.6,5.337684069611781,0.566231593038822,1.0,10.0,0.1,1.0,0.2295918367346938,18.97086419753086,0,0,Anna Trebunskaya,43,Sports,0
2,2,Jerry Rice,rank,9.0,9.0,4.0,0.6666666666666666,4.973795761078998,0.5584671376578891,1.0,9.0,0.1111111111111111,1.0,0.2267573696145124,19.448100000000004,0,0,Anna Trebunskaya,43,Sports,0
2,3,Jerry Rice,rank,8.0,8.0,7.0,0.25,3.393988627132413,0.7007514216084484,1.0,6.0,0.375,1.0,0.159438775510204,39.337984000000006,0,0,Anna Trebunskaya,43,Sports,0
2,4,Jerry Rice,rank,7.0,7.0,5.0,0.4285714285714285,3.466182364729459,0.6476882336100773,1.0,7.0,0.1428571428571428,1.0,0.2186588921282799,20.91537777777777,0,0,Anna Trebunskaya,43,Sports,0
2,5,Jerry Rice,rank,6.0,6.0,5.0,0.3333333333333333,2.6014510883162374,0.7330914852806272,1.0,5.0,0.3333333333333333,1.0,0.1700680272108843,34.57439999999999,0,0,Anna Trebunskaya,43,Sports,0
2,6,Jerry Rice,rank,5.0,5.0,4.0,0.4,2.162405303030303,0.7675189393939393,1.0,4.0,0.4,1.0,0.1530612244897959,42.684444444444445,0,0,Anna Trebunskaya,43,Sports,0
2,7,Jerry Rice,rank,4.0,4.0,4.0,0.25,1.33869670152856,0.91532582461786,1.0,2.0,0.75,1.0,0.0637755102040816,245.8624,0,0,Anna Trebunskaya,43,Sports,0
2,8,Jerry Rice,rank,3.0,3.0,3.0,0.3333333333333333,2.0084,0.6638666666666667,1.0,3.0,0.3333333333333333,1.0,0.1700680272108843,34.57439999999999,0,0,Anna Trebunskaya,43,Sports,0
2,1,Kenny Mayne,rank,10.0,10.0,9.0,0.2,8.68607764390897,0.231392235609103,6.0,10.0,0.1,0.5,0.1020408163265306,96.04,0,0,Andrea Hale,46,Other,0
2,2,Kenny Mayne,,,10.0,,,,,,,,,,,1,1,Andrea Hale,46,Other,1
2,3,Kenny Mayne,,,10.0,,,,,,,,,,,1,1,Andrea Hale,46,Other,1
2,4,Kenny Mayne,,,10.0,,,,,,,,,,,1,1,Andrea Hale,46,Other,1
2,5,Kenny Mayne,,,10.0,,,,,,,,,,,1,1,Andrea Hale,46,Other,1
2,6,Kenny Mayne,,,10.0,,,,,,,,,,,1,1,Andrea Hale,46,Other,1
2,7,Kenny Mayne,,,10.0,,,,,,,,,,,1,1,Andrea Hale,46,Other,1
2,8,Kenny Mayne,,,10.0,,,,,,,,,,,1,1,Andrea Hale,46,Other,1
2,1,Lisa Rinna,rank,10.0,10.0,7.0,0.4,5.158299866131191,0.5841700133868809,1.0,10.0,0.1,1.0,0.2295918367346938,18.97086419753086,0,0,Louis van Amstel,42,Entertainment,0
2,2,Lisa Rinna,rank,9.0,9.0,7.0,0.3333333333333333,4.025433526011561,0.6638407193320488,1.0,8.0,0.2222222222222222,1.0,0.1984126984126984,25.401599999999995,0,0,Louis van Amstel,42,Entertainment,0
2,3,Lisa Rinna,rank,8.0,8.0,4.0,0.625,4.413484971567831,0.5733143785540211,1.0,8.0,0.125,1.0,0.2232142857142857,20.0704,0,0,Louis van Amstel,42,Entertainment,0
2,4,Lisa Rinna,rank,7.0,7.0,2.0,0.8571428571428571,3.9230961923847696,0.5824148296593187,1.0,7.0,0.1428571428571428,1.0,0.2186588921282799,20.91537777777777,0,0,Louis van Amstel,42,Entertainment,0
2,5,Lisa Rinna,rank,6.0,6.0,3.0,0.6666666666666666,3.3400050037528146,0.6099991660411975,1.0,6.0,0.1666666666666666,1.0,0.2125850340136054,22.127616,0,0,Louis van Amstel,42,Entertainment,0
2,6,Lisa Rinna,rank,5.0,5.0,3.0,0.6,2.6661931818181817,0.6667613636363636,1.0,5.0,0.2,1.0,0.2040816326530612,24.01,0,0,Louis van Amstel,42,Entertainment,0
2,7,Lisa Rinna,rank,4.0,4.0,3.0,0.5,3.674577634754626,0.3313555913113435,3.0,4.0,0.25,0.5,0.0637755102040816,245.8624,0,0,Louis van Amstel,42,Entertainment,0
2,8,Lisa Rinna,,,10.0,,,,,,,,,,,1,1,Louis van Amstel,42,Entertainment,1
2,1,Master P,rank,10.0,10.0,10.0,0.1,4.345716198125837,0.6654283801874163,1.0,9.0,0.2,1.0,0.2040816326530612,24.01,0,0,Ashly DelGrosso,35,Music,0
2,2,Master P,rank,9.0,9.0,9.0,0.1111111111111111,3.3830443159922927,0.7352172982230786,1.0,7.0,0.3333333333333333,1.0,0.1700680272108843,34.57439999999999,0,0,Ashly DelGrosso,35,Music,0
2,3,Master P,rank,8.0,8.0,8.0,0.125,2.8050365556458163,0.7743704305442729,1.0,5.0,0.5,1.0,0.1275510204081632,61.4656,0,0,Ashly DelGrosso,35,Music,0
2,4,Master P,rank,7.0,7.0,7.0,0.1428571428571428,5.838426853707415,0.3087961637560835,3.0,7.0,0.1428571428571428,0.7142857142857143,0.1457725947521866,47.0596,0,0,Ashly DelGrosso,35,Music,0
2,5,Master P,,,10.0,,,,,,,,,,,1,1,Ashly DelGrosso,35,Music,1
2,6,Master P,,,10.0,,,,,,,,,,,1,1,Ashly DelGrosso,35,Music,1
2,7,Master P,,,10.0,,,,,,,,,,,1,1,Ashly DelGrosso,35,Music,1
2,8,Master P,,,10.0,,,,,,,,,,,1,1,Ashly DelGrosso,35,Music,1
2,1,Stacy Keibler,rank,10.0,10.0,4.0,0.7,5.403279785809906,0.5596720214190094,1.0,10.0,0.1,1.0,0.2295918367346938,18.97086419753086,0,0,Tony Dovolani,26,Sports,0
2,2,Stacy Keibler,rank,9.0,9.0,1.0,1.0,4.923314065510597,0.564076214943267,1.0,9.0,0.1111111111111111,1.0,0.2267573696145124,19.448100000000004,0,0,Tony Dovolani,26,Sports,0
2,3,Stacy Keibler,rank,8.0,8.0,1.0,1.0,4.5564581640942325,0.5554427294882209,1.0,8.0,0.125,1.0,0.2232142857142857,20.0704,0,0,Tony Dovolani,26,Sports,0
2,4,Stacy Keibler,rank,7.0,7.0,2.0,0.8571428571428571,3.9245991983967934,0.5822001145147438,1.0,7.0,0.1428571428571428,1.0,0.2186588921282799,20.91537777777777,0,0,Tony Dovolani,26,Sports,0
2,5,Stacy Keibler,rank,6.0,6.0,1.0,1.0,3.4258193645233925,0.5956967725794345,1.0,6.0,0.1666666666666666,1.0,0.2125850340136054,22.127616,0,0,Tony Dovolani,26,Sports,0
2,6,Stacy Keibler,rank,5.0,5.0,1.0,1.0,2.9237689393939394,0.6152462121212121,1.0,5.0,0.2,1.0,0.2040816326530612,24.01,0,0,Tony Dovolani,26,Sports,0
2,7,Stacy Keibler,rank,4.0,4.0,1.0,1.0,2.502815768302494,0.6242960579243765,1.0,4.0,0.25,1.0,0.1913265306122449,27.31804444444445,0,0,Tony Dovolani,26,Sports,0
2,8,Stacy Keibler,rank,3.0,3.0,2.0,0.6666666666666666,1.9809,0.6730333333333333,1.0,3.0,0.3333333333333333,1.0,0.1700680272108843,34.57439999999999,0,0,Tony Dovolani,26,Sports,0
2,1,Tatum O'Neal,rank,10.0,10.0,2.0,0.9,5.517068273092369,0.548293172690763,1.0,10.0,0.1,1.0,0.2295918367346938,18.97086419753086,0,0,Nick Kosovich,42,Entertainment,0
2,2,Tatum O'Neal,rank,9.0,9.0,8.0,0.2222222222222222,7.865125240847784,0.2372083065724684,5.0,9.0,0.1111111111111111,0.5555555555555556,0.1133786848072562,77.79239999999999,0,0,Nick Kosovich,42,Entertainment,0
2,3,Tatum O'Neal,,,10.0,,,,,,,,,,,1,1,Nick Kosovich,42,Entertainment,1
2,4,Tatum O'Neal,,,10.0,,,,,,,,,,,1,1,Nick Kosovich,42,Entertainment,1
2,5,Tatum O'Neal,,,10.0,,,,,,,,,,,1,1,Nick Kosovich,42,Entertainment,1
2,6,Tatum O'Neal,,,10.0,,,,,,,,,,,1,1,Nick Kosovich,42,Entertainment,1
2,7,Tatum O'Neal,,,10.0,,,,,,,,,,,1,1,Nick Kosovich,42,Entertainment,1
2,8,Tatum O'Neal,,,10.0,,,,,,,,,,,1,1,Nick Kosovich,42,Entertainment,1
2,1,Tia Carrere,rank,10.0,10.0,6.0,0.5,5.286144578313253,0.5713855421686748,1.0,10.0,0.1,1.0,0.2295918367346938,18.97086419753086,0,0,Maksim Chmerkoskiy,39,Entertainment,0
2,2,Tia Carrere,rank,9.0,9.0,5.0,0.5555555555555556,5.088246628131021,0.5457503746521088,1.0,9.0,0.1111111111111111,1.0,0.2267573696145124,19.448100000000004,0,0,Maksim Chmerkoskiy,39,Entertainment,0
2,3,Tia Carrere,rank,8.0,8.0,3.0,0.75,4.5767668562144594,0.5529041429731926,1.0,8.0,0.125,1.0,0.2232142857142857,20.0704,0,0,Maksim Chmerkoskiy,39,Entertainment,0
2,4,Tia Carrere,rank,7.0,7.0,4.0,0.5714285714285714,3.9591683366733466,0.5772616661895219,1.0,7.0,0.1428571428571428,1.0,0.2186588921282799,20.91537777777777,0,0,Maksim Chmerkoskiy,39,Entertainment,0
2,5,Tia Carrere,rank,6.0,6.0,6.0,0.1666666666666666,5.125344008006005,0.3124426653323325,3.0,6.0,0.1666666666666666,0.6666666666666666,0.1275510204081632,61.4656,0,0,Maksim Chmerkoskiy,39,Entertainment,0
2,6,Tia Carrere,,,10.0,,,,,,,,,,,1,1,Maksim Chmerkoskiy,39,Entertainment,1
2,7,Tia Carrere,,,10.0,,,,,,,,,,,1,1,Maksim Chmerkoskiy,39,Entertainment,1
2,8,Tia Carrere,,,10.0,,,,,,,,,,,1,1,Maksim Chmerkoskiy,39,Entertainment,1
3,1,Emmitt Smith,percent,11.0,11.0,0.1132075471698113,0.1132075471698113,0.0944252147023489,0.0944252147023489,0.0023697048772007,0.3175567093448325,0.0023697048772007,0.3175567093448325,0.0804048480784775,154.6804862410745,0,0,Cheryl Burke,37,Sports,0
3,2,Emmitt Smith,percent,10.0,10.0,0.1043478260869565,0.1043478260869565,0.1082616917565383,0.1082616917565383,0.0047410197830253,0.3466528566657213,0.0047410197830253,0.3466528566657213,0.0872224073680346,131.44493671171773,0,0,Cheryl Burke,37,Sports,0
3,3,Emmitt Smith,percent,9.0,9.0,0.0917874396135265,0.0917874396135265,0.1400649304089546,0.1400649304089546,0.0261561938501511,0.4174196958379421,0.0261561938501511,0.4174196958379421,0.0998121178540283,100.37682594208444,0,0,Cheryl Burke,37,Sports,0
3,4,Emmitt Smith,percent,8.0,8.0,0.1212121212121212,0.1212121212121212,0.1404619596688713,0.1404619596688713,0.0154064899755953,0.4030468195622853,0.0154064899755953,0.4030468195622853,0.098887839180278,102.26198669661215,0,0,Cheryl Burke,37,Sports,0
3,5,Emmitt Smith,percent,7.0,7.0,0.149171270718232,0.149171270718232,0.1533166763733481,0.1533166763733481,0.0203427534901545,0.42132308104806,0.0203427534901545,0.42132308104806,0.1022908998872207,95.57097166539494,0,0,Cheryl Burke,37,Sports,0
3,6,Emmitt Smith,percent,5.0,5.0,0.211864406779661,0.211864406779661,0.202111034087308,0.202111034087308,0.0067499918045802,0.6098787187108159,0.0067499918045802,0.6098787187108159,0.1538593691087335,42.242742452167874,0,0,Cheryl Burke,37,Sports,0
3,7,Emmitt Smith,percent,5.0,5.0,0.2111111111111111,0.2111111111111111,0.2334625779422103,0.2334625779422103,0.0149542150151524,0.6493007950318553,0.0149542150151524,0.6493007950318553,0.1618231071471181,38.187297840925496,0,0,Cheryl Burke,37,Sports,0
3,8,Emmitt Smith,percent,4.0,4.0,0.2477064220183486,0.2477064220183486,0.3121207670359993,0.3121207670359993,0.0435767669480876,0.735901290366516,0.0435767669480876,0.735901290366516,0.1766133988312317,32.059201653622694,0,0,Cheryl Burke,37,Sports,0
3,9,Emmitt Smith,percent,3.0,3.0,0.3333333333333333,0.3333333333333333,0.3355718074157982,0.3355718074157982,0.0142353989939961,0.8415605109699611,0.0142353989939961,0.8415605109699611,0.2110523244836645,22.45017447398792,0,0,Cheryl Burke,37,Sports,0
3,10,Emmitt Smith,percent,2.0,2.0,0.5,0.5,0.5009175001705657,0.5009175001705657,0.0258612113008304,0.9756499967768206,0.0258612113008304,0.9756499967768206,0.2422930575193852,17.03405555231167,0,0,Cheryl Burke,37,Sports,0
3,1,Harry Hamlin,percent,11.0,11.0,0.080188679245283,0.080188679245283,0.1013145063903657,0.1013145063903657,0.0042396928002016,0.3289666410403998,0.0042396928002016,0.3289666410403998,0.0828385072041322,145.7254724066758,0,0,Ashly DelGrosso,54,Entertainment,0
3,2,Harry Hamlin,percent,10.0,10.0,0.0913043478260869,0.0913043478260869,0.1156280843612312,0.1156280843612312,0.0143230248476214,0.3454715253397797,0.0143230248476214,0.3454715253397797,0.0844766582888159,140.1285242863623,0,0,Ashly DelGrosso,54,Entertainment,0
3,3,Harry Hamlin,percent,9.0,9.0,0.1062801932367149,0.1062801932367149,0.0145044111384107,0.0145044111384107,0.0004851555191603,0.0448672940330078,0.0004851555191603,0.0448672940330078,0.0113219741106753,7801.097126408089,0,0,Ashly DelGrosso,54,Entertainment,0
3,4,Harry Hamlin,,,11.0,,,,,,,,,,,1,1,Ashly DelGrosso,54,Entertainment,1
3,5,Harry Hamlin,,,11.0,,,,,,,,,,,1,1,Ashly DelGrosso,54,Entertainment,1
3,6,Harry Hamlin,,,11.0,,,,,,,,,,,1,1,Ashly DelGrosso,54,Entertainment,1
3,7,Harry Hamlin,,,11.0,,,,,,,,,,,1,1,Ashly DelGrosso,54,Entertainment,1
3,8,Harry Hamlin,,,11.0,,,,,,,,,,,1,1,Ashly DelGrosso,54,Entertainment,1
3,9,Harry Hamlin,,,11.0,,,,,,,,,,,1,1,Ashly DelGrosso,54,Entertainment,1
3,10,Harry Hamlin,,,11.0,,,,,,,,,,,1,1,Ashly DelGrosso,54,Entertainment,1
3,1,Jerry Springer,percent,11.0,11.0,0.0754716981132075,0.0754716981132075,0.1003305158768659,0.1003305158768659,0.0049815411990598,0.3306283504957747,0.0049815411990598,0.3306283504957747,0.083073165636917,144.9033678424508,0,0,Kym Johnson,62,Media,0
3,2,Jerry Springer,percent,10.0,10.0,0.0826086956521739,0.0826086956521739,0.1226447353130394,0.1226447353130394,0.0230222509517099,0.3415928656932799,0.0230222509517099,0.3415928656932799,0.0812680139646862,151.4121432242196,0,0,Kym Johnson,62,Media,0
3,3,Jerry Springer,percent,9.0,9.0,0.1014492753623188,0.1014492753623188,0.1307371058233998,0.1307371058233998,0.0165454061884644,0.3688546627981227,0.0165454061884644,0.3688546627981227,0.0898748103596067,123.80096387687992,0,0,Kym Johnson,62,Media,0
3,4,Jerry Springer,percent,8.0,8.0,0.1111111111111111,0.1111111111111111,0.1547884108888554,0.1547884108888554,0.0255618162975492,0.4168402560480694,0.0255618162975492,0.4168402560480694,0.0998159285077857,100.36916195431589,0,0,Kym Johnson,62,Media,0
3,5,Jerry Springer,percent,7.0,7.0,0.1325966850828729,0.1325966850828729,0.1767306141189649,0.1767306141189649,0.0343212470289843,0.4343212509519537,0.0343212470289843,0.4343212509519537,0.1020408173272881,96.03999811619012,0,0,Kym Johnson,62,Media,0
3,6,Jerry Springer,percent,5.0,5.0,0.1525423728813559,0.1525423728813559,0.1977925271881443,0.1977925271881443,0.0064709287776202,0.592545912843386,0.0064709287776202,0.592545912843386,0.1495089245065729,44.73688747542411,0,0,Kym Johnson,62,Media,0
3,7,Jerry Springer,percent,5.0,5.0,0.1703703703703703,0.1703703703703703,0.0491659605927182,0.0491659605927182,0.0021089551290946,0.1393099884982816,0.0021089551290946,0.1393099884982816,0.0350002636145885,816.3142338607441,0,0,Kym Johnson,62,Media,0
3,8,Jerry Springer,,,11.0,,,,,,,,,,,1,1,Kym Johnson,62,Media,1
3,9,Jerry Springer,,,11.0,,,,,,,,,,,1,1,Kym Johnson,62,Media,1
3,10,Jerry Springer,,,11.0,,,,,,,,,,,1,1,Kym Johnson,62,Media,1
3,1,Joey Lawrence,percent,11.0,11.0,0.0990566037735849,0.0990566037735849,0.0966251406186727,0.0966251406186727,0.0029694940302607,0.3290088036436139,0.0029694940302607,0.3290088036436139,0.0831732932687125,144.55469587552182,0,0,Edyta Sliwinska,30,Entertainment,0
3,2,Joey Lawrence,percent,10.0,10.0,0.1260869565217391,0.1260869565217391,0.1020354996490991,0.1020354996490991,0.0024213682413009,0.3429625370631262,0.0024213682413009,0.3429625370631262,0.0868727471484248,132.50519008020433,0,0,Edyta Sliwinska,30,Entertainment,0
3,3,Joey Lawrence,percent,9.0,9.0,0.1062801932367149,0.1062801932367149,0.1243102978851401,0.1243102978851401,0.0120105214440094,0.3680393795750917,0.0120105214440094,0.3680393795750917,0.0908236882987454,121.22766250753132,0,0,Edyta Sliwinska,30,Entertainment,0
3,4,Joey Lawrence,percent,8.0,8.0,0.1363636363636363,0.1363636363636363,0.134023407001415,0.134023407001415,0.0050530111333707,0.4104058867057986,0.0050530111333707,0.4104058867057986,0.1034063458092928,93.52024104733871,0,0,Edyta Sliwinska,30,Entertainment,0
3,5,Joey Lawrence,percent,7.0,7.0,0.1381215469613259,0.1381215469613259,0.1617700907759275,0.1617700907759275,0.0275100579203088,0.4485033739578355,0.0275100579203088,0.4485033739578355,0.1073962540912057,86.70052605043573,0,0,Edyta Sliwinska,30,Entertainment,0
3,6,Joey Lawrence,percent,5.0,5.0,0.2033898305084746,0.2033898305084746,0.1988761957554524,0.1988761957554524,0.0063878899505819,0.6041567392902634,0.0063878899505819,0.6041567392902634,0.1524920534029799,43.00367539101935,0,0,Edyta Sliwinska,30,Entertainment,0
3,7,Joey Lawrence,percent,5.0,5.0,0.2111111111111111,0.2111111111111111,0.2392546170735935,0.2392546170735935,0.0135687265679253,0.6446506688517244,0.0135687265679253,0.6446506688517244,0.1609902913989283,38.583411699002525,0,0,Edyta Sliwinska,30,Entertainment,0
3,8,Joey Lawrence,percent,4.0,4.0,0.2477064220183486,0.2477064220183486,0.309616618060772,0.309616618060772,0.0472571361482728,0.7498988716041881,0.0472571361482728,0.7498988716041881,0.1792453406775294,31.12463371559841,0,0,Edyta Sliwinska,30,Entertainment,0
3,9,Joey Lawrence,percent,3.0,3.0,0.3333333333333333,0.3333333333333333,0.3328458423517725,0.3328458423517725,0.0125699402874713,0.8414636588072889,0.0125699402874713,0.8414636588072889,0.2114524792142392,22.36528501533763,0,0,Edyta Sliwinska,30,Entertainment,0
3,10,Joey Lawrence,,,11.0,,,,,,,,,,,1,1,Edyta Sliwinska,30,Entertainment,1
3,1,Mario Lopez,percent,11.0,11.0,0.1226415094339622,0.1226415094339622,0.0941888459843544,0.0941888459843544,0.0026990178661727,0.3236472171177348,0.0026990178661727,0.3236472171177348,0.0818745406253984,149.17712994198496,0,0,Karina Smirnoff,32,Entertainment,0
3,2,Mario Lopez,percent,10.0,10.0,0.0913043478260869,0.0913043478260869,0.1171478601014784,0.1171478601014784,0.0152310178254334,0.3734073597690572,0.0152310178254334,0.3734073597690572,0.0913715158019448,119.77835398963924,0,0,Karina Smirnoff,32,Entertainment,0
3,3,Mario Lopez,percent,9.0,9.0,0.1062801932367149,0.1062801932367149,0.1248668157209943,0.1248668157209943,0.0131340096669052,0.3716169077907164,0.0131340096669052,0.3716169077907164,0.0914497189091355,119.57358497641302,0,0,Karina Smirnoff,32,Entertainment,0
3,4,Mario Lopez,percent,8.0,8.0,0.1464646464646464,0.1464646464646464,0.1281931820327765,0.1281931820327765,0.0055231366669617,0.430351827137344,0.0055231366669617,0.430351827137344,0.108374665936322,85.14211935941015,0,0,Karina Smirnoff,32,Entertainment,0
3,5,Mario Lopez,percent,7.0,7.0,0.149171270718232,0.149171270718232,0.1625445911234989,0.1625445911234989,0.0224278350268229,0.4639790039040662,0.0224278350268229,0.4639790039040662,0.1126406043054192,78.81521352906677,0,0,Karina Smirnoff,32,Entertainment,0
3,6,Mario Lopez,percent,5.0,5.0,0.2372881355932203,0.2372881355932203,0.2008343900817166,0.2008343900817166,0.0061124141252013,0.605554041181598,0.0061124141252013,0.605554041181598,0.1529187824123461,42.764001613272576,0,0,Karina Smirnoff,32,Entertainment,0
3,7,Mario Lopez,percent,5.0,5.0,0.2074074074074074,0.2074074074074074,0.2361854260715947,0.2361854260715947,0.0196582419891038,0.6607649844361249,0.0196582419891038,0.6607649844361249,0.1635476383793421,37.386210368185466,0,0,Karina Smirnoff,32,Entertainment,0
3,8,Mario Lopez,percent,4.0,4.0,0.2614678899082568,0.2614678899082568,0.3125828036122789,0.3125828036122789,0.0304749927020156,0.7397680676612167,0.0304749927020156,0.7397680676612167,0.1809421109589798,30.54363312824462,0,0,Karina Smirnoff,32,Entertainment,0
3,9,Mario Lopez,percent,3.0,3.0,0.3333333333333333,0.3333333333333333,0.331582350232429,0.331582350232429,0.0109747830564209,0.8421257173477333,0.0109747830564209,0.8421257173477333,0.2120282995641103,22.243971974637887,0,0,Karina Smirnoff,32,Entertainment,0
3,10,Mario Lopez,percent,2.0,2.0,0.5,0.5,0.4990824998294347,0.4990824998294347,0.0243500032231793,0.9741387886991696,0.0243500032231793,0.9741387886991696,0.2422930575193853,17.034055552311667,0,0,Karina Smirnoff,32,Entertainment,0
3,1,Monique Coleman,percent,11.0,11.0,0.0896226415094339,0.0896226415094339,0.0975367900948677,0.0975367900948677,0.0029364718769911,0.3269400630123774,0.0029364718769911,0.3269400630123774,0.0826539773304557,146.37688015312585,0,0,Louis van Amstel,25,Entertainment,0
3,2,Monique Coleman,percent,10.0,10.0,0.1130434782608695,0.1130434782608695,0.1017956250055512,0.1017956250055512,0.0036796827616282,0.3393577366362311,0.0036796827616282,0.3393577366362311,0.0856321566006639,136.37232246084355,0,0,Louis van Amstel,25,Entertainment,0
3,3,Monique Coleman,percent,9.0,9.0,0.1304347826086956,0.1304347826086956,0.1125049157852564,0.1125049157852564,0.0035350052145781,0.3677240147182286,0.0035350052145781,0.3677240147182286,0.0929053595672577,115.85598209180964,0,0,Louis van Amstel,25,Entertainment,0
3,4,Monique Coleman,percent,8.0,8.0,0.1212121212121212,0.1212121212121212,0.1394750118735561,0.1394750118735561,0.0125861534355707,0.3978084817603217,0.0125861534355707,0.3978084817603217,0.0982710021236609,103.54979188188626,0,0,Louis van Amstel,25,Entertainment,0
3,5,Monique Coleman,percent,7.0,7.0,0.149171270718232,0.149171270718232,0.1537527463016846,0.1537527463016846,0.017628076658494,0.4349402368585368,0.017628076658494,0.4349402368585368,0.1064571837245007,88.23686187995848,0,0,Louis van Amstel,25,Entertainment,0
3,6,Monique Coleman,percent,5.0,5.0,0.1949152542372881,0.1949152542372881,0.2003858528873793,0.2003858528873793,0.0059442640656183,0.6062569367013565,0.0059442640656183,0.6062569367013565,0.1531409879172801,42.63999166954583,0,0,Louis van Amstel,25,Entertainment,0
3,7,Monique Coleman,percent,5.0,5.0,0.2,0.2,0.2419314183198834,0.2419314183198834,0.0194357212650463,0.6425877876744754,0.0194357212650463,0.6425877876744754,0.1589673638799564,39.57164050714575,0,0,Louis van Amstel,25,Entertainment,0
3,8,Monique Coleman,percent,4.0,4.0,0.2431192660550458,0.2431192660550458,0.0656798112909485,0.0656798112909485,0.002266236694932,0.1845485858848925,0.002266236694932,0.1845485858848925,0.0465005992831531,462.469291191484,0,0,Louis van Amstel,25,Entertainment,0
3,9,Monique Coleman,,,11.0,,,,,,,,,,,1,1,Louis van Amstel,25,Entertainment,1
3,10,Monique Coleman,,,11.0,,,,,,,,,,,1,1,Louis van Amstel,25,Entertainment,1
3,1,Sara Evans,percent,11.0,11.0,0.070754716981132,0.070754716981132,0.1045803679910092,0.1045803679910092,0.0057711802138781,0.3416123470839642,0.0057711802138781,0.3416123470839642,0.0856737670586954,136.23988666440323,0,0,Tony Dovolani,35,Music,0
3,2,Sara Evans,percent,10.0,10.0,0.0913043478260869,0.0913043478260869,0.1118482645485862,0.1118482645485862,0.0142708760070577,0.3344113540100312,0.0142708760070577,0.3344113540100312,0.0816684892864728,149.93083370535703,0,0,Tony Dovolani,35,Music,0
3,3,Sara Evans,percent,9.0,9.0,0.1207729468599033,0.1207729468599033,0.1147081006912897,0.1147081006912897,0.0062432161334591,0.3588181303147653,0.0062432161334591,0.3588181303147653,0.0899425801482924,123.61447146542017,0,0,Tony Dovolani,35,Music,0
3,4,Sara Evans,percent,8.0,8.0,0.101010101010101,0.101010101010101,0.1621093471281884,0.1621093471281884,0.0359952323332932,0.4402570240121176,0.0359952323332932,0.4402570240121176,0.1031280080813327,94.02573589912856,0,0,Tony Dovolani,35,Music,0
3,5,Sara Evans,percent,7.0,7.0,0.1325966850828729,0.1325966850828729,0.171181316547385,0.171181316547385,0.0321164177045388,0.4455462565922571,0.0321164177045388,0.4455462565922571,0.105466795634622,89.9018228645522,0,0,Tony Dovolani,35,Music,0
3,6,Sara Evans,,,11.0,,,,,,,,,,,1,1,Tony Dovolani,35,Music,1
3,7,Sara Evans,,,11.0,,,,,,,,,,,1,1,Tony Dovolani,35,Music,1
3,8,Sara Evans,,,11.0,,,,,,,,,,,1,1,Tony Dovolani,35,Music,1
3,9,Sara Evans,,,11.0,,,,,,,,,,,1,1,Tony Dovolani,35,Music,1
3,10,Sara Evans,,,11.0,,,,,,,,,,,1,1,Tony Dovolani,35,Music,1
3,1,Shanna Moakler,percent,11.0,11.0,0.0849056603773584,0.0849056603773584,0.0978116891609159,0.0978116891609159,0.0035522524808072,0.3245345151944803,0.0035522524808072,0.3245345151944803,0.0818832302841002,149.14546950168346,0,0,Jesse DeSoto,31,Fashion,0
3,2,Shanna Moakler,percent,10.0,10.0,0.0956521739130434,0.0956521739130434,0.0116671533376405,0.0116671533376405,0.0003320615840791,0.0364884740183591,0.0003320615840791,0.0364884740183591,0.0092235746005816,11754.427201016057,0,0,Jesse DeSoto,31,Fashion,0
3,3,Shanna Moakler,,,11.0,,,,,,,,,,,1,1,Jesse DeSoto,31,Fashion,1
3,4,Shanna Moakler,,,11.0,,,,,,,,,,,1,1,Jesse DeSoto,31,Fashion,1
3,5,Shanna Moakler,,,11.0,,,,,,,,,,,1,1,Jesse DeSoto,31,Fashion,1
3,6,Shanna Moakler,,,11.0,,,,,,,,,,,1,1,Jesse DeSoto,31,Fashion,1
3,7,Shanna Moakler,,,11.0,,,,,,,,,,,1,1,Jesse DeSoto,31,Fashion,1
3,8,Shanna Moakler,,,11.0,,,,,,,,,,,1,1,Jesse DeSoto,31,Fashion,1
3,9,Shanna Moakler,,,11.0,,,,,,,,,,,1,1,Jesse DeSoto,31,Fashion,1
3,10,Shanna Moakler,,,11.0,,,,,,,,,,,1,1,Jesse DeSoto,31,Fashion,1
3,1,Tucker Carlson,percent,11.0,11.0,0.0566037735849056,0.0566037735849056,0.019852987667169,0.019852987667169,0.0007265422072759,0.0533195421824809,0.0007265422072759,0.0533195421824809,0.0134165816263278,5555.4116538535045,0,0,Elena Grinenko,37,Media,0
3,2,Tucker Carlson,,,11.0,,,,,,,,,,,1,1,Elena Grinenko,37,Media,1
3,3,Tucker Carlson,,,11.0,,,,,,,,,,,1,1,Elena Grinenko,37,Media,1
3,4,Tucker Carlson,,,11.0,,,,,,,,,,,1,1,Elena Grinenko,37,Media,1
3,5,Tucker Carlson,,,11.0,,,,,,,,,,,1,1,Elena Grinenko,37,Media,1
3,6,Tucker Carlson,,,11.0,,,,,,,,,,,1,1,Elena Grinenko,37,Media,1
3,7,Tucker Carlson,,,11.0,,,,,,,,,,,1,1,Elena Grinenko,37,Media,1
3,8,Tucker Carlson,,,11.0,,,,,,,,,,,1,1,Elena Grinenko,37,Media,1
3,9,Tucker Carlson,,,11.0,,,,,,,,,,,1,1,Elena Grinenko,37,Media,1
3,10,Tucker Carlson,,,11.0,,,,,,,,,,,1,1,Elena Grinenko,37,Media,1
3,1,Vivica A. Fox,percent,11.0,11.0,0.1037735849056603,0.1037735849056603,0.0946340665343775,0.0946340665343775,0.0021929735184034,0.3190807248929466,0.0021929735184034,0.3190807248929466,0.0808387120853426,153.02459137970686,0,0,Nick Kosovich,42,Entertainment,0
3,2,Vivica A. Fox,percent,10.0,10.0,0.1043478260869565,0.1043478260869565,0.1026146740129597,0.1026146740129597,0.0054894363130903,0.3379219235662096,0.0054894363130903,0.3379219235662096,0.0848042059319181,139.04815031928177,0,0,Nick Kosovich,42,Entertainment,0
3,3,Vivica A. Fox,percent,9.0,9.0,0.1304347826086956,0.1304347826086956,0.1133180746749294,0.1133180746749294,0.0035812717401438,0.3825559669418756,0.0035812717401438,0.3825559669418756,0.0966772181637071,106.9920994069675,0,0,Nick Kosovich,42,Entertainment,0
3,4,Vivica A. Fox,percent,8.0,8.0,0.1212121212121212,0.1212121212121212,0.0176589115944631,0.0176589115944631,0.000607708029389,0.0568288407741839,0.000607708029389,0.0568288407741839,0.0143421257002027,4861.529786046428,0,0,Nick Kosovich,42,Entertainment,0
3,5,Vivica A. Fox,,,11.0,,,,,,,,,,,1,1,Nick Kosovich,42,Entertainment,1
3,6,Vivica A. Fox,,,11.0,,,,,,,,,,,1,1,Nick Kosovich,42,Entertainment,1
3,7,Vivica A. Fox,,,11.0,,,,,,,,,,,1,1,Nick Kosovich,42,Entertainment,1
3,8,Vivica A. Fox,,,11.0,,,,,,,,,,,1,1,Nick Kosovich,42,Entertainment,1
3,9,Vivica A. Fox,,,11.0,,,,,,,,,,,1,1,Nick Kosovich,42,Entertainment,1
3,10,Vivica A. Fox,,,11.0,,,,,,,,,,,1,1,Nick Kosovich,42,Entertainment,1
3,1,Willa Ford,percent,11.0,11.0,0.1037735849056603,0.1037735849056603,0.0986998749790521,0.0986998749790521,0.0027224716261447,0.3320501685659289,0.0027224716261447,0.3320501685659289,0.0840121675866796,141.68230704217552,0,0,Maksim Chmerkoskiy,25,Music,0
3,2,Willa Ford,percent,10.0,10.0,0.1,0.1,0.1063564119138761,0.1063564119138761,0.0063366126551401,0.351682993987556,0.0063366126551401,0.351682993987556,0.0880985666664326,128.84344093314365,0,0,Maksim Chmerkoskiy,25,Music,0
3,3,Willa Ford,percent,9.0,9.0,0.1062801932367149,0.1062801932367149,0.1249853478716255,0.1249853478716255,0.0109425668420689,0.3777939034566192,0.0109425668420689,0.3777939034566192,0.0935845246465689,114.18049528478036,0,0,Maksim Chmerkoskiy,25,Music,0
3,4,Willa Ford,percent,8.0,8.0,0.1414141414141414,0.1414141414141414,0.1232897698118742,0.1232897698118742,0.0048952305427353,0.3999141826327196,0.0048952305427353,0.3999141826327196,0.1007701408392817,98.47733085821136,0,0,Maksim Chmerkoskiy,25,Music,0
3,5,Willa Ford,percent,7.0,7.0,0.149171270718232,0.149171270718232,0.0207039647591911,0.0207039647591911,0.0007169808398288,0.0680331771054076,0.0007169808398288,0.0680331771054076,0.0171724990473415,3391.0406670774546,0,0,Maksim Chmerkoskiy,25,Music,0
3,6,Willa Ford,,,11.0,,,,,,,,,,,1,1,Maksim Chmerkoskiy,25,Music,1
3,7,Willa Ford,,,11.0,,,,,,,,,,,1,1,Maksim Chmerkoskiy,25,Music,1
3,8,Willa Ford,,,11.0,,,,,,,,,,,1,1,Maksim Chmerkoskiy,25,Music,1
3,9,Willa Ford,,,11.0,,,,,,,,,,,1,1,Maksim Chmerkoskiy,25,Music,1
3,10,Willa Ford,,,11.0,,,,,,,,,,,1,1,Maksim Chmerkoskiy,25,Music,1
4,1,Apolo Anton Ohno,percent,11.0,11.0,0.1019417475728155,0.1019417475728155,0.0914378746774597,0.0914378746774597,0.0025749808930952,0.308675956592023,0.0025749808930952,0.308675956592023,0.0780869835966652,163.9995688147867,0,0,Julianne Hough,24,Sports,0
4,2,Apolo Anton Ohno,percent,11.0,11.0,0.1061224489795918,0.1061224489795918,0.0940792917926283,0.0940792917926283,0.0024802028660846,0.3128702852745526,0.0024802028660846,0.3128702852745526,0.0791811434715479,159.49844803334094,0,0,Julianne Hough,24,Sports,0
4,3,Apolo Anton Ohno,percent,10.0,10.0,0.1055045871559633,0.1055045871559633,0.1062648367395457,0.1062648367395457,0.0041730188679827,0.3342368367069681,0.0041730188679827,0.3342368367069681,0.0841999535303534,141.05104120843856,0,0,Julianne Hough,24,Sports,0
4,4,Apolo Anton Ohno,percent,9.0,9.0,0.1368421052631579,0.1368421052631579,0.1125288449647632,0.1125288449647632,0.0035635046296485,0.3685270405347605,0.0035635046296485,0.3685270405347605,0.0931029428329367,115.3647642481218,0,0,Julianne Hough,24,Sports,0
4,5,Apolo Anton Ohno,percent,8.0,8.0,0.1704545454545454,0.1704545454545454,0.1342416624821181,0.1342416624821181,0.0040106291438616,0.4167172737792487,0.0040106291438616,0.4167172737792487,0.1052823073049457,90.21717250705252,0,0,Julianne Hough,24,Sports,0
4,6,Apolo Anton Ohno,percent,7.0,7.0,0.1647058823529411,0.1647058823529411,0.1490064936757072,0.1490064936757072,0.0067831619843247,0.4629726496810428,0.0067831619843247,0.4629726496810428,0.1163748693103872,73.83828269243608,0,0,Julianne Hough,24,Sports,0
4,7,Apolo Anton Ohno,percent,6.0,6.0,0.174757281553398,0.174757281553398,0.1889868026897882,0.1889868026897882,0.0101070965065931,0.5439039352780191,0.0101070965065931,0.5439039352780191,0.1361726629518943,53.92872330636031,0,0,Julianne Hough,24,Sports,0
4,8,Apolo Anton Ohno,percent,5.0,5.0,0.2310756972111553,0.2310756972111553,0.2326863344745179,0.2326863344745179,0.0096203946089884,0.661064887731428,0.0096203946089884,0.661064887731428,0.1661848196740917,36.20906409545283,0,0,Julianne Hough,24,Sports,0
4,9,Apolo Anton Ohno,percent,4.0,4.0,0.2489451476793249,0.2489451476793249,0.3133269775453132,0.3133269775453132,0.0461901417698428,0.7246728838062094,0.0461901417698428,0.7246728838062094,0.1730823321521343,33.380629564897674,0,0,Julianne Hough,24,Sports,0
4,10,Apolo Anton Ohno,percent,3.0,3.0,0.3397685007685366,0.3397685007685366,0.3374695551735934,0.3374695551735934,0.0141470206881555,0.8471992036494828,0.0141470206881555,0.8471992036494828,0.2125133119799304,22.142554409393696,0,0,Julianne Hough,24,Sports,0
4,1,Billy Ray Cyrus,percent,11.0,11.0,0.0631067961165048,0.0631067961165048,0.0908085004105643,0.0908085004105643,0.0024323981022407,0.3071110247824269,0.0024323981022407,0.3071110247824269,0.0777241394592311,165.53436047221348,0,0,Karina Smirnoff,45,Music,0
4,2,Billy Ray Cyrus,percent,11.0,11.0,0.0857142857142857,0.0857142857142857,0.1008571340338022,0.1008571340338022,0.010554697492712,0.3052923974536082,0.010554697492712,0.3052923974536082,0.0751881887655347,176.8889702989328,0,0,Karina Smirnoff,45,Music,0
4,3,Billy Ray Cyrus,percent,10.0,10.0,0.0963302752293578,0.0963302752293578,0.1135387156312019,0.1135387156312019,0.0105246010623834,0.3382825291267716,0.0105246010623834,0.3382825291267716,0.0836117163429561,143.04270787456844,0,0,Karina Smirnoff,45,Music,0
4,4,Billy Ray Cyrus,percent,9.0,9.0,0.1105263157894736,0.1105263157894736,0.1146030238988829,0.1146030238988829,0.00403401905378,0.3717446658182445,0.00403401905378,0.3717446658182445,0.0938037364195062,113.64745761369682,0,0,Karina Smirnoff,45,Music,0
4,5,Billy Ray Cyrus,percent,8.0,8.0,0.096590909090909,0.096590909090909,0.1493969778826468,0.1493969778826468,0.010445641796004,0.4358872540649864,0.010445641796004,0.4358872540649864,0.1085310235380057,84.89697234809027,0,0,Karina Smirnoff,45,Music,0
4,6,Billy Ray Cyrus,percent,7.0,7.0,0.1235294117647058,0.1235294117647058,0.1755283822227167,0.1755283822227167,0.0333931565387298,0.4692860599936926,0.0333931565387298,0.4692860599936926,0.111197169248715,80.87467285733835,0,0,Karina Smirnoff,45,Music,0
4,7,Billy Ray Cyrus,percent,6.0,6.0,0.1229773462783171,0.1229773462783171,0.2305747211814156,0.2305747211814156,0.0496523679210604,0.5850750679790386,0.0496523679210604,0.5850750679790386,0.1365874234841781,53.60170131709516,0,0,Karina Smirnoff,45,Music,0
4,8,Billy Ray Cyrus,percent,5.0,5.0,0.1513944223107569,0.1513944223107569,0.0561357867551364,0.0561357867551364,0.0023822917396558,0.1539539172877251,0.0023822917396558,0.1539539172877251,0.0386662310071605,668.8616832966025,0,0,Karina Smirnoff,45,Music,0
4,9,Billy Ray Cyrus,,,11.0,,,,,,,,,,,1,1,Karina Smirnoff,45,Music,1
4,10,Billy Ray Cyrus,,,11.0,,,,,,,,,,,1,1,Karina Smirnoff,45,Music,1
4,1,Clyde Drexler,percent,11.0,11.0,0.0776699029126213,0.0776699029126213,0.0901425484216573,0.0901425484216573,0.0028158475672745,0.2977222770315952,0.0028158475672745,0.2977222770315952,0.0752312320062042,176.68661560676978,0,0,Elena Grinenko,44,Sports,0
4,2,Clyde Drexler,percent,11.0,11.0,0.073469387755102,0.073469387755102,0.1124806137047337,0.1124806137047337,0.0212389287903266,0.3136181651831716,0.0212389287903266,0.3136181651831716,0.0745865398961339,179.7542134246439,0,0,Elena Grinenko,44,Sports,0
4,3,Clyde Drexler,percent,10.0,10.0,0.073394495412844,0.073394495412844,0.1321356042106132,0.1321356042106132,0.033527641222851,0.3714891776511394,0.033527641222851,0.3714891776511394,0.0862146776602776,134.53571228596087,0,0,Elena Grinenko,44,Sports,0
4,4,Clyde Drexler,percent,9.0,9.0,0.0789473684210526,0.0789473684210526,0.1385950991010916,0.1385950991010916,0.0203666938053812,0.3905171310167938,0.0203666938053812,0.3905171310167938,0.0944261319416868,112.1542151785045,0,0,Elena Grinenko,44,Sports,0
4,5,Clyde Drexler,percent,8.0,8.0,0.0738636363636363,0.0738636363636363,0.0333014122884904,0.0333014122884904,0.0014548438550836,0.0892805431049191,0.0014548438550836,0.0892805431049191,0.0224045151147539,1992.1814943596155,0,0,Elena Grinenko,44,Sports,0
4,6,Clyde Drexler,,,11.0,,,,,,,,,,,1,1,Elena Grinenko,44,Sports,1
4,7,Clyde Drexler,,,11.0,,,,,,,,,,,1,1,Elena Grinenko,44,Sports,1
4,8,Clyde Drexler,,,11.0,,,,,,,,,,,1,1,Elena Grinenko,44,Sports,1
4,9,Clyde Drexler,,,11.0,,,,,,,,,,,1,1,Elena Grinenko,44,Sports,1
4,10,Clyde Drexler,,,11.0,,,,,,,,,,,1,1,Elena Grinenko,44,Sports,1
4,1,Heather Mills,percent,11.0,11.0,0.087378640776699,0.087378640776699,0.0902649320085101,0.0902649320085101,0.0024434289530209,0.3055665174494745,0.0024434289530209,0.3055665174494745,0.0773273184939932,167.23766663681758,0,0,Jonathan Roberts,39,Fashion,0
4,2,Heather Mills,percent,11.0,11.0,0.0979591836734693,0.0979591836734693,0.0956354387477029,0.0956354387477029,0.0040071064227613,0.3184486630748602,0.0040071064227613,0.3184486630748602,0.0802146828194129,155.41475883701696,0,0,Jonathan Roberts,39,Fashion,0
4,3,Heather Mills,percent,10.0,10.0,0.110091743119266,0.110091743119266,0.1003050766847919,0.1003050766847919,0.0037399850781435,0.3455025558934128,0.0037399850781435,0.3455025558934128,0.0871843292896095,131.5597799103266,0,0,Jonathan Roberts,39,Fashion,0
4,4,Heather Mills,percent,9.0,9.0,0.1210526315789473,0.1210526315789473,0.117352778141946,0.117352778141946,0.0034526651458022,0.3787101706318352,0.0034526651458022,0.3787101706318352,0.0957289554811308,109.12226189077202,0,0,Jonathan Roberts,39,Fashion,0
4,5,Heather Mills,percent,8.0,8.0,0.1193181818181818,0.1193181818181818,0.1390672041626023,0.1390672041626023,0.0053472505898227,0.4375843418157854,0.0053472505898227,0.4375843418157854,0.1102645640882558,82.24851589162687,0,0,Jonathan Roberts,39,Fashion,0
4,6,Heather Mills,percent,7.0,7.0,0.1352941176470588,0.1352941176470588,0.0239438298635602,0.0239438298635602,0.0009228378423957,0.0707192238192834,0.0009228378423957,0.0707192238192834,0.017805200504308,3154.3237269646256,0,0,Jonathan Roberts,39,Fashion,0
4,7,Heather Mills,,,11.0,,,,,,,,,,,1,1,Jonathan Roberts,39,Fashion,1
4,8,Heather Mills,,,11.0,,,,,,,,,,,1,1,Jonathan Roberts,39,Fashion,1
4,9,Heather Mills,,,11.0,,,,,,,,,,,1,1,Jonathan Roberts,39,Fashion,1
4,10,Heather Mills,,,11.0,,,,,,,,,,,1,1,Jonathan Roberts,39,Fashion,1
4,1,Ian Ziering,percent,11.0,11.0,0.1019417475728155,0.1019417475728155,0.0908662219349812,0.0908662219349812,0.0025147909170654,0.3030772861613938,0.0025147909170654,0.3030772861613938,0.0766741059296756,170.0993127525807,0,0,Cheryl Burke,42,Entertainment,0
4,2,Ian Ziering,percent,11.0,11.0,0.0897959183673469,0.0897959183673469,0.0934155722375927,0.0934155722375927,0.0054012057573095,0.2957313882021715,0.0054012057573095,0.2957313882021715,0.0740638220522607,182.30045811137404,0,0,Cheryl Burke,42,Entertainment,0
4,3,Ian Ziering,percent,10.0,10.0,0.110091743119266,0.110091743119266,0.1006083069209012,0.1006083069209012,0.0055520912122791,0.3285920184694346,0.0055520912122791,0.3285920184694346,0.082408144708458,147.25149964178166,0,0,Cheryl Burke,42,Entertainment,0
4,4,Ian Ziering,percent,9.0,9.0,0.1263157894736842,0.1263157894736842,0.1211289646562484,0.1211289646562484,0.0042152293223751,0.4093384900917026,0.0042152293223751,0.4093384900917026,0.1033477706044202,93.62628145133964,0,0,Cheryl Burke,42,Entertainment,0
4,5,Ian Ziering,percent,8.0,8.0,0.1363636363636363,0.1363636363636363,0.1343736091318201,0.1343736091318201,0.0043925903474391,0.4296065400783774,0.0043925903474391,0.4296065400783774,0.1084729463599332,84.98790555639812,0,0,Cheryl Burke,42,Entertainment,0
4,6,Ian Ziering,percent,7.0,7.0,0.1411764705882353,0.1411764705882353,0.1556576529631285,0.1556576529631285,0.0132700599028736,0.4441461621133971,0.0132700599028736,0.4441461621133971,0.1099173730128886,82.76892588862752,0,0,Cheryl Burke,42,Entertainment,0
4,7,Ian Ziering,percent,6.0,6.0,0.174757281553398,0.174757281553398,0.1852522655313916,0.1852522655313916,0.0099802871710917,0.5475044708183815,0.0099802871710917,0.5475044708183815,0.1371235162365535,53.18340235838829,0,0,Cheryl Burke,42,Entertainment,0
4,8,Ian Ziering,percent,5.0,5.0,0.1872509960159362,0.1872509960159362,0.2426624771571233,0.2426624771571233,0.0158556945983829,0.6649795162885537,0.0158556945983829,0.6649795162885537,0.1655928116556558,36.46842769835671,0,0,Cheryl Burke,42,Entertainment,0
4,9,Ian Ziering,percent,4.0,4.0,0.2447257383966244,0.2447257383966244,0.0637239769837885,0.0637239769837885,0.0022841672776438,0.1862412702791898,0.0022841672776438,0.1862412702791898,0.0469278323983535,454.0869395135858,0,0,Cheryl Burke,42,Entertainment,0
4,10,Ian Ziering,,,11.0,,,,,,,,,,,1,1,Cheryl Burke,42,Entertainment,1
4,1,Joey Fatone,percent,11.0,11.0,0.116504854368932,0.116504854368932,0.0895706626225044,0.0895706626225044,0.0023546857020296,0.2997031040329071,0.0023546857020296,0.2997031040329071,0.0758541883497136,173.7964369443807,0,0,Kym Johnson,30,Music,0
4,2,Joey Fatone,percent,11.0,11.0,0.0979591836734693,0.0979591836734693,0.0928578453435467,0.0928578453435467,0.0043934745091002,0.3118791639183064,0.0043934745091002,0.3118791639183064,0.0784402268901036,162.52580192706895,0,0,Kym Johnson,30,Music,0
4,3,Joey Fatone,percent,10.0,10.0,0.110091743119266,0.110091743119266,0.1037416636320172,0.1037416636320172,0.0050298530957974,0.3294277926960067,0.0050298530957974,0.3294277926960067,0.0827545764286248,146.02121567027507,0,0,Kym Johnson,30,Music,0
4,4,Joey Fatone,percent,9.0,9.0,0.1473684210526315,0.1473684210526315,0.1151436405318426,0.1151436405318426,0.0035674607589513,0.3817061493183286,0.0035674607589513,0.3817061493183286,0.0964639511631064,107.46570861069776,0,0,Kym Johnson,30,Music,0
4,5,Joey Fatone,percent,8.0,8.0,0.1420454545454545,0.1420454545454545,0.1348221524375495,0.1348221524375495,0.0049872039614836,0.4224749916777771,0.0049872039614836,0.4224749916777771,0.1065019866623197,88.16263905585959,0,0,Kym Johnson,30,Music,0
4,6,Joey Fatone,percent,7.0,7.0,0.1588235294117647,0.1588235294117647,0.1538094217863324,0.1538094217863324,0.007474889895604,0.4723246608713676,0.007474889895604,0.4723246608713676,0.1185841252489192,71.1126546739162,0,0,Kym Johnson,30,Music,0
4,7,Joey Fatone,percent,6.0,6.0,0.1909385113268608,0.1909385113268608,0.1820849810411757,0.1820849810411757,0.0080930853891185,0.522806810163853,0.0080930853891185,0.522806810163853,0.1313045216262078,58.0016884772778,0,0,Kym Johnson,30,Music,0
4,8,Joey Fatone,percent,5.0,5.0,0.2191235059760956,0.2191235059760956,0.2339144391333217,0.2339144391333217,0.011136646073951,0.6610186166852899,0.011136646073951,0.6610186166852899,0.1657862169926885,36.38338957430258,0,0,Kym Johnson,30,Music,0
4,9,Joey Fatone,percent,4.0,4.0,0.2531645569620253,0.2531645569620253,0.3104149067197979,0.3104149067197979,0.0455879564540623,0.7374215227879787,0.0455879564540623,0.7374215227879787,0.1764881546770194,32.10471918196615,0,0,Kym Johnson,30,Music,0
4,10,Joey Fatone,percent,3.0,3.0,0.3320460681848982,0.3320460681848982,0.3345181692541189,0.3345181692541189,0.0118877323592185,0.8370978973935881,0.0118877323592185,0.8370978973935881,0.2105127972026453,22.56539790371839,0,0,Kym Johnson,30,Music,0
4,1,John Ratzenberger,percent,11.0,11.0,0.0825242718446602,0.0825242718446602,0.0906137962306099,0.0906137962306099,0.0027626006068947,0.3119223744258568,0.0027626006068947,0.3119223744258568,0.0788672892395311,160.77042959644427,0,0,Edyta Sliwinska,59,Entertainment,0
4,2,John Ratzenberger,percent,11.0,11.0,0.0857142857142857,0.0857142857142857,0.102187571764803,0.102187571764803,0.008279882717011,0.3115732706123248,0.008279882717011,0.3115732706123248,0.0773707622181923,167.04991128618548,0,0,Edyta Sliwinska,59,Entertainment,0
4,3,John Ratzenberger,percent,10.0,10.0,0.091743119266055,0.091743119266055,0.1229056895557598,0.1229056895557598,0.0153418732007266,0.3554668096820223,0.0153418732007266,0.3554668096820223,0.0867665654289019,132.82969843904175,0,0,Edyta Sliwinska,59,Entertainment,0
4,4,John Ratzenberger,percent,9.0,9.0,0.0842105263157894,0.0842105263157894,0.137920230727823,0.137920230727823,0.0178899015970655,0.4043519360450702,0.0178899015970655,0.4043519360450702,0.0985872536857154,102.88651630657117,0,0,Edyta Sliwinska,59,Entertainment,0
4,5,John Ratzenberger,percent,8.0,8.0,0.1022727272727272,0.1022727272727272,0.1429551135969921,0.1429551135969921,0.0086371221992597,0.4454958704255163,0.0086371221992597,0.4454958704255163,0.1114435582209838,80.51745885417039,0,0,Edyta Sliwinska,59,Entertainment,0
4,6,John Ratzenberger,percent,7.0,7.0,0.1117647058823529,0.1117647058823529,0.1883166095984098,0.1883166095984098,0.0403799160954213,0.5179529309328981,0.0403799160954213,0.5179529309328981,0.1218298507238461,67.37403779544154,0,0,Edyta Sliwinska,59,Entertainment,0
4,7,John Ratzenberger,percent,6.0,6.0,0.145631067961165,0.145631067961165,0.0357283372217996,0.0357283372217996,0.0012938868623221,0.1021790748632905,0.0012938868623221,0.1021790748632905,0.0257360173471858,1509.7926915266771,0,0,Edyta Sliwinska,59,Entertainment,0
4,8,John Ratzenberger,,,11.0,,,,,,,,,,,1,1,Edyta Sliwinska,59,Entertainment,1
4,9,John Ratzenberger,,,11.0,,,,,,,,,,,1,1,Edyta Sliwinska,59,Entertainment,1
4,10,John Ratzenberger,,,11.0,,,,,,,,,,,1,1,Edyta Sliwinska,59,Entertainment,1
4,1,Laila Ali,percent,11.0,11.0,0.1116504854368932,0.1116504854368932,0.0911754569531676,0.0911754569531676,0.0023619556788996,0.3145045241450785,0.0023619556788996,0.3145045241450785,0.0796282062413721,157.7125067835109,0,0,Maksim Chmerkoskiy,29,Sports,0
4,2,Laila Ali,percent,11.0,11.0,0.110204081632653,0.110204081632653,0.0899347129334906,0.0899347129334906,0.0024906486246527,0.2921730969527135,0.0024906486246527,0.2921730969527135,0.0738985837571583,183.11662245744867,0,0,Maksim Chmerkoskiy,29,Sports,0
4,3,Laila Ali,percent,10.0,10.0,0.0963302752293578,0.0963302752293578,0.1115807598150882,0.1115807598150882,0.0105823932781336,0.3445251027360079,0.0105823932781336,0.3445251027360079,0.0851894666984373,137.79333168862215,0,0,Maksim Chmerkoskiy,29,Sports,0
4,4,Laila Ali,percent,9.0,9.0,0.1105263157894736,0.1105263157894736,0.1211929989952491,0.1211929989952491,0.0051727987270099,0.3803916194535207,0.0051727987270099,0.3803916194535207,0.0957190869200282,109.14476388606872,0,0,Maksim Chmerkoskiy,29,Sports,0
4,5,Laila Ali,percent,8.0,8.0,0.1590909090909091,0.1590909090909091,0.1318418680177807,0.1318418680177807,0.0035588678574508,0.425222838313997,0.0035588678574508,0.425222838313997,0.1075673394021801,86.42495187542663,0,0,Maksim Chmerkoskiy,29,Sports,0
4,6,Laila Ali,percent,7.0,7.0,0.1647058823529411,0.1647058823529411,0.1537376098901453,0.1537376098901453,0.0055906317411372,0.4638402613690712,0.0055906317411372,0.4638402613690712,0.1169004157214117,73.17586903255861,0,0,Maksim Chmerkoskiy,29,Sports,0
4,7,Laila Ali,percent,6.0,6.0,0.1909385113268608,0.1909385113268608,0.1773728923344285,0.1773728923344285,0.007934672195482,0.5080449345419961,0.007934672195482,0.5080449345419961,0.1275791485577841,61.43849959964708,0,0,Maksim Chmerkoskiy,29,Sports,0
4,8,Laila Ali,percent,5.0,5.0,0.2111553784860557,0.2111553784860557,0.2346009624799008,0.2346009624799008,0.0139656379917451,0.6646255631419086,0.0139656379917451,0.6646255631419086,0.1659846747832049,36.29643876972794,0,0,Maksim Chmerkoskiy,29,Sports,0
4,9,Laila Ali,percent,4.0,4.0,0.2531645569620253,0.2531645569620253,0.3125341387511008,0.3125341387511008,0.041947617246756,0.7466641058737834,0.041947617246756,0.7466641058737834,0.1797746144456702,30.941635659893983,0,0,Maksim Chmerkoskiy,29,Sports,0
4,10,Laila Ali,percent,3.0,3.0,0.3281854310465651,0.3281854310465651,0.3280122755722883,0.3280122755722883,0.0122729246073107,0.8357887643465273,0.0122729246073107,0.8357887643465273,0.210080571362045,22.65834682730764,0,0,Maksim Chmerkoskiy,29,Sports,0
4,1,Leeza Gibbons,percent,11.0,11.0,0.0728155339805825,0.0728155339805825,0.092892129646276,0.092892129646276,0.0029456454959948,0.3139353082715235,0.0029456454959948,0.3139353082715235,0.0793340976468185,158.8840227886685,0,0,Tony Dovolani,50,Media,0
4,2,Leeza Gibbons,percent,11.0,11.0,0.0857142857142857,0.0857142857142857,0.1008437231288077,0.1008437231288077,0.0093328968560999,0.3288341203464772,0.0093328968560999,0.3288341203464772,0.0815054141557085,150.5313938080365,0,0,Tony Dovolani,50,Media,0
4,3,Leeza Gibbons,percent,10.0,10.0,0.110091743119266,0.110091743119266,0.0973290198006467,0.0973290198006467,0.003210133713344,0.3062032158092239,0.003210133713344,0.3062032158092239,0.0772941535958877,167.38121203649374,0,0,Tony Dovolani,50,Media,0
4,4,Leeza Gibbons,percent,9.0,9.0,0.0842105263157894,0.0842105263157894,0.0215344189821523,0.0215344189821523,0.000916052098912,0.0602425419635335,0.000916052098912,0.0602425419635335,0.015134308638934,4365.910485849983,0,0,Tony Dovolani,50,Media,0
4,5,Leeza Gibbons,,,11.0,,,,,,,,,,,1,1,Tony Dovolani,50,Media,1
4,6,Leeza Gibbons,,,11.0,,,,,,,,,,,1,1,Tony Dovolani,50,Media,1
4,7,Leeza Gibbons,,,11.0,,,,,,,,,,,1,1,Tony Dovolani,50,Media,1
4,8,Leeza Gibbons,,,11.0,,,,,,,,,,,1,1,Tony Dovolani,50,Media,1
4,9,Leeza Gibbons,,,11.0,,,,,,,,,,,1,1,Tony Dovolani,50,Media,1
4,10,Leeza Gibbons,,,11.0,,,,,,,,,,,1,1,Tony Dovolani,50,Media,1
4,1,Paulina Porizkova,percent,11.0,11.0,0.0922330097087378,0.0922330097087378,0.0920679459709142,0.0920679459709142,0.0026553235129611,0.3174837162625512,0.0026553235129611,0.3174837162625512,0.0803133654973444,155.0330708773352,0,0,Alec Mazo,41,Fashion,0
4,2,Paulina Porizkova,percent,11.0,11.0,0.0857142857142857,0.0857142857142857,0.0107173973010254,0.0107173973010254,0.0003027577696317,0.0314104970275808,0.0003027577696317,0.0314104970275808,0.0079356477698849,15879.441872877444,0,0,Alec Mazo,41,Fashion,0
4,3,Paulina Porizkova,,,11.0,,,,,,,,,,,1,1,Alec Mazo,41,Fashion,1
4,4,Paulina Porizkova,,,11.0,,,,,,,,,,,1,1,Alec Mazo,41,Fashion,1
4,5,Paulina Porizkova,,,11.0,,,,,,,,,,,1,1,Alec Mazo,41,Fashion,1
4,6,Paulina Porizkova,,,11.0,,,,,,,,,,,1,1,Alec Mazo,41,Fashion,1
4,7,Paulina Porizkova,,,11.0,,,,,,,,,,,1,1,Alec Mazo,41,Fashion,1
4,8,Paulina Porizkova,,,11.0,,,,,,,,,,,1,1,Alec Mazo,41,Fashion,1
4,9,Paulina Porizkova,,,11.0,,,,,,,,,,,1,1,Alec Mazo,41,Fashion,1
4,10,Paulina Porizkova,,,11.0,,,,,,,,,,,1,1,Alec Mazo,41,Fashion,1
4,1,Shandi Finnessey,percent,11.0,11.0,0.0922330097087378,0.0922330097087378,0.0901599311233539,0.0901599311233539,0.0026691996989896,0.3040517288004937,0.0026691996989896,0.3040517288004937,0.0768832982401796,169.17492320614102,0,0,Brian Fortuna,28,Other,0
4,2,Shandi Finnessey,percent,11.0,11.0,0.0816326530612244,0.0816326530612244,0.1069906990118661,0.1069906990118661,0.0133607896736717,0.3179577378911223,0.0133607896736717,0.3179577378911223,0.0777033031166965,165.62314931243904,0,0,Brian Fortuna,28,Other,0
4,3,Shandi Finnessey,percent,10.0,10.0,0.0963302752293578,0.0963302752293578,0.0115903270094335,0.0115903270094335,0.0004419099131766,0.0350739028024968,0.0004419099131766,0.0350739028024968,0.008834692063602,12812.006985140431,0,0,Brian Fortuna,28,Other,0
4,4,Shandi Finnessey,,,11.0,,,,,,,,,,,1,1,Brian Fortuna,28,Other,1
4,5,Shandi Finnessey,,,11.0,,,,,,,,,,,1,1,Brian Fortuna,28,Other,1
4,6,Shandi Finnessey,,,11.0,,,,,,,,,,,1,1,Brian Fortuna,28,Other,1
4,7,Shandi Finnessey,,,11.0,,,,,,,,,,,1,1,Brian Fortuna,28,Other,1
4,8,Shandi Finnessey,,,11.0,,,,,,,,,,,1,1,Brian Fortuna,28,Other,1
4,9,Shandi Finnessey,,,11.0,,,,,,,,,,,1,1,Brian Fortuna,28,Other,1
4,10,Shandi Finnessey,,,11.0,,,,,,,,,,,1,1,Brian Fortuna,28,Other,1
5,1,Albert Reed,percent,12.0,12.0,0.0817120622568093,0.0817120622568093,0.0892574700263117,0.0892574700263117,0.0031398498725839,0.2925521778183153,0.0031398498725839,0.2925521778183153,0.07382967549636,183.4586024663225,0,0,Anna Trebunskaya,22,Fashion,0
5,2,Albert Reed,percent,11.0,11.0,0.088235294117647,0.088235294117647,0.0098072201187337,0.0098072201187337,0.0002948792237205,0.0306926946121471,0.0002948792237205,0.0306926946121471,0.0077545447419455,16629.813847611327,0,0,Anna Trebunskaya,22,Fashion,0
5,3,Albert Reed,,,12.0,,,,,,,,,,,1,1,Anna Trebunskaya,22,Fashion,1
5,4,Albert Reed,,,12.0,,,,,,,,,,,1,1,Anna Trebunskaya,22,Fashion,1
5,5,Albert Reed,,,12.0,,,,,,,,,,,1,1,Anna Trebunskaya,22,Fashion,1
5,6,Albert Reed,,,12.0,,,,,,,,,,,1,1,Anna Trebunskaya,22,Fashion,1
5,7,Albert Reed,,,12.0,,,,,,,,,,,1,1,Anna Trebunskaya,22,Fashion,1
5,8,Albert Reed,,,12.0,,,,,,,,,,,1,1,Anna Trebunskaya,22,Fashion,1
5,9,Albert Reed,,,12.0,,,,,,,,,,,1,1,Anna Trebunskaya,22,Fashion,1
5,10,Albert Reed,,,12.0,,,,,,,,,,,1,1,Anna Trebunskaya,22,Fashion,1
5,1,Cameron Mathison,percent,12.0,12.0,0.0817120622568093,0.0817120622568093,0.0896314203553614,0.0896314203553614,0.0030143096193323,0.3003993418027985,0.0030143096193323,0.3003993418027985,0.0758635286182311,173.75364416930523,0,0,Edyta Sliwinska,38,Entertainment,0
5,2,Cameron Mathison,percent,11.0,11.0,0.088235294117647,0.088235294117647,0.0995369193233798,0.0995369193233798,0.0078488387741951,0.3048301763816211,0.0078488387741951,0.3048301763816211,0.0757605453080168,174.22634106113352,0,0,Edyta Sliwinska,38,Entertainment,0
5,3,Cameron Mathison,percent,10.0,10.0,0.0962343096234309,0.0962343096234309,0.110768961548688,0.110768961548688,0.0056774750718913,0.3548284250140475,0.0056774750718913,0.3548284250140475,0.0890691198832031,126.05082082798832,0,0,Edyta Sliwinska,38,Entertainment,0
5,4,Cameron Mathison,percent,9.0,9.0,0.1153846153846153,0.1153846153846153,0.1243112249071915,0.1243112249071915,0.0052962423979031,0.3931996646105543,0.0052962423979031,0.3931996646105543,0.0989549546460844,102.12331686680712,0,0,Edyta Sliwinska,38,Entertainment,0
5,5,Cameron Mathison,percent,8.0,8.0,0.1306532663316583,0.1306532663316583,0.1393233307779156,0.1393233307779156,0.0060050107610462,0.431814307299257,0.0060050107610462,0.431814307299257,0.1086248205454619,84.75041939882894,0,0,Edyta Sliwinska,38,Entertainment,0
5,6,Cameron Mathison,percent,7.0,7.0,0.1388888888888889,0.1388888888888889,0.1649000389735249,0.1649000389735249,0.0172328485439757,0.482845698567405,0.0172328485439757,0.482845698567405,0.1187787882712829,70.87975684688003,0,0,Edyta Sliwinska,38,Entertainment,0
5,7,Cameron Mathison,percent,6.0,6.0,0.1634615384615384,0.1634615384615384,0.1978740758030976,0.1978740758030976,0.0196090268872132,0.5485812715046521,0.0196090268872132,0.5485812715046521,0.1349418991371017,54.91694428070931,0,0,Edyta Sliwinska,38,Entertainment,0
5,8,Cameron Mathison,percent,5.0,5.0,0.1939163498098859,0.1939163498098859,0.0417723005571724,0.0417723005571724,0.0017723483544697,0.1235473533898612,0.0017723483544697,0.1235473533898612,0.0310650523049468,1036.2291892358464,0,0,Edyta Sliwinska,38,Entertainment,0
5,9,Cameron Mathison,,,12.0,,,,,,,,,,,1,1,Edyta Sliwinska,38,Entertainment,1
5,10,Cameron Mathison,,,12.0,,,,,,,,,,,1,1,Edyta Sliwinska,38,Entertainment,1
5,1,Floyd Mayweather Jr. ,percent,12.0,12.0,0.0700389105058365,0.0700389105058365,0.096152850218105,0.096152850218105,0.0062565735178522,0.3278978365801938,0.0062565735178522,0.3278978365801938,0.0820513426179442,148.534936965951,0,0,Karina Smirnoff,30,Sports,0
5,2,Floyd Mayweather Jr. ,percent,11.0,11.0,0.088235294117647,0.088235294117647,0.0986563347389903,0.0986563347389903,0.008545172275005,0.2957301839670324,0.008545172275005,0.2957301839670324,0.0732614825744967,186.31533158211417,0,0,Karina Smirnoff,30,Sports,0
5,3,Floyd Mayweather Jr. ,percent,10.0,10.0,0.0878661087866108,0.0878661087866108,0.1126673320022093,0.1126673320022093,0.0065008148394539,0.3408555910252688,0.0065008148394539,0.3408555910252688,0.0852945857616874,137.45390146165073,0,0,Karina Smirnoff,30,Sports,0
5,4,Floyd Mayweather Jr. ,percent,9.0,9.0,0.0982905982905982,0.0982905982905982,0.0160879353642994,0.0160879353642994,0.0006869208699247,0.0462489194023521,0.0006869208699247,0.0462489194023521,0.0116229588092927,7402.298643417591,0,0,Karina Smirnoff,30,Sports,0
5,5,Floyd Mayweather Jr. ,,,12.0,,,,,,,,,,,1,1,Karina Smirnoff,30,Sports,1
5,6,Floyd Mayweather Jr. ,,,12.0,,,,,,,,,,,1,1,Karina Smirnoff,30,Sports,1
5,7,Floyd Mayweather Jr. ,,,12.0,,,,,,,,,,,1,1,Karina Smirnoff,30,Sports,1
5,8,Floyd Mayweather Jr. ,,,12.0,,,,,,,,,,,1,1,Karina Smirnoff,30,Sports,1
5,9,Floyd Mayweather Jr. ,,,12.0,,,,,,,,,,,1,1,Karina Smirnoff,30,Sports,1
5,10,Floyd Mayweather Jr. ,,,12.0,,,,,,,,,,,1,1,Karina Smirnoff,30,Sports,1
5,1,Helio Castroneves,percent,12.0,12.0,0.0972762645914396,0.0972762645914396,0.0871392458395818,0.0871392458395818,0.0025332688409759,0.2996929211144422,0.0025332688409759,0.2996929211144422,0.0758060337432312,174.01731005396988,0,0,Julianne Hough,32,Other,0
5,2,Helio Castroneves,percent,11.0,11.0,0.1134453781512605,0.1134453781512605,0.0862250916844353,0.0862250916844353,0.0028589362029357,0.3048284498949649,0.0028589362029357,0.3048284498949649,0.0770330392071503,168.51785980603967,0,0,Julianne Hough,32,Other,0
5,3,Helio Castroneves,percent,10.0,10.0,0.100418410041841,0.100418410041841,0.1034287056780736,0.1034287056780736,0.0035163567099809,0.3520523463419079,0.0035163567099809,0.3520523463419079,0.0889122422530426,126.49602384521232,0,0,Julianne Hough,32,Other,0
5,4,Helio Castroneves,percent,9.0,9.0,0.1153846153846153,0.1153846153846153,0.1196677375526556,0.1196677375526556,0.004290490600077,0.3829793744964283,0.004290490600077,0.3829793744964283,0.0966043071164161,107.15366259347404,0,0,Julianne Hough,32,Other,0
5,5,Helio Castroneves,percent,8.0,8.0,0.1155778894472361,0.1155778894472361,0.1459323624460487,0.1459323624460487,0.0114127465629644,0.4323144546423306,0.0114127465629644,0.4323144546423306,0.107372884714124,86.73827036145279,0,0,Julianne Hough,32,Other,0
5,6,Helio Castroneves,percent,7.0,7.0,0.1555555555555555,0.1555555555555555,0.1530131737670588,0.1530131737670588,0.0089288411870069,0.4864814610810189,0.0089288411870069,0.4864814610810189,0.1218246479321459,67.3797926336577,0,0,Julianne Hough,32,Other,0
5,7,Helio Castroneves,percent,6.0,6.0,0.1666666666666666,0.1666666666666666,0.1991443003374652,0.1991443003374652,0.0167192470429397,0.5428886363261014,0.0167192470429397,0.5428886363261014,0.1342268850212147,55.50357749592765,0,0,Julianne Hough,32,Other,0
5,8,Helio Castroneves,percent,5.0,5.0,0.2167300380228136,0.2167300380228136,0.2271113507984416,0.2271113507984416,0.0150606109827035,0.6138119972632824,0.0150606109827035,0.6138119972632824,0.1527427005817803,42.86265515193429,0,0,Julianne Hough,32,Other,0
5,9,Helio Castroneves,percent,4.0,4.0,0.2564102564102564,0.2564102564102564,0.2987666054005824,0.2987666054005824,0.0389867550263577,0.7255264579750076,0.0389867550263577,0.7255264579750076,0.1751376793236351,32.60174292063357,0,0,Julianne Hough,32,Other,0
5,10,Helio Castroneves,percent,3.0,3.0,0.352940954028016,0.352940954028016,0.3342775521656381,0.3342775521656381,0.0116959743195819,0.8377942759138156,0.0116959743195819,0.8377942759138156,0.2107393626515902,22.51690396122841,0,0,Julianne Hough,32,Other,0
5,1,Jane Seymour,percent,12.0,12.0,0.0933852140077821,0.0933852140077821,0.0871895695759975,0.0871895695759975,0.0026593380970803,0.2963233337304068,0.0026593380970803,0.2963233337304068,0.0749142846003384,178.1848299448516,0,0,Tony Dovolani,56,Entertainment,0
5,2,Jane Seymour,percent,11.0,11.0,0.088235294117647,0.088235294117647,0.0932473386134374,0.0932473386134374,0.0096944639932777,0.2907727750548509,0.0096944639932777,0.2907727750548509,0.0717036507810135,194.499040609983,0,0,Tony Dovolani,56,Entertainment,0
5,3,Jane Seymour,percent,10.0,10.0,0.1129707112970711,0.1129707112970711,0.107362073444935,0.107362073444935,0.0032547272133155,0.3482058548725067,0.0032547272133155,0.3482058548725067,0.0879977366477528,129.13887420046592,0,0,Tony Dovolani,56,Entertainment,0
5,4,Jane Seymour,percent,9.0,9.0,0.1111111111111111,0.1111111111111111,0.1187774007148648,0.1187774007148648,0.006957076328423,0.375869221201316,0.006957076328423,0.375869221201316,0.0941102410390033,112.90839358914336,0,0,Tony Dovolani,56,Entertainment,0
5,5,Jane Seymour,percent,8.0,8.0,0.1306532663316583,0.1306532663316583,0.1374525915389425,0.1374525915389425,0.0055807927916166,0.4520720217513707,0.0055807927916166,0.4520720217513707,0.1139008237142229,77.08081009577617,0,0,Tony Dovolani,56,Entertainment,0
5,6,Jane Seymour,percent,7.0,7.0,0.1222222222222222,0.1222222222222222,0.1787372541155927,0.1787372541155927,0.0346721917691624,0.4794915166491825,0.0346721917691624,0.4794915166491825,0.1134743175714337,77.66133303245962,0,0,Tony Dovolani,56,Entertainment,0
5,7,Jane Seymour,percent,6.0,6.0,0.1602564102564102,0.1602564102564102,0.0289947751723815,0.0289947751723815,0.0011466721286479,0.0895593713092343,0.0011466721286479,0.0895593713092343,0.0225542599950475,1965.815862116693,0,0,Tony Dovolani,56,Entertainment,0
5,8,Jane Seymour,,,12.0,,,,,,,,,,,1,1,Tony Dovolani,56,Entertainment,1
5,9,Jane Seymour,,,12.0,,,,,,,,,,,1,1,Tony Dovolani,56,Entertainment,1
5,10,Jane Seymour,,,12.0,,,,,,,,,,,1,1,Tony Dovolani,56,Entertainment,1
5,1,Jennie Garth,percent,12.0,12.0,0.0817120622568093,0.0817120622568093,0.0883133645955913,0.0883133645955913,0.0028895834716379,0.295383670230174,0.0028895834716379,0.295383670230174,0.0746158384588102,179.61307700587403,0,0,Derek Hough,35,Entertainment,0
5,2,Jennie Garth,percent,11.0,11.0,0.088235294117647,0.088235294117647,0.1025007446799879,0.1025007446799879,0.0098639902373636,0.3206070977990801,0.0098639902373636,0.3206070977990801,0.0792712009086011,159.13625187559015,0,0,Derek Hough,35,Entertainment,0
5,3,Jennie Garth,percent,10.0,10.0,0.1087866108786611,0.1087866108786611,0.1090714614603106,0.1090714614603106,0.0032412921639645,0.3501629122852494,0.0032412921639645,0.3501629122852494,0.0885004132962461,127.67603945702264,0,0,Derek Hough,35,Entertainment,0
5,4,Jennie Garth,percent,9.0,9.0,0.1153846153846153,0.1153846153846153,0.121144872703601,0.121144872703601,0.0043945021679247,0.388921380202299,0.0043945021679247,0.388921380202299,0.0980935913352995,103.92468819472435,0,0,Derek Hough,35,Entertainment,0
5,5,Jennie Garth,percent,8.0,8.0,0.1256281407035175,0.1256281407035175,0.1386646058348404,0.1386646058348404,0.0065879856702366,0.428213700710332,0.0065879856702366,0.428213700710332,0.1075575803673712,86.4406357979187,0,0,Derek Hough,35,Entertainment,0
5,6,Jennie Garth,percent,7.0,7.0,0.15,0.15,0.1600726668235499,0.1600726668235499,0.0105057420288742,0.4738566635577935,0.0105057420288742,0.4738566635577935,0.1182017656961528,71.5734698032523,0,0,Derek Hough,35,Entertainment,0
5,7,Jennie Garth,percent,6.0,6.0,0.1698717948717948,0.1698717948717948,0.1936357601818375,0.1936357601818375,0.0164843143783361,0.5425175591724928,0.0164843143783361,0.5425175591724928,0.1341921542842236,55.53231136069271,0,0,Derek Hough,35,Entertainment,0
5,8,Jennie Garth,percent,5.0,5.0,0.1901140684410646,0.1901140684410646,0.2500585802416282,0.2500585802416282,0.0351556565363087,0.6357802810814669,0.0351556565363087,0.6357802810814669,0.1532205674860097,42.59571052627703,0,0,Derek Hough,35,Entertainment,0
5,9,Jennie Garth,percent,4.0,4.0,0.2478632478632478,0.2478632478632478,0.0617457685185348,0.0617457685185348,0.0024399328667464,0.1767105953672608,0.0024399328667464,0.1767105953672608,0.0444568016582944,505.96860458505313,0,0,Derek Hough,35,Entertainment,0
5,10,Jennie Garth,,,12.0,,,,,,,,,,,1,1,Derek Hough,35,Entertainment,1
5,1,Josie Maran,percent,12.0,12.0,0.0622568093385214,0.0622568093385214,0.0143553961495176,0.0143553961495176,0.0006317937439822,0.0381586089415394,0.0006317937439822,0.0381586089415394,0.0095731671422339,10911.607030465591,0,0,Alec Mazo,29,Fashion,0
5,2,Josie Maran,,,12.0,,,,,,,,,,,1,1,Alec Mazo,29,Fashion,1
5,3,Josie Maran,,,12.0,,,,,,,,,,,1,1,Alec Mazo,29,Fashion,1
5,4,Josie Maran,,,12.0,,,,,,,,,,,1,1,Alec Mazo,29,Fashion,1
5,5,Josie Maran,,,12.0,,,,,,,,,,,1,1,Alec Mazo,29,Fashion,1
5,6,Josie Maran,,,12.0,,,,,,,,,,,1,1,Alec Mazo,29,Fashion,1
5,7,Josie Maran,,,12.0,,,,,,,,,,,1,1,Alec Mazo,29,Fashion,1
5,8,Josie Maran,,,12.0,,,,,,,,,,,1,1,Alec Mazo,29,Fashion,1
5,9,Josie Maran,,,12.0,,,,,,,,,,,1,1,Alec Mazo,29,Fashion,1
5,10,Josie Maran,,,12.0,,,,,,,,,,,1,1,Alec Mazo,29,Fashion,1
5,1,Marie Osmond,percent,12.0,12.0,0.0817120622568093,0.0817120622568093,0.0891802722539328,0.0891802722539328,0.0032128009949259,0.2961978887804796,0.0032128009949259,0.2961978887804796,0.0747410938228453,179.01156988571438,0,0,Jonathan Roberts,47,Music,0
5,2,Marie Osmond,percent,11.0,11.0,0.1008403361344537,0.1008403361344537,0.091315267673567,0.091315267673567,0.0036742372892537,0.305750174024131,0.0036742372892537,0.305750174024131,0.0770601879425707,168.39914115236576,0,0,Jonathan Roberts,47,Music,0
5,3,Marie Osmond,percent,10.0,10.0,0.1087866108786611,0.1087866108786611,0.1074406576005623,0.1074406576005623,0.0041421003384893,0.366248570446233,0.0041421003384893,0.366248570446233,0.0923740995172815,117.1924313069633,0,0,Jonathan Roberts,47,Music,0
5,4,Marie Osmond,percent,9.0,9.0,0.1111111111111111,0.1111111111111111,0.1225495629092869,0.1225495629092869,0.0051212763645165,0.377328389847053,0.0051212763645165,0.377328389847053,0.0949507942557491,110.91819565587151,0,0,Jonathan Roberts,47,Music,0
5,5,Marie Osmond,percent,8.0,8.0,0.1055276381909547,0.1055276381909547,0.1481008786404932,0.1481008786404932,0.0173347058589197,0.436786842694817,0.0173347058589197,0.436786842694817,0.1070030961316064,87.33881831539296,0,0,Jonathan Roberts,47,Music,0
5,6,Marie Osmond,percent,7.0,7.0,0.1277777777777777,0.1277777777777777,0.1725042956898839,0.1725042956898839,0.0287767129756753,0.467674414544581,0.0287767129756753,0.467674414544581,0.1119636993798228,79.77108901814732,0,0,Jonathan Roberts,47,Music,0
5,7,Marie Osmond,percent,6.0,6.0,0.1666666666666666,0.1666666666666666,0.1917848607016272,0.1917848607016272,0.0160808192353692,0.5539017149082123,0.0160808192353692,0.5539017149082123,0.1371992080798069,53.12473672354248,0,0,Jonathan Roberts,47,Music,0
5,8,Marie Osmond,percent,5.0,5.0,0.1863117870722433,0.1863117870722433,0.2473519865483068,0.2473519865483068,0.0380607050735539,0.6408447452014341,0.0380607050735539,0.6408447452014341,0.1537714388081327,42.291067148463256,0,0,Jonathan Roberts,47,Music,0
5,9,Marie Osmond,percent,4.0,4.0,0.2393162393162393,0.2393162393162393,0.3270104594187362,0.3270104594187362,0.0550664412451942,0.7679727595318823,0.0550664412451942,0.7679727595318823,0.1818638567057877,30.23480740622889,0,0,Jonathan Roberts,47,Music,0
5,10,Marie Osmond,percent,3.0,3.0,0.2899168190830813,0.2899168190830813,0.331918438063395,0.331918438063395,0.0131876662707322,0.8443187840565167,0.0131876662707322,0.8443187840565167,0.2120232443331083,22.245032705102904,0,0,Jonathan Roberts,47,Music,0
5,1,Mark Cuban,percent,12.0,12.0,0.0817120622568093,0.0817120622568093,0.0901141710777242,0.0901141710777242,0.0034604622615743,0.2995711916633008,0.0034604622615743,0.2995711916633008,0.0755384513779914,175.25234823923992,0,0,Kym Johnson,49,Media,0
5,2,Mark Cuban,percent,11.0,11.0,0.0756302521008403,0.0756302521008403,0.1110567429178704,0.1110567429178704,0.0222843593325007,0.3146909236901805,0.0222843593325007,0.3146909236901805,0.0745935113157346,179.7206157707434,0,0,Kym Johnson,49,Media,0
5,3,Mark Cuban,percent,10.0,10.0,0.0836820083682008,0.0836820083682008,0.1179836638946549,0.1179836638946549,0.0082129524909349,0.3537249519750567,0.0082129524909349,0.3537249519750567,0.088140816194929,128.7199505866888,0,0,Kym Johnson,49,Media,0
5,4,Mark Cuban,percent,9.0,9.0,0.094017094017094,0.094017094017094,0.1349167917144705,0.1349167917144705,0.0171656035569559,0.410295719056604,0.0171656035569559,0.410295719056604,0.1002882947703183,99.42589432550334,0,0,Kym Johnson,49,Media,0
5,5,Mark Cuban,percent,8.0,8.0,0.1055276381909547,0.1055276381909547,0.0227786560102765,0.0227786560102765,0.0007486030410829,0.0665390726151299,0.0007486030410829,0.0665390726151299,0.0167832830546038,3550.145574348081,0,0,Kym Johnson,49,Media,0
5,6,Mark Cuban,,,12.0,,,,,,,,,,,1,1,Kym Johnson,49,Media,1
5,7,Mark Cuban,,,12.0,,,,,,,,,,,1,1,Kym Johnson,49,Media,1
5,8,Mark Cuban,,,12.0,,,,,,,,,,,1,1,Kym Johnson,49,Media,1
5,9,Mark Cuban,,,12.0,,,,,,,,,,,1,1,Kym Johnson,49,Media,1
5,10,Mark Cuban,,,12.0,,,,,,,,,,,1,1,Kym Johnson,49,Media,1
5,1,Mel B,percent,12.0,12.0,0.0933852140077821,0.0933852140077821,0.0875075306012982,0.0875075306012982,0.0022834692550873,0.2880803019198139,0.0022834692550873,0.2880803019198139,0.0729073552716139,188.12967757833528,0,0,Maksim Chmerkoskiy,32,Music,0
5,2,Mel B,percent,11.0,11.0,0.0966386554621848,0.0966386554621848,0.0935838958892304,0.0935838958892304,0.0042612414601225,0.3201574468217865,0.0042612414601225,0.3201574468217865,0.0805857666738938,153.9867368567941,0,0,Maksim Chmerkoskiy,32,Music,0
5,3,Mel B,percent,10.0,10.0,0.1129707112970711,0.1129707112970711,0.1062002707402421,0.1062002707402421,0.0032637696599273,0.357684018314612,0.0032637696599273,0.357684018314612,0.0904133287384399,122.3305933328064,0,0,Maksim Chmerkoskiy,32,Music,0
5,4,Mel B,percent,9.0,9.0,0.1111111111111111,0.1111111111111111,0.1243143434110022,0.1243143434110022,0.0077769493912095,0.3882661741479171,0.0077769493912095,0.3882661741479171,0.097063577744058,106.14203489862892,0,0,Maksim Chmerkoskiy,32,Music,0
5,5,Mel B,percent,8.0,8.0,0.1457286432160804,0.1457286432160804,0.1349258186320036,0.1349258186320036,0.0041923369570709,0.4336051488049135,0.0041923369570709,0.4336051488049135,0.1095440846550619,83.33398276259324,0,0,Maksim Chmerkoskiy,32,Music,0
5,6,Mel B,percent,7.0,7.0,0.1666666666666666,0.1666666666666666,0.147935427342718,0.147935427342718,0.0071460707893479,0.4498310739843612,0.0071460707893479,0.4498310739843612,0.1129298477538299,78.4119970140323,0,0,Maksim Chmerkoskiy,32,Music,0
5,7,Mel B,percent,6.0,6.0,0.173076923076923,0.173076923076923,0.188566227803591,0.188566227803591,0.0143939898310439,0.5249124930581943,0.0143939898310439,0.5249124930581943,0.1302343120477424,58.95887111467195,0,0,Maksim Chmerkoskiy,32,Music,0
5,8,Mel B,percent,5.0,5.0,0.2129277566539923,0.2129277566539923,0.2337057818544499,0.2337057818544499,0.021707996960068,0.6184733455648066,0.021707996960068,0.6184733455648066,0.1522360583175353,43.148424087673895,0,0,Maksim Chmerkoskiy,32,Music,0
5,9,Mel B,percent,4.0,4.0,0.2564102564102564,0.2564102564102564,0.3124771666621462,0.3124771666621462,0.0400276609328199,0.7471843451682446,0.0400276609328199,0.7471843451682446,0.1803971133253634,30.728462612429205,0,0,Maksim Chmerkoskiy,32,Music,0
5,10,Mel B,percent,3.0,3.0,0.3571422268889026,0.3571422268889026,0.3338040097709654,0.3338040097709654,0.0126404159971194,0.8418675400447586,0.0126404159971194,0.8418675400447586,0.2115375316448059,22.347303908864426,0,0,Maksim Chmerkoskiy,32,Music,0
5,1,Sabrina Bryan,percent,12.0,12.0,0.1011673151750972,0.1011673151750972,0.0895367442772449,0.0895367442772449,0.0025875145435234,0.2978967181415258,0.0025875145435234,0.2978967181415258,0.0753339805096944,176.20497624976306,0,0,Mark Ballas,23,Entertainment,0
5,2,Sabrina Bryan,percent,11.0,11.0,0.1092436974789916,0.1092436974789916,0.0922562530665885,0.0922562530665885,0.0033137852644578,0.3019402465966175,0.0033137852644578,0.3019402465966175,0.0761802197275917,172.3120138115227,0,0,Mark Ballas,23,Entertainment,0
5,3,Sabrina Bryan,percent,10.0,10.0,0.1129707112970711,0.1129707112970711,0.1057490541612705,0.1057490541612705,0.003607660186716,0.3515315870106108,0.003607660186716,0.3515315870106108,0.0887561037816058,126.94147531752384,0,0,Mark Ballas,23,Entertainment,0
5,4,Sabrina Bryan,percent,9.0,9.0,0.1282051282051282,0.1282051282051282,0.1182301307226278,0.1182301307226278,0.0037393765644701,0.3883167507021971,0.0037393765644701,0.3883167507021971,0.0981064729943181,103.8973987719769,0,0,Mark Ballas,23,Entertainment,0
5,5,Sabrina Bryan,percent,8.0,8.0,0.1407035175879397,0.1407035175879397,0.1328217561194791,0.1328217561194791,0.0042445838727891,0.414823395110076,0.0042445838727891,0.414823395110076,0.1047394926625732,91.15470042759718,0,0,Mark Ballas,23,Entertainment,0
5,6,Sabrina Bryan,percent,7.0,7.0,0.1388888888888889,0.1388888888888889,0.0228371432876716,0.0228371432876716,0.0007256621645701,0.0663990832400995,0.0007256621645701,0.0663990832400995,0.0167534237437575,3562.8115663438857,0,0,Mark Ballas,23,Entertainment,0
5,7,Sabrina Bryan,,,12.0,,,,,,,,,,,1,1,Mark Ballas,23,Entertainment,1
5,8,Sabrina Bryan,,,12.0,,,,,,,,,,,1,1,Mark Ballas,23,Entertainment,1
5,9,Sabrina Bryan,,,12.0,,,,,,,,,,,1,1,Mark Ballas,23,Entertainment,1
5,10,Sabrina Bryan,,,12.0,,,,,,,,,,,1,1,Mark Ballas,23,Entertainment,1
5,1,Wayne Newton,percent,12.0,12.0,0.0739299610894941,0.0739299610894941,0.0916219650293333,0.0916219650293333,0.004713945001984,0.282333531566113,0.004713945001984,0.282333531566113,0.0708213231030941,199.3755634680847,0,0,Cheryl Burke,65,Music,0
5,2,Wayne Newton,percent,11.0,11.0,0.0630252100840336,0.0630252100840336,0.1218141912937785,0.1218141912937785,0.0356233420406094,0.3183327218382867,0.0356233420406094,0.3183327218382867,0.0721197397443054,192.26122200179427,0,0,Cheryl Burke,65,Music,0
5,3,Wayne Newton,percent,10.0,10.0,0.0753138075313807,0.0753138075313807,0.0193278194690543,0.0193278194690543,0.0008633547340037,0.0515766783707692,0.0008633547340037,0.0515766783707692,0.0129370723563177,5974.863469071299,0,0,Cheryl Burke,65,Music,0
5,4,Wayne Newton,,,12.0,,,,,,,,,,,1,1,Cheryl Burke,65,Music,1
5,5,Wayne Newton,,,12.0,,,,,,,,,,,1,1,Cheryl Burke,65,Music,1
5,6,Wayne Newton,,,12.0,,,,,,,,,,,1,1,Cheryl Burke,65,Music,1
5,7,Wayne Newton,,,12.0,,,,,,,,,,,1,1,Cheryl Burke,65,Music,1
5,8,Wayne Newton,,,12.0,,,,,,,,,,,1,1,Cheryl Burke,65,Music,1
5,9,Wayne Newton,,,12.0,,,,,,,,,,,1,1,Cheryl Burke,65,Music,1
5,10,Wayne Newton,,,12.0,,,,,,,,,,,1,1,Cheryl Burke,65,Music,1
6,1,Adam Carolla,percent,12.0,12.0,0.0617283950617283,0.0617283950617283,0.0848256930250265,0.0848256930250265,0.0023150982049876,0.29217065817057,0.0023150982049876,0.29217065817057,0.0739427448891791,182.89796077417748,0,0,Julianne Hough,43,Other,0
6,2,Adam Carolla,percent,12.0,12.0,0.0739299610894941,0.0739299610894941,0.10620114158118,0.10620114158118,0.0084670912986353,0.3081422925712285,0.0084670912986353,0.3081422925712285,0.0764477554266819,171.1080817935206,0,0,Julianne Hough,43,Other,0
6,3,Adam Carolla,percent,10.0,10.0,0.0921052631578947,0.0921052631578947,0.1133552381592791,0.1133552381592791,0.0105505367588415,0.3350803809338875,0.0105505367588415,0.3350803809338875,0.0827882255548586,145.90253966901716,0,0,Julianne Hough,43,Other,0
6,4,Adam Carolla,percent,9.0,9.0,0.0844444444444444,0.0844444444444444,0.0217491839752531,0.0217491839752531,0.0008925559363572,0.0591291050066653,0.0008925559363572,0.0591291050066653,0.0148562625179357,4530.862367696295,0,0,Julianne Hough,43,Other,0
6,5,Adam Carolla,,,12.0,,,,,,,,,,,1,1,Julianne Hough,43,Other,1
6,6,Adam Carolla,,,12.0,,,,,,,,,,,1,1,Julianne Hough,43,Other,1
6,7,Adam Carolla,,,12.0,,,,,,,,,,,1,1,Julianne Hough,43,Other,1
6,8,Adam Carolla,,,12.0,,,,,,,,,,,1,1,Julianne Hough,43,Other,1
6,9,Adam Carolla,,,12.0,,,,,,,,,,,1,1,Julianne Hough,43,Other,1
6,10,Adam Carolla,,,12.0,,,,,,,,,,,1,1,Julianne Hough,43,Other,1
6,1,Cristian de la Fuente,percent,12.0,12.0,0.0864197530864197,0.0864197530864197,0.0826674534457607,0.0826674534457607,0.0019982148621114,0.278125409080133,0.0019982148621114,0.278125409080133,0.0704406107699034,201.53652877882587,0,0,Cheryl Burke,34,Entertainment,0
6,2,Cristian de la Fuente,percent,12.0,12.0,0.0778210116731517,0.0778210116731517,0.097788267882044,0.097788267882044,0.0070079458709631,0.2978157749758126,0.0070079458709631,0.2978157749758126,0.0741856706900126,181.7020994257413,0,0,Cheryl Burke,34,Entertainment,0
6,3,Cristian de la Fuente,percent,10.0,10.0,0.1096491228070175,0.1096491228070175,0.1056470692318368,0.1056470692318368,0.0043017527081998,0.340193048780133,0.0043017527081998,0.340193048780133,0.0856865551203911,136.19922418088194,0,0,Cheryl Burke,34,Entertainment,0
6,4,Cristian de la Fuente,percent,9.0,9.0,0.1155555555555555,0.1155555555555555,0.1201042071707848,0.1201042071707848,0.0053970174335014,0.3811534831337168,0.0053970174335014,0.3811534831337168,0.0958562412500549,108.8326513472648,0,0,Cheryl Burke,34,Entertainment,0
6,5,Cristian de la Fuente,percent,8.0,8.0,0.1173469387755102,0.1173469387755102,0.1482808223364395,0.1482808223364395,0.0111676299026843,0.4246693099558267,0.0111676299026843,0.4246693099558267,0.1054851224625363,89.87058676089602,0,0,Cheryl Burke,34,Entertainment,0
6,6,Cristian de la Fuente,percent,7.0,7.0,0.15,0.15,0.1594266288166026,0.1594266288166026,0.0069980536146968,0.498063547192312,0.0069980536146968,0.498063547192312,0.1252718095861263,63.72257220181439,0,0,Cheryl Burke,34,Entertainment,0
6,7,Cristian de la Fuente,percent,6.0,6.0,0.1488673139158576,0.1488673139158576,0.2093598073158521,0.2093598073158521,0.0390581823184777,0.5411113070227376,0.0390581823184777,0.5411113070227376,0.1280747767102703,60.96390606382237,0,0,Cheryl Burke,34,Entertainment,0
6,8,Cristian de la Fuente,percent,5.0,5.0,0.2134831460674157,0.2134831460674157,0.2337632564862316,0.2337632564862316,0.0196973740978543,0.6507172519428912,0.0196973740978543,0.6507172519428912,0.1609744586339379,38.5910018737051,0,0,Cheryl Burke,34,Entertainment,0
6,9,Cristian de la Fuente,percent,4.0,4.0,0.2545454545454545,0.2545454545454545,0.3131693965509744,0.3131693965509744,0.0383860601347847,0.7384371286143976,0.0383860601347847,0.7384371286143976,0.1785844562447992,31.35542476491198,0,0,Cheryl Burke,34,Entertainment,0
6,10,Cristian de la Fuente,percent,3.0,3.0,0.3076923076923077,0.3076923076923077,0.3350501671311675,0.3350501671311675,0.0119011085435102,0.8470535396444053,0.0119011085435102,0.8470535396444053,0.2130490895665548,22.031325892119163,0,0,Cheryl Burke,34,Entertainment,0
6,1,Jason Taylor,percent,12.0,12.0,0.0905349794238683,0.0905349794238683,0.0832854918538214,0.0832854918538214,0.0022440424914103,0.279367201549738,0.0022440424914103,0.279367201549738,0.0706946834332468,200.09051031297585,0,0,Edyta Sliwinska,33,Sports,0
6,2,Jason Taylor,percent,12.0,12.0,0.1050583657587548,0.1050583657587548,0.0877664373299004,0.0877664373299004,0.0027589615744401,0.2925852580852053,0.0027589615744401,0.2925852580852053,0.0739352797221339,182.93489666633093,0,0,Edyta Sliwinska,33,Sports,0
6,3,Jason Taylor,percent,10.0,10.0,0.1008771929824561,0.1008771929824561,0.1042107141852092,0.1042107141852092,0.005761910637643,0.328635581305458,0.005761910637643,0.328635581305458,0.0823657323132181,147.40318643100974,0,0,Edyta Sliwinska,33,Sports,0
6,4,Jason Taylor,percent,9.0,9.0,0.1288888888888889,0.1288888888888889,0.1208325672440898,0.1208325672440898,0.0035935778859543,0.4063078581340701,0.0035935778859543,0.4063078581340701,0.1027332347571724,94.7497502995448,0,0,Edyta Sliwinska,33,Sports,0
6,5,Jason Taylor,percent,8.0,8.0,0.1377551020408163,0.1377551020408163,0.1329877868021202,0.1329877868021202,0.0050125430212745,0.4179483900843077,0.0050125430212745,0.4179483900843077,0.1053407773119982,90.11704917612488,0,0,Edyta Sliwinska,33,Sports,0
6,6,Jason Taylor,percent,7.0,7.0,0.1333333333333333,0.1333333333333333,0.1676230018653518,0.1676230018653518,0.0091287350135586,0.4898733286314213,0.0091287350135586,0.4898733286314213,0.1226389269433323,66.48800717780081,0,0,Edyta Sliwinska,33,Sports,0
6,7,Jason Taylor,percent,6.0,6.0,0.1779935275080906,0.1779935275080906,0.1849038669955614,0.1849038669955614,0.014226696327704,0.5213248286182735,0.014226696327704,0.5213248286182735,0.1293617684414718,59.75690722473268,0,0,Edyta Sliwinska,33,Sports,0
6,8,Jason Taylor,percent,5.0,5.0,0.1947565543071161,0.1947565543071161,0.24663335412862,0.24663335412862,0.0382853198965452,0.6355433930967337,0.0382853198965452,0.6355433930967337,0.152361753367395,43.07726047809229,0,0,Edyta Sliwinska,33,Sports,0
6,9,Jason Taylor,percent,4.0,4.0,0.25,0.25,0.3153864314749329,0.3153864314749329,0.0369346637178633,0.7513980517885561,0.0369346637178633,0.7513980517885561,0.1822610683853808,30.103166215672054,0,0,Edyta Sliwinska,33,Sports,0
6,10,Jason Taylor,percent,3.0,3.0,0.3372781065088757,0.3372781065088757,0.3336858441001626,0.3336858441001626,0.0115625975653636,0.8465086848502225,0.0115625975653636,0.8465086848502225,0.2129964508379742,22.042216630253908,0,0,Edyta Sliwinska,33,Sports,0
6,1,Kristi Yamaguchi,percent,12.0,12.0,0.1111111111111111,0.1111111111111111,0.0834404598987634,0.0834404598987634,0.002277367565663,0.2838503881115317,0.002277367565663,0.2838503881115317,0.0718298521800685,193.81619114799693,0,0,Mark Ballas,36,Sports,0
6,2,Kristi Yamaguchi,percent,12.0,12.0,0.1050583657587548,0.1050583657587548,0.0878488917934466,0.0878488917934466,0.0026481487621852,0.3063679006240558,0.0026481487621852,0.3063679006240558,0.0774795285361914,166.58122875943198,0,0,Mark Ballas,36,Sports,0
6,3,Kristi Yamaguchi,percent,10.0,10.0,0.1184210526315789,0.1184210526315789,0.1017394250753696,0.1017394250753696,0.0027885203176902,0.3390794537604657,0.0027885203176902,0.3390794537604657,0.0857885034292794,135.87570693530367,0,0,Mark Ballas,36,Sports,0
6,4,Kristi Yamaguchi,percent,9.0,9.0,0.1288888888888889,0.1288888888888889,0.1177412432426692,0.1177412432426692,0.0035717508512609,0.3890385113535082,0.0035717508512609,0.3890385113535082,0.0983333572709814,103.41850753455702,0,0,Mark Ballas,36,Sports,0
6,5,Kristi Yamaguchi,percent,8.0,8.0,0.1479591836734693,0.1479591836734693,0.1302258341655885,0.1302258341655885,0.0037248226699186,0.4194782385518654,0.0037248226699186,0.4194782385518654,0.1060595448678435,88.89973815308085,0,0,Mark Ballas,36,Sports,0
6,6,Kristi Yamaguchi,percent,7.0,7.0,0.1666666666666666,0.1666666666666666,0.158025247146536,0.158025247146536,0.0063822932879594,0.4955966893543571,0.0063822932879594,0.4955966893543571,0.1247995908332647,64.20571357707375,0,0,Mark Ballas,36,Sports,0
6,7,Kristi Yamaguchi,percent,6.0,6.0,0.174757281553398,0.174757281553398,0.1908279611734753,0.1908279611734753,0.0159541762334729,0.5511660364777092,0.0159541762334729,0.5511660364777092,0.1365336378174072,53.64394103402464,0,0,Mark Ballas,36,Sports,0
6,8,Kristi Yamaguchi,percent,5.0,5.0,0.2059925093632958,0.2059925093632958,0.230960611876483,0.230960611876483,0.0270277605365842,0.6050483280639788,0.0270277605365842,0.6050483280639788,0.1474542264100496,45.99234463105673,0,0,Mark Ballas,36,Sports,0
6,9,Kristi Yamaguchi,percent,4.0,4.0,0.2590909090909091,0.2590909090909091,0.3050172475900981,0.3050172475900981,0.027677084941916,0.7403578940707578,0.027677084941916,0.7403578940707578,0.1818063288593984,30.253944457747316,0,0,Mark Ballas,36,Sports,0
6,10,Kristi Yamaguchi,percent,3.0,3.0,0.3550295857988165,0.3550295857988165,0.3312639887686706,0.3312639887686706,0.0123109845685702,0.8490572740449333,0.0123109845685702,0.8490572740449333,0.2134556860909089,21.947474024750647,0,0,Mark Ballas,36,Sports,0
6,1,Mario,percent,12.0,12.0,0.0987654320987654,0.0987654320987654,0.0823664545237363,0.0823664545237363,0.002202528958441,0.2804944430273131,0.002202528958441,0.2804944430273131,0.070992835221651,198.4133813323259,0,0,Karina Smirnoff,21,Music,0
6,2,Mario,percent,12.0,12.0,0.1011673151750972,0.1011673151750972,0.0950414655114153,0.0950414655114153,0.0039594288994226,0.325768388342429,0.0039594288994226,0.325768388342429,0.0820941223068894,148.38017259066962,0,0,Karina Smirnoff,21,Music,0
6,3,Mario,percent,10.0,10.0,0.0921052631578947,0.0921052631578947,0.1109058623599238,0.1109058623599238,0.0112610148479724,0.3433442285788372,0.0112610148479724,0.3433442285788372,0.0847151055435879,139.34079610889876,0,0,Karina Smirnoff,21,Music,0
6,4,Mario,percent,9.0,9.0,0.1066666666666666,0.1066666666666666,0.1238723860121521,0.1238723860121521,0.0048972746690108,0.3947139429181726,0.0048972746690108,0.3947139429181726,0.099443027614582,101.12332091559004,0,0,Karina Smirnoff,21,Music,0
6,5,Mario,percent,8.0,8.0,0.1377551020408163,0.1377551020408163,0.1349356775098133,0.1349356775098133,0.0057441710661531,0.4213297577251624,0.0057441710661531,0.4213297577251624,0.1060167312905636,88.97155482371781,0,0,Karina Smirnoff,21,Music,0
6,6,Mario,percent,7.0,7.0,0.1555555555555555,0.1555555555555555,0.1603994934482246,0.1603994934482246,0.0078166969080233,0.4789003425020018,0.0078166969080233,0.4789003425020018,0.120174399386219,69.24303248578832,0,0,Karina Smirnoff,21,Music,0
6,7,Mario,percent,6.0,6.0,0.1650485436893204,0.1650485436893204,0.1897618293797005,0.1897618293797005,0.0210112634679415,0.5281260471216543,0.0210112634679415,0.5281260471216543,0.129366016238192,59.7529829943281,0,0,Karina Smirnoff,21,Music,0
6,8,Mario,percent,5.0,5.0,0.198501872659176,0.198501872659176,0.0413314686536555,0.0413314686536555,0.001414342572896,0.125368128279966,0.001414342572896,0.125368128279966,0.0316208637007831,1000.1209934541388,0,0,Karina Smirnoff,21,Music,0
6,9,Mario,,,12.0,,,,,,,,,,,1,1,Karina Smirnoff,21,Music,1
6,10,Mario,,,12.0,,,,,,,,,,,1,1,Karina Smirnoff,21,Music,1
6,1,Marissa Jaret Winokur,percent,12.0,12.0,0.074074074074074,0.074074074074074,0.0840977503176735,0.0840977503176735,0.0026848925219223,0.2827404464107874,0.0026848925219223,0.2827404464107874,0.0714427433389962,195.92224769622635,0,0,Tony Dovolani,35,Entertainment,0
6,2,Marissa Jaret Winokur,percent,12.0,12.0,0.0817120622568093,0.0817120622568093,0.098085745792941,0.098085745792941,0.0054659099574323,0.3122524282881894,0.0054659099574323,0.3122524282881894,0.0782618669211115,163.26744355377284,0,0,Tony Dovolani,35,Entertainment,0
6,3,Marissa Jaret Winokur,percent,10.0,10.0,0.0833333333333333,0.0833333333333333,0.1230074929013651,0.1230074929013651,0.0199135165885048,0.352760432864604,0.0199135165885048,0.352760432864604,0.0849099276214538,138.70210707031376,0,0,Tony Dovolani,35,Entertainment,0
6,4,Marissa Jaret Winokur,percent,9.0,9.0,0.1066666666666666,0.1066666666666666,0.1223201300055209,0.1223201300055209,0.004575981678798,0.3870566256242714,0.004575981678798,0.3870566256242714,0.097571592843233,105.03963653390964,0,0,Tony Dovolani,35,Entertainment,0
6,5,Marissa Jaret Winokur,percent,8.0,8.0,0.1224489795918367,0.1224489795918367,0.1421112203956697,0.1421112203956697,0.0081093442520648,0.4565171178589456,0.0081093442520648,0.4565171178589456,0.1143897381650206,76.42331431635685,0,0,Tony Dovolani,35,Entertainment,0
6,6,Marissa Jaret Winokur,percent,7.0,7.0,0.1444444444444444,0.1444444444444444,0.16185953781303,0.16185953781303,0.0069872123009163,0.5006277438456691,0.0069872123009163,0.5006277438456691,0.1259287070267226,63.059498341461165,0,0,Tony Dovolani,35,Entertainment,0
6,7,Marissa Jaret Winokur,percent,6.0,6.0,0.1682847896440129,0.1682847896440129,0.1967180175900612,0.1967180175900612,0.0232732126613595,0.5453903291949388,0.0232732126613595,0.5453903291949388,0.1331931419728518,56.36847327810842,0,0,Tony Dovolani,35,Entertainment,0
6,8,Marissa Jaret Winokur,percent,5.0,5.0,0.1872659176029962,0.1872659176029962,0.2473113088550105,0.2473113088550105,0.042039959919954,0.6172020146358167,0.042039959919954,0.6172020146358167,0.1467250139581282,46.45063774212407,0,0,Tony Dovolani,35,Entertainment,0
6,9,Marissa Jaret Winokur,percent,4.0,4.0,0.2363636363636363,0.2363636363636363,0.0664269243839934,0.0664269243839934,0.0023546392897786,0.1874467328203853,0.0023546392897786,0.1874467328203853,0.0472173707986241,448.53506326290056,0,0,Tony Dovolani,35,Entertainment,0
6,10,Marissa Jaret Winokur,,,12.0,,,,,,,,,,,1,1,Tony Dovolani,35,Entertainment,1
6,1,Marlee Matlin,percent,12.0,12.0,0.0905349794238683,0.0905349794238683,0.0822784750043315,0.0822784750043315,0.0020798588448331,0.2804278843834055,0.0020798588448331,0.2804278843834055,0.0710071493720848,198.3333940987193,0,0,Fabian Sanchez,42,Entertainment,0
6,2,Marlee Matlin,percent,12.0,12.0,0.0933852140077821,0.0933852140077821,0.0955498628115703,0.0955498628115703,0.0043434563847799,0.3034928469716531,0.0043434563847799,0.3034928469716531,0.0763136200476717,171.7101189733322,0,0,Fabian Sanchez,42,Entertainment,0
6,3,Marlee Matlin,percent,10.0,10.0,0.0921052631578947,0.0921052631578947,0.1138046494638524,0.1138046494638524,0.010291776937181,0.3598276679774619,0.010291776937181,0.3598276679774619,0.0891673191429288,125.7733361741496,0,0,Fabian Sanchez,42,Entertainment,0
6,4,Marlee Matlin,percent,9.0,9.0,0.1066666666666666,0.1066666666666666,0.1269041144222938,0.1269041144222938,0.005753722551658,0.4003279030088341,0.005753722551658,0.4003279030088341,0.1006566786880551,98.6994670823764,0,0,Fabian Sanchez,42,Entertainment,0
6,5,Marlee Matlin,percent,8.0,8.0,0.1122448979591836,0.1122448979591836,0.1451656878055638,0.1451656878055638,0.0126229332049284,0.4348825266593834,0.0126229332049284,0.4348825266593834,0.1077192840445038,86.18130846640736,0,0,Fabian Sanchez,42,Entertainment,0
6,6,Marlee Matlin,percent,7.0,7.0,0.1166666666666666,0.1166666666666666,0.0290369341189678,0.0290369341189678,0.0010288360914788,0.0821882788516431,0.0010288360914788,0.0821882788516431,0.0207039394796337,2332.888708203244,0,0,Fabian Sanchez,42,Entertainment,0
6,7,Marlee Matlin,,,12.0,,,,,,,,,,,1,1,Fabian Sanchez,42,Entertainment,1
6,8,Marlee Matlin,,,12.0,,,,,,,,,,,1,1,Fabian Sanchez,42,Entertainment,1
6,9,Marlee Matlin,,,12.0,,,,,,,,,,,1,1,Fabian Sanchez,42,Entertainment,1
6,10,Marlee Matlin,,,12.0,,,,,,,,,,,1,1,Fabian Sanchez,42,Entertainment,1
6,1,Monica Seles,percent,12.0,12.0,0.0617283950617283,0.0617283950617283,0.0829636292717905,0.0829636292717905,0.0020234398290976,0.2808937358119083,0.0020234398290976,0.2808937358119083,0.071140381628268,197.59120911031783,0,0,Jonathan Roberts,34,Sports,0
6,2,Monica Seles,percent,12.0,12.0,0.0583657587548638,0.0583657587548638,0.0194761451158326,0.0194761451158326,0.0008602095296713,0.0488950130130094,0.0008602095296713,0.0488950130130094,0.0122537763988107,6659.7832908284645,0,0,Jonathan Roberts,34,Sports,0
6,3,Monica Seles,,,12.0,,,,,,,,,,,1,1,Jonathan Roberts,34,Sports,1
6,4,Monica Seles,,,12.0,,,,,,,,,,,1,1,Jonathan Roberts,34,Sports,1
6,5,Monica Seles,,,12.0,,,,,,,,,,,1,1,Jonathan Roberts,34,Sports,1
6,6,Monica Seles,,,12.0,,,,,,,,,,,1,1,Jonathan Roberts,34,Sports,1
6,7,Monica Seles,,,12.0,,,,,,,,,,,1,1,Jonathan Roberts,34,Sports,1
6,8,Monica Seles,,,12.0,,,,,,,,,,,1,1,Jonathan Roberts,34,Sports,1
6,9,Monica Seles,,,12.0,,,,,,,,,,,1,1,Jonathan Roberts,34,Sports,1
6,10,Monica Seles,,,12.0,,,,,,,,,,,1,1,Jonathan Roberts,34,Sports,1
6,1,Penn Jillette,percent,12.0,12.0,0.0658436213991769,0.0658436213991769,0.0840333294529016,0.0840333294529016,0.002271872463295,0.2871394626530409,0.002271872463295,0.2871394626530409,0.0726703036198331,189.35904324076543,0,0,Kym Johnson,53,Other,0
6,2,Penn Jillette,percent,12.0,12.0,0.0661478599221789,0.0661478599221789,0.0152060997520758,0.0152060997520758,0.0005059394427819,0.0419541802476479,0.0005059394427819,0.0419541802476479,0.0105735308175678,8944.579514572279,0,0,Kym Johnson,53,Other,0
6,3,Penn Jillette,,,12.0,,,,,,,,,,,1,1,Kym Johnson,53,Other,1
6,4,Penn Jillette,,,12.0,,,,,,,,,,,1,1,Kym Johnson,53,Other,1
6,5,Penn Jillette,,,12.0,,,,,,,,,,,1,1,Kym Johnson,53,Other,1
6,6,Penn Jillette,,,12.0,,,,,,,,,,,1,1,Kym Johnson,53,Other,1
6,7,Penn Jillette,,,12.0,,,,,,,,,,,1,1,Kym Johnson,53,Other,1
6,8,Penn Jillette,,,12.0,,,,,,,,,,,1,1,Kym Johnson,53,Other,1
6,9,Penn Jillette,,,12.0,,,,,,,,,,,1,1,Kym Johnson,53,Other,1
6,10,Penn Jillette,,,12.0,,,,,,,,,,,1,1,Kym Johnson,53,Other,1
6,1,Priscilla Presley,percent,12.0,12.0,0.0987654320987654,0.0987654320987654,0.0833795844303426,0.0833795844303426,0.0019478401617292,0.2865443170954195,0.0019478401617292,0.2865443170954195,0.072601142074921,189.719990783748,0,0,Louis van Amstel,62,Entertainment,0
6,2,Priscilla Presley,percent,12.0,12.0,0.0817120622568093,0.0817120622568093,0.0966414359460692,0.0966414359460692,0.0071583947306747,0.3059040007420328,0.0071583947306747,0.3059040007420328,0.0762106137784076,172.1745994674705,0,0,Louis van Amstel,62,Entertainment,0
6,3,Priscilla Presley,percent,10.0,10.0,0.1140350877192982,0.1140350877192982,0.1049394423257174,0.1049394423257174,0.0037638504187372,0.3474905591232762,0.0037638504187372,0.3474905591232762,0.0876853848736068,130.06054661073193,0,0,Louis van Amstel,62,Entertainment,0
6,4,Priscilla Presley,percent,9.0,9.0,0.0977777777777777,0.0977777777777777,0.1299759680801407,0.1299759680801407,0.0087853856286714,0.4033288037437106,0.0087853856286714,0.4033288037437106,0.1006488311517957,98.71485877313692,0,0,Louis van Amstel,62,Entertainment,0
6,5,Priscilla Presley,percent,8.0,8.0,0.1071428571428571,0.1071428571428571,0.0216048397991425,0.0216048397991425,0.0007017273826769,0.0624997060303346,0.0007017273826769,0.0624997060303346,0.0157647904713412,4023.681480273224,0,0,Louis van Amstel,62,Entertainment,0
6,6,Priscilla Presley,,,12.0,,,,,,,,,,,1,1,Louis van Amstel,62,Entertainment,1
6,7,Priscilla Presley,,,12.0,,,,,,,,,,,1,1,Louis van Amstel,62,Entertainment,1
6,8,Priscilla Presley,,,12.0,,,,,,,,,,,1,1,Louis van Amstel,62,Entertainment,1
6,9,Priscilla Presley,,,12.0,,,,,,,,,,,1,1,Louis van Amstel,62,Entertainment,1
6,10,Priscilla Presley,,,12.0,,,,,,,,,,,1,1,Louis van Amstel,62,Entertainment,1
6,1,Shannon Elizabeth,percent,12.0,12.0,0.0864197530864197,0.0864197530864197,0.0825463292115115,0.0825463292115115,0.0021549599195152,0.28405995371083,0.0021549599195152,0.28405995371083,0.0719145392324782,193.35998138409755,0,0,Derek Hough,34,Entertainment,0
6,2,Shannon Elizabeth,percent,12.0,12.0,0.0933852140077821,0.0933852140077821,0.0892800591919777,0.0892800591919777,0.0030682014651998,0.3044240275182472,0.0030682014651998,0.3044240275182472,0.0768764862380222,169.20490561184226,0,0,Derek Hough,34,Entertainment,0
6,3,Shannon Elizabeth,percent,10.0,10.0,0.1052631578947368,0.1052631578947368,0.1096693636405963,0.1096693636405963,0.0058171008222264,0.3535107338011856,0.0058171008222264,0.3535107338011856,0.0886973553517753,127.10968962536612,0,0,Derek Hough,34,Entertainment,0
6,4,Shannon Elizabeth,percent,9.0,9.0,0.1244444444444444,0.1244444444444444,0.1165001998470938,0.1165001998470938,0.0033892499212475,0.3747461739469456,0.0033892499212475,0.3747461739469456,0.0947339091902291,111.42665219425258,0,0,Derek Hough,34,Entertainment,0
6,5,Shannon Elizabeth,percent,8.0,8.0,0.1173469387755102,0.1173469387755102,0.1446881311856619,0.1446881311856619,0.0104176839875278,0.4353890377547112,0.0104176839875278,0.4353890377547112,0.1084110596344855,85.08496436995136,0,0,Derek Hough,34,Entertainment,0
6,6,Shannon Elizabeth,percent,7.0,7.0,0.1333333333333333,0.1333333333333333,0.1636291567912862,0.1636291567912862,0.0104151705108222,0.4765070758433166,0.0104151705108222,0.4765070758433166,0.1189009962582893,70.73412945634514,0,0,Derek Hough,34,Entertainment,0
6,7,Shannon Elizabeth,percent,6.0,6.0,0.1650485436893204,0.1650485436893204,0.0284285175453484,0.0284285175453484,0.0007154333855276,0.087904567397856,0.0007154333855276,0.087904567397856,0.0222421260235531,2021.3773999207265,0,0,Derek Hough,34,Entertainment,0
6,8,Shannon Elizabeth,,,12.0,,,,,,,,,,,1,1,Derek Hough,34,Entertainment,1
6,9,Shannon Elizabeth,,,12.0,,,,,,,,,,,1,1,Derek Hough,34,Entertainment,1
6,10,Shannon Elizabeth,,,12.0,,,,,,,,,,,1,1,Derek Hough,34,Entertainment,1
6,1,Steve Guttenberg,percent,12.0,12.0,0.074074074074074,0.074074074074074,0.0841153495643405,0.0841153495643405,0.0021582861174186,0.2857931255811671,0.0021582861174186,0.2857931255811671,0.0723558263938134,191.00862745702784,0,0,Anna Trebunskaya,49,Entertainment,0
6,2,Steve Guttenberg,percent,12.0,12.0,0.0622568093385214,0.0622568093385214,0.1111144472915463,0.1111144472915463,0.0221888877926932,0.3294813789735212,0.0221888877926932,0.3294813789735212,0.0783909416277622,162.7302297511776,0,0,Anna Trebunskaya,49,Entertainment,0
6,3,Steve Guttenberg,percent,10.0,10.0,0.0921052631578947,0.0921052631578947,0.0127207426568494,0.0127207426568494,0.0005612337609498,0.0369988341097853,0.0005612337609498,0.0369988341097853,0.0092953062114376,11573.710042797642,0,0,Anna Trebunskaya,49,Entertainment,0
6,4,Steve Guttenberg,,,12.0,,,,,,,,,,,1,1,Anna Trebunskaya,49,Entertainment,1
6,5,Steve Guttenberg,,,12.0,,,,,,,,,,,1,1,Anna Trebunskaya,49,Entertainment,1
6,6,Steve Guttenberg,,,12.0,,,,,,,,,,,1,1,Anna Trebunskaya,49,Entertainment,1
6,7,Steve Guttenberg,,,12.0,,,,,,,,,,,1,1,Anna Trebunskaya,49,Entertainment,1
6,8,Steve Guttenberg,,,12.0,,,,,,,,,,,1,1,Anna Trebunskaya,49,Entertainment,1
6,9,Steve Guttenberg,,,12.0,,,,,,,,,,,1,1,Anna Trebunskaya,49,Entertainment,1
6,10,Steve Guttenberg,,,12.0,,,,,,,,,,,1,1,Anna Trebunskaya,49,Entertainment,1
7,1,Brooke Burke,percent,13.0,13.0,0.0972222222222222,0.0972222222222222,0.0781830097409368,0.0781830097409368,0.0022452301901019,0.2645753042626023,0.0022452301901019,0.2645753042626023,0.0669209372633929,223.29344302995523,0,0,Derek Hough,37,Media,0
7,2,Brooke Burke,percent,11.0,11.0,0.1085972850678733,0.1085972850678733,0.0939917239639916,0.0939917239639916,0.0030279342456683,0.313596842671439,0.0030279342456683,0.313596842671439,0.0792267623535129,159.3148220500939,0,0,Derek Hough,37,Media,0
7,3,Brooke Burke,percent,9.0,9.0,0.1407035175879397,0.1407035175879397,0.1116582372527045,0.1116582372527045,0.0031767455246273,0.3673782710905927,0.0031767455246273,0.3673782710905927,0.0929085524402972,115.84801927082508,0,0,Derek Hough,37,Media,0
7,4,Brooke Burke,percent,9.0,9.0,0.1280788177339901,0.1280788177339901,0.1222155525962664,0.1222155525962664,0.0045590974323831,0.4045028884474249,0.0045590974323831,0.4045028884474249,0.1020264772997555,96.06699724502266,0,0,Derek Hough,37,Media,0
7,5,Brooke Burke,percent,8.0,8.0,0.1487179487179487,0.1487179487179487,0.1264997801932246,0.1264997801932246,0.0042318581905466,0.3964451109813334,0.0042318581905466,0.3964451109813334,0.1000544012221394,99.89128627615388,0,0,Derek Hough,37,Media,0
7,6,Brooke Burke,percent,7.0,7.0,0.1625,0.1625,0.1527298508239625,0.1527298508239625,0.0047199921814597,0.4931121320210825,0.0047199921814597,0.4931121320210825,0.1245898315917405,64.42208884210973,0,0,Derek Hough,37,Media,0
7,7,Brooke Burke,percent,6.0,6.0,0.2040816326530612,0.2040816326530612,0.169898463236749,0.169898463236749,0.0066062527576241,0.5252896917898568,0.0066062527576241,0.5252896917898568,0.1323172038347532,57.1172606768205,0,0,Derek Hough,37,Media,0
7,8,Brooke Burke,percent,5.0,5.0,0.2156862745098039,0.2156862745098039,0.2276508484536697,0.2276508484536697,0.0166242169333764,0.6273806779631544,0.0166242169333764,0.6273806779631544,0.1558052196504535,41.19419250134259,0,0,Derek Hough,37,Media,0
7,9,Brooke Burke,percent,4.0,4.0,0.2437810945273631,0.2437810945273631,0.3209634128687814,0.3209634128687814,0.0382200407913242,0.7721104034257823,0.0382200407913242,0.7721104034257823,0.1872169292434842,28.53052509502443,0,0,Derek Hough,37,Media,0
7,10,Brooke Burke,percent,3.0,3.0,0.3529411764705882,0.3529411764705882,0.3358402592398931,0.3358402592398931,0.0132807023780137,0.8414608274544597,0.0132807023780137,0.8414608274544597,0.2112704400705219,22.403843285531774,0,0,Derek Hough,37,Media,0
7,1,Cloris Leachman,percent,13.0,13.0,0.0634920634920634,0.0634920634920634,0.1041666541183531,0.1041666541183531,0.0203343111926473,0.3029779926862321,0.0203343111926473,0.3029779926862321,0.0721029799728532,192.3506116119023,0,0,Corky Ballas,82,Entertainment,0
7,2,Cloris Leachman,percent,11.0,11.0,0.0678733031674208,0.0678733031674208,0.1159409821392712,0.1159409821392712,0.020648651433492,0.3406988538780267,0.020648651433492,0.3406988538780267,0.0816454598072792,150.01542667568947,0,0,Corky Ballas,82,Entertainment,0
7,3,Cloris Leachman,percent,9.0,9.0,0.0804020100502512,0.0804020100502512,0.1101546438141448,0.1101546438141448,0.0029346573080831,0.3641612207591096,0.0029346573080831,0.3641612207591096,0.0921496335334251,117.76406143162085,0,0,Corky Ballas,82,Entertainment,0
7,4,Cloris Leachman,percent,9.0,9.0,0.1083743842364532,0.1083743842364532,0.1253105695814643,0.1253105695814643,0.0051328218933916,0.3849463162530297,0.0051328218933916,0.3849463162530297,0.096891197540724,106.52004780444317,0,0,Corky Ballas,82,Entertainment,0
7,5,Cloris Leachman,percent,8.0,8.0,0.1076923076923077,0.1076923076923077,0.1510112178399947,0.1510112178399947,0.0196057227900861,0.4301654177185282,0.0196057227900861,0.4301654177185282,0.104734616053174,91.16318923931104,0,0,Corky Ballas,82,Entertainment,0
7,6,Cloris Leachman,percent,7.0,7.0,0.09375,0.09375,0.039606106720687,0.039606106720687,0.0017618311517487,0.1009356213975039,0.0017618311517487,0.1009356213975039,0.0252994362871824,1562.3499254283918,0,0,Corky Ballas,82,Entertainment,0
7,7,Cloris Leachman,,,13.0,,,,,,,,,,,1,1,Corky Ballas,82,Entertainment,1
7,8,Cloris Leachman,,,13.0,,,,,,,,,,,1,1,Corky Ballas,82,Entertainment,1
7,9,Cloris Leachman,,,13.0,,,,,,,,,,,1,1,Corky Ballas,82,Entertainment,1
7,10,Cloris Leachman,,,13.0,,,,,,,,,,,1,1,Corky Ballas,82,Entertainment,1
7,1,Cody Linley,percent,13.0,13.0,0.0813492063492063,0.0813492063492063,0.0856617414617965,0.0856617414617965,0.0046726342702918,0.277099058034483,0.0046726342702918,0.277099058034483,0.0694965366745385,207.04925655861328,0,0,Julianne Hough,18,Entertainment,0
7,2,Cody Linley,percent,11.0,11.0,0.0950226244343891,0.0950226244343891,0.0961462658007513,0.0961462658007513,0.0030358495337623,0.3187132839202963,0.0030358495337623,0.3187132839202963,0.0805299577516668,154.20024278460846,0,0,Julianne Hough,18,Entertainment,0
7,3,Cody Linley,percent,9.0,9.0,0.1055276381909547,0.1055276381909547,0.1103422169405549,0.1103422169405549,0.0032003513652444,0.3742668980963656,0.0032003513652444,0.3742668980963656,0.0946598333497758,111.60111378374724,0,0,Julianne Hough,18,Entertainment,0
7,4,Cody Linley,percent,9.0,9.0,0.1133004926108374,0.1133004926108374,0.120497392501601,0.120497392501601,0.0046209294628521,0.3735260599564029,0.0046209294628521,0.3735260599564029,0.094108451656518,112.91268732087804,0,0,Julianne Hough,18,Entertainment,0
7,5,Cody Linley,percent,8.0,8.0,0.1435897435897435,0.1435897435897435,0.1343895475011892,0.1343895475011892,0.005157544147575,0.4345987726553046,0.005157544147575,0.4345987726553046,0.1095513338029922,83.32295450103467,0,0,Julianne Hough,18,Entertainment,0
7,6,Cody Linley,percent,7.0,7.0,0.14375,0.14375,0.1614266691401798,0.1614266691401798,0.0077972403204474,0.4925351953085998,0.0077972403204474,0.4925351953085998,0.1236576415786103,65.39703844415163,0,0,Julianne Hough,18,Entertainment,0
7,7,Cody Linley,percent,6.0,6.0,0.1496598639455782,0.1496598639455782,0.2110839285123603,0.2110839285123603,0.039619492950426,0.5532500148591109,0.039619492950426,0.5532500148591109,0.1310281943644604,58.24658764711101,0,0,Julianne Hough,18,Entertainment,0
7,8,Cody Linley,percent,5.0,5.0,0.188235294117647,0.188235294117647,0.2541272787544507,0.2541272787544507,0.0337136716920595,0.6461391363521453,0.0337136716920595,0.6461391363521453,0.1562309858826749,40.96997069351299,0,0,Julianne Hough,18,Entertainment,0
7,9,Cody Linley,percent,4.0,4.0,0.2288557213930348,0.2288557213930348,0.0692583283939347,0.0692583283939347,0.0019790986660434,0.1932294843432911,0.0019790986660434,0.1932294843432911,0.0487883636931754,420.1143293337537,0,0,Julianne Hough,18,Entertainment,0
7,10,Cody Linley,,,13.0,,,,,,,,,,,1,1,Julianne Hough,18,Entertainment,1
7,1,Jeffrey Ross,percent,13.0,13.0,0.0476190476190476,0.0476190476190476,0.0212080018378952,0.0212080018378952,0.0008294769126285,0.052990923149536,0.0008294769126285,0.052990923149536,0.0133064913869661,5647.7164665529,0,0,Edyta Sliwinska,43,Entertainment,0
7,2,Jeffrey Ross,,,13.0,,,,,,,,,,,1,1,Edyta Sliwinska,43,Entertainment,1
7,3,Jeffrey Ross,,,13.0,,,,,,,,,,,1,1,Edyta Sliwinska,43,Entertainment,1
7,4,Jeffrey Ross,,,13.0,,,,,,,,,,,1,1,Edyta Sliwinska,43,Entertainment,1
7,5,Jeffrey Ross,,,13.0,,,,,,,,,,,1,1,Edyta Sliwinska,43,Entertainment,1
7,6,Jeffrey Ross,,,13.0,,,,,,,,,,,1,1,Edyta Sliwinska,43,Entertainment,1
7,7,Jeffrey Ross,,,13.0,,,,,,,,,,,1,1,Edyta Sliwinska,43,Entertainment,1
7,8,Jeffrey Ross,,,13.0,,,,,,,,,,,1,1,Edyta Sliwinska,43,Entertainment,1
7,9,Jeffrey Ross,,,13.0,,,,,,,,,,,1,1,Edyta Sliwinska,43,Entertainment,1
7,10,Jeffrey Ross,,,13.0,,,,,,,,,,,1,1,Edyta Sliwinska,43,Entertainment,1
7,1,Kim Kardashian,percent,13.0,13.0,0.0734126984126984,0.0734126984126984,0.0908899799835975,0.0908899799835975,0.0095820660782492,0.2866419053024211,0.0095820660782492,0.2866419053024211,0.0706785304143295,200.18197897003023,0,0,Mark Ballas,27,Media,0
7,2,Kim Kardashian,percent,11.0,11.0,0.0769230769230769,0.0769230769230769,0.0135501904145636,0.0135501904145636,0.0005835548896888,0.0372294594940274,0.0005835548896888,0.0372294594940274,0.0093484450521271,11442.508417863834,0,0,Mark Ballas,27,Media,0
7,3,Kim Kardashian,,,13.0,,,,,,,,,,,1,1,Mark Ballas,27,Media,1
7,4,Kim Kardashian,,,13.0,,,,,,,,,,,1,1,Mark Ballas,27,Media,1
7,5,Kim Kardashian,,,13.0,,,,,,,,,,,1,1,Mark Ballas,27,Media,1
7,6,Kim Kardashian,,,13.0,,,,,,,,,,,1,1,Mark Ballas,27,Media,1
7,7,Kim Kardashian,,,13.0,,,,,,,,,,,1,1,Mark Ballas,27,Media,1
7,8,Kim Kardashian,,,13.0,,,,,,,,,,,1,1,Mark Ballas,27,Media,1
7,9,Kim Kardashian,,,13.0,,,,,,,,,,,1,1,Mark Ballas,27,Media,1
7,10,Kim Kardashian,,,13.0,,,,,,,,,,,1,1,Mark Ballas,27,Media,1
7,1,Lance Bass,percent,13.0,13.0,0.0853174603174603,0.0853174603174603,0.0792628209608405,0.0792628209608405,0.0031177074920712,0.2794538111365675,0.0031177074920712,0.2794538111365675,0.0704939039909429,201.2319217061502,0,0,Lacey Schwimmer,29,Music,0
7,2,Lance Bass,percent,11.0,11.0,0.090497737556561,0.090497737556561,0.0920899245019486,0.0920899245019486,0.0039693762259634,0.2953338492623907,0.0039693762259634,0.2953338492623907,0.0743276716929661,181.00848874553537,0,0,Lacey Schwimmer,29,Music,0
7,3,Lance Bass,percent,9.0,9.0,0.1105527638190954,0.1105527638190954,0.1118779648239591,0.1118779648239591,0.0029970961330871,0.3694469128513734,0.0029970961330871,0.3694469128513734,0.0934820961016036,114.43084802161049,0,0,Lacey Schwimmer,29,Music,0
7,4,Lance Bass,percent,9.0,9.0,0.1280788177339901,0.1280788177339901,0.118392042769233,0.118392042769233,0.0036888861720339,0.3947749162260872,0.0036888861720339,0.3947749162260872,0.0997668444015442,100.46794712759996,0,0,Lacey Schwimmer,29,Music,0
7,5,Lance Bass,percent,8.0,8.0,0.1076923076923077,0.1076923076923077,0.1512439582833083,0.1512439582833083,0.0203427631289314,0.4342952234944398,0.0203427631289314,0.4342952234944398,0.1056001174401807,89.67496123861697,0,0,Lacey Schwimmer,29,Music,0
7,6,Lance Bass,percent,7.0,7.0,0.16875,0.16875,0.1560517823456789,0.1560517823456789,0.005191958164151,0.4906803982609802,0.005191958164151,0.4906803982609802,0.123849091861436,65.19500863234963,0,0,Lacey Schwimmer,29,Music,0
7,7,Lance Bass,percent,6.0,6.0,0.1700680272108843,0.1700680272108843,0.1940724817246354,0.1940724817246354,0.0149577834372617,0.5358344746662087,0.0149577834372617,0.5358344746662087,0.1328767069461599,56.637266784326535,0,0,Lacey Schwimmer,29,Music,0
7,8,Lance Bass,percent,5.0,5.0,0.196078431372549,0.196078431372549,0.2395822245380431,0.2395822245380431,0.0306936177239113,0.6335783959266806,0.0306936177239113,0.6335783959266806,0.1537971372966248,42.27693521178878,0,0,Lacey Schwimmer,29,Music,0
7,9,Lance Bass,percent,4.0,4.0,0.2835820895522388,0.2835820895522388,0.2920463123574436,0.2920463123574436,0.0234348490185176,0.7423816832931799,0.0234348490185176,0.7423816832931799,0.1834048046619036,29.728882367895253,0,0,Lacey Schwimmer,29,Music,0
7,10,Lance Bass,percent,3.0,3.0,0.3235294117647059,0.3235294117647059,0.331100735382191,0.331100735382191,0.0120723347280662,0.8361044525042409,0.0120723347280662,0.8361044525042409,0.2102122749429017,22.62996360774069,0,0,Lacey Schwimmer,29,Music,0
7,1,Maurice Greene,percent,13.0,13.0,0.0773809523809523,0.0773809523809523,0.0876983342403274,0.0876983342403274,0.0069780967504145,0.2701326344208999,0.0069780967504145,0.2701326344208999,0.0671312596098177,221.8964773650003,0,0,Cheryl Burke,34,Sports,0
7,2,Maurice Greene,percent,11.0,11.0,0.085972850678733,0.085972850678733,0.0995899126215615,0.0995899126215615,0.0062716080005139,0.3249218695536001,0.0062716080005139,0.3249218695536001,0.0812883320288485,151.3364615835696,0,0,Cheryl Burke,34,Sports,0
7,3,Maurice Greene,percent,9.0,9.0,0.1206030150753768,0.1206030150753768,0.1104600992444513,0.1104600992444513,0.0029936212103159,0.3726121327261394,0.0029936212103159,0.3726121327261394,0.0942904366111794,112.47725438994846,0,0,Cheryl Burke,34,Sports,0
7,4,Maurice Greene,percent,9.0,9.0,0.0985221674876847,0.0985221674876847,0.1286906145152734,0.1286906145152734,0.0086703253495898,0.3870663905740326,0.0086703253495898,0.3870663905740326,0.0965296084756231,107.3195667151829,0,0,Cheryl Burke,34,Sports,0
7,5,Maurice Greene,percent,8.0,8.0,0.1384615384615384,0.1384615384615384,0.1307418818008611,0.1307418818008611,0.0050716455648072,0.4011702526202711,0.0050716455648072,0.4011702526202711,0.101045563024353,97.94121870916382,0,0,Cheryl Burke,34,Sports,0
7,6,Maurice Greene,percent,7.0,7.0,0.13125,0.13125,0.1673906725458356,0.1673906725458356,0.00862097016616,0.4879525327500362,0.00862097016616,0.4879525327500362,0.1222784598428255,66.88058760790956,0,0,Cheryl Burke,34,Sports,0
7,7,Maurice Greene,percent,6.0,6.0,0.1700680272108843,0.1700680272108843,0.1825600684995691,0.1825600684995691,0.0172185480642658,0.4998904434433224,0.0172185480642658,0.4998904434433224,0.1231305855558817,65.95809599344119,0,0,Cheryl Burke,34,Sports,0
7,8,Maurice Greene,percent,5.0,5.0,0.188235294117647,0.188235294117647,0.0438734350439016,0.0438734350439016,0.0015887359767634,0.1334483725149927,0.0015887359767634,0.1334483725149927,0.0336376623822013,883.7885799222959,0,0,Cheryl Burke,34,Sports,0
7,9,Maurice Greene,,,13.0,,,,,,,,,,,1,1,Cheryl Burke,34,Sports,1
7,10,Maurice Greene,,,13.0,,,,,,,,,,,1,1,Cheryl Burke,34,Sports,1
7,1,Misty May-Treanor,percent,13.0,13.0,0.0833333333333333,0.0833333333333333,0.0879883276054977,0.0879883276054977,0.0037030367630444,0.3066056319673482,0.0037030367630444,0.3066056319673482,0.0772710702051795,167.48123143611917,0,0,Maksim Chmerkoskiy,31,Sports,0
7,2,Misty May-Treanor,percent,11.0,11.0,0.0950226244343891,0.0950226244343891,0.09590234223594,0.09590234223594,0.0040359052947252,0.3176326592109629,0.0040359052947252,0.3176326592109629,0.0799991719174075,156.25323474785105,0,0,Maksim Chmerkoskiy,31,Sports,0
7,3,Misty May-Treanor,,,13.0,,,,,,,,,,,1,1,Maksim Chmerkoskiy,31,Sports,1
7,4,Misty May-Treanor,,,13.0,,,,,,,,,,,1,1,Maksim Chmerkoskiy,31,Sports,1
7,5,Misty May-Treanor,,,13.0,,,,,,,,,,,1,1,Maksim Chmerkoskiy,31,Sports,1
7,6,Misty May-Treanor,,,13.0,,,,,,,,,,,1,1,Maksim Chmerkoskiy,31,Sports,1
7,7,Misty May-Treanor,,,13.0,,,,,,,,,,,1,1,Maksim Chmerkoskiy,31,Sports,1
7,8,Misty May-Treanor,,,13.0,,,,,,,,,,,1,1,Maksim Chmerkoskiy,31,Sports,1
7,9,Misty May-Treanor,,,13.0,,,,,,,,,,,1,1,Maksim Chmerkoskiy,31,Sports,1
7,10,Misty May-Treanor,,,13.0,,,,,,,,,,,1,1,Maksim Chmerkoskiy,31,Sports,1
7,1,Rocco DiSpirito,percent,13.0,13.0,0.0694444444444444,0.0694444444444444,0.1045220549461557,0.1045220549461557,0.0140057390231132,0.3138054278664862,0.0140057390231132,0.3138054278664862,0.0764795124600441,170.96601088549733,0,0,Karina Smirnoff,41,Media,0
7,2,Rocco DiSpirito,percent,11.0,11.0,0.0723981900452488,0.0723981900452488,0.1112803040804799,0.1112803040804799,0.015875563456085,0.3385218931839731,0.015875563456085,0.3385218931839731,0.0823077371754816,147.61098414594,0,0,Karina Smirnoff,41,Media,0
7,3,Rocco DiSpirito,percent,9.0,9.0,0.100502512562814,0.100502512562814,0.1112225519353493,0.1112225519353493,0.0031062562539738,0.3660560130378347,0.0031062562539738,0.3660560130378347,0.0925892236693522,116.64848820932028,0,0,Karina Smirnoff,41,Media,0
7,4,Rocco DiSpirito,percent,9.0,9.0,0.0886699507389162,0.0886699507389162,0.0201108693107235,0.0201108693107235,0.0008175362996461,0.0559679318340873,0.0008175362996461,0.0559679318340873,0.0140689784526635,5052.134116215414,0,0,Karina Smirnoff,41,Media,0
7,5,Rocco DiSpirito,,,13.0,,,,,,,,,,,1,1,Karina Smirnoff,41,Media,1
7,6,Rocco DiSpirito,,,13.0,,,,,,,,,,,1,1,Karina Smirnoff,41,Media,1
7,7,Rocco DiSpirito,,,13.0,,,,,,,,,,,1,1,Karina Smirnoff,41,Media,1
7,8,Rocco DiSpirito,,,13.0,,,,,,,,,,,1,1,Karina Smirnoff,41,Media,1
7,9,Rocco DiSpirito,,,13.0,,,,,,,,,,,1,1,Karina Smirnoff,41,Media,1
7,10,Rocco DiSpirito,,,13.0,,,,,,,,,,,1,1,Karina Smirnoff,41,Media,1
7,1,Susan Lucci,percent,13.0,13.0,0.0734126984126984,0.0734126984126984,0.0931341229816503,0.0931341229816503,0.0113103792497428,0.3125962747372891,0.0113103792497428,0.3125962747372891,0.0768586468080475,169.28346201375993,0,0,Tony Dovolani,61,Entertainment,0
7,2,Susan Lucci,percent,11.0,11.0,0.0950226244343891,0.0950226244343891,0.0968070532123693,0.0968070532123693,0.004130267574349,0.325429872362599,0.004130267574349,0.325429872362599,0.0819641848949617,148.85099818318324,0,0,Tony Dovolani,61,Entertainment,0
7,3,Susan Lucci,percent,9.0,9.0,0.1055276381909547,0.1055276381909547,0.1120359048088641,0.1120359048088641,0.0031104125577589,0.3696913524487981,0.0031104125577589,0.3696913524487981,0.0935155458905712,114.3490006001132,0,0,Tony Dovolani,61,Entertainment,0
7,4,Susan Lucci,percent,9.0,9.0,0.1182266009852216,0.1182266009852216,0.1199326221977793,0.1199326221977793,0.0040374774340946,0.3908223781257768,0.0040374774340946,0.3908223781257768,0.0986696175233883,102.71482026319,0,0,Tony Dovolani,61,Entertainment,0
7,5,Susan Lucci,percent,8.0,8.0,0.1128205128205128,0.1128205128205128,0.1489724941247704,0.1489724941247704,0.0156739983593181,0.4565818858591508,0.0156739983593181,0.4565818858591508,0.1124765019132226,79.04536293797771,0,0,Tony Dovolani,61,Entertainment,0
7,6,Susan Lucci,percent,7.0,7.0,0.14375,0.14375,0.1624194122781034,0.1624194122781034,0.0072298625328209,0.4896356158155677,0.0072298625328209,0.4896356158155677,0.123062692163966,66.03089391564245,0,0,Tony Dovolani,61,Entertainment,0
7,7,Susan Lucci,percent,6.0,6.0,0.1632653061224489,0.1632653061224489,0.0300144428678928,0.0300144428678928,0.0009827176484616,0.0948394905418696,0.0009827176484616,0.0948394905418696,0.0239430543095428,1744.3791969456192,0,0,Tony Dovolani,61,Entertainment,0
7,8,Susan Lucci,,,13.0,,,,,,,,,,,1,1,Tony Dovolani,61,Entertainment,1
7,9,Susan Lucci,,,13.0,,,,,,,,,,,1,1,Tony Dovolani,61,Entertainment,1
7,10,Susan Lucci,,,13.0,,,,,,,,,,,1,1,Tony Dovolani,61,Entertainment,1
7,1,Ted McGinley,percent,13.0,13.0,0.0734126984126984,0.0734126984126984,0.0099879488489815,0.0099879488489815,0.0004569134879555,0.0322232323914762,0.0004569134879555,0.0322232323914762,0.0081036527815103,15227.841615140744,0,0,Inna Brayer,50,Entertainment,0
7,2,Ted McGinley,,,13.0,,,,,,,,,,,1,1,Inna Brayer,50,Entertainment,1
7,3,Ted McGinley,,,13.0,,,,,,,,,,,1,1,Inna Brayer,50,Entertainment,1
7,4,Ted McGinley,,,13.0,,,,,,,,,,,1,1,Inna Brayer,50,Entertainment,1
7,5,Ted McGinley,,,13.0,,,,,,,,,,,1,1,Inna Brayer,50,Entertainment,1
7,6,Ted McGinley,,,13.0,,,,,,,,,,,1,1,Inna Brayer,50,Entertainment,1
7,7,Ted McGinley,,,13.0,,,,,,,,,,,1,1,Inna Brayer,50,Entertainment,1
7,8,Ted McGinley,,,13.0,,,,,,,,,,,1,1,Inna Brayer,50,Entertainment,1
7,9,Ted McGinley,,,13.0,,,,,,,,,,,1,1,Inna Brayer,50,Entertainment,1
7,10,Ted McGinley,,,13.0,,,,,,,,,,,1,1,Inna Brayer,50,Entertainment,1
7,1,Toni Braxton,percent,13.0,13.0,0.0892857142857142,0.0892857142857142,0.0780858204187832,0.0780858204187832,0.0022583287087585,0.2742688782723008,0.0022583287087585,0.2742688782723008,0.0693904463172301,207.6828516000101,0,0,Alec Mazo,40,Music,0
7,2,Toni Braxton,percent,11.0,11.0,0.1040723981900452,0.1040723981900452,0.0936214824996747,0.0936214824996747,0.0027748942671741,0.3064813402415376,0.0027748942671741,0.3064813402415376,0.0774761341771335,166.5958254838319,0,0,Alec Mazo,40,Music,0
7,3,Toni Braxton,percent,9.0,9.0,0.1105527638190954,0.1105527638190954,0.1107034801192631,0.1107034801192631,0.0034861006938886,0.3701817985101442,0.0034861006938886,0.3701817985101442,0.0935448208714937,114.27744044387188,0,0,Alec Mazo,40,Music,0
7,4,Toni Braxton,percent,9.0,9.0,0.1083743842364532,0.1083743842364532,0.1233320447943277,0.1233320447943277,0.0052915421342184,0.3944348457699915,0.0052915421342184,0.3944348457699915,0.0992712509274931,101.47358663220334,0,0,Alec Mazo,40,Music,0
7,5,Toni Braxton,percent,8.0,8.0,0.1128205128205128,0.1128205128205128,0.0205027417311322,0.0205027417311322,0.0009034794666269,0.0607266655106903,0.0009034794666269,0.0607266655106903,0.0152610168479753,4293.713438872088,0,0,Alec Mazo,40,Music,0
7,6,Toni Braxton,,,13.0,,,,,,,,,,,1,1,Alec Mazo,40,Music,1
7,7,Toni Braxton,,,13.0,,,,,,,,,,,1,1,Alec Mazo,40,Music,1
7,8,Toni Braxton,,,13.0,,,,,,,,,,,1,1,Alec Mazo,40,Music,1
7,9,Toni Braxton,,,13.0,,,,,,,,,,,1,1,Alec Mazo,40,Music,1
7,10,Toni Braxton,,,13.0,,,,,,,,,,,1,1,Alec Mazo,40,Music,1
7,1,Warren Sapp,percent,13.0,13.0,0.0853174603174603,0.0853174603174603,0.079211182855184,0.079211182855184,0.0042045429497647,0.2488234543532937,0.0042045429497647,0.2488234543532937,0.0624027835213084,256.7982594054685,0,0,Kym Johnson,35,Sports,0
7,2,Warren Sapp,percent,11.0,11.0,0.1085972850678733,0.1085972850678733,0.0910798185294477,0.0910798185294477,0.0023739592779513,0.3032468893618869,0.0023739592779513,0.3032468893618869,0.0767532984907998,169.74848350783455,0,0,Kym Johnson,35,Sports,0
7,3,Warren Sapp,percent,9.0,9.0,0.1256281407035175,0.1256281407035175,0.1115449010607076,0.1115449010607076,0.0032159213590997,0.3803032853944945,0.0032159213590997,0.3803032853944945,0.0961957561314782,108.06577555784632,0,0,Kym Johnson,35,Sports,0
7,4,Warren Sapp,percent,9.0,9.0,0.1083743842364532,0.1083743842364532,0.1215182917333312,0.1215182917333312,0.0054032787635155,0.3843328778524288,0.0054032787635155,0.3843328778524288,0.0966657140532942,107.01756701310104,0,0,Kym Johnson,35,Sports,0
7,5,Warren Sapp,percent,8.0,8.0,0.1282051282051282,0.1282051282051282,0.1366383785255193,0.1366383785255193,0.0065849078812772,0.4511305069735772,0.0065849078812772,0.4511305069735772,0.1134044895643622,77.7570013027399,0,0,Kym Johnson,35,Sports,0
7,6,Warren Sapp,percent,7.0,7.0,0.15625,0.15625,0.1603755061455528,0.1603755061455528,0.0054513440159851,0.4859044665962193,0.0054513440159851,0.4859044665962193,0.1225645720867944,66.56870269563353,0,0,Kym Johnson,35,Sports,0
7,7,Warren Sapp,percent,6.0,6.0,0.1428571428571428,0.1428571428571428,0.2123706151587933,0.2123706151587933,0.046453458315232,0.5396496879737012,0.046453458315232,0.5396496879737012,0.1258153647087931,63.17316536610399,0,0,Kym Johnson,35,Sports,0
7,8,Warren Sapp,percent,5.0,5.0,0.2117647058823529,0.2117647058823529,0.2347662132099347,0.2347662132099347,0.0178626450382804,0.6411224623130751,0.0178626450382804,0.6411224623130751,0.1589948513456109,39.55795918255235,0,0,Kym Johnson,35,Sports,0
7,9,Warren Sapp,percent,4.0,4.0,0.2437810945273631,0.2437810945273631,0.3177319463798408,0.3177319463798408,0.0362037416579298,0.761381256873144,0.0362037416579298,0.761381256873144,0.1849942640855138,29.220219511187025,0,0,Kym Johnson,35,Sports,0
7,10,Warren Sapp,percent,3.0,3.0,0.3235294117647059,0.3235294117647059,0.3330590053779128,0.3330590053779128,0.0126334368235089,0.8518470699644265,0.0126334368235089,0.8518470699644265,0.214085110495132,21.81860968395197,0,0,Kym Johnson,35,Sports,0
8,1,Belinda Carlisle,percent,13.0,13.0,0.0699588477366255,0.0699588477366255,0.0779497393444036,0.0779497393444036,0.0020588641328106,0.2651422456177032,0.0020588641328106,0.2651422456177032,0.0671131075216562,222.01652631757395,0,0,Jonathan Roberts,50,Music,0
8,2,Belinda Carlisle,percent,13.0,13.0,0.0679245283018867,0.0679245283018867,0.0087074837163333,0.0087074837163333,0.0002026859687603,0.0277787139817333,0.0002026859687603,0.0277787139817333,0.0070347010237176,20207.319625439995,0,0,Jonathan Roberts,50,Music,0
8,3,Belinda Carlisle,,,13.0,,,,,,,,,,,1,1,Jonathan Roberts,50,Music,1
8,4,Belinda Carlisle,,,13.0,,,,,,,,,,,1,1,Jonathan Roberts,50,Music,1
8,5,Belinda Carlisle,,,13.0,,,,,,,,,,,1,1,Jonathan Roberts,50,Music,1
8,6,Belinda Carlisle,,,13.0,,,,,,,,,,,1,1,Jonathan Roberts,50,Music,1
8,7,Belinda Carlisle,,,13.0,,,,,,,,,,,1,1,Jonathan Roberts,50,Music,1
8,8,Belinda Carlisle,,,13.0,,,,,,,,,,,1,1,Jonathan Roberts,50,Music,1
8,9,Belinda Carlisle,,,13.0,,,,,,,,,,,1,1,Jonathan Roberts,50,Music,1
8,10,Belinda Carlisle,,,13.0,,,,,,,,,,,1,1,Jonathan Roberts,50,Music,1
8,11,Belinda Carlisle,,,13.0,,,,,,,,,,,1,1,Jonathan Roberts,50,Music,1
8,1,Chuck Wicks,percent,13.0,13.0,0.0823045267489712,0.0823045267489712,0.0765033059680421,0.0765033059680421,0.0020278641796037,0.2598494105696172,0.0020278641796037,0.2598494105696172,0.0657708026505136,231.1711940176046,0,0,Julianne Hough,29,Music,0
8,2,Chuck Wicks,percent,13.0,13.0,0.0754716981132075,0.0754716981132075,0.0803099821341809,0.0803099821341809,0.0037430001130441,0.2719840660739208,0.0037430001130441,0.2719840660739208,0.0684288433573665,213.5608307120889,0,0,Julianne Hough,29,Music,0
8,3,Chuck Wicks,percent,12.0,12.0,0.0905511811023622,0.0905511811023622,0.0837814179124147,0.0837814179124147,0.0032250122584147,0.2826282452357853,0.0032250122584147,0.2826282452357853,0.0712763349432067,196.8381524238051,0,0,Julianne Hough,29,Music,0
8,4,Chuck Wicks,percent,11.0,11.0,0.0909090909090909,0.0909090909090909,0.1075067835533444,0.1075067835533444,0.0061690738488268,0.3223911210211826,0.0061690738488268,0.3223911210211826,0.0806688895847846,153.6695580467756,0,0,Julianne Hough,29,Music,0
8,5,Chuck Wicks,percent,9.0,9.0,0.1095238095238095,0.1095238095238095,0.1233249097037458,0.1233249097037458,0.010336229670413,0.3771935359671315,0.010336229670413,0.3771935359671315,0.0935860475246731,114.17677931287994,0,0,Julianne Hough,29,Music,0
8,6,Chuck Wicks,percent,8.0,8.0,0.1236559139784946,0.1236559139784946,0.1366282423840711,0.1366282423840711,0.0062649335548658,0.4358246593779828,0.0062649335548658,0.4358246593779828,0.1095815627099788,83.27699030104738,0,0,Julianne Hough,29,Music,0
8,7,Chuck Wicks,percent,7.0,7.0,0.1483516483516483,0.1483516483516483,0.1605115939754884,0.1605115939754884,0.0076055124992244,0.4666781203362757,0.0076055124992244,0.4666781203362757,0.1171103591421049,72.9137398417425,0,0,Julianne Hough,29,Music,0
8,8,Chuck Wicks,percent,6.0,6.0,0.1634615384615384,0.1634615384615384,0.0286056869553259,0.0286056869553259,0.0009779593893507,0.0886098275870053,0.0009779593893507,0.0886098275870053,0.022355068417769,2001.004168071209,0,0,Julianne Hough,29,Music,0
8,9,Chuck Wicks,,,13.0,,,,,,,,,,,1,1,Julianne Hough,29,Music,1
8,10,Chuck Wicks,,,13.0,,,,,,,,,,,1,1,Julianne Hough,29,Music,1
8,11,Chuck Wicks,,,13.0,,,,,,,,,,,1,1,Julianne Hough,29,Music,1
8,1,David Alan Grier,percent,13.0,13.0,0.0781893004115226,0.0781893004115226,0.0756067830242763,0.0756067830242763,0.0020997428069317,0.2614195503473344,0.0020997428069317,0.2614195503473344,0.0661530121276537,228.5076546410916,0,0,Kym Johnson,52,Entertainment,0
8,2,David Alan Grier,percent,13.0,13.0,0.0641509433962264,0.0641509433962264,0.0932568339891876,0.0932568339891876,0.0111193326390861,0.293233613552548,0.0111193326390861,0.293233613552548,0.0719679288044545,193.0731987131633,0,0,Kym Johnson,52,Entertainment,0
8,3,David Alan Grier,percent,12.0,12.0,0.0944881889763779,0.0944881889763779,0.0846587217221697,0.0846587217221697,0.001846452688698,0.2851442830843149,0.001846452688698,0.2851442830843149,0.0722698546927594,191.4633427471161,0,0,Kym Johnson,52,Entertainment,0
8,4,David Alan Grier,percent,11.0,11.0,0.0909090909090909,0.0909090909090909,0.1062708172621085,0.1062708172621085,0.0046885176585546,0.3395455719462594,0.0046885176585546,0.3395455719462594,0.0854227179305369,137.04185515981737,0,0,Kym Johnson,52,Entertainment,0
8,5,David Alan Grier,percent,9.0,9.0,0.1047619047619047,0.1047619047619047,0.0151457138196358,0.0151457138196358,0.0004308213302735,0.0432584547437843,0.0004308213302735,0.0432584547437843,0.0109254166871201,8377.68410972614,0,0,Kym Johnson,52,Entertainment,0
8,6,David Alan Grier,,,13.0,,,,,,,,,,,1,1,Kym Johnson,52,Entertainment,1
8,7,David Alan Grier,,,13.0,,,,,,,,,,,1,1,Kym Johnson,52,Entertainment,1
8,8,David Alan Grier,,,13.0,,,,,,,,,,,1,1,Kym Johnson,52,Entertainment,1
8,9,David Alan Grier,,,13.0,,,,,,,,,,,1,1,Kym Johnson,52,Entertainment,1
8,10,David Alan Grier,,,13.0,,,,,,,,,,,1,1,Kym Johnson,52,Entertainment,1
8,11,David Alan Grier,,,13.0,,,,,,,,,,,1,1,Kym Johnson,52,Entertainment,1
8,1,Denise Richards,percent,13.0,13.0,0.074074074074074,0.074074074074074,0.0763729384075475,0.0763729384075475,0.0020613310303347,0.2606050103428177,0.0020613310303347,0.2606050103428177,0.0659550202327762,229.8816386342289,0,0,Maksim Chmerkoskiy,38,Entertainment,0
8,2,Denise Richards,percent,13.0,13.0,0.0792452830188679,0.0792452830188679,0.0737741624226803,0.0737741624226803,0.0030210017337203,0.2507226388491035,0.0030210017337203,0.2507226388491035,0.0631891931416794,250.4461617040582,0,0,Maksim Chmerkoskiy,38,Entertainment,0
8,3,Denise Richards,percent,12.0,12.0,0.0629921259842519,0.0629921259842519,0.0142797583846877,0.0142797583846877,0.0005687064253608,0.0398230723943555,0.0005687064253608,0.0398230723943555,0.0100138688696415,9972.319857860592,0,0,Maksim Chmerkoskiy,38,Entertainment,0
8,4,Denise Richards,,,13.0,,,,,,,,,,,1,1,Maksim Chmerkoskiy,38,Entertainment,1
8,5,Denise Richards,,,13.0,,,,,,,,,,,1,1,Maksim Chmerkoskiy,38,Entertainment,1
8,6,Denise Richards,,,13.0,,,,,,,,,,,1,1,Maksim Chmerkoskiy,38,Entertainment,1
8,7,Denise Richards,,,13.0,,,,,,,,,,,1,1,Maksim Chmerkoskiy,38,Entertainment,1
8,8,Denise Richards,,,13.0,,,,,,,,,,,1,1,Maksim Chmerkoskiy,38,Entertainment,1
8,9,Denise Richards,,,13.0,,,,,,,,,,,1,1,Maksim Chmerkoskiy,38,Entertainment,1
8,10,Denise Richards,,,13.0,,,,,,,,,,,1,1,Maksim Chmerkoskiy,38,Entertainment,1
8,11,Denise Richards,,,13.0,,,,,,,,,,,1,1,Maksim Chmerkoskiy,38,Entertainment,1
8,1,Gilles Marini,percent,13.0,13.0,0.0987654320987654,0.0987654320987654,0.0778632584230268,0.0778632584230268,0.0022615071228151,0.2662678458905244,0.0022615071228151,0.2662678458905244,0.0673485558080891,220.46691513401896,0,0,Cheryl Burke,33,Entertainment,0
8,2,Gilles Marini,percent,13.0,13.0,0.1018867924528302,0.1018867924528302,0.0714614463819294,0.0714614463819294,0.0024471526828996,0.2389134733989835,0.0024471526828996,0.2389134733989835,0.0603230409990009,274.81064152795153,0,0,Cheryl Burke,33,Entertainment,0
8,3,Gilles Marini,percent,12.0,12.0,0.1062992125984252,0.1062992125984252,0.0832939991469763,0.0832939991469763,0.0023136086023054,0.2708110736829658,0.0023136086023054,0.2708110736829658,0.0684942512960868,213.1531496619197,0,0,Cheryl Burke,33,Entertainment,0
8,4,Gilles Marini,percent,11.0,11.0,0.1239669421487603,0.1239669421487603,0.1012938893347636,0.1012938893347636,0.0028701567258069,0.3411554994932444,0.0028701567258069,0.3411554994932444,0.0862972813182238,134.2782806949253,0,0,Cheryl Burke,33,Entertainment,0
8,5,Gilles Marini,percent,9.0,9.0,0.1380952380952381,0.1380952380952381,0.113758263802454,0.113758263802454,0.002936911092351,0.3680711836655018,0.002936911092351,0.3680711836655018,0.0931464981053956,115.2569004194887,0,0,Cheryl Burke,33,Entertainment,0
8,6,Gilles Marini,percent,8.0,8.0,0.1397849462365591,0.1397849462365591,0.1347023754562023,0.1347023754562023,0.0050770333856528,0.4284691921612878,0.0050770333856528,0.4284691921612878,0.1080082037692946,85.7208586809657,0,0,Cheryl Burke,33,Entertainment,0
8,7,Gilles Marini,percent,7.0,7.0,0.1483516483516483,0.1483516483516483,0.1617440107979852,0.1617440107979852,0.0076205752298675,0.4864833016986304,0.0076205752298675,0.4864833016986304,0.1221588587930517,67.01161214952306,0,0,Cheryl Burke,33,Entertainment,0
8,8,Gilles Marini,percent,6.0,6.0,0.1762820512820513,0.1762820512820513,0.184423633330244,0.184423633330244,0.0140131043397509,0.5313418895614456,0.0140131043397509,0.5313418895614456,0.1319716288830854,57.416781682491134,0,0,Cheryl Burke,33,Entertainment,0
8,9,Gilles Marini,percent,5.0,5.0,0.2097378277153558,0.2097378277153558,0.2342280910534084,0.2342280910534084,0.0198374976340528,0.6301746544890385,0.0198374976340528,0.6301746544890385,0.1556982542997412,41.25081310841225,0,0,Cheryl Burke,33,Entertainment,0
8,10,Gilles Marini,percent,4.0,4.0,0.273972602739726,0.273972602739726,0.2954621222963384,0.2954621222963384,0.0190268616575577,0.7631425629244984,0.0190268616575577,0.7631425629244984,0.1898254339966685,27.75180255926125,0,0,Cheryl Burke,33,Entertainment,0
8,11,Gilles Marini,percent,3.0,3.0,0.3314285714285714,0.3314285714285714,0.330812796864231,0.330812796864231,0.011966448805449,0.8331364511891882,0.011966448805449,0.8331364511891882,0.2094821434652396,22.78798799071049,0,0,Cheryl Burke,33,Entertainment,0
8,1,Holly Madison,percent,13.0,13.0,0.074074074074074,0.074074074074074,0.0769038807161718,0.0769038807161718,0.0021399593619489,0.2670624479549023,0.0021399593619489,0.2670624479549023,0.0675822674982024,218.94472285865777,0,0,Dmitry Chaplin,30,Media,0
8,2,Holly Madison,percent,13.0,13.0,0.0679245283018867,0.0679245283018867,0.0814038220281663,0.0814038220281663,0.00878231251439,0.2459203344023196,0.00878231251439,0.2459203344023196,0.0604943933387575,273.2560262115524,0,0,Dmitry Chaplin,30,Media,0
8,3,Holly Madison,percent,12.0,12.0,0.0669291338582677,0.0669291338582677,0.0917521815519051,0.0917521815519051,0.0074393482233209,0.2900967337479633,0.0074393482233209,0.2900967337479633,0.0721064758991434,192.3319606585531,0,0,Dmitry Chaplin,30,Media,0
8,4,Holly Madison,percent,11.0,11.0,0.0661157024793388,0.0661157024793388,0.0215363338723935,0.0215363338723935,0.0008071492345742,0.0571014996514699,0.0008071492345742,0.0571014996514699,0.0143608036777795,4848.891984454877,0,0,Dmitry Chaplin,30,Media,0
8,5,Holly Madison,,,13.0,,,,,,,,,,,1,1,Dmitry Chaplin,30,Media,1
8,6,Holly Madison,,,13.0,,,,,,,,,,,1,1,Dmitry Chaplin,30,Media,1
8,7,Holly Madison,,,13.0,,,,,,,,,,,1,1,Dmitry Chaplin,30,Media,1
8,8,Holly Madison,,,13.0,,,,,,,,,,,1,1,Dmitry Chaplin,30,Media,1
8,9,Holly Madison,,,13.0,,,,,,,,,,,1,1,Dmitry Chaplin,30,Media,1
8,10,Holly Madison,,,13.0,,,,,,,,,,,1,1,Dmitry Chaplin,30,Media,1
8,11,Holly Madison,,,13.0,,,,,,,,,,,1,1,Dmitry Chaplin,30,Media,1
8,1,Lawrence Taylor,percent,13.0,13.0,0.0658436213991769,0.0658436213991769,0.076190155653063,0.076190155653063,0.0020954389499245,0.2652541324665978,0.0020954389499245,0.2652541324665978,0.0671323197746615,221.88946896762803,0,0,Edyta Sliwinska,50,Sports,0
8,2,Lawrence Taylor,percent,13.0,13.0,0.0754716981132075,0.0754716981132075,0.0852281423283625,0.0852281423283625,0.0053591992300369,0.2766561432808698,0.0053591992300369,0.2766561432808698,0.0692084040946002,208.77684506102744,0,0,Edyta Sliwinska,50,Sports,0
8,3,Lawrence Taylor,percent,12.0,12.0,0.0787401574803149,0.0787401574803149,0.0851773752501637,0.0851773752501637,0.0034828013681846,0.2790995157317973,0.0034828013681846,0.2790995157317973,0.0703103863172481,202.2837665676212,0,0,Edyta Sliwinska,50,Sports,0
8,4,Lawrence Taylor,percent,11.0,11.0,0.0785123966942148,0.0785123966942148,0.1147935403933463,0.1147935403933463,0.0103205546767764,0.3410061705812822,0.0103205546767764,0.3410061705812822,0.0843585754858433,140.521094921505,0,0,Edyta Sliwinska,50,Sports,0
8,5,Lawrence Taylor,percent,9.0,9.0,0.0952380952380952,0.0952380952380952,0.1349728425201744,0.1349728425201744,0.0226608259321765,0.3794233875065693,0.0226608259321765,0.3794233875065693,0.0910108575444879,120.72955142483792,0,0,Edyta Sliwinska,50,Sports,0
8,6,Lawrence Taylor,percent,8.0,8.0,0.1182795698924731,0.1182795698924731,0.1386062996586603,0.1386062996586603,0.0059147174124072,0.4351708602235287,0.0059147174124072,0.4351708602235287,0.1095041180640616,83.39482399957468,0,0,Edyta Sliwinska,50,Sports,0
8,7,Lawrence Taylor,percent,7.0,7.0,0.1153846153846153,0.1153846153846153,0.0304371739342711,0.0304371739342711,0.0011453268714499,0.0842490782856598,0.0011453268714499,0.0842490782856598,0.0211999365852576,2225.004411155456,0,0,Edyta Sliwinska,50,Sports,0
8,8,Lawrence Taylor,,,13.0,,,,,,,,,,,1,1,Edyta Sliwinska,50,Sports,1
8,9,Lawrence Taylor,,,13.0,,,,,,,,,,,1,1,Edyta Sliwinska,50,Sports,1
8,10,Lawrence Taylor,,,13.0,,,,,,,,,,,1,1,Edyta Sliwinska,50,Sports,1
8,11,Lawrence Taylor,,,13.0,,,,,,,,,,,1,1,Edyta Sliwinska,50,Sports,1
8,1,Lil' Kim,percent,13.0,13.0,0.0864197530864197,0.0864197530864197,0.0779389278274383,0.0779389278274383,0.0021402165447546,0.2739065160620231,0.0021402165447546,0.2739065160620231,0.0693281376319562,208.0563294113008,0,0,Derek Hough,34,Music,0
8,2,Lil' Kim,percent,13.0,13.0,0.0867924528301886,0.0867924528301886,0.0822339244778614,0.0822339244778614,0.0028852598715857,0.2786724102063757,0.0028852598715857,0.2786724102063757,0.0703538648813239,202.03382180420448,0,0,Derek Hough,34,Music,0
8,3,Lil' Kim,percent,12.0,12.0,0.0984251968503937,0.0984251968503937,0.0818538597753684,0.0818538597753684,0.0025626091855926,0.2825065372371612,0.0025626091855926,0.2825065372371612,0.071414267360094,196.0785243145773,0,0,Derek Hough,34,Music,0
8,4,Lil' Kim,percent,11.0,11.0,0.1115702479338843,0.1115702479338843,0.0971527034503069,0.0971527034503069,0.0037075224540908,0.3149383793038549,0.0037075224540908,0.3149383793038549,0.0793956267473888,158.6378580217782,0,0,Derek Hough,34,Music,0
8,5,Lil' Kim,percent,9.0,9.0,0.1238095238095238,0.1238095238095238,0.1110252144033783,0.1110252144033783,0.004355370749686,0.3519419712633911,0.004355370749686,0.3519419712633911,0.0886700511514553,127.18798354172183,0,0,Derek Hough,34,Music,0
8,6,Lil' Kim,percent,8.0,8.0,0.1505376344086021,0.1505376344086021,0.1345632934910451,0.1345632934910451,0.0039794005414725,0.4179271250953351,0.0039794005414725,0.4179271250953351,0.1055989093249649,89.6770131216442,0,0,Derek Hough,34,Music,0
8,7,Lil' Kim,percent,7.0,7.0,0.1428571428571428,0.1428571428571428,0.1604403862707688,0.1604403862707688,0.0092849025431261,0.4696855477283501,0.0092849025431261,0.4696855477283501,0.117449144179904,72.49370345260974,0,0,Derek Hough,34,Music,0
8,8,Lil' Kim,percent,6.0,6.0,0.1794871794871795,0.1794871794871795,0.1825331185393787,0.1825331185393787,0.0107662411120788,0.5178590631258106,0.0107662411120788,0.5178590631258106,0.1293604137790132,59.75815878014054,0,0,Derek Hough,34,Music,0
8,9,Lil' Kim,percent,5.0,5.0,0.1947565543071161,0.1947565543071161,0.041672097180159,0.041672097180159,0.0011882889018007,0.1282776558982788,0.0011882889018007,0.1282776558982788,0.0324207568868566,951.379306616446,0,0,Derek Hough,34,Music,0
8,10,Lil' Kim,,,13.0,,,,,,,,,,,1,1,Derek Hough,34,Music,1
8,11,Lil' Kim,,,13.0,,,,,,,,,,,1,1,Derek Hough,34,Music,1
8,1,Melissa Rycroft,percent,13.0,13.0,0.0946502057613168,0.0946502057613168,0.0760815289071366,0.0760815289071366,0.0021782549468016,0.2661647728863743,0.0021782549468016,0.2661647728863743,0.0673434994743808,220.50002289208487,0,0,Tony Dovolani,26,Media,0
8,2,Melissa Rycroft,percent,13.0,13.0,0.0981132075471698,0.0981132075471698,0.0776039790985357,0.0776039790985357,0.0020035735441855,0.2622856237344547,0.0020035735441855,0.2622856237344547,0.0663984821913952,226.82122738565107,0,0,Tony Dovolani,26,Media,0
8,3,Melissa Rycroft,percent,12.0,12.0,0.1062992125984252,0.1062992125984252,0.0849035139671541,0.0849035139671541,0.0023737740840546,0.2692335757557623,0.0023737740840546,0.2692335757557623,0.0680764800182927,215.77733064580252,0,0,Tony Dovolani,26,Media,0
8,4,Melissa Rycroft,percent,11.0,11.0,0.1198347107438016,0.1198347107438016,0.0963572244935375,0.0963572244935375,0.0030120361774303,0.3366805955104261,0.0030120361774303,0.3366805955104261,0.0851195304420907,138.01985334847168,0,0,Tony Dovolani,26,Media,0
8,5,Melissa Rycroft,percent,9.0,9.0,0.119047619047619,0.119047619047619,0.1200818345223053,0.1200818345223053,0.0055183820529345,0.362797452622225,0.0055183820529345,0.362797452622225,0.0911426200431863,120.38073264532908,0,0,Tony Dovolani,26,Media,0
8,6,Melissa Rycroft,percent,8.0,8.0,0.1451612903225806,0.1451612903225806,0.1347954628413757,0.1347954628413757,0.0037935971640106,0.4196015603710573,0.0037935971640106,0.4196015603710573,0.1060734600017976,88.87641524791306,0,0,Tony Dovolani,26,Media,0
8,7,Melissa Rycroft,percent,7.0,7.0,0.1593406593406593,0.1593406593406593,0.1597038236200376,0.1597038236200376,0.0070040515402803,0.4782237212078916,0.0070040515402803,0.4782237212078916,0.1202090994050028,69.20306233796212,0,0,Tony Dovolani,26,Media,0
8,8,Melissa Rycroft,percent,6.0,6.0,0.1474358974358974,0.1474358974358974,0.2161516608131395,0.2161516608131395,0.0363150897593601,0.5797051652635485,0.0363150897593601,0.5797051652635485,0.1386199172204562,52.041371047160105,0,0,Tony Dovolani,26,Media,0
8,9,Melissa Rycroft,percent,5.0,5.0,0.2134831460674157,0.2134831460674157,0.2261447849880757,0.2261447849880757,0.0195368872910917,0.5872345702763822,0.0195368872910917,0.5872345702763822,0.1448208374962475,47.68018048292411,0,0,Tony Dovolani,26,Media,0
8,10,Melissa Rycroft,percent,4.0,4.0,0.2511415525114155,0.2511415525114155,0.3129803965339405,0.3129803965339405,0.0287552747584825,0.7550474202651449,0.0287552747584825,0.7550474202651449,0.1852786085476179,29.13060061655884,0,0,Tony Dovolani,26,Media,0
8,11,Melissa Rycroft,percent,3.0,3.0,0.3257142857142857,0.3257142857142857,0.3369175094564782,0.3369175094564782,0.0129415526525693,0.8434085101683472,0.0129415526525693,0.8434085101683472,0.2118538156928004,22.280627558344047,0,0,Tony Dovolani,26,Media,0
8,1,Shawn Johnson,percent,13.0,13.0,0.0946502057613168,0.0946502057613168,0.0764623153371894,0.0764623153371894,0.0020236740220525,0.2584404876445318,0.0020236740220525,0.2584404876445318,0.0654124524547141,233.71099040516583,0,0,Mark Ballas,17,Sports,0
8,2,Shawn Johnson,percent,13.0,13.0,0.090566037735849,0.090566037735849,0.0782893468859773,0.0782893468859773,0.0022371834981924,0.2654042060890205,0.0022371834981924,0.2654042060890205,0.0671344445384765,221.87542385987217,0,0,Mark Ballas,17,Sports,0
8,3,Shawn Johnson,percent,12.0,12.0,0.1062992125984252,0.1062992125984252,0.0851023555058853,0.0851023555058853,0.0026275817215842,0.3024098313647567,0.0026275817215842,0.3024098313647567,0.0764750636844827,170.98590263837065,0,0,Mark Ballas,17,Sports,0
8,4,Shawn Johnson,percent,11.0,11.0,0.1033057851239669,0.1033057851239669,0.0978296306659524,0.0978296306659524,0.0035859535481726,0.335857289965768,0.0035859535481726,0.335857289965768,0.0847630960248967,139.1830590940885,0,0,Mark Ballas,17,Sports,0
8,5,Shawn Johnson,percent,9.0,9.0,0.1238095238095238,0.1238095238095238,0.1099880522017408,0.1099880522017408,0.0041074234801378,0.3457739137338222,0.0041074234801378,0.3457739137338222,0.0871598189422664,131.6337825719912,0,0,Mark Ballas,17,Sports,0
8,6,Shawn Johnson,percent,8.0,8.0,0.1397849462365591,0.1397849462365591,0.1348919746701773,0.1348919746701773,0.0035522737102082,0.4448199235570767,0.0035522737102082,0.4448199235570767,0.1125682780221603,78.91652524575412,0,0,Mark Ballas,17,Sports,0
8,7,Shawn Johnson,percent,7.0,7.0,0.1538461538461538,0.1538461538461538,0.1588792606292463,0.1588792606292463,0.0070714679005579,0.4831921733246392,0.0070714679005579,0.4831921733246392,0.1214593636285921,67.78568627378111,0,0,Mark Ballas,17,Sports,0
8,8,Shawn Johnson,percent,6.0,6.0,0.1666666666666666,0.1666666666666666,0.1928359166805975,0.1928359166805975,0.0211986114557964,0.5417248495912593,0.0211986114557964,0.5417248495912593,0.1327873056468017,56.713556452876034,0,0,Mark Ballas,17,Sports,0
8,9,Shawn Johnson,percent,5.0,5.0,0.2097378277153558,0.2097378277153558,0.2299380708213254,0.2299380708213254,0.0190823514459945,0.6292527017275906,0.0190823514459945,0.6292527017275906,0.155655701602448,41.27337024289767,0,0,Mark Ballas,17,Sports,0
8,10,Shawn Johnson,percent,4.0,4.0,0.2557077625570776,0.2557077625570776,0.3189699848242305,0.3189699848242305,0.0331296880151533,0.791237153485359,0.0331296880151533,0.791237153485359,0.1933947615995422,26.736871406643733,0,0,Mark Ballas,17,Sports,0
8,11,Shawn Johnson,percent,3.0,3.0,0.3428571428571428,0.3428571428571428,0.332269693679292,0.332269693679292,0.0118292873983313,0.8362907897136941,0.0118292873983313,0.8362907897136941,0.2103218118151435,22.60639810190834,0,0,Mark Ballas,17,Sports,0
8,1,Steve Wozniak,percent,13.0,13.0,0.0534979423868312,0.0534979423868312,0.0767271767493075,0.0767271767493075,0.0022006993407314,0.2683225597525153,0.0022006993407314,0.2683225597525153,0.0678882296968836,216.97566711002543,0,0,Karina Smirnoff,58,Other,0
8,2,Steve Wozniak,percent,13.0,13.0,0.0641509433962264,0.0641509433962264,0.0907350452235446,0.0907350452235446,0.0108403248728163,0.2600533797453354,0.0108403248728163,0.2600533797453354,0.0635747588960507,247.4175809355848,0,0,Karina Smirnoff,58,Other,0
8,3,Steve Wozniak,percent,12.0,12.0,0.0393700787401574,0.0393700787401574,0.1200228949403577,0.1200228949403577,0.0364942412869691,0.3305263343979236,0.0364942412869691,0.3305263343979236,0.0750081870181006,177.73897160177577,0,0,Karina Smirnoff,58,Other,0
8,4,Steve Wozniak,percent,11.0,11.0,0.0495867768595041,0.0495867768595041,0.0275487276310307,0.0275487276310307,0.0013806387990717,0.0675900025577971,0.0013806387990717,0.0675900025577971,0.0168901438160013,3505.3654756129818,0,0,Karina Smirnoff,58,Other,0
8,5,Steve Wozniak,,,13.0,,,,,,,,,,,1,1,Karina Smirnoff,58,Other,1
8,6,Steve Wozniak,,,13.0,,,,,,,,,,,1,1,Karina Smirnoff,58,Other,1
8,7,Steve Wozniak,,,13.0,,,,,,,,,,,1,1,Karina Smirnoff,58,Other,1
8,8,Steve Wozniak,,,13.0,,,,,,,,,,,1,1,Karina Smirnoff,58,Other,1
8,9,Steve Wozniak,,,13.0,,,,,,,,,,,1,1,Karina Smirnoff,58,Other,1
8,10,Steve Wozniak,,,13.0,,,,,,,,,,,1,1,Karina Smirnoff,58,Other,1
8,11,Steve Wozniak,,,13.0,,,,,,,,,,,1,1,Karina Smirnoff,58,Other,1
8,1,Steve-O,percent,13.0,13.0,0.0699588477366255,0.0699588477366255,0.0775950585505729,0.0775950585505729,0.0022604030677033,0.2719107645727269,0.0022604030677033,0.2719107645727269,0.0687883575267917,211.33436357411315,0,0,Lacey Schwimmer,34,Media,0
8,2,Steve-O,percent,13.0,13.0,0.0528301886792452,0.0528301886792452,0.0982327921505407,0.0982327921505407,0.0239309822288145,0.2919312423938414,0.0239309822288145,0.2919312423938414,0.0683674133074048,213.94478399582405,0,0,Lacey Schwimmer,34,Media,0
8,3,Steve-O,percent,12.0,12.0,0.0590551181102362,0.0590551181102362,0.1011412448580078,0.1011412448580078,0.0148478976689494,0.2988777733958869,0.0148478976689494,0.2988777733958869,0.0724566009507493,190.47767724204,0,0,Lacey Schwimmer,34,Media,0
8,4,Steve-O,percent,11.0,11.0,0.0619834710743801,0.0619834710743801,0.1308966846147161,0.1308966846147161,0.0211976436947176,0.3539713423873422,0.0211976436947176,0.3539713423873422,0.0848912496664858,138.763148855482,0,0,Lacey Schwimmer,34,Media,0
8,5,Steve-O,percent,9.0,9.0,0.0857142857142857,0.0857142857142857,0.1443836818579376,0.1443836818579376,0.0320824011143007,0.4207900268917763,0.0320824011143007,0.4207900268917763,0.0991601086167029,101.70118479570422,0,0,Lacey Schwimmer,34,Media,0
8,6,Steve-O,percent,8.0,8.0,0.086021505376344,0.086021505376344,0.0302157970536632,0.0302157970536632,0.0013117864385515,0.0776826836814544,0.0013117864385515,0.0776826836814544,0.0194823717456384,2634.610074334348,0,0,Lacey Schwimmer,34,Media,0
8,7,Steve-O,,,13.0,,,,,,,,,,,1,1,Lacey Schwimmer,34,Media,1
8,8,Steve-O,,,13.0,,,,,,,,,,,1,1,Lacey Schwimmer,34,Media,1
8,9,Steve-O,,,13.0,,,,,,,,,,,1,1,Lacey Schwimmer,34,Media,1
8,10,Steve-O,,,13.0,,,,,,,,,,,1,1,Lacey Schwimmer,34,Media,1
8,11,Steve-O,,,13.0,,,,,,,,,,,1,1,Lacey Schwimmer,34,Media,1
8,1,Ty Murray,percent,13.0,13.0,0.0576131687242798,0.0576131687242798,0.0778049310918226,0.0778049310918226,0.0021536436288286,0.2720730435211295,0.0021536436288286,0.2720730435211295,0.0688569897684441,210.91328438797817,0,0,Chelsie Hightower,39,Sports,0
8,2,Ty Murray,percent,13.0,13.0,0.0754716981132075,0.0754716981132075,0.0787630391626997,0.0787630391626997,0.0036093428554483,0.2516317863418215,0.0036093428554483,0.2516317863418215,0.0632710315016258,249.79869801559408,0,0,Chelsie Hightower,39,Sports,0
8,3,Ty Murray,percent,12.0,12.0,0.0905511811023622,0.0905511811023622,0.0840326769849096,0.0840326769849096,0.0028776046470621,0.2667070653711695,0.0028776046470621,0.2667070653711695,0.0673034338581906,220.76262758704792,0,0,Chelsie Hightower,39,Sports,0
8,4,Ty Murray,percent,11.0,11.0,0.1033057851239669,0.1033057851239669,0.0988136647284992,0.0988136647284992,0.0034060482667819,0.3282254308260791,0.0034060482667819,0.3282254308260791,0.0828620873875758,145.64254559290276,0,0,Chelsie Hightower,39,Sports,0
8,5,Ty Murray,percent,9.0,9.0,0.1,0.1,0.1273194871686276,0.1273194871686276,0.0161276459676781,0.3994191345444361,0.0161276459676781,0.3994191345444361,0.0977784409634586,104.59568857578088,0,0,Chelsie Hightower,39,Sports,0
8,6,Ty Murray,percent,8.0,8.0,0.0967741935483871,0.0967741935483871,0.155596554444805,0.155596554444805,0.0119087936407599,0.4496907368173949,0.0119087936407599,0.4496907368173949,0.1116790671368966,80.17822634121613,0,0,Chelsie Hightower,39,Sports,0
8,7,Ty Murray,percent,7.0,7.0,0.1318681318681318,0.1318681318681318,0.1682837507722016,0.1682837507722016,0.0138204161423513,0.4919083594069424,0.0138204161423513,0.4919083594069424,0.1219612100164773,67.22898446491257,0,0,Chelsie Hightower,39,Sports,0
8,8,Ty Murray,percent,6.0,6.0,0.1666666666666666,0.1666666666666666,0.1954499836813147,0.1954499836813147,0.0190300989360097,0.551242521633808,0.0190300989360097,0.551242521633808,0.1357684751780097,54.25029687228396,0,0,Chelsie Hightower,39,Sports,0
8,9,Ty Murray,percent,5.0,5.0,0.1722846441947565,0.1722846441947565,0.2680169559570322,0.2680169559570322,0.0534744407976172,0.6535612492311582,0.0534744407976172,0.6535612492311582,0.1530833694983523,42.67209589187602,0,0,Chelsie Hightower,39,Sports,0
8,10,Ty Murray,percent,4.0,4.0,0.2191780821917808,0.2191780821917808,0.0725874963454913,0.0725874963454913,0.0028404545021117,0.2025841610612945,0.0028404545021117,0.2025841610612945,0.050955027183465,385.1464726755698,0,0,Chelsie Hightower,39,Sports,0
8,11,Ty Murray,,,13.0,,,,,,,,,,,1,1,Chelsie Hightower,39,Sports,1
9,1,Aaron Carter,percent,16.0,16.0,0.078817798296742,0.078817798296742,0.0605969910141637,0.0605969910141637,0.0023253205697113,0.2204626320670024,0.0023253205697113,0.2204626320670024,0.0556472733411456,322.9328471516139,0,0,Karina Smirnoff,21,Music,0
9,2,Aaron Carter,percent,14.0,14.0,0.0918367346938775,0.0918367346938775,0.0719913890514465,0.0719913890514465,0.0016712081086683,0.2514172369786802,0.0016712081086683,0.2514172369786802,0.0637107216505132,246.3626978505141,0,0,Karina Smirnoff,21,Music,0
9,3,Aaron Carter,percent,13.0,13.0,0.0813953488372093,0.0813953488372093,0.0755268286180251,0.0755268286180251,0.0024401014243196,0.2551945679543266,0.0024401014243196,0.2551945679543266,0.0644781802372466,240.5328827036628,0,0,Karina Smirnoff,21,Music,0
9,4,Aaron Carter,percent,11.0,11.0,0.0743801652892562,0.0743801652892562,0.1034396390640815,0.1034396390640815,0.0092049955739015,0.3328394563957119,0.0092049955739015,0.3328394563957119,0.0825598114341353,146.71097904647837,0,0,Karina Smirnoff,21,Music,0
9,5,Aaron Carter,percent,10.0,10.0,0.0991735537190082,0.0991735537190082,0.1080676030865886,0.1080676030865886,0.0047467337171757,0.3331675950049501,0.0047467337171757,0.3331675950049501,0.0837808319611669,142.46581360632524,0,0,Karina Smirnoff,21,Music,0
9,6,Aaron Carter,percent,9.0,9.0,0.1269227470402782,0.1269227470402782,0.1334152556792293,0.1334152556792293,0.007421220262416,0.4048839804772475,0.007421220262416,0.4048839804772475,0.1013935612792937,97.27007385369468,0,0,Karina Smirnoff,21,Music,0
9,7,Aaron Carter,percent,7.0,7.0,0.150997150997151,0.150997150997151,0.1818903309494917,0.1818903309494917,0.0173173454686393,0.5217799464997962,0.0173173454686393,0.5217799464997962,0.1286894390385604,60.38293023523231,0,0,Karina Smirnoff,21,Music,0
9,8,Aaron Carter,percent,5.0,5.0,0.1908396946564885,0.1908396946564885,0.0414162855406441,0.0414162855406441,0.0015464716481781,0.1191847478925968,0.0015464716481781,0.1191847478925968,0.0300097643480659,1110.388179036349,0,0,Karina Smirnoff,21,Music,0
9,9,Aaron Carter,,,16.0,,,,,,,,,,,1,1,Karina Smirnoff,21,Music,1
9,10,Aaron Carter,,,16.0,,,,,,,,,,,1,1,Karina Smirnoff,21,Music,1
9,1,Ashley Hamiliton,percent,16.0,16.0,0.0467979676767199,0.0467979676767199,0.0101167181592435,0.0101167181592435,0.0003236038712575,0.0296803168305515,0.0003236038712575,0.0296803168305515,0.007488957387575,17830.243784285223,0,0,Edyta Sliwinska,34,Entertainment,0
9,2,Ashley Hamiliton,,,16.0,,,,,,,,,,,1,1,Edyta Sliwinska,34,Entertainment,1
9,3,Ashley Hamiliton,,,16.0,,,,,,,,,,,1,1,Edyta Sliwinska,34,Entertainment,1
9,4,Ashley Hamiliton,,,16.0,,,,,,,,,,,1,1,Edyta Sliwinska,34,Entertainment,1
9,5,Ashley Hamiliton,,,16.0,,,,,,,,,,,1,1,Edyta Sliwinska,34,Entertainment,1
9,6,Ashley Hamiliton,,,16.0,,,,,,,,,,,1,1,Edyta Sliwinska,34,Entertainment,1
9,7,Ashley Hamiliton,,,16.0,,,,,,,,,,,1,1,Edyta Sliwinska,34,Entertainment,1
9,8,Ashley Hamiliton,,,16.0,,,,,,,,,,,1,1,Edyta Sliwinska,34,Entertainment,1
9,9,Ashley Hamiliton,,,16.0,,,,,,,,,,,1,1,Edyta Sliwinska,34,Entertainment,1
9,10,Ashley Hamiliton,,,16.0,,,,,,,,,,,1,1,Edyta Sliwinska,34,Entertainment,1
9,1,Chuck Liddell,percent,16.0,16.0,0.0541874056646528,0.0541874056646528,0.0725296870305725,0.0725296870305725,0.0045280107998016,0.212777358809429,0.0045280107998016,0.212777358809429,0.0531248336759253,354.32747817336576,0,0,Anna Trebunskaya,39,Sports,0
9,2,Chuck Liddell,percent,14.0,14.0,0.064625850340136,0.064625850340136,0.081798385055675,0.081798385055675,0.0054892584894144,0.2737905645161926,0.0054892584894144,0.2737905645161926,0.0684442107211169,213.46494244031345,0,0,Anna Trebunskaya,39,Sports,0
9,3,Chuck Liddell,percent,13.0,13.0,0.065891472868217,0.065891472868217,0.0867102880036297,0.0867102880036297,0.0084352452325226,0.2737615118284957,0.0084352452325226,0.2737615118284957,0.0676852720908094,218.2788423490468,0,0,Anna Trebunskaya,39,Sports,0
9,4,Chuck Liddell,percent,11.0,11.0,0.0702479338842975,0.0702479338842975,0.015747501760561,0.015747501760561,0.000544303901582,0.0443723903478388,0.000544303901582,0.0443723903478388,0.0111806342975144,7999.578691324325,0,0,Anna Trebunskaya,39,Sports,0
9,5,Chuck Liddell,,,16.0,,,,,,,,,,,1,1,Anna Trebunskaya,39,Sports,1
9,6,Chuck Liddell,,,16.0,,,,,,,,,,,1,1,Anna Trebunskaya,39,Sports,1
9,7,Chuck Liddell,,,16.0,,,,,,,,,,,1,1,Anna Trebunskaya,39,Sports,1
9,8,Chuck Liddell,,,16.0,,,,,,,,,,,1,1,Anna Trebunskaya,39,Sports,1
9,9,Chuck Liddell,,,16.0,,,,,,,,,,,1,1,Anna Trebunskaya,39,Sports,1
9,10,Chuck Liddell,,,16.0,,,,,,,,,,,1,1,Anna Trebunskaya,39,Sports,1
9,1,Debi Mazar,percent,16.0,16.0,0.0541874056646528,0.0541874056646528,0.0731683058404567,0.0731683058404567,0.0055824611029653,0.2316659994975283,0.0055824611029653,0.2316659994975283,0.0576743720394293,300.63133872561855,0,0,Maksim Chmerkoskiy,45,Entertainment,0
9,2,Debi Mazar,percent,14.0,14.0,0.0714285714285714,0.0714285714285714,0.0786177899077232,0.0786177899077232,0.0028736274117602,0.2599859598992655,0.0028736274117602,0.2599859598992655,0.0655898807366084,232.44826961448737,0,0,Maksim Chmerkoskiy,45,Entertainment,0
9,3,Debi Mazar,percent,13.0,13.0,0.065891472868217,0.065891472868217,0.0097132563298932,0.0097132563298932,0.0003704375247531,0.0280317961267956,0.0003704375247531,0.0280317961267956,0.0070564690311332,20082.83962994188,0,0,Maksim Chmerkoskiy,45,Entertainment,0
9,4,Debi Mazar,,,16.0,,,,,,,,,,,1,1,Maksim Chmerkoskiy,45,Entertainment,1
9,5,Debi Mazar,,,16.0,,,,,,,,,,,1,1,Maksim Chmerkoskiy,45,Entertainment,1
9,6,Debi Mazar,,,16.0,,,,,,,,,,,1,1,Maksim Chmerkoskiy,45,Entertainment,1
9,7,Debi Mazar,,,16.0,,,,,,,,,,,1,1,Maksim Chmerkoskiy,45,Entertainment,1
9,8,Debi Mazar,,,16.0,,,,,,,,,,,1,1,Maksim Chmerkoskiy,45,Entertainment,1
9,9,Debi Mazar,,,16.0,,,,,,,,,,,1,1,Maksim Chmerkoskiy,45,Entertainment,1
9,10,Debi Mazar,,,16.0,,,,,,,,,,,1,1,Maksim Chmerkoskiy,45,Entertainment,1
9,1,Donny Osmond,percent,16.0,16.0,0.0738916705090463,0.0738916705090463,0.0636456370712049,0.0636456370712049,0.0015451610533313,0.2413254391752501,0.0015451610533313,0.2413254391752501,0.0611684382964078,267.26692368696115,0,0,Kym Johnson,51,Music,0
9,2,Donny Osmond,percent,14.0,14.0,0.0850340136054421,0.0850340136054421,0.0702403593830376,0.0702403593830376,0.0018806608314594,0.2463312370794471,0.0018806608314594,0.2463312370794471,0.0623598408795887,257.1520573767218,0,0,Kym Johnson,51,Music,0
9,3,Donny Osmond,percent,13.0,13.0,0.0813953488372093,0.0813953488372093,0.0755756763280097,0.0755756763280097,0.0024107374027269,0.249383970529509,0.0024107374027269,0.249383970529509,0.0630033757976484,251.92563377017672,0,0,Kym Johnson,51,Music,0
9,4,Donny Osmond,percent,11.0,11.0,0.0991735537190082,0.0991735537190082,0.0924289105109935,0.0924289105109935,0.0027430633822755,0.3211349287761369,0.0027430633822755,0.3211349287761369,0.0812224146412911,151.582200452755,0,0,Kym Johnson,51,Music,0
9,5,Donny Osmond,percent,10.0,10.0,0.1198347107438016,0.1198347107438016,0.1059941007060619,0.1059941007060619,0.0034055115267951,0.3574193810579033,0.0034055115267951,0.3574193810579033,0.0903096605946704,122.61160566930624,0,0,Kym Johnson,51,Music,0
9,6,Donny Osmond,percent,9.0,9.0,0.1192307973373754,0.1192307973373754,0.1347648839666729,0.1347648839666729,0.0079502879499139,0.4199738538377698,0.0079502879499139,0.4199738538377698,0.1051080525224122,90.516555948099,0,0,Kym Johnson,51,Music,0
9,7,Donny Osmond,percent,7.0,7.0,0.1481481481481481,0.1481481481481481,0.1904416412457794,0.1904416412457794,0.0204030453523609,0.5205493774256351,0.0204030453523609,0.5205493774256351,0.1275883500186924,61.42963823311749,0,0,Kym Johnson,51,Music,0
9,8,Donny Osmond,percent,5.0,5.0,0.1908396946564885,0.1908396946564885,0.252314854588835,0.252314854588835,0.0319882759256236,0.673857705865474,0.0319882759256236,0.673857705865474,0.1637422015152679,37.29741643859995,0,0,Kym Johnson,51,Music,0
9,9,Donny Osmond,percent,4.0,4.0,0.2312501699224591,0.2312501699224591,0.3335253796294947,0.3335253796294947,0.0741102743021305,0.7519718610591094,0.0741102743021305,0.7519718610591094,0.1729238741726987,33.441833960291866,0,0,Kym Johnson,51,Music,0
9,10,Donny Osmond,percent,3.0,3.0,0.3512776905634048,0.3512776905634048,0.332823369011081,0.332823369011081,0.0115656232533149,0.8408705669427434,0.0115656232533149,0.8408705669427434,0.2115573835942419,22.34311008943969,0,0,Kym Johnson,51,Music,0
9,1,Joanna Krupa,percent,16.0,16.0,0.0837439260844377,0.0837439260844377,0.0694787524934337,0.0694787524934337,0.0021412218967283,0.2302898970146818,0.0021412218967283,0.2302898970146818,0.058201192632131,295.21351228070625,0,0,Derek Hough,30,Fashion,0
9,2,Joanna Krupa,percent,14.0,14.0,0.0680272108843537,0.0680272108843537,0.0760210828972243,0.0760210828972243,0.0035972035170788,0.2516442599133043,0.0035972035170788,0.2516442599133043,0.0632773103051595,249.74912703589243,0,0,Derek Hough,30,Fashion,0
9,3,Joanna Krupa,percent,13.0,13.0,0.0891472868217054,0.0891472868217054,0.0796269754715329,0.0796269754715329,0.0023736174970013,0.2768205316542585,0.0023736174970013,0.2768205316542585,0.0700119678972594,204.0118668878565,0,0,Derek Hough,30,Fashion,0
9,4,Joanna Krupa,percent,11.0,11.0,0.1074380165289256,0.1074380165289256,0.0949230307928861,0.0949230307928861,0.0033122057410234,0.3212239806467543,0.0033122057410234,0.3212239806467543,0.0810999425779925,152.04036606412177,0,0,Derek Hough,30,Fashion,0
9,5,Joanna Krupa,percent,10.0,10.0,0.0991735537190082,0.0991735537190082,0.1114028592828582,0.1114028592828582,0.0055169813422408,0.3635158023013775,0.0055169813422408,0.3635158023013775,0.0913262298365144,119.8971724994384,0,0,Derek Hough,30,Fashion,0
9,6,Joanna Krupa,percent,9.0,9.0,0.1384616331364223,0.1384616331364223,0.1320831026110682,0.1320831026110682,0.0056600366176101,0.4164742277239663,0.0056600366176101,0.4164742277239663,0.1047995385475398,91.05027445978742,0,0,Derek Hough,30,Fashion,0
9,7,Joanna Krupa,percent,7.0,7.0,0.1566951566951566,0.1566951566951566,0.1719636650856251,0.1719636650856251,0.0177347723876929,0.5013874525943116,0.0177347723876929,0.5013874525943116,0.1233807857669945,65.69085832359737,0,0,Derek Hough,30,Fashion,0
9,8,Joanna Krupa,percent,5.0,5.0,0.1984732824427481,0.1984732824427481,0.2410866960112953,0.2410866960112953,0.0218734329430859,0.6218686922209791,0.0218734329430859,0.6218686922209791,0.1530600151219115,42.68511896940342,0,0,Derek Hough,30,Fashion,0
9,9,Joanna Krupa,percent,4.0,4.0,0.2531258701201785,0.2531258701201785,0.0624354945268531,0.0624354945268531,0.0019635230096159,0.174679280591632,0.0019635230096159,0.174679280591632,0.0440601422403102,515.1197606404139,0,0,Derek Hough,30,Fashion,0
9,10,Joanna Krupa,,,16.0,,,,,,,,,,,1,1,Derek Hough,30,Fashion,1
9,1,Kathy Ireland,percent,16.0,16.0,0.0492610315705677,0.0492610315705677,0.077980354030475,0.077980354030475,0.0103103204942188,0.2262492666542317,0.0103103204942188,0.2262492666542317,0.0550864658571461,329.5415491100396,0,0,Tony Dovolani,46,Fashion,0
9,2,Kathy Ireland,percent,14.0,14.0,0.0612244897959183,0.0612244897959183,0.0083553104700135,0.0083553104700135,0.0003322585570459,0.025143073362961,0.0003322585570459,0.025143073362961,0.0063292894913048,24962.615073570872,0,0,Tony Dovolani,46,Fashion,0
9,3,Kathy Ireland,,,16.0,,,,,,,,,,,1,1,Tony Dovolani,46,Fashion,1
9,4,Kathy Ireland,,,16.0,,,,,,,,,,,1,1,Tony Dovolani,46,Fashion,1
9,5,Kathy Ireland,,,16.0,,,,,,,,,,,1,1,Tony Dovolani,46,Fashion,1
9,6,Kathy Ireland,,,16.0,,,,,,,,,,,1,1,Tony Dovolani,46,Fashion,1
9,7,Kathy Ireland,,,16.0,,,,,,,,,,,1,1,Tony Dovolani,46,Fashion,1
9,8,Kathy Ireland,,,16.0,,,,,,,,,,,1,1,Tony Dovolani,46,Fashion,1
9,9,Kathy Ireland,,,16.0,,,,,,,,,,,1,1,Tony Dovolani,46,Fashion,1
9,10,Kathy Ireland,,,16.0,,,,,,,,,,,1,1,Tony Dovolani,46,Fashion,1
9,1,Kelly Osbourne,percent,16.0,16.0,0.0763544880965048,0.0763544880965048,0.0654350573043318,0.0654350573043318,0.0021942370041463,0.2428380485675901,0.0021942370041463,0.2428380485675901,0.061388727439654,265.3522280127968,0,0,Louis van Amstel,24,Media,0
9,2,Kelly Osbourne,percent,14.0,14.0,0.064625850340136,0.064625850340136,0.0771720023735075,0.0771720023735075,0.0044110258948833,0.2528575559830611,0.0044110258948833,0.2528575559830611,0.063379216859229,248.94663647300217,0,0,Louis van Amstel,24,Media,0
9,3,Kelly Osbourne,percent,13.0,13.0,0.0775193798449612,0.0775193798449612,0.0799427879952856,0.0799427879952856,0.0029932414617529,0.2850067189822609,0.0029932414617529,0.2850067189822609,0.0719422136531908,193.2112482279108,0,0,Louis van Amstel,24,Media,0
9,4,Kelly Osbourne,percent,11.0,11.0,0.0950413223140495,0.0950413223140495,0.0929121235238195,0.0929121235238195,0.0027923083132533,0.2910844262118263,0.0027923083132533,0.2910844262118263,0.0735439076271869,184.8870941515981,0,0,Louis van Amstel,24,Media,0
9,5,Kelly Osbourne,percent,10.0,10.0,0.0991735537190082,0.0991735537190082,0.1082797829190906,0.1082797829190906,0.0056499481423355,0.3596653113031718,0.0056499481423355,0.3596653113031718,0.0903100416226623,122.61057104780694,0,0,Louis van Amstel,24,Media,0
9,6,Kelly Osbourne,percent,9.0,9.0,0.096153409761803,0.096153409761803,0.1482213766024127,0.1482213766024127,0.0247291088983502,0.4170483638100292,0.0247291088983502,0.4170483638100292,0.1000814425795099,99.8373136119326,0,0,Louis van Amstel,24,Media,0
9,7,Kelly Osbourne,percent,7.0,7.0,0.1481481481481481,0.1481481481481481,0.1852718824074828,0.1852718824074828,0.0192231066249169,0.4916485438521865,0.0192231066249169,0.4916485438521865,0.1205166931702218,68.85026032590572,0,0,Louis van Amstel,24,Media,0
9,8,Kelly Osbourne,percent,5.0,5.0,0.1946564885496183,0.1946564885496183,0.2472035878134633,0.2472035878134633,0.0294227236522327,0.6340671525578548,0.0294227236522327,0.6340671525578548,0.1542460277820464,42.03122257279353,0,0,Louis van Amstel,24,Media,0
9,9,Kelly Osbourne,percent,4.0,4.0,0.2437489628870599,0.2437489628870599,0.3146734221789853,0.3146734221789853,0.0523737056782669,0.7169295882179948,0.0523737056782669,0.7169295882179948,0.1695295618723795,34.79438148216737,0,0,Louis van Amstel,24,Media,0
9,10,Kelly Osbourne,percent,3.0,3.0,0.305519216233502,0.305519216233502,0.3317274445184636,0.3317274445184636,0.0125207094279734,0.8421217117824354,0.0125207094279734,0.8421217117824354,0.2116329087638933,22.32716581982912,0,0,Louis van Amstel,24,Media,0
9,1,Louie Vito,percent,16.0,16.0,0.0665022325211133,0.0665022325211133,0.0650350232093053,0.0650350232093053,0.0030991327218067,0.194034135599654,0.0030991327218067,0.194034135599654,0.04870790889741,421.50334925285705,0,0,Chelsie Hightower,21,Sports,0
9,2,Louie Vito,percent,14.0,14.0,0.064625850340136,0.064625850340136,0.0788535703491414,0.0788535703491414,0.0045078664715826,0.2608409789790673,0.0045078664715826,0.2608409789790673,0.0653911001294603,233.86364383402747,0,0,Chelsie Hightower,21,Sports,0
9,3,Louie Vito,percent,13.0,13.0,0.0775193798449612,0.0775193798449612,0.0805185687898221,0.0805185687898221,0.0030652087896684,0.2774430461654467,0.0030652087896684,0.2774430461654467,0.0699943462693312,204.11460300699596,0,0,Chelsie Hightower,21,Sports,0
9,4,Louie Vito,percent,11.0,11.0,0.0661157024793388,0.0661157024793388,0.1118226302307258,0.1118226302307258,0.0163503508021889,0.3365712327927059,0.0163503508021889,0.3365712327927059,0.0816890005077849,149.8555511481031,0,0,Chelsie Hightower,21,Sports,0
9,5,Louie Vito,percent,10.0,10.0,0.0909090909090909,0.0909090909090909,0.1156500000061964,0.1156500000061964,0.0117907836279933,0.3313785635993545,0.0117907836279933,0.3313785635993545,0.0815274948906533,150.44986563890564,0,0,Chelsie Hightower,21,Sports,0
9,6,Louie Vito,percent,9.0,9.0,0.0923080118354255,0.0923080118354255,0.0255625858816778,0.0255625858816778,0.0008742649389944,0.0673672123372247,0.0008742649389944,0.0673672123372247,0.0169624865811812,3475.529393390648,0,0,Chelsie Hightower,21,Sports,0
9,7,Louie Vito,,,16.0,,,,,,,,,,,1,1,Chelsie Hightower,21,Sports,1
9,8,Louie Vito,,,16.0,,,,,,,,,,,1,1,Chelsie Hightower,21,Sports,1
9,9,Louie Vito,,,16.0,,,,,,,,,,,1,1,Chelsie Hightower,21,Sports,1
9,10,Louie Vito,,,16.0,,,,,,,,,,,1,1,Chelsie Hightower,21,Sports,1
9,1,Macy Gray,percent,16.0,16.0,0.0467979676767199,0.0467979676767199,0.0106325179803581,0.0106325179803581,0.000269525201947,0.0299402946543808,0.000269525201947,0.0299402946543808,0.0075690738399065,17454.785492057403,0,0,Jonathan Roberts,42,Music,0
9,2,Macy Gray,,,16.0,,,,,,,,,,,1,1,Jonathan Roberts,42,Music,1
9,3,Macy Gray,,,16.0,,,,,,,,,,,1,1,Jonathan Roberts,42,Music,1
9,4,Macy Gray,,,16.0,,,,,,,,,,,1,1,Jonathan Roberts,42,Music,1
9,5,Macy Gray,,,16.0,,,,,,,,,,,1,1,Jonathan Roberts,42,Music,1
9,6,Macy Gray,,,16.0,,,,,,,,,,,1,1,Jonathan Roberts,42,Music,1
9,7,Macy Gray,,,16.0,,,,,,,,,,,1,1,Jonathan Roberts,42,Music,1
9,8,Macy Gray,,,16.0,,,,,,,,,,,1,1,Jonathan Roberts,42,Music,1
9,9,Macy Gray,,,16.0,,,,,,,,,,,1,1,Jonathan Roberts,42,Music,1
9,10,Macy Gray,,,16.0,,,,,,,,,,,1,1,Jonathan Roberts,42,Music,1
9,1,Mark Dacascos,percent,16.0,16.0,0.0714283603088091,0.0714283603088091,0.0665823620022107,0.0665823620022107,0.0013519014219901,0.2251862089790592,0.0013519014219901,0.2251862089790592,0.0571005886625176,306.7035684673818,0,0,Lacey Schwimmer,45,Entertainment,0
9,2,Mark Dacascos,percent,14.0,14.0,0.0714285714285714,0.0714285714285714,0.0739975586162007,0.0739975586162007,0.0022975127118564,0.2479141376086457,0.0022975127118564,0.2479141376086457,0.0626573022695891,254.7162284024349,0,0,Lacey Schwimmer,45,Entertainment,0
9,3,Mark Dacascos,percent,13.0,13.0,0.0697674418604651,0.0697674418604651,0.0834561331904916,0.0834561331904916,0.0060570821741164,0.2663414305299404,0.0060570821741164,0.2663414305299404,0.0663990684581183,226.81722199359493,0,0,Lacey Schwimmer,45,Entertainment,0
9,4,Mark Dacascos,percent,11.0,11.0,0.0909090909090909,0.0909090909090909,0.0936971100670235,0.0936971100670235,0.003809298110213,0.3030143645792945,0.003809298110213,0.3030143645792945,0.0763278230788473,171.64622150661464,0,0,Lacey Schwimmer,45,Entertainment,0
9,5,Mark Dacascos,percent,10.0,10.0,0.1074380165289256,0.1074380165289256,0.1057899213599354,0.1057899213599354,0.004882102834508,0.3572721124753261,0.004882102834508,0.3572721124753261,0.0898954106226576,123.74423038649424,0,0,Lacey Schwimmer,45,Entertainment,0
9,6,Mark Dacascos,percent,9.0,9.0,0.1230773491139007,0.1230773491139007,0.129366650572063,0.129366650572063,0.0071161030021684,0.423583177922942,0.0071161030021684,0.423583177922942,0.1062416007450953,88.59532156645233,0,0,Lacey Schwimmer,45,Entertainment,0
9,7,Mark Dacascos,percent,7.0,7.0,0.1225071225071225,0.1225071225071225,0.0390685807655499,0.0390685807655499,0.0011998172857999,0.1005702357362153,0.0011998172857999,0.1005702357362153,0.0253495965434733,1556.1730746271714,0,0,Lacey Schwimmer,45,Entertainment,0
9,8,Mark Dacascos,,,16.0,,,,,,,,,,,1,1,Lacey Schwimmer,45,Entertainment,1
9,9,Mark Dacascos,,,16.0,,,,,,,,,,,1,1,Lacey Schwimmer,45,Entertainment,1
9,10,Mark Dacascos,,,16.0,,,,,,,,,,,1,1,Lacey Schwimmer,45,Entertainment,1
9,1,Melissa Joan Hart,percent,16.0,16.0,0.0591135334523485,0.0591135334523485,0.0726578156916357,0.0726578156916357,0.0035715502730638,0.2258322188209944,0.0035715502730638,0.2258322188209944,0.0566991501397782,311.0619579851458,0,0,Mark Ballas,33,Entertainment,0
9,2,Melissa Joan Hart,percent,14.0,14.0,0.064625850340136,0.064625850340136,0.0784598100814989,0.0784598100814989,0.0044886975282344,0.2563977118750699,0.0044886975282344,0.2563977118750699,0.064262503659907,242.1501357122517,0,0,Mark Ballas,33,Entertainment,0
9,3,Melissa Joan Hart,percent,13.0,13.0,0.0736434108527131,0.0736434108527131,0.083950771150668,0.083950771150668,0.0041333359405052,0.2944811638214824,0.0041333359405052,0.2944811638214824,0.0740683234390248,182.27830073300663,0,0,Mark Ballas,33,Entertainment,0
9,4,Melissa Joan Hart,percent,11.0,11.0,0.1157024793388429,0.1157024793388429,0.0935766636470167,0.0935766636470167,0.0029048756416361,0.3155627747411225,0.0029048756416361,0.3155627747411225,0.079759668137624,157.19304377147017,0,0,Mark Ballas,33,Entertainment,0
9,5,Melissa Joan Hart,percent,10.0,10.0,0.0950413223140495,0.0950413223140495,0.1076161400019507,0.1076161400019507,0.0071960425238384,0.3332008652134433,0.0071960425238384,0.3332008652134433,0.0831644955840828,144.58528137679752,0,0,Mark Ballas,33,Entertainment,0
9,6,Melissa Joan Hart,percent,9.0,9.0,0.0923076272187096,0.0923076272187096,0.0248385087132405,0.0248385087132405,0.0006799253373776,0.0645727447436844,0.0006799253373776,0.0645727447436844,0.0162991886240578,3764.159594882252,0,0,Mark Ballas,33,Entertainment,0
9,7,Melissa Joan Hart,,,16.0,,,,,,,,,,,1,1,Mark Ballas,33,Entertainment,1
9,8,Melissa Joan Hart,,,16.0,,,,,,,,,,,1,1,Mark Ballas,33,Entertainment,1
9,9,Melissa Joan Hart,,,16.0,,,,,,,,,,,1,1,Mark Ballas,33,Entertainment,1
9,10,Melissa Joan Hart,,,16.0,,,,,,,,,,,1,1,Mark Ballas,33,Entertainment,1
9,1,Michael Irvin,percent,16.0,16.0,0.0467982139831092,0.0467982139831092,0.0791223324257057,0.0791223324257057,0.010786476571618,0.2368060531791331,0.010786476571618,0.2368060531791331,0.0576580552570191,300.80151547555704,0,0,Anna Demidova,43,Sports,0
9,2,Michael Irvin,percent,14.0,14.0,0.0680272108843537,0.0680272108843537,0.0761180869909722,0.0761180869909722,0.0038501287192755,0.2533111471939232,0.0038501287192755,0.2533111471939232,0.0636380149170019,246.92596053069744,0,0,Anna Demidova,43,Sports,0
9,3,Michael Irvin,percent,13.0,13.0,0.0542635658914728,0.0542635658914728,0.0952898200306515,0.0952898200306515,0.0195645506575392,0.2820564061737323,0.0195645506575392,0.2820564061737323,0.0669622080398451,223.01828323010943,0,0,Anna Demidova,43,Sports,0
9,4,Michael Irvin,percent,11.0,11.0,0.0661157024793388,0.0661157024793388,0.1119172752572041,0.1119172752572041,0.0146659893045748,0.3278172886159634,0.0146659893045748,0.3278172886159634,0.0798855355386195,156.69808826367898,0,0,Anna Demidova,43,Sports,0
9,5,Michael Irvin,percent,10.0,10.0,0.0867768595041322,0.0867768595041322,0.1212558089926161,0.1212558089926161,0.0144886460947786,0.3557141973570878,0.0144886460947786,0.3557141973570878,0.0870473345056911,131.97420238501655,0,0,Anna Demidova,43,Sports,0
9,6,Michael Irvin,percent,9.0,9.0,0.0846149082823748,0.0846149082823748,0.1503259087042957,0.1503259087042957,0.033262546925693,0.4073636829414668,0.033262546925693,0.4073636829414668,0.09543396326933,109.79791167522716,0,0,Anna Demidova,43,Sports,0
9,7,Michael Irvin,percent,7.0,7.0,0.1339031339031339,0.1339031339031339,0.0328666229527936,0.0328666229527936,0.0011442216636377,0.0948030102441433,0.0011442216636377,0.0948030102441433,0.0238925481072718,1751.761840861833,0,0,Anna Demidova,43,Sports,0
9,8,Michael Irvin,,,16.0,,,,,,,,,,,1,1,Anna Demidova,43,Sports,1
9,9,Michael Irvin,,,16.0,,,,,,,,,,,1,1,Anna Demidova,43,Sports,1
9,10,Michael Irvin,,,16.0,,,,,,,,,,,1,1,Anna Demidova,43,Sports,1
9,1,Mya,percent,16.0,16.0,0.0763547344028942,0.0763547344028942,0.0588745783518201,0.0588745783518201,0.0023186933808736,0.21083131395929,0.0023186933808736,0.21083131395929,0.0531919950455143,353.4332798896944,0,0,Dmitry Chaplin,29,Music,0
9,2,Mya,percent,14.0,14.0,0.0918367346938775,0.0918367346938775,0.0718300251217518,0.0718300251217518,0.0018536087931668,0.2530896240047996,0.0018536087931668,0.2530896240047996,0.0640908202070491,243.44919393605363,0,0,Dmitry Chaplin,29,Music,0
9,3,Mya,percent,13.0,13.0,0.1046511627906976,0.1046511627906976,0.0793320983374962,0.0793320983374962,0.0026438711469648,0.2651626351746177,0.0026438711469648,0.2651626351746177,0.0669690724560339,222.97256625065813,0,0,Dmitry Chaplin,29,Music,0
9,4,Mya,percent,11.0,11.0,0.1157024793388429,0.1157024793388429,0.0930504247696642,0.0930504247696642,0.0025011409546379,0.3101659134386431,0.0025011409546379,0.3101659134386431,0.0784859113479605,162.3366535281552,0,0,Dmitry Chaplin,29,Music,0
9,5,Mya,percent,10.0,10.0,0.1115702479338843,0.1115702479338843,0.1030993933866477,0.1030993933866477,0.0037728980151187,0.3532456865846167,0.0037728980151187,0.3532456865846167,0.0891512215738515,125.8187607397622,0,0,Dmitry Chaplin,29,Music,0
9,6,Mya,percent,9.0,9.0,0.1269235162737101,0.1269235162737101,0.1214217272693393,0.1214217272693393,0.0042247341057859,0.3812224765532641,0.0042247341057859,0.3812224765532641,0.0961728934814995,108.11716142305562,0,0,Dmitry Chaplin,29,Music,0
9,7,Mya,percent,7.0,7.0,0.1396011396011396,0.1396011396011396,0.1984972765932771,0.1984972765932771,0.03351140028809,0.50453216891897,0.03351140028809,0.50453216891897,0.1201583593446122,69.26152034230797,0,0,Dmitry Chaplin,29,Music,0
9,8,Mya,percent,5.0,5.0,0.2251908396946564,0.2251908396946564,0.2179785760457615,0.2179785760457615,0.0120813494488058,0.6015737398125128,0.0120813494488058,0.6015737398125128,0.1503807118274762,44.219693450679216,0,0,Dmitry Chaplin,29,Music,0
9,9,Mya,percent,4.0,4.0,0.2718749970703024,0.2718749970703024,0.2893657036646659,0.2893657036646659,0.0311759940359044,0.7134988567227994,0.0311759940359044,0.7134988567227994,0.174061954767065,33.00595377197556,0,0,Dmitry Chaplin,29,Music,0
9,10,Mya,percent,3.0,3.0,0.3432030932030932,0.3432030932030932,0.3354491864704544,0.3354491864704544,0.0129017962409786,0.8537341797694316,0.0129017962409786,0.8537341797694316,0.2144980570225645,21.734681219638645,0,0,Dmitry Chaplin,29,Music,0
9,1,Natalie Coughlin,percent,16.0,16.0,0.0665022325211133,0.0665022325211133,0.0695907034585962,0.0695907034585962,0.0026319584666798,0.2238504512851564,0.0026319584666798,0.2238504512851564,0.0564332889843052,313.9997308538627,0,0,Alec Mazo,27,Sports,0
9,2,Natalie Coughlin,percent,14.0,14.0,0.0714285714285714,0.0714285714285714,0.0746161997829514,0.0746161997829514,0.002549995924017,0.2363448157032907,0.002549995924017,0.2363448157032907,0.0596415356579779,281.12687538267784,0,0,Alec Mazo,27,Sports,0
9,3,Natalie Coughlin,percent,13.0,13.0,0.1007751937984496,0.1007751937984496,0.0748085932709561,0.0748085932709561,0.0018543671811918,0.2759925134065433,0.0018543671811918,0.2759925134065433,0.0699332005676917,204.4716919645375,0,0,Alec Mazo,27,Sports,0
9,4,Natalie Coughlin,percent,11.0,11.0,0.0991735537190082,0.0991735537190082,0.0964846903760231,0.0964846903760231,0.002482175958206,0.3064954348387402,0.002482175958206,0.3064954348387402,0.0775544027756464,166.25973516110267,0,0,Alec Mazo,27,Sports,0
9,5,Natalie Coughlin,percent,10.0,10.0,0.0909090909090909,0.0909090909090909,0.0128443902580536,0.0128443902580536,0.0006765803730378,0.0377369842339855,0.0006765803730378,0.0377369842339855,0.009454184658405,11187.984053455168,0,0,Alec Mazo,27,Sports,0
9,6,Natalie Coughlin,,,16.0,,,,,,,,,,,1,1,Alec Mazo,27,Sports,1
9,7,Natalie Coughlin,,,16.0,,,,,,,,,,,1,1,Alec Mazo,27,Sports,1
9,8,Natalie Coughlin,,,16.0,,,,,,,,,,,1,1,Alec Mazo,27,Sports,1
9,9,Natalie Coughlin,,,16.0,,,,,,,,,,,1,1,Alec Mazo,27,Sports,1
9,10,Natalie Coughlin,,,16.0,,,,,,,,,,,1,1,Alec Mazo,27,Sports,1
9,1,Tom DeLay,percent,16.0,16.0,0.0492610315705677,0.0492610315705677,0.0845531639364858,0.0845531639364858,0.0118830990858058,0.2576849821767865,0.0118830990858058,0.2576849821767865,0.0627045620130052,254.33241941553317,0,0,Cheryl Burke,62,Politics,0
9,2,Tom DeLay,percent,14.0,14.0,0.0612244897959183,0.0612244897959183,0.0819284299188554,0.0819284299188554,0.0082184778583055,0.2652500405447506,0.0082184778583055,0.2652500405447506,0.0655692761955217,232.5943820234175,0,0,Cheryl Burke,62,Politics,0
9,3,Tom DeLay,percent,13.0,13.0,0.0581395348837209,0.0581395348837209,0.0955482024835379,0.0955482024835379,0.0163948853373366,0.2744353520803854,0.0163948853373366,0.2744353520803854,0.0658266496793491,230.7791112391725,0,0,Cheryl Burke,62,Politics,0
9,4,Tom DeLay,,,16.0,,,,,,,,,,,1,1,Cheryl Burke,62,Politics,1
9,5,Tom DeLay,,,16.0,,,,,,,,,,,1,1,Cheryl Burke,62,Politics,1
9,6,Tom DeLay,,,16.0,,,,,,,,,,,1,1,Cheryl Burke,62,Politics,1
9,7,Tom DeLay,,,16.0,,,,,,,,,,,1,1,Cheryl Burke,62,Politics,1
9,8,Tom DeLay,,,16.0,,,,,,,,,,,1,1,Cheryl Burke,62,Politics,1
9,9,Tom DeLay,,,16.0,,,,,,,,,,,1,1,Cheryl Burke,62,Politics,1
9,10,Tom DeLay,,,16.0,,,,,,,,,,,1,1,Cheryl Burke,62,Politics,1
10,1,Aiden Turner,percent,11.0,11.0,0.0717703349282296,0.0717703349282296,0.0898361112828895,0.0898361112828895,0.0024864945603365,0.3056294532354041,0.0024864945603365,0.3056294532354041,0.077332387417109,167.21574342663658,0,0,Edyta Sliwinska,32,Entertainment,0
10,2,Aiden Turner,percent,11.0,11.0,0.0863636363636363,0.0863636363636363,0.0959254075215383,0.0959254075215383,0.0131168318232203,0.2747015817222218,0.0131168318232203,0.2747015817222218,0.0667308035456636,224.5677000101239,0,0,Edyta Sliwinska,32,Entertainment,0
10,3,Aiden Turner,percent,10.0,10.0,0.0985221674876847,0.0985221674876847,0.1066905047930363,0.1066905047930363,0.0032658724872066,0.3434870464849244,0.0032658724872066,0.3434870464849244,0.0867911158157443,132.75456265511238,0,0,Edyta Sliwinska,32,Entertainment,0
10,4,Aiden Turner,percent,9.0,9.0,0.0889487870619946,0.0889487870619946,0.0202585913248704,0.0202585913248704,0.0006992760080113,0.0584072389157042,0.0006992760080113,0.0584072389157042,0.0147214191091053,4614.244955390716,0,0,Edyta Sliwinska,32,Entertainment,0
10,5,Aiden Turner,,,11.0,,,,,,,,,,,1,1,Edyta Sliwinska,32,Entertainment,1
10,6,Aiden Turner,,,11.0,,,,,,,,,,,1,1,Edyta Sliwinska,32,Entertainment,1
10,7,Aiden Turner,,,11.0,,,,,,,,,,,1,1,Edyta Sliwinska,32,Entertainment,1
10,8,Aiden Turner,,,11.0,,,,,,,,,,,1,1,Edyta Sliwinska,32,Entertainment,1
10,9,Aiden Turner,,,11.0,,,,,,,,,,,1,1,Edyta Sliwinska,32,Entertainment,1
10,10,Aiden Turner,,,11.0,,,,,,,,,,,1,1,Edyta Sliwinska,32,Entertainment,1
10,1,Buzz Aldrin,percent,11.0,11.0,0.0669856459330143,0.0669856459330143,0.0906712060913957,0.0906712060913957,0.0023799217975145,0.3133671090068016,0.0023799217975145,0.3133671090068016,0.0793334661248181,158.88655234297067,0,0,Ashly DelGrosso,80,Other,0
10,2,Buzz Aldrin,percent,11.0,11.0,0.0545454545454545,0.0545454545454545,0.1337424839678246,0.1337424839678246,0.0445646990214218,0.3459338145715251,0.0445646990214218,0.3459338145715251,0.0768798764158426,169.1899830574095,0,0,Ashly DelGrosso,80,Other,0
10,3,Buzz Aldrin,percent,10.0,10.0,0.064039408866995,0.064039408866995,0.0233930881540652,0.0233930881540652,0.0009136606796552,0.0589360773272001,0.0009136606796552,0.0589360773272001,0.0148016368998839,4564.366481033357,0,0,Ashly DelGrosso,80,Other,0
10,4,Buzz Aldrin,,,11.0,,,,,,,,,,,1,1,Ashly DelGrosso,80,Other,1
10,5,Buzz Aldrin,,,11.0,,,,,,,,,,,1,1,Ashly DelGrosso,80,Other,1
10,6,Buzz Aldrin,,,11.0,,,,,,,,,,,1,1,Ashly DelGrosso,80,Other,1
10,7,Buzz Aldrin,,,11.0,,,,,,,,,,,1,1,Ashly DelGrosso,80,Other,1
10,8,Buzz Aldrin,,,11.0,,,,,,,,,,,1,1,Ashly DelGrosso,80,Other,1
10,9,Buzz Aldrin,,,11.0,,,,,,,,,,,1,1,Ashly DelGrosso,80,Other,1
10,10,Buzz Aldrin,,,11.0,,,,,,,,,,,1,1,Ashly DelGrosso,80,Other,1
10,1,Chad Ochocinco,percent,11.0,11.0,0.0861244019138756,0.0861244019138756,0.090832957264754,0.090832957264754,0.0025450901404977,0.311794212569861,0.0025450901404977,0.311794212569861,0.0788900822523886,160.67754306376935,0,0,Cheryl Burke,32,Sports,0
10,2,Chad Ochocinco,percent,11.0,11.0,0.0727272727272727,0.0727272727272727,0.1168223511300632,0.1168223511300632,0.0269839733241862,0.3369708152237719,0.0269839733241862,0.3369708152237719,0.0790782759947922,159.9136789975618,0,0,Cheryl Burke,32,Sports,0
10,3,Chad Ochocinco,percent,10.0,10.0,0.0985221674876847,0.0985221674876847,0.1087086369076952,0.1087086369076952,0.0035757270812518,0.3514033466816389,0.0035757270812518,0.3514033466816389,0.0887315356123436,127.01178068053164,0,0,Cheryl Burke,32,Sports,0
10,4,Chad Ochocinco,percent,9.0,9.0,0.1185983827493261,0.1185983827493261,0.1167789627602854,0.1167789627602854,0.0045987034803495,0.3742418327594806,0.0045987034803495,0.3742418327594806,0.0942967166528395,112.462273204027,0,0,Cheryl Burke,32,Sports,0
10,5,Chad Ochocinco,percent,8.0,8.0,0.1040462427745664,0.1040462427745664,0.1452857166228892,0.1452857166228892,0.0085388040039001,0.4282062747251757,0.0085388040039001,0.4282062747251757,0.1070580282452233,87.24921317127225,0,0,Cheryl Burke,32,Sports,0
10,6,Chad Ochocinco,percent,7.0,7.0,0.148325377166335,0.148325377166335,0.1583533396770175,0.1583533396770175,0.0081138908324507,0.4994169436106035,0.0081138908324507,0.4994169436106035,0.1253324114229981,63.66096369593915,0,0,Cheryl Burke,32,Sports,0
10,7,Chad Ochocinco,percent,6.0,6.0,0.1672025723472668,0.1672025723472668,0.1941052219514374,0.1941052219514374,0.0194005227205603,0.5650723457999642,0.0194005227205603,0.5650723457999642,0.1392019956835214,51.6070550416794,0,0,Cheryl Burke,32,Sports,0
10,8,Chad Ochocinco,percent,5.0,5.0,0.1778656126482213,0.1778656126482213,0.2587799784988637,0.2587799784988637,0.0316602513326552,0.6711338761281405,0.0316602513326552,0.6711338761281405,0.1631310267335421,37.57741151125786,0,0,Cheryl Burke,32,Sports,0
10,9,Chad Ochocinco,percent,4.0,4.0,0.2300884955752212,0.2300884955752212,0.0684351212963687,0.0684351212963687,0.0022678322647364,0.1896231220835437,0.0022678322647364,0.1896231220835437,0.047794716790512,437.7641723029215,0,0,Cheryl Burke,32,Sports,0
10,10,Chad Ochocinco,,,11.0,,,,,,,,,,,1,1,Cheryl Burke,32,Sports,1
10,1,Erin Andrews,percent,11.0,11.0,0.1004784688995215,0.1004784688995215,0.0904351600664066,0.0904351600664066,0.0028904938891347,0.309135878946271,0.0028904938891347,0.309135878946271,0.0781238227186572,163.84493798746217,0,0,Maksim Chmerkoskiy,32,Other,0
10,2,Erin Andrews,percent,11.0,11.0,0.1045454545454545,0.1045454545454545,0.0827603305030388,0.0827603305030388,0.0030167903881347,0.2613833443819484,0.0030167903881347,0.2613833443819484,0.0659098352025035,230.1969411770795,0,0,Maksim Chmerkoskiy,32,Other,0
10,3,Erin Andrews,percent,10.0,10.0,0.1133004926108374,0.1133004926108374,0.1043264249818395,0.1043264249818395,0.0032213221457219,0.3421960471918195,0.0032213221457219,0.3421960471918195,0.0864731441444126,133.73266516579855,0,0,Maksim Chmerkoskiy,32,Other,0
10,4,Erin Andrews,percent,9.0,9.0,0.105121293800539,0.105121293800539,0.1264800957362716,0.1264800957362716,0.0051518789721768,0.4015285290412314,0.0051518789721768,0.4015285290412314,0.1011164923645547,97.80386288589172,0,0,Maksim Chmerkoskiy,32,Other,0
10,5,Erin Andrews,percent,8.0,8.0,0.1271676300578034,0.1271676300578034,0.1397253764838538,0.1397253764838538,0.0070148171416307,0.4491967683288909,0.0070148171416307,0.4491967683288909,0.1128015181600153,78.59051063300424,0,0,Maksim Chmerkoskiy,32,Other,0
10,6,Erin Andrews,percent,7.0,7.0,0.1626799706984664,0.1626799706984664,0.150848901433929,0.150848901433929,0.0067993174559382,0.4646834156809857,0.0067993174559382,0.4646834156809857,0.1168071679145529,73.29274906721284,0,0,Maksim Chmerkoskiy,32,Other,0
10,7,Erin Andrews,percent,6.0,6.0,0.1639871382636656,0.1639871382636656,0.2008135728888506,0.2008135728888506,0.0252090473188426,0.5407459912252592,0.0252090473188426,0.5407459912252592,0.1315145265067389,57.81659998787073,0,0,Maksim Chmerkoskiy,32,Other,0
10,8,Erin Andrews,percent,5.0,5.0,0.2094861660079051,0.2094861660079051,0.2317040631261849,0.2317040631261849,0.0143959443949955,0.6532783072980715,0.0143959443949955,0.6532783072980715,0.1629801946181316,37.64699669232344,0,0,Maksim Chmerkoskiy,32,Other,0
10,9,Erin Andrews,percent,4.0,4.0,0.247787610619469,0.247787610619469,0.3149223349238072,0.3149223349238072,0.033663616062577,0.7638611660693986,0.033663616062577,0.7638611660693986,0.1862748852058218,28.819828436129026,0,0,Maksim Chmerkoskiy,32,Other,0
10,10,Erin Andrews,percent,3.0,3.0,0.3266123276502367,0.3266123276502367,0.3315125475677666,0.3315125475677666,0.0126198624080856,0.8362067328125938,0.0126198624080856,0.8362067328125938,0.2100986914297215,22.65443863473193,0,0,Maksim Chmerkoskiy,32,Other,0
10,1,Evan Lysacek,percent,11.0,11.0,0.1100478468899521,0.1100478468899521,0.0908158265062334,0.0908158265062334,0.0026427404500345,0.3095189832566753,0.0026427404500345,0.3095189832566753,0.0782847558180206,163.17198524055885,0,0,Anna Trebunskaya,24,Sports,0
10,2,Evan Lysacek,percent,11.0,11.0,0.109090909090909,0.109090909090909,0.0817797195383539,0.0817797195383539,0.0030789646701875,0.2474737618529985,0.0030789646701875,0.2474737618529985,0.0623456115262272,257.26945216900265,0,0,Anna Trebunskaya,24,Sports,0
10,3,Evan Lysacek,percent,10.0,10.0,0.1280788177339901,0.1280788177339901,0.1074677510221916,0.1074677510221916,0.002894117931556,0.3485924812229402,0.002894117931556,0.3485924812229402,0.0881883579824959,128.58120376854137,0,0,Anna Trebunskaya,24,Sports,0
10,4,Evan Lysacek,percent,9.0,9.0,0.1401617250673854,0.1401617250673854,0.1165876623467143,0.1165876623467143,0.0037322272454241,0.3848110257622987,0.0037322272454241,0.3848110257622987,0.0972139792134884,105.81386051227108,0,0,Anna Trebunskaya,24,Sports,0
10,5,Evan Lysacek,percent,8.0,8.0,0.1560693641618497,0.1560693641618497,0.1350581165318732,0.1350581165318732,0.0039954956392161,0.4422145996197075,0.0039954956392161,0.4422145996197075,0.1117905877501253,80.01833694116121,0,0,Anna Trebunskaya,24,Sports,0
10,6,Evan Lysacek,percent,7.0,7.0,0.1291870355546645,0.1291870355546645,0.1745412595609312,0.1745412595609312,0.0157697086920778,0.5135480384069804,0.0157697086920778,0.5135480384069804,0.1269842677844139,62.01548747409846,0,0,Anna Trebunskaya,24,Sports,0
10,7,Evan Lysacek,percent,6.0,6.0,0.1736334405144694,0.1736334405144694,0.1853660876177682,0.1853660876177682,0.0155457570244299,0.5395565205519647,0.0155457570244299,0.5395565205519647,0.1336762151855956,55.961805600097065,0,0,Anna Trebunskaya,24,Sports,0
10,8,Evan Lysacek,percent,5.0,5.0,0.2094861660079051,0.2094861660079051,0.2350508811436265,0.2350508811436265,0.0133975113994324,0.6400340329807424,0.0133975113994324,0.6400340329807424,0.1598562555054362,39.13278244024045,0,0,Anna Trebunskaya,24,Sports,0
10,9,Evan Lysacek,percent,4.0,4.0,0.2610619469026549,0.2610619469026549,0.3128711831329174,0.3128711831329174,0.0324959693985421,0.7644035916570278,0.0324959693985421,0.7644035916570278,0.1867111281271647,28.68531306179437,0,0,Anna Trebunskaya,24,Sports,0
10,10,Evan Lysacek,percent,3.0,3.0,0.325268368450467,0.325268368450467,0.3355863038756748,0.3355863038756748,0.0118805874017918,0.8440841743980831,0.0118805874017918,0.8440841743980831,0.2122968334174212,22.18773485014565,0,0,Anna Trebunskaya,24,Sports,0
10,1,Jake Pavelka,percent,11.0,11.0,0.0956937799043062,0.0956937799043062,0.0919080163642916,0.0919080163642916,0.002484633660225,0.3072769348191254,0.002484633660225,0.3072769348191254,0.0777531380507399,165.41090903928188,0,0,Chelsie Hightower,32,Media,0
10,2,Jake Pavelka,percent,11.0,11.0,0.0909090909090909,0.0909090909090909,0.0987335673691497,0.0987335673691497,0.0088247439049957,0.2860800984514958,0.0088247439049957,0.2860800984514958,0.0707284067720663,199.89974929562453,0,0,Chelsie Hightower,32,Media,0
10,3,Jake Pavelka,percent,10.0,10.0,0.1034482758620689,0.1034482758620689,0.1085716939144824,0.1085716939144824,0.0032203980350287,0.3671370799743595,0.0032203980350287,0.3671370799743595,0.0928358882498292,116.02944257923616,0,0,Chelsie Hightower,32,Media,0
10,4,Jake Pavelka,percent,9.0,9.0,0.1024258760107816,0.1024258760107816,0.1259149834846776,0.1259149834846776,0.0071537060745779,0.3883478561389576,0.0071537060745779,0.3883478561389576,0.0972434056286683,105.74983043319496,0,0,Chelsie Hightower,32,Media,0
10,5,Jake Pavelka,percent,8.0,8.0,0.1329479768786127,0.1329479768786127,0.1349749079313747,0.1349749079313747,0.0043413622134291,0.4387345565995105,0.0043413622134291,0.4387345565995105,0.1108145904046126,81.43406398716546,0,0,Chelsie Hightower,32,Media,0
10,6,Jake Pavelka,percent,7.0,7.0,0.1196171470430762,0.1196171470430762,0.0278149975587002,0.0278149975587002,0.001072496409205,0.0785627929763124,0.001072496409205,0.0785627929763124,0.0197679327977314,2559.0424376302158,0,0,Chelsie Hightower,32,Media,0
10,7,Jake Pavelka,,,11.0,,,,,,,,,,,1,1,Chelsie Hightower,32,Media,1
10,8,Jake Pavelka,,,11.0,,,,,,,,,,,1,1,Chelsie Hightower,32,Media,1
10,9,Jake Pavelka,,,11.0,,,,,,,,,,,1,1,Chelsie Hightower,32,Media,1
10,10,Jake Pavelka,,,11.0,,,,,,,,,,,1,1,Chelsie Hightower,32,Media,1
10,1,Kate Gosselin,percent,11.0,11.0,0.0765550239234449,0.0765550239234449,0.0909643564694208,0.0909643564694208,0.0026578515017629,0.3025458526424155,0.0026578515017629,0.3025458526424155,0.0765020411073093,170.86533211208962,0,0,Tony Dovolani,35,Media,0
10,2,Kate Gosselin,percent,11.0,11.0,0.0681818181818181,0.0681818181818181,0.1186328294534188,0.1186328294534188,0.0330886440184767,0.3088208504874287,0.0330886440184767,0.3088208504874287,0.0703398485890183,202.1143464938399,0,0,Tony Dovolani,35,Media,0
10,3,Kate Gosselin,percent,10.0,10.0,0.0738916256157635,0.0738916256157635,0.1189737490512779,0.1189737490512779,0.0079999742701642,0.372264704848104,0.0079999742701642,0.372264704848104,0.0929246761678417,115.80782026399936,0,0,Tony Dovolani,35,Media,0
10,4,Kate Gosselin,percent,9.0,9.0,0.0862533692722372,0.0862533692722372,0.1372369132980847,0.1372369132980847,0.0186072385935368,0.387953493913319,0.0186072385935368,0.387953493913319,0.0942209834999444,112.6431362171455,0,0,Tony Dovolani,35,Media,0
10,5,Kate Gosselin,percent,8.0,8.0,0.0867052023121387,0.0867052023121387,0.0293555404935222,0.0293555404935222,0.0010514188532507,0.0819029312946378,0.0010514188532507,0.0819029312946378,0.0206253858268844,2350.6925841013376,0,0,Tony Dovolani,35,Media,0
10,6,Kate Gosselin,,,11.0,,,,,,,,,,,1,1,Tony Dovolani,35,Media,1
10,7,Kate Gosselin,,,11.0,,,,,,,,,,,1,1,Tony Dovolani,35,Media,1
10,8,Kate Gosselin,,,11.0,,,,,,,,,,,1,1,Tony Dovolani,35,Media,1
10,9,Kate Gosselin,,,11.0,,,,,,,,,,,1,1,Tony Dovolani,35,Media,1
10,10,Kate Gosselin,,,11.0,,,,,,,,,,,1,1,Tony Dovolani,35,Media,1
10,1,Nicole Scherzinger,percent,11.0,11.0,0.1196172248803827,0.1196172248803827,0.0918812085633866,0.0918812085633866,0.0024327736706234,0.3142516237718183,0.0024327736706234,0.3142516237718183,0.079545625025815,158.0401389083455,0,0,Derek Hough,31,Music,0
10,2,Nicole Scherzinger,percent,11.0,11.0,0.1272727272727272,0.1272727272727272,0.0852980686172254,0.0852980686172254,0.0037821746761776,0.2583176356524614,0.0037821746761776,0.2583176356524614,0.0649325155551744,237.17862311351328,0,0,Derek Hough,31,Music,0
10,3,Nicole Scherzinger,percent,10.0,10.0,0.1133004926108374,0.1133004926108374,0.1067686654676741,0.1067686654676741,0.0029402952167448,0.3684766193960278,0.0029402952167448,0.3684766193960278,0.0932490622906334,115.0034988573088,0,0,Derek Hough,31,Music,0
10,4,Nicole Scherzinger,percent,9.0,9.0,0.1347708894878706,0.1347708894878706,0.1121623486205279,0.1121623486205279,0.0034628331765591,0.3796400741862535,0.0034628331765591,0.3796400741862535,0.0959635818902281,108.5893166851212,0,0,Derek Hough,31,Music,0
10,5,Nicole Scherzinger,percent,8.0,8.0,0.1676300578034682,0.1676300578034682,0.1313654099567333,0.1313654099567333,0.0041176197387925,0.4219537322312968,0.0041176197387925,0.4219537322312968,0.106590845023598,88.01570857099206,0,0,Derek Hough,31,Music,0
10,6,Nicole Scherzinger,percent,7.0,7.0,0.1722489022690506,0.1722489022690506,0.1535004543027877,0.1535004543027877,0.0058353090438456,0.4738975845393704,0.0058353090438456,0.4738975845393704,0.119403641708042,70.13985355700483,0,0,Derek Hough,31,Music,0
10,7,Nicole Scherzinger,percent,6.0,6.0,0.1736334405144694,0.1736334405144694,0.1871328548956723,0.1871328548956723,0.0138459040935679,0.5272796735495193,0.0138459040935679,0.5272796735495193,0.1309780024122325,58.29123743636514,0,0,Derek Hough,31,Music,0
10,8,Nicole Scherzinger,percent,5.0,5.0,0.233201581027668,0.233201581027668,0.2255581849493849,0.2255581849493849,0.010940247300788,0.6366629038139099,0.010940247300788,0.6366629038139099,0.1596231266615106,39.2471724106198,0,0,Derek Hough,31,Music,0
10,9,Nicole Scherzinger,percent,4.0,4.0,0.2610619469026549,0.2610619469026549,0.3037713606469078,0.3037713606469078,0.0267102124359216,0.7519484528482029,0.0267102124359216,0.7519484528482029,0.1850097552072146,29.215326417572644,0,0,Derek Hough,31,Music,0
10,10,Nicole Scherzinger,percent,3.0,3.0,0.3481193038992962,0.3481193038992962,0.332901148556559,0.332901148556559,0.011892919522746,0.8381689157747501,0.011892919522746,0.8381689157747501,0.2107846929214296,22.507220263940813,0,0,Derek Hough,31,Music,0
10,1,Niecy Nash,percent,11.0,11.0,0.0861244019138756,0.0861244019138756,0.091065284162401,0.091065284162401,0.0029126061118904,0.3142505161076984,0.0029126061118904,0.3142505161076984,0.0794229362234203,158.5287819247086,0,0,Louis van Amstel,40,Entertainment,0
10,2,Niecy Nash,percent,11.0,11.0,0.0954545454545454,0.0954545454545454,0.0893435284258625,0.0893435284258625,0.0061632937722359,0.2828682923106275,0.0061632937722359,0.2828682923106275,0.0705880098312223,200.6957265098515,0,0,Louis van Amstel,40,Entertainment,0
10,3,Niecy Nash,percent,10.0,10.0,0.1034482758620689,0.1034482758620689,0.106709036434045,0.106709036434045,0.0032868148427537,0.3569048658806434,0.0032868148427537,0.3569048658806434,0.0902086864892575,122.88624720818112,0,0,Louis van Amstel,40,Entertainment,0
10,4,Niecy Nash,percent,9.0,9.0,0.0970350404312668,0.0970350404312668,0.1287731338524129,0.1287731338524129,0.0096200445609529,0.3916244616847189,0.0096200445609529,0.3916244616847189,0.097450106409124,105.30169566452298,0,0,Louis van Amstel,40,Entertainment,0
10,5,Niecy Nash,percent,8.0,8.0,0.1040462427745664,0.1040462427745664,0.1472582610195956,0.1472582610195956,0.0081495602989465,0.4586135599391897,0.0081495602989465,0.4586135599391897,0.114914285622511,75.72721006348836,0,0,Louis van Amstel,40,Entertainment,0
10,6,Niecy Nash,percent,7.0,7.0,0.1244013735931173,0.1244013735931173,0.175851584352094,0.175851584352094,0.0165511184987968,0.5161243938006439,0.0165511184987968,0.5161243938006439,0.1274421620667977,61.57065002160628,0,0,Louis van Amstel,40,Entertainment,0
10,7,Niecy Nash,percent,6.0,6.0,0.157556270096463,0.157556270096463,0.204634961648037,0.204634961648037,0.0302630703740736,0.5701750373532851,0.0302630703740736,0.5701750373532851,0.1377326446375539,52.71403090838558,0,0,Louis van Amstel,40,Entertainment,0
10,8,Niecy Nash,percent,5.0,5.0,0.1699604743083003,0.1699604743083003,0.0489068922819402,0.0489068922819402,0.0019510916026077,0.1406259407791756,0.0019510916026077,0.1406259407791756,0.0353762370348387,799.0551034397581,0,0,Louis van Amstel,40,Entertainment,0
10,9,Niecy Nash,,,11.0,,,,,,,,,,,1,1,Louis van Amstel,40,Entertainment,1
10,10,Niecy Nash,,,11.0,,,,,,,,,,,1,1,Louis van Amstel,40,Entertainment,1
10,1,Pamela Anderson,percent,11.0,11.0,0.1004784688995215,0.1004784688995215,0.0908788455978646,0.0908788455978646,0.0024036892381484,0.3076958799968654,0.0024036892381484,0.3076958799968654,0.0778806609078359,164.86966036632802,0,0,Damian Whitewood,42,Fashion,0
10,2,Pamela Anderson,percent,11.0,11.0,0.1,0.1,0.0871622263929505,0.0871622263929505,0.003562966647416,0.278774626925714,0.003562966647416,0.278774626925714,0.0702070561934433,202.8796436623585,0,0,Damian Whitewood,42,Fashion,0
10,3,Pamela Anderson,percent,10.0,10.0,0.1034482758620689,0.1034482758620689,0.1083904492736927,0.1083904492736927,0.0032521473606784,0.3617393753401903,0.0032521473606784,0.3617393753401903,0.0914508234641612,119.57069654301002,0,0,Damian Whitewood,42,Fashion,0
10,4,Pamela Anderson,percent,9.0,9.0,0.1266846361185983,0.1266846361185983,0.115807308576155,0.115807308576155,0.0036370587032574,0.3792131995207592,0.0036370587032574,0.3792131995207592,0.0958102400044647,108.93718379368777,0,0,Damian Whitewood,42,Fashion,0
10,5,Pamela Anderson,percent,8.0,8.0,0.1213872832369942,0.1213872832369942,0.1369766709601573,0.1369766709601573,0.0057235752591462,0.4180184001973995,0.0057235752591462,0.4180184001973995,0.1051772512597585,90.39748892921656,0,0,Damian Whitewood,42,Fashion,0
10,6,Pamela Anderson,percent,7.0,7.0,0.1435401936752898,0.1435401936752898,0.1590894631145402,0.1590894631145402,0.0090964969461571,0.4941601228901215,0.0090964969461571,0.4941601228901215,0.1237407209040725,65.30925298597683,0,0,Damian Whitewood,42,Fashion,0
10,7,Pamela Anderson,percent,6.0,6.0,0.1639871382636656,0.1639871382636656,0.0279473009982342,0.0279473009982342,0.0009671270083011,0.0889017596237737,0.0009671270083011,0.0889017596237737,0.0224323042386409,1987.248725332268,0,0,Damian Whitewood,42,Fashion,0
10,8,Pamela Anderson,,,11.0,,,,,,,,,,,1,1,Damian Whitewood,42,Fashion,1
10,9,Pamela Anderson,,,11.0,,,,,,,,,,,1,1,Damian Whitewood,42,Fashion,1
10,10,Pamela Anderson,,,11.0,,,,,,,,,,,1,1,Damian Whitewood,42,Fashion,1
10,1,Shannen Doherty,percent,11.0,11.0,0.0861244019138756,0.0861244019138756,0.0907110276309552,0.0907110276309552,0.0022235401792401,0.3099791371752998,0.0022235401792401,0.3099791371752998,0.0785090808663417,162.24085041782726,0,0,Mark Ballas,38,Entertainment,0
10,2,Shannen Doherty,percent,11.0,11.0,0.0909090909090909,0.0909090909090909,0.0097994870805738,0.0097994870805738,0.0002355645796425,0.0295451667652215,0.0002355645796425,0.0295451667652215,0.0074769393330558,17887.608716017392,0,0,Mark Ballas,38,Entertainment,0
10,3,Shannen Doherty,,,11.0,,,,,,,,,,,1,1,Mark Ballas,38,Entertainment,1
10,4,Shannen Doherty,,,11.0,,,,,,,,,,,1,1,Mark Ballas,38,Entertainment,1
10,5,Shannen Doherty,,,11.0,,,,,,,,,,,1,1,Mark Ballas,38,Entertainment,1
10,6,Shannen Doherty,,,11.0,,,,,,,,,,,1,1,Mark Ballas,38,Entertainment,1
10,7,Shannen Doherty,,,11.0,,,,,,,,,,,1,1,Mark Ballas,38,Entertainment,1
10,8,Shannen Doherty,,,11.0,,,,,,,,,,,1,1,Mark Ballas,38,Entertainment,1
10,9,Shannen Doherty,,,11.0,,,,,,,,,,,1,1,Mark Ballas,38,Entertainment,1
10,10,Shannen Doherty,,,11.0,,,,,,,,,,,1,1,Mark Ballas,38,Entertainment,1
11,1,Audrina Patridge,percent,12.0,12.0,0.0837004405286343,0.0837004405286343,0.0906770057434912,0.0906770057434912,0.0033186593353379,0.296109289975443,0.0033186593353379,0.296109289975443,0.07469148740819,179.24943021873003,0,0,Tony Dovolani,25,Media,0
11,2,Audrina Patridge,percent,11.0,11.0,0.1040723981900452,0.1040723981900452,0.0966268797469437,0.0966268797469437,0.0030120994413568,0.3373519850790291,0.0030120994413568,0.3373519850790291,0.0852907871524674,137.46614534641324,0,0,Tony Dovolani,25,Media,0
11,3,Audrina Patridge,percent,10.0,10.0,0.1176470588235294,0.1176470588235294,0.1086330457690654,0.1086330457690654,0.0028945175832815,0.3481902850063468,0.0028945175832815,0.3481902850063468,0.0880856549548635,128.88121578475383,0,0,Tony Dovolani,25,Media,0
11,4,Audrina Patridge,percent,9.0,9.0,0.1284916201117318,0.1284916201117318,0.1215509895266254,0.1215509895266254,0.0032100981760993,0.3934875709926743,0.0032100981760993,0.3934875709926743,0.0995605798001466,100.88466722955307,0,0,Tony Dovolani,25,Media,0
11,5,Audrina Patridge,percent,8.0,8.0,0.1263736263736263,0.1263736263736263,0.1354484781121617,0.1354484781121617,0.0085193786947463,0.4112821742938658,0.0085193786947463,0.4112821742938658,0.1027456111222243,94.72692524923968,0,0,Tony Dovolani,25,Media,0
11,6,Audrina Patridge,percent,7.0,7.0,0.1545889285615942,0.1545889285615942,0.0183912024131205,0.0183912024131205,0.0005083099574459,0.0577159930042222,0.0005083099574459,0.0577159930042222,0.0145937966956061,4695.300758167771,0,0,Tony Dovolani,25,Media,0
11,7,Audrina Patridge,,,12.0,,,,,,,,,,,1,1,Tony Dovolani,25,Media,1
11,8,Audrina Patridge,,,12.0,,,,,,,,,,,1,1,Tony Dovolani,25,Media,1
11,9,Audrina Patridge,,,12.0,,,,,,,,,,,1,1,Tony Dovolani,25,Media,1
11,10,Audrina Patridge,,,12.0,,,,,,,,,,,1,1,Tony Dovolani,25,Media,1
11,1,Brandy,percent,12.0,12.0,0.1013215859030837,0.1013215859030837,0.0905799776584805,0.0905799776584805,0.0022345717864985,0.3250395159239478,0.0022345717864985,0.3250395159239478,0.0823482000350636,147.4659586293066,0,0,Maksim Chmerkoskiy,31,Music,0
11,2,Brandy,percent,11.0,11.0,0.0950226244343891,0.0950226244343891,0.0975083238304963,0.0975083238304963,0.00339208997275,0.3230592202936896,0.00339208997275,0.3230592202936896,0.0815477373267703,150.3751831545584,0,0,Maksim Chmerkoskiy,31,Music,0
11,3,Brandy,percent,10.0,10.0,0.1085972850678733,0.1085972850678733,0.1077697568671456,0.1077697568671456,0.0036746107303772,0.351511026857297,0.0036746107303772,0.351511026857297,0.0887337796242142,127.00535669316544,0,0,Maksim Chmerkoskiy,31,Music,0
11,4,Brandy,percent,9.0,9.0,0.1340782122905028,0.1340782122905028,0.117494977376132,0.117494977376132,0.0037591682911871,0.3735954126258176,0.0037591682911871,0.3735954126258176,0.0943459806976098,112.3448564378378,0,0,Maksim Chmerkoskiy,31,Music,0
11,5,Brandy,percent,8.0,8.0,0.1483516483516483,0.1483516483516483,0.1288850186832993,0.1288850186832993,0.0045570537297822,0.418066740301311,0.0045570537297822,0.418066740301311,0.1054871649417165,89.86710658346571,0,0,Maksim Chmerkoskiy,31,Music,0
11,6,Brandy,percent,7.0,7.0,0.1739131484985698,0.1739131484985698,0.1303270453397522,0.1303270453397522,0.0078095675881424,0.3920584948534136,0.0078095675881424,0.3920584948534136,0.0980226855268549,104.07509274994317,0,0,Maksim Chmerkoskiy,31,Music,0
11,7,Brandy,percent,6.0,6.0,0.1750599520383693,0.1750599520383693,0.1919397407752756,0.1919397407752756,0.0172232776761691,0.550804494290704,0.0172232776761691,0.550804494290704,0.1361176572996262,53.972317708789,0,0,Maksim Chmerkoskiy,31,Music,0
11,8,Brandy,percent,5.0,5.0,0.2150943396226415,0.2150943396226415,0.2338269202720739,0.2338269202720739,0.0188714133654726,0.6415733216598695,0.0188714133654726,0.6415733216598695,0.1588525276261216,39.62887474281661,0,0,Maksim Chmerkoskiy,31,Music,0
11,9,Brandy,percent,4.0,4.0,0.25,0.25,0.061796359965007,0.061796359965007,0.0018680717470543,0.1707334967304113,0.0018680717470543,0.1707334967304113,0.0430779145365706,538.8782552655051,0,0,Maksim Chmerkoskiy,31,Music,0
11,10,Brandy,,,12.0,,,,,,,,,,,1,1,Maksim Chmerkoskiy,31,Music,1
11,1,Bristol Palin,percent,12.0,12.0,0.079295154185022,0.079295154185022,0.0884579437241041,0.0884579437241041,0.0037633321791599,0.299261449200046,0.0037633321791599,0.299261449200046,0.0753821727094097,175.97975082294715,0,0,Mark Ballas,19,Media,0
11,2,Bristol Palin,percent,11.0,11.0,0.0995475113122171,0.0995475113122171,0.0971348505716262,0.0971348505716262,0.0034499465639509,0.3182292643094992,0.0034499465639509,0.3182292643094992,0.0803008463636602,155.08141485182736,0,0,Mark Ballas,19,Media,0
11,3,Bristol Palin,percent,10.0,10.0,0.085972850678733,0.085972850678733,0.115160783925649,0.115160783925649,0.0093122133566006,0.3581582866311951,0.0093122133566006,0.3581582866311951,0.0889913452231108,126.27124324473682,0,0,Mark Ballas,19,Media,0
11,4,Bristol Palin,percent,9.0,9.0,0.0893854748603352,0.0893854748603352,0.1299597066085461,0.1299597066085461,0.0098998339506927,0.3934539972798921,0.0098998339506927,0.3934539972798921,0.0978454498288774,104.45247418101698,0,0,Mark Ballas,19,Media,0
11,5,Bristol Palin,percent,8.0,8.0,0.0989010989010989,0.0989010989010989,0.1684409922575053,0.1684409922575053,0.0322394587314801,0.4698323737227348,0.0322394587314801,0.4698323737227348,0.1116308456610343,80.24751090954432,0,0,Mark Ballas,19,Media,0
11,6,Bristol Palin,percent,7.0,7.0,0.1352651917180396,0.1352651917180396,0.1622870853281732,0.1622870853281732,0.038497979385975,0.4068641490328482,0.038497979385975,0.4068641490328482,0.0939709616446105,113.24333677670003,0,0,Mark Ballas,19,Media,0
11,7,Bristol Palin,percent,6.0,6.0,0.1558752997601918,0.1558752997601918,0.2007652295188914,0.2007652295188914,0.0303812576376615,0.5357956885025046,0.0303812576376615,0.5357956885025046,0.1289322527716436,60.15571015103166,0,0,Mark Ballas,19,Media,0
11,8,Bristol Palin,percent,5.0,5.0,0.1773584905660377,0.1773584905660377,0.2562553381942183,0.2562553381942183,0.035881697998644,0.6510194156617253,0.035881697998644,0.6510194156617253,0.1569228871589493,40.609479223805465,0,0,Mark Ballas,19,Media,0
11,9,Bristol Palin,percent,4.0,4.0,0.2324561403508772,0.2324561403508772,0.3371632886885767,0.3371632886885767,0.0702807884743098,0.7673074194832445,0.0702807884743098,0.7673074194832445,0.1778129160737078,31.62812098380252,0,0,Mark Ballas,19,Media,0
11,10,Bristol Palin,percent,3.0,3.0,0.3092368897274451,0.3092368897274451,0.3331573298238151,0.3331573298238151,0.0117597102784528,0.8392929430146426,0.0117597102784528,0.8392929430146426,0.2111054165143341,22.438883664973662,0,0,Mark Ballas,19,Media,0
11,1,David Hasselhoff,percent,12.0,12.0,0.066079295154185,0.066079295154185,0.0124629432116153,0.0124629432116153,0.0004256774994224,0.0367635313154184,0.0004256774994224,0.0367635313154184,0.0092698606673459,11637.336359651568,0,0,Kym Johnson,58,Entertainment,0
11,2,David Hasselhoff,,,12.0,,,,,,,,,,,1,1,Kym Johnson,58,Entertainment,1
11,3,David Hasselhoff,,,12.0,,,,,,,,,,,1,1,Kym Johnson,58,Entertainment,1
11,4,David Hasselhoff,,,12.0,,,,,,,,,,,1,1,Kym Johnson,58,Entertainment,1
11,5,David Hasselhoff,,,12.0,,,,,,,,,,,1,1,Kym Johnson,58,Entertainment,1
11,6,David Hasselhoff,,,12.0,,,,,,,,,,,1,1,Kym Johnson,58,Entertainment,1
11,7,David Hasselhoff,,,12.0,,,,,,,,,,,1,1,Kym Johnson,58,Entertainment,1
11,8,David Hasselhoff,,,12.0,,,,,,,,,,,1,1,Kym Johnson,58,Entertainment,1
11,9,David Hasselhoff,,,12.0,,,,,,,,,,,1,1,Kym Johnson,58,Entertainment,1
11,10,David Hasselhoff,,,12.0,,,,,,,,,,,1,1,Kym Johnson,58,Entertainment,1
11,1,Florence Henderson,percent,12.0,12.0,0.079295154185022,0.079295154185022,0.0877471347889554,0.0877471347889554,0.0033336914736724,0.2973322556586895,0.0033336914736724,0.2973322556586895,0.0749996337206676,177.77951422585176,0,0,Corky Ballas,76,Entertainment,0
11,2,Florence Henderson,percent,11.0,11.0,0.085972850678733,0.085972850678733,0.0965344086691007,0.0965344086691007,0.0031825810547723,0.3216842651337271,0.0031825810547723,0.3216842651337271,0.0812504296119782,151.47768805033553,0,0,Corky Ballas,76,Entertainment,0
11,3,Florence Henderson,percent,10.0,10.0,0.090497737556561,0.090497737556561,0.1122272504345896,0.1122272504345896,0.005713947642129,0.3611206648676681,0.005713947642129,0.3611206648676681,0.090664978884066,121.6524530147512,0,0,Corky Ballas,76,Entertainment,0
11,4,Florence Henderson,percent,9.0,9.0,0.0977653631284916,0.0977653631284916,0.1236386459788191,0.1236386459788191,0.0064574708541888,0.3841588201263964,0.0064574708541888,0.3841588201263964,0.0963523850184203,107.71472115184028,0,0,Corky Ballas,76,Entertainment,0
11,5,Florence Henderson,percent,8.0,8.0,0.1153846153846153,0.1153846153846153,0.0192242217175766,0.0192242217175766,0.0006773902589382,0.0586137387837321,0.0006773902589382,0.0586137387837321,0.0147796807461208,4577.937866312231,0,0,Corky Ballas,76,Entertainment,0
11,6,Florence Henderson,,,12.0,,,,,,,,,,,1,1,Corky Ballas,76,Entertainment,1
11,7,Florence Henderson,,,12.0,,,,,,,,,,,1,1,Corky Ballas,76,Entertainment,1
11,8,Florence Henderson,,,12.0,,,,,,,,,,,1,1,Corky Ballas,76,Entertainment,1
11,9,Florence Henderson,,,12.0,,,,,,,,,,,1,1,Corky Ballas,76,Entertainment,1
11,10,Florence Henderson,,,12.0,,,,,,,,,,,1,1,Corky Ballas,76,Entertainment,1
11,1,Jennifer Grey,percent,12.0,12.0,0.105726872246696,0.105726872246696,0.0840848548839134,0.0840848548839134,0.0026870632567381,0.2828549643538156,0.0026870632567381,0.2828549643538156,0.0714714033410911,195.76514972601112,0,0,Derek Hough,50,Entertainment,0
11,2,Jennifer Grey,percent,11.0,11.0,0.1085972850678733,0.1085972850678733,0.0957213471547303,0.0957213471547303,0.0028791078615179,0.3277705467628143,0.0028791078615179,0.3277705467628143,0.0828804691074735,145.57794982917503,0,0,Derek Hough,50,Entertainment,0
11,3,Jennifer Grey,percent,10.0,10.0,0.1085972850678733,0.1085972850678733,0.1063154043339222,0.1063154043339222,0.0035464801424523,0.3467990445474194,0.0035464801424523,0.3467990445474194,0.0875644296951446,130.4201072647003,0,0,Derek Hough,50,Entertainment,0
11,4,Jennifer Grey,percent,9.0,9.0,0.1564245810055866,0.1564245810055866,0.1143766426758027,0.1143766426758027,0.0029693496743747,0.3849997555937607,0.0029693496743747,0.3849997555937607,0.097456736203925,105.28736920715389,0,0,Derek Hough,50,Entertainment,0
11,5,Jennifer Grey,percent,8.0,8.0,0.1373626373626373,0.1373626373626373,0.1310971656042105,0.1310971656042105,0.0052912162639866,0.3971177753378862,0.0052912162639866,0.3971177753378862,0.0999557548657907,100.08854903204104,0,0,Derek Hough,50,Entertainment,0
11,6,Jennifer Grey,percent,7.0,7.0,0.1400970921157704,0.1400970921157704,0.1646358426332337,0.1646358426332337,0.0305199519140214,0.4574359991949678,0.0305199519140214,0.4574359991949678,0.1089071549186087,84.31156961426005,0,0,Derek Hough,50,Entertainment,0
11,7,Jennifer Grey,percent,6.0,6.0,0.1750599520383693,0.1750599520383693,0.1878104478574142,0.1878104478574142,0.0152535173092319,0.5269493933299627,0.0152535173092319,0.5269493933299627,0.1305346622501864,58.68786361608196,0,0,Derek Hough,50,Entertainment,0
11,8,Jennifer Grey,percent,5.0,5.0,0.2150943396226415,0.2150943396226415,0.2301338094491,0.2301338094491,0.0159372259978064,0.6362088452080085,0.0159372259978064,0.6362088452080085,0.1582325559209699,39.9400232600264,0,0,Derek Hough,50,Entertainment,0
11,9,Jennifer Grey,percent,4.0,4.0,0.2631578947368421,0.2631578947368421,0.2982918203897308,0.2982918203897308,0.0319687645727938,0.7256564805088439,0.0319687645727938,0.7256564805088439,0.1769611520245025,31.93332390858121,0,0,Derek Hough,50,Entertainment,0
11,10,Jennifer Grey,percent,3.0,3.0,0.361446654088323,0.361446654088323,0.3329557516761961,0.3329557516761961,0.0137058485379189,0.8464717604466545,0.0137058485379189,0.8464717604466545,0.2124402836501876,22.15778044536192,0,0,Derek Hough,50,Entertainment,0
11,1,Kurt Warner,percent,12.0,12.0,0.0837004405286343,0.0837004405286343,0.0873816962351989,0.0873816962351989,0.002900269021661,0.2878022166795571,0.002900269021661,0.2878022166795571,0.0726790682800755,189.31337486212183,0,0,Anna Trebunskaya,39,Sports,0
11,2,Kurt Warner,percent,11.0,11.0,0.0950226244343891,0.0950226244343891,0.0977230070403004,0.0977230070403004,0.0033801939419148,0.3246905922711889,0.0033801939419148,0.3246905922711889,0.0819669383493046,148.8409978696013,0,0,Anna Trebunskaya,39,Sports,0
11,3,Kurt Warner,percent,10.0,10.0,0.1040723981900452,0.1040723981900452,0.1041240313981888,0.1041240313981888,0.0042267827505273,0.3511456209008081,0.0042267827505273,0.3511456209008081,0.0884997036097655,127.67808715478228,0,0,Anna Trebunskaya,39,Sports,0
11,4,Kurt Warner,percent,9.0,9.0,0.0949720670391061,0.0949720670391061,0.1284401523627708,0.1284401523627708,0.0058979099082077,0.3959542218488217,0.0058979099082077,0.3959542218488217,0.0995041612093403,100.99910233054172,0,0,Anna Trebunskaya,39,Sports,0
11,5,Kurt Warner,percent,8.0,8.0,0.1318681318681318,0.1318681318681318,0.1289092470151155,0.1289092470151155,0.0064637898602149,0.4164041945314533,0.0064637898602149,0.4164041945314533,0.1045766338447036,91.43883476341088,0,0,Anna Trebunskaya,39,Sports,0
11,6,Kurt Warner,percent,7.0,7.0,0.1062800695461289,0.1062800695461289,0.1962313085920333,0.1962313085920333,0.0643100772112229,0.4817612885773765,0.0643100772112229,0.4817612885773765,0.1064926559607534,88.1780890473194,0,0,Anna Trebunskaya,39,Sports,0
11,7,Kurt Warner,percent,6.0,6.0,0.1678657074340527,0.1678657074340527,0.1911690762639774,0.1911690762639774,0.0198988294805789,0.5534126686782448,0.0198988294805789,0.5534126686782448,0.136100469183078,53.9859508883246,0,0,Anna Trebunskaya,39,Sports,0
11,8,Kurt Warner,percent,5.0,5.0,0.1811320754716981,0.1811320754716981,0.0463203038977726,0.0463203038977726,0.0016227072073627,0.1356009969280207,0.0016227072073627,0.1356009969280207,0.0341781351328209,856.0581670031372,0,0,Anna Trebunskaya,39,Sports,0
11,9,Kurt Warner,,,12.0,,,,,,,,,,,1,1,Anna Trebunskaya,39,Sports,1
11,10,Kurt Warner,,,12.0,,,,,,,,,,,1,1,Anna Trebunskaya,39,Sports,1
11,1,Kyle Massey,percent,12.0,12.0,0.1013215859030837,0.1013215859030837,0.0839417783284344,0.0839417783284344,0.0025290948891604,0.2723977270487646,0.0025290948891604,0.2723977270487646,0.0688440388162255,210.992645937448,0,0,Lacey Schwimmer,19,Entertainment,0
11,2,Kyle Massey,percent,11.0,11.0,0.0995475113122171,0.0995475113122171,0.1002433744550618,0.1002433744550618,0.0034551254498169,0.3277922095183812,0.0034551254498169,0.3277922095183812,0.0827390520583072,146.07601688055033,0,0,Lacey Schwimmer,19,Entertainment,0
11,3,Kyle Massey,percent,10.0,10.0,0.1040723981900452,0.1040723981900452,0.1064344236328106,0.1064344236328106,0.0038397436957558,0.3407691846670584,0.0038397436957558,0.3407691846670584,0.0859513880028833,135.36120481693948,0,0,Lacey Schwimmer,19,Entertainment,0
11,4,Kyle Massey,percent,9.0,9.0,0.1117318435754189,0.1117318435754189,0.1212054926046538,0.1212054926046538,0.0038971303149382,0.3817109579486795,0.0038971303149382,0.3817109579486795,0.0963810784779952,107.65059553754168,0,0,Lacey Schwimmer,19,Entertainment,0
11,5,Kyle Massey,percent,8.0,8.0,0.1098901098901098,0.1098901098901098,0.1550365198232428,0.1550365198232428,0.0200380551391907,0.4379882153909178,0.0200380551391907,0.4379882153909178,0.1066199388397263,87.9676807162894,0,0,Lacey Schwimmer,19,Entertainment,0
11,6,Kyle Massey,percent,7.0,7.0,0.144927543233238,0.144927543233238,0.1698390990143249,0.1698390990143249,0.0260546113943876,0.4591040947535919,0.0260546113943876,0.4591040947535919,0.1104718069793888,81.94021222108107,0,0,Lacey Schwimmer,19,Entertainment,0
11,7,Kyle Massey,percent,6.0,6.0,0.1606714628297362,0.1606714628297362,0.200305469826184,0.200305469826184,0.0261803384765359,0.5450796520480495,0.0261803384765359,0.5450796520480495,0.1323722738702841,57.06974626626034,0,0,Lacey Schwimmer,19,Entertainment,0
11,8,Kyle Massey,percent,5.0,5.0,0.2113207547169811,0.2113207547169811,0.2334636281868337,0.2334636281868337,0.0178857100051793,0.6410856788815874,0.0178857100051793,0.6410856788815874,0.1589795838970428,39.5655573670777,0,0,Lacey Schwimmer,19,Entertainment,0
11,9,Kyle Massey,percent,4.0,4.0,0.2543859649122807,0.2543859649122807,0.3027485309566848,0.3027485309566848,0.0426464473263022,0.7173986070050153,0.0426464473263022,0.7173986070050153,0.1721306529792635,33.750760836363376,0,0,Lacey Schwimmer,19,Entertainment,0
11,10,Kyle Massey,percent,3.0,3.0,0.3293164561842318,0.3293164561842318,0.3338869184999898,0.3338869184999898,0.0113479564278042,0.84725873030877,0.0113479564278042,0.84725873030877,0.2132425443573892,21.991370148103517,0,0,Lacey Schwimmer,19,Entertainment,0
11,1,Margaret Cho,percent,12.0,12.0,0.066079295154185,0.066079295154185,0.1002702342839813,0.1002702342839813,0.0096133805119409,0.2967178482431298,0.0096133805119409,0.2967178482431298,0.0732409356457114,186.4198836279452,0,0,Louis van Amstel,41,Entertainment,0
11,2,Margaret Cho,percent,11.0,11.0,0.0814479638009049,0.0814479638009049,0.0984240818286503,0.0984240818286503,0.00527858261193,0.3095804135365679,0.00527858261193,0.3095804135365679,0.0776280180930198,165.9445536023937,0,0,Louis van Amstel,41,Entertainment,0
11,3,Margaret Cho,percent,10.0,10.0,0.0814479638009049,0.0814479638009049,0.0164452464505414,0.0164452464505414,0.0006747528778115,0.0457122996372083,0.0006747528778115,0.0457122996372083,0.0114891700916828,7575.698497039012,0,0,Louis van Amstel,41,Entertainment,0
11,4,Margaret Cho,,,12.0,,,,,,,,,,,1,1,Louis van Amstel,41,Entertainment,1
11,5,Margaret Cho,,,12.0,,,,,,,,,,,1,1,Louis van Amstel,41,Entertainment,1
11,6,Margaret Cho,,,12.0,,,,,,,,,,,1,1,Louis van Amstel,41,Entertainment,1
11,7,Margaret Cho,,,12.0,,,,,,,,,,,1,1,Louis van Amstel,41,Entertainment,1
11,8,Margaret Cho,,,12.0,,,,,,,,,,,1,1,Louis van Amstel,41,Entertainment,1
11,9,Margaret Cho,,,12.0,,,,,,,,,,,1,1,Louis van Amstel,41,Entertainment,1
11,10,Margaret Cho,,,12.0,,,,,,,,,,,1,1,Louis van Amstel,41,Entertainment,1
11,1,Michael Bolton,percent,12.0,12.0,0.0704845814977973,0.0704845814977973,0.0933692207347677,0.0933692207347677,0.0059091647723006,0.2907161438044047,0.0059091647723006,0.2907161438044047,0.0726548415898224,189.43964865378356,0,0,Chelsie Hightower,57,Music,0
11,2,Michael Bolton,percent,11.0,11.0,0.0542986425339366,0.0542986425339366,0.0226820071658079,0.0226820071658079,0.0009716608784864,0.0537881005476295,0.0009716608784864,0.0537881005476295,0.0134735815482507,5508.5067950005405,0,0,Chelsie Hightower,57,Music,0
11,3,Michael Bolton,,,12.0,,,,,,,,,,,1,1,Chelsie Hightower,57,Music,1
11,4,Michael Bolton,,,12.0,,,,,,,,,,,1,1,Chelsie Hightower,57,Music,1
11,5,Michael Bolton,,,12.0,,,,,,,,,,,1,1,Chelsie Hightower,57,Music,1
11,6,Michael Bolton,,,12.0,,,,,,,,,,,1,1,Chelsie Hightower,57,Music,1
11,7,Michael Bolton,,,12.0,,,,,,,,,,,1,1,Chelsie Hightower,57,Music,1
11,8,Michael Bolton,,,12.0,,,,,,,,,,,1,1,Chelsie Hightower,57,Music,1
11,9,Michael Bolton,,,12.0,,,,,,,,,,,1,1,Chelsie Hightower,57,Music,1
11,10,Michael Bolton,,,12.0,,,,,,,,,,,1,1,Chelsie Hightower,57,Music,1
11,1,Rick Fox,percent,12.0,12.0,0.0969162995594713,0.0969162995594713,0.0838526736597754,0.0838526736597754,0.0026120642213853,0.2777209495988842,0.0026120642213853,0.2777209495988842,0.0701808381065048,203.0312551230981,0,0,Cheryl Burke,41,Sports,0
11,2,Rick Fox,percent,11.0,11.0,0.0950226244343891,0.0950226244343891,0.0949376168417134,0.0949376168417134,0.0035443009743813,0.3162958491372561,0.0035443009743813,0.3162958491372561,0.079783558204815,157.09891936242303,0,0,Cheryl Burke,41,Sports,0
11,3,Rick Fox,percent,10.0,10.0,0.1085972850678733,0.1085972850678733,0.1091870448879158,0.1091870448879158,0.0039160682599672,0.3495583101369446,0.0039160682599672,0.3495583101369446,0.0881740412951472,128.62296223429436,0,0,Cheryl Burke,41,Sports,0
11,4,Rick Fox,percent,9.0,9.0,0.1089385474860335,0.1089385474860335,0.1208989600177717,0.1208989600177717,0.0046659788937167,0.3944124758265972,0.0046659788937167,0.3944124758265972,0.0994251267685919,101.15973738312258,0,0,Cheryl Burke,41,Sports,0
11,5,Rick Fox,percent,8.0,8.0,0.1318681318681318,0.1318681318681318,0.132958356786888,0.132958356786888,0.0074152032681217,0.4194504323623212,0.0074152032681217,0.4194504323623212,0.1051110278301529,90.51143163710174,0,0,Cheryl Burke,41,Sports,0
11,6,Rick Fox,percent,7.0,7.0,0.1449280263266591,0.1449280263266591,0.1582884166793618,0.1582884166793618,0.0259535695996877,0.4472560949548528,0.0259535695996877,0.4472560949548528,0.1074751340191747,86.57330738462336,0,0,Cheryl Burke,41,Sports,0
11,7,Rick Fox,percent,6.0,6.0,0.1654676258992805,0.1654676258992805,0.0280100357582566,0.0280100357582566,0.0009418768684897,0.0872139691964554,0.0009418768684897,0.0872139691964554,0.0220081868183585,2064.57884094532,0,0,Cheryl Burke,41,Sports,0
11,8,Rick Fox,,,12.0,,,,,,,,,,,1,1,Cheryl Burke,41,Sports,1
11,9,Rick Fox,,,12.0,,,,,,,,,,,1,1,Cheryl Burke,41,Sports,1
11,10,Rick Fox,,,12.0,,,,,,,,,,,1,1,Cheryl Burke,41,Sports,1
11,1,The Situation,percent,12.0,12.0,0.066079295154185,0.066079295154185,0.0971745367472816,0.0971745367472816,0.0093812601079929,0.3105269938671692,0.0093812601079929,0.3105269938671692,0.0768228912650959,169.44107729156275,0,0,Karina Smirnoff,28,Media,0
11,2,The Situation,percent,11.0,11.0,0.0814479638009049,0.0814479638009049,0.1024641026955684,0.1024641026955684,0.0039894346513093,0.3403841492257659,0.0039894346513093,0.3403841492257659,0.0858149782077695,135.79188184042837,0,0,Karina Smirnoff,28,Media,0
11,3,The Situation,percent,10.0,10.0,0.090497737556561,0.090497737556561,0.1137030123001709,0.1137030123001709,0.0071031044061515,0.3646948812439776,0.0071031044061515,0.3646948812439776,0.0912223920504658,120.17028401201064,0,0,Karina Smirnoff,28,Media,0
11,4,The Situation,percent,9.0,9.0,0.0782122905027933,0.0782122905027933,0.0224344328488775,0.0224344328488775,0.0008357456648701,0.0620495986592876,0.0008357456648701,0.0620495986592876,0.0156157788251065,4100.838834416005,0,0,Karina Smirnoff,28,Media,0
11,5,The Situation,,,12.0,,,,,,,,,,,1,1,Karina Smirnoff,28,Media,1
11,6,The Situation,,,12.0,,,,,,,,,,,1,1,Karina Smirnoff,28,Media,1
11,7,The Situation,,,12.0,,,,,,,,,,,1,1,Karina Smirnoff,28,Media,1
11,8,The Situation,,,12.0,,,,,,,,,,,1,1,Karina Smirnoff,28,Media,1
11,9,The Situation,,,12.0,,,,,,,,,,,1,1,Karina Smirnoff,28,Media,1
11,10,The Situation,,,12.0,,,,,,,,,,,1,1,Karina Smirnoff,28,Media,1
12,1,Chelsea Kane,percent,11.0,11.0,0.1014492753623188,0.1014492753623188,0.0905007381812404,0.0905007381812404,0.0025483441479466,0.3096246555965441,0.0025483441479466,0.3096246555965441,0.0783357937368871,162.95943245465824,0,0,Mark Ballas,22,Entertainment,0
12,2,Chelsea Kane,percent,11.0,11.0,0.0833333333333333,0.0833333333333333,0.1044858539729196,0.1044858539729196,0.007166671490082,0.320636596346965,0.007166671490082,0.320636596346965,0.0799668175655313,156.3796995743314,0,0,Mark Ballas,22,Entertainment,0
12,3,Chelsea Kane,percent,10.0,10.0,0.1074766355140186,0.1074766355140186,0.1078067260351131,0.1078067260351131,0.0040609540639534,0.361965175576333,0.0040609540639534,0.361965175576333,0.0913020973245866,119.96056211298216,0,0,Mark Ballas,22,Entertainment,0
12,4,Chelsea Kane,percent,9.0,9.0,0.1262135922330097,0.1262135922330097,0.1179561122124863,0.1179561122124863,0.0034088153345332,0.368207924749196,0.0034088153345332,0.368207924749196,0.0930609972996588,115.468784777703,0,0,Mark Ballas,22,Entertainment,0
12,5,Chelsea Kane,percent,8.0,8.0,0.134020618556701,0.134020618556701,0.1349376903756929,0.1349376903756929,0.0060476942222878,0.4067847725093986,0.0060476942222878,0.4067847725093986,0.1022288465018139,95.68703092777946,0,0,Mark Ballas,22,Entertainment,0
12,6,Chelsea Kane,percent,7.0,7.0,0.1555555555555555,0.1555555555555555,0.1622477474416237,0.1622477474416237,0.0068000565370007,0.480423428943664,0.0068000565370007,0.480423428943664,0.1208222888792508,68.50241497958584,0,0,Mark Ballas,22,Entertainment,0
12,7,Chelsea Kane,percent,6.0,6.0,0.169761273209549,0.169761273209549,0.1964083206141171,0.1964083206141171,0.0168395567459299,0.5467971744963115,0.0168395567459299,0.5467971744963115,0.135193269834281,54.71291523509554,0,0,Mark Ballas,22,Entertainment,0
12,8,Chelsea Kane,percent,5.0,5.0,0.2115384615384615,0.2115384615384615,0.2282896478368616,0.2282896478368616,0.0207571281017868,0.6144475921792681,0.0207571281017868,0.6144475921792681,0.1514516489993575,43.59653640647853,0,0,Mark Ballas,22,Entertainment,0
12,9,Chelsea Kane,percent,4.0,4.0,0.3106382978723404,0.3106382978723404,0.280317222248824,0.280317222248824,0.0174861267785699,0.741857535342142,0.0174861267785699,0.741857535342142,0.1847886246335643,29.28529032774264,0,0,Mark Ballas,22,Entertainment,0
12,10,Chelsea Kane,percent,3.0,3.0,0.3396948007112996,0.3396948007112996,0.3357691428324799,0.3357691428324799,0.0132338547163281,0.8417512280449161,0.0132338547163281,0.8417512280449161,0.2113564727879051,22.38560801499616,0,0,Mark Ballas,22,Entertainment,0
12,1,Chris Jericho,percent,11.0,11.0,0.0917874396135265,0.0917874396135265,0.0903128892076111,0.0903128892076111,0.0025702930077862,0.3080647234600062,0.0025702930077862,0.3080647234600062,0.0779322526663826,164.65144262137318,0,0,Cheryl Burke,40,Sports,0
12,2,Chris Jericho,percent,11.0,11.0,0.1064814814814814,0.1064814814814814,0.0930759381307591,0.0930759381307591,0.0024664700540853,0.3255732960450723,0.0024664700540853,0.3255732960450723,0.0824252107119864,147.19052959547997,0,0,Cheryl Burke,40,Sports,0
12,3,Chris Jericho,percent,10.0,10.0,0.0981308411214953,0.0981308411214953,0.109277787114377,0.109277787114377,0.004396855690838,0.3543067480373851,0.004396855690838,0.3543067480373851,0.0892627276394252,125.50461411732346,0,0,Cheryl Burke,40,Sports,0
12,4,Chris Jericho,percent,9.0,9.0,0.1116504854368932,0.1116504854368932,0.1231471709392651,0.1231471709392651,0.0082060969653241,0.4078052781835348,0.0082060969653241,0.4078052781835348,0.1019385666372986,96.23276286676813,0,0,Cheryl Burke,40,Sports,0
12,5,Chris Jericho,percent,8.0,8.0,0.134020618556701,0.134020618556701,0.1343698974531583,0.1343698974531583,0.0060639166001029,0.4191852144740349,0.0060639166001029,0.4191852144740349,0.1053880861923295,90.03615996103504,0,0,Cheryl Burke,40,Sports,0
12,6,Chris Jericho,percent,7.0,7.0,0.1222222222222222,0.1222222222222222,0.027022368431778,0.027022368431778,0.0011201361888642,0.0763114197487029,0.0011201361888642,0.0763114197487029,0.0191814498877139,2717.922925678495,0,0,Cheryl Burke,40,Sports,0
12,7,Chris Jericho,,,11.0,,,,,,,,,,,1,1,Cheryl Burke,40,Sports,1
12,8,Chris Jericho,,,11.0,,,,,,,,,,,1,1,Cheryl Burke,40,Sports,1
12,9,Chris Jericho,,,11.0,,,,,,,,,,,1,1,Cheryl Burke,40,Sports,1
12,10,Chris Jericho,,,11.0,,,,,,,,,,,1,1,Cheryl Burke,40,Sports,1
12,1,Hines Ward,percent,11.0,11.0,0.1014492753623188,0.1014492753623188,0.0909227247363454,0.0909227247363454,0.0028081619338456,0.3063241107693518,0.0028081619338456,0.3063241107693518,0.0774275379682413,166.8050137491481,0,0,Kym Johnson,35,Sports,0
12,2,Hines Ward,percent,11.0,11.0,0.1064814814814814,0.1064814814814814,0.0959843364059168,0.0959843364059168,0.0026088779142913,0.3270886954064176,0.0026088779142913,0.3270886954064176,0.0827754636459505,145.94753219156547,0,0,Kym Johnson,35,Sports,0
12,3,Hines Ward,percent,10.0,10.0,0.116822429906542,0.116822429906542,0.1074317854519905,0.1074317854519905,0.0033709518624532,0.3556697703913687,0.0033709518624532,0.3556697703913687,0.089872147583907,123.80830005589976,0,0,Kym Johnson,35,Sports,0
12,4,Hines Ward,percent,9.0,9.0,0.1213592233009708,0.1213592233009708,0.1167242938945771,0.1167242938945771,0.0050533225343355,0.3742638738841524,0.0050533225343355,0.3742638738841524,0.0941863651402594,112.72595578954416,0,0,Kym Johnson,35,Sports,0
12,5,Hines Ward,percent,8.0,8.0,0.1391752577319587,0.1391752577319587,0.135912383854807,0.135912383854807,0.0059403260535461,0.4186413653863184,0.0059403260535461,0.4186413653863184,0.1052808773808092,90.2196231817004,0,0,Kym Johnson,35,Sports,0
12,6,Hines Ward,percent,7.0,7.0,0.15,0.15,0.159315677954134,0.159315677954134,0.0068009212997661,0.4685236163177374,0.0068009212997661,0.4685236163177374,0.1177864017902988,72.07915558703067,0,0,Kym Johnson,35,Sports,0
12,7,Hines Ward,percent,6.0,6.0,0.1750663129973474,0.1750663129973474,0.1834120378723623,0.1834120378723623,0.014873860181953,0.5059723832961319,0.014873860181953,0.5059723832961319,0.1252802354883109,63.71400098381559,0,0,Kym Johnson,35,Sports,0
12,8,Hines Ward,percent,5.0,5.0,0.2076923076923077,0.2076923076923077,0.2302805785193558,0.2302805785193558,0.0259277407087771,0.6088308771524329,0.0259277407087771,0.6088308771524329,0.1486997797050142,45.22508062259922,0,0,Kym Johnson,35,Sports,0
12,9,Hines Ward,percent,4.0,4.0,0.2553191489361702,0.2553191489361702,0.3170539395866419,0.3170539395866419,0.0294122961158459,0.7580317861596401,0.0294122961158459,0.7580317861596401,0.185872318888723,28.9448008481354,0,0,Kym Johnson,35,Sports,0
12,10,Hines Ward,percent,3.0,3.0,0.3396948007112996,0.3396948007112996,0.3311258789367706,0.3311258789367706,0.0134833127005952,0.8428626634036412,0.0134833127005952,0.8428626634036412,0.2115763649752668,22.339101285697115,0,0,Kym Johnson,35,Sports,0
12,1,Kendra Wilkinson,percent,11.0,11.0,0.0869565217391304,0.0869565217391304,0.0899910037655732,0.0899910037655732,0.0027350979348446,0.3058514942319476,0.0027350979348446,0.3058514942319476,0.0773256113002813,167.24505125983663,0,0,Louis van Amstel,25,Media,0
12,2,Kendra Wilkinson,percent,11.0,11.0,0.0879629629629629,0.0879629629629629,0.0994559115874985,0.0994559115874985,0.0038822351783458,0.3315654661431632,0.0038822351783458,0.3315654661431632,0.0835926609604126,143.10792996846703,0,0,Louis van Amstel,25,Media,0
12,3,Kendra Wilkinson,percent,10.0,10.0,0.1074766355140186,0.1074766355140186,0.1083487253179709,0.1083487253179709,0.004062009233836,0.3563477564286933,0.004062009233836,0.3563477564286933,0.0898688130599125,123.8174878796242,0,0,Louis van Amstel,25,Media,0
12,4,Kendra Wilkinson,percent,9.0,9.0,0.087378640776699,0.087378640776699,0.1427442571436512,0.1427442571436512,0.0258597255585485,0.3983521579646623,0.0258597255585485,0.3983521579646623,0.0950235796954371,110.74834017935652,0,0,Louis van Amstel,25,Media,0
12,5,Kendra Wilkinson,percent,8.0,8.0,0.1134020618556701,0.1134020618556701,0.1509989227173897,0.1509989227173897,0.0172198386106599,0.4374964957826782,0.0172198386106599,0.4374964957826782,0.1072134329520454,86.99646290941989,0,0,Louis van Amstel,25,Media,0
12,6,Kendra Wilkinson,percent,7.0,7.0,0.1388888888888889,0.1388888888888889,0.1638046388754184,0.1638046388754184,0.0106153784512473,0.4860088180982415,0.0106153784512473,0.4860088180982415,0.1212738366446413,67.99324453752874,0,0,Louis van Amstel,25,Media,0
12,7,Kendra Wilkinson,percent,6.0,6.0,0.1618037135278514,0.1618037135278514,0.0298281864593806,0.0298281864593806,0.0010154614441496,0.0894129942935066,0.0010154614441496,0.0894129942935066,0.0225503910329992,1966.4904685484908,0,0,Louis van Amstel,25,Media,0
12,8,Kendra Wilkinson,,,11.0,,,,,,,,,,,1,1,Louis van Amstel,25,Media,1
12,9,Kendra Wilkinson,,,11.0,,,,,,,,,,,1,1,Louis van Amstel,25,Media,1
12,10,Kendra Wilkinson,,,11.0,,,,,,,,,,,1,1,Louis van Amstel,25,Media,1
12,1,Kirstie Alley,percent,11.0,11.0,0.1111111111111111,0.1111111111111111,0.0921074980568784,0.0921074980568784,0.0024333091644067,0.311281574135807,0.0024333091644067,0.311281574135807,0.0787878226967857,161.09490393124278,0,0,Maksim Chmerkoskiy,60,Entertainment,0
12,2,Kirstie Alley,percent,11.0,11.0,0.0925925925925925,0.0925925925925925,0.0967385219759248,0.0967385219759248,0.0036031233847579,0.3168431680542834,0.0036031233847579,0.3168431680542834,0.0799081746605932,156.60931124884388,0,0,Maksim Chmerkoskiy,60,Entertainment,0
12,3,Kirstie Alley,percent,10.0,10.0,0.0981308411214953,0.0981308411214953,0.1091440387044676,0.1091440387044676,0.003596970559061,0.3487304108869762,0.003596970559061,0.3487304108869762,0.088044244981611,129.00247806081225,0,0,Maksim Chmerkoskiy,60,Entertainment,0
12,4,Kirstie Alley,percent,9.0,9.0,0.1067961165048543,0.1067961165048543,0.1259491077264224,0.1259491077264224,0.0100510833051463,0.3855647937640764,0.0100510833051463,0.3855647937640764,0.0957943138925842,108.97340911702256,0,0,Maksim Chmerkoskiy,60,Entertainment,0
12,5,Kirstie Alley,percent,8.0,8.0,0.1185567010309278,0.1185567010309278,0.1443395017893798,0.1443395017893798,0.0104132071550623,0.4314126819537583,0.0104132071550623,0.4314126819537583,0.1073978252037489,86.69798940153481,0,0,Maksim Chmerkoskiy,60,Entertainment,0
12,6,Kirstie Alley,percent,7.0,7.0,0.1444444444444444,0.1444444444444444,0.1568106365713112,0.1568106365713112,0.0095897881624093,0.4966503330640044,0.0095897881624093,0.4966503330640044,0.1242501390055089,64.77482277912348,0,0,Maksim Chmerkoskiy,60,Entertainment,0
12,7,Kirstie Alley,percent,6.0,6.0,0.1591511936339522,0.1591511936339522,0.1995526314376034,0.1995526314376034,0.0269812572361294,0.5472120525172343,0.0269812572361294,0.5472120525172343,0.1327119375717104,56.777990826885066,0,0,Maksim Chmerkoskiy,60,Entertainment,0
12,8,Kirstie Alley,percent,5.0,5.0,0.2038461538461538,0.2038461538461538,0.2373682063069053,0.2373682063069053,0.028292007771193,0.6317788342073034,0.028292007771193,0.6317788342073034,0.15395072102962,42.192624976665165,0,0,Maksim Chmerkoskiy,60,Entertainment,0
12,9,Kirstie Alley,percent,4.0,4.0,0.2297872340425532,0.2297872340425532,0.3228238535348586,0.3228238535348586,0.0342733210893749,0.7738455023173718,0.0342733210893749,0.7738455023173718,0.1886663727622441,28.093833236826494,0,0,Maksim Chmerkoskiy,60,Entertainment,0
12,10,Kirstie Alley,percent,3.0,3.0,0.3206103985774007,0.3206103985774007,0.3331049782307471,0.3331049782307471,0.0123569859219509,0.8385789853289198,0.0123569859219509,0.8385789853289198,0.2107709182160635,22.51016223014012,0,0,Maksim Chmerkoskiy,60,Entertainment,0
12,1,Mike Catherwood,percent,11.0,11.0,0.0628019323671497,0.0628019323671497,0.09175193337807,0.09175193337807,0.0027941830600247,0.3120968509404893,0.0027941830600247,0.3120968509404893,0.0789037418062409,160.62191595343754,0,0,Lacey Schwimmer,32,Other,0
12,2,Mike Catherwood,percent,11.0,11.0,0.0787037037037037,0.0787037037037037,0.012167938240524,0.012167938240524,0.0005154419502764,0.036491715934822,0.0005154419502764,0.036491715934822,0.0091776209144248,11872.43416418929,0,0,Lacey Schwimmer,32,Other,0
12,3,Mike Catherwood,,,11.0,,,,,,,,,,,1,1,Lacey Schwimmer,32,Other,1
12,4,Mike Catherwood,,,11.0,,,,,,,,,,,1,1,Lacey Schwimmer,32,Other,1
12,5,Mike Catherwood,,,11.0,,,,,,,,,,,1,1,Lacey Schwimmer,32,Other,1
12,6,Mike Catherwood,,,11.0,,,,,,,,,,,1,1,Lacey Schwimmer,32,Other,1
12,7,Mike Catherwood,,,11.0,,,,,,,,,,,1,1,Lacey Schwimmer,32,Other,1
12,8,Mike Catherwood,,,11.0,,,,,,,,,,,1,1,Lacey Schwimmer,32,Other,1
12,9,Mike Catherwood,,,11.0,,,,,,,,,,,1,1,Lacey Schwimmer,32,Other,1
12,10,Mike Catherwood,,,11.0,,,,,,,,,,,1,1,Lacey Schwimmer,32,Other,1
12,1,Petra Nemcova,percent,11.0,11.0,0.0869565217391304,0.0869565217391304,0.0910542654996244,0.0910542654996244,0.0026151092456538,0.3092525477572301,0.0026151092456538,0.3092525477572301,0.0782238363549939,163.4262356296295,0,0,Dmitry Chaplin,31,Fashion,0
12,2,Petra Nemcova,percent,11.0,11.0,0.0833333333333333,0.0833333333333333,0.1010503718650748,0.1010503718650748,0.0065463741595791,0.3245395133597318,0.0065463741595791,0.3245395133597318,0.0811206987755491,151.9625714644558,0,0,Dmitry Chaplin,31,Fashion,0
12,3,Petra Nemcova,percent,10.0,10.0,0.116822429906542,0.116822429906542,0.1067049581327804,0.1067049581327804,0.0036977957891945,0.3631681043038931,0.0036977957891945,0.3631681043038931,0.0917016093149741,118.91758619279496,0,0,Dmitry Chaplin,31,Fashion,0
12,4,Petra Nemcova,percent,9.0,9.0,0.1116504854368932,0.1116504854368932,0.1213311105205021,0.1213311105205021,0.0068257994547306,0.3673506103443615,0.0068257994547306,0.3673506103443615,0.091970615022865,118.22295723463144,0,0,Dmitry Chaplin,31,Fashion,0
12,5,Petra Nemcova,percent,8.0,8.0,0.1134020618556701,0.1134020618556701,0.0193260913923777,0.0193260913923777,0.000714258032354,0.0590179176116145,0.000714258032354,0.0590179176116145,0.0148733825457297,4520.437859785199,0,0,Dmitry Chaplin,31,Fashion,0
12,6,Petra Nemcova,,,11.0,,,,,,,,,,,1,1,Dmitry Chaplin,31,Fashion,1
12,7,Petra Nemcova,,,11.0,,,,,,,,,,,1,1,Dmitry Chaplin,31,Fashion,1
12,8,Petra Nemcova,,,11.0,,,,,,,,,,,1,1,Dmitry Chaplin,31,Fashion,1
12,9,Petra Nemcova,,,11.0,,,,,,,,,,,1,1,Dmitry Chaplin,31,Fashion,1
12,10,Petra Nemcova,,,11.0,,,,,,,,,,,1,1,Dmitry Chaplin,31,Fashion,1
12,1,Ralph Macchio,percent,11.0,11.0,0.1159420289855072,0.1159420289855072,0.0909084247759374,0.0909084247759374,0.0023308672497883,0.3135785265824194,0.0023308672497883,0.3135785265824194,0.0793999130950589,158.6207305808885,0,0,Karina Smirnoff,49,Entertainment,0
12,2,Ralph Macchio,percent,11.0,11.0,0.0972222222222222,0.0972222222222222,0.0940082527503123,0.0940082527503123,0.0031457439990562,0.3177122350859127,0.0031457439990562,0.3177122350859127,0.0802465538486878,155.29133310794705,0,0,Karina Smirnoff,49,Entertainment,0
12,3,Ralph Macchio,percent,10.0,10.0,0.0981308411214953,0.0981308411214953,0.1109515198931277,0.1109515198931277,0.0040169185004555,0.3644601488891862,0.0040169185004555,0.3644601488891862,0.0919498036705945,118.2764790029185,0,0,Karina Smirnoff,49,Entertainment,0
12,4,Ralph Macchio,percent,9.0,9.0,0.1213592233009708,0.1213592233009708,0.1159071215771784,0.1159071215771784,0.004170979644246,0.3790309367430804,0.004170979644246,0.3790309367430804,0.0956275400762332,109.35383841379392,0,0,Karina Smirnoff,49,Entertainment,0
12,5,Ralph Macchio,percent,8.0,8.0,0.1134020618556701,0.1134020618556701,0.1494936114701469,0.1494936114701469,0.0161421880009342,0.4346005124660662,0.0161421880009342,0.4346005124660662,0.1067495725676357,87.75415940622496,0,0,Karina Smirnoff,49,Entertainment,0
12,6,Ralph Macchio,percent,7.0,7.0,0.1333333333333333,0.1333333333333333,0.1705939457807437,0.1705939457807437,0.0144687578446366,0.4927174526297538,0.0144687578446366,0.4927174526297538,0.1220022180574278,67.18379732561289,0,0,Karina Smirnoff,49,Entertainment,0
12,7,Ralph Macchio,percent,6.0,6.0,0.1750663129973474,0.1750663129973474,0.189215565125501,0.189215565125501,0.0150378329455902,0.5237594961734056,0.0150378329455902,0.5237594961734056,0.1297759344968916,59.37610025467036,0,0,Karina Smirnoff,49,Entertainment,0
12,8,Ralph Macchio,percent,5.0,5.0,0.1769230769230769,0.1769230769230769,0.2644474462847427,0.2644474462847427,0.0572015051417531,0.6339371499631373,0.0572015051417531,0.6339371499631373,0.1471264400054551,46.19750774105819,0,0,Karina Smirnoff,49,Entertainment,0
12,9,Ralph Macchio,percent,4.0,4.0,0.2042553191489361,0.2042553191489361,0.0798049846296759,0.0798049846296759,0.0030970065223672,0.2133928011388789,0.0030970065223672,0.2133928011388789,0.0536468863817631,347.4649145863683,0,0,Karina Smirnoff,49,Entertainment,0
12,10,Ralph Macchio,,,11.0,,,,,,,,,,,1,1,Karina Smirnoff,49,Entertainment,1
12,1,Romeo,percent,11.0,11.0,0.0917874396135265,0.0917874396135265,0.0908136209996056,0.0908136209996056,0.0024589510881975,0.3053464908494664,0.0024589510881975,0.3053464908494664,0.0772672295309359,167.4978816212585,0,0,Chelsie Hightower,21,Music,0
12,2,Romeo,percent,11.0,11.0,0.1064814814814814,0.1064814814814814,0.094512471932385,0.094512471932385,0.0031620930324033,0.31461162320482,0.0031620930324033,0.31461162320482,0.0794514107582695,158.4151722507749,0,0,Chelsie Hightower,21,Music,0
12,3,Romeo,percent,10.0,10.0,0.0934579439252336,0.0934579439252336,0.1126633279040856,0.1126633279040856,0.0049925122761303,0.362849892346037,0.0049925122761303,0.362849892346037,0.091290147977017,119.99196844319964,0,0,Chelsie Hightower,21,Music,0
12,4,Romeo,percent,9.0,9.0,0.1116504854368932,0.1116504854368932,0.1203253802829846,0.1203253802829846,0.0082546360199105,0.3773092664689583,0.0082546360199105,0.3773092664689583,0.0941465894002673,112.82122648393523,0,0,Chelsie Hightower,21,Music,0
12,5,Romeo,percent,8.0,8.0,0.134020618556701,0.134020618556701,0.130621900947048,0.130621900947048,0.0054098865611576,0.4314270692864069,0.0054098865611576,0.4314270692864069,0.1086778527360329,84.66772722788316,0,0,Chelsie Hightower,21,Music,0
12,6,Romeo,percent,7.0,7.0,0.1555555555555555,0.1555555555555555,0.1602049849449907,0.1602049849449907,0.0072601108625245,0.4835605944331866,0.0072601108625245,0.4835605944331866,0.1215052254006791,67.73452493506078,0,0,Chelsie Hightower,21,Music,0
12,7,Romeo,percent,6.0,6.0,0.1591511936339522,0.1591511936339522,0.2015832584910352,0.2015832584910352,0.0274026123665692,0.5431533802144309,0.0274026123665692,0.5431533802144309,0.131569073430577,57.76866981936579,0,0,Chelsie Hightower,21,Music,0
12,8,Romeo,percent,5.0,5.0,0.2,0.2,0.0396141210521343,0.0396141210521343,0.001463231983601,0.1201859414451296,0.001463231983601,0.1201859414451296,0.0302864054748797,1090.1958769302823,0,0,Chelsie Hightower,21,Music,0
12,9,Romeo,,,11.0,,,,,,,,,,,1,1,Chelsie Hightower,21,Music,1
12,10,Romeo,,,11.0,,,,,,,,,,,1,1,Chelsie Hightower,21,Music,1
12,1,Sugar Ray Leonard,percent,11.0,11.0,0.0821256038647343,0.0821256038647343,0.0905603214456709,0.0905603214456709,0.0023480786378006,0.3121361320364527,0.0023480786378006,0.3121361320364527,0.0790275646425132,160.11897548689214,0,0,Anna Trebunskaya,54,Sports,0
12,2,Sugar Ray Leonard,percent,11.0,11.0,0.0787037037037037,0.0787037037037037,0.1062773556355659,0.1062773556355659,0.0105384383200279,0.3335654228655786,0.0105384383200279,0.3335654228655786,0.0824048429963139,147.26329972019553,0,0,Anna Trebunskaya,54,Sports,0
12,3,Sugar Ray Leonard,percent,10.0,10.0,0.0934579439252336,0.0934579439252336,0.1068851611175001,0.1068851611175001,0.0046984544854099,0.3479897422449716,0.0046984544854099,0.3479897422449716,0.087574308101929,130.3906860739968,0,0,Anna Trebunskaya,54,Sports,0
12,4,Sugar Ray Leonard,percent,9.0,9.0,0.1019417475728155,0.1019417475728155,0.0159154457029324,0.0159154457029324,0.0006071837986129,0.0464172650199834,0.0006071837986129,0.0464172650199834,0.0116862452095332,7322.342019224155,0,0,Anna Trebunskaya,54,Sports,0
12,5,Sugar Ray Leonard,,,11.0,,,,,,,,,,,1,1,Anna Trebunskaya,54,Sports,1
12,6,Sugar Ray Leonard,,,11.0,,,,,,,,,,,1,1,Anna Trebunskaya,54,Sports,1
12,7,Sugar Ray Leonard,,,11.0,,,,,,,,,,,1,1,Anna Trebunskaya,54,Sports,1
12,8,Sugar Ray Leonard,,,11.0,,,,,,,,,,,1,1,Anna Trebunskaya,54,Sports,1
12,9,Sugar Ray Leonard,,,11.0,,,,,,,,,,,1,1,Anna Trebunskaya,54,Sports,1
12,10,Sugar Ray Leonard,,,11.0,,,,,,,,,,,1,1,Anna Trebunskaya,54,Sports,1
12,1,Wendy Williams,percent,11.0,11.0,0.0676328502415458,0.0676328502415458,0.0910765799534425,0.0910765799534425,0.0023803111874611,0.309027550758352,0.0023803111874611,0.309027550758352,0.0782263366252272,163.41578893763494,0,0,Tony Dovolani,46,Media,0
12,2,Wendy Williams,percent,11.0,11.0,0.0787037037037037,0.0787037037037037,0.1022430475031185,0.1022430475031185,0.009796624187205,0.3025579203074596,0.009796624187205,0.3025579203074596,0.0746840041123098,179.285353405796,0,0,Tony Dovolani,46,Media,0
12,3,Wendy Williams,percent,10.0,10.0,0.0700934579439252,0.0700934579439252,0.0207859703285866,0.0207859703285866,0.0007934330591232,0.0536947079530319,0.0007934330591232,0.0536947079530319,0.0134952231872216,5490.853507535844,0,0,Tony Dovolani,46,Media,0
12,4,Wendy Williams,,,11.0,,,,,,,,,,,1,1,Tony Dovolani,46,Media,1
12,5,Wendy Williams,,,11.0,,,,,,,,,,,1,1,Tony Dovolani,46,Media,1
12,6,Wendy Williams,,,11.0,,,,,,,,,,,1,1,Tony Dovolani,46,Media,1
12,7,Wendy Williams,,,11.0,,,,,,,,,,,1,1,Tony Dovolani,46,Media,1
12,8,Wendy Williams,,,11.0,,,,,,,,,,,1,1,Tony Dovolani,46,Media,1
12,9,Wendy Williams,,,11.0,,,,,,,,,,,1,1,Tony Dovolani,46,Media,1
12,10,Wendy Williams,,,11.0,,,,,,,,,,,1,1,Tony Dovolani,46,Media,1
13,1,Carson Kressley,percent,12.0,12.0,0.0783410138248847,0.0783410138248847,0.0895332764512824,0.0895332764512824,0.0038860225346566,0.3005353782845117,0.0038860225346566,0.3005353782845117,0.0756758560586365,174.61651449476614,0,0,Anna Trebunskaya,41,Media,0
13,2,Carson Kressley,percent,11.0,11.0,0.0807174887892376,0.0807174887892376,0.1075691535705395,0.1075691535705395,0.0201639893271104,0.3033508305354063,0.0201639893271104,0.3033508305354063,0.0722415411245652,191.61345230051805,0,0,Anna Trebunskaya,41,Media,0
13,3,Carson Kressley,percent,10.0,10.0,0.0970464135021097,0.0970464135021097,0.1109265305263111,0.1109265305263111,0.0127373132567844,0.3346512669879893,0.0127373132567844,0.3346512669879893,0.0821209065640828,148.28339809663612,0,0,Anna Trebunskaya,41,Media,0
13,4,Carson Kressley,percent,9.0,9.0,0.0956937799043062,0.0956937799043062,0.1347804601271441,0.1347804601271441,0.0182839005503856,0.3768651801631168,0.0182839005503856,0.3768651801631168,0.0914748162277375,119.50798080679296,0,0,Anna Trebunskaya,41,Media,0
13,5,Carson Kressley,percent,8.0,8.0,0.101063829787234,0.101063829787234,0.0234717732272099,0.0234717732272099,0.0008901467039964,0.0635130535574122,0.0008901467039964,0.0635130535574122,0.015975231340157,3918.372213450294,0,0,Anna Trebunskaya,41,Media,0
13,6,Carson Kressley,,,12.0,,,,,,,,,,,1,1,Anna Trebunskaya,41,Media,1
13,7,Carson Kressley,,,12.0,,,,,,,,,,,1,1,Anna Trebunskaya,41,Media,1
13,8,Carson Kressley,,,12.0,,,,,,,,,,,1,1,Anna Trebunskaya,41,Media,1
13,9,Carson Kressley,,,12.0,,,,,,,,,,,1,1,Anna Trebunskaya,41,Media,1
13,10,Carson Kressley,,,12.0,,,,,,,,,,,1,1,Anna Trebunskaya,41,Media,1
13,1,Chaz Bono,percent,12.0,12.0,0.0783410138248847,0.0783410138248847,0.0892342746169849,0.0892342746169849,0.0039255893767797,0.2792185473556655,0.0039255893767797,0.2792185473556655,0.0702277954027769,202.7598351990462,0,0,Lacey Schwimmer,42,Media,0
13,2,Chaz Bono,percent,11.0,11.0,0.0762331838565022,0.0762331838565022,0.1103189410727669,0.1103189410727669,0.0272169259887461,0.3155056008145313,0.0272169259887461,0.3155056008145313,0.0735430292922921,184.8915104438749,0,0,Lacey Schwimmer,42,Media,0
13,3,Chaz Bono,percent,10.0,10.0,0.0759493670886076,0.0759493670886076,0.131524384824641,0.131524384824641,0.034366654258694,0.3459950493935341,0.034366654258694,0.3459950493935341,0.0794970395752143,158.233373720258,0,0,Lacey Schwimmer,42,Media,0
13,4,Chaz Bono,percent,9.0,9.0,0.1004784688995215,0.1004784688995215,0.1271962199781136,0.1271962199781136,0.0149826541031353,0.3743141918045382,0.0149826541031353,0.3743141918045382,0.0916662085972966,119.0094538689776,0,0,Lacey Schwimmer,42,Media,0
13,5,Chaz Bono,percent,8.0,8.0,0.1117021276595744,0.1117021276595744,0.148342189056511,0.148342189056511,0.012102396999049,0.4287901904864102,0.012102396999049,0.4287901904864102,0.1062979065018778,88.5014889480452,0,0,Lacey Schwimmer,42,Media,0
13,6,Chaz Bono,percent,7.0,7.0,0.1144578313253012,0.1144578313253012,0.0310008860928183,0.0310008860928183,0.0012973432742384,0.087131305057491,0.0012973432742384,0.087131305057491,0.0218964188222583,2085.709489863584,0,0,Lacey Schwimmer,42,Media,0
13,7,Chaz Bono,,,12.0,,,,,,,,,,,1,1,Lacey Schwimmer,42,Media,1
13,8,Chaz Bono,,,12.0,,,,,,,,,,,1,1,Lacey Schwimmer,42,Media,1
13,9,Chaz Bono,,,12.0,,,,,,,,,,,1,1,Lacey Schwimmer,42,Media,1
13,10,Chaz Bono,,,12.0,,,,,,,,,,,1,1,Lacey Schwimmer,42,Media,1
13,1,Chynna Phillips,percent,12.0,12.0,0.1013824884792626,0.1013824884792626,0.0878319389293196,0.0878319389293196,0.0021702071213312,0.2894549866518933,0.0021702071213312,0.2894549866518933,0.0732869335537148,186.185947419868,0,0,Tony Dovolani,43,Music,0
13,2,Chynna Phillips,percent,11.0,11.0,0.0941704035874439,0.0941704035874439,0.0987065890180869,0.0987065890180869,0.009677344403535,0.3252215364418038,0.009677344403535,0.3252215364418038,0.0804959673567012,154.33049611120498,0,0,Tony Dovolani,43,Music,0
13,3,Chynna Phillips,percent,10.0,10.0,0.1097046413502109,0.1097046413502109,0.1015210128527057,0.1015210128527057,0.0059146582751657,0.3050697814561655,0.0059146582751657,0.3050697814561655,0.0763150824441326,171.7035382069543,0,0,Tony Dovolani,43,Music,0
13,4,Chynna Phillips,percent,9.0,9.0,0.1004784688995215,0.1004784688995215,0.015882112142311,0.015882112142311,0.0007385867898493,0.0474135503682292,0.0007385867898493,0.0474135503682292,0.0119068784638724,7053.491682851928,0,0,Tony Dovolani,43,Music,0
13,5,Chynna Phillips,,,12.0,,,,,,,,,,,1,1,Tony Dovolani,43,Music,1
13,6,Chynna Phillips,,,12.0,,,,,,,,,,,1,1,Tony Dovolani,43,Music,1
13,7,Chynna Phillips,,,12.0,,,,,,,,,,,1,1,Tony Dovolani,43,Music,1
13,8,Chynna Phillips,,,12.0,,,,,,,,,,,1,1,Tony Dovolani,43,Music,1
13,9,Chynna Phillips,,,12.0,,,,,,,,,,,1,1,Tony Dovolani,43,Music,1
13,10,Chynna Phillips,,,12.0,,,,,,,,,,,1,1,Tony Dovolani,43,Music,1
13,1,David Arquette,percent,12.0,12.0,0.0829493087557603,0.0829493087557603,0.0895699122961271,0.0895699122961271,0.0036922157779533,0.2870364556316241,0.0036922157779533,0.2870364556316241,0.0722816938402221,191.40062763933383,0,0,Kym Johnson,40,Entertainment,0
13,2,David Arquette,percent,11.0,11.0,0.0807174887892376,0.0807174887892376,0.1056669194879997,0.1056669194879997,0.0207482533258534,0.3212323427701866,0.0207482533258534,0.3212323427701866,0.076654104450085,170.18809291203945,0,0,Kym Johnson,40,Entertainment,0
13,3,David Arquette,percent,10.0,10.0,0.1012658227848101,0.1012658227848101,0.1068358050980001,0.1068358050980001,0.0096700490591087,0.3394341800805368,0.0096700490591087,0.3394341800805368,0.0841235028115888,141.3075296588095,0,0,Kym Johnson,40,Entertainment,0
13,4,David Arquette,percent,9.0,9.0,0.1100478468899521,0.1100478468899521,0.1272950050303421,0.1272950050303421,0.0070274713866666,0.3897412482189877,0.0070274713866666,0.3897412482189877,0.0976310655184492,104.91170419073474,0,0,Kym Johnson,40,Entertainment,0
13,5,David Arquette,percent,8.0,8.0,0.1329787234042553,0.1329787234042553,0.1350632061003304,0.1350632061003304,0.0057135788741953,0.4322090173120264,0.0057135788741953,0.4322090173120264,0.1087998567443446,84.47794737554896,0,0,Kym Johnson,40,Entertainment,0
13,6,David Arquette,percent,7.0,7.0,0.1385542168674698,0.1385542168674698,0.1651462895627902,0.1651462895627902,0.0087022244013039,0.4944380592864105,0.0087022244013039,0.4944380592864105,0.1239122027768129,65.12861535100062,0,0,Kym Johnson,40,Entertainment,0
13,7,David Arquette,percent,6.0,6.0,0.1604095563139931,0.1604095563139931,0.0299814481651105,0.0299814481651105,0.0009520785620997,0.092668245820747,0.0009520785620997,0.092668245820747,0.0233969814435324,1826.755143197866,0,0,Kym Johnson,40,Entertainment,0
13,8,David Arquette,,,12.0,,,,,,,,,,,1,1,Kym Johnson,40,Entertainment,1
13,9,David Arquette,,,12.0,,,,,,,,,,,1,1,Kym Johnson,40,Entertainment,1
13,10,David Arquette,,,12.0,,,,,,,,,,,1,1,Kym Johnson,40,Entertainment,1
13,1,Elisabetta Canalis,percent,12.0,12.0,0.0691244239631336,0.0691244239631336,0.096029931731559,0.096029931731559,0.0062604776602083,0.3049036170086695,0.0062604776602083,0.3049036170086695,0.076184474323587,172.29276848523887,0,0,Valentin Chmerkovskiy,33,Entertainment,0
13,2,Elisabetta Canalis,percent,11.0,11.0,0.0941704035874439,0.0941704035874439,0.0082123131519227,0.0082123131519227,0.0001959216751005,0.0257155871814832,0.0001959216751005,0.0257155871814832,0.0065101187516282,23595.11936411492,0,0,Valentin Chmerkovskiy,33,Entertainment,0
13,3,Elisabetta Canalis,,,12.0,,,,,,,,,,,1,1,Valentin Chmerkovskiy,33,Entertainment,1
13,4,Elisabetta Canalis,,,12.0,,,,,,,,,,,1,1,Valentin Chmerkovskiy,33,Entertainment,1
13,5,Elisabetta Canalis,,,12.0,,,,,,,,,,,1,1,Valentin Chmerkovskiy,33,Entertainment,1
13,6,Elisabetta Canalis,,,12.0,,,,,,,,,,,1,1,Valentin Chmerkovskiy,33,Entertainment,1
13,7,Elisabetta Canalis,,,12.0,,,,,,,,,,,1,1,Valentin Chmerkovskiy,33,Entertainment,1
13,8,Elisabetta Canalis,,,12.0,,,,,,,,,,,1,1,Valentin Chmerkovskiy,33,Entertainment,1
13,9,Elisabetta Canalis,,,12.0,,,,,,,,,,,1,1,Valentin Chmerkovskiy,33,Entertainment,1
13,10,Elisabetta Canalis,,,12.0,,,,,,,,,,,1,1,Valentin Chmerkovskiy,33,Entertainment,1
13,1,Hope Solo,percent,12.0,12.0,0.0967741935483871,0.0967741935483871,0.0857307181936085,0.0857307181936085,0.0024385560498541,0.2870044160026622,0.0024385560498541,0.2870044160026622,0.0725933316206143,189.76081764761548,0,0,Maksim Chmerkoskiy,30,Sports,0
13,2,Hope Solo,percent,11.0,11.0,0.085201793721973,0.085201793721973,0.1034909936391469,0.1034909936391469,0.0170645514881883,0.3240088112813841,0.0170645514881883,0.3240088112813841,0.0783021070901009,163.0996774081383,0,0,Maksim Chmerkoskiy,30,Sports,0
13,3,Hope Solo,percent,10.0,10.0,0.1012658227848101,0.1012658227848101,0.1122138121345942,0.1122138121345942,0.0109810951731531,0.3486754106766427,0.0109810951731531,0.3486754106766427,0.0861465090570126,134.74871546607514,0,0,Maksim Chmerkoskiy,30,Sports,0
13,4,Hope Solo,percent,9.0,9.0,0.1148325358851674,0.1148325358851674,0.1204243066660266,0.1204243066660266,0.0056776514383336,0.3892052639046875,0.0056776514383336,0.3892052639046875,0.09783867664958,104.46693676061162,0,0,Maksim Chmerkoskiy,30,Sports,0
13,5,Hope Solo,percent,8.0,8.0,0.1276595744680851,0.1276595744680851,0.1406861959387021,0.1406861959387021,0.0065732333230279,0.4370948757804967,0.0065732333230279,0.4370948757804967,0.1098269496064971,82.90527364731355,0,0,Maksim Chmerkoskiy,30,Sports,0
13,6,Hope Solo,percent,7.0,7.0,0.1204819277108433,0.1204819277108433,0.1747559528347312,0.1747559528347312,0.0196388552107641,0.4971709715995848,0.0196388552107641,0.4971709715995848,0.1218194174461277,67.38557884798519,0,0,Maksim Chmerkoskiy,30,Sports,0
13,7,Hope Solo,percent,6.0,6.0,0.1706484641638225,0.1706484641638225,0.1841618578099458,0.1841618578099458,0.0133556485298017,0.5239228317751233,0.0133556485298017,0.5239228317751233,0.1302467304197249,58.94762878580446,0,0,Maksim Chmerkoskiy,30,Sports,0
13,8,Hope Solo,percent,5.0,5.0,0.2007722007722007,0.2007722007722007,0.2392567809552122,0.2392567809552122,0.0135013285521531,0.652052547701122,0.0135013285521531,0.652052547701122,0.1628957191706553,37.68605323136271,0,0,Maksim Chmerkoskiy,30,Sports,0
13,9,Hope Solo,percent,4.0,4.0,0.2067502394524871,0.2067502394524871,0.07843244049777,0.07843244049777,0.0027789860585179,0.2081937366252856,0.0027789860585179,0.2081937366252856,0.0524017220833591,364.1739536112177,0,0,Maksim Chmerkoskiy,30,Sports,0
13,10,Hope Solo,,,12.0,,,,,,,,,,,1,1,Maksim Chmerkoskiy,30,Sports,1
13,1,J.R. Martinez,percent,12.0,12.0,0.1013824884792626,0.1013824884792626,0.0884854816636538,0.0884854816636538,0.0021686485225112,0.2974708835633107,0.0021686485225112,0.2974708835633107,0.0753322028165304,176.21329253591796,0,0,Karina Smirnoff,28,Entertainment,0
13,2,J.R. Martinez,percent,11.0,11.0,0.0986547085201793,0.0986547085201793,0.0857162687290961,0.0857162687290961,0.0049359279868837,0.2784397104562924,0.0049359279868837,0.2784397104562924,0.0697713730789307,205.42129385402652,0,0,Karina Smirnoff,28,Entertainment,0
13,3,J.R. Martinez,percent,10.0,10.0,0.1097046413502109,0.1097046413502109,0.0999149597164561,0.0999149597164561,0.0049028305530877,0.3056051576288658,0.0049028305530877,0.3056051576288658,0.0767097773152495,169.94115123536008,0,0,Karina Smirnoff,28,Entertainment,0
13,4,J.R. Martinez,percent,9.0,9.0,0.124401913875598,0.124401913875598,0.1154271414807286,0.1154271414807286,0.0048701884021484,0.3781676478289955,0.0048701884021484,0.3781676478289955,0.0952289437313385,110.27119108037198,0,0,Karina Smirnoff,28,Entertainment,0
13,5,J.R. Martinez,percent,8.0,8.0,0.1489361702127659,0.1489361702127659,0.1341622991589834,0.1341622991589834,0.0046924770468397,0.442922939664804,0.0046924770468397,0.442922939664804,0.1117934853617255,80.01418895247035,0,0,Karina Smirnoff,28,Entertainment,0
13,6,J.R. Martinez,percent,7.0,7.0,0.1746987951807229,0.1746987951807229,0.1530537743086493,0.1530537743086493,0.0053455575362002,0.4801716202996682,0.0053455575362002,0.4801716202996682,0.1211290976437418,68.15583394367447,0,0,Karina Smirnoff,28,Entertainment,0
13,7,J.R. Martinez,percent,6.0,6.0,0.1638225255972696,0.1638225255972696,0.1980529790892075,0.1980529790892075,0.0209448553454085,0.5654654852918973,0.0209448553454085,0.5654654852918973,0.138908323965941,51.82549483740856,0,0,Karina Smirnoff,28,Entertainment,0
13,8,J.R. Martinez,percent,5.0,5.0,0.2316602316602316,0.2316602316602316,0.2231091066875416,0.2231091066875416,0.0114991197786694,0.6401739462881578,0.0114991197786694,0.6401739462881578,0.1603762312524205,38.879439272469696,0,0,Karina Smirnoff,28,Entertainment,0
13,9,J.R. Martinez,percent,4.0,4.0,0.2362879168266533,0.2362879168266533,0.3250842808015975,0.3250842808015975,0.0319143380242184,0.7808661727482552,0.0319143380242184,0.7808661727482552,0.1910591415112338,27.39456168072632,0,0,Karina Smirnoff,28,Entertainment,0
13,10,J.R. Martinez,percent,3.0,3.0,0.3333329388541484,0.3333329388541484,0.3376436447184862,0.3376436447184862,0.0138412580362855,0.8450508093159231,0.0138412580362855,0.8450508093159231,0.2120432528774585,22.24083479059364,0,0,Karina Smirnoff,28,Entertainment,0
13,1,Kristin Cavallari,percent,12.0,12.0,0.0875576036866359,0.0875576036866359,0.0855217153239113,0.0855217153239113,0.0027094881005882,0.2927525701768075,0.0027094881005882,0.2927525701768075,0.0739905821623008,182.66153848680935,0,0,Mark Ballas,24,Media,0
13,2,Kristin Cavallari,percent,11.0,11.0,0.0986547085201793,0.0986547085201793,0.1006455315356362,0.1006455315356362,0.0038960984872538,0.3080070962953833,0.0038960984872538,0.3080070962953833,0.0775793361755432,166.15288314316194,0,0,Mark Ballas,24,Media,0
13,3,Kristin Cavallari,percent,10.0,10.0,0.1012658227848101,0.1012658227848101,0.0106600575538643,0.0106600575538643,0.0002469963438415,0.0339526203745599,0.0002469963438415,0.0339526203745599,0.008598373477224,13525.937918453856,0,0,Mark Ballas,24,Media,0
13,4,Kristin Cavallari,,,12.0,,,,,,,,,,,1,1,Mark Ballas,24,Media,1
13,5,Kristin Cavallari,,,12.0,,,,,,,,,,,1,1,Mark Ballas,24,Media,1
13,6,Kristin Cavallari,,,12.0,,,,,,,,,,,1,1,Mark Ballas,24,Media,1
13,7,Kristin Cavallari,,,12.0,,,,,,,,,,,1,1,Mark Ballas,24,Media,1
13,8,Kristin Cavallari,,,12.0,,,,,,,,,,,1,1,Mark Ballas,24,Media,1
13,9,Kristin Cavallari,,,12.0,,,,,,,,,,,1,1,Mark Ballas,24,Media,1
13,10,Kristin Cavallari,,,12.0,,,,,,,,,,,1,1,Mark Ballas,24,Media,1
13,1,Metta World Peace (Ron),percent,12.0,12.0,0.064516129032258,0.064516129032258,0.0131248633981298,0.0131248633981298,0.0005124220887728,0.0364630990459423,0.0005124220887728,0.0364630990459423,0.0091710910605024,11889.346625189692,0,0,Peta Murgatroyd,31,Sports,0
13,2,Metta World Peace (Ron),,,12.0,,,,,,,,,,,1,1,Peta Murgatroyd,31,Sports,1
13,3,Metta World Peace (Ron),,,12.0,,,,,,,,,,,1,1,Peta Murgatroyd,31,Sports,1
13,4,Metta World Peace (Ron),,,12.0,,,,,,,,,,,1,1,Peta Murgatroyd,31,Sports,1
13,5,Metta World Peace (Ron),,,12.0,,,,,,,,,,,1,1,Peta Murgatroyd,31,Sports,1
13,6,Metta World Peace (Ron),,,12.0,,,,,,,,,,,1,1,Peta Murgatroyd,31,Sports,1
13,7,Metta World Peace (Ron),,,12.0,,,,,,,,,,,1,1,Peta Murgatroyd,31,Sports,1
13,8,Metta World Peace (Ron),,,12.0,,,,,,,,,,,1,1,Peta Murgatroyd,31,Sports,1
13,9,Metta World Peace (Ron),,,12.0,,,,,,,,,,,1,1,Peta Murgatroyd,31,Sports,1
13,10,Metta World Peace (Ron),,,12.0,,,,,,,,,,,1,1,Peta Murgatroyd,31,Sports,1
13,1,Nancy Grace,percent,12.0,12.0,0.0737327188940092,0.0737327188940092,0.094632331372238,0.094632331372238,0.0052773960775205,0.3078888400679495,0.0052773960775205,0.3078888400679495,0.0771967969363339,167.80366353604336,0,0,Tristan MacManus,51,Media,0
13,2,Nancy Grace,percent,11.0,11.0,0.0941704035874439,0.0941704035874439,0.1006789314868807,0.1006789314868807,0.0070834032764031,0.300324820154801,0.0070834032764031,0.300324820154801,0.0748064838975504,178.69875037437097,0,0,Tristan MacManus,51,Media,0
13,3,Nancy Grace,percent,10.0,10.0,0.0886075949367088,0.0886075949367088,0.1142955001446349,0.1142955001446349,0.0215528248054935,0.3214880885000212,0.0215528248054935,0.3214880885000212,0.076514097881257,170.8114878550959,0,0,Tristan MacManus,51,Media,0
13,4,Nancy Grace,percent,9.0,9.0,0.1004784688995215,0.1004784688995215,0.126337051953677,0.126337051953677,0.0123955418865728,0.3644464286829948,0.0123955418865728,0.3644464286829948,0.0898088996929648,123.98274537791576,0,0,Tristan MacManus,51,Media,0
13,5,Nancy Grace,percent,8.0,8.0,0.1170212765957446,0.1170212765957446,0.1432162428123257,0.1432162428123257,0.0093196581518785,0.4318993410231836,0.0093196581518785,0.4318993410231836,0.107800939507986,86.05079922389316,0,0,Tristan MacManus,51,Media,0
13,6,Nancy Grace,percent,7.0,7.0,0.144578313253012,0.144578313253012,0.1567207665732281,0.1567207665732281,0.0082210752612037,0.4821935847380288,0.0082210752612037,0.4821935847380288,0.1209113544583737,68.40153181345553,0,0,Tristan MacManus,51,Media,0
13,7,Nancy Grace,percent,6.0,6.0,0.1501706484641638,0.1501706484641638,0.2138790515751747,0.2138790515751747,0.036479891929021,0.5607685888261984,0.036479891929021,0.5607685888261984,0.1337471165554024,55.90248892712543,0,0,Tristan MacManus,51,Media,0
13,8,Nancy Grace,percent,5.0,5.0,0.1698841698841698,0.1698841698841698,0.0486749977381134,0.0486749977381134,0.0017620297226834,0.141527159047605,0.0017620297226834,0.141527159047605,0.0356543697257453,786.6371861074581,0,0,Tristan MacManus,51,Media,0
13,9,Nancy Grace,,,12.0,,,,,,,,,,,1,1,Tristan MacManus,51,Media,1
13,10,Nancy Grace,,,12.0,,,,,,,,,,,1,1,Tristan MacManus,51,Media,1
13,1,Ricki Lake,percent,12.0,12.0,0.0921658986175115,0.0921658986175115,0.0867245680947471,0.0867245680947471,0.0022698221970938,0.3024045625005035,0.0022698221970938,0.3024045625005035,0.0765649847712779,170.58451264058553,0,0,Derek Hough,42,Entertainment,0
13,2,Ricki Lake,percent,11.0,11.0,0.1031390134529148,0.1031390134529148,0.0870217565969439,0.0870217565969439,0.0040739168497852,0.2756803307853533,0.0040739168497852,0.2756803307853533,0.0692873504937673,208.3013530676117,0,0,Derek Hough,42,Entertainment,0
13,3,Ricki Lake,percent,10.0,10.0,0.1139240506329113,0.1139240506329113,0.1040876008689655,0.1040876008689655,0.0027898617053189,0.3615345355332959,0.0027898617053189,0.3615345355332959,0.0915164984255043,119.39914314429944,0,0,Derek Hough,42,Entertainment,0
13,4,Ricki Lake,percent,9.0,9.0,0.138755980861244,0.138755980861244,0.1132386826905706,0.1132386826905706,0.0032338581339938,0.3821853526947124,0.0032338581339938,0.3821853526947124,0.0966712996328363,107.00520061549686,0,0,Derek Hough,42,Entertainment,0
13,5,Ricki Lake,percent,8.0,8.0,0.1276595744680851,0.1276595744680851,0.1372400107232685,0.1372400107232685,0.0050444626277529,0.434253930285838,0.0050444626277529,0.434253930285838,0.1094922111372666,83.41296282507857,0,0,Derek Hough,42,Entertainment,0
13,6,Ricki Lake,percent,7.0,7.0,0.1746987951807229,0.1746987951807229,0.154278977756913,0.154278977756913,0.0044533288962938,0.4799684518582114,0.0044533288962938,0.4799684518582114,0.1213048783066116,67.95845033484483,0,0,Derek Hough,42,Entertainment,0
13,7,Ricki Lake,percent,6.0,6.0,0.1808873720136518,0.1808873720136518,0.1868184184619452,0.1868184184619452,0.013328306305666,0.5287925114621824,0.013328306305666,0.5287925114621824,0.131495970703193,57.83291849802369,0,0,Derek Hough,42,Entertainment,0
13,8,Ricki Lake,percent,5.0,5.0,0.2007722007722007,0.2007722007722007,0.2381846052805266,0.2381846052805266,0.0169341716253774,0.6636164044529617,0.0169341716253774,0.6636164044529617,0.1649699573539756,36.7443251704318,0,0,Derek Hough,42,Entertainment,0
13,9,Ricki Lake,percent,4.0,4.0,0.2827007708893286,0.2827007708893286,0.2971997360015705,0.2971997360015705,0.0201120157175292,0.7571973753769164,0.0201120157175292,0.7571973753769164,0.1880319795049457,28.283722252341285,0,0,Derek Hough,42,Entertainment,0
13,10,Ricki Lake,percent,3.0,3.0,0.3313613318879616,0.3313613318879616,0.3300780984490046,0.3300780984490046,0.0126141204905697,0.840079926716916,0.0126141204905697,0.840079926716916,0.2110882158740679,22.442540703709906,0,0,Derek Hough,42,Entertainment,0
13,1,Rob Kardashian,percent,12.0,12.0,0.0737327188940092,0.0737327188940092,0.0935809879284382,0.0935809879284382,0.0056511544876419,0.3118638882631858,0.0056511544876419,0.3118638882631858,0.0781154933100877,163.87988122683652,0,0,Cheryl Burke,24,Media,0
13,2,Rob Kardashian,percent,11.0,11.0,0.0941704035874439,0.0941704035874439,0.0919726017109798,0.0919726017109798,0.0073393278001666,0.2876504161792448,0.0073393278001666,0.2876504161792448,0.0715079307089485,195.56520101541864,0,0,Cheryl Burke,24,Media,0
13,3,Rob Kardashian,percent,10.0,10.0,0.1012658227848101,0.1012658227848101,0.1080203362798271,0.1080203362798271,0.0108247790643659,0.3301387508733638,0.0108247790643659,0.3301387508733638,0.0814576458696423,150.7079944196431,0,0,Cheryl Burke,24,Media,0
13,4,Rob Kardashian,percent,9.0,9.0,0.1148325358851674,0.1148325358851674,0.1194190199310862,0.1194190199310862,0.0059938466758123,0.3623017715688945,0.0059938466758123,0.3623017715688945,0.0908948787992556,121.0378415099772,0,0,Cheryl Burke,24,Media,0
13,5,Rob Kardashian,percent,8.0,8.0,0.1329787234042553,0.1329787234042553,0.1378180829826693,0.1378180829826693,0.0041740459791504,0.4453572895929135,0.0041740459791504,0.4453572895929135,0.1125467458198375,78.94672441542241,0,0,Cheryl Burke,24,Media,0
13,6,Rob Kardashian,percent,7.0,7.0,0.1325301204819277,0.1325301204819277,0.1650433528708704,0.1650433528708704,0.0117763683039209,0.4791687899400063,0.0117763683039209,0.4791687899400063,0.1192327606214503,70.34104260979764,0,0,Cheryl Burke,24,Media,0
13,7,Rob Kardashian,percent,6.0,6.0,0.1740614334470989,0.1740614334470989,0.1871062448986165,0.1871062448986165,0.0168152693288046,0.517887038249884,0.0168152693288046,0.517887038249884,0.1278244308472141,61.20293716380644,0,0,Cheryl Burke,24,Media,0
13,8,Rob Kardashian,percent,5.0,5.0,0.1969111969111969,0.1969111969111969,0.2507745093386058,0.2507745093386058,0.017666112093434,0.6755061701977253,0.017666112093434,0.6755061701977253,0.1678163413531355,35.5084326458113,0,0,Cheryl Burke,24,Media,0
13,9,Rob Kardashian,percent,4.0,4.0,0.2742610728315309,0.2742610728315309,0.2992835426990628,0.2992835426990628,0.0167082695918567,0.7654454107891596,0.0167082695918567,0.7654454107891596,0.191004372754414,27.410274213097853,0,0,Cheryl Burke,24,Media,0
13,10,Rob Kardashian,percent,3.0,3.0,0.33530572925789,0.33530572925789,0.3322782568325101,0.3322782568325101,0.0127428690607899,0.8412138248832489,0.0127428690607899,0.8412138248832489,0.211344631587362,22.38811652346901,0,0,Cheryl Burke,24,Media,0
14,1,Donald Driver,percent,12.0,12.0,0.0777777777777777,0.0777777777777777,0.0828355401870338,0.0828355401870338,0.0022958277066797,0.2867884573031312,0.0022958277066797,0.2867884573031312,0.072574650407258,189.8585216957938,0,0,Peta Murgatroyd,37,Sports,0
14,2,Donald Driver,percent,12.0,12.0,0.0892193308550185,0.0892193308550185,0.0893806187319371,0.0893806187319371,0.0031758401075791,0.2991978719970851,0.0031758401075791,0.2991978719970851,0.0755158244616086,175.3573862055228,0,0,Peta Murgatroyd,37,Sports,0
14,3,Donald Driver,percent,11.0,11.0,0.0928571428571428,0.0928571428571428,0.0995571186869873,0.0995571186869873,0.0049852987748531,0.3253901607485149,0.0049852987748531,0.3253901607485149,0.0817359341769545,149.6835031586598,0,0,Peta Murgatroyd,37,Sports,0
14,4,Donald Driver,percent,10.0,10.0,0.1158798283261802,0.1158798283261802,0.1038900234650781,0.1038900234650781,0.0031904137010654,0.3343563816330774,0.0031904137010654,0.3343563816330774,0.0844811142683704,140.1137424412766,0,0,Peta Murgatroyd,37,Sports,0
14,5,Donald Driver,percent,9.0,9.0,0.1205357142857142,0.1205357142857142,0.1156571147082689,0.1156571147082689,0.0047931098799901,0.3947609505081701,0.0047931098799901,0.3947609505081701,0.0994815919969847,101.04493450335156,0,0,Peta Murgatroyd,37,Sports,0
14,6,Donald Driver,percent,8.0,8.0,0.1317829156900813,0.1317829156900813,0.1367361598591189,0.1367361598591189,0.0053567751277634,0.41615716316882,0.0053567751277634,0.41615716316882,0.1047960173574124,91.05639321738622,0,0,Peta Murgatroyd,37,Sports,0
14,7,Donald Driver,percent,7.0,7.0,0.1444141689373297,0.1444141689373297,0.1587740076889696,0.1587740076889696,0.014067600909448,0.4523230113944122,0.014067600909448,0.4523230113944122,0.1117998496135112,80.00507953143608,0,0,Peta Murgatroyd,37,Sports,0
14,8,Donald Driver,percent,6.0,6.0,0.1681957186544342,0.1681957186544342,0.2258319364457369,0.2258319364457369,0.0433921890529844,0.5595462970764,0.0433921890529844,0.5595462970764,0.131671966332504,57.67842033303429,0,0,Peta Murgatroyd,37,Sports,0
14,9,Donald Driver,percent,4.0,4.0,0.2478260869565217,0.2478260869565217,0.3126842974649228,0.3126842974649228,0.0573032094803495,0.7139921188025244,0.0573032094803495,0.7139921188025244,0.1675226809495344,35.63303141683965,0,0,Peta Murgatroyd,37,Sports,0
14,10,Donald Driver,percent,3.0,3.0,0.3320893016258233,0.3320893016258233,0.3323110048058991,0.3323110048058991,0.0119498802288832,0.8473600594724086,0.0119498802288832,0.8473600594724086,0.2131148416437564,22.017733389959727,0,0,Peta Murgatroyd,37,Sports,0
14,1,Gavin DeGraw,percent,12.0,12.0,0.074074074074074,0.074074074074074,0.0841232126667739,0.0841232126667739,0.0024233508870473,0.2903106019645748,0.0024233508870473,0.2903106019645748,0.0734406252748794,185.40748736286932,0,0,Karina Smirnoff,35,Music,0
14,2,Gavin DeGraw,percent,12.0,12.0,0.0780669144981412,0.0780669144981412,0.0911479858657678,0.0911479858657678,0.0042963859296818,0.2838640037440347,0.0042963859296818,0.2838640037440347,0.0713182698506002,196.60674011013788,0,0,Karina Smirnoff,35,Music,0
14,3,Gavin DeGraw,percent,11.0,11.0,0.0857142857142857,0.0857142857142857,0.1007389007304211,0.1007389007304211,0.0086291667302611,0.311139938832752,0.0086291667302611,0.311139938832752,0.077171115332268,167.9153681368694,0,0,Karina Smirnoff,35,Music,0
14,4,Gavin DeGraw,percent,10.0,10.0,0.0987124463519313,0.0987124463519313,0.1103644939041901,0.1103644939041901,0.0048391146474991,0.3574192688226237,0.0048391146474991,0.3574192688226237,0.0899439168814093,123.61079721293952,0,0,Karina Smirnoff,35,Music,0
14,5,Gavin DeGraw,percent,9.0,9.0,0.0848214285714285,0.0848214285714285,0.021420192161407,0.021420192161407,0.0009974611993712,0.0575940681479019,0.0009974611993712,0.0575940681479019,0.0144379099358496,4797.238863227856,0,0,Karina Smirnoff,35,Music,0
14,6,Gavin DeGraw,,,12.0,,,,,,,,,,,1,1,Karina Smirnoff,35,Music,1
14,7,Gavin DeGraw,,,12.0,,,,,,,,,,,1,1,Karina Smirnoff,35,Music,1
14,8,Gavin DeGraw,,,12.0,,,,,,,,,,,1,1,Karina Smirnoff,35,Music,1
14,9,Gavin DeGraw,,,12.0,,,,,,,,,,,1,1,Karina Smirnoff,35,Music,1
14,10,Gavin DeGraw,,,12.0,,,,,,,,,,,1,1,Karina Smirnoff,35,Music,1
14,1,Gladys Knight,percent,12.0,12.0,0.0851851851851851,0.0851851851851851,0.0841469700137602,0.0841469700137602,0.0024166596235201,0.2909783203263668,0.0024166596235201,0.2909783203263668,0.0736126685466445,184.54185278787432,0,0,Tristan MacManus,67,Music,0
14,2,Gladys Knight,percent,12.0,12.0,0.070631970260223,0.070631970260223,0.0977503296357954,0.0977503296357954,0.0059692970638373,0.3221939143831114,0.0059692970638373,0.3221939143831114,0.0806695452345087,153.66706012780026,0,0,Tristan MacManus,67,Music,0
14,3,Gladys Knight,percent,11.0,11.0,0.0857142857142857,0.0857142857142857,0.1013002671121687,0.1013002671121687,0.0085996587839292,0.3046316047585925,0.0085996587839292,0.3046316047585925,0.0755183535649651,175.34564099374956,0,0,Tristan MacManus,67,Music,0
14,4,Gladys Knight,percent,10.0,10.0,0.0858369098712446,0.0858369098712446,0.1231145865211529,0.1231145865211529,0.0150103385479582,0.3742309282902389,0.0150103385479582,0.3742309282902389,0.0916379055465001,119.0829791370431,0,0,Tristan MacManus,67,Music,0
14,5,Gladys Knight,percent,9.0,9.0,0.0982142857142857,0.0982142857142857,0.1307751419929581,0.1307751419929581,0.0079170240786771,0.4109066483054584,0.0079170240786771,0.4109066483054584,0.1028034755680564,94.6203183785356,0,0,Tristan MacManus,67,Music,0
14,6,Gladys Knight,percent,8.0,8.0,0.0930235082033168,0.0930235082033168,0.0274642406804556,0.0274642406804556,0.0010118228267613,0.0752393233959159,0.0010118228267613,0.0752393233959159,0.0189355868798863,2788.96112075332,0,0,Tristan MacManus,67,Music,0
14,7,Gladys Knight,,,12.0,,,,,,,,,,,1,1,Tristan MacManus,67,Music,1
14,8,Gladys Knight,,,12.0,,,,,,,,,,,1,1,Tristan MacManus,67,Music,1
14,9,Gladys Knight,,,12.0,,,,,,,,,,,1,1,Tristan MacManus,67,Music,1
14,10,Gladys Knight,,,12.0,,,,,,,,,,,1,1,Tristan MacManus,67,Music,1
14,1,Jack Wagner,percent,12.0,12.0,0.0851851851851851,0.0851851851851851,0.0830450254701016,0.0830450254701016,0.0022029791218766,0.2880119379847023,0.0022029791218766,0.2880119379847023,0.0729104486894963,188.1137141225172,0,0,Anna Trebunskaya,52,Entertainment,0
14,2,Jack Wagner,percent,12.0,12.0,0.0780669144981412,0.0780669144981412,0.0892607489705005,0.0892607489705005,0.0036371058068485,0.2983582211177248,0.0036371058068485,0.2983582211177248,0.0751839579874684,176.9088787754812,0,0,Anna Trebunskaya,52,Entertainment,0
14,3,Jack Wagner,percent,11.0,11.0,0.0857142857142857,0.0857142857142857,0.010025265599907,0.010025265599907,0.0003518460248542,0.0294034225333659,0.0003518460248542,0.0294034225333659,0.0074111164562529,18206.762396978476,0,0,Anna Trebunskaya,52,Entertainment,0
14,4,Jack Wagner,,,12.0,,,,,,,,,,,1,1,Anna Trebunskaya,52,Entertainment,1
14,5,Jack Wagner,,,12.0,,,,,,,,,,,1,1,Anna Trebunskaya,52,Entertainment,1
14,6,Jack Wagner,,,12.0,,,,,,,,,,,1,1,Anna Trebunskaya,52,Entertainment,1
14,7,Jack Wagner,,,12.0,,,,,,,,,,,1,1,Anna Trebunskaya,52,Entertainment,1
14,8,Jack Wagner,,,12.0,,,,,,,,,,,1,1,Anna Trebunskaya,52,Entertainment,1
14,9,Jack Wagner,,,12.0,,,,,,,,,,,1,1,Anna Trebunskaya,52,Entertainment,1
14,10,Jack Wagner,,,12.0,,,,,,,,,,,1,1,Anna Trebunskaya,52,Entertainment,1
14,1,Jaleel White,percent,12.0,12.0,0.0962962962962963,0.0962962962962963,0.0837147733683989,0.0837147733683989,0.002390833773627,0.286481511365084,0.002390833773627,0.286481511365084,0.0724721116304737,190.3961528591732,0,0,Kym Johnson,35,Entertainment,0
14,2,Jaleel White,percent,12.0,12.0,0.0817843866171003,0.0817843866171003,0.0872330655557932,0.0872330655557932,0.002859204433364,0.3013466196418343,0.002859204433364,0.3013466196418343,0.076144748777671,172.4725894131627,0,0,Kym Johnson,35,Entertainment,0
14,3,Jaleel White,percent,11.0,11.0,0.0892857142857142,0.0892857142857142,0.099497040313373,0.099497040313373,0.0067026959166757,0.313168357956248,0.0067026959166757,0.313168357956248,0.0781800158264214,163.6094904159096,0,0,Kym Johnson,35,Entertainment,0
14,4,Jaleel White,percent,10.0,10.0,0.0944206008583691,0.0944206008583691,0.1126764034200129,0.1126764034200129,0.0075754432652853,0.3529007334681993,0.0075754432652853,0.3529007334681993,0.0880931862762535,128.85917992916313,0,0,Kym Johnson,35,Entertainment,0
14,5,Jaleel White,percent,9.0,9.0,0.1071428571428571,0.1071428571428571,0.1246238341032622,0.1246238341032622,0.0056359359328375,0.400604088783898,0.0056359359328375,0.400604088783898,0.1007571818497603,98.50266401547135,0,0,Kym Johnson,35,Entertainment,0
14,6,Jaleel White,percent,8.0,8.0,0.1434104666175451,0.1434104666175451,0.134527747111207,0.134527747111207,0.0041415224776766,0.430172971807698,0.0041415224776766,0.430172971807698,0.1086814921760258,84.66205675084089,0,0,Kym Johnson,35,Entertainment,0
14,7,Jaleel White,percent,7.0,7.0,0.1389645776566757,0.1389645776566757,0.0220661056803301,0.0220661056803301,0.0009887476912467,0.0695379512922632,0.0009887476912467,0.0695379512922632,0.0174870417349531,3270.147236244616,0,0,Kym Johnson,35,Entertainment,0
14,8,Jaleel White,,,12.0,,,,,,,,,,,1,1,Kym Johnson,35,Entertainment,1
14,9,Jaleel White,,,12.0,,,,,,,,,,,1,1,Kym Johnson,35,Entertainment,1
14,10,Jaleel White,,,12.0,,,,,,,,,,,1,1,Kym Johnson,35,Entertainment,1
14,1,Katherine Jenkins,percent,12.0,12.0,0.0962962962962963,0.0962962962962963,0.0821662517055846,0.0821662517055846,0.0022797814204581,0.2801990485694948,0.0022797814204581,0.2801990485694948,0.0708977722318971,198.9458216052928,0,0,Mark Ballas,31,Music,0
14,2,Katherine Jenkins,percent,12.0,12.0,0.0966542750929368,0.0966542750929368,0.0901242274832845,0.0901242274832845,0.0031374818022781,0.3036070773286013,0.0031374818022781,0.3036070773286013,0.0766504070220212,170.2045122223142,0,0,Mark Ballas,31,Music,0
14,3,Katherine Jenkins,percent,11.0,11.0,0.1035714285714285,0.1035714285714285,0.0894009184695845,0.0894009184695845,0.0032874219904348,0.3006241609319481,0.0032874219904348,0.3006241609319481,0.0758512089136513,173.8100906632612,0,0,Mark Ballas,31,Music,0
14,4,Katherine Jenkins,percent,10.0,10.0,0.1030042918454935,0.1030042918454935,0.1087429059068086,0.1087429059068086,0.0046298437485757,0.3570800592662115,0.0046298437485757,0.3570800592662115,0.089910769264703,123.7019577860277,0,0,Mark Ballas,31,Music,0
14,5,Katherine Jenkins,percent,9.0,9.0,0.1294642857142857,0.1294642857142857,0.1153567158848025,0.1153567158848025,0.0038771462125775,0.3933846105619207,0.0038771462125775,0.3933846105619207,0.09936414906871,101.28393470982807,0,0,Mark Ballas,31,Music,0
14,6,Katherine Jenkins,percent,8.0,8.0,0.151162813232439,0.151162813232439,0.1305511386557046,0.1305511386557046,0.0042153019632517,0.4185433194628662,0.0042153019632517,0.4185433194628662,0.1056959228315343,89.51246772282867,0,0,Mark Ballas,31,Music,0
14,7,Katherine Jenkins,percent,7.0,7.0,0.1471389645776566,0.1471389645776566,0.1582756866460943,0.1582756866460943,0.00932409852398,0.4717259119066756,0.00932409852398,0.4717259119066756,0.1179596462710958,71.86758923580908,0,0,Mark Ballas,31,Music,0
14,8,Katherine Jenkins,percent,6.0,6.0,0.1681957186544342,0.1681957186544342,0.2284211612428642,0.2284211612428642,0.0412781280586374,0.5784832032528734,0.0412781280586374,0.5784832032528734,0.1370421110189377,53.24660471682913,0,0,Mark Ballas,31,Music,0
14,9,Katherine Jenkins,percent,4.0,4.0,0.2434782608695652,0.2434782608695652,0.3195202552395919,0.3195202552395919,0.0620853693310735,0.73045613819604,0.0620853693310735,0.73045613819604,0.1705027471594302,34.39832048347569,0,0,Mark Ballas,31,Music,0
14,10,Katherine Jenkins,percent,3.0,3.0,0.3358213967483533,0.3358213967483533,0.3335822339337981,0.3335822339337981,0.0130873806603085,0.8351535388830889,0.0130873806603085,0.8351535388830889,0.2097107546486684,22.738331506887118,0,0,Mark Ballas,31,Music,0
14,1,Maria Menounos,percent,12.0,12.0,0.0777777777777777,0.0777777777777777,0.0838596499873667,0.0838596499873667,0.0021061726648862,0.2836898002518997,0.0021061726648862,0.2836898002518997,0.0718325580579116,193.80158960591768,0,0,Derek Hough,33,Media,0
14,2,Maria Menounos,percent,12.0,12.0,0.0929368029739776,0.0929368029739776,0.0908793888821876,0.0908793888821876,0.0022600727842749,0.2993616606463524,0.0022600727842749,0.2993616606463524,0.0757912213933871,174.08533527131755,0,0,Derek Hough,33,Media,0
14,3,Maria Menounos,percent,11.0,11.0,0.0964285714285714,0.0964285714285714,0.0942455788691838,0.0942455788691838,0.0034544664894253,0.3100614560071853,0.0034544664894253,0.3100614560071853,0.0782160687545306,163.45869680434825,0,0,Derek Hough,33,Media,0
14,4,Maria Menounos,percent,10.0,10.0,0.111587982832618,0.111587982832618,0.1008882897401689,0.1008882897401689,0.0033222029580745,0.3199249140211075,0.0033222029580745,0.3199249140211075,0.0807659977201614,153.30025428840818,0,0,Derek Hough,33,Media,0
14,5,Maria Menounos,percent,9.0,9.0,0.1205357142857142,0.1205357142857142,0.1187991755854267,0.1187991755854267,0.0039173242958757,0.3906468490018724,0.0039173242958757,0.3906468490018724,0.0986554909964277,102.7442379377259,0,0,Derek Hough,33,Media,0
14,6,Maria Menounos,percent,8.0,8.0,0.1162789976561952,0.1162789976561952,0.146293613547095,0.146293613547095,0.0071445174958997,0.4641352222160662,0.0071445174958997,0.4641352222160662,0.1165792614082057,73.57959634706401,0,0,Derek Hough,33,Media,0
14,7,Maria Menounos,percent,7.0,7.0,0.1553133514986376,0.1553133514986376,0.1542905765329972,0.1542905765329972,0.0084326200040516,0.4757951621409749,0.0084326200040516,0.4757951621409749,0.1192251383002355,70.3500370075899,0,0,Derek Hough,33,Media,0
14,8,Maria Menounos,percent,6.0,6.0,0.1620795107033639,0.1620795107033639,0.2390132219824222,0.2390132219824222,0.049802115719088,0.5812383924916044,0.049802115719088,0.5812383924916044,0.135570478768499,54.40887428242456,0,0,Derek Hough,33,Media,0
14,9,Maria Menounos,percent,4.0,4.0,0.2565217391304348,0.2565217391304348,0.0610491879992644,0.0610491879992644,0.0019106181910753,0.1725060722656638,0.0019106181910753,0.1725060722656638,0.0435192484884154,528.0040158981581,0,0,Derek Hough,33,Media,0
14,10,Maria Menounos,,,12.0,,,,,,,,,,,1,1,Derek Hough,33,Media,1
14,1,Martina Navratilova,percent,12.0,12.0,0.074074074074074,0.074074074074074,0.0823184719062783,0.0823184719062783,0.0020209811786391,0.2823350182205493,0.0020209811786391,0.2823350182205493,0.0715086829188546,195.5610866812769,0,0,Tony Dovolani,55,Sports,0
14,2,Martina Navratilova,percent,12.0,12.0,0.0631970260223048,0.0631970260223048,0.0141642949074603,0.0141642949074603,0.000577799553519,0.0379970056038792,0.000577799553519,0.0379970056038792,0.0095457158291735,10974.455882774666,0,0,Tony Dovolani,55,Sports,0
14,3,Martina Navratilova,,,12.0,,,,,,,,,,,1,1,Tony Dovolani,55,Sports,1
14,4,Martina Navratilova,,,12.0,,,,,,,,,,,1,1,Tony Dovolani,55,Sports,1
14,5,Martina Navratilova,,,12.0,,,,,,,,,,,1,1,Tony Dovolani,55,Sports,1
14,6,Martina Navratilova,,,12.0,,,,,,,,,,,1,1,Tony Dovolani,55,Sports,1
14,7,Martina Navratilova,,,12.0,,,,,,,,,,,1,1,Tony Dovolani,55,Sports,1
14,8,Martina Navratilova,,,12.0,,,,,,,,,,,1,1,Tony Dovolani,55,Sports,1
14,9,Martina Navratilova,,,12.0,,,,,,,,,,,1,1,Tony Dovolani,55,Sports,1
14,10,Martina Navratilova,,,12.0,,,,,,,,,,,1,1,Tony Dovolani,55,Sports,1
14,1,Melissa Gilbert,percent,12.0,12.0,0.074074074074074,0.074074074074074,0.0841320463823257,0.0841320463823257,0.0024804051583972,0.2880526383444484,0.0024804051583972,0.2880526383444484,0.0728500594862375,188.42571786996635,0,0,Maksim Chmerkoskiy,47,Entertainment,0
14,2,Melissa Gilbert,percent,12.0,12.0,0.0743494423791821,0.0743494423791821,0.0920791258354521,0.0920791258354521,0.0044794908970271,0.2998670064708068,0.0044794908970271,0.2998670064708068,0.0753539580545356,176.11155909472762,0,0,Maksim Chmerkoskiy,47,Entertainment,0
14,3,Melissa Gilbert,percent,11.0,11.0,0.0857142857142857,0.0857142857142857,0.0994947913421756,0.0994947913421756,0.0090690516715864,0.3043281960704325,0.0090690516715864,0.3043281960704325,0.075321210305828,176.26473004847995,0,0,Maksim Chmerkoskiy,47,Entertainment,0
14,4,Melissa Gilbert,percent,10.0,10.0,0.0944206008583691,0.0944206008583691,0.112426130047624,0.112426130047624,0.0074155993286394,0.3541389124351432,0.0074155993286394,0.3541389124351432,0.0884498247720673,127.82212882484085,0,0,Maksim Chmerkoskiy,47,Entertainment,0
14,5,Melissa Gilbert,percent,9.0,9.0,0.09375,0.09375,0.1332745947645216,0.1332745947645216,0.0098835248408922,0.4062428440043017,0.0098835248408922,0.4062428440043017,0.1011120712151554,97.81241606728666,0,0,Maksim Chmerkoskiy,47,Entertainment,0
14,6,Melissa Gilbert,percent,8.0,8.0,0.116279385254146,0.116279385254146,0.1443158131515251,0.1443158131515251,0.0070209442302265,0.4507374818672125,0.0070209442302265,0.4507374818672125,0.1131929942951495,78.0478426496881,0,0,Maksim Chmerkoskiy,47,Entertainment,0
14,7,Melissa Gilbert,percent,7.0,7.0,0.1280653950953678,0.1280653950953678,0.177821209174435,0.177821209174435,0.03036628207577,0.4901193436380628,0.03036628207577,0.4901193436380628,0.1172839442760951,72.6980688029579,0,0,Maksim Chmerkoskiy,47,Entertainment,0
14,8,Melissa Gilbert,percent,6.0,6.0,0.1559633027522936,0.1559633027522936,0.0499686689453869,0.0499686689453869,0.0011858273180179,0.1287575503193962,0.0011858273180179,0.1287575503193962,0.0325438068881067,944.198468411326,0,0,Maksim Chmerkoskiy,47,Entertainment,0
14,9,Melissa Gilbert,,,12.0,,,,,,,,,,,1,1,Maksim Chmerkoskiy,47,Entertainment,1
14,10,Melissa Gilbert,,,12.0,,,,,,,,,,,1,1,Maksim Chmerkoskiy,47,Entertainment,1
14,1,Roshon Fegan,percent,12.0,12.0,0.0851851851851851,0.0851851851851851,0.0824972732644822,0.0824972732644822,0.0023341240267944,0.27885018391241,0.0023341240267944,0.27885018391241,0.0705398111953101,200.9700840640648,0,0,Chelsie Hightower,20,Entertainment,0
14,2,Roshon Fegan,percent,12.0,12.0,0.0966542750929368,0.0966542750929368,0.0861537458575417,0.0861537458575417,0.0024104171792806,0.2922321239398209,0.0024104171792806,0.2922321239398209,0.0739341088674847,182.9406907950099,0,0,Chelsie Hightower,20,Entertainment,0
14,3,Roshon Fegan,percent,11.0,11.0,0.0892857142857142,0.0892857142857142,0.1021296058539741,0.1021296058539741,0.0066556496047433,0.3318460527556652,0.0066556496047433,0.3318460527556652,0.0829567354976841,145.31039829119243,0,0,Chelsie Hightower,20,Entertainment,0
14,4,Roshon Fegan,percent,10.0,10.0,0.111587982832618,0.111587982832618,0.1066504575590394,0.1066504575590394,0.0041880824751793,0.3667106789905076,0.0041880824751793,0.3667106789905076,0.0924802542130939,116.9235439214308,0,0,Chelsie Hightower,20,Entertainment,0
14,5,Roshon Fegan,percent,9.0,9.0,0.1160714285714285,0.1160714285714285,0.1207503124434921,0.1207503124434921,0.0041639608325701,0.3876570604713256,0.0041639608325701,0.3876570604713256,0.0978298723568253,104.48574081012114,0,0,Chelsie Hightower,20,Entertainment,0
14,6,Roshon Fegan,percent,8.0,8.0,0.1085266510413013,0.1085266510413013,0.1474803014162735,0.1474803014162735,0.0095703824435504,0.4311362333821064,0.0095703824435504,0.4311362333821064,0.1075423089128969,86.46518739952886,0,0,Chelsie Hightower,20,Entertainment,0
14,7,Roshon Fegan,percent,7.0,7.0,0.1416893732970027,0.1416893732970027,0.1653542607376961,0.1653542607376961,0.0176858923648658,0.4868114204863126,0.0176858923648658,0.4868114204863126,0.119674879622818,69.8222759921762,0,0,Chelsie Hightower,20,Entertainment,0
14,8,Roshon Fegan,percent,6.0,6.0,0.1712538226299694,0.1712538226299694,0.0416373002910039,0.0416373002910039,0.0012492344812684,0.116053805877577,0.0012492344812684,0.116053805877577,0.0292868804582419,1165.87978159664,0,0,Chelsie Hightower,20,Entertainment,0
14,9,Roshon Fegan,,,12.0,,,,,,,,,,,1,1,Chelsie Hightower,20,Entertainment,1
14,10,Roshon Fegan,,,12.0,,,,,,,,,,,1,1,Chelsie Hightower,20,Entertainment,1
14,1,Sherri Sheperd,percent,12.0,12.0,0.0851851851851851,0.0851851851851851,0.0833576652702586,0.0833576652702586,0.0022309988575967,0.28512832399752,0.0022309988575967,0.28512832399752,0.0721676849846743,192.00584597106788,0,0,Valentin Chmerkovskiy,44,Entertainment,0
14,2,Sherri Sheperd,percent,12.0,12.0,0.0855018587360594,0.0855018587360594,0.0861899955078679,0.0861899955078679,0.0032090106135218,0.2789269541244976,0.0032090106135218,0.2789269541244976,0.0703362100793305,202.13525788579625,0,0,Valentin Chmerkovskiy,44,Entertainment,0
14,3,Sherri Sheperd,percent,11.0,11.0,0.0857142857142857,0.0857142857142857,0.1049551139028687,0.1049551139028687,0.009622936094205,0.3288097292713698,0.009622936094205,0.3288097292713698,0.0814252023411134,150.8281162756784,0,0,Valentin Chmerkovskiy,44,Entertainment,0
14,4,Sherri Sheperd,percent,10.0,10.0,0.0901287553648068,0.0901287553648068,0.0129441042807646,0.0129441042807646,0.0005411546508782,0.0402614254132038,0.0005411546508782,0.0402614254132038,0.0101327221332463,9739.748293151462,0,0,Valentin Chmerkovskiy,44,Entertainment,0
14,5,Sherri Sheperd,,,12.0,,,,,,,,,,,1,1,Valentin Chmerkovskiy,44,Entertainment,1
14,6,Sherri Sheperd,,,12.0,,,,,,,,,,,1,1,Valentin Chmerkovskiy,44,Entertainment,1
14,7,Sherri Sheperd,,,12.0,,,,,,,,,,,1,1,Valentin Chmerkovskiy,44,Entertainment,1
14,8,Sherri Sheperd,,,12.0,,,,,,,,,,,1,1,Valentin Chmerkovskiy,44,Entertainment,1
14,9,Sherri Sheperd,,,12.0,,,,,,,,,,,1,1,Valentin Chmerkovskiy,44,Entertainment,1
14,10,Sherri Sheperd,,,12.0,,,,,,,,,,,1,1,Valentin Chmerkovskiy,44,Entertainment,1
14,1,William Levy,percent,12.0,12.0,0.0888888888888888,0.0888888888888888,0.0838031197776349,0.0838031197776349,0.002263971093538,0.2860121628714047,0.002263971093538,0.2860121628714047,0.0723847428004762,190.85604889674784,0,0,Cheryl Burke,31,Entertainment,0
14,2,William Levy,percent,12.0,12.0,0.0929368029739776,0.0929368029739776,0.0856364727664114,0.0856364727664114,0.0025492506798985,0.2958513177952467,0.0025492506798985,0.2958513177952467,0.0748219558967725,178.62485385476373,0,0,Cheryl Burke,31,Entertainment,0
14,3,William Levy,percent,11.0,11.0,0.1,0.1,0.0986553991193554,0.0986553991193554,0.0040529335435128,0.3425453966580985,0.0040529335435128,0.3425453966580985,0.0863501181414759,134.11400374188457,0,0,Cheryl Burke,31,Entertainment,0
14,4,William Levy,percent,10.0,10.0,0.0944206008583691,0.0944206008583691,0.1083026051551603,0.1083026051551603,0.0061139497868761,0.3476646737530994,0.0061139497868761,0.3476646737530994,0.0871302867260773,131.72303043931663,0,0,Cheryl Burke,31,Entertainment,0
14,5,William Levy,percent,9.0,9.0,0.1294642857142857,0.1294642857142857,0.1193429183558608,0.1193429183558608,0.0034021453647659,0.3842082504038586,0.0034021453647659,0.3842082504038586,0.0971444145507889,105.96546039795857,0,0,Cheryl Burke,31,Entertainment,0
14,6,William Levy,percent,8.0,8.0,0.1395352623049752,0.1395352623049752,0.1326309855786198,0.1326309855786198,0.0048926284783457,0.4105583739565694,0.0048926284783457,0.4105583739565694,0.1034861595607713,93.37604161188996,0,0,Cheryl Burke,31,Entertainment,0
14,7,William Levy,percent,7.0,7.0,0.1444141689373297,0.1444141689373297,0.1634181535394775,0.1634181535394775,0.0131932957449749,0.4688033169911338,0.0131932957449749,0.4688033169911338,0.116227046236265,74.02622419827239,0,0,Cheryl Burke,31,Entertainment,0
14,8,William Levy,percent,6.0,6.0,0.1743119266055046,0.1743119266055046,0.2151277110925857,0.2151277110925857,0.0335140351749755,0.5631177408282501,0.0335140351749755,0.5631177408282501,0.1351029861360394,54.78606439283026,0,0,Cheryl Burke,31,Entertainment,0
14,9,William Levy,percent,4.0,4.0,0.2521739130434782,0.2521739130434782,0.3067462592962223,0.3067462592962223,0.051253182674013,0.7267287468350198,0.051253182674013,0.7267287468350198,0.1723151949390323,33.67850839962215,0,0,Cheryl Burke,31,Entertainment,0
14,10,William Levy,percent,3.0,3.0,0.3320893016258233,0.3320893016258233,0.3341067612603035,0.3341067612603035,0.0128512509761984,0.8449519179788193,0.0128512509761984,0.8449519179788193,0.2122705783169951,22.193223856089965,0,0,Cheryl Burke,31,Entertainment,0
15,1,Apolo Anton Ohno,percent,13.0,13.0,0.0795660036166365,0.0795660036166365,0.0802744143635363,0.0802744143635363,0.0025758889833261,0.2760384047734322,0.0025758889833261,0.2760384047734322,0.0697608458648229,205.4832964597076,0,0,Karina Smirnoff,30,Sports,0
15,2,Apolo Anton Ohno,percent,12.0,12.0,0.0887681159420289,0.0887681159420289,0.0830725344332246,0.0830725344332246,0.0033477239903483,0.2677637989588722,0.0033477239903483,0.2677637989588722,0.0674530803491132,219.7841783790436,0,0,Karina Smirnoff,30,Sports,0
15,3,Apolo Anton Ohno,percent,11.0,11.0,0.0917266187050359,0.0917266187050359,0.1094189910782992,0.1094189910782992,0.0171749030512009,0.3368559533441982,0.0171749030512009,0.3368559533441982,0.0815512883400503,150.36208777231457,0,0,Karina Smirnoff,30,Sports,0
15,4,Apolo Anton Ohno,percent,9.0,9.0,0.1073094867807153,0.1073094867807153,0.1236874309516917,0.1236874309516917,0.0065329391833324,0.3868829251514634,0.0065329391833324,0.3868829251514634,0.0970280576449313,106.21976222383552,0,0,Karina Smirnoff,30,Sports,0
15,5,Apolo Anton Ohno,percent,8.0,8.0,0.1271091113610798,0.1271091113610798,0.1244685780826534,0.1244685780826534,0.0037370615393028,0.4160727241883309,0.0037370615393028,0.4160727241883309,0.1051876690431194,90.37958388712218,0,0,Karina Smirnoff,30,Sports,0
15,6,Apolo Anton Ohno,percent,8.0,8.0,0.1327433628318584,0.1327433628318584,0.1364969001321307,0.1364969001321307,0.0115353128237543,0.3863610856346959,0.0115353128237543,0.3863610856346959,0.0956188195946279,109.37378556699264,0,0,Karina Smirnoff,30,Sports,0
15,7,Apolo Anton Ohno,percent,7.0,7.0,0.1363640308050478,0.1363640308050478,0.1411614926088911,0.1411614926088911,0.0041575198878025,0.4557853470120592,0.0041575198878025,0.4557853470120592,0.115211180388841,75.33742075079829,0,0,Karina Smirnoff,30,Sports,0
15,8,Apolo Anton Ohno,percent,7.0,7.0,0.1469193195013584,0.1469193195013584,0.1839978105836853,0.1839978105836853,0.0277305525548496,0.4938947113803732,0.0277305525548496,0.4938947113803732,0.1189194282718172,70.71220416776391,0,0,Karina Smirnoff,30,Sports,0
15,9,Apolo Anton Ohno,percent,5.0,5.0,0.202915325351756,0.202915325351756,0.0654216796380662,0.0654216796380662,0.0020520650960451,0.1687635332826549,0.0020520650960451,0.1687635332826549,0.0425284357618902,552.8931146260438,0,0,Karina Smirnoff,30,Sports,0
15,10,Apolo Anton Ohno,,,13.0,,,,,,,,,,,1,1,Karina Smirnoff,30,Sports,1
15,1,Bristol Palin,percent,13.0,13.0,0.0705244122965642,0.0705244122965642,0.0849777967554574,0.0849777967554574,0.0048563675240691,0.2756459550916108,0.0048563675240691,0.2756459550916108,0.0690789764202912,209.55991443770512,0,0,Mark Ballas,21,Media,0
15,2,Bristol Palin,percent,12.0,12.0,0.0652173913043478,0.0652173913043478,0.1070115273420693,0.1070115273420693,0.0243702033212684,0.3151358354493319,0.0243702033212684,0.3151358354493319,0.0741749061551182,181.7548418050052,0,0,Mark Ballas,21,Media,0
15,3,Bristol Palin,percent,11.0,11.0,0.0809352517985611,0.0809352517985611,0.125208446536212,0.125208446536212,0.025505751696534,0.3451460266310847,0.025505751696534,0.3451460266310847,0.0815408864628955,150.4004525189729,0,0,Mark Ballas,21,Media,0
15,4,Bristol Palin,percent,9.0,9.0,0.0995334370139968,0.0995334370139968,0.0159172215158573,0.0159172215158573,0.0006725922716719,0.0480411037425542,0.0006725922716719,0.0480411037425542,0.0120838039466536,6848.455830211399,0,0,Mark Ballas,21,Media,0
15,5,Bristol Palin,,,13.0,,,,,,,,,,,1,1,Mark Ballas,21,Media,1
15,6,Bristol Palin,,,13.0,,,,,,,,,,,1,1,Mark Ballas,21,Media,1
15,7,Bristol Palin,,,13.0,,,,,,,,,,,1,1,Mark Ballas,21,Media,1
15,8,Bristol Palin,,,13.0,,,,,,,,,,,1,1,Mark Ballas,21,Media,1
15,9,Bristol Palin,,,13.0,,,,,,,,,,,1,1,Mark Ballas,21,Media,1
15,10,Bristol Palin,,,13.0,,,,,,,,,,,1,1,Mark Ballas,21,Media,1
15,1,Drew Lachey,percent,13.0,13.0,0.077757685352622,0.077757685352622,0.0781351480906199,0.0781351480906199,0.0029622993923629,0.2732609335115877,0.0029622993923629,0.2732609335115877,0.0689537331936798,210.3218687044785,0,0,Anna Trebunskaya,36,Music,0
15,2,Drew Lachey,percent,12.0,12.0,0.0815217391304347,0.0815217391304347,0.0909265640534846,0.0909265640534846,0.0070156101758885,0.2894395375857096,0.0070156101758885,0.2894395375857096,0.0720469202576074,192.65006412560544,0,0,Anna Trebunskaya,36,Music,0
15,3,Drew Lachey,percent,11.0,11.0,0.0863309352517985,0.0863309352517985,0.0144629579736082,0.0144629579736082,0.000674390336019,0.0398698495047658,0.000674390336019,0.0398698495047658,0.0099988416246803,10002.317153251586,0,0,Anna Trebunskaya,36,Music,0
15,4,Drew Lachey,,,13.0,,,,,,,,,,,1,1,Anna Trebunskaya,36,Music,1
15,5,Drew Lachey,,,13.0,,,,,,,,,,,1,1,Anna Trebunskaya,36,Music,1
15,6,Drew Lachey,,,13.0,,,,,,,,,,,1,1,Anna Trebunskaya,36,Music,1
15,7,Drew Lachey,,,13.0,,,,,,,,,,,1,1,Anna Trebunskaya,36,Music,1
15,8,Drew Lachey,,,13.0,,,,,,,,,,,1,1,Anna Trebunskaya,36,Music,1
15,9,Drew Lachey,,,13.0,,,,,,,,,,,1,1,Anna Trebunskaya,36,Music,1
15,10,Drew Lachey,,,13.0,,,,,,,,,,,1,1,Anna Trebunskaya,36,Music,1
15,1,Emmitt Smith,percent,13.0,13.0,0.0886075949367088,0.0886075949367088,0.0817961941860597,0.0817961941860597,0.002137535266059,0.280611572387088,0.002137535266059,0.280611572387088,0.0710392951839359,198.15394002464936,0,0,Cheryl Burke,43,Sports,0
15,2,Emmitt Smith,percent,12.0,12.0,0.0815217391304347,0.0815217391304347,0.0902280067853095,0.0902280067853095,0.0090326755338702,0.2734654683134302,0.0090326755338702,0.2734654683134302,0.0674573450968265,219.75638913114648,0,0,Cheryl Burke,43,Sports,0
15,3,Emmitt Smith,percent,11.0,11.0,0.0899280575539568,0.0899280575539568,0.1028883526381467,0.1028883526381467,0.0154903867687058,0.2976283147207998,0.0154903867687058,0.2976283147207998,0.0719739612122688,193.0408356906409,0,0,Cheryl Burke,43,Sports,0
15,4,Emmitt Smith,percent,9.0,9.0,0.1119751166407465,0.1119751166407465,0.122966929370544,0.122966929370544,0.005701155164286,0.3831677472488357,0.005701155164286,0.3831677472488357,0.0962924979807524,107.84874450028106,0,0,Cheryl Burke,43,Sports,0
15,5,Emmitt Smith,percent,8.0,8.0,0.1259842519685039,0.1259842519685039,0.1251241019651716,0.1251241019651716,0.003583572709473,0.412759993498961,0.003583572709473,0.412759993498961,0.1043817399973183,91.78060916204052,0,0,Cheryl Burke,43,Sports,0
15,6,Emmitt Smith,percent,8.0,8.0,0.1172566371681416,0.1172566371681416,0.1469483808119902,0.1469483808119902,0.0300453952607672,0.3974106550270529,0.0300453952607672,0.3974106550270529,0.0937156274913994,113.86125467370182,0,0,Cheryl Burke,43,Sports,0
15,7,Emmitt Smith,percent,7.0,7.0,0.1425619826173051,0.1425619826173051,0.1417847778753343,0.1417847778753343,0.0042768155723164,0.4563029892302587,0.0042768155723164,0.4563029892302587,0.1153127994025363,75.20469756404866,0,0,Cheryl Burke,43,Sports,0
15,8,Emmitt Smith,percent,7.0,7.0,0.1458037890899821,0.1458037890899821,0.1799544474465949,0.1799544474465949,0.0395730435366958,0.4426738956407395,0.0395730435366958,0.4426738956407395,0.1028318500265417,94.5681082921534,0,0,Cheryl Burke,43,Sports,0
15,9,Emmitt Smith,percent,5.0,5.0,0.1914897691271683,0.1914897691271683,0.0676862726298063,0.0676862726298063,0.002799441780076,0.1803016182782906,0.002799441780076,0.1803016182782906,0.0452811674740343,487.71349057766,0,0,Cheryl Burke,43,Sports,0
15,10,Emmitt Smith,,,13.0,,,,,,,,,,,1,1,Cheryl Burke,43,Sports,1
15,1,Gilles Marini,percent,13.0,13.0,0.0867992766726944,0.0867992766726944,0.0782881301632373,0.0782881301632373,0.0022287977193333,0.2572516398111466,0.0022287977193333,0.2572516398111466,0.0650568474724013,236.27293230350628,0,0,Peta Murgatroyd,36,Entertainment,0
15,2,Gilles Marini,percent,12.0,12.0,0.092391304347826,0.092391304347826,0.0844862918969561,0.0844862918969561,0.0040394542734605,0.2782922818583395,0.0040394542734605,0.2782922818583395,0.0699624560165507,204.30072425493583,0,0,Peta Murgatroyd,36,Entertainment,0
15,3,Gilles Marini,percent,11.0,11.0,0.0917266187050359,0.0917266187050359,0.0976123633336781,0.0976123633336781,0.0114448595057796,0.2990304444872733,0.0114448595057796,0.2990304444872733,0.0733636696381361,185.79666185987384,0,0,Peta Murgatroyd,36,Entertainment,0
15,4,Gilles Marini,percent,9.0,9.0,0.1228615863141524,0.1228615863141524,0.1156834106317278,0.1156834106317278,0.0051228193507295,0.3569188392527722,0.0051228193507295,0.3569188392527722,0.0897438826280721,124.16245487908758,0,0,Peta Murgatroyd,36,Entertainment,0
15,5,Gilles Marini,percent,8.0,8.0,0.1271091113610798,0.1271091113610798,0.1234850106274669,0.1234850106274669,0.0036092553410698,0.3979245328986449,0.0036092553410698,0.3979245328986449,0.1005906320299936,98.82911951414914,0,0,Peta Murgatroyd,36,Entertainment,0
15,6,Gilles Marini,percent,8.0,8.0,0.1216814159292035,0.1216814159292035,0.1341490688901409,0.1341490688901409,0.0242433723184206,0.3819871245289601,0.0242433723184206,0.3819871245289601,0.0912611612781988,120.0682051111479,0,0,Peta Murgatroyd,36,Entertainment,0
15,7,Gilles Marini,percent,7.0,7.0,0.1384293260352406,0.1384293260352406,0.143397267600331,0.143397267600331,0.0042640965167362,0.4534087528429815,0.0042640965167362,0.4534087528429815,0.1145777184505727,76.17275440132607,0,0,Peta Murgatroyd,36,Entertainment,0
15,8,Gilles Marini,percent,7.0,7.0,0.1469193195013584,0.1469193195013584,0.0307722313872456,0.0307722313872456,0.0012508800560846,0.0848502919142661,0.0012508800560846,0.0848502919142661,0.0213263805760667,2198.698549332777,0,0,Peta Murgatroyd,36,Entertainment,0
15,9,Gilles Marini,,,13.0,,,,,,,,,,,1,1,Peta Murgatroyd,36,Entertainment,1
15,10,Gilles Marini,,,13.0,,,,,,,,,,,1,1,Peta Murgatroyd,36,Entertainment,1
15,1,Helio Castroneves,percent,13.0,13.0,0.077757685352622,0.077757685352622,0.082140589783976,0.082140589783976,0.003400113484638,0.2710370292929367,0.003400113484638,0.2710370292929367,0.0682747234204843,214.52608195837627,0,0,Chelsie Hightower,37,Other,0
15,2,Helio Castroneves,percent,12.0,12.0,0.0833333333333333,0.0833333333333333,0.0909917544953666,0.0909917544953666,0.007306477757225,0.2900083655515639,0.007306477757225,0.2900083655515639,0.072117828518964,192.2714125301628,0,0,Chelsie Hightower,37,Other,0
15,3,Helio Castroneves,percent,11.0,11.0,0.0917266187050359,0.0917266187050359,0.0122872564024892,0.0122872564024892,0.0004602981552119,0.0340656512746233,0.0004602981552119,0.0340656512746233,0.0085727941631151,13606.775129303604,0,0,Chelsie Hightower,37,Other,0
15,4,Helio Castroneves,,,13.0,,,,,,,,,,,1,1,Chelsie Hightower,37,Other,1
15,5,Helio Castroneves,,,13.0,,,,,,,,,,,1,1,Chelsie Hightower,37,Other,1
15,6,Helio Castroneves,,,13.0,,,,,,,,,,,1,1,Chelsie Hightower,37,Other,1
15,7,Helio Castroneves,,,13.0,,,,,,,,,,,1,1,Chelsie Hightower,37,Other,1
15,8,Helio Castroneves,,,13.0,,,,,,,,,,,1,1,Chelsie Hightower,37,Other,1
15,9,Helio Castroneves,,,13.0,,,,,,,,,,,1,1,Chelsie Hightower,37,Other,1
15,10,Helio Castroneves,,,13.0,,,,,,,,,,,1,1,Chelsie Hightower,37,Other,1
15,1,Joey Fatone,percent,13.0,13.0,0.0741410488245931,0.0741410488245931,0.0827765158417196,0.0827765158417196,0.003660934147759,0.2650040160868878,0.003660934147759,0.2650040160868878,0.0666691535559002,224.98321443691572,0,0,Kym Johnson,35,Music,0
15,2,Joey Fatone,percent,12.0,12.0,0.0815217391304347,0.0815217391304347,0.0084478509491422,0.0084478509491422,0.000279164407131,0.0263982774171013,0.000279164407131,0.0263982774171013,0.0066630390331556,22524.50652704177,0,0,Kym Johnson,35,Music,0
15,3,Joey Fatone,,,13.0,,,,,,,,,,,1,1,Kym Johnson,35,Music,1
15,4,Joey Fatone,,,13.0,,,,,,,,,,,1,1,Kym Johnson,35,Music,1
15,5,Joey Fatone,,,13.0,,,,,,,,,,,1,1,Kym Johnson,35,Music,1
15,6,Joey Fatone,,,13.0,,,,,,,,,,,1,1,Kym Johnson,35,Music,1
15,7,Joey Fatone,,,13.0,,,,,,,,,,,1,1,Kym Johnson,35,Music,1
15,8,Joey Fatone,,,13.0,,,,,,,,,,,1,1,Kym Johnson,35,Music,1
15,9,Joey Fatone,,,13.0,,,,,,,,,,,1,1,Kym Johnson,35,Music,1
15,10,Joey Fatone,,,13.0,,,,,,,,,,,1,1,Kym Johnson,35,Music,1
15,1,Kelly Monaco,percent,13.0,13.0,0.077757685352622,0.077757685352622,0.0829398100253443,0.0829398100253443,0.0026438068872889,0.2785039178575842,0.0026438068872889,0.2785039178575842,0.0703724772883406,201.9269664370844,0,0,Valentin Chmerkovskiy,36,Entertainment,0
15,2,Kelly Monaco,percent,12.0,12.0,0.0797101449275362,0.0797101449275362,0.0917444991638506,0.0917444991638506,0.0111732825125055,0.2762663157034577,0.0111732825125055,0.2762663157034577,0.0676257737732021,218.6631022652136,0,0,Valentin Chmerkovskiy,36,Entertainment,0
15,3,Kelly Monaco,percent,11.0,11.0,0.0971223021582733,0.0971223021582733,0.1142980028611964,0.1142980028611964,0.0114357650589876,0.3348856929473959,0.0114357650589876,0.3348856929473959,0.0825127367062266,146.87842833469833,0,0,Valentin Chmerkovskiy,36,Entertainment,0
15,4,Kelly Monaco,percent,9.0,9.0,0.1166407465007776,0.1166407465007776,0.1218619958931424,0.1218619958931424,0.0058248141678167,0.3894032537286775,0.0058248141678167,0.3894032537286775,0.0978516427451175,104.43925324908668,0,0,Valentin Chmerkovskiy,36,Entertainment,0
15,5,Kelly Monaco,percent,8.0,8.0,0.1158605174353205,0.1158605174353205,0.1241253882507295,0.1241253882507295,0.0033530496058218,0.4144293785760622,0.0033530496058218,0.4144293785760622,0.1048664104515919,90.93418840613998,0,0,Valentin Chmerkovskiy,36,Entertainment,0
15,6,Kelly Monaco,percent,8.0,8.0,0.1194690265486725,0.1194690265486725,0.1457756225674772,0.1457756225674772,0.0251850355710853,0.4185785754316112,0.0251850355710853,0.4185785754316112,0.100355494862379,99.29278368218075,0,0,Valentin Chmerkovskiy,36,Entertainment,0
15,7,Kelly Monaco,percent,7.0,7.0,0.1487607608782339,0.1487607608782339,0.1423935128817714,0.1423935128817714,0.0045572620669223,0.4709195801002105,0.0045572620669223,0.4709195801002105,0.1189699790901245,70.6521251395927,0,0,Valentin Chmerkovskiy,36,Entertainment,0
15,8,Kelly Monaco,percent,7.0,7.0,0.1421801970519487,0.1421801970519487,0.1931293676704323,0.1931293676704323,0.0338568393090662,0.4968779882143549,0.0338568393090662,0.4968779882143549,0.1181176400268593,71.67545813022844,0,0,Valentin Chmerkovskiy,36,Entertainment,0
15,9,Kelly Monaco,percent,5.0,5.0,0.1922770048446911,0.1922770048446911,0.3005176868717673,0.3005176868717673,0.0799459775814593,0.6899193821864174,0.0799459775814593,0.6899193821864174,0.1556054603584076,41.30002689393997,0,0,Valentin Chmerkovskiy,36,Entertainment,0
15,10,Kelly Monaco,percent,3.0,3.0,0.3331212530739241,0.3331212530739241,0.331918174406529,0.331918174406529,0.0127976889342028,0.8408536071148642,0.0127976889342028,0.8408536071148642,0.2112387546379238,22.410564861859942,0,0,Valentin Chmerkovskiy,36,Entertainment,0
15,1,Kirstie Alley,percent,13.0,13.0,0.0687160940325497,0.0687160940325497,0.0848053868756103,0.0848053868756103,0.0045896936376671,0.2688915381436847,0.0045896936376671,0.2688915381436847,0.0674239399250044,219.9741995555817,0,0,Maksim Chmerkoskiy,61,Entertainment,0
15,2,Kirstie Alley,percent,12.0,12.0,0.0760869565217391,0.0760869565217391,0.0985235022886461,0.0985235022886461,0.0151928141680327,0.2864333861426945,0.0151928141680327,0.2864333861426945,0.0691940234629239,208.86363449024037,0,0,Maksim Chmerkoskiy,61,Entertainment,0
15,3,Kirstie Alley,percent,11.0,11.0,0.0863309352517985,0.0863309352517985,0.1191984141091895,0.1191984141091895,0.0199488672003959,0.3406758953597387,0.0199488672003959,0.3406758953597387,0.0818181194284037,149.38294387075322,0,0,Maksim Chmerkoskiy,61,Entertainment,0
15,4,Kirstie Alley,percent,9.0,9.0,0.093312597200622,0.093312597200622,0.1380991637354409,0.1380991637354409,0.0197367731354269,0.4093893525796473,0.0197367731354269,0.4093893525796473,0.0994011682255664,101.20850807761865,0,0,Maksim Chmerkoskiy,61,Entertainment,0
15,5,Kirstie Alley,percent,8.0,8.0,0.1181102362204724,0.1181102362204724,0.1260116098171205,0.1260116098171205,0.0038192501636272,0.411174431799033,0.0038192501636272,0.411174431799033,0.1039171381722974,92.60312528989472,0,0,Maksim Chmerkoskiy,61,Entertainment,0
15,6,Kirstie Alley,percent,8.0,8.0,0.1216814159292035,0.1216814159292035,0.1423177670928869,0.1423177670928869,0.0237894129168968,0.4086665441986379,0.0237894129168968,0.4086665441986379,0.0981829416535053,103.735623197763,0,0,Maksim Chmerkoskiy,61,Entertainment,0
15,7,Kirstie Alley,percent,7.0,7.0,0.1157024007920684,0.1157024007920684,0.1446779638563718,0.1446779638563718,0.0043877917498377,0.4635052999864435,0.0043877917498377,0.4635052999864435,0.1171218133256647,72.89947902220838,0,0,Maksim Chmerkoskiy,61,Entertainment,0
15,8,Kirstie Alley,percent,7.0,7.0,0.127962327890669,0.127962327890669,0.0408444938454284,0.0408444938454284,0.0013716076438078,0.1061065332958548,0.0013716076438078,0.1061065332958548,0.0267180932785834,1400.841749248728,0,0,Maksim Chmerkoskiy,61,Entertainment,0
15,9,Kirstie Alley,,,13.0,,,,,,,,,,,1,1,Maksim Chmerkoskiy,61,Entertainment,1
15,10,Kirstie Alley,,,13.0,,,,,,,,,,,1,1,Maksim Chmerkoskiy,61,Entertainment,1
15,1,Melissa Rycroft,percent,13.0,13.0,0.0759493670886076,0.0759493670886076,0.0818346215296786,0.0818346215296786,0.0031774090502901,0.2747182134343674,0.0031774090502901,0.2747182134343674,0.069270613363285,208.40202456288955,0,0,Tony Dovolani,29,Media,0
15,2,Melissa Rycroft,percent,12.0,12.0,0.0851449275362318,0.0851449275362318,0.0839607831361851,0.0839607831361851,0.0042260917539193,0.2634895331640043,0.0042260917539193,0.2634895331640043,0.0661386330127767,228.60702455064884,0,0,Tony Dovolani,29,Media,0
15,3,Melissa Rycroft,percent,11.0,11.0,0.0971223021582733,0.0971223021582733,0.10399490186796,0.10399490186796,0.0098739437277989,0.3331215191829482,0.0098739437277989,0.3331215191829482,0.082461116187538,147.06237718590063,0,0,Tony Dovolani,29,Media,0
15,4,Melissa Rycroft,percent,9.0,9.0,0.1150855365474339,0.1150855365474339,0.1217474736315538,0.1217474736315538,0.0066265045328722,0.3837908953437153,0.0066265045328722,0.3837908953437153,0.0962154058190926,108.02164038259666,0,0,Tony Dovolani,29,Media,0
15,5,Melissa Rycroft,percent,8.0,8.0,0.1271091113610798,0.1271091113610798,0.1252963510963657,0.1252963510963657,0.0030992782279129,0.4033214823650183,0.0030992782279129,0.4033214823650183,0.102097501055384,95.93338641900507,0,0,Tony Dovolani,29,Media,0
15,6,Melissa Rycroft,percent,8.0,8.0,0.1305309734513274,0.1305309734513274,0.141718811297682,0.141718811297682,0.0209046803405269,0.3960652589010985,0.0209046803405269,0.3960652589010985,0.0957042292246356,109.17865508492518,0,0,Tony Dovolani,29,Media,0
15,7,Melissa Rycroft,percent,7.0,7.0,0.1611570777270843,0.1611570777270843,0.1442329216816669,0.1442329216816669,0.0039491310757582,0.4675979270659838,0.0039491310757582,0.4675979270659838,0.1182777540791391,71.4815335774607,0,0,Tony Dovolani,29,Media,0
15,8,Melissa Rycroft,percent,7.0,7.0,0.1505439151654929,0.1505439151654929,0.1837497788854979,0.1837497788854979,0.031842420403422,0.4793518722757141,0.031842420403422,0.4793518722757141,0.1141605744572173,76.73044360741966,0,0,Tony Dovolani,29,Media,0
15,9,Melissa Rycroft,percent,5.0,5.0,0.2040975973707745,0.2040975973707745,0.2874181991194384,0.2874181991194384,0.0702457784745724,0.6297215842231465,0.0702457784745724,0.6297215842231465,0.1427234198338199,49.0918629578881,0,0,Tony Dovolani,29,Media,0
15,10,Melissa Rycroft,percent,3.0,3.0,0.3356639275509422,0.3356639275509422,0.3313287987202207,0.3313287987202207,0.0117789626026139,0.8362176308457253,0.0117789626026139,0.8362176308457253,0.2103159867967121,22.607650355825825,0,0,Tony Dovolani,29,Media,0
15,1,Pamela Anderson,percent,13.0,13.0,0.0614828209764918,0.0614828209764918,0.011542984665617,0.011542984665617,0.0004919015326387,0.0305564332441554,0.0004919015326387,0.0305564332441554,0.007669523395795,17000.560763207475,0,0,Tristan MacManus,45,Fashion,0
15,2,Pamela Anderson,,,13.0,,,,,,,,,,,1,1,Tristan MacManus,45,Fashion,1
15,3,Pamela Anderson,,,13.0,,,,,,,,,,,1,1,Tristan MacManus,45,Fashion,1
15,4,Pamela Anderson,,,13.0,,,,,,,,,,,1,1,Tristan MacManus,45,Fashion,1
15,5,Pamela Anderson,,,13.0,,,,,,,,,,,1,1,Tristan MacManus,45,Fashion,1
15,6,Pamela Anderson,,,13.0,,,,,,,,,,,1,1,Tristan MacManus,45,Fashion,1
15,7,Pamela Anderson,,,13.0,,,,,,,,,,,1,1,Tristan MacManus,45,Fashion,1
15,8,Pamela Anderson,,,13.0,,,,,,,,,,,1,1,Tristan MacManus,45,Fashion,1
15,9,Pamela Anderson,,,13.0,,,,,,,,,,,1,1,Tristan MacManus,45,Fashion,1
15,10,Pamela Anderson,,,13.0,,,,,,,,,,,1,1,Tristan MacManus,45,Fashion,1
15,1,Sabrina Bryan,percent,13.0,13.0,0.081374321880651,0.081374321880651,0.0862926008163324,0.0862926008163324,0.0024229437903657,0.2924657362245637,0.0024229437903657,0.2924657362245637,0.0739905082740301,182.6619033052777,0,0,Louis van Amstel,28,Entertainment,0
15,2,Sabrina Bryan,percent,12.0,12.0,0.0942028985507246,0.0942028985507246,0.0884552373293461,0.0884552373293461,0.0026066194235888,0.2785729119571389,0.0026066194235888,0.2785729119571389,0.070399564421824,201.77160836107888,0,0,Louis van Amstel,28,Entertainment,0
15,3,Sabrina Bryan,percent,11.0,11.0,0.0917266187050359,0.0917266187050359,0.1063776874336668,0.1063776874336668,0.0175826742810808,0.2764230539134822,0.0175826742810808,0.2764230539134822,0.0660307090898983,229.3549289710217,0,0,Louis van Amstel,28,Entertainment,0
15,4,Sabrina Bryan,percent,9.0,9.0,0.1104199066874028,0.1104199066874028,0.1213233494743289,0.1213233494743289,0.0065586901860756,0.3822732035915746,0.0065586901860756,0.3822732035915746,0.0958455391340558,108.85695721892378,0,0,Louis van Amstel,28,Entertainment,0
15,5,Sabrina Bryan,percent,8.0,8.0,0.1316085489313835,0.1316085489313835,0.1261712897975649,0.1261712897975649,0.0042047207462956,0.4071232570746326,0.0042047207462956,0.4071232570746326,0.1027853409000859,94.65370951024651,0,0,Louis van Amstel,28,Entertainment,0
15,6,Sabrina Bryan,percent,8.0,8.0,0.1327433628318584,0.1327433628318584,0.014725889047705,0.014725889047705,0.0003474053147976,0.0476071752165865,0.0003474053147976,0.0476071752165865,0.0120560637504563,6880.007765417528,0,0,Louis van Amstel,28,Entertainment,0
15,7,Sabrina Bryan,,,13.0,,,,,,,,,,,1,1,Louis van Amstel,28,Entertainment,1
15,8,Sabrina Bryan,,,13.0,,,,,,,,,,,1,1,Louis van Amstel,28,Entertainment,1
15,9,Sabrina Bryan,,,13.0,,,,,,,,,,,1,1,Louis van Amstel,28,Entertainment,1
15,10,Sabrina Bryan,,,13.0,,,,,,,,,,,1,1,Louis van Amstel,28,Entertainment,1
15,1,Shawn Johnson,percent,13.0,13.0,0.0795660036166365,0.0795660036166365,0.0841958069028101,0.0841958069028101,0.0026186343649313,0.2791354174487932,0.0026186343649313,0.2791354174487932,0.0705399956846586,200.969032836572,0,0,Derek Hough,20,Sports,0
15,2,Shawn Johnson,percent,12.0,12.0,0.0905797101449275,0.0905797101449275,0.0821514481264188,0.0821514481264188,0.0034846810121403,0.2644279917091919,0.0034846810121403,0.2644279917091919,0.0665671710961866,225.67310156469463,0,0,Derek Hough,20,Sports,0
15,3,Shawn Johnson,percent,11.0,11.0,0.0953237410071942,0.0953237410071942,0.0942526257655536,0.0942526257655536,0.0104838209458726,0.2819415675486493,0.0104838209458726,0.2819415675486493,0.0692494251537695,208.5295733845446,0,0,Derek Hough,20,Sports,0
15,4,Shawn Johnson,percent,9.0,9.0,0.1228615863141524,0.1228615863141524,0.1187130247957128,0.1187130247957128,0.004899113529088,0.3733925365225943,0.004899113529088,0.3733925365225943,0.0940034242330373,113.16513670877498,0,0,Derek Hough,20,Sports,0
15,5,Shawn Johnson,percent,8.0,8.0,0.1271091113610798,0.1271091113610798,0.1253176703629257,0.1253176703629257,0.0034564526948826,0.4107463403432139,0.0034564526948826,0.4107463403432139,0.1039004815429416,92.6328186955524,0,0,Derek Hough,20,Sports,0
15,6,Shawn Johnson,percent,8.0,8.0,0.1238938053097345,0.1238938053097345,0.1378675601599867,0.1378675601599867,0.0223598501012327,0.3980995557522219,0.0223598501012327,0.3980995557522219,0.0958519657272931,108.84236062870438,0,0,Derek Hough,20,Sports,0
15,7,Shawn Johnson,percent,7.0,7.0,0.1570244211450198,0.1570244211450198,0.1423520634956328,0.1423520634956328,0.0042638585509985,0.4599843692491471,0.0042638585509985,0.4599843692491471,0.1162552323209562,73.99033322896565,0,0,Derek Hough,20,Sports,0
15,8,Shawn Johnson,percent,7.0,7.0,0.1396711317991904,0.1396711317991904,0.1875518701811157,0.1875518701811157,0.0407195775690075,0.4588743868688973,0.0407195775690075,0.4588743868688973,0.1066721452295637,87.8815973020744,0,0,Derek Hough,20,Sports,0
15,9,Shawn Johnson,percent,5.0,5.0,0.2092203033056098,0.2092203033056098,0.278956161740922,0.278956161740922,0.0563893461561685,0.6287564623080669,0.0563893461561685,0.6287564623080669,0.1460120194265046,46.90539363162692,0,0,Derek Hough,20,Sports,0
15,10,Shawn Johnson,percent,3.0,3.0,0.3312148193751337,0.3312148193751337,0.3367530268732493,0.3367530268732493,0.0127037901970754,0.8482617668298923,0.0127037901970754,0.8482617668298923,0.213152545059392,22.00994488024921,0,0,Derek Hough,20,Sports,0
16,1,Alexandra Raisman,percent,12.0,12.0,0.0917030567685589,0.0917030567685589,0.082597778126419,0.082597778126419,0.002557855656066,0.2812118512283448,0.002557855656066,0.2812118512283448,0.0710852029521119,197.89808177721235,0,0,Mark Ballas,18,Sports,0
16,2,Alexandra Raisman,percent,12.0,12.0,0.0983606557377049,0.0983606557377049,0.0820780588878414,0.0820780588878414,0.0023016720955243,0.2826577544197112,0.0023016720955243,0.2826577544197112,0.0715194087561701,195.50243409588384,0,0,Mark Ballas,18,Sports,0
16,3,Alexandra Raisman,percent,11.0,11.0,0.0978725070170332,0.0978725070170332,0.0967963330475823,0.0967963330475823,0.003535889993519,0.3284595520070622,0.003535889993519,0.3284595520070622,0.0828886892891691,145.5490769426401,0,0,Mark Ballas,18,Sports,0
16,4,Alexandra Raisman,percent,10.0,10.0,0.1205357142857142,0.1205357142857142,0.1047987775792227,0.1047987775792227,0.0037826325675211,0.3521383415177469,0.0037826325675211,0.3521383415177469,0.0888662522832208,126.62698590370944,0,0,Mark Ballas,18,Sports,0
16,5,Alexandra Raisman,percent,9.0,9.0,0.1196172248803827,0.1196172248803827,0.1190706500392987,0.1190706500392987,0.0047187969846264,0.3976512828504167,0.0047187969846264,0.3976512828504167,0.1002378790473954,99.5259341301178,0,0,Mark Ballas,18,Sports,0
16,6,Alexandra Raisman,percent,8.0,8.0,0.1379310344827586,0.1379310344827586,0.1377717824745089,0.1377717824745089,0.0054800864462486,0.4295265929450049,0.0054800864462486,0.4295265929450049,0.1081751292088664,85.45651045247246,0,0,Mark Ballas,18,Sports,0
16,7,Alexandra Raisman,percent,7.0,7.0,0.1739130434782608,0.1739130434782608,0.1579734695782319,0.1579734695782319,0.0045474451364213,0.4982282999419952,0.0045474451364213,0.4982282999419952,0.1259389935728505,63.04919751359176,0,0,Mark Ballas,18,Sports,0
16,8,Alexandra Raisman,percent,6.0,6.0,0.180064308681672,0.180064308681672,0.1859424504393707,0.1859424504393707,0.0072308288022386,0.5602619810116382,0.0072308288022386,0.5602619810116382,0.1410793755636223,50.24269682089805,0,0,Mark Ballas,18,Sports,0
16,9,Alexandra Raisman,percent,5.0,5.0,0.2092198581560283,0.2092198581560283,0.2360046908812998,0.2360046908812998,0.0185784908940189,0.6406412679386193,0.0185784908940189,0.6406412679386193,0.158689483939949,39.71034903989919,0,0,Mark Ballas,18,Sports,0
16,10,Alexandra Raisman,percent,4.0,4.0,0.2478634597123587,0.2478634597123587,0.0652407053378026,0.0652407053378026,0.002308140286152,0.1781490885600573,0.002308140286152,0.1781490885600573,0.0448573847637513,496.9722048325676,0,0,Mark Ballas,18,Sports,0
16,1,Andy Dick,percent,12.0,12.0,0.074235807860262,0.074235807860262,0.0830763387216392,0.0830763387216392,0.0023551003064717,0.2834786808447992,0.0023551003064717,0.2834786808447992,0.0717151991169202,194.4364050896585,0,0,Sharna Burgess,47,Entertainment,0
16,2,Andy Dick,percent,12.0,12.0,0.081967213114754,0.081967213114754,0.0818110226950317,0.0818110226950317,0.0022712067530618,0.2752629926421527,0.0022712067530618,0.2752629926421527,0.0696407617064007,206.19255242933264,0,0,Sharna Burgess,47,Entertainment,0
16,3,Andy Dick,percent,11.0,11.0,0.0765958750568086,0.0765958750568086,0.1018342556335468,0.1018342556335468,0.0050643858151047,0.3239109830538231,0.0050643858151047,0.3239109830538231,0.0813384176629383,151.15014251906314,0,0,Sharna Burgess,47,Entertainment,0
16,4,Andy Dick,percent,10.0,10.0,0.09375,0.09375,0.1107145274580583,0.1107145274580583,0.004017486070868,0.3576377439961383,0.004017486070868,0.3576377439961383,0.0902092494707322,122.8847133862018,0,0,Sharna Burgess,47,Entertainment,0
16,5,Andy Dick,percent,9.0,9.0,0.0861244019138756,0.0861244019138756,0.136928604644345,0.136928604644345,0.0167752128492655,0.4168013605632696,0.0167752128492655,0.4168013605632696,0.1020474866617357,96.02744509880598,0,0,Sharna Burgess,47,Entertainment,0
16,6,Andy Dick,percent,8.0,8.0,0.1140583554376657,0.1140583554376657,0.1508543010418068,0.1508543010418068,0.010544901271584,0.4663436288482534,0.010544901271584,0.4663436288482534,0.1162751856062932,73.96494133559472,0,0,Sharna Burgess,47,Entertainment,0
16,7,Andy Dick,percent,7.0,7.0,0.092391304347826,0.092391304347826,0.0389907333983132,0.0389907333983132,0.0019453377398298,0.1021730360307895,0.0019453377398298,0.1021730360307895,0.0255682903803468,1529.6660224343177,0,0,Sharna Burgess,47,Entertainment,0
16,8,Andy Dick,,,12.0,,,,,,,,,,,1,1,Sharna Burgess,47,Entertainment,1
16,9,Andy Dick,,,12.0,,,,,,,,,,,1,1,Sharna Burgess,47,Entertainment,1
16,10,Andy Dick,,,12.0,,,,,,,,,,,1,1,Sharna Burgess,47,Entertainment,1
16,1,D. L. Hughley,percent,12.0,12.0,0.0524017467248908,0.0524017467248908,0.08512044442313,0.08512044442313,0.0023759472763272,0.2879428878311327,0.0023759472763272,0.2879428878311327,0.0728487093252055,188.4327024115348,0,0,Cheryl Burke,50,Entertainment,0
16,2,D. L. Hughley,percent,12.0,12.0,0.0655737704918032,0.0655737704918032,0.0844696170236102,0.0844696170236102,0.0021396258424811,0.2869615150234193,0.0021396258424811,0.2869615150234193,0.0726586451992189,189.41981521027407,0,0,Cheryl Burke,50,Entertainment,0
16,3,D. L. Hughley,percent,11.0,11.0,0.0680852222727187,0.0680852222727187,0.1076636131779732,0.1076636131779732,0.0102796616321483,0.3215328322408535,0.0102796616321483,0.3215328322408535,0.0794013190328329,158.6151133214982,0,0,Cheryl Burke,50,Entertainment,0
16,4,D. L. Hughley,percent,10.0,10.0,0.09375,0.09375,0.1116081541618816,0.1116081541618816,0.0055901744516421,0.369832563592356,0.0055901744516421,0.369832563592356,0.0929189768216106,115.82202724579228,0,0,Cheryl Burke,50,Entertainment,0
16,5,D. L. Hughley,percent,9.0,9.0,0.0861244019138756,0.0861244019138756,0.0205071919673413,0.0205071919673413,0.0008439342429183,0.0559532465835332,0.0008439342429183,0.0559532465835332,0.0140584980460752,5059.669509490428,0,0,Cheryl Burke,50,Entertainment,0
16,6,D. L. Hughley,,,12.0,,,,,,,,,,,1,1,Cheryl Burke,50,Entertainment,1
16,7,D. L. Hughley,,,12.0,,,,,,,,,,,1,1,Cheryl Burke,50,Entertainment,1
16,8,D. L. Hughley,,,12.0,,,,,,,,,,,1,1,Cheryl Burke,50,Entertainment,1
16,9,D. L. Hughley,,,12.0,,,,,,,,,,,1,1,Cheryl Burke,50,Entertainment,1
16,10,D. L. Hughley,,,12.0,,,,,,,,,,,1,1,Cheryl Burke,50,Entertainment,1
16,1,Dorothy Hamill,percent,12.0,12.0,0.0917030567685589,0.0917030567685589,0.0836022758575199,0.0836022758575199,0.0022929123798264,0.2926075774682619,0.0022929123798264,0.2926075774682619,0.0740598635429682,182.31994659835615,0,0,Tristan MacManus,56,Sports,0
16,2,Dorothy Hamill,percent,12.0,12.0,0.0614754098360655,0.0614754098360655,0.0828938885851117,0.0828938885851117,0.0025508289996004,0.2851006952014029,0.0025508289996004,0.2851006952014029,0.0720790475004598,192.47836551825264,0,0,Tristan MacManus,56,Sports,0
16,3,Dorothy Hamill,,,12.0,,,,,,,,,,,1,1,Tristan MacManus,56,Sports,1
16,4,Dorothy Hamill,,,12.0,,,,,,,,,,,1,1,Tristan MacManus,56,Sports,1
16,5,Dorothy Hamill,,,12.0,,,,,,,,,,,1,1,Tristan MacManus,56,Sports,1
16,6,Dorothy Hamill,,,12.0,,,,,,,,,,,1,1,Tristan MacManus,56,Sports,1
16,7,Dorothy Hamill,,,12.0,,,,,,,,,,,1,1,Tristan MacManus,56,Sports,1
16,8,Dorothy Hamill,,,12.0,,,,,,,,,,,1,1,Tristan MacManus,56,Sports,1
16,9,Dorothy Hamill,,,12.0,,,,,,,,,,,1,1,Tristan MacManus,56,Sports,1
16,10,Dorothy Hamill,,,12.0,,,,,,,,,,,1,1,Tristan MacManus,56,Sports,1
16,1,Ingo Rademacher,percent,12.0,12.0,0.0873362445414847,0.0873362445414847,0.081810325584303,0.081810325584303,0.0021437169355704,0.2706374574268685,0.0021437169355704,0.2706374574268685,0.0684933011457393,213.15906349409275,0,0,Kym Johnson,41,Entertainment,0
16,2,Ingo Rademacher,percent,12.0,12.0,0.081967213114754,0.081967213114754,0.083511359939319,0.083511359939319,0.0020762257943947,0.2899386346357621,0.0020762257943947,0.2899386346357621,0.0734342879697365,185.4394897028018,0,0,Kym Johnson,41,Entertainment,0
16,3,Ingo Rademacher,percent,11.0,11.0,0.0893618542329433,0.0893618542329433,0.0979597641531174,0.0979597641531174,0.003384321230849,0.3102892249679785,0.003384321230849,0.3102892249679785,0.0782920672798799,163.1415103768466,0,0,Kym Johnson,41,Entertainment,0
16,4,Ingo Rademacher,percent,10.0,10.0,0.1026785714285714,0.1026785714285714,0.1085135582468244,0.1085135582468244,0.0042275748002735,0.3491241941974617,0.0042275748002735,0.3491241941974617,0.0879838314788745,129.17969624066257,0,0,Kym Johnson,41,Entertainment,0
16,5,Ingo Rademacher,percent,9.0,9.0,0.1004784688995215,0.1004784688995215,0.129982545822913,0.129982545822913,0.0070696989305657,0.3984443018998269,0.0070696989305657,0.3984443018998269,0.099840459941138,100.319845336192,0,0,Kym Johnson,41,Entertainment,0
16,6,Ingo Rademacher,percent,8.0,8.0,0.1220159151193634,0.1220159151193634,0.1391519952500447,0.1391519952500447,0.0088037520631617,0.4313951783455623,0.0088037520631617,0.4313951783455623,0.1078039352761226,86.04601675171457,0,0,Kym Johnson,41,Entertainment,0
16,7,Ingo Rademacher,percent,7.0,7.0,0.1358695652173913,0.1358695652173913,0.1621628696488506,0.1621628696488506,0.0072024867653476,0.5050327294829697,0.0072024867653476,0.5050327294829697,0.1269975108973526,62.002554381505874,0,0,Kym Johnson,41,Entertainment,0
16,8,Ingo Rademacher,percent,6.0,6.0,0.1543408360128617,0.1543408360128617,0.2039642529579863,0.2039642529579863,0.0149027339810445,0.5814689483211402,0.0149027339810445,0.5814689483211402,0.1445321975357387,47.87081132981549,0,0,Kym Johnson,41,Entertainment,0
16,9,Ingo Rademacher,percent,5.0,5.0,0.1808510638297872,0.1808510638297872,0.0465522418438306,0.0465522418438306,0.0016380232239591,0.1332488352968925,0.0016380232239591,0.1332488352968925,0.0335741867532993,887.1335346034032,0,0,Kym Johnson,41,Entertainment,0
16,10,Ingo Rademacher,,,12.0,,,,,,,,,,,1,1,Kym Johnson,41,Entertainment,1
16,1,Jacoby Jones,percent,12.0,12.0,0.0873362445414847,0.0873362445414847,0.0815723596180651,0.0815723596180651,0.0022151964585633,0.2801269809054845,0.0022151964585633,0.2801269809054845,0.0708958633793166,198.95653487795195,0,0,Karina Smirnoff,28,Sports,0
16,2,Jacoby Jones,percent,12.0,12.0,0.0942622950819672,0.0942622950819672,0.0841717487083843,0.0841717487083843,0.0022401375706304,0.292261378092511,0.0022401375706304,0.292261378092511,0.0739850103372144,182.6890520726453,0,0,Karina Smirnoff,28,Sports,0
16,3,Jacoby Jones,percent,11.0,11.0,0.1106376351278895,0.1106376351278895,0.0945399727882315,0.0945399727882315,0.0029551320490895,0.3098912683698809,0.0029551320490895,0.3098912683698809,0.0783000347757121,163.10831082144412,0,0,Karina Smirnoff,28,Sports,0
16,4,Jacoby Jones,percent,10.0,10.0,0.1071428571428571,0.1071428571428571,0.1062434957504224,0.1062434957504224,0.0031187970467216,0.3352055331204926,0.0031187970467216,0.3352055331204926,0.0847160041004518,139.33784023377044,0,0,Karina Smirnoff,28,Sports,0
16,5,Jacoby Jones,percent,9.0,9.0,0.124401913875598,0.124401913875598,0.1167499735932147,0.1167499735932147,0.0042007232919295,0.3775757062552204,0.0042007232919295,0.3775757062552204,0.0952487201436966,110.22540480319871,0,0,Karina Smirnoff,28,Sports,0
16,6,Jacoby Jones,percent,8.0,8.0,0.1193633952254641,0.1193633952254641,0.1413402508852387,0.1413402508852387,0.0092141390607992,0.4399266778725013,0.0092141390607992,0.4399266778725013,0.1098756476560464,82.83180094398979,0,0,Karina Smirnoff,28,Sports,0
16,7,Jacoby Jones,percent,7.0,7.0,0.1467391304347826,0.1467391304347826,0.1630570761109048,0.1630570761109048,0.0060985946787996,0.4813867149423816,0.0060985946787996,0.4813867149423816,0.1212469694549954,68.02338120491615,0,0,Karina Smirnoff,28,Sports,0
16,8,Jacoby Jones,percent,6.0,6.0,0.1672025723472668,0.1672025723472668,0.1921590567345685,0.1921590567345685,0.0108662190992433,0.5656618828439272,0.0108662190992433,0.5656618828439272,0.1415295060573173,49.92361416240426,0,0,Karina Smirnoff,28,Sports,0
16,9,Jacoby Jones,percent,5.0,5.0,0.2092198581560283,0.2092198581560283,0.2343298251792336,0.2343298251792336,0.0166534451812594,0.6245923123936368,0.0166534451812594,0.6245923123936368,0.1550864457174432,41.576920034553886,0,0,Karina Smirnoff,28,Sports,0
16,10,Jacoby Jones,percent,4.0,4.0,0.2393155891586232,0.2393155891586232,0.3303731505157355,0.3303731505157355,0.0601046691166375,0.743351647494879,0.0601046691166375,0.743351647494879,0.1742976985658779,32.916730712974946,0,0,Karina Smirnoff,28,Sports,0
16,1,Kellie Pickler,percent,12.0,12.0,0.0917030567685589,0.0917030567685589,0.0838129486944555,0.0838129486944555,0.0024078001991667,0.2817863039066335,0.0024078001991667,0.2817863039066335,0.0712700264559864,196.87300033919877,0,0,Derek Hough,26,Music,0
16,2,Kellie Pickler,percent,12.0,12.0,0.1065573770491803,0.1065573770491803,0.0849432485786391,0.0849432485786391,0.0024251900701022,0.2850624411915465,0.0024251900701022,0.2850624411915465,0.072101339571797,192.35936417427413,0,0,Derek Hough,26,Music,0
16,3,Kellie Pickler,percent,11.0,11.0,0.106383159801123,0.106383159801123,0.099526784640431,0.099526784640431,0.0029884964121403,0.341542748142283,0.0029884964121403,0.341542748142283,0.0863658805434037,134.06505464505625,0,0,Derek Hough,26,Music,0
16,4,Kellie Pickler,percent,10.0,10.0,0.1160714285714285,0.1160714285714285,0.1048612259696457,0.1048612259696457,0.0033484834844634,0.3564364358847169,0.0033484834844634,0.3564364358847169,0.0900734572449626,123.25550779162664,0,0,Derek Hough,26,Music,0
16,5,Kellie Pickler,percent,9.0,9.0,0.1291866028708134,0.1291866028708134,0.1162845068242951,0.1162845068242951,0.0030936838013131,0.384223741928176,0.0030936838013131,0.384223741928176,0.0972270556446078,105.78539982091358,0,0,Derek Hough,26,Music,0
16,6,Kellie Pickler,percent,8.0,8.0,0.143236074270557,0.143236074270557,0.1315035697799483,0.1315035697799483,0.0037000024711314,0.4231529545034777,0.0037000024711314,0.4231529545034777,0.1070033040898842,87.33847883405176,0,0,Derek Hough,26,Music,0
16,7,Kellie Pickler,percent,7.0,7.0,0.1576086956521739,0.1576086956521739,0.1572322674762842,0.1572322674762842,0.0059462064880454,0.4855930268165291,0.0059462064880454,0.4855930268165291,0.122358882736858,66.79269921518936,0,0,Derek Hough,26,Music,0
16,8,Kellie Pickler,percent,6.0,6.0,0.1768488745980707,0.1768488745980707,0.188447197524566,0.188447197524566,0.0096186061202427,0.5459206152233358,0.0096186061202427,0.5459206152233358,0.1368117370160952,53.42607705566656,0,0,Derek Hough,26,Music,0
16,9,Kellie Pickler,percent,5.0,5.0,0.2056737588652482,0.2056737588652482,0.2350730886174654,0.2350730886174654,0.018389090428856,0.6454442830819979,0.018389090428856,0.6454442830819979,0.1599630593502913,39.08054367523527,0,0,Derek Hough,26,Music,0
16,10,Kellie Pickler,percent,4.0,4.0,0.256410475564509,0.256410475564509,0.3070106492844907,0.3070106492844907,0.0483984972784113,0.7335929420518214,0.0483984972784113,0.7335929420518214,0.1747945012177066,32.7298841074361,0,0,Derek Hough,26,Music,0
16,1,Lisa Vanderpump,percent,12.0,12.0,0.0786026200873362,0.0786026200873362,0.0833675572052919,0.0833675572052919,0.0022389386358108,0.2806011685693214,0.0022389386358108,0.2806011685693214,0.071010772942222,198.3131533212184,0,0,Gleb Savchenko,52,Media,0
16,2,Lisa Vanderpump,percent,12.0,12.0,0.0737704918032786,0.0737704918032786,0.0829112195982311,0.0829112195982311,0.0023066041762434,0.2857032609343136,0.0023066041762434,0.2857032609343136,0.0722950654995077,191.3298314577505,0,0,Gleb Savchenko,52,Media,0
16,3,Lisa Vanderpump,percent,11.0,11.0,0.0893618542329433,0.0893618542329433,0.0965789852504039,0.0965789852504039,0.003493139483852,0.3182576256862804,0.003493139483852,0.3182576256862804,0.0802970628067419,155.09602991154338,0,0,Gleb Savchenko,52,Media,0
16,4,Lisa Vanderpump,percent,10.0,10.0,0.0803571428571428,0.0803571428571428,0.0164456199829813,0.0164456199829813,0.0005943952681395,0.0453869378965507,0.0005943952681395,0.0453869378965507,0.0114266690378599,7658.799542879359,0,0,Gleb Savchenko,52,Media,0
16,5,Lisa Vanderpump,,,12.0,,,,,,,,,,,1,1,Gleb Savchenko,52,Media,1
16,6,Lisa Vanderpump,,,12.0,,,,,,,,,,,1,1,Gleb Savchenko,52,Media,1
16,7,Lisa Vanderpump,,,12.0,,,,,,,,,,,1,1,Gleb Savchenko,52,Media,1
16,8,Lisa Vanderpump,,,12.0,,,,,,,,,,,1,1,Gleb Savchenko,52,Media,1
16,9,Lisa Vanderpump,,,12.0,,,,,,,,,,,1,1,Gleb Savchenko,52,Media,1
16,10,Lisa Vanderpump,,,12.0,,,,,,,,,,,1,1,Gleb Savchenko,52,Media,1
16,1,Sean Lowe,percent,12.0,12.0,0.0829694323144104,0.0829694323144104,0.0842516589018489,0.0842516589018489,0.0022909064282232,0.2884430094293674,0.0022909064282232,0.2884430094293674,0.0729979854594755,187.6628251409,0,0,Peta Murgatroyd,29,Media,0
16,2,Sean Lowe,percent,12.0,12.0,0.081967213114754,0.081967213114754,0.0837900826427209,0.0837900826427209,0.0024370030810756,0.2824121958533691,0.0024370030810756,0.2824121958533691,0.0714222430541565,196.03473473482347,0,0,Peta Murgatroyd,29,Media,0
16,3,Sean Lowe,percent,11.0,11.0,0.0893618542329433,0.0893618542329433,0.0960264908186178,0.0960264908186178,0.0028678168906834,0.3114848413876821,0.0028678168906834,0.3114848413876821,0.0787288327798466,161.3364046587332,0,0,Peta Murgatroyd,29,Media,0
16,4,Sean Lowe,percent,10.0,10.0,0.0892857142857142,0.0892857142857142,0.1132876968693935,0.1132876968693935,0.0080309693331819,0.3489616676782321,0.0080309693331819,0.3489616676782321,0.0869721169247577,132.202576102332,0,0,Peta Murgatroyd,29,Media,0
16,5,Sean Lowe,percent,9.0,9.0,0.1148325358851674,0.1148325358851674,0.1198689316334941,0.1198689316334941,0.0047571845363631,0.3879168776863194,0.0047571845363631,0.3879168776863194,0.0977448196811113,104.66765650203769,0,0,Peta Murgatroyd,29,Media,0
16,6,Sean Lowe,percent,8.0,8.0,0.1220159151193634,0.1220159151193634,0.1423089746730025,0.1423089746730025,0.0069422646043447,0.4475102612761047,0.0069422646043447,0.4475102612761047,0.1123897950693265,79.167374331034,0,0,Peta Murgatroyd,29,Media,0
16,7,Sean Lowe,percent,7.0,7.0,0.1304347826086956,0.1304347826086956,0.1655471605270046,0.1655471605270046,0.0069207073300482,0.4864445003859373,0.0069207073300482,0.4864445003859373,0.1223274982285431,66.82697646214359,0,0,Peta Murgatroyd,29,Media,0
16,8,Sean Lowe,percent,6.0,6.0,0.135048231511254,0.135048231511254,0.0390188501787291,0.0390188501787291,0.0014891625543457,0.108715174791321,0.0014891625543457,0.108715174791321,0.0273535745502488,1336.508805770701,0,0,Peta Murgatroyd,29,Media,0
16,9,Sean Lowe,,,12.0,,,,,,,,,,,1,1,Peta Murgatroyd,29,Media,1
16,10,Sean Lowe,,,12.0,,,,,,,,,,,1,1,Peta Murgatroyd,29,Media,1
16,1,Victor Ortiz,percent,12.0,12.0,0.0786026200873362,0.0786026200873362,0.0815633959251094,0.0815633959251094,0.0022696661396792,0.2807455998054632,0.0022696661396792,0.2807455998054632,0.0710397789963734,198.15124100121156,0,0,Lindsay Arnold,26,Sports,0
16,2,Victor Ortiz,percent,12.0,12.0,0.0737704918032786,0.0737704918032786,0.0842247733616655,0.0842247733616655,0.0024365427153698,0.2841710194052066,0.0024365427153698,0.2841710194052066,0.0718710399718971,193.59411077927803,0,0,Lindsay Arnold,26,Sports,0
16,3,Victor Ortiz,percent,11.0,11.0,0.0978725070170332,0.0978725070170332,0.0966161680515972,0.0966161680515972,0.0034861774841869,0.3088724282488364,0.0034861774841869,0.3088724282488364,0.0779046558073085,164.7681151723964,0,0,Lindsay Arnold,26,Sports,0
16,4,Victor Ortiz,percent,10.0,10.0,0.0803571428571428,0.0803571428571428,0.1176576248435657,0.1176576248435657,0.0126354395203311,0.3492408857560636,0.0126354395203311,0.3492408857560636,0.0858687362846256,135.62191019105651,0,0,Lindsay Arnold,26,Sports,0
16,5,Victor Ortiz,percent,9.0,9.0,0.1004784688995215,0.1004784688995215,0.12569268633846,0.12569268633846,0.0065197186449505,0.3838119976485074,0.0065197186449505,0.3838119976485074,0.0962480303580502,107.94842207522537,0,0,Lindsay Arnold,26,Sports,0
16,6,Victor Ortiz,percent,8.0,8.0,0.1061007957559681,0.1061007957559681,0.0221732834693748,0.0221732834693748,0.000781073530114,0.0642825709454073,0.000781073530114,0.0642825709454073,0.016199361585534,3810.6950970127546,0,0,Lindsay Arnold,26,Sports,0
16,7,Victor Ortiz,,,12.0,,,,,,,,,,,1,1,Lindsay Arnold,26,Sports,1
16,8,Victor Ortiz,,,12.0,,,,,,,,,,,1,1,Lindsay Arnold,26,Sports,1
16,9,Victor Ortiz,,,12.0,,,,,,,,,,,1,1,Lindsay Arnold,26,Sports,1
16,10,Victor Ortiz,,,12.0,,,,,,,,,,,1,1,Lindsay Arnold,26,Sports,1
16,1,Wynonna Judd,percent,12.0,12.0,0.0786026200873362,0.0786026200873362,0.0843005869525777,0.0843005869525777,0.0023105334127627,0.293371177195249,0.0023105334127627,0.293371177195249,0.0742501642302261,181.386584372095,0,0,Tony Dovolani,48,Music,0
16,2,Wynonna Judd,percent,12.0,12.0,0.0737704918032786,0.0737704918032786,0.0827914871918401,0.0827914871918401,0.0022637454820338,0.2765373092862085,0.0022637454820338,0.2765373092862085,0.0699677458684119,204.26983345805385,0,0,Tony Dovolani,48,Music,0
16,3,Wynonna Judd,percent,11.0,11.0,0.0638298958806738,0.0638298958806738,0.0178593782223297,0.0178593782223297,0.0007355093750406,0.0473165011086625,0.0007355093750406,0.0473165011086625,0.0118829060544953,7081.979621487933,0,0,Tony Dovolani,48,Music,0
16,4,Wynonna Judd,,,12.0,,,,,,,,,,,1,1,Tony Dovolani,48,Music,1
16,5,Wynonna Judd,,,12.0,,,,,,,,,,,1,1,Tony Dovolani,48,Music,1
16,6,Wynonna Judd,,,12.0,,,,,,,,,,,1,1,Tony Dovolani,48,Music,1
16,7,Wynonna Judd,,,12.0,,,,,,,,,,,1,1,Tony Dovolani,48,Music,1
16,8,Wynonna Judd,,,12.0,,,,,,,,,,,1,1,Tony Dovolani,48,Music,1
16,9,Wynonna Judd,,,12.0,,,,,,,,,,,1,1,Tony Dovolani,48,Music,1
16,10,Wynonna Judd,,,12.0,,,,,,,,,,,1,1,Tony Dovolani,48,Music,1
16,1,Zendaya,percent,12.0,12.0,0.1048034934497816,0.1048034934497816,0.0849243299896389,0.0849243299896389,0.0022046203744508,0.2853913628924464,0.0022046203744508,0.2853913628924464,0.0722415159484682,191.6135858547393,0,0,Valentin Chmerkovskiy,16,Entertainment,0
16,2,Zendaya,percent,12.0,12.0,0.1065573770491803,0.1065573770491803,0.0824034927876047,0.0824034927876047,0.0022488168641639,0.2787544457348254,0.0022488168641639,0.2787544457348254,0.0705371502221075,200.98524731048428,0,0,Valentin Chmerkovskiy,16,Entertainment,0
16,3,Zendaya,percent,11.0,11.0,0.1106376351278895,0.1106376351278895,0.0945982542161684,0.0945982542161684,0.0029837995199939,0.3083706569865611,0.0029837995199939,0.3083706569865611,0.0779048105782059,164.76746049437267,0,0,Valentin Chmerkovskiy,16,Entertainment,0
16,4,Zendaya,percent,10.0,10.0,0.1160714285714285,0.1160714285714285,0.1058693191380048,0.1058693191380048,0.0032930857997706,0.3418273123953838,0.0032930857997706,0.3418273123953838,0.0863607720907176,134.08091567148438,0,0,Valentin Chmerkovskiy,16,Entertainment,0
16,5,Zendaya,percent,9.0,9.0,0.138755980861244,0.138755980861244,0.1149149091366382,0.1149149091366382,0.0039963891036965,0.3724995066611428,0.0039963891036965,0.3724995066611428,0.0940058973360832,113.15918250013864,0,0,Valentin Chmerkovskiy,16,Entertainment,0
16,6,Zendaya,percent,8.0,8.0,0.1352785145888594,0.1352785145888594,0.1348958424260753,0.1348958424260753,0.0063385322940136,0.4345784469974623,0.0063385322940136,0.4345784469974623,0.1092448761998593,83.7910912153564,0,0,Valentin Chmerkovskiy,16,Entertainment,0
16,7,Zendaya,percent,7.0,7.0,0.1630434782608695,0.1630434782608695,0.1550364232604103,0.1550364232604103,0.0064085780834817,0.4785852261158762,0.0064085780834817,0.4785852261158762,0.1204532265388761,68.92283364599868,0,0,Valentin Chmerkovskiy,16,Entertainment,0
16,8,Zendaya,percent,6.0,6.0,0.1864951768488746,0.1864951768488746,0.1904681921647785,0.1904681921647785,0.0091265003778058,0.567965727459182,0.0091265003778058,0.567965727459182,0.1425610273166775,49.20376860167827,0,0,Valentin Chmerkovskiy,16,Entertainment,0
16,9,Zendaya,percent,5.0,5.0,0.1950354609929078,0.1950354609929078,0.2480401534781718,0.2480401534781718,0.0258353780459633,0.657966074803646,0.0258353780459633,0.657966074803646,0.1612578308055313,38.45549208069785,0,0,Valentin Chmerkovskiy,16,Entertainment,0
16,10,Zendaya,percent,4.0,4.0,0.256410475564509,0.256410475564509,0.2973754948619709,0.2973754948619709,0.0431102408070886,0.7180785389253643,0.0431102408070886,0.7180785389253643,0.1721857903362948,33.729148950813354,0,0,Valentin Chmerkovskiy,16,Entertainment,0
17,1,Amber Riley,percent,12.0,12.0,0.10546875,0.10546875,0.0843463228660859,0.0843463228660859,0.0020675283516771,0.2816587590361169,0.0020675283516771,0.2816587590361169,0.0713242935419489,196.5735326782589,0,0,Derek Hough,27,Entertainment,0
17,2,Amber Riley,percent,12.0,12.0,0.0902255639097744,0.0902255639097744,0.0882285024596958,0.0882285024596958,0.0029814558115035,0.3094880966312623,0.0029814558115035,0.3094880966312623,0.0781904695968772,163.56574539856223,0,0,Derek Hough,27,Entertainment,0
17,3,Amber Riley,percent,11.0,11.0,0.0941176470588235,0.0941176470588235,0.0967755133936637,0.0967755133936637,0.0034163757948571,0.324698148753047,0.0034163757948571,0.324698148753047,0.0819596359587219,148.86752174341342,0,0,Derek Hough,27,Entertainment,0
17,4,Amber Riley,percent,10.0,10.0,0.1139240506329113,0.1139240506329113,0.1073057268475541,0.1073057268475541,0.0032095644219733,0.3485550951599633,0.0032095644219733,0.3485550951599633,0.0880983496780586,128.84407562297096,0,0,Derek Hough,27,Entertainment,0
17,5,Amber Riley,percent,9.0,9.0,0.1106382978723404,0.1106382978723404,0.1232052909383745,0.1232052909383745,0.0209068225188129,0.3517251147178398,0.0209068225188129,0.3517251147178398,0.0843924214793436,140.4084041784685,0,0,Derek Hough,27,Entertainment,0
17,6,Amber Riley,percent,8.0,8.0,0.138528185378997,0.138528185378997,0.1237178454746946,0.1237178454746946,0.003560147139792,0.3948556132711951,0.003560147139792,0.3948556132711951,0.0998202719722967,100.36042744779498,0,0,Derek Hough,27,Entertainment,0
17,7,Amber Riley,percent,8.0,8.0,0.1331828442437923,0.1331828442437923,0.1288544808848305,0.1288544808848305,0.0054279524668308,0.3960331720655976,0.0054279524668308,0.3960331720655976,0.0996441886731548,100.71543880371088,0,0,Derek Hough,27,Entertainment,0
17,8,Amber Riley,percent,7.0,7.0,0.1458333333333333,0.1458333333333333,0.156995711331365,0.156995711331365,0.0121952218077399,0.4568985450441637,0.0121952218077399,0.4568985450441637,0.1134447253154142,77.70185450729927,0,0,Derek Hough,27,Entertainment,0
17,9,Amber Riley,percent,6.0,6.0,0.1619047619047619,0.1619047619047619,0.1966149419601604,0.1966149419601604,0.0349714894343985,0.5075124107283397,0.0349714894343985,0.5075124107283397,0.1205461533913115,68.81661186875972,0,0,Derek Hough,27,Entertainment,0
17,10,Amber Riley,percent,5.0,5.0,0.2257142857142857,0.2257142857142857,0.221665244884007,0.221665244884007,0.0127714794500568,0.6145448357101849,0.0127714794500568,0.6145448357101849,0.153513611290849,42.43324291087462,0,0,Derek Hough,27,Entertainment,0
17,11,Amber Riley,percent,4.0,4.0,0.273653835740624,0.273653835740624,0.2961939935716564,0.2961939935716564,0.021665844577232,0.7368688743437707,0.021665844577232,0.7368688743437707,0.1824497524914639,30.040934813411127,0,0,Derek Hough,27,Entertainment,0
17,1,Bill Engvall,percent,12.0,12.0,0.0703125,0.0703125,0.0827842429569196,0.0827842429569196,0.0021520607403906,0.2869157492182088,0.0021520607403906,0.2869157492182088,0.072643798081076,189.4972512982992,0,0,Emma Slater,56,Entertainment,0
17,2,Bill Engvall,percent,12.0,12.0,0.0789473684210526,0.0789473684210526,0.0904746006863123,0.0904746006863123,0.0042697016928671,0.2905283787909183,0.0042697016928671,0.2905283787909183,0.0730251727290947,187.5231174239766,0,0,Emma Slater,56,Entertainment,0
17,3,Bill Engvall,percent,11.0,11.0,0.0941176470588235,0.0941176470588235,0.0947628511075581,0.0947628511075581,0.003250326295943,0.3161973019811516,0.003250326295943,0.3161973019811516,0.079833412164594,156.90277197124095,0,0,Emma Slater,56,Entertainment,0
17,4,Bill Engvall,percent,10.0,10.0,0.0886075949367088,0.0886075949367088,0.1131450810787954,0.1131450810787954,0.0049908123055215,0.3859157206843723,0.0049908123055215,0.3859157206843723,0.097174721525217,105.8993734229514,0,0,Emma Slater,56,Entertainment,0
17,5,Bill Engvall,percent,9.0,9.0,0.102127659574468,0.102127659574468,0.1354386130785032,0.1354386130785032,0.0285811656061612,0.3752636134928624,0.0285811656061612,0.3752636134928624,0.0884393999710972,127.85226468710285,0,0,Emma Slater,56,Entertainment,0
17,6,Bill Engvall,percent,8.0,8.0,0.1038960308087647,0.1038960308087647,0.1246299395270307,0.1246299395270307,0.003437850554828,0.4021261586344983,0.003437850554828,0.4021261586344983,0.1017062010407322,96.6729863170587,0,0,Emma Slater,56,Entertainment,0
17,7,Bill Engvall,percent,8.0,8.0,0.1128668171557562,0.1128668171557562,0.15355210836043,0.15355210836043,0.0228176719917669,0.4554544581944066,0.0228176719917669,0.4554544581944066,0.1103665270925101,82.09661418522083,0,0,Emma Slater,56,Entertainment,0
17,8,Bill Engvall,percent,7.0,7.0,0.125,0.125,0.1783757106648558,0.1783757106648558,0.028951766092484,0.4884194575585481,0.028951766092484,0.4884194575585481,0.1172111457821592,72.78840071434693,0,0,Emma Slater,56,Entertainment,0
17,9,Bill Engvall,percent,6.0,6.0,0.1333333333333333,0.1333333333333333,0.2216269239194483,0.2216269239194483,0.0633463349568086,0.5652456901940192,0.0633463349568086,0.5652456901940192,0.1280355498054108,61.00126743233696,0,0,Emma Slater,56,Entertainment,0
17,10,Bill Engvall,percent,5.0,5.0,0.1714285714285714,0.1714285714285714,0.270724636436621,0.270724636436621,0.0522184133766023,0.6711651547576687,0.0522184133766023,0.6711651547576687,0.1578945768829251,40.11119238234696,0,0,Emma Slater,56,Entertainment,0
17,11,Bill Engvall,percent,4.0,4.0,0.2227077172456799,0.2227077172456799,0.0716090157538929,0.0716090157538929,0.0026776784528976,0.2014142809589946,0.0026776784528976,0.2014142809589946,0.0506981128842084,389.05984718633465,0,0,Emma Slater,56,Entertainment,0
17,1,Bill Nye,percent,12.0,12.0,0.0546875,0.0546875,0.0836129373868758,0.0836129373868758,0.0021950153699732,0.2858336217197702,0.0021950153699732,0.2858336217197702,0.0723567873341319,191.00355407886235,0,0,Tyne Stecklein,57,Media,0
17,2,Bill Nye,percent,12.0,12.0,0.0639097744360902,0.0639097744360902,0.1046086415524571,0.1046086415524571,0.0132651673455698,0.3166841609949272,0.0132651673455698,0.3166841609949272,0.077402804502387,166.9116332780068,0,0,Tyne Stecklein,57,Media,0
17,3,Bill Nye,percent,11.0,11.0,0.0627450980392156,0.0627450980392156,0.019007620191784,0.019007620191784,0.0007774849661037,0.0481495609686944,0.0007774849661037,0.0481495609686944,0.012084713265967,6847.425239129395,0,0,Tyne Stecklein,57,Media,0
17,4,Bill Nye,,,12.0,,,,,,,,,,,1,1,Tyne Stecklein,57,Media,1
17,5,Bill Nye,,,12.0,,,,,,,,,,,1,1,Tyne Stecklein,57,Media,1
17,6,Bill Nye,,,12.0,,,,,,,,,,,1,1,Tyne Stecklein,57,Media,1
17,7,Bill Nye,,,12.0,,,,,,,,,,,1,1,Tyne Stecklein,57,Media,1
17,8,Bill Nye,,,12.0,,,,,,,,,,,1,1,Tyne Stecklein,57,Media,1
17,9,Bill Nye,,,12.0,,,,,,,,,,,1,1,Tyne Stecklein,57,Media,1
17,10,Bill Nye,,,12.0,,,,,,,,,,,1,1,Tyne Stecklein,57,Media,1
17,11,Bill Nye,,,12.0,,,,,,,,,,,1,1,Tyne Stecklein,57,Media,1
17,1,Brant Daugherty,percent,12.0,12.0,0.0859375,0.0859375,0.0831269471712738,0.0831269471712738,0.0020427311038552,0.2822385707105637,0.0020427311038552,0.2822385707105637,0.0714785305119154,195.7261119312268,0,0,Peta Murgatroyd,28,Entertainment,0
17,2,Brant Daugherty,percent,12.0,12.0,0.0864661654135338,0.0864661654135338,0.0883660714881065,0.0883660714881065,0.003200853388892,0.2981175196453703,0.003200853388892,0.2981175196453703,0.075233843432775,176.67434995360628,0,0,Peta Murgatroyd,28,Entertainment,0
17,3,Brant Daugherty,percent,11.0,11.0,0.1058823529411764,0.1058823529411764,0.0963517258003287,0.0963517258003287,0.003393521598458,0.3251570053861815,0.003393521598458,0.3251570053861815,0.0820825213744192,148.42211745236705,0,0,Peta Murgatroyd,28,Entertainment,0
17,4,Brant Daugherty,percent,10.0,10.0,0.0886075949367088,0.0886075949367088,0.1159908538558836,0.1159908538558836,0.0068438903940718,0.3695538687760631,0.0068438903940718,0.3695538687760631,0.0925280557096916,116.80276592325704,0,0,Peta Murgatroyd,28,Entertainment,0
17,5,Brant Daugherty,percent,9.0,9.0,0.1148936170212766,0.1148936170212766,0.1217448596072939,0.1217448596072939,0.0128222891711725,0.3473900130708152,0.0128222891711725,0.3473900130708152,0.0853489091580721,137.2789821442686,0,0,Peta Murgatroyd,28,Entertainment,0
17,6,Brant Daugherty,percent,8.0,8.0,0.13419959895965,0.13419959895965,0.1240729395158928,0.1240729395158928,0.0035211534761522,0.4042474755162508,0.0035211534761522,0.4042474755162508,0.1022261025612496,95.69216783592448,0,0,Peta Murgatroyd,28,Entertainment,0
17,7,Brant Daugherty,percent,8.0,8.0,0.128668171557562,0.128668171557562,0.1410281843605499,0.1410281843605499,0.0086529752484912,0.4171662585294106,0.0086529752484912,0.4171662585294106,0.1042125722655406,92.07882499206752,0,0,Peta Murgatroyd,28,Entertainment,0
17,8,Brant Daugherty,percent,7.0,7.0,0.140625,0.140625,0.0223402753541479,0.0223402753541479,0.0008139560698835,0.0696106717296724,0.0008139560698835,0.0696106717296724,0.0175501825662726,3246.659345464405,0,0,Peta Murgatroyd,28,Entertainment,0
17,9,Brant Daugherty,,,12.0,,,,,,,,,,,1,1,Peta Murgatroyd,28,Entertainment,1
17,10,Brant Daugherty,,,12.0,,,,,,,,,,,1,1,Peta Murgatroyd,28,Entertainment,1
17,11,Brant Daugherty,,,12.0,,,,,,,,,,,1,1,Peta Murgatroyd,28,Entertainment,1
17,1,Christina Milian,percent,12.0,12.0,0.0859375,0.0859375,0.0830403071759723,0.0830403071759723,0.0019637689477221,0.2829104424281092,0.0019637689477221,0.2829104424281092,0.0716700697654048,194.6813483850854,0,0,Mark Ballas,31,Music,0
17,2,Christina Milian,percent,12.0,12.0,0.093984962406015,0.093984962406015,0.0869830868024687,0.0869830868024687,0.0031035982852356,0.2932855723415106,0.0031035982852356,0.2932855723415106,0.074026013789866,182.48672300233483,0,0,Mark Ballas,31,Music,0
17,3,Christina Milian,percent,11.0,11.0,0.1019607843137254,0.1019607843137254,0.0956904004269159,0.0956904004269159,0.0032890575579217,0.3283489042178735,0.0032890575579217,0.3283489042178735,0.0829234302703958,145.42714618042544,0,0,Mark Ballas,31,Music,0
17,4,Christina Milian,percent,10.0,10.0,0.1012658227848101,0.1012658227848101,0.107986359435728,0.107986359435728,0.0041385299502687,0.349518937049652,0.0041385299502687,0.349518937049652,0.0881072467090263,128.81805570075804,0,0,Mark Ballas,31,Music,0
17,5,Christina Milian,percent,9.0,9.0,0.1191489361702127,0.1191489361702127,0.0112644151759679,0.0112644151759679,0.0002132462561869,0.0356517358422999,0.0002132462561869,0.0356517358422999,0.0090404310168655,12235.500150581564,0,0,Mark Ballas,31,Music,0
17,6,Christina Milian,,,12.0,,,,,,,,,,,1,1,Mark Ballas,31,Music,1
17,7,Christina Milian,,,12.0,,,,,,,,,,,1,1,Mark Ballas,31,Music,1
17,8,Christina Milian,,,12.0,,,,,,,,,,,1,1,Mark Ballas,31,Music,1
17,9,Christina Milian,,,12.0,,,,,,,,,,,1,1,Mark Ballas,31,Music,1
17,10,Christina Milian,,,12.0,,,,,,,,,,,1,1,Mark Ballas,31,Music,1
17,11,Christina Milian,,,12.0,,,,,,,,,,,1,1,Mark Ballas,31,Music,1
17,1,Corbin Bleu,percent,12.0,12.0,0.09375,0.09375,0.0829888469177446,0.0829888469177446,0.0021021198462652,0.2864163193061956,0.0021021198462652,0.2864163193061956,0.0725291325152883,190.096899603934,0,0,Karina Smirnoff,24,Entertainment,0
17,2,Corbin Bleu,percent,12.0,12.0,0.0977443609022556,0.0977443609022556,0.0843901060065223,0.0843901060065223,0.0023765774686492,0.2818456885997357,0.0023765774686492,0.2818456885997357,0.0712931405946649,196.7453635954388,0,0,Karina Smirnoff,24,Entertainment,0
17,3,Corbin Bleu,percent,11.0,11.0,0.1019607843137254,0.1019607843137254,0.0959759801450725,0.0959759801450725,0.0027494492165683,0.3234150606868165,0.0027494492165683,0.3234150606868165,0.0818024519056755,149.44017161262516,0,0,Karina Smirnoff,24,Entertainment,0
17,4,Corbin Bleu,percent,10.0,10.0,0.1139240506329113,0.1139240506329113,0.108334719042959,0.108334719042959,0.0036808453180993,0.3513959962775113,0.0036808453180993,0.3513959962775113,0.088702844632503,127.09395801759206,0,0,Karina Smirnoff,24,Entertainment,0
17,5,Corbin Bleu,percent,9.0,9.0,0.1191489361702127,0.1191489361702127,0.1127372949636188,0.1127372949636188,0.0108265866188267,0.3472286817314321,0.0108265866188267,0.3472286817314321,0.0858168609981136,135.78592345797685,0,0,Karina Smirnoff,24,Entertainment,0
17,6,Corbin Bleu,percent,8.0,8.0,0.1168830887726018,0.1168830887726018,0.1254249947293626,0.1254249947293626,0.0034273819040649,0.4087246764392515,0.0034273819040649,0.4087246764392515,0.1033921669732618,93.54589287618109,0,0,Karina Smirnoff,24,Entertainment,0
17,7,Corbin Bleu,percent,8.0,8.0,0.1331828442437923,0.1331828442437923,0.1316022397163062,0.1316022397163062,0.0068078731421074,0.4047275128918468,0.0068078731421074,0.4047275128918468,0.1015101121810559,97.04683685348046,0,0,Karina Smirnoff,24,Entertainment,0
17,8,Corbin Bleu,percent,7.0,7.0,0.15625,0.15625,0.155072907005381,0.155072907005381,0.0095744836663147,0.4725915415742825,0.0095744836663147,0.4725915415742825,0.1181165964050938,71.67672471597326,0,0,Karina Smirnoff,24,Entertainment,0
17,9,Corbin Bleu,percent,6.0,6.0,0.1841269841269841,0.1841269841269841,0.1780980477470658,0.1780980477470658,0.0142029296113778,0.493193728206648,0.0142029296113778,0.493193728206648,0.1221915302538954,66.9757819317928,0,0,Karina Smirnoff,24,Entertainment,0
17,10,Corbin Bleu,percent,5.0,5.0,0.2142857142857142,0.2142857142857142,0.2255667289408272,0.2255667289408272,0.0155158087867678,0.6186688641197154,0.0155158087867678,0.6186688641197154,0.1538655753400376,42.23933476409123,0,0,Karina Smirnoff,24,Entertainment,0
17,11,Corbin Bleu,percent,4.0,4.0,0.2590965542177513,0.2590965542177513,0.3087879454052782,0.3087879454052782,0.0279903378790233,0.7552138125094356,0.0279903378790233,0.7552138125094356,0.1855161925077582,29.056035354659823,0,0,Karina Smirnoff,24,Entertainment,0
17,1,Elizabeth Berkley Lauren,percent,12.0,12.0,0.09375,0.09375,0.08271147444144,0.08271147444144,0.0021200300375731,0.2778566132322101,0.0021200300375731,0.2778566132322101,0.0703409651006727,202.10793028297067,0,0,Valentin Chmerkovskiy,39,Entertainment,0
17,2,Elizabeth Berkley Lauren,percent,12.0,12.0,0.093984962406015,0.093984962406015,0.0845999224512897,0.0845999224512897,0.0031605640051433,0.3043138132736247,0.0031605640051433,0.3043138132736247,0.0768248084868575,169.43262033414078,0,0,Valentin Chmerkovskiy,39,Entertainment,0
17,3,Elizabeth Berkley Lauren,percent,11.0,11.0,0.0980392156862745,0.0980392156862745,0.0974616451546225,0.0974616451546225,0.0033099503555714,0.3306129966449522,0.0033099503555714,0.3306129966449522,0.0834956750738216,143.4405821786472,0,0,Valentin Chmerkovskiy,39,Entertainment,0
17,4,Elizabeth Berkley Lauren,percent,10.0,10.0,0.1139240506329113,0.1139240506329113,0.1076670896002167,0.1076670896002167,0.0036674864156443,0.3571576702099727,0.0036674864156443,0.3571576702099727,0.0901760672944715,122.97516604304656,0,0,Valentin Chmerkovskiy,39,Entertainment,0
17,5,Elizabeth Berkley Lauren,percent,9.0,9.0,0.1106382978723404,0.1106382978723404,0.1197548522266483,0.1197548522266483,0.0201577980402582,0.3412087619229704,0.0201577980402582,0.3412087619229704,0.0819007560925286,149.0816455425506,0,0,Valentin Chmerkovskiy,39,Entertainment,0
17,6,Elizabeth Berkley Lauren,percent,8.0,8.0,0.1385277524770648,0.1385277524770648,0.1260208782937787,0.1260208782937787,0.0039175293583755,0.4136139294651775,0.0039175293583755,0.4136139294651775,0.1045143877823474,91.54778440083454,0,0,Valentin Chmerkovskiy,39,Entertainment,0
17,7,Elizabeth Berkley Lauren,percent,8.0,8.0,0.1218961625282167,0.1218961625282167,0.1436064939367201,0.1436064939367201,0.0146203550281633,0.4342583521580375,0.0146203550281633,0.4342583521580375,0.1070505094719066,87.26146963033453,0,0,Valentin Chmerkovskiy,39,Entertainment,0
17,8,Elizabeth Berkley Lauren,percent,7.0,7.0,0.1302083333333333,0.1302083333333333,0.172785200171472,0.172785200171472,0.0322173293260926,0.4732373232862864,0.0322173293260926,0.4732373232862864,0.1125051005000494,79.00518167780623,0,0,Valentin Chmerkovskiy,39,Entertainment,0
17,9,Elizabeth Berkley Lauren,percent,6.0,6.0,0.1777777777777777,0.1777777777777777,0.0268537472334442,0.0268537472334442,0.0006021613021228,0.0846783671699785,0.0006021613021228,0.0846783671699785,0.0214480117009835,2173.83173307193,0,0,Valentin Chmerkovskiy,39,Entertainment,0
17,10,Elizabeth Berkley Lauren,,,12.0,,,,,,,,,,,1,1,Valentin Chmerkovskiy,39,Entertainment,1
17,11,Elizabeth Berkley Lauren,,,12.0,,,,,,,,,,,1,1,Valentin Chmerkovskiy,39,Entertainment,1
17,1,Jack Osbourne,percent,12.0,12.0,0.08984375,0.08984375,0.08260254958292,0.08260254958292,0.002413890361801,0.2811096506881803,0.002413890361801,0.2811096506881803,0.0710958572261171,197.8387730499271,0,0,Cheryl Burke,27,Media,0
17,2,Jack Osbourne,percent,12.0,12.0,0.0902255639097744,0.0902255639097744,0.0862250458442182,0.0862250458442182,0.0025454628734251,0.2848968736213974,0.0025454628734251,0.2848968736213974,0.0720284211091766,192.74903394146816,0,0,Cheryl Burke,27,Media,0
17,3,Jack Osbourne,percent,11.0,11.0,0.0862745098039215,0.0862745098039215,0.099774862397077,0.099774862397077,0.0038716545717517,0.3385124804258725,0.0038716545717517,0.3385124804258725,0.0853675576158471,137.21901178189273,0,0,Cheryl Burke,27,Media,0
17,4,Jack Osbourne,percent,10.0,10.0,0.1012658227848101,0.1012658227848101,0.1066711998016152,0.1066711998016152,0.0048503533558979,0.3574852234168961,0.0048503533558979,0.3574852234168961,0.0899578750155607,123.5724405436097,0,0,Cheryl Burke,27,Media,0
17,5,Jack Osbourne,percent,9.0,9.0,0.1148936170212766,0.1148936170212766,0.1201234158718881,0.1201234158718881,0.0141651813433734,0.3521958862262316,0.0141651813433734,0.3521958862262316,0.0862323226741985,134.48066003714612,0,0,Cheryl Burke,27,Media,0
17,6,Jack Osbourne,percent,8.0,8.0,0.1168826558706696,0.1168826558706696,0.1253959842636573,0.1253959842636573,0.0038848841412494,0.4077497165199514,0.0038848841412494,0.4077497165199514,0.1030267429537505,94.21066278762932,0,0,Cheryl Burke,27,Media,0
17,7,Jack Osbourne,percent,8.0,8.0,0.128668171557562,0.128668171557562,0.1408162020531408,0.1408162020531408,0.0092929795699762,0.4294252551410853,0.0092929795699762,0.4294252551410853,0.1071766009109972,87.0562671549211,0,0,Cheryl Burke,27,Media,0
17,8,Jack Osbourne,percent,7.0,7.0,0.15625,0.15625,0.1500621912825357,0.1500621912825357,0.009521289041454,0.4601485603729801,0.009521289041454,0.4601485603729801,0.1149559365641648,75.67234489858687,0,0,Cheryl Burke,27,Media,0
17,9,Jack Osbourne,percent,6.0,6.0,0.1714285714285714,0.1714285714285714,0.1894015233781207,0.1894015233781207,0.0267677689981116,0.5207487224266417,0.0267677689981116,0.5207487224266417,0.1260155493440128,62.97261468231171,0,0,Cheryl Burke,27,Media,0
17,10,Jack Osbourne,percent,5.0,5.0,0.2028571428571428,0.2028571428571428,0.235927693816063,0.235927693816063,0.0193016176258837,0.6264596762406631,0.0193016176258837,0.6264596762406631,0.154887259850709,41.68392508985483,0,0,Cheryl Burke,27,Media,0
17,11,Jack Osbourne,percent,4.0,4.0,0.2445418927959448,0.2445418927959448,0.3234090452691703,0.3234090452691703,0.0382418788547949,0.7618679655129525,0.0382418788547949,0.7618679655129525,0.1845984914944279,29.34564804420294,0,0,Cheryl Burke,27,Media,0
17,1,Keyshawn Johnson,percent,12.0,12.0,0.06640625,0.06640625,0.0857311460049086,0.0857311460049086,0.0025745233947234,0.2872428141512551,0.0025745233947234,0.2872428141512551,0.0726194619276866,189.62428079631232,0,0,Sharna Burgess,41,Sports,0
17,2,Keyshawn Johnson,percent,12.0,12.0,0.0676691729323308,0.0676691729323308,0.0128980780127516,0.0128980780127516,0.0004909040832281,0.0342602176947565,0.0004909040832281,0.0342602176947565,0.0086146208192674,13474.965668344832,0,0,Sharna Burgess,41,Sports,0
17,3,Keyshawn Johnson,,,12.0,,,,,,,,,,,1,1,Sharna Burgess,41,Sports,1
17,4,Keyshawn Johnson,,,12.0,,,,,,,,,,,1,1,Sharna Burgess,41,Sports,1
17,5,Keyshawn Johnson,,,12.0,,,,,,,,,,,1,1,Sharna Burgess,41,Sports,1
17,6,Keyshawn Johnson,,,12.0,,,,,,,,,,,1,1,Sharna Burgess,41,Sports,1
17,7,Keyshawn Johnson,,,12.0,,,,,,,,,,,1,1,Sharna Burgess,41,Sports,1
17,8,Keyshawn Johnson,,,12.0,,,,,,,,,,,1,1,Sharna Burgess,41,Sports,1
17,9,Keyshawn Johnson,,,12.0,,,,,,,,,,,1,1,Sharna Burgess,41,Sports,1
17,10,Keyshawn Johnson,,,12.0,,,,,,,,,,,1,1,Sharna Burgess,41,Sports,1
17,11,Keyshawn Johnson,,,12.0,,,,,,,,,,,1,1,Sharna Burgess,41,Sports,1
17,1,Leah Remini,percent,12.0,12.0,0.08203125,0.08203125,0.0830385067664949,0.0830385067664949,0.0025214865491334,0.282210804716446,0.0025214865491334,0.282210804716446,0.0713493158590083,196.43567956225877,0,0,Tony Dovolani,43,Entertainment,0
17,2,Leah Remini,percent,12.0,12.0,0.0902255639097744,0.0902255639097744,0.086560422848462,0.086560422848462,0.0033607379871862,0.3001928776898266,0.0033607379871862,0.3001928776898266,0.0757224846180205,174.40152921869316,0,0,Tony Dovolani,43,Entertainment,0
17,3,Leah Remini,percent,11.0,11.0,0.0941176470588235,0.0941176470588235,0.0972982038592242,0.0972982038592242,0.0039205394267212,0.3259943875570998,0.0039205394267212,0.3259943875570998,0.0821616959516271,148.13620328640022,0,0,Tony Dovolani,43,Entertainment,0
17,4,Leah Remini,percent,10.0,10.0,0.1012658227848101,0.1012658227848101,0.1078944067085726,0.1078944067085726,0.0051107193833825,0.3503648245103081,0.0051107193833825,0.3503648245103081,0.0880750268180932,128.9123222148927,0,0,Tony Dovolani,43,Entertainment,0
17,5,Leah Remini,percent,9.0,9.0,0.0936170212765957,0.0936170212765957,0.137197547631798,0.137197547631798,0.0366042743459807,0.3907417505966795,0.0366042743459807,0.3907417505966795,0.0903411929210966,122.52602888374308,0,0,Tony Dovolani,43,Entertainment,0
17,6,Leah Remini,percent,8.0,8.0,0.1212121080938808,0.1212121080938808,0.1234747391350272,0.1234747391350272,0.0032677488073957,0.4057722054482787,0.0032677488073957,0.4057722054482787,0.1026797083267558,94.84856121171744,0,0,Tony Dovolani,43,Entertainment,0
17,7,Leah Remini,percent,8.0,8.0,0.1196388261851015,0.1196388261851015,0.1443474009582246,0.1443474009582246,0.0164616366466621,0.4272303179371188,0.0164616366466621,0.4272303179371188,0.1047879289006267,91.07045083135633,0,0,Tony Dovolani,43,Entertainment,0
17,8,Leah Remini,percent,7.0,7.0,0.1458333333333333,0.1458333333333333,0.1643680041902414,0.1643680041902414,0.0148042689185561,0.4581332619031701,0.0148042689185561,0.4581332619031701,0.1130941308634219,78.18435636766625,0,0,Tony Dovolani,43,Entertainment,0
17,9,Leah Remini,percent,6.0,6.0,0.1714285714285714,0.1714285714285714,0.1874048157617598,0.1874048157617598,0.0261210672794934,0.4991982025171317,0.0261210672794934,0.4991982025171317,0.1206829426626628,68.6606985450386,0,0,Tony Dovolani,43,Entertainment,0
17,10,Leah Remini,percent,5.0,5.0,0.1857142857142857,0.1857142857142857,0.0461156959224815,0.0461156959224815,0.0018272926116974,0.1321473358507947,0.0018272926116974,0.1321473358507947,0.0332449089895656,904.7939818298486,0,0,Tony Dovolani,43,Entertainment,0
17,11,Leah Remini,,,12.0,,,,,,,,,,,1,1,Tony Dovolani,43,Entertainment,1
17,1,"Nicole ""Snooki"" Polizzi",percent,12.0,12.0,0.08984375,0.08984375,0.081294071127728,0.081294071127728,0.0022683582035389,0.2811017555659847,0.0022683582035389,0.2811017555659847,0.0711309687149096,197.64350790585524,0,0,Sasha Farber,25,Media,0
17,2,"Nicole ""Snooki"" Polizzi",percent,12.0,12.0,0.075187969924812,0.075187969924812,0.0911201041038464,0.0911201041038464,0.0050722843782148,0.2925178151468486,0.0050722843782148,0.2925178151468486,0.0733279415226106,185.97776013271044,0,0,Sasha Farber,25,Media,0
17,3,"Nicole ""Snooki"" Polizzi",percent,11.0,11.0,0.0980392156862745,0.0980392156862745,0.0937484945143015,0.0937484945143015,0.0027842084855698,0.3126456238307644,0.0027842084855698,0.3126456238307644,0.0790462794247945,160.04316579528682,0,0,Sasha Farber,25,Media,0
17,4,"Nicole ""Snooki"" Polizzi",percent,10.0,10.0,0.1012658227848101,0.1012658227848101,0.1065395756395826,0.1065395756395826,0.0042659273978556,0.3534905459505922,0.0042659273978556,0.3534905459505922,0.0890879128961062,125.99764582883724,0,0,Sasha Farber,25,Media,0
17,5,"Nicole ""Snooki"" Polizzi",percent,9.0,9.0,0.1148936170212766,0.1148936170212766,0.118533710505907,0.118533710505907,0.0153638540835209,0.3656736328333622,0.0153638540835209,0.3656736328333622,0.0893647394770003,125.21824504255288,0,0,Sasha Farber,25,Media,0
17,6,"Nicole ""Snooki"" Polizzi",percent,8.0,8.0,0.129870579638371,0.129870579638371,0.1272626790605554,0.1272626790605554,0.0034372252864452,0.4219026493525861,0.0034372252864452,0.4219026493525861,0.106751383690342,87.75118179231559,0,0,Sasha Farber,25,Media,0
17,7,"Nicole ""Snooki"" Polizzi",percent,8.0,8.0,0.1218961625282167,0.1218961625282167,0.0161928897297983,0.0161928897297983,0.0005326064380941,0.0526942096891336,0.0005326064380941,0.0526942096891336,0.0133065314415917,5647.682465682186,0,0,Sasha Farber,25,Media,0
17,8,"Nicole ""Snooki"" Polizzi",,,12.0,,,,,,,,,,,1,1,Sasha Farber,25,Media,1
17,9,"Nicole ""Snooki"" Polizzi",,,12.0,,,,,,,,,,,1,1,Sasha Farber,25,Media,1
17,10,"Nicole ""Snooki"" Polizzi",,,12.0,,,,,,,,,,,1,1,Sasha Farber,25,Media,1
17,11,"Nicole ""Snooki"" Polizzi",,,12.0,,,,,,,,,,,1,1,Sasha Farber,25,Media,1
17,1,Valerie Harper,percent,12.0,12.0,0.08203125,0.08203125,0.0847226476016376,0.0847226476016376,0.0025118564101686,0.2841971329887987,0.0025118564101686,0.2841971329887987,0.0718584889231199,193.6617443007497,0,0,Tristan MacManus,74,Entertainment,0
17,2,Valerie Harper,percent,12.0,12.0,0.0714285714285714,0.0714285714285714,0.0955454177438683,0.0955454177438683,0.0073122076950861,0.2948297463766011,0.0073122076950861,0.2948297463766011,0.0733463108881415,185.88461664355975,0,0,Tristan MacManus,74,Entertainment,0
17,3,Valerie Harper,percent,11.0,11.0,0.0627450980392156,0.0627450980392156,0.113152703009451,0.113152703009451,0.0134540730639047,0.3444521913593021,0.0134540730639047,0.3444521913593021,0.0844382954835197,140.25588224491844,0,0,Tristan MacManus,74,Entertainment,0
17,4,Valerie Harper,percent,10.0,10.0,0.0759493670886076,0.0759493670886076,0.0184649879890918,0.0184649879890918,0.0008908183293017,0.0495840394552715,0.0008908183293017,0.0495840394552715,0.0124217400831555,6480.897079463235,0,0,Tristan MacManus,74,Entertainment,0
17,5,Valerie Harper,,,12.0,,,,,,,,,,,1,1,Tristan MacManus,74,Entertainment,1
17,6,Valerie Harper,,,12.0,,,,,,,,,,,1,1,Tristan MacManus,74,Entertainment,1
17,7,Valerie Harper,,,12.0,,,,,,,,,,,1,1,Tristan MacManus,74,Entertainment,1
17,8,Valerie Harper,,,12.0,,,,,,,,,,,1,1,Tristan MacManus,74,Entertainment,1
17,9,Valerie Harper,,,12.0,,,,,,,,,,,1,1,Tristan MacManus,74,Entertainment,1
17,10,Valerie Harper,,,12.0,,,,,,,,,,,1,1,Tristan MacManus,74,Entertainment,1
17,11,Valerie Harper,,,12.0,,,,,,,,,,,1,1,Tristan MacManus,74,Entertainment,1
18,1,Amy Purdy,percent,12.0,12.0,0.0916030534351145,0.0916030534351145,0.0817020356544246,0.0817020356544246,0.0023423787248041,0.2797762302842154,0.0023423787248041,0.2797762302842154,0.0707739417243396,199.64260670511612,0,0,Derek Hough,34,Sports,0
18,2,Amy Purdy,percent,11.0,11.0,0.0983606557377049,0.0983606557377049,,,,,,,,,1,1,Derek Hough,34,Sports,1
18,3,Amy Purdy,percent,9.0,9.0,0.1157556270096463,0.1157556270096463,0.1111247230361301,0.1111247230361301,0.0035879673928174,0.3729252911663651,0.0035879673928174,0.3729252911663651,0.0942187050442723,112.64858429660654,0,0,Derek Hough,34,Sports,0
18,4,Amy Purdy,percent,9.0,9.0,0.1144781144781144,0.1144781144781144,0.1105921030117047,0.1105921030117047,0.0032960191313311,0.3703243673919297,0.0032960191313311,0.3703243673919297,0.0936296806787241,114.07038714881828,0,0,Derek Hough,34,Sports,0
18,5,Amy Purdy,percent,9.0,9.0,0.1149068322981366,0.1149068322981366,0.1193288168717612,0.1193288168717612,0.0065275149149641,0.3832402801087781,0.0065275149149641,0.3832402801087781,0.0961001952025035,108.28080114315873,0,0,Derek Hough,34,Sports,0
18,6,Amy Purdy,percent,8.0,8.0,0.1347517730496454,0.1347517730496454,0.1387116289322291,0.1387116289322291,0.0062761425035694,0.4366232404908289,0.0062761425035694,0.4366232404908289,0.1097824229559335,82.97253838180701,0,0,Derek Hough,34,Sports,0
18,7,Amy Purdy,percent,7.0,7.0,0.1482213438735178,0.1482213438735178,0.1606623891495409,0.1606623891495409,0.0079545073331455,0.4738127324529861,0.0079545073331455,0.4738127324529861,0.118841383959143,70.80510947188752,0,0,Derek Hough,34,Sports,0
18,8,Amy Purdy,percent,6.0,6.0,0.1769911504424778,0.1769911504424778,0.1794783350248196,0.1794783350248196,0.0149170774380589,0.5232613906733313,0.0149170774380589,0.5232613906733313,0.1296796717436919,59.46428413463067,0,0,Derek Hough,34,Sports,0
18,9,Amy Purdy,percent,5.0,5.0,0.2041884816753926,0.2041884816753926,0.2338406549930414,0.2338406549930414,0.0251089383954274,0.6168109827071592,0.0251089383954274,0.6168109827071592,0.1509443990591152,43.89004180767167,0,0,Derek Hough,34,Sports,0
18,10,Amy Purdy,percent,4.0,4.0,0.2587209505138384,0.2587209505138384,0.3010144448836757,0.3010144448836757,0.0402386506116723,0.7341464339941237,0.0402386506116723,0.7341464339941237,0.1770172916791968,31.913072310718004,0,0,Derek Hough,34,Sports,0
18,1,Billy Dee Williams,percent,12.0,12.0,0.0572519083969465,0.0572519083969465,0.0832353304790914,0.0832353304790914,0.0021223030702072,0.2820912667547341,0.0021223030702072,0.2820912667547341,0.0714206540011548,196.04345806712675,0,0,Emma Slater,76,Entertainment,0
18,2,Billy Dee Williams,percent,11.0,11.0,0.0614754098360655,0.0614754098360655,,,,,,,,,1,1,Emma Slater,76,Entertainment,1
18,3,Billy Dee Williams,,,12.0,,,,,,,,,,,1,1,Emma Slater,76,Entertainment,1
18,4,Billy Dee Williams,,,12.0,,,,,,,,,,,1,1,Emma Slater,76,Entertainment,1
18,5,Billy Dee Williams,,,12.0,,,,,,,,,,,1,1,Emma Slater,76,Entertainment,1
18,6,Billy Dee Williams,,,12.0,,,,,,,,,,,1,1,Emma Slater,76,Entertainment,1
18,7,Billy Dee Williams,,,12.0,,,,,,,,,,,1,1,Emma Slater,76,Entertainment,1
18,8,Billy Dee Williams,,,12.0,,,,,,,,,,,1,1,Emma Slater,76,Entertainment,1
18,9,Billy Dee Williams,,,12.0,,,,,,,,,,,1,1,Emma Slater,76,Entertainment,1
18,10,Billy Dee Williams,,,12.0,,,,,,,,,,,1,1,Emma Slater,76,Entertainment,1
18,1,Candace Cameron Bure,percent,12.0,12.0,0.0954198473282442,0.0954198473282442,0.0843349433467466,0.0843349433467466,0.0023999103157439,0.2856463797483019,0.0023999103157439,0.2856463797483019,0.0722567524062648,191.53278497718364,0,0,Mark Ballas,37,Entertainment,0
18,2,Candace Cameron Bure,percent,11.0,11.0,0.0860655737704918,0.0860655737704918,,,,,,,,,1,1,Mark Ballas,37,Entertainment,1
18,3,Candace Cameron Bure,percent,9.0,9.0,0.1028938906752411,0.1028938906752411,0.1127864999429753,0.1127864999429753,0.0034437995117517,0.3702368255280464,0.0034437995117517,0.3702368255280464,0.0935696494939527,114.2168016577832,0,0,Mark Ballas,37,Entertainment,0
18,4,Candace Cameron Bure,percent,9.0,9.0,0.0942760942760942,0.0942760942760942,0.1103226190158711,0.1103226190158711,0.0033815887756971,0.3651952189663919,0.0033815887756971,0.3651952189663919,0.0922993954568099,117.38221138805136,0,0,Mark Ballas,37,Entertainment,0
18,5,Candace Cameron Bure,percent,9.0,9.0,0.108695652173913,0.108695652173913,0.1247603023137317,0.1247603023137317,0.0082252366342302,0.3885905702979034,0.0082252366342302,0.3885905702979034,0.097031972873386,106.2111904874698,0,0,Mark Ballas,37,Entertainment,0
18,6,Candace Cameron Bure,percent,8.0,8.0,0.1134751773049645,0.1134751773049645,0.1500813807982128,0.1500813807982128,0.0181596690741501,0.4568931049481617,0.0181596690741501,0.4568931049481617,0.1119217948658192,79.83083420901028,0,0,Mark Ballas,37,Entertainment,0
18,7,Candace Cameron Bure,percent,7.0,7.0,0.1462450592885375,0.1462450592885375,0.1617875318089723,0.1617875318089723,0.0079225866330829,0.481100375231458,0.0079225866330829,0.481100375231458,0.1207086195404018,68.63149093983598,0,0,Mark Ballas,37,Entertainment,0
18,8,Candace Cameron Bure,percent,6.0,6.0,0.1592920353982301,0.1592920353982301,0.2049209821541072,0.2049209821541072,0.0330343517489575,0.5446756677599955,0.0330343517489575,0.5446756677599955,0.1305207438803668,58.70038090518389,0,0,Mark Ballas,37,Entertainment,0
18,9,Candace Cameron Bure,percent,5.0,5.0,0.1884816753926701,0.1884816753926701,0.2502100401677726,0.2502100401677726,0.0422105653122395,0.6444599411242918,0.0422105653122395,0.6444599411242918,0.1536350448500133,42.36619071822951,0,0,Mark Ballas,37,Entertainment,0
18,10,Candace Cameron Bure,percent,4.0,4.0,0.2267429691696957,0.2267429691696957,0.3328827431154842,0.3328827431154842,0.074083202957589,0.7386444321852913,0.074083202957589,0.7386444321852913,0.1695309258233934,34.79382161215237,0,0,Mark Ballas,37,Entertainment,0
18,1,Charlie White,percent,12.0,12.0,0.1030534351145038,0.1030534351145038,0.0832380264725338,0.0832380264725338,0.0023093154452041,0.2765287414207942,0.0023093154452041,0.2765287414207942,0.0699539351978546,204.3504974505846,0,0,Sharna Burgess,26,Sports,0
18,2,Charlie White,percent,11.0,11.0,0.1024590163934426,0.1024590163934426,,,,,,,,,1,1,Sharna Burgess,26,Sports,1
18,3,Charlie White,percent,9.0,9.0,0.1157556270096463,0.1157556270096463,0.1113094442651267,0.1113094442651267,0.0032943416730466,0.3657615250360563,0.0032943416730466,0.3657615250360563,0.0924661182048494,116.9592966609973,0,0,Sharna Burgess,26,Sports,0
18,4,Charlie White,percent,9.0,9.0,0.1111111111111111,0.1111111111111111,0.1132521319837002,0.1132521319837002,0.003285472945904,0.3704440077709597,0.003285472945904,0.3704440077709597,0.093662891537004,113.9895076508461,0,0,Sharna Burgess,26,Sports,0
18,5,Charlie White,percent,9.0,9.0,0.1149068322981366,0.1149068322981366,0.1229824876965765,0.1229824876965765,0.0066766189576681,0.3997479361469085,0.0066766189576681,0.3997479361469085,0.1002732952013368,99.45564216814388,0,0,Sharna Burgess,26,Sports,0
18,6,Charlie White,percent,8.0,8.0,0.1276595744680851,0.1276595744680851,0.1438413789248029,0.1438413789248029,0.0066261506342963,0.4583657418703796,0.0066261506342963,0.4583657418703796,0.1152396916418579,75.3001471600413,0,0,Sharna Burgess,26,Sports,0
18,7,Charlie White,percent,7.0,7.0,0.1403162055335968,0.1403162055335968,0.1659865821610769,0.1659865821610769,0.0119262436145917,0.4768592963967623,0.0119262436145917,0.4768592963967623,0.1186053706076965,71.08718064114598,0,0,Sharna Burgess,26,Sports,0
18,8,Charlie White,percent,6.0,6.0,0.1769911504424778,0.1769911504424778,0.1870066294891288,0.1870066294891288,0.0141633669104742,0.5164500561908423,0.0141633669104742,0.5164500561908423,0.128134359510298,60.90722250602953,0,0,Sharna Burgess,26,Sports,0
18,9,Charlie White,percent,5.0,5.0,0.1989528795811518,0.1989528795811518,0.0401641670300876,0.0401641670300876,0.0014694304014662,0.1232751585343371,0.0014694304014662,0.1232751585343371,0.031072889829814,1035.706518326093,0,0,Sharna Burgess,26,Sports,0
18,10,Charlie White,,,12.0,,,,,,,,,,,1,1,Sharna Burgess,26,Sports,1
18,1,Cody Simpson,percent,12.0,12.0,0.0839694656488549,0.0839694656488549,0.082886161693813,0.082886161693813,0.0022286858125669,0.2896511769664422,0.0022286858125669,0.2896511769664422,0.0733220640698661,186.0075770594628,0,0,Witney Carson,17,Music,0
18,2,Cody Simpson,percent,11.0,11.0,0.0901639344262295,0.0901639344262295,,,,,,,,,1,1,Witney Carson,17,Music,1
18,3,Cody Simpson,percent,9.0,9.0,0.112540192926045,0.112540192926045,0.1125489318345504,0.1125489318345504,0.0032341824196158,0.3679946779931503,0.0032341824196158,0.3679946779931503,0.0930511468299832,115.49323330963146,0,0,Witney Carson,17,Music,0
18,4,Cody Simpson,percent,9.0,9.0,0.1043771043771043,0.1043771043771043,0.1116057182266225,0.1116057182266225,0.0033093101346576,0.3714957795409374,0.0033093101346576,0.3714957795409374,0.0939251197464999,113.35390477752526,0,0,Witney Carson,17,Music,0
18,5,Cody Simpson,percent,9.0,9.0,0.1055900621118012,0.1055900621118012,0.0142325513464474,0.0142325513464474,0.0005733946012967,0.0446629222376759,0.0005733946012967,0.0446629222376759,0.0112473284786681,7904.988494642529,0,0,Witney Carson,17,Music,0
18,6,Cody Simpson,,,12.0,,,,,,,,,,,1,1,Witney Carson,17,Music,1
18,7,Cody Simpson,,,12.0,,,,,,,,,,,1,1,Witney Carson,17,Music,1
18,8,Cody Simpson,,,12.0,,,,,,,,,,,1,1,Witney Carson,17,Music,1
18,9,Cody Simpson,,,12.0,,,,,,,,,,,1,1,Witney Carson,17,Music,1
18,10,Cody Simpson,,,12.0,,,,,,,,,,,1,1,Witney Carson,17,Music,1
18,1,Danica McKellar,percent,12.0,12.0,0.0916030534351145,0.0916030534351145,0.0835529073693577,0.0835529073693577,0.0024633461983542,0.2817816497669249,0.0024633461983542,0.2817816497669249,0.0712546692776966,196.9578716776884,0,0,Valentin Chmerkovskiy,39,Entertainment,0
18,2,Danica McKellar,percent,11.0,11.0,0.0983606557377049,0.0983606557377049,,,,,,,,,1,1,Valentin Chmerkovskiy,39,Entertainment,1
18,3,Danica McKellar,percent,9.0,9.0,0.1157556270096463,0.1157556270096463,0.1101156731636346,0.1101156731636346,0.0032834841754864,0.3702442323628064,0.0032834841754864,0.3702442323628064,0.0936124357620714,114.11241822069036,0,0,Valentin Chmerkovskiy,39,Entertainment,0
18,4,Danica McKellar,percent,9.0,9.0,0.1077441077441077,0.1077441077441077,0.1108468287457069,0.1108468287457069,0.003267811939227,0.3710000677673255,0.003267811939227,0.3710000677673255,0.0938092489357394,113.634101466941,0,0,Valentin Chmerkovskiy,39,Entertainment,0
18,5,Danica McKellar,percent,9.0,9.0,0.1211180124223602,0.1211180124223602,0.1126764834883915,0.1126764834883915,0.0048936424338375,0.3516508406213285,0.0048936424338375,0.3516508406213285,0.0884584689253803,127.79714851248102,0,0,Valentin Chmerkovskiy,39,Entertainment,0
18,6,Danica McKellar,percent,8.0,8.0,0.1276595744680851,0.1276595744680851,0.1356337428861016,0.1356337428861016,0.0063028911345934,0.4056186857690461,0.0063028911345934,0.4056186857690461,0.101866274141442,96.36940034093764,0,0,Valentin Chmerkovskiy,39,Entertainment,0
18,7,Danica McKellar,percent,7.0,7.0,0.1422924901185771,0.1422924901185771,0.1646056767240548,0.1646056767240548,0.011639900566375,0.4793652498523997,0.011639900566375,0.4793652498523997,0.119317691144394,70.24094051616045,0,0,Valentin Chmerkovskiy,39,Entertainment,0
18,8,Danica McKellar,percent,6.0,6.0,0.168141592920354,0.168141592920354,0.0275833515021514,0.0275833515021514,0.0008691188743123,0.0871401813376902,0.0008691188743123,0.0871401813376902,0.0220079240978004,2064.6281332402623,0,0,Valentin Chmerkovskiy,39,Entertainment,0
18,9,Danica McKellar,,,12.0,,,,,,,,,,,1,1,Valentin Chmerkovskiy,39,Entertainment,1
18,10,Danica McKellar,,,12.0,,,,,,,,,,,1,1,Valentin Chmerkovskiy,39,Entertainment,1
18,1,Diana Nyad,percent,12.0,12.0,0.0687022900763358,0.0687022900763358,0.0831542110622056,0.0831542110622056,0.002059817264374,0.281294802006061,0.002059817264374,0.281294802006061,0.0712334144749201,197.0754267691588,0,0,Henry Byalikov,64,Sports,0
18,2,Diana Nyad,,,12.0,,,,,,,,,,,1,1,Henry Byalikov,64,Sports,1
18,3,Diana Nyad,,,12.0,,,,,,,,,,,1,1,Henry Byalikov,64,Sports,1
18,4,Diana Nyad,,,12.0,,,,,,,,,,,1,1,Henry Byalikov,64,Sports,1
18,5,Diana Nyad,,,12.0,,,,,,,,,,,1,1,Henry Byalikov,64,Sports,1
18,6,Diana Nyad,,,12.0,,,,,,,,,,,1,1,Henry Byalikov,64,Sports,1
18,7,Diana Nyad,,,12.0,,,,,,,,,,,1,1,Henry Byalikov,64,Sports,1
18,8,Diana Nyad,,,12.0,,,,,,,,,,,1,1,Henry Byalikov,64,Sports,1
18,9,Diana Nyad,,,12.0,,,,,,,,,,,1,1,Henry Byalikov,64,Sports,1
18,10,Diana Nyad,,,12.0,,,,,,,,,,,1,1,Henry Byalikov,64,Sports,1
18,1,Drew Carey,percent,12.0,12.0,0.0801526717557251,0.0801526717557251,0.081826085793219,0.081826085793219,0.0024879366090106,0.2821582433024972,0.0024879366090106,0.2821582433024972,0.0713444659932363,196.462387143467,0,0,Cheryl Burke,55,Entertainment,0
18,2,Drew Carey,percent,11.0,11.0,0.0860655737704918,0.0860655737704918,,,,,,,,,1,1,Cheryl Burke,55,Entertainment,1
18,3,Drew Carey,percent,9.0,9.0,0.0964630225080385,0.0964630225080385,0.1090943749839907,0.1090943749839907,0.0028676583549853,0.3655468815802166,0.0028676583549853,0.3655468815802166,0.0925202100064365,116.82257648564222,0,0,Cheryl Burke,55,Entertainment,0
18,4,Drew Carey,percent,9.0,9.0,0.1111111111111111,0.1111111111111111,0.1091132734646768,0.1091132734646768,0.0031004640191965,0.3643776192616315,0.0031004640191965,0.3643776192616315,0.0921625396026619,117.73108133539732,0,0,Cheryl Burke,55,Entertainment,0
18,5,Drew Carey,percent,9.0,9.0,0.0869565217391304,0.0869565217391304,0.146190360816996,0.146190360816996,0.0303246912768899,0.4397932928965467,0.0303246912768899,0.4397932928965467,0.1044562759233818,91.64967376501356,0,0,Cheryl Burke,55,Entertainment,0
18,6,Drew Carey,percent,8.0,8.0,0.1134751773049645,0.1134751773049645,0.0192197746597722,0.0192197746597722,0.000683956309606,0.0581246291687811,0.000683956309606,0.0581246291687811,0.0146532328722385,4657.28802106967,0,0,Cheryl Burke,55,Entertainment,0
18,7,Drew Carey,,,12.0,,,,,,,,,,,1,1,Cheryl Burke,55,Entertainment,1
18,8,Drew Carey,,,12.0,,,,,,,,,,,1,1,Cheryl Burke,55,Entertainment,1
18,9,Drew Carey,,,12.0,,,,,,,,,,,1,1,Cheryl Burke,55,Entertainment,1
18,10,Drew Carey,,,12.0,,,,,,,,,,,1,1,Cheryl Burke,55,Entertainment,1
18,1,James Maslow,percent,12.0,12.0,0.0801526717557251,0.0801526717557251,0.0847844961780264,0.0847844961780264,0.0024837166761568,0.2914352341266162,0.0024837166761568,0.2914352341266162,0.0737121217985865,184.0442166949969,0,0,Peta Murgatroyd,23,Entertainment,0
18,2,James Maslow,percent,11.0,11.0,0.1024590163934426,0.1024590163934426,,,,,,,,,1,1,Peta Murgatroyd,23,Entertainment,1
18,3,James Maslow,percent,9.0,9.0,0.1157556270096463,0.1157556270096463,0.1101543092093622,0.1101543092093622,0.0031189268452925,0.3631117219999664,0.0031189268452925,0.3631117219999664,0.091834896723131,118.57264728476166,0,0,Peta Murgatroyd,23,Entertainment,0
18,4,James Maslow,percent,9.0,9.0,0.1178451178451178,0.1178451178451178,0.1115818684850228,0.1115818684850228,0.0031715145089198,0.3757172166821566,0.0031715145089198,0.3757172166821566,0.095037168921744,110.71667095610144,0,0,Peta Murgatroyd,23,Entertainment,0
18,5,James Maslow,percent,9.0,9.0,0.124223602484472,0.124223602484472,0.1202057618659282,0.1202057618659282,0.0044722666038551,0.3956472371428738,0.0044722666038551,0.3956472371428738,0.09978953330077,100.42226602439264,0,0,Peta Murgatroyd,23,Entertainment,0
18,6,James Maslow,percent,8.0,8.0,0.1241134751773049,0.1241134751773049,0.1374990385534173,0.1374990385534173,0.0086242449416252,0.4526588948543367,0.0086242449416252,0.4526588948543367,0.1132741453858957,77.93605370123237,0,0,Peta Murgatroyd,23,Entertainment,0
18,7,James Maslow,percent,7.0,7.0,0.1383399209486166,0.1383399209486166,0.1660117060159811,0.1660117060159811,0.0127425198782037,0.4901907073913372,0.0127425198782037,0.4901907073913372,0.1217980070186565,67.40927186057358,0,0,Peta Murgatroyd,23,Entertainment,0
18,8,James Maslow,percent,6.0,6.0,0.1592920353982301,0.1592920353982301,0.1988310432648843,0.1988310432648843,0.0330739988113781,0.5143477450965165,0.0330739988113781,0.5143477450965165,0.1227739148686577,66.34188258478406,0,0,Peta Murgatroyd,23,Entertainment,0
18,9,James Maslow,percent,5.0,5.0,0.1989528795811518,0.1989528795811518,0.2435629777100316,0.2435629777100316,0.0321994080766623,0.6413673381394367,0.0321994080766623,0.6413673381394367,0.155399982158871,41.40931732679726,0,0,Peta Murgatroyd,23,Entertainment,0
18,10,James Maslow,percent,4.0,4.0,0.2529075649013137,0.2529075649013137,0.0629536192138245,0.0629536192138245,0.0023936075017819,0.1793313337085122,0.0023936075017819,0.1793313337085122,0.0451371750527373,490.8301704418287,0,0,Peta Murgatroyd,23,Entertainment,0
18,1,Meryl Davis,percent,12.0,12.0,0.0916030534351145,0.0916030534351145,0.0845968036314537,0.0845968036314537,0.0024724551272997,0.2864435712076137,0.0024724551272997,0.2864435712076137,0.072441611244978,190.55651314008117,0,0,Maksim Chmerkoskiy,27,Sports,0
18,2,Meryl Davis,percent,11.0,11.0,0.1024590163934426,0.1024590163934426,,,,,,,,,1,1,Maksim Chmerkoskiy,27,Sports,1
18,3,Meryl Davis,percent,9.0,9.0,0.1254019292604501,0.1254019292604501,0.1118107626287408,0.1118107626287408,0.0034369666308715,0.3621297904444199,0.0034369666308715,0.3621297904444199,0.0915032713810072,119.43366457509246,0,0,Maksim Chmerkoskiy,27,Sports,0
18,4,Meryl Davis,percent,9.0,9.0,0.1313131313131313,0.1313131313131313,0.1118563029129329,0.1118563029129329,0.0034155888699728,0.3785044666028513,0.0034155888699728,0.3785044666028513,0.0956859381971629,109.22039958127252,0,0,Maksim Chmerkoskiy,27,Sports,0
18,5,Meryl Davis,percent,9.0,9.0,0.1118012422360248,0.1118012422360248,0.1211036150057253,0.1211036150057253,0.0073464945116016,0.3947625629879667,0.0073464945116016,0.3947625629879667,0.0988306297133584,102.38041247292912,0,0,Maksim Chmerkoskiy,27,Sports,0
18,6,Meryl Davis,percent,8.0,8.0,0.1418439716312056,0.1418439716312056,0.1288392347500655,0.1288392347500655,0.0046155972839602,0.4254983762186572,0.0046155972839602,0.4254983762186572,0.107368055850688,86.7460726202854,0,0,Maksim Chmerkoskiy,27,Sports,0
18,7,Meryl Davis,percent,7.0,7.0,0.1541501976284585,0.1541501976284585,0.1575620902207099,0.1575620902207099,0.0077441888864375,0.4889131872296824,0.0077441888864375,0.4889131872296824,0.1227471934549094,66.37077028156166,0,0,Maksim Chmerkoskiy,27,Sports,0
18,8,Meryl Davis,percent,6.0,6.0,0.1592920353982301,0.1592920353982301,0.2021796585649083,0.2021796585649083,0.0310163527382025,0.5602727284799593,0.0310163527382025,0.5602727284799593,0.1350143815667747,54.85799581852688,0,0,Maksim Chmerkoskiy,27,Sports,0
18,9,Meryl Davis,percent,5.0,5.0,0.2094240837696335,0.2094240837696335,0.2322221600990671,0.2322221600990671,0.0203056940119599,0.6224975262726451,0.0203056940119599,0.6224975262726451,0.1536203653726237,42.37428786408994,0,0,Maksim Chmerkoskiy,27,Sports,0
18,10,Meryl Davis,percent,4.0,4.0,0.2616285154151521,0.2616285154151521,0.3031491927870146,0.3031491927870146,0.0389853572432756,0.7174840736665253,0.0389853572432756,0.7174840736665253,0.173086407250829,33.3790577747056,0,0,Maksim Chmerkoskiy,27,Sports,0
18,1,NeNe Leakes,percent,12.0,12.0,0.0801526717557251,0.0801526717557251,0.0830390527268132,0.0830390527268132,0.0023476093729055,0.2802517038829738,0.0023476093729055,0.2802517038829738,0.0708939016607317,198.96754575823655,0,0,Tony Dovolani,46,Media,0
18,2,NeNe Leakes,percent,11.0,11.0,0.0860655737704918,0.0860655737704918,,,,,,,,,1,1,Tony Dovolani,46,Media,1
18,3,NeNe Leakes,percent,9.0,9.0,0.0996784565916398,0.0996784565916398,0.1110552809354885,0.1110552809354885,0.0032616517062338,0.3633943453770719,0.0032616517062338,0.3633943453770719,0.0918705851201117,118.48054281461056,0,0,Tony Dovolani,46,Media,0
18,4,NeNe Leakes,percent,9.0,9.0,0.1077441077441077,0.1077441077441077,0.1108291541537625,0.1108291541537625,0.0032212738773059,0.3631850050576845,0.0032212738773059,0.3631850050576845,0.0918274824439741,118.59179549998154,0,0,Tony Dovolani,46,Media,0
18,5,NeNe Leakes,percent,9.0,9.0,0.1118012422360248,0.1118012422360248,0.1185196205944423,0.1185196205944423,0.0083279066151044,0.3614491282095575,0.0083279066151044,0.3614491282095575,0.0900819442842992,123.23228393531164,0,0,Tony Dovolani,46,Media,0
18,6,NeNe Leakes,percent,8.0,8.0,0.1170212765957446,0.1170212765957446,0.1461738204953978,0.1461738204953978,0.0117157418962201,0.4389379877065833,0.0117157418962201,0.4389379877065833,0.1089852667883579,84.19075742604721,0,0,Tony Dovolani,46,Media,0
18,7,NeNe Leakes,percent,7.0,7.0,0.1304347826086956,0.1304347826086956,0.0233840239196633,0.0233840239196633,0.0007617635916177,0.0716226119612119,0.0007617635916177,0.0716226119612119,0.0180767470330597,3060.267844160571,0,0,Tony Dovolani,46,Media,0
18,8,NeNe Leakes,,,12.0,,,,,,,,,,,1,1,Tony Dovolani,46,Media,1
18,9,NeNe Leakes,,,12.0,,,,,,,,,,,1,1,Tony Dovolani,46,Media,1
18,10,NeNe Leakes,,,12.0,,,,,,,,,,,1,1,Tony Dovolani,46,Media,1
18,1,Sean Avery,percent,12.0,12.0,0.0763358778625954,0.0763358778625954,0.0836499455923137,0.0836499455923137,0.00240048716046,0.2853258739735059,0.00240048716046,0.2853258739735059,0.0721748435747566,191.96776004215224,0,0,Karina Smirnoff,33,Sports,0
18,2,Sean Avery,percent,11.0,11.0,0.0860655737704918,0.0860655737704918,,,,,,,,,1,1,Karina Smirnoff,33,Sports,1
18,3,Sean Avery,,,12.0,,,,,,,,,,,1,1,Karina Smirnoff,33,Sports,1
18,4,Sean Avery,,,12.0,,,,,,,,,,,1,1,Karina Smirnoff,33,Sports,1
18,5,Sean Avery,,,12.0,,,,,,,,,,,1,1,Karina Smirnoff,33,Sports,1
18,6,Sean Avery,,,12.0,,,,,,,,,,,1,1,Karina Smirnoff,33,Sports,1
18,7,Sean Avery,,,12.0,,,,,,,,,,,1,1,Karina Smirnoff,33,Sports,1
18,8,Sean Avery,,,12.0,,,,,,,,,,,1,1,Karina Smirnoff,33,Sports,1
18,9,Sean Avery,,,12.0,,,,,,,,,,,1,1,Karina Smirnoff,33,Sports,1
18,10,Sean Avery,,,12.0,,,,,,,,,,,1,1,Karina Smirnoff,33,Sports,1
19,1,Alfonso Ribeiro,percent,13.0,13.0,0.0967741935483871,0.0967741935483871,0.0787906249911503,0.0787906249911503,0.0021283408450275,0.2674602614170949,0.0021283408450275,0.2674602614170949,0.0676867144316498,218.2695398105158,0,0,Witney Carson,42,Entertainment,0
19,2,Alfonso Ribeiro,percent,12.0,12.0,0.0883977900552486,0.0883977900552486,0.0880416729662798,0.0880416729662798,0.0030789642588563,0.2833713064166431,0.0030789642588563,0.2833713064166431,0.0715031485096395,195.59136106747957,0,0,Witney Carson,42,Entertainment,0
19,3,Alfonso Ribeiro,percent,11.0,11.0,0.0906515580736544,0.0906515580736544,0.0971009509046162,0.0971009509046162,0.0033257436077012,0.3238362684330596,0.0033257436077012,0.3238362684330596,0.0817628889860608,149.58482696839957,0,0,Witney Carson,42,Entertainment,0
19,4,Alfonso Ribeiro,percent,10.0,10.0,0.125,0.125,0.0973868521418369,0.0973868521418369,0.0032457729171746,0.3169176683675587,0.0032457729171746,0.3169176683675587,0.0800183406761183,156.17838136362,0,0,Witney Carson,42,Entertainment,0
19,5,Alfonso Ribeiro,percent,9.0,9.0,0.1287878787878787,0.1287878787878787,0.1105607517753011,0.1105607517753011,0.0027075506163744,0.3625929072019082,0.0027075506163744,0.3625929072019082,0.091807488924881,118.6434541508568,0,0,Witney Carson,42,Entertainment,0
19,6,Alfonso Ribeiro,percent,9.0,9.0,0.1331058020477815,0.1331058020477815,0.1074627198398796,0.1074627198398796,0.0028067126168113,0.3644778221182262,0.0028067126168113,0.3644778221182262,0.092263038138116,117.47474125533851,0,0,Witney Carson,42,Entertainment,0
19,7,Alfonso Ribeiro,percent,8.0,8.0,0.1315280464216634,0.1315280464216634,0.1362253773686684,0.1362253773686684,0.0070684143537017,0.4201464049105824,0.0070684143537017,0.4201464049105824,0.1053770384073675,90.05503982882293,0,0,Witney Carson,42,Entertainment,0
19,8,Alfonso Ribeiro,percent,7.0,7.0,0.1653225806451612,0.1653225806451612,0.1581464327787191,0.1581464327787191,0.0052756337887582,0.4944487823551199,0.0052756337887582,0.4944487823551199,0.1247890685118269,64.21654179540654,0,0,Witney Carson,42,Entertainment,0
19,9,Alfonso Ribeiro,percent,6.0,6.0,0.1799065420560747,0.1799065420560747,0.1862038444733617,0.1862038444733617,0.0121767193796635,0.5501245166425818,0.0121767193796635,0.5501245166425818,0.1372315809344179,53.099675487395125,0,0,Witney Carson,42,Entertainment,0
19,10,Alfonso Ribeiro,percent,5.0,5.0,0.2054794520547945,0.2054794520547945,0.2375971733573171,0.2375971733573171,0.0161366344037817,0.6387701644558021,0.0161366344037817,0.6387701644558021,0.158835084196944,39.63757938676964,0,0,Witney Carson,42,Entertainment,0
19,11,Alfonso Ribeiro,percent,4.0,4.0,0.2558640849980489,0.2558640849980489,0.3129844536402616,0.3129844536402616,0.0414109468107572,0.7526233468306532,0.0414109468107572,0.7526233468306532,0.181431734698953,30.37900141392944,0,0,Witney Carson,42,Entertainment,0
19,1,Antonio Sabato Jr.,percent,13.0,13.0,0.0672043010752688,0.0672043010752688,0.0871431570427466,0.0871431570427466,0.003819068786499,0.2784866452660947,0.003819068786499,0.2784866452660947,0.0700682593060193,203.68420062491143,0,0,Cheryl Burke,42,Entertainment,0
19,2,Antonio Sabato Jr.,percent,12.0,12.0,0.0856353591160221,0.0856353591160221,0.0910813020330773,0.0910813020330773,0.0036228922948465,0.319848570173295,0.0036228922948465,0.319848570173295,0.0806698157853184,153.66602939090237,0,0,Cheryl Burke,42,Entertainment,0
19,3,Antonio Sabato Jr.,percent,11.0,11.0,0.0821529745042493,0.0821529745042493,0.1070122805164163,0.1070122805164163,0.0067006181617692,0.3385446569989264,0.0067006181617692,0.3385446569989264,0.0846540915400911,139.5417268249235,0,0,Cheryl Burke,42,Entertainment,0
19,4,Antonio Sabato Jr.,percent,10.0,10.0,0.090625,0.090625,0.1135558914810703,0.1135558914810703,0.0115032028228838,0.3403309753456231,0.0115032028228838,0.3403309753456231,0.0838846358476375,142.11344025690383,0,0,Cheryl Burke,42,Entertainment,0
19,5,Antonio Sabato Jr.,percent,9.0,9.0,0.106060606060606,0.106060606060606,0.1113748519443071,0.1113748519443071,0.0031442600562142,0.3727160677766827,0.0031442600562142,0.3727160677766827,0.0942785223776705,112.50568429984192,0,0,Cheryl Burke,42,Entertainment,0
19,6,Antonio Sabato Jr.,percent,9.0,9.0,0.0955631399317406,0.0955631399317406,0.1356836128266652,0.1356836128266652,0.0255632357638781,0.3744898318673385,0.0255632357638781,0.3744898318673385,0.0890118867610868,126.21296998837418,0,0,Cheryl Burke,42,Entertainment,0
19,7,Antonio Sabato Jr.,percent,8.0,8.0,0.1141199226305609,0.1141199226305609,0.0188980608613339,0.0188980608613339,0.0006600793641454,0.0555349137656744,0.0006600793641454,0.0555349137656744,0.013998682245288,5103.001414567421,0,0,Cheryl Burke,42,Entertainment,0
19,8,Antonio Sabato Jr.,,,13.0,,,,,,,,,,,1,1,Cheryl Burke,42,Entertainment,1
19,9,Antonio Sabato Jr.,,,13.0,,,,,,,,,,,1,1,Cheryl Burke,42,Entertainment,1
19,10,Antonio Sabato Jr.,,,13.0,,,,,,,,,,,1,1,Cheryl Burke,42,Entertainment,1
19,11,Antonio Sabato Jr.,,,13.0,,,,,,,,,,,1,1,Cheryl Burke,42,Entertainment,1
19,1,Bethany Mota,percent,13.0,13.0,0.086021505376344,0.086021505376344,0.0742311040935659,0.0742311040935659,0.0021425164005938,0.2461989819808335,0.0021425164005938,0.2461989819808335,0.0622593024439387,257.9832436973413,0,0,Derek Hough,18,Social Media,0
19,2,Bethany Mota,percent,12.0,12.0,0.0911602209944751,0.0911602209944751,0.0878134710761808,0.0878134710761808,0.0031013389053582,0.3095572360951953,0.0031013389053582,0.3095572360951953,0.0781775247933257,163.61991702252388,0,0,Derek Hough,18,Social Media,0
19,3,Bethany Mota,percent,11.0,11.0,0.1133144475920679,0.1133144475920679,0.0955295451098748,0.0955295451098748,0.0026134053419555,0.319377844384119,0.0026134053419555,0.319377844384119,0.0808072548576947,153.14375559031603,0,0,Derek Hough,18,Social Media,0
19,4,Bethany Mota,percent,10.0,10.0,0.103125,0.103125,0.1027774767064091,0.1027774767064091,0.0046335545840468,0.3306100412109066,0.0046335545840468,0.3306100412109066,0.0831572669966479,144.61041911428217,0,0,Derek Hough,18,Social Media,0
19,5,Bethany Mota,percent,9.0,9.0,0.1212121212121212,0.1212121212121212,0.1100574408205582,0.1100574408205582,0.0032536874011349,0.36509928628478,0.0032536874011349,0.36509928628478,0.0923075507356237,117.36147110480346,0,0,Derek Hough,18,Social Media,0
19,6,Bethany Mota,percent,9.0,9.0,0.1228668941979522,0.1228668941979522,0.1121926923515003,0.1121926923515003,0.0045744069970846,0.3566398324534363,0.0045744069970846,0.3566398324534363,0.0898126085347836,123.97250577116336,0,0,Derek Hough,18,Social Media,0
19,7,Bethany Mota,percent,8.0,8.0,0.1450676982591876,0.1450676982591876,0.1335686361293922,0.1335686361293922,0.0044302537292736,0.4192874952961519,0.0044302537292736,0.4192874952961519,0.1058309289711424,89.28423530116542,0,0,Derek Hough,18,Social Media,0
19,8,Bethany Mota,percent,7.0,7.0,0.1612903225806451,0.1612903225806451,0.1552777603071826,0.1552777603071826,0.0057913941506707,0.4811780112225397,0.0057913941506707,0.4811780112225397,0.1212720961918033,67.99519617996454,0,0,Derek Hough,18,Social Media,0
19,9,Bethany Mota,percent,6.0,6.0,0.1728971962616822,0.1728971962616822,0.1816265561753038,0.1816265561753038,0.013856054163356,0.5250849725893264,0.013856054163356,0.5250849725893264,0.1304155404147883,58.79512382153408,0,0,Derek Hough,18,Social Media,0
19,10,Bethany Mota,percent,5.0,5.0,0.2082191780821917,0.2082191780821917,0.2343645704601123,0.2343645704601123,0.0147127176398268,0.6472556882628638,0.0147127176398268,0.6472556882628638,0.1613630027099584,38.405379982581394,0,0,Derek Hough,18,Social Media,0
19,11,Bethany Mota,percent,4.0,4.0,0.2430708807481465,0.2430708807481465,0.0637611834902075,0.0637611834902075,0.0020504622863368,0.1815044546564241,0.0020504622863368,0.1815044546564241,0.0457790796862467,477.1620378766966,0,0,Derek Hough,18,Social Media,0
19,1,Betsey Johnson,percent,13.0,13.0,0.053763440860215,0.053763440860215,0.0960019484391516,0.0960019484391516,0.0148655068976203,0.285399531518395,0.0148655068976203,0.285399531518395,0.0690137817910139,209.95602760940187,0,0,Tony Dovolani,72,Other,0
19,2,Betsey Johnson,percent,12.0,12.0,0.0773480662983425,0.0773480662983425,0.0929871594617805,0.0929871594617805,0.0085014096696949,0.3048570045045039,0.0085014096696949,0.3048570045045039,0.0756009170496961,174.96286145884972,0,0,Tony Dovolani,72,Other,0
19,3,Betsey Johnson,percent,11.0,11.0,0.0821529745042493,0.0821529745042493,0.1026672456607106,0.1026672456607106,0.0072721438178915,0.3267045259957348,0.0072721438178915,0.3267045259957348,0.0814878525963886,150.5962832554057,0,0,Tony Dovolani,72,Other,0
19,4,Betsey Johnson,percent,10.0,10.0,0.090625,0.090625,0.0140864852421628,0.0140864852421628,0.0005116020000367,0.0415164345646167,0.0005116020000367,0.0415164345646167,0.0104604164705561,9139.070936482996,0,0,Tony Dovolani,72,Other,0
19,5,Betsey Johnson,,,13.0,,,,,,,,,,,1,1,Tony Dovolani,72,Other,1
19,6,Betsey Johnson,,,13.0,,,,,,,,,,,1,1,Tony Dovolani,72,Other,1
19,7,Betsey Johnson,,,13.0,,,,,,,,,,,1,1,Tony Dovolani,72,Other,1
19,8,Betsey Johnson,,,13.0,,,,,,,,,,,1,1,Tony Dovolani,72,Other,1
19,9,Betsey Johnson,,,13.0,,,,,,,,,,,1,1,Tony Dovolani,72,Other,1
19,10,Betsey Johnson,,,13.0,,,,,,,,,,,1,1,Tony Dovolani,72,Other,1
19,11,Betsey Johnson,,,13.0,,,,,,,,,,,1,1,Tony Dovolani,72,Other,1
19,1,Janel Parrish,percent,13.0,13.0,0.0779569892473118,0.0779569892473118,0.0807456857764941,0.0807456857764941,0.0027941473601439,0.2797831397451288,0.0027941473601439,0.2797831397451288,0.0706604572410675,200.2843951280401,0,0,Valentin Chmerkovskiy,25,Entertainment,0
19,2,Janel Parrish,percent,12.0,12.0,0.0939226519337016,0.0939226519337016,0.0810478213874294,0.0810478213874294,0.0028561733438926,0.2794965736270526,0.0028561733438926,0.2794965736270526,0.0705715306844795,200.7894663065826,0,0,Valentin Chmerkovskiy,25,Entertainment,0
19,3,Janel Parrish,percent,11.0,11.0,0.1133144475920679,0.1133144475920679,0.0910109021262032,0.0910109021262032,0.002967470851024,0.3125705135119264,0.002967470851024,0.3125705135119264,0.0789803680257404,160.31039854729664,0,0,Valentin Chmerkovskiy,25,Entertainment,0
19,4,Janel Parrish,percent,10.0,10.0,0.1125,0.1125,0.1000971743731214,0.1000971743731214,0.0041374678888056,0.3455341328996323,0.0041374678888056,0.3455341328996323,0.0870909859721496,131.84194016102865,0,0,Valentin Chmerkovskiy,25,Entertainment,0
19,5,Janel Parrish,percent,9.0,9.0,0.125,0.125,0.1132041567411697,0.1132041567411697,0.0030696495751942,0.3696022416885662,0.0030696495751942,0.3696022416885662,0.0935032122738194,114.3791691842904,0,0,Valentin Chmerkovskiy,25,Entertainment,0
19,6,Janel Parrish,percent,9.0,9.0,0.1126279863481228,0.1126279863481228,0.1222020521576193,0.1222020521576193,0.008752945449232,0.3595174249609651,0.008752945449232,0.3595174249609651,0.0894807345693196,124.89381123723356,0,0,Valentin Chmerkovskiy,25,Entertainment,0
19,7,Janel Parrish,percent,8.0,8.0,0.1295938104448742,0.1295938104448742,0.1364360023782738,0.1364360023782738,0.0064242072479197,0.4290147031442092,0.0064242072479197,0.4290147031442092,0.1078036979327269,86.0463956343814,0,0,Valentin Chmerkovskiy,25,Entertainment,0
19,8,Janel Parrish,percent,7.0,7.0,0.1733870967741935,0.1733870967741935,0.1540307062616079,0.1540307062616079,0.0045681789156867,0.4962174963942942,0.0045681789156867,0.4962174963942942,0.1254207442547468,63.57132345361612,0,0,Valentin Chmerkovskiy,25,Entertainment,0
19,9,Janel Parrish,percent,6.0,6.0,0.1799065420560747,0.1799065420560747,0.1877486806781173,0.1877486806781173,0.0123489421202513,0.5386716114698374,0.0123489421202513,0.5386716114698374,0.134265987078976,55.47125377622158,0,0,Valentin Chmerkovskiy,25,Entertainment,0
19,10,Janel Parrish,percent,5.0,5.0,0.2136986301369863,0.2136986301369863,0.2386550835458901,0.2386550835458901,0.0127138718257824,0.6417066340213821,0.0127138718257824,0.6417066340213821,0.1604573372947958,38.84014458465127,0,0,Valentin Chmerkovskiy,25,Entertainment,0
19,11,Janel Parrish,percent,4.0,4.0,0.2494662035526728,0.2494662035526728,0.3112195390084122,0.3112195390084122,0.0420215385834422,0.7565560060382287,0.0420215385834422,0.7565560060382287,0.1822792008813231,30.097177398657102,0,0,Valentin Chmerkovskiy,25,Entertainment,0
19,1,Jonathan Bennett,percent,13.0,13.0,0.0806451612903225,0.0806451612903225,0.0800819282939194,0.0800819282939194,0.0028441465071699,0.2599648638095516,0.0028441465071699,0.2599648638095516,0.0655920197199953,232.4331093897488,0,0,Allison Holker,33,Entertainment,0
19,2,Jonathan Bennett,percent,12.0,12.0,0.0828729281767955,0.0828729281767955,0.0877516312419098,0.0877516312419098,0.0049369732466645,0.2911324348813493,0.0049369732466645,0.2911324348813493,0.0730090463353787,187.60596758449543,0,0,Allison Holker,33,Entertainment,0
19,3,Jonathan Bennett,percent,11.0,11.0,0.0906515580736544,0.0906515580736544,0.0980701580153508,0.0980701580153508,0.0040013787597078,0.3139662915807172,0.0040013787597078,0.3139662915807172,0.0790726818420942,159.9363066146463,0,0,Allison Holker,33,Entertainment,0
19,4,Jonathan Bennett,percent,10.0,10.0,0.075,0.075,0.125120417117732,0.125120417117732,0.0284431776983759,0.3305410627308232,0.0284431776983759,0.3305410627308232,0.0770657869980732,168.3746726580245,0,0,Allison Holker,33,Entertainment,0
19,5,Jonathan Bennett,percent,9.0,9.0,0.0909090909090909,0.0909090909090909,0.1097892582567634,0.1097892582567634,0.0030933964936787,0.3662817030352248,0.0030933964936787,0.3662817030352248,0.092650078199374,116.4953041470075,0,0,Allison Holker,33,Entertainment,0
19,6,Jonathan Bennett,percent,9.0,9.0,0.1092150170648464,0.1092150170648464,0.0137951659969269,0.0137951659969269,0.0003958898754289,0.0443127080775854,0.0003958898754289,0.0443127080775854,0.0112032699495297,7967.285842340154,0,0,Allison Holker,33,Entertainment,0
19,7,Jonathan Bennett,,,13.0,,,,,,,,,,,1,1,Allison Holker,33,Entertainment,1
19,8,Jonathan Bennett,,,13.0,,,,,,,,,,,1,1,Allison Holker,33,Entertainment,1
19,9,Jonathan Bennett,,,13.0,,,,,,,,,,,1,1,Allison Holker,33,Entertainment,1
19,10,Jonathan Bennett,,,13.0,,,,,,,,,,,1,1,Allison Holker,33,Entertainment,1
19,11,Jonathan Bennett,,,13.0,,,,,,,,,,,1,1,Allison Holker,33,Entertainment,1
19,1,Lea Thompson,percent,13.0,13.0,0.086021505376344,0.086021505376344,0.0797502226417594,0.0797502226417594,0.0023757484434552,0.2669473543365635,0.0023757484434552,0.2669473543365635,0.0674927566053847,219.52584990961253,0,0,Artem Chigvintsev,53,Entertainment,0
19,2,Lea Thompson,percent,12.0,12.0,0.0966850828729281,0.0966850828729281,0.0788081890645859,0.0788081890645859,0.0027940183421553,0.25786495285899,0.0027940183421553,0.25786495285899,0.0650691159481721,236.18384440261605,0,0,Artem Chigvintsev,53,Entertainment,0
19,3,Lea Thompson,percent,11.0,11.0,0.0878186968838526,0.0878186968838526,0.0974370916914019,0.0974370916914019,0.0045514010857818,0.3174972922878921,0.0045514010857818,0.3174972922878921,0.0798331355107424,156.90385943526522,0,0,Artem Chigvintsev,53,Entertainment,0
19,4,Lea Thompson,percent,10.0,10.0,0.121875,0.121875,0.1019905006384402,0.1019905006384402,0.0025844196354051,0.3497866180410202,0.0025844196354051,0.3497866180410202,0.0885719893891875,127.46976974032133,0,0,Artem Chigvintsev,53,Entertainment,0
19,5,Lea Thompson,percent,9.0,9.0,0.1287878787878787,0.1287878787878787,0.1103818756418098,0.1103818756418098,0.0031247410408517,0.3648948763991567,0.0031247410408517,0.3648948763991567,0.0922882998363023,117.41043829803408,0,0,Artem Chigvintsev,53,Entertainment,0
19,6,Lea Thompson,percent,9.0,9.0,0.1092150170648464,0.1092150170648464,0.1299518404129114,0.1299518404129114,0.0136958854328581,0.4040428952976517,0.0136958854328581,0.4040428952976517,0.0995783188430596,100.84872691521282,0,0,Artem Chigvintsev,53,Entertainment,0
19,7,Lea Thompson,percent,8.0,8.0,0.1353965183752417,0.1353965183752417,0.1306771623992993,0.1306771623992993,0.0057747471676795,0.4230545939566297,0.0057747471676795,0.4230545939566297,0.1064489405073852,88.25052822119517,0,0,Artem Chigvintsev,53,Entertainment,0
19,8,Lea Thompson,percent,7.0,7.0,0.1290322580645161,0.1290322580645161,0.1671256798300064,0.1671256798300064,0.0093010235668899,0.4798762613667593,0.0093010235668899,0.4798762613667593,0.1200447035203748,69.3927331565768,0,0,Artem Chigvintsev,53,Entertainment,0
19,9,Lea Thompson,percent,6.0,6.0,0.1635514018691588,0.1635514018691588,0.0281339819695741,0.0281339819695741,0.0010650725474942,0.0892969022090037,0.0010650725474942,0.0892969022090037,0.0225081198116095,1973.8837125617124,0,0,Artem Chigvintsev,53,Entertainment,0
19,10,Lea Thompson,,,13.0,,,,,,,,,,,1,1,Artem Chigvintsev,53,Entertainment,1
19,11,Lea Thompson,,,13.0,,,,,,,,,,,1,1,Artem Chigvintsev,53,Entertainment,1
19,1,Lolo Jones,percent,13.0,13.0,0.0591397849462365,0.0591397849462365,0.0119542719024948,0.0119542719024948,0.0004277983358513,0.0317489951913552,0.0004277983358513,0.0317489951913552,0.0079901012386489,15663.738921817436,0,0,Keo Motsepe,32,Sports,0
19,2,Lolo Jones,,,13.0,,,,,,,,,,,1,1,Keo Motsepe,32,Sports,1
19,3,Lolo Jones,,,13.0,,,,,,,,,,,1,1,Keo Motsepe,32,Sports,1
19,4,Lolo Jones,,,13.0,,,,,,,,,,,1,1,Keo Motsepe,32,Sports,1
19,5,Lolo Jones,,,13.0,,,,,,,,,,,1,1,Keo Motsepe,32,Sports,1
19,6,Lolo Jones,,,13.0,,,,,,,,,,,1,1,Keo Motsepe,32,Sports,1
19,7,Lolo Jones,,,13.0,,,,,,,,,,,1,1,Keo Motsepe,32,Sports,1
19,8,Lolo Jones,,,13.0,,,,,,,,,,,1,1,Keo Motsepe,32,Sports,1
19,9,Lolo Jones,,,13.0,,,,,,,,,,,1,1,Keo Motsepe,32,Sports,1
19,10,Lolo Jones,,,13.0,,,,,,,,,,,1,1,Keo Motsepe,32,Sports,1
19,11,Lolo Jones,,,13.0,,,,,,,,,,,1,1,Keo Motsepe,32,Sports,1
19,1,Michael Waltrip,percent,13.0,13.0,0.0672043010752688,0.0672043010752688,0.085465609984094,0.085465609984094,0.0031505413707109,0.2730963954370914,0.0031505413707109,0.2730963954370914,0.0688637382822399,210.87194822174396,0,0,Emma Slater,51,Other,0
19,2,Michael Waltrip,percent,12.0,12.0,0.0662983425414364,0.0662983425414364,0.1049509292585042,0.1049509292585042,0.0186195213741307,0.3182239683674482,0.0186195213741307,0.3182239683674482,0.0764297058656422,171.18890875501333,0,0,Emma Slater,51,Other,0
19,3,Michael Waltrip,percent,11.0,11.0,0.0793201133144475,0.0793201133144475,0.1041222827545099,0.1041222827545099,0.0072710296900654,0.329175255803339,0.0072710296900654,0.329175255803339,0.0821184250288963,148.2923601786457,0,0,Emma Slater,51,Other,0
19,4,Michael Waltrip,percent,10.0,10.0,0.078125,0.078125,0.1269132281999211,0.1269132281999211,0.0233951178176935,0.3738815539312448,0.0233951178176935,0.3738815539312448,0.0894098051310079,125.0920481460616,0,0,Emma Slater,51,Other,0
19,5,Michael Waltrip,percent,9.0,9.0,0.0757575757575757,0.0757575757575757,0.1103340541936638,0.1103340541936638,0.0027428539247115,0.3649255346246749,0.0027428539247115,0.3649255346246749,0.0923935409948886,117.14311716023288,0,0,Emma Slater,51,Other,0
19,6,Michael Waltrip,percent,9.0,9.0,0.1023890784982935,0.1023890784982935,0.1302889071006444,0.1302889071006444,0.0189824580934783,0.3920873646906522,0.0189824580934783,0.3920873646906522,0.0951798231115239,110.38503846481332,0,0,Emma Slater,51,Other,0
19,7,Michael Waltrip,percent,8.0,8.0,0.1083172147001934,0.1083172147001934,0.1537083218230359,0.1537083218230359,0.02375815115783,0.4365515596262151,0.02375815115783,0.4365515596262151,0.1053044409358125,90.17925152818238,0,0,Emma Slater,51,Other,0
19,8,Michael Waltrip,percent,7.0,7.0,0.1008064516129032,0.1008064516129032,0.0351637924195995,0.0351637924195995,0.0010038957138778,0.0957249675487671,0.0010038957138778,0.0957249675487671,0.0241635387333901,1712.6906489207436,0,0,Emma Slater,51,Other,0
19,9,Michael Waltrip,,,13.0,,,,,,,,,,,1,1,Emma Slater,51,Other,1
19,10,Michael Waltrip,,,13.0,,,,,,,,,,,1,1,Emma Slater,51,Other,1
19,11,Michael Waltrip,,,13.0,,,,,,,,,,,1,1,Emma Slater,51,Other,1
19,1,Randy Couture,percent,13.0,13.0,0.0833333333333333,0.0833333333333333,0.0814753594146543,0.0814753594146543,0.0030073055716902,0.2825447408069276,0.0030073055716902,0.2825447408069276,0.0713105702130707,196.64919895895093,0,0,Karina Smirnoff,51,Sports,0
19,2,Randy Couture,percent,12.0,12.0,0.0773480662983425,0.0773480662983425,0.0949801754186688,0.0949801754186688,0.0107768383269582,0.2772563612808219,0.0107768383269582,0.2772563612808219,0.0679794701412917,216.39361871372537,0,0,Karina Smirnoff,51,Sports,0
19,3,Randy Couture,percent,11.0,11.0,0.0736543909348441,0.0736543909348441,0.0139682553978822,0.0139682553978822,0.0005540169168046,0.0382742475469611,0.0005540169168046,0.0382742475469611,0.0096225078138154,10799.992531038994,0,0,Karina Smirnoff,51,Sports,0
19,4,Randy Couture,,,13.0,,,,,,,,,,,1,1,Karina Smirnoff,51,Sports,1
19,5,Randy Couture,,,13.0,,,,,,,,,,,1,1,Karina Smirnoff,51,Sports,1
19,6,Randy Couture,,,13.0,,,,,,,,,,,1,1,Karina Smirnoff,51,Sports,1
19,7,Randy Couture,,,13.0,,,,,,,,,,,1,1,Karina Smirnoff,51,Sports,1
19,8,Randy Couture,,,13.0,,,,,,,,,,,1,1,Karina Smirnoff,51,Sports,1
19,9,Randy Couture,,,13.0,,,,,,,,,,,1,1,Karina Smirnoff,51,Sports,1
19,10,Randy Couture,,,13.0,,,,,,,,,,,1,1,Karina Smirnoff,51,Sports,1
19,11,Randy Couture,,,13.0,,,,,,,,,,,1,1,Karina Smirnoff,51,Sports,1
19,1,Sadie Robertson,percent,13.0,13.0,0.0913978494623656,0.0913978494623656,0.0807467187263199,0.0807467187263199,0.0025746934981593,0.2746625436876941,0.0025746934981593,0.2746625436876941,0.0694101658646772,207.5648622525339,0,0,Mark Ballas,17,Media,0
19,2,Sadie Robertson,percent,12.0,12.0,0.0856353591160221,0.0856353591160221,0.0866847238043732,0.0866847238043732,0.0042770982831352,0.3087911654071058,0.0042770982831352,0.3087911654071058,0.0776821599806047,165.7133185182603,0,0,Mark Ballas,17,Media,0
19,3,Sadie Robertson,percent,11.0,11.0,0.0906515580736544,0.0906515580736544,0.0983410084504445,0.0983410084504445,0.0044159546292931,0.3296678067164544,0.0044159546292931,0.3296678067164544,0.0829724112467248,145.25549729148693,0,0,Mark Ballas,17,Media,0
19,4,Sadie Robertson,percent,10.0,10.0,0.115625,0.115625,0.100404386934586,0.100404386934586,0.00342220246337,0.3221728280723264,0.00342220246337,0.3221728280723264,0.0813139351043256,151.2411748694505,0,0,Mark Ballas,17,Media,0
19,5,Sadie Robertson,percent,9.0,9.0,0.1363636363636363,0.1363636363636363,0.110900127659344,0.110900127659344,0.0033485673228781,0.368759292713421,0.0033485673228781,0.368759292713421,0.0932170217833017,115.082570332486,0,0,Mark Ballas,17,Media,0
19,6,Sadie Robertson,percent,9.0,9.0,0.1194539249146757,0.1194539249146757,0.1144000654146931,0.1144000654146931,0.0061549313713804,0.3552051478730653,0.0061549313713804,0.3552051478730653,0.0890434225769604,126.12358608906108,0,0,Mark Ballas,17,Media,0
19,7,Sadie Robertson,percent,8.0,8.0,0.1199226305609284,0.1199226305609284,0.1434287330485935,0.1434287330485935,0.0109381876014879,0.4357319406125112,0.0109381876014879,0.4357319406125112,0.1083657533191386,85.15612508166868,0,0,Mark Ballas,17,Media,0
19,8,Sadie Robertson,percent,7.0,7.0,0.1532258064516129,0.1532258064516129,0.1552364416411508,0.1552364416411508,0.0071475512327571,0.4851067495508847,0.0071475512327571,0.4851067495508847,0.1219283669178896,67.26520746370076,0,0,Mark Ballas,17,Media,0
19,9,Sadie Robertson,percent,6.0,6.0,0.1705607476635514,0.1705607476635514,0.1889895852521886,0.1889895852521886,0.0179208949521143,0.5235526703979936,0.0179208949521143,0.5235526703979936,0.1289876978178263,60.10400569640758,0,0,Mark Ballas,17,Media,0
19,10,Sadie Robertson,percent,5.0,5.0,0.2027397260273972,0.2027397260273972,0.2401072407472627,0.2401072407472627,0.0180645594064773,0.6430647945606303,0.0180645594064773,0.6430647945606303,0.1594388354985084,39.33795439844773,0,0,Mark Ballas,17,Media,0
19,11,Sadie Robertson,percent,4.0,4.0,0.2515988307011315,0.2515988307011315,0.3120348238611182,0.3120348238611182,0.0402555855717631,0.7436276129804219,0.0402555855717631,0.7436276129804219,0.179431639645066,31.060035555181656,0,0,Mark Ballas,17,Media,0
19,1,Tavis Smiley,percent,13.0,13.0,0.0779569892473118,0.0779569892473118,0.0804010679494293,0.0804010679494293,0.002965572476836,0.2680519711749621,0.002965572476836,0.2680519711749621,0.0676240813005423,218.6740476546753,0,0,Sharna Burgess,50,Other,0
19,2,Tavis Smiley,percent,12.0,12.0,0.0773480662983425,0.0773480662983425,0.0092522702399709,0.0092522702399709,0.0003276678599382,0.0268566988136845,0.0003276678599382,0.0268566988136845,0.0067676099371801,21833.80167457129,0,0,Sharna Burgess,50,Other,0
19,3,Tavis Smiley,,,13.0,,,,,,,,,,,1,1,Sharna Burgess,50,Other,1
19,4,Tavis Smiley,,,13.0,,,,,,,,,,,1,1,Sharna Burgess,50,Other,1
19,5,Tavis Smiley,,,13.0,,,,,,,,,,,1,1,Sharna Burgess,50,Other,1
19,6,Tavis Smiley,,,13.0,,,,,,,,,,,1,1,Sharna Burgess,50,Other,1
19,7,Tavis Smiley,,,13.0,,,,,,,,,,,1,1,Sharna Burgess,50,Other,1
19,8,Tavis Smiley,,,13.0,,,,,,,,,,,1,1,Sharna Burgess,50,Other,1
19,9,Tavis Smiley,,,13.0,,,,,,,,,,,1,1,Sharna Burgess,50,Other,1
19,10,Tavis Smiley,,,13.0,,,,,,,,,,,1,1,Sharna Burgess,50,Other,1
19,11,Tavis Smiley,,,13.0,,,,,,,,,,,1,1,Sharna Burgess,50,Other,1
19,1,Tommy Chong,percent,13.0,13.0,0.0725806451612903,0.0725806451612903,0.0832123007442197,0.0832123007442197,0.0033895666965534,0.2761312081715269,0.0033895666965534,0.2761312081715269,0.0695769493558606,206.57094398869367,0,0,Peta Murgatroyd,76,Entertainment,0
19,2,Tommy Chong,percent,12.0,12.0,0.0773480662983425,0.0773480662983425,0.0966006540472385,0.0966006540472385,0.0082742856220617,0.2873972277651581,0.0082742856220617,0.2873972277651581,0.0712048321793613,197.2336744179832,0,0,Peta Murgatroyd,76,Entertainment,0
19,3,Tommy Chong,percent,11.0,11.0,0.0963172804532577,0.0963172804532577,0.094740279372589,0.094740279372589,0.0028470491489228,0.3175466649199643,0.0028470491489228,0.3175466649199643,0.0802805142273065,155.159977770625,0,0,Peta Murgatroyd,76,Entertainment,0
19,4,Tommy Chong,percent,10.0,10.0,0.0875,0.0875,0.117667587164719,0.117667587164719,0.014644865824066,0.3476957774038338,0.014644865824066,0.3476957774038338,0.0849619672397366,138.53224767534235,0,0,Peta Murgatroyd,76,Entertainment,0
19,5,Tommy Chong,percent,9.0,9.0,0.0871212121212121,0.0871212121212121,0.1133974829670819,0.1133974829670819,0.0032294845076915,0.3732288551677431,0.0032294845076915,0.3732288551677431,0.0943875945561356,112.24581646552254,0,0,Peta Murgatroyd,76,Entertainment,0
19,6,Tommy Chong,percent,9.0,9.0,0.0955631399317406,0.0955631399317406,0.1340229438991592,0.1340229438991592,0.0245512187406885,0.3734502245968643,0.0245512187406885,0.3734502245968643,0.0890048484326979,126.23293212457216,0,0,Peta Murgatroyd,76,Entertainment,0
19,7,Tommy Chong,percent,8.0,8.0,0.11605415860735,0.11605415860735,0.1470577059914027,0.1470577059914027,0.0138778066479852,0.4325176970855671,0.0138778066479852,0.4325176970855671,0.1067958904177504,87.67805717846323,0,0,Peta Murgatroyd,76,Entertainment,0
19,8,Tommy Chong,percent,7.0,7.0,0.1169354838709677,0.1169354838709677,0.1750191867617327,0.1750191867617327,0.0121097183369007,0.5032103484485994,0.0121097183369007,0.5032103484485994,0.1252807729876782,63.713454273240046,0,0,Peta Murgatroyd,76,Entertainment,0
19,9,Tommy Chong,percent,6.0,6.0,0.1331775700934579,0.1331775700934579,0.2272973514514547,0.2272973514514547,0.0547458941816386,0.5826487688050986,0.0547458941816386,0.5826487688050986,0.13466910066925,55.1396595422089,0,0,Peta Murgatroyd,76,Entertainment,0
19,10,Tommy Chong,percent,5.0,5.0,0.1698630136986301,0.1698630136986301,0.0492759318894181,0.0492759318894181,0.0020621531632324,0.1395038827120791,0.0020621531632324,0.1395038827120791,0.0350616657012364,813.4575807741477,0,0,Peta Murgatroyd,76,Entertainment,0
19,11,Tommy Chong,,,13.0,,,,,,,,,,,1,1,Peta Murgatroyd,76,Entertainment,1
20,1,Charlotte McKinney,percent,12.0,12.0,0.0691823899371069,0.0691823899371069,0.0829707984997994,0.0829707984997994,0.0023821372468393,0.2830514144640312,0.0023821372468393,0.2830514144640312,0.0715993054125489,195.06636071097105,0,0,Keo Motsepe,21,Fashion,0
20,2,Charlotte McKinney,percent,12.0,12.0,0.0749279538904899,0.0749279538904899,0.093915757793632,0.093915757793632,0.0199749731819777,0.2371975919051963,0.0199749731819777,0.2371975919051963,0.0554139333477598,325.65821943316234,0,0,Keo Motsepe,21,Fashion,0
20,3,Charlotte McKinney,percent,11.0,11.0,0.0702875399361022,0.0702875399361022,0.015805989215443,0.015805989215443,0.00066042518953,0.0436053488325211,0.00066042518953,0.0436053488325211,0.0109553376640283,8331.98470906218,0,0,Keo Motsepe,21,Fashion,0
20,4,Charlotte McKinney,,,12.0,,,,,,,,,,,1,1,Keo Motsepe,21,Fashion,1
20,5,Charlotte McKinney,,,12.0,,,,,,,,,,,1,1,Keo Motsepe,21,Fashion,1
20,6,Charlotte McKinney,,,12.0,,,,,,,,,,,1,1,Keo Motsepe,21,Fashion,1
20,7,Charlotte McKinney,,,12.0,,,,,,,,,,,1,1,Keo Motsepe,21,Fashion,1
20,8,Charlotte McKinney,,,12.0,,,,,,,,,,,1,1,Keo Motsepe,21,Fashion,1
20,9,Charlotte McKinney,,,12.0,,,,,,,,,,,1,1,Keo Motsepe,21,Fashion,1
20,10,Charlotte McKinney,,,12.0,,,,,,,,,,,1,1,Keo Motsepe,21,Fashion,1
20,1,Chris Soules,percent,12.0,12.0,0.0817610062893081,0.0817610062893081,0.0821556159871447,0.0821556159871447,0.0023542869149274,0.2862148112015107,0.0023542869149274,0.2862148112015107,0.0724133990526998,190.70502334135628,0,0,Witney Carson,33,Media,0
20,2,Chris Soules,percent,12.0,12.0,0.0605187319884726,0.0605187319884726,0.1114161009923269,0.1114161009923269,0.0361503911008044,0.3012235578427944,0.0361503911008044,0.3012235578427944,0.067620705801528,218.69587979755812,0,0,Witney Carson,33,Media,0
20,3,Chris Soules,percent,11.0,11.0,0.0894568690095846,0.0894568690095846,0.0944099098146477,0.0944099098146477,0.0037541943007676,0.3133473373051551,0.0037541943007676,0.3133473373051551,0.07897784260316,160.3206509917758,0,0,Witney Carson,33,Media,0
20,4,Chris Soules,percent,10.0,10.0,0.083076923076923,0.083076923076923,0.1243774568058461,0.1243774568058461,0.0228926991929936,0.3718422661785587,0.0228926991929936,0.3718422661785587,0.0890177466799911,126.19635367414432,0,0,Witney Carson,33,Media,0
20,5,Chris Soules,percent,9.0,9.0,0.0954063604240282,0.0954063604240282,0.1288462081030731,0.1288462081030731,0.0167982256912653,0.3777353879977234,0.0167982256912653,0.3777353879977234,0.0920758067108311,117.95298471746734,0,0,Witney Carson,33,Media,0
20,6,Chris Soules,percent,8.0,8.0,0.1236749116607773,0.1236749116607773,0.1416279272140392,0.1416279272140392,0.0121081548954821,0.4263955198158837,0.0121081548954821,0.4263955198158837,0.1056855522756126,89.53003567941974,0,0,Witney Carson,33,Media,0
20,7,Chris Soules,percent,7.0,7.0,0.1220472440944882,0.1220472440944882,0.181054965498301,0.181054965498301,0.0464561977502884,0.4780503983975921,0.0464561977502884,0.4780503983975921,0.1101005613896183,82.49372853716226,0,0,Witney Carson,33,Media,0
20,8,Chris Soules,percent,6.0,6.0,0.1513002364066193,0.1513002364066193,0.0492834214753877,0.0492834214753877,0.0016023084245486,0.1302103573765727,0.0016023084245486,0.1302103573765727,0.0328081757530673,929.043040603026,0,0,Witney Carson,33,Media,0
20,9,Chris Soules,,,12.0,,,,,,,,,,,1,1,Witney Carson,33,Media,1
20,10,Chris Soules,,,12.0,,,,,,,,,,,1,1,Witney Carson,33,Media,1
20,1,Michael Sam,percent,12.0,12.0,0.0817610062893081,0.0817610062893081,0.083389479491508,0.083389479491508,0.0024145331308973,0.2830758591403812,0.0024145331308973,0.2830758591403812,0.0715972770432357,195.07741342808893,0,0,Peta Murgatroyd,25,Sports,0
20,2,Michael Sam,percent,12.0,12.0,0.0806916426512968,0.0806916426512968,0.0940135094019218,0.0940135094019218,0.0150252406463768,0.2665197071584154,0.0150252406463768,0.2665197071584154,0.0641567516612343,242.9490840807167,0,0,Peta Murgatroyd,25,Sports,0
20,3,Michael Sam,percent,11.0,11.0,0.0766773162939297,0.0766773162939297,0.1031703419896945,0.1031703419896945,0.008150465069965,0.3182976457405455,0.008150465069965,0.3182976457405455,0.079119178742495,159.748378542667,0,0,Peta Murgatroyd,25,Sports,0
20,4,Michael Sam,percent,10.0,10.0,0.0923076923076923,0.0923076923076923,0.0128219070503947,0.0128219070503947,0.0005598459583003,0.0384828619543286,0.0005598459583003,0.0384828619543286,0.009674238774497,10684.79995567048,0,0,Peta Murgatroyd,25,Sports,0
20,5,Michael Sam,,,12.0,,,,,,,,,,,1,1,Peta Murgatroyd,25,Sports,1
20,6,Michael Sam,,,12.0,,,,,,,,,,,1,1,Peta Murgatroyd,25,Sports,1
20,7,Michael Sam,,,12.0,,,,,,,,,,,1,1,Peta Murgatroyd,25,Sports,1
20,8,Michael Sam,,,12.0,,,,,,,,,,,1,1,Peta Murgatroyd,25,Sports,1
20,9,Michael Sam,,,12.0,,,,,,,,,,,1,1,Peta Murgatroyd,25,Sports,1
20,10,Michael Sam,,,12.0,,,,,,,,,,,1,1,Peta Murgatroyd,25,Sports,1
20,1,Nastia Liukin,percent,12.0,12.0,0.0943396226415094,0.0943396226415094,0.0837649803169984,0.0837649803169984,0.0021863279916426,0.2890027186116842,0.0021863279916426,0.2890027186116842,0.0731674465867453,186.79455029953115,0,0,Derek Hough,25,Sports,0
20,2,Nastia Liukin,percent,12.0,12.0,0.0979827089337175,0.0979827089337175,0.0846979747836976,0.0846979747836976,0.0036440293988503,0.2598939616496015,0.0036440293988503,0.2598939616496015,0.065369880676212,234.01549554393796,0,0,Derek Hough,25,Sports,0
20,3,Nastia Liukin,percent,11.0,11.0,0.108626198083067,0.108626198083067,0.0960977772159364,0.0960977772159364,0.0032886297544007,0.3261391368239729,0.0032886297544007,0.3261391368239729,0.0823598232320337,147.42433870180824,0,0,Derek Hough,25,Sports,0
20,4,Nastia Liukin,percent,10.0,10.0,0.1107692307692307,0.1107692307692307,0.1043279058844308,0.1043279058844308,0.0038977886795607,0.3281726348497384,0.0038977886795607,0.3281726348497384,0.0827231750434126,146.1320948456633,0,0,Derek Hough,25,Sports,0
20,5,Nastia Liukin,percent,9.0,9.0,0.1342756183745583,0.1342756183745583,0.1156374627668442,0.1156374627668442,0.0031182194075821,0.3688538678270242,0.0031182194075821,0.3688538678270242,0.0932999103110821,114.87818026359834,0,0,Derek Hough,25,Sports,0
20,6,Nastia Liukin,percent,8.0,8.0,0.1289752650176678,0.1289752650176678,0.1343350409822444,0.1343350409822444,0.0082444049178684,0.4085117030458713,0.0082444049178684,0.4085117030458713,0.1021090046244905,95.9117719848998,0,0,Derek Hough,25,Sports,0
20,7,Nastia Liukin,percent,7.0,7.0,0.1614173228346456,0.1614173228346456,0.1472541771743234,0.1472541771743234,0.0085587145628365,0.4155796543567301,0.0085587145628365,0.4155796543567301,0.1038318723964014,92.75527740189546,0,0,Derek Hough,25,Sports,0
20,8,Nastia Liukin,percent,6.0,6.0,0.1796690307328605,0.1796690307328605,0.2193424206020342,0.2193424206020342,0.0264848872071895,0.5551183769170095,0.0264848872071895,0.5551183769170095,0.1348554820688316,54.98734975213208,0,0,Derek Hough,25,Sports,0
20,9,Nastia Liukin,percent,4.0,4.0,0.2547770700636942,0.2547770700636942,0.0636993479651845,0.0636993479651845,0.0020675370451981,0.1801313135991011,0.0020675370451981,0.1801313135991011,0.045424432794363,484.6419170251563,0,0,Derek Hough,25,Sports,0
20,10,Nastia Liukin,,,12.0,,,,,,,,,,,1,1,Derek Hough,25,Sports,1
20,1,Noah Galloway,percent,12.0,12.0,0.0817610062893081,0.0817610062893081,0.0837278544088444,0.0837278544088444,0.0023418352385929,0.2862026095851929,0.0023418352385929,0.2862026095851929,0.0724134628435204,190.7046873479071,0,0,Sharna Burgess,33,Other,0
20,2,Noah Galloway,percent,12.0,12.0,0.0778097982708933,0.0778097982708933,0.092137666314594,0.092137666314594,0.0168979808972582,0.2665305309000425,0.0168979808972582,0.2665305309000425,0.0636817729598939,246.58673365247068,0,0,Sharna Burgess,33,Other,0
20,3,Noah Galloway,percent,11.0,11.0,0.0958466453674121,0.0958466453674121,0.0973635654337749,0.0973635654337749,0.0030731432816583,0.3128386667824088,0.0030731432816583,0.3128386667824088,0.0790218172195792,160.14226791348813,0,0,Sharna Burgess,33,Other,0
20,4,Noah Galloway,percent,10.0,10.0,0.0984615384615384,0.0984615384615384,0.1051136954967531,0.1051136954967531,0.0074214409258054,0.3449720202662013,0.0074214409258054,0.3449720202662013,0.0861098416684683,134.86349759495474,0,0,Sharna Burgess,33,Other,0
20,5,Noah Galloway,percent,9.0,9.0,0.0989399293286219,0.0989399293286219,0.1287954179472771,0.1287954179472771,0.0141368291808443,0.3812802054530229,0.0141368291808443,0.3812802054530229,0.0936590245592292,113.99892060372385,0,0,Sharna Burgess,33,Other,0
20,6,Noah Galloway,percent,8.0,8.0,0.1201413427561837,0.1201413427561837,0.147889040059622,0.147889040059622,0.0150370922152972,0.4427604928412111,0.0150370922152972,0.4427604928412111,0.1091131124045698,83.9935838071187,0,0,Sharna Burgess,33,Other,0
20,7,Noah Galloway,percent,7.0,7.0,0.1496062992125984,0.1496062992125984,0.1558453476724801,0.1558453476724801,0.0200504103300472,0.4378240431842047,0.0200504103300472,0.4378240431842047,0.1065749063403463,88.04203670862566,0,0,Sharna Burgess,33,Other,0
20,8,Noah Galloway,percent,6.0,6.0,0.1489361702127659,0.1489361702127659,0.2462157237097057,0.2462157237097057,0.051720044683938,0.5899883594594681,0.051720044683938,0.5899883594594681,0.1373133456060025,53.03645679791353,0,0,Sharna Burgess,33,Other,0
20,9,Noah Galloway,percent,4.0,4.0,0.2420382165605095,0.2420382165605095,0.3250036816364166,0.3250036816364166,0.0640207738767969,0.7328184693280134,0.0640207738767969,0.7328184693280134,0.1706116570028613,34.354418208158634,0,0,Sharna Burgess,33,Other,0
20,10,Noah Galloway,percent,3.0,3.0,0.3103448275862069,0.3103448275862069,0.3319334582937231,0.3319334582937231,0.013534809217088,0.8421445243057335,0.013534809217088,0.8421445243057335,0.2113800293593483,22.380618908003388,0,0,Sharna Burgess,33,Other,0
20,1,Patti LaBelle,percent,12.0,12.0,0.0786163522012578,0.0786163522012578,0.0853524120210842,0.0853524120210842,0.0022890934716999,0.2914724827938107,0.0022890934716999,0.2914724827938107,0.0737712727862527,183.749195819337,0,0,Artem Chigvintsev,70,Music,0
20,2,Patti LaBelle,percent,12.0,12.0,0.0806916426512968,0.0806916426512968,0.0921171025313279,0.0921171025313279,0.0132147076148896,0.2555484721967746,0.0132147076148896,0.2555484721967746,0.0618198379035421,261.6641807383396,0,0,Artem Chigvintsev,70,Music,0
20,3,Patti LaBelle,percent,11.0,11.0,0.0702875399361022,0.0702875399361022,0.1121778962466495,0.1121778962466495,0.0124069065782091,0.3472482302249255,0.0124069065782091,0.3472482302249255,0.0854187050119174,137.0547317476798,0,0,Artem Chigvintsev,70,Music,0
20,4,Patti LaBelle,percent,10.0,10.0,0.0923076923076923,0.0923076923076923,0.1139678755738083,0.1139678755738083,0.0126619877199109,0.3396656814755385,0.0126619877199109,0.3396656814755385,0.0834193096315376,143.70332511845865,0,0,Artem Chigvintsev,70,Music,0
20,5,Patti LaBelle,percent,9.0,9.0,0.0954063604240282,0.0954063604240282,0.1268869721203574,0.1268869721203574,0.0172570026662724,0.3647439844955925,0.0172570026662724,0.3647439844955925,0.0886446382217653,127.2609193144774,0,0,Artem Chigvintsev,70,Music,0
20,6,Patti LaBelle,percent,8.0,8.0,0.1201413427561837,0.1201413427561837,0.0164525617563734,0.0164525617563734,0.000661481540023,0.0523166180870555,0.000661481540023,0.0523166180870555,0.013177330751794,5758.973846028064,0,0,Artem Chigvintsev,70,Music,0
20,7,Patti LaBelle,,,12.0,,,,,,,,,,,1,1,Artem Chigvintsev,70,Music,1
20,8,Patti LaBelle,,,12.0,,,,,,,,,,,1,1,Artem Chigvintsev,70,Music,1
20,9,Patti LaBelle,,,12.0,,,,,,,,,,,1,1,Artem Chigvintsev,70,Music,1
20,10,Patti LaBelle,,,12.0,,,,,,,,,,,1,1,Artem Chigvintsev,70,Music,1
20,1,Redfoo,percent,12.0,12.0,0.0691823899371069,0.0691823899371069,0.0819154612782941,0.0819154612782941,0.0023437742089638,0.2819329979476141,0.0023437742089638,0.2819329979476141,0.0713237815659822,196.5763547744356,0,0,Emma Slater,39,Music,0
20,2,Redfoo,percent,12.0,12.0,0.0893371757925072,0.0893371757925072,0.0067124446955233,0.0067124446955233,0.0001850073122486,0.0239402400565661,0.0001850073122486,0.0239402400565661,0.0060600083531422,27230.37074777761,0,0,Emma Slater,39,Music,0
20,3,Redfoo,,,12.0,,,,,,,,,,,1,1,Emma Slater,39,Music,1
20,4,Redfoo,,,12.0,,,,,,,,,,,1,1,Emma Slater,39,Music,1
20,5,Redfoo,,,12.0,,,,,,,,,,,1,1,Emma Slater,39,Music,1
20,6,Redfoo,,,12.0,,,,,,,,,,,1,1,Emma Slater,39,Music,1
20,7,Redfoo,,,12.0,,,,,,,,,,,1,1,Emma Slater,39,Music,1
20,8,Redfoo,,,12.0,,,,,,,,,,,1,1,Emma Slater,39,Music,1
20,9,Redfoo,,,12.0,,,,,,,,,,,1,1,Emma Slater,39,Music,1
20,10,Redfoo,,,12.0,,,,,,,,,,,1,1,Emma Slater,39,Music,1
20,1,Riker Lynch,percent,12.0,12.0,0.0974842767295597,0.0974842767295597,0.0832620857307195,0.0832620857307195,0.0023217369900522,0.2800293086900047,0.0023217369900522,0.2800293086900047,0.0708437682908042,199.2492485316584,0,0,Allison Holker,23,Entertainment,0
20,2,Riker Lynch,percent,12.0,12.0,0.0922190201729106,0.0922190201729106,0.0812423167193127,0.0812423167193127,0.0052269823812487,0.2813544866646442,0.0052269823812487,0.2813544866646442,0.0704406898682131,201.53607616571716,0,0,Allison Holker,23,Entertainment,0
20,3,Riker Lynch,percent,11.0,11.0,0.108626198083067,0.108626198083067,0.0956767579794636,0.0956767579794636,0.0031804472981933,0.3146501585869936,0.0031804472981933,0.3146501585869936,0.0794565590022449,158.39464446691343,0,0,Allison Holker,23,Entertainment,0
20,4,Riker Lynch,percent,10.0,10.0,0.1046153846153846,0.1046153846153846,0.1081226871107488,0.1081226871107488,0.0036648480255348,0.3482947818394579,0.0036648480255348,0.3482947818394579,0.0879157994423273,129.37970029514895,0,0,Allison Holker,23,Entertainment,0
20,5,Riker Lynch,percent,9.0,9.0,0.1342756183745583,0.1342756183745583,0.114983845616843,0.114983845616843,0.0042027235590918,0.3778884463518108,0.0042027235590918,0.3778884463518108,0.0953279905083466,110.04216428612196,0,0,Allison Holker,23,Entertainment,0
20,6,Riker Lynch,percent,8.0,8.0,0.1342756183745583,0.1342756183745583,0.1349213251245917,0.1349213251245917,0.0070103878517872,0.409660469218422,0.0070103878517872,0.409660469218422,0.1027168574914884,94.779966674492,0,0,Allison Holker,23,Entertainment,0
20,7,Riker Lynch,percent,7.0,7.0,0.1456692913385826,0.1456692913385826,0.156779912615995,0.156779912615995,0.0243866773398191,0.4332202938624644,0.0243866773398191,0.4332202938624644,0.1042942899292462,91.93458855037738,0,0,Allison Holker,23,Entertainment,0
20,8,Riker Lynch,percent,6.0,6.0,0.1843971631205673,0.1843971631205673,0.219791923130189,0.219791923130189,0.0295664466854106,0.5806171412631277,0.0295664466854106,0.5806171412631277,0.1405741567800298,50.60448690485096,0,0,Allison Holker,23,Entertainment,0
20,9,Riker Lynch,percent,4.0,4.0,0.2547770700636942,0.2547770700636942,0.3086459711861511,0.3086459711861511,0.0490471104439973,0.7218382892952849,0.0490471104439973,0.7218382892952849,0.1716304027681856,33.9477938859511,0,0,Allison Holker,23,Entertainment,0
20,10,Riker Lynch,percent,3.0,3.0,0.3448275862068966,0.3448275862068966,0.3353649960418128,0.3353649960418128,0.0137285772330948,0.8479028136543094,0.0137285772330948,0.8479028136543094,0.2127995501074527,22.083026270007657,0,0,Allison Holker,23,Entertainment,0
20,1,Robert Herjavec,percent,12.0,12.0,0.0880503144654088,0.0880503144654088,0.0831970294509035,0.0831970294509035,0.0022218215413996,0.2862614658228735,0.0022218215413996,0.2862614658228735,0.0724590929289474,190.46457583440508,0,0,Kym Johnson,52,Other,0
20,2,Robert Herjavec,percent,12.0,12.0,0.0806916426512968,0.0806916426512968,0.0855843821380861,0.0855843821380861,0.0142042582353285,0.2788329792979412,0.0142042582353285,0.2788329792979412,0.0675073268016869,219.43109902238027,0,0,Kym Johnson,52,Other,0
20,3,Robert Herjavec,percent,11.0,11.0,0.0926517571884984,0.0926517571884984,0.0957822631435646,0.0957822631435646,0.0034691548635707,0.3213262054278262,0.0034691548635707,0.3213262054278262,0.0810859822867998,152.09272309150285,0,0,Kym Johnson,52,Other,0
20,4,Robert Herjavec,percent,10.0,10.0,0.1046153846153846,0.1046153846153846,0.1040419444138709,0.1040419444138709,0.0048002592032914,0.3281880584414753,0.0048002592032914,0.3281880584414753,0.0824968875607611,146.93486976566322,0,0,Kym Johnson,52,Other,0
20,5,Robert Herjavec,percent,9.0,9.0,0.0848056537102473,0.0848056537102473,0.1431025477456556,0.1431025477456556,0.0295326444219519,0.3925601811534676,0.0295326444219519,0.3925601811534676,0.0926090654927336,116.59850885273175,0,0,Kym Johnson,52,Other,0
20,6,Robert Herjavec,percent,8.0,8.0,0.1183745583038869,0.1183745583038869,0.1451874425897366,0.1451874425897366,0.0144056298175282,0.4241314260043327,0.0144056298175282,0.4241314260043327,0.104521886782348,91.5346485451954,0,0,Kym Johnson,52,Other,0
20,7,Robert Herjavec,percent,7.0,7.0,0.1220472440944882,0.1220472440944882,0.1832612074660848,0.1832612074660848,0.0483205575091379,0.4580155626591203,0.0483205575091379,0.4580155626591203,0.1045140319260159,91.5484078178739,0,0,Kym Johnson,52,Other,0
20,8,Robert Herjavec,percent,6.0,6.0,0.1465721040189125,0.1465721040189125,0.0512894030317509,0.0512894030317509,0.0017016423591031,0.137416925165173,0.0017016423591031,0.137416925165173,0.0346212456137933,834.2853587076293,0,0,Kym Johnson,52,Other,0
20,9,Robert Herjavec,,,12.0,,,,,,,,,,,1,1,Kym Johnson,52,Other,1
20,10,Robert Herjavec,,,12.0,,,,,,,,,,,1,1,Kym Johnson,52,Other,1
20,1,Rumer Willis,percent,12.0,12.0,0.10062893081761,0.10062893081761,0.0835188470655522,0.0835188470655522,0.0024626618017923,0.285683555113027,0.0024626618017923,0.285683555113027,0.072250227885519,191.56737908409767,0,0,Valentin Chmerkovskiy,26,Entertainment,0
20,2,Rumer Willis,percent,12.0,12.0,0.0922190201729106,0.0922190201729106,0.0843457935418536,0.0843457935418536,0.007189317500836,0.2607464852843681,0.007189317500836,0.2607464852843681,0.0646829509651867,239.0123543597827,0,0,Valentin Chmerkovskiy,26,Entertainment,0
20,3,Rumer Willis,percent,11.0,11.0,0.1054313099041533,0.1054313099041533,0.0956618457091316,0.0956618457091316,0.0027782962231727,0.3207553696650537,0.0027782962231727,0.3207553696650537,0.0811166003678267,151.97792763833752,0,0,Valentin Chmerkovskiy,26,Entertainment,0
20,4,Rumer Willis,percent,10.0,10.0,0.1076923076923077,0.1076923076923077,0.1055400729261436,0.1055400729261436,0.003490322231756,0.3540498995373305,0.003490322231756,0.3540498995373305,0.0894284635983608,125.0398548663053,0,0,Valentin Chmerkovskiy,26,Entertainment,0
20,5,Rumer Willis,percent,9.0,9.0,0.1378091872791519,0.1378091872791519,0.1098746467463515,0.1098746467463515,0.0028574501204275,0.3829144125974244,0.0028574501204275,0.3829144125974244,0.0969533067543359,106.38361599973912,0,0,Valentin Chmerkovskiy,26,Entertainment,0
20,6,Rumer Willis,percent,8.0,8.0,0.1254416961130742,0.1254416961130742,0.1418881358623018,0.1418881358623018,0.0092440632501905,0.4288583389973479,0.0092440632501905,0.4288583389973479,0.1070444580987646,87.27133593539668,0,0,Valentin Chmerkovskiy,26,Entertainment,0
20,7,Rumer Willis,percent,7.0,7.0,0.1456692913385826,0.1456692913385826,0.1564322260788253,0.1564322260788253,0.0217693668718179,0.4249813827399946,0.0217693668718179,0.4249813827399946,0.1028602081296369,94.5159714641832,0,0,Valentin Chmerkovskiy,26,Entertainment,0
20,8,Rumer Willis,percent,6.0,6.0,0.1891252955082742,0.1891252955082742,0.2140771080509328,0.2140771080509328,0.0215255897095255,0.5851076797571628,0.0215255897095255,0.5851076797571628,0.143770941338683,48.37909805485016,0,0,Valentin Chmerkovskiy,26,Entertainment,0
20,9,Rumer Willis,percent,4.0,4.0,0.2484076433121019,0.2484076433121019,0.3026509992122463,0.3026509992122463,0.0530844233577089,0.6993990549539532,0.0530844233577089,0.6993990549539532,0.1648761815296541,36.78613483942573,0,0,Valentin Chmerkovskiy,26,Entertainment,0
20,10,Rumer Willis,percent,3.0,3.0,0.3448275862068966,0.3448275862068966,0.3327015456644643,0.3327015456644643,0.0133675186999933,0.8409739988949484,0.0133675186999933,0.8409739988949484,0.2111241020905497,22.43491192595965,0,0,Valentin Chmerkovskiy,26,Entertainment,0
20,1,Suzanne Somers,percent,12.0,12.0,0.0786163522012578,0.0786163522012578,0.0832356206538608,0.0832356206538608,0.0024379490832686,0.2880383466713142,0.0024379490832686,0.2880383466713142,0.0728572442826647,188.38855660520696,0,0,Tony Dovolani,68,Entertainment,0
20,2,Suzanne Somers,percent,12.0,12.0,0.0806916426512968,0.0806916426512968,0.0923529007003577,0.0923529007003577,0.015498342583756,0.2678105568220095,0.015498342583756,0.2678105568220095,0.0643653607750646,241.37683270378224,0,0,Tony Dovolani,68,Entertainment,0
20,3,Suzanne Somers,percent,11.0,11.0,0.0798722044728434,0.0798722044728434,0.1023907706797756,0.1023907706797756,0.0057246106887462,0.3264424503422246,0.0057246106887462,0.3264424503422246,0.0818157754218057,149.39150357993398,0,0,Tony Dovolani,68,Entertainment,0
20,4,Suzanne Somers,percent,10.0,10.0,0.0861538461538461,0.0861538461538461,0.1176960200085088,0.1176960200085088,0.0159680103797035,0.3365838219235239,0.0159680103797035,0.3365838219235239,0.0817897478428113,149.48659906417143,0,0,Tony Dovolani,68,Entertainment,0
20,5,Suzanne Somers,percent,9.0,9.0,0.0989399293286219,0.0989399293286219,0.0170088965579528,0.0170088965579528,0.0007065128419009,0.0497462564117326,0.0007065128419009,0.0497462564117326,0.0125101386657733,6389.630623749595,0,0,Tony Dovolani,68,Entertainment,0
20,6,Suzanne Somers,,,12.0,,,,,,,,,,,1,1,Tony Dovolani,68,Entertainment,1
20,7,Suzanne Somers,,,12.0,,,,,,,,,,,1,1,Tony Dovolani,68,Entertainment,1
20,8,Suzanne Somers,,,12.0,,,,,,,,,,,1,1,Tony Dovolani,68,Entertainment,1
20,9,Suzanne Somers,,,12.0,,,,,,,,,,,1,1,Tony Dovolani,68,Entertainment,1
20,10,Suzanne Somers,,,12.0,,,,,,,,,,,1,1,Tony Dovolani,68,Entertainment,1
20,1,Willow Shields,percent,12.0,12.0,0.0786163522012578,0.0786163522012578,0.0835098150952902,0.0835098150952902,0.0024023770871879,0.2867431552563253,0.0024023770871879,0.2867431552563253,0.0725359127982493,190.0613627097465,0,0,Mark Ballas,14,Entertainment,0
20,2,Willow Shields,percent,12.0,12.0,0.0922190201729106,0.0922190201729106,0.0814640503873656,0.0814640503873656,0.0061034873602273,0.2860129890390281,0.0061034873602273,0.2860129890390281,0.071405485122143,196.12675910075615,0,0,Mark Ballas,14,Entertainment,0
20,3,Willow Shields,percent,11.0,11.0,0.1022364217252396,0.1022364217252396,0.0914628825719184,0.0914628825719184,0.0025189342341767,0.3099218246671873,0.0025189342341767,0.3099218246671873,0.0784191047022986,162.61336637581937,0,0,Mark Ballas,14,Entertainment,0
20,4,Willow Shields,percent,10.0,10.0,0.12,0.12,0.1039904347294938,0.1039904347294938,0.0044941579639067,0.3531157409865706,0.0044941579639067,0.3531157409865706,0.0889340773016999,126.43391699368227,0,0,Mark Ballas,14,Entertainment,0
20,5,Willow Shields,percent,9.0,9.0,0.1201413427561837,0.1201413427561837,0.114864002395645,0.114864002395645,0.0047497989013851,0.3592085752410559,0.0047497989013851,0.3592085752410559,0.0904231572295078,122.30400147652244,0,0,Mark Ballas,14,Entertainment,0
20,6,Willow Shields,percent,8.0,8.0,0.1289752650176678,0.1289752650176678,0.1376985264110903,0.1376985264110903,0.007825498663807,0.4154325214845625,0.007825498663807,0.4154325214845625,0.1039813833726417,92.48873041947208,0,0,Mark Ballas,14,Entertainment,0
20,7,Willow Shields,percent,7.0,7.0,0.1535433070866141,0.1535433070866141,0.0193721634939907,0.0193721634939907,0.0005896155249809,0.0622739034406068,0.0005896155249809,0.0622739034406068,0.015735787733578,4038.52729848442,0,0,Mark Ballas,14,Entertainment,0
20,8,Willow Shields,,,12.0,,,,,,,,,,,1,1,Mark Ballas,14,Entertainment,1
20,9,Willow Shields,,,12.0,,,,,,,,,,,1,1,Mark Ballas,14,Entertainment,1
20,10,Willow Shields,,,12.0,,,,,,,,,,,1,1,Mark Ballas,14,Entertainment,1
21,1,Alek Skarlatos,percent,13.0,13.0,0.088,0.088,0.0766994609792814,0.0766994609792814,0.0018574842671719,0.2664042109759333,0.0018574842671719,0.2664042109759333,0.067486409874684,219.56714228147317,0,0,Lindsay Arnold,22,Other,0
21,2,Alek Skarlatos,percent,13.0,13.0,0.0831792975970425,0.0831792975970425,0.0808784090979012,0.0808784090979012,0.0039668153110512,0.2755601320532199,0.0039668153110512,0.2755601320532199,0.0692840093730022,208.32144361269624,0,0,Lindsay Arnold,22,Other,0
21,3,Alek Skarlatos,percent,10.0,10.0,0.1081967213114754,0.1081967213114754,0.1002120812621784,0.1002120812621784,0.0027539390910776,0.3356958628449038,0.0027539390910776,0.3356958628449038,0.0849341642229148,138.62295898937234,0,0,Lindsay Arnold,22,Other,0
21,4,Alek Skarlatos,percent,10.0,10.0,0.1016949152542373,0.1016949152542373,0.1055108365041249,0.1055108365041249,0.0035020972070896,0.3430337332162191,0.0035020972070896,0.3430337332162191,0.086615213267635,133.29431951851706,0,0,Lindsay Arnold,22,Other,0
21,5,Alek Skarlatos,percent,9.0,9.0,0.0963455149501661,0.0963455149501661,0.1114402938538082,0.1114402938538082,0.0032236578700767,0.369950552767376,0.0032236578700767,0.369950552767376,0.0935527793105355,114.25799834142492,0,0,Lindsay Arnold,22,Other,0
21,6,Alek Skarlatos,percent,9.0,9.0,0.0958466453674121,0.0958466453674121,0.1319202277468782,0.1319202277468782,0.0075255207105538,0.4027306815365459,0.0075255207105538,0.4027306815365459,0.1008176430678551,98.38455363199306,0,0,Lindsay Arnold,22,Other,0
21,7,Alek Skarlatos,percent,8.0,8.0,0.1199095022624434,0.1199095022624434,0.1452752542367162,0.1452752542367162,0.0196615066750337,0.4124558713778551,0.0196615066750337,0.4124558713778551,0.1002026440568422,99.59594050453988,0,0,Lindsay Arnold,22,Other,0
21,8,Alek Skarlatos,percent,7.0,7.0,0.1288663779372513,0.1288663779372513,0.1684790554381959,0.1684790554381959,0.0163722077777223,0.4752607020707062,0.0163722077777223,0.4752607020707062,0.1170633914012714,72.97225994092095,0,0,Lindsay Arnold,22,Other,0
21,9,Alek Skarlatos,percent,6.0,6.0,0.155015197568389,0.155015197568389,0.2035246992725684,0.2035246992725684,0.0439057814739494,0.5313461179252491,0.0439057814739494,0.5313461179252491,0.1243470246049233,64.67392285551082,0,0,Lindsay Arnold,22,Other,0
21,10,Alek Skarlatos,percent,4.0,4.0,0.240506329113924,0.240506329113924,0.2500602645057843,0.2500602645057843,0.0082310897030588,0.7165976735994378,0.0082310897030588,0.7165976735994378,0.1807057611980559,30.623583001295035,0,0,Lindsay Arnold,22,Other,0
21,11,Alek Skarlatos,percent,4.0,4.0,0.2372874892266858,0.2372874892266858,0.3222246399986215,0.3222246399986215,0.0637659190082788,0.7430705740218753,0.0637659190082788,0.7430705740218753,0.1732920038299991,33.29990179545386,0,0,Lindsay Arnold,22,Other,0
21,1,Alexa PenaVega,percent,13.0,13.0,0.088,0.088,0.0756566765536773,0.0756566765536773,0.0020502354986007,0.260823363661936,0.0020502354986007,0.260823363661936,0.0660135531028916,229.47415665373444,0,0,Mark Ballas,27,Entertainment,0
21,2,Alexa PenaVega,percent,13.0,13.0,0.0850277264325323,0.0850277264325323,0.0830230333707867,0.0830230333707867,0.0041347719694895,0.29025260172517,0.0041347719694895,0.29025260172517,0.0729892422846123,187.70778703160337,0,0,Mark Ballas,27,Entertainment,0
21,3,Alexa PenaVega,percent,10.0,10.0,0.1180327868852459,0.1180327868852459,0.0988730793871121,0.0988730793871121,0.0031104864863407,0.3275757137245071,0.0031104864863407,0.3275757137245071,0.0827717416423893,145.96065815550512,0,0,Mark Ballas,27,Entertainment,0
21,4,Alexa PenaVega,percent,10.0,10.0,0.0889830508474576,0.0889830508474576,0.1104696238907648,0.1104696238907648,0.0058977591250956,0.358464426725382,0.0058977591250956,0.358464426725382,0.0899404764286444,123.62025425074704,0,0,Mark Ballas,27,Entertainment,0
21,5,Alexa PenaVega,percent,9.0,9.0,0.132890365448505,0.132890365448505,0.1104169520191486,0.1104169520191486,0.0034188139267414,0.3592319085777987,0.0034188139267414,0.3592319085777987,0.0907686465946574,121.37473091689942,0,0,Mark Ballas,27,Entertainment,0
21,6,Alexa PenaVega,percent,9.0,9.0,0.0958466453674121,0.0958466453674121,0.124881187871496,0.124881187871496,0.0068665146720179,0.3772918151209203,0.0068665146720179,0.3772918151209203,0.0944962501145159,111.98783543347844,0,0,Mark Ballas,27,Entertainment,0
21,7,Alexa PenaVega,percent,8.0,8.0,0.1244343891402715,0.1244343891402715,0.1420935663928579,0.1420935663928579,0.015448287860508,0.4013678718386353,0.015448287860508,0.4013678718386353,0.0984488734638079,103.17595517118718,0,0,Mark Ballas,27,Entertainment,0
21,8,Alexa PenaVega,percent,7.0,7.0,0.1391746572412079,0.1391746572412079,0.1625097611156752,0.1625097611156752,0.0101981238066777,0.4811059259023195,0.0101981238066777,0.4811059259023195,0.120129541350929,69.29475475645513,0,0,Mark Ballas,27,Entertainment,0
21,9,Alexa PenaVega,percent,6.0,6.0,0.182370820668693,0.182370820668693,0.0247794858367494,0.0247794858367494,0.0005002553615978,0.080625312953097,0.0005002553615978,0.080625312953097,0.0204400657121171,2393.510983112109,0,0,Mark Ballas,27,Entertainment,0
21,10,Alexa PenaVega,,,13.0,,,,,,,,,,,1,1,Mark Ballas,27,Entertainment,1
21,11,Alexa PenaVega,,,13.0,,,,,,,,,,,1,1,Mark Ballas,27,Entertainment,1
21,1,Andy Grammer,percent,13.0,13.0,0.084,0.084,0.0770777562830897,0.0770777562830897,0.0020503487442945,0.2668498941646004,0.0020503487442945,0.2668498941646004,0.0675509044439555,219.1480767398901,0,0,Allison Holker,31,Music,0
21,2,Andy Grammer,percent,13.0,13.0,0.0813308687615526,0.0813308687615526,0.0844519459328584,0.0844519459328584,0.0061640156504081,0.2944233489666534,0.0061640156504081,0.2944233489666534,0.0735355442133278,184.92915204983055,0,0,Allison Holker,31,Music,0
21,3,Andy Grammer,percent,10.0,10.0,0.0950819672131147,0.0950819672131147,0.1007678247732533,0.1007678247732533,0.0029522702478895,0.3353056144831279,0.0029522702478895,0.3353056144831279,0.0847840163865404,139.11438103852484,0,0,Allison Holker,31,Music,0
21,4,Andy Grammer,percent,10.0,10.0,0.097457627118644,0.097457627118644,0.1061577857665476,0.1061577857665476,0.0045954195557537,0.3461215184103925,0.0045954195557537,0.3461215184103925,0.0871240048098568,131.74202641809543,0,0,Allison Holker,31,Music,0
21,5,Andy Grammer,percent,9.0,9.0,0.1196013289036544,0.1196013289036544,0.11071675810695,0.11071675810695,0.0034692022789492,0.371217424288369,0.0034692022789492,0.371217424288369,0.0938133219411785,113.62423458968765,0,0,Allison Holker,31,Music,0
21,6,Andy Grammer,percent,9.0,9.0,0.1277955271565495,0.1277955271565495,0.1210505358235749,0.1210505358235749,0.0033616783614884,0.3988187461397319,0.0033616783614884,0.3988187461397319,0.1008819050454702,98.25925123422418,0,0,Allison Holker,31,Music,0
21,7,Andy Grammer,percent,8.0,8.0,0.1266968325791855,0.1266968325791855,0.1387910349685678,0.1387910349685678,0.0121233838839162,0.4076985000910924,0.0121233838839162,0.4076985000910924,0.1009120194406061,98.20061448479862,0,0,Allison Holker,31,Music,0
21,8,Andy Grammer,percent,7.0,7.0,0.1237106918887378,0.1237106918887378,0.0265297321463948,0.0265297321463948,0.000871860198735,0.0750517893122594,0.000871860198735,0.0750517893122594,0.0189234513044705,2792.5393792902846,0,0,Allison Holker,31,Music,0
21,9,Andy Grammer,,,13.0,,,,,,,,,,,1,1,Allison Holker,31,Music,1
21,10,Andy Grammer,,,13.0,,,,,,,,,,,1,1,Allison Holker,31,Music,1
21,11,Andy Grammer,,,13.0,,,,,,,,,,,1,1,Allison Holker,31,Music,1
21,1,Bindi Irwin,percent,13.0,13.0,0.096,0.096,0.0762024845618015,0.0762024845618015,0.0019273430377592,0.260966429372219,0.0019273430377592,0.260966429372219,0.0660813995751172,229.00319146046445,0,0,Derek Hough,17,Media,0
21,2,Bindi Irwin,percent,13.0,13.0,0.088724584103512,0.088724584103512,0.0849618099029668,0.0849618099029668,0.0023354374111072,0.2868391998267552,0.0023354374111072,0.2868391998267552,0.0725774904121551,189.84366340905237,0,0,Derek Hough,17,Media,0
21,3,Bindi Irwin,percent,10.0,10.0,0.1049180327868852,0.1049180327868852,0.1003083388689369,0.1003083388689369,0.0027633400495395,0.3342375583439489,0.0027633400495395,0.3342375583439489,0.0845597495649003,139.85326951490248,0,0,Derek Hough,17,Media,0
21,4,Bindi Irwin,percent,10.0,10.0,0.1186440677966101,0.1186440677966101,0.1096345953876523,0.1096345953876523,0.0034899737847444,0.3551843330865491,0.0034899737847444,0.3551843330865491,0.0897179488014807,124.23424593102132,0,0,Derek Hough,17,Media,0
21,5,Bindi Irwin,percent,9.0,9.0,0.1229235880398671,0.1229235880398671,0.1104411415094116,0.1104411415094116,0.0032020174218143,0.3724870510748124,0.0032020174218143,0.3724870510748124,0.0942053657278056,112.68048824370192,0,0,Derek Hough,17,Media,0
21,6,Bindi Irwin,percent,9.0,9.0,0.1277955271565495,0.1277955271565495,0.1180839682959597,0.1180839682959597,0.0044523503760251,0.3946338607439665,0.0044523503760251,0.3946338607439665,0.0995360995836585,100.93429710664556,0,0,Derek Hough,17,Media,0
21,7,Bindi Irwin,percent,8.0,8.0,0.1312217194570135,0.1312217194570135,0.1353280922540388,0.1353280922540388,0.0105832074401378,0.4082835637307546,0.0105832074401378,0.4082835637307546,0.1014541725231165,97.15388545238042,0,0,Derek Hough,17,Media,0
21,8,Bindi Irwin,percent,7.0,7.0,0.1443303432897215,0.1443303432897215,0.1623264495765005,0.1623264495765005,0.0088508076893267,0.4853667688158518,0.0088508076893267,0.4853667688158518,0.1215601941649298,67.67328052301261,0,0,Derek Hough,17,Media,0
21,9,Bindi Irwin,percent,6.0,6.0,0.182370820668693,0.182370820668693,0.1736274823013812,0.1736274823013812,0.0178952281531702,0.4936785908688721,0.0178952281531702,0.4936785908688721,0.12137330681523,67.88184395998537,0,0,Derek Hough,17,Media,0
21,10,Bindi Irwin,percent,4.0,4.0,0.2658227848101265,0.2658227848101265,0.2496193473834953,0.2496193473834953,0.0085072411365841,0.7101911786459602,0.0085072411365841,0.7101911786459602,0.1790010044666775,31.20966190203483,0,0,Derek Hough,17,Media,0
21,11,Bindi Irwin,percent,4.0,4.0,0.2542375035911047,0.2542375035911047,0.308433246216467,0.308433246216467,0.0478149105243383,0.7078010058933653,0.0478149105243383,0.7078010058933653,0.1683637998390375,35.27788679406786,0,0,Derek Hough,17,Media,0
21,1,Carlos PenaVega,percent,13.0,13.0,0.092,0.092,0.0773919422348054,0.0773919422348054,0.0020301683920213,0.26392018254436,0.0020301683920213,0.26392018254436,0.0668086770796782,224.04448389278087,0,0,Witney Carson,26,Entertainment,0
21,2,Carlos PenaVega,percent,13.0,13.0,0.0831792975970425,0.0831792975970425,0.0835255032278143,0.0835255032278143,0.0043370204045731,0.2706360762080393,0.0043370204045731,0.2706360762080393,0.067933432602925,216.6870119598459,0,0,Witney Carson,26,Entertainment,0
21,3,Carlos PenaVega,percent,10.0,10.0,0.101639344262295,0.101639344262295,0.0996168307585935,0.0996168307585935,0.0028908079470536,0.3283432489305466,0.0028908079470536,0.3283432489305466,0.0830235818835441,145.0764993353977,0,0,Witney Carson,26,Entertainment,0
21,4,Carlos PenaVega,percent,10.0,10.0,0.1059322033898305,0.1059322033898305,0.108548046542159,0.108548046542159,0.0041683806065024,0.3549083495539675,0.0041683806065024,0.3549083495539675,0.0894744818743533,124.91126761529549,0,0,Witney Carson,26,Entertainment,0
21,5,Carlos PenaVega,percent,9.0,9.0,0.1295681063122923,0.1295681063122923,0.1112091988467892,0.1112091988467892,0.0027241221825361,0.3695671122233042,0.0027241221825361,0.3695671122233042,0.0935823954185633,114.18569111403684,0,0,Witney Carson,26,Entertainment,0
21,6,Carlos PenaVega,percent,9.0,9.0,0.121405750798722,0.121405750798722,0.117203827771985,0.117203827771985,0.0035760506135562,0.3885100525616914,0.0035760506135562,0.3885100525616914,0.0981974494765651,103.70497338148724,0,0,Witney Carson,26,Entertainment,0
21,7,Carlos PenaVega,percent,8.0,8.0,0.1266968325791855,0.1266968325791855,0.1407496392850467,0.1407496392850467,0.0137269766786515,0.4382209005163104,0.0137269766786515,0.4382209005163104,0.108289266285117,85.27646276453484,0,0,Witney Carson,26,Entertainment,0
21,8,Carlos PenaVega,percent,7.0,7.0,0.149483967476188,0.149483967476188,0.1629311515358024,0.1629311515358024,0.0083463495939377,0.4951396202101873,0.0083463495939377,0.4951396202101873,0.1241819567898595,64.84597165596108,0,0,Witney Carson,26,Entertainment,0
21,9,Carlos PenaVega,percent,6.0,6.0,0.1641337386018237,0.1641337386018237,0.1882003951586993,0.1882003951586993,0.0427089526291135,0.493904689472962,0.0427089526291135,0.493904689472962,0.1151009532764919,75.48178450106357,0,0,Witney Carson,26,Entertainment,0
21,10,Carlos PenaVega,percent,4.0,4.0,0.2658227848101265,0.2658227848101265,0.2499898269868024,0.2499898269868024,0.0090513053746941,0.7142804808401549,0.0090513053746941,0.7142804808401549,0.1799054019044542,30.896664170495978,0,0,Witney Carson,26,Entertainment,0
21,11,Carlos PenaVega,percent,4.0,4.0,0.2542375035911047,0.2542375035911047,0.0618641083724206,0.0618641083724206,0.0015637194862234,0.1737769819090401,0.0015637194862234,0.1737769819090401,0.0439319546996981,518.1302468273509,0,0,Witney Carson,26,Entertainment,0
21,1,Chaka Khan,percent,13.0,13.0,0.052,0.052,0.0772849884773147,0.0772849884773147,0.0020034766552212,0.2662816890368181,0.0020034766552212,0.2662816890368181,0.0674179113218359,220.01354211078555,0,0,Keo Motsepe,62,Music,0
21,2,Chaka Khan,percent,13.0,13.0,0.055452865064695,0.055452865064695,0.017233023487065,0.017233023487065,0.0007475952377684,0.0410374917462455,0.0007475952377684,0.0410374917462455,0.010278034823591,9466.29055417936,0,0,Keo Motsepe,62,Music,0
21,3,Chaka Khan,,,13.0,,,,,,,,,,,1,1,Keo Motsepe,62,Music,1
21,4,Chaka Khan,,,13.0,,,,,,,,,,,1,1,Keo Motsepe,62,Music,1
21,5,Chaka Khan,,,13.0,,,,,,,,,,,1,1,Keo Motsepe,62,Music,1
21,6,Chaka Khan,,,13.0,,,,,,,,,,,1,1,Keo Motsepe,62,Music,1
21,7,Chaka Khan,,,13.0,,,,,,,,,,,1,1,Keo Motsepe,62,Music,1
21,8,Chaka Khan,,,13.0,,,,,,,,,,,1,1,Keo Motsepe,62,Music,1
21,9,Chaka Khan,,,13.0,,,,,,,,,,,1,1,Keo Motsepe,62,Music,1
21,10,Chaka Khan,,,13.0,,,,,,,,,,,1,1,Keo Motsepe,62,Music,1
21,11,Chaka Khan,,,13.0,,,,,,,,,,,1,1,Keo Motsepe,62,Music,1
21,1,Gary Busey,percent,13.0,13.0,0.06,0.06,0.0772079686883916,0.0772079686883916,0.0023189414418124,0.2641703085977105,0.0023189414418124,0.2641703085977105,0.0667988181520148,224.1106228282865,0,0,Anna Trebunskaya,71,Entertainment,0
21,2,Gary Busey,percent,13.0,13.0,0.0609981515711645,0.0609981515711645,0.1007004613694314,0.1007004613694314,0.0190075201266791,0.2769837324109286,0.0190075201266791,0.2769837324109286,0.0658102582357779,230.8940864413504,0,0,Anna Trebunskaya,71,Entertainment,0
21,3,Gary Busey,percent,10.0,10.0,0.081967213114754,0.081967213114754,0.1000920471063244,0.1000920471063244,0.0027893972806752,0.3366307408972527,0.0027893972806752,0.3366307408972527,0.0851636080654534,137.87702208691343,0,0,Anna Trebunskaya,71,Entertainment,0
21,4,Gary Busey,percent,10.0,10.0,0.0677966101694915,0.0677966101694915,0.0220947409549653,0.0220947409549653,0.00097662430205,0.0572277301198576,0.00097662430205,0.0572277301198576,0.0143497718922978,4856.350290873028,0,0,Anna Trebunskaya,71,Entertainment,0
21,5,Gary Busey,,,13.0,,,,,,,,,,,1,1,Anna Trebunskaya,71,Entertainment,1
21,6,Gary Busey,,,13.0,,,,,,,,,,,1,1,Anna Trebunskaya,71,Entertainment,1
21,7,Gary Busey,,,13.0,,,,,,,,,,,1,1,Anna Trebunskaya,71,Entertainment,1
21,8,Gary Busey,,,13.0,,,,,,,,,,,1,1,Anna Trebunskaya,71,Entertainment,1
21,9,Gary Busey,,,13.0,,,,,,,,,,,1,1,Anna Trebunskaya,71,Entertainment,1
21,10,Gary Busey,,,13.0,,,,,,,,,,,1,1,Anna Trebunskaya,71,Entertainment,1
21,11,Gary Busey,,,13.0,,,,,,,,,,,1,1,Anna Trebunskaya,71,Entertainment,1
21,1,Hayes Grier,percent,13.0,13.0,0.084,0.084,0.0775615286774516,0.0775615286774516,0.001918990058913,0.2648205355569065,0.001918990058913,0.2648205355569065,0.0670667207903044,222.3237482113465,0,0,Emma Slater,15,Social Media,0
21,2,Hayes Grier,percent,13.0,13.0,0.0831792975970425,0.0831792975970425,0.0848915105505708,0.0848915105505708,0.0040774210981164,0.273285011459389,0.0040774210981164,0.273285011459389,0.0686754057044062,212.0301070206281,0,0,Emma Slater,15,Social Media,0
21,3,Hayes Grier,percent,10.0,10.0,0.0983606557377049,0.0983606557377049,0.0990879175595555,0.0990879175595555,0.0028579392619404,0.3273494357470664,0.0028579392619404,0.3273494357470664,0.0827784429808995,145.93702658786867,0,0,Emma Slater,15,Social Media,0
21,4,Hayes Grier,percent,10.0,10.0,0.1144067796610169,0.1144067796610169,0.1048188716054879,0.1048188716054879,0.0033398386864002,0.3458949721265379,0.0033398386864002,0.3458949721265379,0.0873865136326881,130.95170995950448,0,0,Emma Slater,15,Social Media,0
21,5,Hayes Grier,percent,9.0,9.0,0.0996677740863787,0.0996677740863787,0.1102105140077391,0.1102105140077391,0.0033473115633391,0.3646844162043485,0.0033473115633391,0.3646844162043485,0.092177832816584,117.69201907502828,0,0,Emma Slater,15,Social Media,0
21,6,Hayes Grier,percent,9.0,9.0,0.1022364217252396,0.1022364217252396,0.1256874542271417,0.1256874542271417,0.00539978609559,0.3809168433979787,0.00539978609559,0.3809168433979787,0.0957951676791808,108.97146664698516,0,0,Emma Slater,15,Social Media,0
21,7,Hayes Grier,percent,8.0,8.0,0.1266968325791855,0.1266968325791855,0.0154929434886159,0.0154929434886159,0.000444521365421,0.050214794148258,0.000444521365421,0.050214794148258,0.0126964981588869,6203.432942002211,0,0,Emma Slater,15,Social Media,0
21,8,Hayes Grier,,,13.0,,,,,,,,,,,1,1,Emma Slater,15,Social Media,1
21,9,Hayes Grier,,,13.0,,,,,,,,,,,1,1,Emma Slater,15,Social Media,1
21,10,Hayes Grier,,,13.0,,,,,,,,,,,1,1,Emma Slater,15,Social Media,1
21,11,Hayes Grier,,,13.0,,,,,,,,,,,1,1,Emma Slater,15,Social Media,1
21,1,Kim Zolciak-Biermann,percent,13.0,13.0,0.048,0.048,0.0772959320925822,0.0772959320925822,0.0018997477959409,0.2682321792113133,0.0018997477959409,0.2682321792113133,0.0679419467896358,216.63270683123085,0,0,Tony Dovolani,37,Media,0
21,2,Kim Zolciak-Biermann,percent,13.0,13.0,0.0683918669131238,0.0683918669131238,0.107809985211374,0.107809985211374,0.0135185546259837,0.3242122396293641,0.0135185546259837,0.3242122396293641,0.0792585931131072,159.1868840359097,0,0,Tony Dovolani,37,Media,0
21,3,Kim Zolciak-Biermann,,,13.0,,,,,,,,,,,1,1,Tony Dovolani,37,Media,1
21,4,Kim Zolciak-Biermann,,,13.0,,,,,,,,,,,1,1,Tony Dovolani,37,Media,1
21,5,Kim Zolciak-Biermann,,,13.0,,,,,,,,,,,1,1,Tony Dovolani,37,Media,1
21,6,Kim Zolciak-Biermann,,,13.0,,,,,,,,,,,1,1,Tony Dovolani,37,Media,1
21,7,Kim Zolciak-Biermann,,,13.0,,,,,,,,,,,1,1,Tony Dovolani,37,Media,1
21,8,Kim Zolciak-Biermann,,,13.0,,,,,,,,,,,1,1,Tony Dovolani,37,Media,1
21,9,Kim Zolciak-Biermann,,,13.0,,,,,,,,,,,1,1,Tony Dovolani,37,Media,1
21,10,Kim Zolciak-Biermann,,,13.0,,,,,,,,,,,1,1,Tony Dovolani,37,Media,1
21,11,Kim Zolciak-Biermann,,,13.0,,,,,,,,,,,1,1,Tony Dovolani,37,Media,1
21,1,Nick Carter,percent,13.0,13.0,0.096,0.096,0.0770488230106566,0.0770488230106566,0.0023491849520633,0.2690578767782669,0.0023491849520633,0.2690578767782669,0.0680379315883172,216.02190697160484,0,0,Sharna Burgess,35,Music,0
21,2,Nick Carter,percent,13.0,13.0,0.0831792975970425,0.0831792975970425,0.0853685050051008,0.0853685050051008,0.0046566631678059,0.2705595741265202,0.0046566631678059,0.2705595741265202,0.0678323752445699,217.3331379058734,0,0,Sharna Burgess,35,Music,0
21,3,Nick Carter,percent,10.0,10.0,0.1180327868852459,0.1180327868852459,0.100348105437252,0.100348105437252,0.0028195458787645,0.3377798947298882,0.0028195458787645,0.3377798947298882,0.0854490685844703,136.95734667399765,0,0,Sharna Burgess,35,Music,0
21,4,Nick Carter,percent,10.0,10.0,0.1144067796610169,0.1144067796610169,0.1074093168732519,0.1074093168732519,0.0031174215190934,0.3639810907670136,0.0031174215190934,0.3639810907670136,0.0920570584816123,118.0010339342794,0,0,Sharna Burgess,35,Music,0
21,5,Nick Carter,percent,9.0,9.0,0.1162790697674418,0.1162790697674418,0.1122280015270702,0.1122280015270702,0.0033253539633837,0.3772903065331237,0.0033253539633837,0.3772903065331237,0.0953992225943214,109.87789446753864,0,0,Sharna Burgess,35,Music,0
21,6,Nick Carter,percent,9.0,9.0,0.1246006389776357,0.1246006389776357,0.1174405504761461,0.1174405504761461,0.0042470158928709,0.3903289681000602,0.0042470158928709,0.3903289681000602,0.0984902939304054,103.08919134105176,0,0,Sharna Burgess,35,Music,0
21,7,Nick Carter,percent,8.0,8.0,0.1221719457013574,0.1221719457013574,0.141796992358908,0.141796992358908,0.0173097579908177,0.4054800396259202,0.0173097579908177,0.4054800396259202,0.0990230310293629,101.98294959582064,0,0,Sharna Burgess,35,Music,0
21,8,Nick Carter,percent,7.0,7.0,0.1701036188771717,0.1701036188771717,0.1530973855459677,0.1530973855459677,0.0059212218001848,0.4834656954200935,0.0059212218001848,0.4834656954200935,0.1218225698009971,67.38209147270557,0,0,Sharna Burgess,35,Music,0
21,9,Nick Carter,percent,6.0,6.0,0.1671732522796352,0.1671732522796352,0.1995274007413554,0.1995274007413554,0.0357776506262006,0.5310481217050413,0.0357776506262006,0.5310481217050413,0.1263445079282757,62.64512258043579,0,0,Sharna Burgess,35,Music,0
21,10,Nick Carter,percent,4.0,4.0,0.2278481012658227,0.2278481012658227,0.2503305611239185,0.2503305611239185,0.0083871964494368,0.6991935864334587,0.0083871964494368,0.6991935864334587,0.1762261198938831,32.200264695260266,0,0,Sharna Burgess,35,Music,0
21,11,Nick Carter,percent,4.0,4.0,0.2542375035911047,0.2542375035911047,0.307478005412491,0.307478005412491,0.0470212182211291,0.7362020751996129,0.0470212182211291,0.7362020751996129,0.175811443106756,32.35234182078443,0,0,Sharna Burgess,35,Music,0
21,1,Paula Deen,percent,13.0,13.0,0.06,0.06,0.0778206227378136,0.0778206227378136,0.0022603668841387,0.2688000071077393,0.0022603668841387,0.2688000071077393,0.0679948061794899,216.29601577208703,0,0,Louis van Amstel,68,Media,0
21,2,Paula Deen,percent,13.0,13.0,0.0683918669131238,0.0683918669131238,0.093100518207903,0.093100518207903,0.013691245100594,0.2660478322688269,0.013691245100594,0.2660478322688269,0.0643766804000594,241.29195554030903,0,0,Louis van Amstel,68,Media,0
21,3,Paula Deen,percent,10.0,10.0,0.0655737704918032,0.0655737704918032,0.1011370494911901,0.1011370494911901,0.0029299565243236,0.3368791421404766,0.0029299565243236,0.3368791421404766,0.0851911187796308,137.787987385887,0,0,Louis van Amstel,68,Media,0
21,4,Paula Deen,percent,10.0,10.0,0.0762711864406779,0.0762711864406779,0.1220954583181379,0.1220954583181379,0.0086423495680367,0.3624718074727608,0.0086423495680367,0.3624718074727608,0.0902626168124296,122.73944634170284,0,0,Louis van Amstel,68,Media,0
21,5,Paula Deen,percent,9.0,9.0,0.0863787375415282,0.0863787375415282,0.1116082219300041,0.1116082219300041,0.0029386978330098,0.3699607887045097,0.0029386978330098,0.3699607887045097,0.0936280844059948,114.07427677235567,0,0,Louis van Amstel,68,Media,0
21,6,Paula Deen,percent,9.0,9.0,0.0766773162939297,0.0766773162939297,0.0249271694952035,0.0249271694952035,0.0010279246149337,0.0664129770147881,0.0010279246149337,0.0664129770147881,0.0166798603060853,3594.307108558794,0,0,Louis van Amstel,68,Media,0
21,7,Paula Deen,,,13.0,,,,,,,,,,,1,1,Louis van Amstel,68,Media,1
21,8,Paula Deen,,,13.0,,,,,,,,,,,1,1,Louis van Amstel,68,Media,1
21,9,Paula Deen,,,13.0,,,,,,,,,,,1,1,Louis van Amstel,68,Media,1
21,10,Paula Deen,,,13.0,,,,,,,,,,,1,1,Louis van Amstel,68,Media,1
21,11,Paula Deen,,,13.0,,,,,,,,,,,1,1,Louis van Amstel,68,Media,1
21,1,Tamar Braxton,percent,13.0,13.0,0.092,0.092,0.0761175312913443,0.0761175312913443,0.0021564375393611,0.259859988364816,0.0021564375393611,0.259859988364816,0.0657407017411874,231.38293669794427,0,0,Valentin Chmerkovskiy,38,Music,0
21,2,Tamar Braxton,percent,13.0,13.0,0.0905730129390018,0.0905730129390018,0.0822353129905407,0.0822353129905407,0.0032872924970307,0.2786837565718033,0.0032872924970307,0.2786837565718033,0.0702542000190746,202.6074517244157,0,0,Valentin Chmerkovskiy,38,Music,0
21,3,Tamar Braxton,percent,10.0,10.0,0.1081967213114754,0.1081967213114754,0.0995567253556033,0.0995567253556033,0.002601387848124,0.3389094140422557,0.002601387848124,0.3389094140422557,0.0857928638250336,135.8618956047781,0,0,Valentin Chmerkovskiy,38,Music,0
21,4,Tamar Braxton,percent,10.0,10.0,0.1144067796610169,0.1144067796610169,0.1032607241569071,0.1032607241569071,0.0032605702090286,0.3474433892187126,0.0032605702090286,0.3474433892187126,0.0878017395432867,129.7160631230854,0,0,Valentin Chmerkovskiy,38,Music,0
21,5,Tamar Braxton,percent,9.0,9.0,0.0963455149501661,0.0963455149501661,0.1117289181990776,0.1117289181990776,0.003225651881689,0.3763008855945522,0.003225651881689,0.3763008855945522,0.0951722534981794,110.40259831568346,0,0,Valentin Chmerkovskiy,38,Music,0
21,6,Tamar Braxton,percent,9.0,9.0,0.1277955271565495,0.1277955271565495,0.1188050782916146,0.1188050782916146,0.0035609227955759,0.3870269339858431,0.0035609227955759,0.3870269339858431,0.0978229620383334,104.50050330011926,0,0,Valentin Chmerkovskiy,38,Music,0
21,7,Tamar Braxton,percent,8.0,8.0,0.1221719457013574,0.1221719457013574,0.1404724770152485,0.1404724770152485,0.017236012056517,0.4197120250475608,0.017236012056517,0.4197120250475608,0.1026724522936336,94.86196789686724,0,0,Valentin Chmerkovskiy,38,Music,0
21,8,Tamar Braxton,percent,7.0,7.0,0.1443303432897215,0.1443303432897215,0.1641264646414628,0.1641264646414628,0.0096194293869121,0.4888037260511603,0.0096194293869121,0.4888037260511603,0.1222408920061857,66.92170224698114,0,0,Valentin Chmerkovskiy,38,Music,0
21,9,Tamar Braxton,percent,6.0,6.0,0.1489361702127659,0.1489361702127659,0.2103405366892461,0.2103405366892461,0.0525069041902374,0.5003618210220697,0.0525069041902374,0.5003618210220697,0.1142487032734266,76.61211307271311,0,0,Valentin Chmerkovskiy,38,Music,0
21,10,Tamar Braxton,,,13.0,,,,,,,,,,,1,1,Valentin Chmerkovskiy,38,Music,1
21,11,Tamar Braxton,,,13.0,,,,,,,,,,,1,1,Valentin Chmerkovskiy,38,Music,1
21,1,Victor Espinoza,percent,13.0,13.0,0.06,0.06,0.0766342844117908,0.0766342844117908,0.0019898550997306,0.2669355063223543,0.0019898550997306,0.2669355063223543,0.0675881763323019,218.90644245033997,0,0,Karina Smirnoff,43,Sports,0
21,2,Victor Espinoza,percent,13.0,13.0,0.0683918669131238,0.0683918669131238,0.0118199816456861,0.0118199816456861,0.0005065139643926,0.0332150941456538,0.0005065139643926,0.0332150941456538,0.0083440255564441,14363.11867390434,0,0,Karina Smirnoff,43,Sports,0
21,3,Victor Espinoza,,,13.0,,,,,,,,,,,1,1,Karina Smirnoff,43,Sports,1
21,4,Victor Espinoza,,,13.0,,,,,,,,,,,1,1,Karina Smirnoff,43,Sports,1
21,5,Victor Espinoza,,,13.0,,,,,,,,,,,1,1,Karina Smirnoff,43,Sports,1
21,6,Victor Espinoza,,,13.0,,,,,,,,,,,1,1,Karina Smirnoff,43,Sports,1
21,7,Victor Espinoza,,,13.0,,,,,,,,,,,1,1,Karina Smirnoff,43,Sports,1
21,8,Victor Espinoza,,,13.0,,,,,,,,,,,1,1,Karina Smirnoff,43,Sports,1
21,9,Victor Espinoza,,,13.0,,,,,,,,,,,1,1,Karina Smirnoff,43,Sports,1
21,10,Victor Espinoza,,,13.0,,,,,,,,,,,1,1,Karina Smirnoff,43,Sports,1
21,11,Victor Espinoza,,,13.0,,,,,,,,,,,1,1,Karina Smirnoff,43,Sports,1
22,1,Antonio Brown,percent,12.0,12.0,0.0886075949367088,0.0886075949367088,0.0836921495147319,0.0836921495147319,0.0020520364126517,0.2889405068078666,0.0020520364126517,0.2889405068078666,0.0731858342844935,186.7006990704156,0,0,Sharna Burgess,27,Sports,0
22,2,Antonio Brown,percent,12.0,12.0,0.0805084745762711,0.0805084745762711,0.0908823099311012,0.0908823099311012,0.0037190631500773,0.3037035559178996,0.0037190631500773,0.3037035559178996,0.076526656318322,170.75543028221674,0,0,Sharna Burgess,27,Sports,0
22,3,Antonio Brown,percent,11.0,11.0,0.0843881856540084,0.0843881856540084,0.1024371702724236,0.1024371702724236,0.0051228607343026,0.3336517939237075,0.0051228607343026,0.3336517939237075,0.0838084013238277,142.37209876153256,0,0,Sharna Burgess,27,Sports,0
22,4,Antonio Brown,percent,10.0,10.0,0.109717868338558,0.109717868338558,0.1031408919548709,0.1031408919548709,0.0046848624060065,0.3463968466233869,0.0046848624060065,0.3463968466233869,0.08717142454525,131.5987346710773,0,0,Sharna Burgess,27,Sports,0
22,5,Antonio Brown,percent,9.0,9.0,0.0942028985507246,0.0942028985507246,0.1112453310554111,0.1112453310554111,0.0029554535916278,0.3639080277235064,0.0029554535916278,0.3639080277235064,0.0920797382989486,117.9429123028114,0,0,Sharna Burgess,27,Sports,0
22,6,Antonio Brown,percent,9.0,9.0,0.118942731277533,0.118942731277533,0.1189720178914305,0.1189720178914305,0.0042803475928829,0.388123165269066,0.0042803475928829,0.388123165269066,0.0979190861418834,104.29543425472131,0,0,Sharna Burgess,27,Sports,0
22,7,Antonio Brown,percent,8.0,8.0,0.1214953271028037,0.1214953271028037,0.1655713263891017,0.1655713263891017,0.0327897795769242,0.4274479005935041,0.0327897795769242,0.4274479005935041,0.1006780920960663,98.65748640606672,0,0,Sharna Burgess,27,Sports,0
22,8,Antonio Brown,percent,6.0,6.0,0.1597633136094674,0.1597633136094674,0.1979344866815517,0.1979344866815517,0.036276981908435,0.5102304952443656,0.036276981908435,0.5102304952443656,0.1209065085040639,68.40701501439638,0,0,Sharna Burgess,27,Sports,0
22,9,Antonio Brown,percent,5.0,5.0,0.1916376306620209,0.1916376306620209,0.068539618764713,0.068539618764713,0.003067717597193,0.1691319723670911,0.003067717597193,0.1691319723670911,0.0423633302984434,557.2111680079873,0,0,Sharna Burgess,27,Sports,0
22,10,Antonio Brown,,,12.0,,,,,,,,,,,1,1,Sharna Burgess,27,Sports,1
22,1,Doug Flutie,percent,12.0,12.0,0.0632911392405063,0.0632911392405063,0.083219598828662,0.083219598828662,0.0024011233750459,0.2826973709626509,0.0024011233750459,0.2826973709626509,0.0715041447927563,195.58591066977573,0,0,Karina Smirnoff,53,Sports,0
22,2,Doug Flutie,percent,12.0,12.0,0.0847457627118644,0.0847457627118644,0.0894832768234226,0.0894832768234226,0.0026854706517789,0.2956094369337426,0.0026854706517789,0.2956094369337426,0.0747255016025417,179.08628277433357,0,0,Karina Smirnoff,53,Sports,0
22,3,Doug Flutie,percent,11.0,11.0,0.0843881856540084,0.0843881856540084,0.1026478567295633,0.1026478567295633,0.0054022235519945,0.3418244485903,0.0054022235519945,0.3418244485903,0.0858219961832412,135.76967436043708,0,0,Karina Smirnoff,53,Sports,0
22,4,Doug Flutie,percent,10.0,10.0,0.0752351097178683,0.0752351097178683,0.1270420142766096,0.1270420142766096,0.0252879715812124,0.3674105690199516,0.0252879715812124,0.3674105690199516,0.0872761728160049,131.28303641644155,0,0,Karina Smirnoff,53,Sports,0
22,5,Doug Flutie,percent,9.0,9.0,0.1014492753623188,0.1014492753623188,0.1096247162953113,0.1096247162953113,0.0034345310404968,0.3619862295838539,0.0034345310404968,0.3619862295838539,0.0914672700365707,119.5277008065254,0,0,Karina Smirnoff,53,Sports,0
22,6,Doug Flutie,percent,9.0,9.0,0.092511013215859,0.092511013215859,0.0187075329214631,0.0187075329214631,0.000917072971078,0.0520008881402183,0.000917072971078,0.0520008881402183,0.0130315855023317,5888.510913654652,0,0,Karina Smirnoff,53,Sports,0
22,7,Doug Flutie,,,12.0,,,,,,,,,,,1,1,Karina Smirnoff,53,Sports,1
22,8,Doug Flutie,,,12.0,,,,,,,,,,,1,1,Karina Smirnoff,53,Sports,1
22,9,Doug Flutie,,,12.0,,,,,,,,,,,1,1,Karina Smirnoff,53,Sports,1
22,10,Doug Flutie,,,12.0,,,,,,,,,,,1,1,Karina Smirnoff,53,Sports,1
22,1,Geraldo Rivera,percent,12.0,12.0,0.0548523206751054,0.0548523206751054,0.0827426907778397,0.0827426907778397,0.0021844761772681,0.2875928311596455,0.0021844761772681,0.2875928311596455,0.072808253822035,188.6421637642593,0,0,Edyta Sliwinska,72,Media,0
22,2,Geraldo Rivera,percent,12.0,12.0,0.0550847457627118,0.0550847457627118,0.0178974967336297,0.0178974967336297,0.0008178924107122,0.0451943733388027,0.0008178924107122,0.0451943733388027,0.0113205308490026,7803.086386867314,0,0,Edyta Sliwinska,72,Media,0
22,3,Geraldo Rivera,,,12.0,,,,,,,,,,,1,1,Edyta Sliwinska,72,Media,1
22,4,Geraldo Rivera,,,12.0,,,,,,,,,,,1,1,Edyta Sliwinska,72,Media,1
22,5,Geraldo Rivera,,,12.0,,,,,,,,,,,1,1,Edyta Sliwinska,72,Media,1
22,6,Geraldo Rivera,,,12.0,,,,,,,,,,,1,1,Edyta Sliwinska,72,Media,1
22,7,Geraldo Rivera,,,12.0,,,,,,,,,,,1,1,Edyta Sliwinska,72,Media,1
22,8,Geraldo Rivera,,,12.0,,,,,,,,,,,1,1,Edyta Sliwinska,72,Media,1
22,9,Geraldo Rivera,,,12.0,,,,,,,,,,,1,1,Edyta Sliwinska,72,Media,1
22,10,Geraldo Rivera,,,12.0,,,,,,,,,,,1,1,Edyta Sliwinska,72,Media,1
22,1,Ginger Zee,percent,12.0,12.0,0.0970464135021097,0.0970464135021097,0.0827450975471029,0.0827450975471029,0.002403690898876,0.2851708373560406,0.002403690898876,0.2851708373560406,0.0721344761370317,192.18267571925645,0,0,Valentin Chmerkovskiy,35,Other,0
22,2,Ginger Zee,percent,12.0,12.0,0.0889830508474576,0.0889830508474576,0.0868634599773248,0.0868634599773248,0.0028823596705436,0.293869971796335,0.0028823596705436,0.293869971796335,0.074231533705559,181.47764409119483,0,0,Valentin Chmerkovskiy,35,Other,0
22,3,Ginger Zee,percent,11.0,11.0,0.0886075949367088,0.0886075949367088,0.0986359169058729,0.0986359169058729,0.0050342244437124,0.3206339102065294,0.0050342244437124,0.3206339102065294,0.0805101239190859,154.27622722904124,0,0,Valentin Chmerkovskiy,35,Other,0
22,4,Ginger Zee,percent,10.0,10.0,0.1128526645768025,0.1128526645768025,0.1034969152785983,0.1034969152785983,0.0030080243795306,0.3360088478968806,0.0030080243795306,0.3360088478968806,0.0849491896727933,138.5739252522514,0,0,Valentin Chmerkovskiy,35,Other,0
22,5,Ginger Zee,percent,9.0,9.0,0.1159420289855072,0.1159420289855072,0.1093047453537644,0.1093047453537644,0.0032558474012969,0.3586588677870131,0.0032558474012969,0.3586588677870131,0.0906640358126827,121.65498384283126,0,0,Valentin Chmerkovskiy,35,Other,0
22,6,Ginger Zee,percent,9.0,9.0,0.105726872246696,0.105726872246696,0.1221727333696136,0.1221727333696136,0.0074365640094095,0.3984143486195808,0.0074365640094095,0.3984143486195808,0.0997392307679008,100.52358559814849,0,0,Valentin Chmerkovskiy,35,Other,0
22,7,Ginger Zee,percent,8.0,8.0,0.1285046728971962,0.1285046728971962,0.1520434532433935,0.1520434532433935,0.0238448634486586,0.4233898990456649,0.0238448634486586,0.4233898990456649,0.1019247539788281,96.25884721434224,0,0,Valentin Chmerkovskiy,35,Other,0
22,8,Ginger Zee,percent,6.0,6.0,0.1775147928994082,0.1775147928994082,0.1795298439929765,0.1795298439929765,0.0212906402512539,0.521812018477726,0.0212906402512539,0.521812018477726,0.1276840250577735,61.337612921732735,0,0,Valentin Chmerkovskiy,35,Other,0
22,9,Ginger Zee,percent,5.0,5.0,0.1951219512195122,0.1951219512195122,0.2933217409057851,0.2933217409057851,0.0777100630368953,0.6229909451565939,0.0777100630368953,0.6229909451565939,0.1391022658468619,51.68108127170536,0,0,Valentin Chmerkovskiy,35,Other,0
22,10,Ginger Zee,percent,3.0,3.0,0.3256704628527028,0.3256704628527028,0.3357997484812821,0.3357997484812821,0.012223714060403,0.8467420898335687,0.012223714060403,0.8467420898335687,0.2128873407584606,22.064816793505276,0,0,Valentin Chmerkovskiy,35,Other,0
22,1,Jodie Sweetin,percent,12.0,12.0,0.0843881856540084,0.0843881856540084,0.0848757624664149,0.0848757624664149,0.0024428264703328,0.2895534188967109,0.0024428264703328,0.2895534188967109,0.0732424980679536,186.4119302272949,0,0,Keo Motsepe,34,Entertainment,0
22,2,Jodie Sweetin,percent,12.0,12.0,0.0889830508474576,0.0889830508474576,0.0888256373455218,0.0888256373455218,0.0032236506050701,0.3012041846401805,0.0032236506050701,0.3012041846401805,0.0760154423558955,173.05985907841213,0,0,Keo Motsepe,34,Entertainment,0
22,3,Jodie Sweetin,percent,11.0,11.0,0.0970464135021097,0.0970464135021097,0.0939516989758552,0.0939516989758552,0.0025527086221568,0.3125034180041567,0.0025527086221568,0.3125034180041567,0.0790690585158163,159.95096505907975,0,0,Keo Motsepe,34,Entertainment,0
22,4,Jodie Sweetin,percent,10.0,10.0,0.0846394984326018,0.0846394984326018,0.1215165798263863,0.1215165798263863,0.0154924149660427,0.3656701510607172,0.0154924149660427,0.3656701510607172,0.0893310551261924,125.31269574651756,0,0,Keo Motsepe,34,Entertainment,0
22,5,Jodie Sweetin,percent,9.0,9.0,0.1268115942028985,0.1268115942028985,0.1122051934557872,0.1122051934557872,0.0030543504650642,0.3702537514151558,0.0030543504650642,0.3702537514151558,0.0936733165689009,113.96413696535168,0,0,Keo Motsepe,34,Entertainment,0
22,6,Jodie Sweetin,percent,9.0,9.0,0.1101321585903083,0.1101321585903083,0.123633051589559,0.123633051589559,0.0059025283099812,0.3905351772106017,0.0059025283099812,0.3905351772106017,0.0981205736991378,103.86753915684362,0,0,Keo Motsepe,34,Entertainment,0
22,7,Jodie Sweetin,percent,8.0,8.0,0.1191588785046729,0.1191588785046729,0.1629942689168167,0.1629942689168167,0.0343373944639921,0.4258967903512247,0.0343373944639921,0.4258967903512247,0.0998876009916409,100.2251775916284,0,0,Keo Motsepe,34,Entertainment,0
22,8,Jodie Sweetin,percent,6.0,6.0,0.1775147928994082,0.1775147928994082,0.0259032606889695,0.0259032606889695,0.0005854747001588,0.0846427385036205,0.0005854747001588,0.0846427385036205,0.0214431795416994,2174.8115770104578,0,0,Keo Motsepe,34,Entertainment,0
22,9,Jodie Sweetin,,,12.0,,,,,,,,,,,1,1,Keo Motsepe,34,Entertainment,1
22,10,Jodie Sweetin,,,12.0,,,,,,,,,,,1,1,Keo Motsepe,34,Entertainment,1
22,1,Kim Fields,percent,12.0,12.0,0.0843881856540084,0.0843881856540084,0.0831208261468068,0.0831208261468068,0.0023612708846975,0.2840452534475261,0.0023612708846975,0.2840452534475261,0.0718581588170481,193.66352361337223,0,0,Sasha Farber,46,Entertainment,0
22,2,Kim Fields,percent,12.0,12.0,0.0805084745762711,0.0805084745762711,0.0884709797770839,0.0884709797770839,0.0031209934664091,0.2887329857180083,0.0031209934664091,0.2887329857180083,0.0728602021049998,188.3732613259215,0,0,Sasha Farber,46,Entertainment,0
22,3,Kim Fields,percent,11.0,11.0,0.0928270042194092,0.0928270042194092,0.0967623751175085,0.0967623751175085,0.0026389179712926,0.3254559399862212,0.0026389179712926,0.3254559399862212,0.0823512811262573,147.4549242516831,0,0,Sasha Farber,46,Entertainment,0
22,4,Kim Fields,percent,10.0,10.0,0.1003134796238244,0.1003134796238244,0.107814159498162,0.107814159498162,0.0044708410804643,0.3531525654878794,0.0044708410804643,0.3531525654878794,0.0889494194916875,126.39030555926676,0,0,Sasha Farber,46,Entertainment,0
22,5,Kim Fields,percent,9.0,9.0,0.1014492753623188,0.1014492753623188,0.113051844357128,0.113051844357128,0.0030502425448015,0.3748098929999102,0.0030502425448015,0.3748098929999102,0.0948366455242624,111.18536645211952,0,0,Sasha Farber,46,Entertainment,0
22,6,Kim Fields,percent,9.0,9.0,0.105726872246696,0.105726872246696,0.1262897318483201,0.1262897318483201,0.0073001566212058,0.3937699406401225,0.0073001566212058,0.3937699406401225,0.0985892306170705,102.88239014513292,0,0,Sasha Farber,46,Entertainment,0
22,7,Kim Fields,percent,8.0,8.0,0.1214953271028037,0.1214953271028037,0.0263748380157995,0.0263748380157995,0.0006594779210526,0.0733652890728297,0.0006594779210526,0.0733652890728297,0.0185474008040247,2906.925394826588,0,0,Sasha Farber,46,Entertainment,0
22,8,Kim Fields,,,12.0,,,,,,,,,,,1,1,Sasha Farber,46,Entertainment,1
22,9,Kim Fields,,,12.0,,,,,,,,,,,1,1,Sasha Farber,46,Entertainment,1
22,10,Kim Fields,,,12.0,,,,,,,,,,,1,1,Sasha Farber,46,Entertainment,1
22,1,Marla Maples,percent,12.0,12.0,0.0886075949367088,0.0886075949367088,0.0835152707436339,0.0835152707436339,0.0022404436665742,0.2880073359609731,0.0022404436665742,0.2880073359609731,0.0728997174220405,188.1691010905853,0,0,Tony Dovolani,52,Media,0
22,2,Marla Maples,percent,12.0,12.0,0.0847457627118644,0.0847457627118644,0.088549615633855,0.088549615633855,0.0030653084748233,0.2947100498759256,0.0030653084748233,0.2947100498759256,0.074399168724771,180.66076036297972,0,0,Tony Dovolani,52,Media,0
22,3,Marla Maples,percent,11.0,11.0,0.0886075949367088,0.0886075949367088,0.0992162970694489,0.0992162970694489,0.0043333952384016,0.3131969484170681,0.0043333952384016,0.3131969484170681,0.0787917227496598,161.07895649230394,0,0,Tony Dovolani,52,Media,0
22,4,Marla Maples,percent,10.0,10.0,0.0877742946708464,0.0877742946708464,0.0147068013008262,0.0147068013008262,0.0005002753792969,0.0413329885440936,0.0005002753792969,0.0413329885440936,0.0104165084604073,9216.279947923813,0,0,Tony Dovolani,52,Media,0
22,5,Marla Maples,,,12.0,,,,,,,,,,,1,1,Tony Dovolani,52,Media,1
22,6,Marla Maples,,,12.0,,,,,,,,,,,1,1,Tony Dovolani,52,Media,1
22,7,Marla Maples,,,12.0,,,,,,,,,,,1,1,Tony Dovolani,52,Media,1
22,8,Marla Maples,,,12.0,,,,,,,,,,,1,1,Tony Dovolani,52,Media,1
22,9,Marla Maples,,,12.0,,,,,,,,,,,1,1,Tony Dovolani,52,Media,1
22,10,Marla Maples,,,12.0,,,,,,,,,,,1,1,Tony Dovolani,52,Media,1
22,1,Mischa Barton,percent,12.0,12.0,0.0675105485232067,0.0675105485232067,0.0837467317971228,0.0837467317971228,0.0023593924566626,0.2842240020401349,0.0023593924566626,0.2842240020401349,0.0719042371386409,193.41539273271596,0,0,Artem Chigvintsev,30,Entertainment,0
22,2,Mischa Barton,percent,12.0,12.0,0.0635593220338983,0.0635593220338983,0.0966926620429879,0.0966926620429879,0.0065454811742078,0.3108748185476662,0.0065454811742078,0.3108748185476662,0.0776350350442496,165.9145575518679,0,0,Artem Chigvintsev,30,Entertainment,0
22,3,Mischa Barton,percent,11.0,11.0,0.0759493670886076,0.0759493670886076,0.0129771027217687,0.0129771027217687,0.0005542571983747,0.0364627574313417,0.0005542571983747,0.0364627574313417,0.0091603316920834,11917.292553551004,0,0,Artem Chigvintsev,30,Entertainment,0
22,4,Mischa Barton,,,12.0,,,,,,,,,,,1,1,Artem Chigvintsev,30,Entertainment,1
22,5,Mischa Barton,,,12.0,,,,,,,,,,,1,1,Artem Chigvintsev,30,Entertainment,1
22,6,Mischa Barton,,,12.0,,,,,,,,,,,1,1,Artem Chigvintsev,30,Entertainment,1
22,7,Mischa Barton,,,12.0,,,,,,,,,,,1,1,Artem Chigvintsev,30,Entertainment,1
22,8,Mischa Barton,,,12.0,,,,,,,,,,,1,1,Artem Chigvintsev,30,Entertainment,1
22,9,Mischa Barton,,,12.0,,,,,,,,,,,1,1,Artem Chigvintsev,30,Entertainment,1
22,10,Mischa Barton,,,12.0,,,,,,,,,,,1,1,Artem Chigvintsev,30,Entertainment,1
22,1,Nyle DiMarco,percent,12.0,12.0,0.0970464135021097,0.0970464135021097,0.0842641906246973,0.0842641906246973,0.0023751250158314,0.2824955715022176,0.0023751250158314,0.2824955715022176,0.0714592975730577,195.8314836618578,0,0,Peta Murgatroyd,26,Fashion,0
22,2,Nyle DiMarco,percent,12.0,12.0,0.0847457627118644,0.0847457627118644,0.0911758341283664,0.0911758341283664,0.0032709225804629,0.3018885962632266,0.0032709225804629,0.3018885962632266,0.0761779779802968,172.32215547410703,0,0,Peta Murgatroyd,26,Fashion,0
22,3,Nyle DiMarco,percent,11.0,11.0,0.1054852320675105,0.1054852320675105,0.0970014230823825,0.0970014230823825,0.0035484852886035,0.329368006196395,0.0035484852886035,0.329368006196395,0.0831172247213753,144.7497867373487,0,0,Peta Murgatroyd,26,Fashion,0
22,4,Nyle DiMarco,percent,10.0,10.0,0.1065830721003134,0.1065830721003134,0.1073323126478669,0.1073323126478669,0.0042750775399314,0.3459977409284929,0.0042750775399314,0.3459977409284929,0.0871741488236126,131.59050961839094,0,0,Peta Murgatroyd,26,Fashion,0
22,5,Nyle DiMarco,percent,9.0,9.0,0.1340579710144927,0.1340579710144927,0.1110378921884269,0.1110378921884269,0.0032548786729221,0.3699411424829156,0.0032548786729221,0.3699411424829156,0.0935424142372432,114.28332071844792,0,0,Peta Murgatroyd,26,Fashion,0
22,6,Nyle DiMarco,percent,9.0,9.0,0.1101321585903083,0.1101321585903083,0.1269674676409087,0.1269674676409087,0.0082664212417821,0.385596570458934,0.0082664212417821,0.385596570458934,0.0962576911268244,107.92675497724758,0,0,Peta Murgatroyd,26,Fashion,0
22,7,Nyle DiMarco,percent,8.0,8.0,0.1308411214953271,0.1308411214953271,0.1479794495866456,0.1479794495866456,0.0186721023549366,0.4046622533913895,0.0186721023549366,0.4046622533913895,0.0984668752644012,103.13823318225286,0,0,Peta Murgatroyd,26,Fashion,0
22,8,Nyle DiMarco,percent,6.0,6.0,0.1715976331360946,0.1715976331360946,0.1841710022565926,0.1841710022565926,0.022443450197715,0.5273039400642795,0.022443450197715,0.5273039400642795,0.1287909412924909,60.28779018466348,0,0,Peta Murgatroyd,26,Fashion,0
22,9,Nyle DiMarco,percent,5.0,5.0,0.1986062717770035,0.1986062717770035,0.2874423320759067,0.2874423320759067,0.0743148938734259,0.6187728560468463,0.0743148938734259,0.6187728560468463,0.1388923372891378,51.83742587887542,0,0,Peta Murgatroyd,26,Fashion,0
22,10,Nyle DiMarco,percent,3.0,3.0,0.3333325670462853,0.3333325670462853,0.3328911000116577,0.3328911000116577,0.0119005551880115,0.8413559923788922,0.0119005551880115,0.8413559923788922,0.211595774793592,22.33500311302975,0,0,Peta Murgatroyd,26,Fashion,0
22,1,Paige VanZant,percent,12.0,12.0,0.0886075949367088,0.0886075949367088,0.0814247062549782,0.0814247062549782,0.0024570588954551,0.2774589102872381,0.0024570588954551,0.2774589102872381,0.070153533518312,203.18933022971936,0,0,Mark Ballas,22,Sports,0
22,2,Paige VanZant,percent,12.0,12.0,0.1016949152542373,0.1016949152542373,0.0850627227866969,0.0850627227866969,0.0022900321609017,0.2941885594964443,0.0022900321609017,0.2941885594964443,0.0744639100345772,180.34675241686745,0,0,Mark Ballas,22,Sports,0
22,3,Paige VanZant,percent,11.0,11.0,0.0970464135021097,0.0970464135021097,0.0990937007162963,0.0990937007162963,0.0031825222422874,0.3366410897708598,0.0031825222422874,0.3366410897708598,0.0850659611042276,138.19374100196845,0,0,Mark Ballas,22,Sports,0
22,4,Paige VanZant,percent,10.0,10.0,0.1128526645768025,0.1128526645768025,0.1004724184114983,0.1004724184114983,0.0038107786063953,0.3324700880733752,0.0038107786063953,0.3324700880733752,0.0838416605783112,142.2591656295511,0,0,Mark Ballas,22,Sports,0
22,5,Paige VanZant,percent,9.0,9.0,0.1123188405797101,0.1123188405797101,0.110566886949819,0.110566886949819,0.0028609410824866,0.3639113333726209,0.0028609410824866,0.3639113333726209,0.0921046919107485,117.87901321352864,0,0,Mark Ballas,22,Sports,0
22,6,Paige VanZant,percent,9.0,9.0,0.1233480176211453,0.1233480176211453,0.1184824994986871,0.1184824994986871,0.0046161523648303,0.4023248253457775,0.0046161523648303,0.4023248253457775,0.1014562941277926,97.14982222526794,0,0,Mark Ballas,22,Sports,0
22,7,Paige VanZant,percent,8.0,8.0,0.1285046728971962,0.1285046728971962,0.1550596535385441,0.1550596535385441,0.022448634343812,0.4382591502771579,0.022448634343812,0.4382591502771579,0.1060741112074862,88.87532399861816,0,0,Mark Ballas,22,Sports,0
22,8,Paige VanZant,percent,6.0,6.0,0.165680473372781,0.165680473372781,0.193699175538283,0.193699175538283,0.034494352085036,0.5355494554222442,0.034494352085036,0.5355494554222442,0.1278201794227572,61.20700857087719,0,0,Mark Ballas,22,Sports,0
22,9,Paige VanZant,percent,5.0,5.0,0.205574912891986,0.205574912891986,0.2879557764006086,0.2879557764006086,0.0722930926322685,0.644487799799974,0.0722930926322685,0.644487799799974,0.145968037542782,46.93366418187334,0,0,Mark Ballas,22,Sports,0
22,10,Paige VanZant,percent,3.0,3.0,0.340996970101012,0.340996970101012,0.3313091515070597,0.3313091515070597,0.0129902841766149,0.8411394137599958,0.0129902841766149,0.8411394137599958,0.2112625330569849,22.40552035344026,0,0,Mark Ballas,22,Sports,0
22,1,Von Miller,percent,12.0,12.0,0.0886075949367088,0.0886075949367088,0.0833310232576922,0.0833310232576922,0.0024112225688789,0.2908989626776177,0.0024112225688789,0.2908989626776177,0.0735938112522293,184.63643698820707,0,0,Witney Carson,27,Sports,0
22,2,Von Miller,percent,12.0,12.0,0.0847457627118644,0.0847457627118644,0.0899896075632281,0.0899896075632281,0.0032400676905424,0.3067504806415398,0.0032400676905424,0.3067504806415398,0.0774261257528054,166.81109869169708,0,0,Witney Carson,27,Sports,0
22,3,Von Miller,percent,11.0,11.0,0.0843881856540084,0.0843881856540084,0.0993611355529608,0.0993611355529608,0.0051558825024794,0.3241368535049097,0.0051558825024794,0.3241368535049097,0.0813726966842934,151.0228224757851,0,0,Witney Carson,27,Sports,0
22,4,Von Miller,percent,10.0,10.0,0.1003134796238244,0.1003134796238244,0.1086609874137252,0.1086609874137252,0.0046134155856522,0.3414776866976028,0.0046134155856522,0.3414776866976028,0.0859347630387629,135.41358391878163,0,0,Witney Carson,27,Sports,0
22,5,Von Miller,percent,9.0,9.0,0.1050724637681159,0.1050724637681159,0.1106714905987387,0.1106714905987387,0.0030914982338971,0.3719103461023911,0.0030914982338971,0.3719103461023911,0.094086440782779,112.96552378899548,0,0,Witney Carson,27,Sports,0
22,6,Von Miller,percent,9.0,9.0,0.105726872246696,0.105726872246696,0.1263408529943898,0.1263408529943898,0.0070605723264451,0.4044489983028679,0.0070605723264451,0.4044489983028679,0.1013745984633731,97.30646732992231,0,0,Witney Carson,27,Sports,0
22,7,Von Miller,percent,8.0,8.0,0.1214953271028037,0.1214953271028037,0.026609110104175,0.026609110104175,0.0008189013260978,0.0747416804468261,0.0008189013260978,0.0747416804468261,0.0188578518165123,2812.00159363018,0,0,Witney Carson,27,Sports,0
22,8,Von Miller,,,12.0,,,,,,,,,,,1,1,Witney Carson,27,Sports,1
22,9,Von Miller,,,12.0,,,,,,,,,,,1,1,Witney Carson,27,Sports,1
22,10,Von Miller,,,12.0,,,,,,,,,,,1,1,Witney Carson,27,Sports,1
22,1,Wanya Morris,percent,12.0,12.0,0.0970464135021097,0.0970464135021097,0.0833219520403172,0.0833219520403172,0.0022524083233087,0.2803596489777913,0.0022524083233087,0.2803596489777913,0.0709457246567557,198.6769763556985,0,0,Lindsay Arnold,42,Music,0
22,2,Wanya Morris,percent,12.0,12.0,0.1016949152542373,0.1016949152542373,0.0861063972567816,0.0861063972567816,0.0026313780675678,0.2965884482665794,0.0026313780675678,0.2965884482665794,0.074989048520156,177.82970727826626,0,0,Lindsay Arnold,42,Music,0
22,3,Wanya Morris,percent,11.0,11.0,0.1012658227848101,0.1012658227848101,0.0979153228559184,0.0979153228559184,0.0024848028739736,0.3390261245466289,0.0024848028739736,0.3390261245466289,0.0858523779777181,135.6735978960041,0,0,Lindsay Arnold,42,Music,0
22,4,Wanya Morris,percent,10.0,10.0,0.109717868338558,0.109717868338558,0.1058169193914562,0.1058169193914562,0.0048412450957016,0.3411138890944691,0.0048412450957016,0.3411138890944691,0.0857838377547876,135.89048755310816,0,0,Lindsay Arnold,42,Music,0
22,5,Wanya Morris,percent,9.0,9.0,0.108695652173913,0.108695652173913,0.112291899745614,0.112291899745614,0.0032802554394715,0.3660418630245414,0.0032802554394715,0.3660418630245414,0.0925412264247627,116.7695209245462,0,0,Lindsay Arnold,42,Music,0
22,6,Wanya Morris,percent,9.0,9.0,0.1277533039647577,0.1277533039647577,0.1184341122456275,0.1184341122456275,0.0042705650157655,0.4033042134049146,0.0042705650157655,0.4033042134049146,0.1017942980584564,96.50572908083316,0,0,Lindsay Arnold,42,Music,0
22,7,Wanya Morris,percent,8.0,8.0,0.1285046728971962,0.1285046728971962,0.1633679002055235,0.1633679002055235,0.0231864040964941,0.4697685700832648,0.0231864040964941,0.4697685700832648,0.1139240219354006,77.04942153360035,0,0,Lindsay Arnold,42,Music,0
22,8,Wanya Morris,percent,6.0,6.0,0.1479289940828402,0.1479289940828402,0.2187622308416267,0.2187622308416267,0.049784313859214,0.554969957123793,0.049784313859214,0.554969957123793,0.1288738885879028,60.21020891680593,0,0,Lindsay Arnold,42,Music,0
22,9,Wanya Morris,percent,5.0,5.0,0.2090592334494773,0.2090592334494773,0.0627405318529861,0.0627405318529861,0.0018820413463756,0.1669469551622817,0.0018820413463756,0.1669469551622817,0.0421083963816087,563.9785610044238,0,0,Lindsay Arnold,42,Music,0
22,10,Wanya Morris,,,12.0,,,,,,,,,,,1,1,Lindsay Arnold,42,Music,1
23,1,Amber Rose,percent,13.0,13.0,0.0727272727272727,0.0727272727272727,0.078090070833583,0.078090070833583,0.00193808910387,0.2671260211201319,0.00193808910387,0.2671260211201319,0.0676499826572096,218.5066309017974,0,0,Maksim Chmerkoskiy,32,Fashion,0
23,2,Amber Rose,percent,13.0,13.0,0.0681818181818181,0.0681818181818181,0.0899707391427158,0.0899707391427158,0.0085172530862721,0.2776063410168466,0.0085172530862721,0.2776063410168466,0.0686451754924935,212.21689731981337,0,0,Maksim Chmerkoskiy,32,Fashion,0
23,3,Amber Rose,percent,12.0,12.0,0.0769230769230769,0.0769230769230769,0.0907269280750501,0.0907269280750501,0.0048666286920271,0.2922470737260764,0.0048666286920271,0.2922470737260764,0.0733113380188901,186.0620099141644,0,0,Maksim Chmerkoskiy,32,Fashion,0
23,4,Amber Rose,percent,11.0,11.0,0.0919540229885057,0.0919540229885057,0.1105096438584255,0.1105096438584255,0.0101811559971685,0.3323894800755084,0.0101811559971685,0.3323894800755084,0.0821960010403928,148.0125776824606,0,0,Maksim Chmerkoskiy,32,Fashion,0
23,5,Amber Rose,percent,9.0,9.0,0.1043478260869565,0.1043478260869565,0.1132985224416584,0.1132985224416584,0.0033138856027868,0.3770428318793484,0.0033138856027868,0.3770428318793484,0.0953390169072861,110.01671198596036,0,0,Maksim Chmerkoskiy,32,Fashion,0
23,6,Amber Rose,percent,9.0,9.0,0.0918032786885245,0.0918032786885245,0.0187443887456869,0.0187443887456869,0.0008276979674966,0.0520529651593967,0.0008276979674966,0.0520529651593967,0.0130676702020153,5856.035075292505,0,0,Maksim Chmerkoskiy,32,Fashion,0
23,7,Amber Rose,,,13.0,,,,,,,,,,,1,1,Maksim Chmerkoskiy,32,Fashion,1
23,8,Amber Rose,,,13.0,,,,,,,,,,,1,1,Maksim Chmerkoskiy,32,Fashion,1
23,9,Amber Rose,,,13.0,,,,,,,,,,,1,1,Maksim Chmerkoskiy,32,Fashion,1
23,10,Amber Rose,,,13.0,,,,,,,,,,,1,1,Maksim Chmerkoskiy,32,Fashion,1
23,11,Amber Rose,,,13.0,,,,,,,,,,,1,1,Maksim Chmerkoskiy,32,Fashion,1
23,1,Babyface,percent,13.0,13.0,0.0787878787878787,0.0787878787878787,0.0773103321037453,0.0773103321037453,0.0022347776181499,0.2666229559667945,0.0022347776181499,0.2666229559667945,0.0674459638644501,219.83056138439005,0,0,Allison Holker,57,Music,0
23,2,Babyface,percent,13.0,13.0,0.0852272727272727,0.0852272727272727,0.0773270574130822,0.0773270574130822,0.0023425664594736,0.2642708498989329,0.0023425664594736,0.2642708498989329,0.0668184396529232,223.9790202001141,0,0,Allison Holker,57,Music,0
23,3,Babyface,percent,12.0,12.0,0.0769230769230769,0.0769230769230769,0.0925644204634907,0.0925644204634907,0.0048202738839458,0.286860274644718,0.0048202738839458,0.286860274644718,0.0719489797859112,193.17491049294597,0,0,Allison Holker,57,Music,0
23,4,Babyface,percent,11.0,11.0,0.0689655172413793,0.0689655172413793,0.0207915304864671,0.0207915304864671,0.0007216162715006,0.0518838421920012,0.0007216162715006,0.0518838421920012,0.0130515882450256,5870.475390728168,0,0,Allison Holker,57,Music,0
23,5,Babyface,,,13.0,,,,,,,,,,,1,1,Allison Holker,57,Music,1
23,6,Babyface,,,13.0,,,,,,,,,,,1,1,Allison Holker,57,Music,1
23,7,Babyface,,,13.0,,,,,,,,,,,1,1,Allison Holker,57,Music,1
23,8,Babyface,,,13.0,,,,,,,,,,,1,1,Allison Holker,57,Music,1
23,9,Babyface,,,13.0,,,,,,,,,,,1,1,Allison Holker,57,Music,1
23,10,Babyface,,,13.0,,,,,,,,,,,1,1,Allison Holker,57,Music,1
23,11,Babyface,,,13.0,,,,,,,,,,,1,1,Allison Holker,57,Music,1
23,1,Calvin Johnson Jr.,percent,13.0,13.0,0.0787878787878787,0.0787878787878787,0.0776114358615495,0.0776114358615495,0.002076333023512,0.2658511186713974,0.002076333023512,0.2658511186713974,0.0672894861346646,220.85415615687603,0,0,Lindsay Arnold,30,Sports,0
23,2,Calvin Johnson Jr.,percent,13.0,13.0,0.0795454545454545,0.0795454545454545,0.0805851854937104,0.0805851854937104,0.0024387757221567,0.2742638206579044,0.0024387757221567,0.2742638206579044,0.0693431237080988,207.96641101967285,0,0,Lindsay Arnold,30,Sports,0
23,3,Calvin Johnson Jr.,percent,12.0,12.0,0.0984615384615384,0.0984615384615384,0.0858846451762784,0.0858846451762784,0.0028222772101855,0.3012616856846685,0.0028222772101855,0.3012616856846685,0.0761325021618579,172.52808149249097,0,0,Lindsay Arnold,30,Sports,0
23,4,Calvin Johnson Jr.,percent,11.0,11.0,0.0881226053639846,0.0881226053639846,0.1093636108233198,0.1093636108233198,0.0124420451514915,0.3115662772578736,0.0124420451514915,0.3115662772578736,0.0763072020679546,171.73900427839652,0,0,Lindsay Arnold,30,Sports,0
23,5,Calvin Johnson Jr.,percent,9.0,9.0,0.1043478260869565,0.1043478260869565,0.1110828945433484,0.1110828945433484,0.003272092161756,0.363391312480486,0.003272092161756,0.363391312480486,0.0918671480404923,118.48940854486564,0,0,Lindsay Arnold,30,Sports,0
23,6,Calvin Johnson Jr.,percent,9.0,9.0,0.121311475409836,0.121311475409836,0.1220364858006847,0.1220364858006847,0.0037934665225536,0.3890369938552633,0.0037934665225536,0.3890369938552633,0.0982764100338545,103.53839601247095,0,0,Lindsay Arnold,30,Sports,0
23,7,Calvin Johnson Jr.,percent,8.0,8.0,0.1343012704174228,0.1343012704174228,0.1356118978095254,0.1356118978095254,0.0070804954804305,0.4228193890478227,0.0070804954804305,0.4228193890478227,0.1060558401957633,88.90594903462193,0,0,Lindsay Arnold,30,Sports,0
23,8,Calvin Johnson Jr.,percent,7.0,7.0,0.1492538798546068,0.1492538798546068,0.1557255084040139,0.1557255084040139,0.0085535066787131,0.4885848694560198,0.0085535066787131,0.4885848694560198,0.1224569803003333,66.68572978602963,0,0,Lindsay Arnold,30,Sports,0
23,9,Calvin Johnson Jr.,percent,6.0,6.0,0.1629955947136563,0.1629955947136563,0.1975984927743662,0.1975984927743662,0.0197585472221864,0.5486918248358855,0.0197585472221864,0.5486918248358855,0.1349319585749232,54.92503614291477,0,0,Lindsay Arnold,30,Sports,0
23,10,Calvin Johnson Jr.,percent,5.0,5.0,0.1911262798634812,0.1911262798634812,0.2472195882265108,0.2472195882265108,0.0434381125355613,0.6194704407533077,0.0434381125355613,0.6194704407533077,0.1469470225045271,46.31038789781753,0,0,Lindsay Arnold,30,Sports,0
23,11,Calvin Johnson Jr.,percent,4.0,4.0,0.2519161626669803,0.2519161626669803,0.3152282357012896,0.3152282357012896,0.0340915853353772,0.7795367606884105,0.0340915853353772,0.7795367606884105,0.1901645855492432,27.652902189775983,0,0,Lindsay Arnold,30,Sports,0
23,1,Jake T. Austin,percent,13.0,13.0,0.0666666666666666,0.0666666666666666,0.0761067963982615,0.0761067963982615,0.0021758351012282,0.2589833178522284,0.0021758351012282,0.2589833178522284,0.0655121129466837,233.0004642165649,0,0,Jenna Johnson,21,Entertainment,0
23,2,Jake T. Austin,percent,13.0,13.0,0.0681818181818181,0.0681818181818181,0.0087564076002352,0.0087564076002352,0.0002682884659629,0.0250123500938647,0.0002682884659629,0.0250123500938647,0.0063122606193627,25097.48230636809,0,0,Jenna Johnson,21,Entertainment,0
23,3,Jake T. Austin,,,13.0,,,,,,,,,,,1,1,Jenna Johnson,21,Entertainment,1
23,4,Jake T. Austin,,,13.0,,,,,,,,,,,1,1,Jenna Johnson,21,Entertainment,1
23,5,Jake T. Austin,,,13.0,,,,,,,,,,,1,1,Jenna Johnson,21,Entertainment,1
23,6,Jake T. Austin,,,13.0,,,,,,,,,,,1,1,Jenna Johnson,21,Entertainment,1
23,7,Jake T. Austin,,,13.0,,,,,,,,,,,1,1,Jenna Johnson,21,Entertainment,1
23,8,Jake T. Austin,,,13.0,,,,,,,,,,,1,1,Jenna Johnson,21,Entertainment,1
23,9,Jake T. Austin,,,13.0,,,,,,,,,,,1,1,Jenna Johnson,21,Entertainment,1
23,10,Jake T. Austin,,,13.0,,,,,,,,,,,1,1,Jenna Johnson,21,Entertainment,1
23,11,Jake T. Austin,,,13.0,,,,,,,,,,,1,1,Jenna Johnson,21,Entertainment,1
23,1,James Hinchcliffe,percent,13.0,13.0,0.0939393939393939,0.0939393939393939,0.0776393105143435,0.0776393105143435,0.00225976875218,0.2659101728691562,0.00225976875218,0.2659101728691562,0.0672577561522898,221.06258866736425,0,0,Sharna Burgess,29,Other,0
23,2,James Hinchcliffe,percent,13.0,13.0,0.0823863636363636,0.0823863636363636,0.0767171280262891,0.0767171280262891,0.0028830767847626,0.273299146174577,0.0028830767847626,0.273299146174577,0.068983691170871,210.1392327947189,0,0,Sharna Burgess,29,Other,0
23,3,James Hinchcliffe,percent,12.0,12.0,0.0892307692307692,0.0892307692307692,0.087014615092857,0.087014615092857,0.0026890169885124,0.2974137328283553,0.0026890169885124,0.2974137328283553,0.0751848764897558,176.90455635786589,0,0,Sharna Burgess,29,Other,0
23,4,James Hinchcliffe,percent,11.0,11.0,0.10727969348659,0.10727969348659,0.092811295814567,0.092811295814567,0.0057247177679566,0.2909341601042149,0.0057247177679566,0.2909341601042149,0.0727575108000659,188.90538363898776,0,0,Sharna Burgess,29,Other,0
23,5,James Hinchcliffe,percent,9.0,9.0,0.1260869565217391,0.1260869565217391,0.1112214649318544,0.1112214649318544,0.0033263822682327,0.3741484077078248,0.0033263822682327,0.3741484077078248,0.0945974554692837,111.74834260935644,0,0,Sharna Burgess,29,Other,0
23,6,James Hinchcliffe,percent,9.0,9.0,0.1245901639344262,0.1245901639344262,0.119443935901858,0.119443935901858,0.0042245950320042,0.3860749675835683,0.0042245950320042,0.3860749675835683,0.0974108093243786,105.38667359181689,0,0,Sharna Burgess,29,Other,0
23,7,James Hinchcliffe,percent,8.0,8.0,0.1343012704174228,0.1343012704174228,0.1341690695529026,0.1341690695529026,0.0061114991295818,0.4150056277229488,0.0061114991295818,0.4150056277229488,0.1043097266819813,91.90737984137012,0,0,Sharna Burgess,29,Other,0
23,8,James Hinchcliffe,percent,7.0,7.0,0.1741285314711756,0.1741285314711756,0.1456733144163856,0.1456733144163856,0.0044585365895093,0.4518380800296124,0.0044585365895093,0.4518380800296124,0.1141274345510467,76.77501148720813,0,0,Sharna Burgess,29,Other,0
23,9,James Hinchcliffe,percent,6.0,6.0,0.158590308370044,0.158590308370044,0.2026125453739308,0.2026125453739308,0.0210040591188275,0.5591910030570564,0.0210040591188275,0.5591910030570564,0.1372925877393441,53.0524956379283,0,0,Sharna Burgess,29,Other,0
23,10,James Hinchcliffe,percent,5.0,5.0,0.2013651877133105,0.2013651877133105,0.2402756835183489,0.2402756835183489,0.034237451993354,0.6270339299154655,0.034237451993354,0.6270339299154655,0.151223591306661,43.728129929580994,0,0,Sharna Burgess,29,Other,0
23,11,James Hinchcliffe,percent,4.0,4.0,0.2562975590489603,0.2562975590489603,0.3059968009544397,0.3059968009544397,0.0298441749194391,0.7448540847109358,0.0298441749194391,0.7448540847109358,0.1824004871917083,30.057164764851237,0,0,Sharna Burgess,29,Other,0
23,1,Jana Kramer,percent,13.0,13.0,0.0818181818181818,0.0818181818181818,0.0770781642787347,0.0770781642787347,0.0020737787609117,0.2653076184580857,0.0020737787609117,0.2653076184580857,0.0671514897186668,221.7628001009252,0,0,Gleb Savchenko,32,Music,0
23,2,Jana Kramer,percent,13.0,13.0,0.0823863636363636,0.0823863636363636,0.0836365929070643,0.0836365929070643,0.0030932324518774,0.2797444136584041,0.0030932324518774,0.2797444136584041,0.0705742809200323,200.77381733186124,0,0,Gleb Savchenko,32,Music,0
23,3,Jana Kramer,percent,12.0,12.0,0.08,0.08,0.0909357867339171,0.0909357867339171,0.0043636747623834,0.2876800769594861,0.0043636747623834,0.2876800769594861,0.07227459239722,191.43824216966152,0,0,Gleb Savchenko,32,Music,0
23,4,Jana Kramer,percent,11.0,11.0,0.0881226053639846,0.0881226053639846,0.1132993537215336,0.1132993537215336,0.0118602886379153,0.3585118584833051,0.0118602886379153,0.3585118584833051,0.0884315229197423,127.87504262137958,0,0,Gleb Savchenko,32,Music,0
23,5,Jana Kramer,percent,9.0,9.0,0.1130434782608695,0.1130434782608695,0.1116723909371515,0.1116723909371515,0.0034500922057786,0.3706821957233416,0.0034500922057786,0.3706821957233416,0.0936816590606028,113.94384051578294,0,0,Gleb Savchenko,32,Music,0
23,6,Jana Kramer,percent,9.0,9.0,0.1311475409836065,0.1311475409836065,0.116944739988473,0.116944739988473,0.0037938474993948,0.383480315419589,0.0037938474993948,0.383480315419589,0.0968587928367842,106.59133359923422,0,0,Gleb Savchenko,32,Music,0
23,7,Jana Kramer,percent,8.0,8.0,0.1252268602540834,0.1252268602540834,0.1356712933181169,0.1356712933181169,0.0098190781298092,0.4330114344986672,0.0098190781298092,0.4330114344986672,0.1079572337675658,85.80182080974818,0,0,Gleb Savchenko,32,Music,0
23,8,Jana Kramer,percent,7.0,7.0,0.1492538798546068,0.1492538798546068,0.1566119518375249,0.1566119518375249,0.0096337946790387,0.4823712446376055,0.0096337946790387,0.4823712446376055,0.1205962882547364,68.75940622273293,0,0,Gleb Savchenko,32,Music,0
23,9,Jana Kramer,percent,6.0,6.0,0.1762114537444934,0.1762114537444934,0.1846450124968602,0.1846450124968602,0.0101260498341741,0.5388946777285571,0.0101260498341741,0.5388946777285571,0.1348899560955059,54.95924694623323,0,0,Gleb Savchenko,32,Music,0
23,10,Jana Kramer,percent,5.0,5.0,0.1979522184300341,0.1979522184300341,0.2403496340639154,0.2403496340639154,0.0341723071035951,0.6142332831238436,0.0341723071035951,0.6142332831238436,0.1479747387806756,45.66935058654116,0,0,Gleb Savchenko,32,Music,0
23,11,Jana Kramer,percent,4.0,4.0,0.2332976924558098,0.2332976924558098,0.067578460345554,0.067578460345554,0.0023691389300592,0.1885879795654473,0.0023691389300592,0.1885879795654473,0.0475048062845377,443.123616990917,0,0,Gleb Savchenko,32,Music,0
23,1,Laurie Hernandez,percent,13.0,13.0,0.0939393939393939,0.0939393939393939,0.0760289672359438,0.0760289672359438,0.0021953073845655,0.2597562653342443,0.0021953073845655,0.2597562653342443,0.0657043260075711,231.63920761482228,0,0,Valentin Chmerkovskiy,16,Sports,0
23,2,Laurie Hernandez,percent,13.0,13.0,0.0909090909090909,0.0909090909090909,0.0786250988871687,0.0786250988871687,0.002102795209991,0.2586888768945206,0.002102795209991,0.2586888768945206,0.0654556330827881,233.40273706967037,0,0,Valentin Chmerkovskiy,16,Sports,0
23,3,Laurie Hernandez,percent,12.0,12.0,0.0953846153846153,0.0953846153846153,0.0876325222222572,0.0876325222222572,0.0021191053912745,0.2937867814294136,0.0021191053912745,0.2937867814294136,0.0744050193974844,180.63234976829935,0,0,Valentin Chmerkovskiy,16,Sports,0
23,4,Laurie Hernandez,percent,11.0,11.0,0.1149425287356321,0.1149425287356321,0.0979137197682055,0.0979137197682055,0.0013553185146251,0.3427288026631148,0.0013553185146251,0.3427288026631148,0.0870850724868596,131.8598461424393,0,0,Valentin Chmerkovskiy,16,Sports,0
23,5,Laurie Hernandez,percent,9.0,9.0,0.108695652173913,0.108695652173913,0.1105923993868818,0.1105923993868818,0.0030334143976385,0.3719005842973004,0.0030334143976385,0.3719005842973004,0.0940987678315464,112.9359284958534,0,0,Valentin Chmerkovskiy,16,Sports,0
23,6,Laurie Hernandez,percent,9.0,9.0,0.121311475409836,0.121311475409836,0.1200189197139433,0.1200189197139433,0.0033332696191457,0.3905090725673446,0.0033332696191457,0.3905090725673446,0.0987693374867854,102.50751812414876,0,0,Valentin Chmerkovskiy,16,Sports,0
23,7,Laurie Hernandez,percent,8.0,8.0,0.1252268602540834,0.1252268602540834,0.1427250405993853,0.1427250405993853,0.0098535333806179,0.4327877339897191,0.0098535333806179,0.4327877339897191,0.1078913777064033,85.90659831118195,0,0,Valentin Chmerkovskiy,16,Sports,0
23,8,Laurie Hernandez,percent,7.0,7.0,0.1641792678400675,0.1641792678400675,0.1508273377083816,0.1508273377083816,0.0060568722520854,0.4711032074017256,0.0060568722520854,0.4711032074017256,0.1186342691708265,71.05255207753713,0,0,Valentin Chmerkovskiy,16,Sports,0
23,9,Laurie Hernandez,percent,6.0,6.0,0.1762114537444934,0.1762114537444934,0.1884621986681206,0.1884621986681206,0.0154715887203132,0.5536618755046411,0.0154715887203132,0.5536618755046411,0.1372934405062061,53.05183659304523,0,0,Valentin Chmerkovskiy,16,Sports,0
23,10,Laurie Hernandez,percent,5.0,5.0,0.204778156996587,0.204778156996587,0.234360733594189,0.234360733594189,0.0266808470744357,0.5978654784049844,0.0266808470744357,0.5978654784049844,0.145710365135344,47.09980477503358,0,0,Valentin Chmerkovskiy,16,Sports,0
23,11,Laurie Hernandez,percent,4.0,4.0,0.2584885858282496,0.2584885858282496,0.3111965029987166,0.3111965029987166,0.0303615704251675,0.7550971990337989,0.0303615704251675,0.7550971990337989,0.1848815379103651,29.255862743008933,0,0,Valentin Chmerkovskiy,16,Sports,0
23,1,Marilu Henner,percent,13.0,13.0,0.0818181818181818,0.0818181818181818,0.0765854859846042,0.0765854859846042,0.0022617888472616,0.2636466782276904,0.0022617888472616,0.2636466782276904,0.0666798187194971,224.91124990729068,0,0,Derek Hough,64,Entertainment,0
23,2,Marilu Henner,percent,13.0,13.0,0.0767045454545454,0.0767045454545454,0.0809581532975987,0.0809581532975987,0.0044540549734884,0.2612395722604275,0.0044540549734884,0.2612395722604275,0.0655065095119742,233.04032769697176,0,0,Derek Hough,64,Entertainment,0
23,3,Marilu Henner,percent,12.0,12.0,0.0861538461538461,0.0861538461538461,0.0873322279521251,0.0873322279521251,0.0031883642367348,0.2800314892935791,0.0031883642367348,0.2800314892935791,0.0706232461879704,200.4955085243992,0,0,Derek Hough,64,Entertainment,0
23,4,Marilu Henner,percent,11.0,11.0,0.0804597701149425,0.0804597701149425,0.1100550574770537,0.1100550574770537,0.0211175940928805,0.2869588270196105,0.0211175940928805,0.2869588270196105,0.0678166410527372,217.4339968666793,0,0,Derek Hough,64,Entertainment,0
23,5,Marilu Henner,percent,9.0,9.0,0.117391304347826,0.117391304347826,0.1098233324858995,0.1098233324858995,0.0030494428818592,0.3693371764719665,0.0030494428818592,0.3693371764719665,0.0934407483648232,114.53214223224866,0,0,Derek Hough,64,Entertainment,0
23,6,Marilu Henner,percent,9.0,9.0,0.1114754098360655,0.1114754098360655,0.1206584083085994,0.1206584083085994,0.0049590780991613,0.3766543285971947,0.0049590780991613,0.3766543285971947,0.094820216963784,111.22389776570138,0,0,Derek Hough,64,Entertainment,0
23,7,Marilu Henner,percent,8.0,8.0,0.1161524500907441,0.1161524500907441,0.1486045259241991,0.1486045259241991,0.0181900590569659,0.4354129734974347,0.0181900590569659,0.4354129734974347,0.1064344169490991,88.27461439887009,0,0,Derek Hough,64,Entertainment,0
23,8,Marilu Henner,percent,7.0,7.0,0.1144279745551985,0.1144279745551985,0.1850087741023073,0.1850087741023073,0.0329033538355696,0.4790476412741561,0.0329033538355696,0.4790476412741561,0.1138123182241292,77.20073959996954,0,0,Derek Hough,64,Entertainment,0
23,9,Marilu Henner,percent,6.0,6.0,0.158590308370044,0.158590308370044,0.0303528483356137,0.0303528483356137,0.0009079698364775,0.0907488266349449,0.0009079698364775,0.0907488266349449,0.0229185859179763,1903.8133325624297,0,0,Derek Hough,64,Entertainment,0
23,10,Marilu Henner,,,13.0,,,,,,,,,,,1,1,Derek Hough,64,Entertainment,1
23,11,Marilu Henner,,,13.0,,,,,,,,,,,1,1,Derek Hough,64,Entertainment,1
23,1,Maureen McCormick,percent,13.0,13.0,0.0666666666666666,0.0666666666666666,0.0764392196051649,0.0764392196051649,0.0022046441169559,0.26469768669588,0.0022046441169559,0.26469768669588,0.0669625108619704,223.01626613974284,0,0,Artem Chigvintsev,60,Entertainment,0
23,2,Maureen McCormick,percent,13.0,13.0,0.0738636363636363,0.0738636363636363,0.0815807890423216,0.0815807890423216,0.0048925794679128,0.2715936710475302,0.0048925794679128,0.2715936710475302,0.0680359927499024,216.0342192058364,0,0,Artem Chigvintsev,60,Entertainment,0
23,3,Maureen McCormick,percent,12.0,12.0,0.0861538461538461,0.0861538461538461,0.0893513722210181,0.0893513722210181,0.0034256575212999,0.2811308371435983,0.0034256575212999,0.2811308371435983,0.0708431580669128,199.2526811052128,0,0,Artem Chigvintsev,60,Entertainment,0
23,4,Maureen McCormick,percent,11.0,11.0,0.0919540229885057,0.0919540229885057,0.109276888435714,0.109276888435714,0.0100909095346252,0.3597021813822527,0.0100909095346252,0.3597021813822527,0.0891865489407213,125.71910523662731,0,0,Artem Chigvintsev,60,Entertainment,0
23,5,Maureen McCormick,percent,9.0,9.0,0.1043478260869565,0.1043478260869565,0.1097940963684955,0.1097940963684955,0.003227456564546,0.368424425371801,0.003227456564546,0.368424425371801,0.093162492042667,115.2173297004468,0,0,Artem Chigvintsev,60,Entertainment,0
23,6,Maureen McCormick,percent,9.0,9.0,0.101639344262295,0.101639344262295,0.1251433286937773,0.1251433286937773,0.0089015804160094,0.3821453398908689,0.0089015804160094,0.3821453398908689,0.0952152447639947,110.30292360633892,0,0,Artem Chigvintsev,60,Entertainment,0
23,7,Maureen McCormick,percent,8.0,8.0,0.1197822141560798,0.1197822141560798,0.0167487705858792,0.0167487705858792,0.0007130358262678,0.0532425813502926,0.0007130358262678,0.0532425813502926,0.0134003942663328,5568.841372664792,0,0,Artem Chigvintsev,60,Entertainment,0
23,8,Maureen McCormick,,,13.0,,,,,,,,,,,1,1,Artem Chigvintsev,60,Entertainment,1
23,9,Maureen McCormick,,,13.0,,,,,,,,,,,1,1,Artem Chigvintsev,60,Entertainment,1
23,10,Maureen McCormick,,,13.0,,,,,,,,,,,1,1,Artem Chigvintsev,60,Entertainment,1
23,11,Maureen McCormick,,,13.0,,,,,,,,,,,1,1,Artem Chigvintsev,60,Entertainment,1
23,1,Rick Perry,percent,13.0,13.0,0.0606060606060606,0.0606060606060606,0.0757961792420017,0.0757961792420017,0.0020830511669423,0.2643978251354053,0.0020830511669423,0.2643978251354053,0.0669170341756283,223.31949198246025,0,0,Emma Slater,66,Politics,0
23,2,Rick Perry,percent,13.0,13.0,0.0625,0.0625,0.090124762655903,0.090124762655903,0.0157139457525705,0.2608125350540782,0.0157139457525705,0.2608125350540782,0.0625251503320172,255.79409277568988,0,0,Emma Slater,66,Politics,0
23,3,Rick Perry,percent,12.0,12.0,0.0707692307692307,0.0707692307692307,0.0111748865985264,0.0111748865985264,0.0004132290426905,0.0321450510075124,0.0004132290426905,0.0321450510075124,0.0080948525420464,15260.969209530362,0,0,Emma Slater,66,Politics,0
23,4,Rick Perry,,,13.0,,,,,,,,,,,1,1,Emma Slater,66,Politics,1
23,5,Rick Perry,,,13.0,,,,,,,,,,,1,1,Emma Slater,66,Politics,1
23,6,Rick Perry,,,13.0,,,,,,,,,,,1,1,Emma Slater,66,Politics,1
23,7,Rick Perry,,,13.0,,,,,,,,,,,1,1,Emma Slater,66,Politics,1
23,8,Rick Perry,,,13.0,,,,,,,,,,,1,1,Emma Slater,66,Politics,1
23,9,Rick Perry,,,13.0,,,,,,,,,,,1,1,Emma Slater,66,Politics,1
23,10,Rick Perry,,,13.0,,,,,,,,,,,1,1,Emma Slater,66,Politics,1
23,11,Rick Perry,,,13.0,,,,,,,,,,,1,1,Emma Slater,66,Politics,1
23,1,Ryan Lochte,percent,13.0,13.0,0.0727272727272727,0.0727272727272727,0.0769329145384823,0.0769329145384823,0.0019898298419982,0.2638305424852198,0.0019898298419982,0.2638305424852198,0.0667961001640871,224.1288616883042,0,0,Cheryl Burke,32,Sports,0
23,2,Ryan Lochte,percent,13.0,13.0,0.0681818181818181,0.0681818181818181,0.0875431334892088,0.0875431334892088,0.0087025590687997,0.2901332731106663,0.0087025590687997,0.2901332731106663,0.0717935495004761,194.01224848289476,0,0,Cheryl Burke,32,Sports,0
23,3,Ryan Lochte,percent,12.0,12.0,0.0769230769230769,0.0769230769230769,0.0905944929436786,0.0905944929436786,0.0052077364059645,0.2836555486830336,0.0052077364059645,0.2836555486830336,0.0710326051727217,198.1912669537165,0,0,Cheryl Burke,32,Sports,0
23,4,Ryan Lochte,percent,11.0,11.0,0.0842911877394636,0.0842911877394636,0.120637361779107,0.120637361779107,0.0197825688105145,0.363075086491363,0.0197825688105145,0.363075086491363,0.0875746218573593,130.3897517687914,0,0,Cheryl Burke,32,Sports,0
23,5,Ryan Lochte,percent,9.0,9.0,0.1043478260869565,0.1043478260869565,0.1112765520057513,0.1112765520057513,0.0032096689782405,0.3715012021471504,0.0032096689782405,0.3715012021471504,0.0939519217267627,113.28924030410246,0,0,Cheryl Burke,32,Sports,0
23,6,Ryan Lochte,percent,9.0,9.0,0.0983606557377049,0.0983606557377049,0.1306629584206832,0.1306629584206832,0.0100528587812578,0.3965363579803171,0.0100528587812578,0.3965363579803171,0.0985927293875151,102.87508827853205,0,0,Cheryl Burke,32,Sports,0
23,7,Ryan Lochte,percent,8.0,8.0,0.1197822141560798,0.1197822141560798,0.1418998001170978,0.1418998001170978,0.0128505715340094,0.4154607162171497,0.0128505715340094,0.4154607162171497,0.1027066695620255,94.79877089647172,0,0,Cheryl Burke,32,Sports,0
23,8,Ryan Lochte,percent,7.0,7.0,0.1293533625406592,0.1293533625406592,0.0249983044907046,0.0249983044907046,0.00083827892315,0.0759604208982197,0.00083827892315,0.0759604208982197,0.0191638117283341,2722.9283201959547,0,0,Cheryl Burke,32,Sports,0
23,9,Ryan Lochte,,,13.0,,,,,,,,,,,1,1,Cheryl Burke,32,Sports,1
23,10,Ryan Lochte,,,13.0,,,,,,,,,,,1,1,Cheryl Burke,32,Sports,1
23,11,Ryan Lochte,,,13.0,,,,,,,,,,,1,1,Cheryl Burke,32,Sports,1
23,1,Terra Jole,percent,13.0,13.0,0.0757575757575757,0.0757575757575757,0.0773316350353253,0.0773316350353253,0.0021392747294391,0.2658697495627767,0.0021392747294391,0.2658697495627767,0.0672781823554432,220.9283762460094,0,0,Sasha Farber,36,Media,0
23,2,Terra Jole,percent,13.0,13.0,0.0880681818181818,0.0880681818181818,0.0794780910707244,0.0794780910707244,0.0021803344040203,0.2835020539785322,0.0021803344040203,0.2835020539785322,0.0717657447894162,194.16261268611865,0,0,Sasha Farber,36,Media,0
23,3,Terra Jole,percent,12.0,12.0,0.0923076923076923,0.0923076923076923,0.0887900647981924,0.0887900647981924,0.0029281442803002,0.2934051802805982,0.0029281442803002,0.2934051802805982,0.0741012846939535,182.1161770851821,0,0,Sasha Farber,36,Media,0
23,4,Terra Jole,percent,11.0,11.0,0.0957854406130268,0.0957854406130268,0.1016862868569316,0.1016862868569316,0.0080943919331288,0.3253996383786618,0.0080943919331288,0.3253996383786618,0.0809452159299829,152.62217141585023,0,0,Sasha Farber,36,Media,0
23,5,Terra Jole,percent,9.0,9.0,0.117391304347826,0.117391304347826,0.1112383468989594,0.1112383468989594,0.0030558575477487,0.3653308743383751,0.0030558575477487,0.3653308743383751,0.0924170961200577,117.08341026058868,0,0,Sasha Farber,36,Media,0
23,6,Terra Jole,percent,9.0,9.0,0.0983606557377049,0.0983606557377049,0.1263468344262934,0.1263468344262934,0.0103755249911909,0.3862467288411032,0.0103755249911909,0.3862467288411032,0.0958855111862021,108.76621714858634,0,0,Sasha Farber,36,Media,0
23,7,Terra Jole,percent,8.0,8.0,0.1252268602540834,0.1252268602540834,0.1445696020928935,0.1445696020928935,0.0089727030935,0.414838832347237,0.0089727030935,0.414838832347237,0.1035372778708512,93.28386134152754,0,0,Sasha Farber,36,Media,0
23,8,Terra Jole,percent,7.0,7.0,0.1194031038836854,0.1194031038836854,0.1811548090406826,0.1811548090406826,0.0279892018456221,0.5222339414950189,0.0279892018456221,0.5222339414950189,0.1260828417472951,62.90541366284012,0,0,Sasha Farber,36,Media,0
23,9,Terra Jole,percent,6.0,6.0,0.1674008810572687,0.1674008810572687,0.1963289023511082,0.1963289023511082,0.0155048230860352,0.5479564545097991,0.0155048230860352,0.5479564545097991,0.1358294978121846,54.20156294573572,0,0,Sasha Farber,36,Media,0
23,10,Terra Jole,percent,5.0,5.0,0.204778156996587,0.204778156996587,0.0377943605970355,0.0377943605970355,0.0011965381745467,0.1105256649069307,0.0011965381745467,0.1105256649069307,0.0278900833500979,1285.5837542471916,0,0,Sasha Farber,36,Media,0
23,11,Terra Jole,,,13.0,,,,,,,,,,,1,1,Sasha Farber,36,Media,1
23,1,Vanilla Ice,percent,13.0,13.0,0.0757575757575757,0.0757575757575757,0.0770494883682601,0.0770494883682601,0.0019345689456814,0.2629892247031732,0.0019345689456814,0.2629892247031732,0.0665955754483397,225.48063438688956,0,0,Witney Carson,48,Music,0
23,2,Vanilla Ice,percent,13.0,13.0,0.0738636363636363,0.0738636363636363,0.0846968609739773,0.0846968609739773,0.0048192288962162,0.2872245017952475,0.0048192288962162,0.2872245017952475,0.0720421614538345,192.6755162806482,0,0,Witney Carson,48,Music,0
23,3,Vanilla Ice,percent,12.0,12.0,0.0707692307692307,0.0707692307692307,0.0979980377226081,0.0979980377226081,0.0103480338692923,0.2923303097229832,0.0103480338692923,0.2923303097229832,0.0719342540443089,193.25400869223608,0,0,Witney Carson,48,Music,0
23,4,Vanilla Ice,percent,11.0,11.0,0.0881226053639846,0.0881226053639846,0.0136552509786746,0.0136552509786746,0.0005250572667316,0.0387619596371093,0.0005250572667316,0.0387619596371093,0.0097543118291779,10510.097131885184,0,0,Witney Carson,48,Music,0
23,5,Vanilla Ice,,,13.0,,,,,,,,,,,1,1,Witney Carson,48,Music,1
23,6,Vanilla Ice,,,13.0,,,,,,,,,,,1,1,Witney Carson,48,Music,1
23,7,Vanilla Ice,,,13.0,,,,,,,,,,,1,1,Witney Carson,48,Music,1
23,8,Vanilla Ice,,,13.0,,,,,,,,,,,1,1,Witney Carson,48,Music,1
23,9,Vanilla Ice,,,13.0,,,,,,,,,,,1,1,Witney Carson,48,Music,1
23,10,Vanilla Ice,,,13.0,,,,,,,,,,,1,1,Witney Carson,48,Music,1
23,11,Vanilla Ice,,,13.0,,,,,,,,,,,1,1,Witney Carson,48,Music,1
24,1,Bonner Bolton,percent,12.0,12.0,0.0728476821192053,0.0728476821192053,0.08287280524836,0.08287280524836,0.0023938726754297,0.2850891037979961,0.0023938726754297,0.2850891037979961,0.0721161303884098,192.28046753083063,0,0,Sharna Burgess,29,Sports,0
24,2,Bonner Bolton,percent,12.0,12.0,0.0853658536585365,0.0853658536585365,0.0864084645720037,0.0864084645720037,0.0028270229116695,0.3032804385279349,0.0028270229116695,0.3032804385279349,0.0766462794939452,170.2228443011451,0,0,Sharna Burgess,29,Sports,0
24,3,Bonner Bolton,percent,11.0,11.0,0.0761904761904762,0.0761904761904762,0.1082202884384317,0.1082202884384317,0.0092369074520811,0.3220709781253783,0.0092369074520811,0.3220709781253783,0.079804609865637,157.01604803533567,0,0,Sharna Burgess,29,Sports,0
24,4,Bonner Bolton,percent,10.0,10.0,0.0981595092024539,0.0981595092024539,0.1146667123478419,0.1146667123478419,0.0051152964947227,0.3659947537212241,0.0051152964947227,0.3659947537212241,0.0920610860271687,117.990709395117,0,0,Sharna Burgess,29,Sports,0
24,5,Bonner Bolton,percent,9.0,9.0,0.0986842105263157,0.0986842105263157,0.1318860249447551,0.1318860249447551,0.0195032115646921,0.3891034012741857,0.0195032115646921,0.3891034012741857,0.0942857626809932,112.488406102569,0,0,Sharna Burgess,29,Sports,0
24,6,Bonner Bolton,percent,8.0,8.0,0.1171003717472119,0.1171003717472119,0.1457040830674779,0.1457040830674779,0.0334582883496934,0.3934930229504027,0.0334582883496934,0.3934930229504027,0.0918455955614054,118.54502449714572,0,0,Sharna Burgess,29,Sports,0
24,7,Bonner Bolton,percent,7.0,7.0,0.1225296442687747,0.1225296442687747,0.2057105622883223,0.2057105622883223,0.0488450306477541,0.504826010577,0.0488450306477541,0.504826010577,0.116321678553379,73.90582663049545,0,0,Sharna Burgess,29,Sports,0
24,8,Bonner Bolton,percent,5.0,5.0,0.166189111747851,0.166189111747851,0.0505156427544297,0.0505156427544297,0.0019305059930573,0.1409901843753956,0.0019305059930573,0.1409901843753956,0.0354744077505965,794.6386649432374,0,0,Sharna Burgess,29,Sports,0
24,9,Bonner Bolton,,,12.0,,,,,,,,,,,1,1,Sharna Burgess,29,Sports,1
24,10,Bonner Bolton,,,12.0,,,,,,,,,,,1,1,Sharna Burgess,29,Sports,1
24,1,Charo,percent,12.0,12.0,0.0695364238410596,0.0695364238410596,0.0846030603252336,0.0846030603252336,0.00206775608164,0.2890068736435592,0.00206775608164,0.2890068736435592,0.0731987544800814,186.63479640095423,0,0,Keo Motsepe,66,Entertainment,0
24,2,Charo,percent,12.0,12.0,0.0762195121951219,0.0762195121951219,0.0943662311759055,0.0943662311759055,0.0051590738899807,0.2988423251173895,0.0051590738899807,0.2988423251173895,0.0749191967416859,178.1614650286525,0,0,Keo Motsepe,66,Entertainment,0
24,3,Charo,percent,11.0,11.0,0.0761904761904762,0.0761904761904762,0.0133216307849206,0.0133216307849206,0.0003569182708533,0.0381417218287022,0.0003569182708533,0.0381417218287022,0.0096389804994512,10763.110442692465,0,0,Keo Motsepe,66,Entertainment,0
24,4,Charo,,,12.0,,,,,,,,,,,1,1,Keo Motsepe,66,Entertainment,1
24,5,Charo,,,12.0,,,,,,,,,,,1,1,Keo Motsepe,66,Entertainment,1
24,6,Charo,,,12.0,,,,,,,,,,,1,1,Keo Motsepe,66,Entertainment,1
24,7,Charo,,,12.0,,,,,,,,,,,1,1,Keo Motsepe,66,Entertainment,1
24,8,Charo,,,12.0,,,,,,,,,,,1,1,Keo Motsepe,66,Entertainment,1
24,9,Charo,,,12.0,,,,,,,,,,,1,1,Keo Motsepe,66,Entertainment,1
24,10,Charo,,,12.0,,,,,,,,,,,1,1,Keo Motsepe,66,Entertainment,1
24,1,Chris Kattan,percent,12.0,12.0,0.0562913907284768,0.0562913907284768,0.0828115924456859,0.0828115924456859,0.0022846462046836,0.2859639238609567,0.0022846462046836,0.2859639238609567,0.0723671626674166,190.9487893651892,0,0,Witney Carson,46,Entertainment,0
24,2,Chris Kattan,percent,12.0,12.0,0.0670731707317073,0.0670731707317073,0.0123457615597329,0.0123457615597329,0.0005263019199254,0.0341492310066294,0.0005263019199254,0.0341492310066294,0.0085772778282408,13592.553303055907,0,0,Witney Carson,46,Entertainment,0
24,3,Chris Kattan,,,12.0,,,,,,,,,,,1,1,Witney Carson,46,Entertainment,1
24,4,Chris Kattan,,,12.0,,,,,,,,,,,1,1,Witney Carson,46,Entertainment,1
24,5,Chris Kattan,,,12.0,,,,,,,,,,,1,1,Witney Carson,46,Entertainment,1
24,6,Chris Kattan,,,12.0,,,,,,,,,,,1,1,Witney Carson,46,Entertainment,1
24,7,Chris Kattan,,,12.0,,,,,,,,,,,1,1,Witney Carson,46,Entertainment,1
24,8,Chris Kattan,,,12.0,,,,,,,,,,,1,1,Witney Carson,46,Entertainment,1
24,9,Chris Kattan,,,12.0,,,,,,,,,,,1,1,Witney Carson,46,Entertainment,1
24,10,Chris Kattan,,,12.0,,,,,,,,,,,1,1,Witney Carson,46,Entertainment,1
24,1,David Ross,percent,12.0,12.0,0.0927152317880794,0.0927152317880794,0.0832124585589909,0.0832124585589909,0.0024333308026262,0.2844411118233583,0.0024333308026262,0.2844411118233583,0.0719407604644724,193.21905396252183,0,0,Lindsay Arnold,40,Sports,0
24,2,David Ross,percent,12.0,12.0,0.0823170731707317,0.0823170731707317,0.0883729293730654,0.0883729293730654,0.0043435079863048,0.2978728479725512,0.0043435079863048,0.2978728479725512,0.0748799336699608,178.34835088670644,0,0,Lindsay Arnold,40,Sports,0
24,3,David Ross,percent,11.0,11.0,0.0984126984126984,0.0984126984126984,0.095757550359364,0.095757550359364,0.0031205576507194,0.3088658240595072,0.0031205576507194,0.3088658240595072,0.0779962414308132,164.3813906205191,0,0,Lindsay Arnold,40,Sports,0
24,4,David Ross,percent,10.0,10.0,0.0950920245398773,0.0950920245398773,0.1084330392979787,0.1084330392979787,0.0068790966873456,0.3433318053639302,0.0068790966873456,0.3433318053639302,0.0858297726215777,135.7450731844387,0,0,Lindsay Arnold,40,Sports,0
24,5,David Ross,percent,9.0,9.0,0.0953947368421052,0.0953947368421052,0.1373037662054741,0.1373037662054741,0.0233111433905156,0.3973719563547704,0.0233111433905156,0.3973719563547704,0.0954236767765956,109.82158496752449,0,0,Lindsay Arnold,40,Sports,0
24,6,David Ross,percent,8.0,8.0,0.1152416356877323,0.1152416356877323,0.1444736518150867,0.1444736518150867,0.033137836436328,0.3884155503751234,0.033137836436328,0.3884155503751234,0.0906320698823457,121.74081440007603,0,0,Lindsay Arnold,40,Sports,0
24,7,David Ross,percent,7.0,7.0,0.1264822134387351,0.1264822134387351,0.2127143919004497,0.2127143919004497,0.0452595599681672,0.5360743145611947,0.0452595599681672,0.5360743145611947,0.1252078455594457,63.78769581154339,0,0,Lindsay Arnold,40,Sports,0
24,8,David Ross,percent,5.0,5.0,0.1862464183381088,0.1862464183381088,0.2563910567377246,0.2563910567377246,0.0231802490655155,0.6569169039131987,0.0231802490655155,0.6569169039131987,0.1616675139917559,38.26083817362756,0,0,Lindsay Arnold,40,Sports,0
24,9,David Ross,percent,4.0,4.0,0.231023102310231,0.231023102310231,0.3244733084703545,0.3244733084703545,0.0813090590397412,0.7110094112390453,0.0813090590397412,0.7110094112390453,0.160637844948802,38.7529048148726,0,0,Lindsay Arnold,40,Sports,0
24,10,David Ross,percent,3.0,3.0,0.3150292500591763,0.3150292500591763,0.3360353227181843,0.3360353227181843,0.0133884179491397,0.8379108270872482,0.0133884179491397,0.8379108270872482,0.2103373492699256,22.60305839152039,0,0,Lindsay Arnold,40,Sports,0
24,1,Erika Jayne,percent,12.0,12.0,0.0794701986754966,0.0794701986754966,0.083264109922584,0.083264109922584,0.0022311972281601,0.2835961967915383,0.0022311972281601,0.2835961967915383,0.0717767856029026,194.10288450798757,0,0,Gleb Savchenko,45,Music,0
24,2,Erika Jayne,percent,12.0,12.0,0.0853658536585365,0.0853658536585365,0.087502027460526,0.087502027460526,0.0028582641366415,0.3021062938490982,0.0028582641366415,0.3021062938490982,0.0763387830899124,171.59693831489784,0,0,Gleb Savchenko,45,Music,0
24,3,Erika Jayne,percent,11.0,11.0,0.0825396825396825,0.0825396825396825,0.1018658208051346,0.1018658208051346,0.007444174174466,0.3268531056179245,0.007444174174466,0.3268531056179245,0.0814818702661883,150.61839737140937,0,0,Gleb Savchenko,45,Music,0
24,4,Erika Jayne,percent,10.0,10.0,0.0920245398773006,0.0920245398773006,0.11615519426951,0.11615519426951,0.0062200458681337,0.3562444114149063,0.0062200458681337,0.3562444114149063,0.0892919299864215,125.42253659968868,0,0,Gleb Savchenko,45,Music,0
24,5,Erika Jayne,percent,9.0,9.0,0.1052631578947368,0.1052631578947368,0.0150359290079417,0.0150359290079417,0.000529519359877,0.0464871915380589,0.000529519359877,0.0464871915380589,0.0117238959638219,7275.386806485014,0,0,Gleb Savchenko,45,Music,0
24,6,Erika Jayne,,,12.0,,,,,,,,,,,1,1,Gleb Savchenko,45,Music,1
24,7,Erika Jayne,,,12.0,,,,,,,,,,,1,1,Gleb Savchenko,45,Music,1
24,8,Erika Jayne,,,12.0,,,,,,,,,,,1,1,Gleb Savchenko,45,Music,1
24,9,Erika Jayne,,,12.0,,,,,,,,,,,1,1,Gleb Savchenko,45,Music,1
24,10,Erika Jayne,,,12.0,,,,,,,,,,,1,1,Gleb Savchenko,45,Music,1
24,1,Heather Morris,percent,12.0,12.0,0.0927152317880794,0.0927152317880794,0.0834102651845743,0.0834102651845743,0.0020614490894811,0.2844766800454155,0.0020614490894811,0.2844766800454155,0.072044701774473,192.66192891199304,0,0,Maksim Chmerkoskiy,30,Entertainment,0
24,2,Heather Morris,percent,12.0,12.0,0.0914634146341463,0.0914634146341463,0.0878009009080607,0.0878009009080607,0.0023285641984148,0.2942722244293326,0.0023285641984148,0.2942722244293326,0.0744754235282953,180.2909954811969,0,0,Maksim Chmerkoskiy,30,Entertainment,0
24,3,Heather Morris,percent,11.0,11.0,0.1047619047619047,0.1047619047619047,0.0932548577682937,0.0932548577682937,0.0024836391618407,0.3135301653170583,0.0024836391618407,0.3135301653170583,0.0793486036110249,158.8259359371814,0,0,Maksim Chmerkoskiy,30,Entertainment,0
24,4,Heather Morris,percent,10.0,10.0,0.107361963190184,0.107361963190184,0.1063107360084213,0.1063107360084213,0.0034849483389971,0.3490720438659218,0.0034849483389971,0.3490720438659218,0.0881599733487052,128.6640149988471,0,0,Maksim Chmerkoskiy,30,Entertainment,0
24,5,Heather Morris,percent,9.0,9.0,0.1118421052631579,0.1118421052631579,0.1215606059483729,0.1215606059483729,0.0095817539091165,0.3630625526914552,0.0095817539091165,0.3630625526914552,0.0901736731587598,122.9816961783912,0,0,Maksim Chmerkoskiy,30,Entertainment,0
24,6,Heather Morris,percent,8.0,8.0,0.137546468401487,0.137546468401487,0.014008084022018,0.014008084022018,0.000412252497849,0.0449923900704469,0.000412252497849,0.0449923900704469,0.0113724840746423,7731.955134368141,0,0,Maksim Chmerkoskiy,30,Entertainment,0
24,7,Heather Morris,,,12.0,,,,,,,,,,,1,1,Maksim Chmerkoskiy,30,Entertainment,1
24,8,Heather Morris,,,12.0,,,,,,,,,,,1,1,Maksim Chmerkoskiy,30,Entertainment,1
24,9,Heather Morris,,,12.0,,,,,,,,,,,1,1,Maksim Chmerkoskiy,30,Entertainment,1
24,10,Heather Morris,,,12.0,,,,,,,,,,,1,1,Maksim Chmerkoskiy,30,Entertainment,1
24,1,Mr. T,percent,12.0,12.0,0.0662251655629139,0.0662251655629139,0.083118962420247,0.083118962420247,0.0022741805266645,0.283056687318153,0.0022741805266645,0.283056687318153,0.0716281905080327,194.909065815867,0,0,Kym Herjavec,64,Entertainment,0
24,2,Mr. T,percent,12.0,12.0,0.0670731707317073,0.0670731707317073,0.0984767353113554,0.0984767353113554,0.0106125597137801,0.3090846315425681,0.0106125597137801,0.3090846315425681,0.076140834650201,172.49032226452573,0,0,Kym Herjavec,64,Entertainment,0
24,3,Mr. T,percent,11.0,11.0,0.0761904761904762,0.0761904761904762,0.1062171257700336,0.1062171257700336,0.0119303379869465,0.3195377200477355,0.0119303379869465,0.3195377200477355,0.0784712709338747,162.39723359801533,0,0,Kym Herjavec,64,Entertainment,0
24,4,Mr. T,percent,10.0,10.0,0.0858895705521472,0.0858895705521472,0.0142417964874478,0.0142417964874478,0.0005459627946587,0.0404188041245772,0.0005459627946587,0.0404188041245772,0.0101716431964077,9665.354001614944,0,0,Kym Herjavec,64,Entertainment,0
24,5,Mr. T,,,12.0,,,,,,,,,,,1,1,Kym Herjavec,64,Entertainment,1
24,6,Mr. T,,,12.0,,,,,,,,,,,1,1,Kym Herjavec,64,Entertainment,1
24,7,Mr. T,,,12.0,,,,,,,,,,,1,1,Kym Herjavec,64,Entertainment,1
24,8,Mr. T,,,12.0,,,,,,,,,,,1,1,Kym Herjavec,64,Entertainment,1
24,9,Mr. T,,,12.0,,,,,,,,,,,1,1,Kym Herjavec,64,Entertainment,1
24,10,Mr. T,,,12.0,,,,,,,,,,,1,1,Kym Herjavec,64,Entertainment,1
24,1,Nancy Kerrigan,percent,12.0,12.0,0.0927152317880794,0.0927152317880794,0.0830692125604294,0.0830692125604294,0.0023133941283684,0.2851903773451792,0.0023133941283684,0.2851903773451792,0.0721624957185742,192.03346156951648,0,0,Artem Chigvintsev,47,Sports,0
24,2,Nancy Kerrigan,percent,12.0,12.0,0.0853658536585365,0.0853658536585365,0.0890838710133433,0.0890838710133433,0.0032901318790252,0.2992384929905122,0.0032901318790252,0.2992384929905122,0.0754970308957874,175.44470091786104,0,0,Artem Chigvintsev,47,Sports,0
24,3,Nancy Kerrigan,percent,11.0,11.0,0.1047619047619047,0.1047619047619047,0.091296644578353,0.091296644578353,0.0034447511563236,0.3028031937342901,0.0034447511563236,0.3028031937342901,0.0763669496372363,171.4703808978242,0,0,Artem Chigvintsev,47,Sports,0
24,4,Nancy Kerrigan,percent,10.0,10.0,0.1012269938650306,0.1012269938650306,0.1075495039794365,0.1075495039794365,0.0040060684826103,0.3594216070981567,0.0040060684826103,0.3594216070981567,0.0906672292386597,121.6464142781226,0,0,Artem Chigvintsev,47,Sports,0
24,5,Nancy Kerrigan,percent,9.0,9.0,0.1184210526315789,0.1184210526315789,0.1180013488711745,0.1180013488711745,0.0067904183288877,0.364775205766873,0.0067904183288877,0.364775205766873,0.0913226498566289,119.9065729686487,0,0,Artem Chigvintsev,47,Sports,0
24,6,Nancy Kerrigan,percent,8.0,8.0,0.1245353159851301,0.1245353159851301,0.1415351445917227,0.1415351445917227,0.0249782621940003,0.4134219142834764,0.0249782621940003,0.4134219142834764,0.0990927683901724,101.8394574057118,0,0,Artem Chigvintsev,47,Sports,0
24,7,Nancy Kerrigan,percent,7.0,7.0,0.1422924901185771,0.1422924901185771,0.0325711476932373,0.0325711476932373,0.0010233919740227,0.0887057943831843,0.0010233919740227,0.0887057943831843,0.0223679597982555,1998.698345558353,0,0,Artem Chigvintsev,47,Sports,0
24,8,Nancy Kerrigan,,,12.0,,,,,,,,,,,1,1,Artem Chigvintsev,47,Sports,1
24,9,Nancy Kerrigan,,,12.0,,,,,,,,,,,1,1,Artem Chigvintsev,47,Sports,1
24,10,Nancy Kerrigan,,,12.0,,,,,,,,,,,1,1,Artem Chigvintsev,47,Sports,1
24,1,Nick Viall,percent,12.0,12.0,0.0794701986754966,0.0794701986754966,0.0834618779371607,0.0834618779371607,0.0022965671608265,0.2836642111403868,0.0022965671608265,0.2836642111403868,0.0717774601988674,194.09923599752287,0,0,Peta Murgatroyd,36,Media,0
24,2,Nick Viall,percent,12.0,12.0,0.0762195121951219,0.0762195121951219,0.0896426151110711,0.0896426151110711,0.0049857959739618,0.2995985219308973,0.0049857959739618,0.2995985219308973,0.0751563076420753,177.0390738735128,0,0,Peta Murgatroyd,36,Media,0
24,3,Nick Viall,percent,11.0,11.0,0.0825396825396825,0.0825396825396825,0.1025939333923635,0.1025939333923635,0.0061863977647337,0.3110582871857542,0.0061863977647337,0.3110582871857542,0.0777734411788317,165.32455769709327,0,0,Peta Murgatroyd,36,Media,0
24,4,Nick Viall,percent,10.0,10.0,0.0920245398773006,0.0920245398773006,0.1149700767490877,0.1149700767490877,0.0083298634579695,0.3619117205159847,0.0083298634579695,0.3619117205159847,0.0901994533311263,122.91140670046502,0,0,Peta Murgatroyd,36,Media,0
24,5,Nick Viall,percent,9.0,9.0,0.1118421052631579,0.1118421052631579,0.1277353324856977,0.1277353324856977,0.008280711270716,0.4010403836380302,0.008280711270716,0.4010403836380302,0.1001937939712536,99.61353583636895,0,0,Peta Murgatroyd,36,Media,0
24,6,Nick Viall,percent,8.0,8.0,0.1133828996282527,0.1133828996282527,0.1498480671035779,0.1498480671035779,0.0376526409884981,0.4166591198630525,0.0376526409884981,0.4166591198630525,0.0966853262435087,106.9741553374932,0,0,Peta Murgatroyd,36,Media,0
24,7,Nick Viall,percent,7.0,7.0,0.1343873517786561,0.1343873517786561,0.0349080928129319,0.0349080928129319,0.0010255277076705,0.0935704969287661,0.0010255277076705,0.0935704969287661,0.0236084105155856,1794.1820333171058,0,0,Peta Murgatroyd,36,Media,0
24,8,Nick Viall,,,12.0,,,,,,,,,,,1,1,Peta Murgatroyd,36,Media,1
24,9,Nick Viall,,,12.0,,,,,,,,,,,1,1,Peta Murgatroyd,36,Media,1
24,10,Nick Viall,,,12.0,,,,,,,,,,,1,1,Peta Murgatroyd,36,Media,1
24,1,Normani,percent,12.0,12.0,0.0894039735099337,0.0894039735099337,0.0829274397945367,0.0829274397945367,0.002250004746915,0.286745157505643,0.002250004746915,0.286745157505643,0.072575294071104,189.8551540339488,0,0,Valentin Chmerkovskiy,20,Music,0
24,2,Normani,percent,12.0,12.0,0.0975609756097561,0.0975609756097561,0.0896794963472589,0.0896794963472589,0.002992695456134,0.3027699748582598,0.002992695456134,0.3027699748582598,0.0764737957658484,170.99157250233424,0,0,Valentin Chmerkovskiy,20,Music,0
24,3,Normani,percent,11.0,11.0,0.1079365079365079,0.1079365079365079,0.0949270817120264,0.0949270817120264,0.0035885774521088,0.3282045199580562,0.0035885774521088,0.3282045199580562,0.0828101894147825,145.82515407218406,0,0,Valentin Chmerkovskiy,20,Music,0
24,4,Normani,percent,10.0,10.0,0.0981595092024539,0.0981595092024539,0.1126948541439176,0.1126948541439176,0.0057563447876062,0.3550048570417292,0.0057563447876062,0.3550048570417292,0.0890940082280925,125.9804062585234,0,0,Valentin Chmerkovskiy,20,Music,0
24,5,Normani,percent,9.0,9.0,0.1282894736842105,0.1282894736842105,0.1098275974733432,0.1098275974733432,0.003662106091146,0.3643278912765823,0.003662106091146,0.3643278912765823,0.0920065778534276,118.1305551182609,0,0,Valentin Chmerkovskiy,20,Music,0
24,6,Normani,percent,8.0,8.0,0.1338289962825278,0.1338289962825278,0.1295152850263806,0.1295152850263806,0.0154492872551907,0.3570256528581478,0.0154492872551907,0.3570256528581478,0.087136827959938,131.70325467225192,0,0,Valentin Chmerkovskiy,20,Music,0
24,7,Normani,percent,7.0,7.0,0.1660079051383399,0.1660079051383399,0.1644073957925266,0.1644073957925266,0.0154767375111671,0.435503844467332,0.0154767375111671,0.435503844467332,0.1071497721826951,87.09986783258918,0,0,Valentin Chmerkovskiy,20,Music,0
24,8,Normani,percent,5.0,5.0,0.2263610315186246,0.2263610315186246,0.2286169875511478,0.2286169875511478,0.0089390370998567,0.6339845277771947,0.0089390370998567,0.6339845277771947,0.1594503802748311,39.332258188218844,0,0,Valentin Chmerkovskiy,20,Music,0
24,9,Normani,percent,4.0,4.0,0.2508250825082508,0.2508250825082508,0.307868783474279,0.307868783474279,0.0632535165103881,0.7187381408795955,0.0632535165103881,0.7187381408795955,0.167215465400308,35.764084815084914,0,0,Valentin Chmerkovskiy,20,Music,0
24,10,Normani,percent,3.0,3.0,0.341039996323692,0.341039996323692,0.3309498427111542,0.3309498427111542,0.0129071306939934,0.8399713685221727,0.0129071306939934,0.8399713685221727,0.2109857749561682,22.46433925956696,0,0,Valentin Chmerkovskiy,20,Music,0
24,1,Rashad Jennings,percent,12.0,12.0,0.1026490066225165,0.1026490066225165,0.0846640142342498,0.0846640142342498,0.0021132354146515,0.284922502905596,0.0021132354146515,0.284922502905596,0.0721452212987103,192.1254333931735,0,0,Emma Slater,32,Sports,0
24,2,Rashad Jennings,percent,12.0,12.0,0.0975609756097561,0.0975609756097561,0.087471463112778,0.087471463112778,0.0029029428606402,0.2984441621899282,0.0029029428606402,0.2984441621899282,0.0753931681962469,175.92842410517596,0,0,Emma Slater,32,Sports,0
24,3,Rashad Jennings,percent,11.0,11.0,0.0888888888888888,0.0888888888888888,0.0988404575589033,0.0988404575589033,0.0048748159803344,0.3173829149811583,0.0048748159803344,0.3173829149811583,0.0797214538267407,157.34378019892026,0,0,Emma Slater,32,Sports,0
24,4,Rashad Jennings,percent,10.0,10.0,0.1196319018404908,0.1196319018404908,0.1027495606966753,0.1027495606966753,0.0033570067088697,0.3379791358623263,0.0033570067088697,0.3379791358623263,0.0853627880493511,137.23434617994266,0,0,Emma Slater,32,Sports,0
24,5,Rashad Jennings,percent,9.0,9.0,0.1052631578947368,0.1052631578947368,0.1250422812051915,0.1250422812051915,0.0122899011152687,0.3854315995863857,0.0122899011152687,0.3854315995863857,0.0951892087936523,110.3632715477641,0,0,Emma Slater,32,Sports,0
24,6,Rashad Jennings,percent,8.0,8.0,0.1301115241635687,0.1301115241635687,0.1344562344971264,0.1344562344971264,0.0228496803147913,0.3718218854078828,0.0228496803147913,0.3718218854078828,0.0890235217074213,126.179981287351,0,0,Emma Slater,32,Sports,0
24,7,Rashad Jennings,percent,7.0,7.0,0.1541501976284585,0.1541501976284585,0.1754707607067652,0.1754707607067652,0.0181533668394244,0.4862801498828011,0.0181533668394244,0.4862801498828011,0.1194200977151471,70.1205244419719,0,0,Emma Slater,32,Sports,0
24,8,Rashad Jennings,percent,5.0,5.0,0.2148997134670487,0.2148997134670487,0.2309215187613184,0.2309215187613184,0.0101143347289757,0.6474388840282932,0.0101143347289757,0.6474388840282932,0.1625827931886014,37.83126286924545,0,0,Emma Slater,32,Sports,0
24,9,Rashad Jennings,percent,4.0,4.0,0.2541254125412541,0.2541254125412541,0.3096552336008888,0.3096552336008888,0.0550314378875905,0.7001847041620304,0.0550314378875905,0.7001847041620304,0.1645799148659285,36.91869433016906,0,0,Emma Slater,32,Sports,0
24,10,Rashad Jennings,percent,3.0,3.0,0.3439307536171315,0.3439307536171315,0.3330148345706611,0.3330148345706611,0.0120400874974532,0.836801896336873,0.0120400874974532,0.836801896336873,0.2103984206223009,22.589938530651487,0,0,Emma Slater,32,Sports,0
24,1,Simone Biles,percent,12.0,12.0,0.1059602649006622,0.1059602649006622,0.0825842013679479,0.0825842013679479,0.0022229758604778,0.278208384510741,0.0022229758604778,0.278208384510741,0.0704044409822099,201.74365792664756,0,0,Sasha Farber,20,Sports,0
24,2,Simone Biles,percent,12.0,12.0,0.0884146341463414,0.0884146341463414,0.0888495040548984,0.0888495040548984,0.0028540483422126,0.3027465154130567,0.0028540483422126,0.3027465154130567,0.0765031803752153,170.86024317490455,0,0,Sasha Farber,20,Sports,0
24,3,Simone Biles,percent,11.0,11.0,0.1015873015873015,0.1015873015873015,0.0937046088321757,0.0937046088321757,0.0034486705380479,0.3091241812378059,0.0034486705380479,0.3091241812378059,0.0779784466070811,164.45642344713,0,0,Sasha Farber,20,Sports,0
24,4,Simone Biles,percent,10.0,10.0,0.1104294478527607,0.1104294478527607,0.1022285260196823,0.1022285260196823,0.003277311590897,0.3367229065304257,0.003277311590897,0.3367229065304257,0.0850626517702879,138.2044939734303,0,0,Sasha Farber,20,Sports,0
24,5,Simone Biles,percent,9.0,9.0,0.125,0.125,0.1136071138580492,0.1136071138580492,0.0037405107429712,0.3693221009847742,0.0037405107429712,0.3693221009847742,0.0932606097555619,114.97502131127428,0,0,Sasha Farber,20,Sports,0
24,6,Simone Biles,percent,8.0,8.0,0.1282527881040892,0.1282527881040892,0.1404594498766097,0.1404594498766097,0.0262880659614197,0.3955929554653554,0.0262880659614197,0.3955929554653554,0.0942104309959019,112.66837193062192,0,0,Sasha Farber,20,Sports,0
24,7,Simone Biles,percent,7.0,7.0,0.1541501976284585,0.1541501976284585,0.1742176488057663,0.1742176488057663,0.0250061998884613,0.4630250257874711,0.0250061998884613,0.4630250257874711,0.1117394964028086,80.09152823739605,0,0,Sasha Farber,20,Sports,0
24,8,Simone Biles,percent,5.0,5.0,0.2063037249283667,0.2063037249283667,0.2335547941953789,0.2335547941953789,0.0147332702996975,0.6554570312899693,0.0147332702996975,0.6554570312899693,0.1634499390281305,37.43091763648396,0,0,Sasha Farber,20,Sports,0
24,9,Simone Biles,percent,4.0,4.0,0.264026402640264,0.264026402640264,0.0580026744544789,0.0580026744544789,0.0020530932656027,0.1692593189374212,0.0020530932656027,0.1692593189374212,0.0426546494060761,549.6259719547675,0,0,Sasha Farber,20,Sports,0
24,10,Simone Biles,,,12.0,,,,,,,,,,,1,1,Sasha Farber,20,Sports,1
25,1,Barbara Corcoran,percent,13.0,13.0,0.0585774058577405,0.0585774058577405,0.0772854366333692,0.0772854366333692,0.0021705558066838,0.2657570200859773,0.0021705558066838,0.2657570200859773,0.0672414449692075,221.1698507792358,0,0,Keo Motsepe,68,Other,0
25,2,Barbara Corcoran,percent,13.0,13.0,0.0621572212065813,0.0621572212065813,0.0146326086096855,0.0146326086096855,0.000664266663385,0.0334949432954124,0.000664266663385,0.0334949432954124,0.008375172610211,14256.485181382266,0,0,Keo Motsepe,68,Other,0
25,3,Barbara Corcoran,,,13.0,,,,,,,,,,,1,1,Keo Motsepe,68,Other,1
25,4,Barbara Corcoran,,,13.0,,,,,,,,,,,1,1,Keo Motsepe,68,Other,1
25,5,Barbara Corcoran,,,13.0,,,,,,,,,,,1,1,Keo Motsepe,68,Other,1
25,6,Barbara Corcoran,,,13.0,,,,,,,,,,,1,1,Keo Motsepe,68,Other,1
25,7,Barbara Corcoran,,,13.0,,,,,,,,,,,1,1,Keo Motsepe,68,Other,1
25,8,Barbara Corcoran,,,13.0,,,,,,,,,,,1,1,Keo Motsepe,68,Other,1
25,9,Barbara Corcoran,,,13.0,,,,,,,,,,,1,1,Keo Motsepe,68,Other,1
25,10,Barbara Corcoran,,,13.0,,,,,,,,,,,1,1,Keo Motsepe,68,Other,1
25,1,Debbie Gibson,percent,13.0,13.0,0.0711297071129707,0.0711297071129707,0.0768159442689034,0.0768159442689034,0.0021480682953966,0.2649849491251377,0.0021480682953966,0.2649849491251377,0.0670502247014645,222.43315644866544,0,0,Alan Bersten,47,Music,0
25,2,Debbie Gibson,percent,13.0,13.0,0.0749542961608775,0.0749542961608775,0.0092231788105319,0.0092231788105319,0.0002817234071185,0.0293216641990737,0.0002817234071185,0.0293216641990737,0.007408148161213,18221.355482407223,0,0,Alan Bersten,47,Music,0
25,3,Debbie Gibson,,,13.0,,,,,,,,,,,1,1,Alan Bersten,47,Music,1
25,4,Debbie Gibson,,,13.0,,,,,,,,,,,1,1,Alan Bersten,47,Music,1
25,5,Debbie Gibson,,,13.0,,,,,,,,,,,1,1,Alan Bersten,47,Music,1
25,6,Debbie Gibson,,,13.0,,,,,,,,,,,1,1,Alan Bersten,47,Music,1
25,7,Debbie Gibson,,,13.0,,,,,,,,,,,1,1,Alan Bersten,47,Music,1
25,8,Debbie Gibson,,,13.0,,,,,,,,,,,1,1,Alan Bersten,47,Music,1
25,9,Debbie Gibson,,,13.0,,,,,,,,,,,1,1,Alan Bersten,47,Music,1
25,10,Debbie Gibson,,,13.0,,,,,,,,,,,1,1,Alan Bersten,47,Music,1
25,1,Derek Fisher,percent,13.0,13.0,0.0753138075313807,0.0753138075313807,0.0768741144661085,0.0768741144661085,0.0025052339262343,0.261134294196166,0.0025052339262343,0.261134294196166,0.0659768010892682,229.72988248911537,0,0,Sharna Burgess,43,Sports,0
25,2,Derek Fisher,percent,13.0,13.0,0.0694698354661791,0.0694698354661791,0.0967121055123749,0.0967121055123749,0.0183969523197053,0.263216171939936,0.0183969523197053,0.263216171939936,0.0624538825561813,256.3782126610904,0,0,Sharna Burgess,43,Sports,0
25,3,Derek Fisher,percent,11.0,11.0,0.0860655737704918,0.0860655737704918,0.0908550453746985,0.0908550453746985,0.0027318518324716,0.3082490707836573,0.0027318518324716,0.3082490707836573,0.0779380660589759,164.62688086798877,0,0,Sharna Burgess,43,Sports,0
25,4,Derek Fisher,percent,11.0,11.0,0.084870848708487,0.084870848708487,0.0103361750122374,0.0103361750122374,0.0003881247304399,0.0319731954340638,0.0003881247304399,0.0319731954340638,0.0080574159958224,15403.110366127505,0,0,Sharna Burgess,43,Sports,0
25,5,Derek Fisher,,,13.0,,,,,,,,,,,1,1,Sharna Burgess,43,Sports,1
25,6,Derek Fisher,,,13.0,,,,,,,,,,,1,1,Sharna Burgess,43,Sports,1
25,7,Derek Fisher,,,13.0,,,,,,,,,,,1,1,Sharna Burgess,43,Sports,1
25,8,Derek Fisher,,,13.0,,,,,,,,,,,1,1,Sharna Burgess,43,Sports,1
25,9,Derek Fisher,,,13.0,,,,,,,,,,,1,1,Sharna Burgess,43,Sports,1
25,10,Derek Fisher,,,13.0,,,,,,,,,,,1,1,Sharna Burgess,43,Sports,1
25,1,Drew Scott,percent,13.0,13.0,0.0669456066945606,0.0669456066945606,0.0768471372773257,0.0768471372773257,0.0019754806821098,0.2598814912087152,0.0019754806821098,0.2598814912087152,0.065792349624134,231.01980182677104,0,0,Emma Slater,39,Media,0
25,2,Drew Scott,percent,13.0,13.0,0.0749542961608775,0.0749542961608775,0.0906783272906097,0.0906783272906097,0.0106278568260446,0.2508344913560582,0.0106278568260446,0.2508344913560582,0.0612772026862279,266.3189911972047,0,0,Emma Slater,39,Media,0
25,3,Drew Scott,percent,11.0,11.0,0.0942622950819672,0.0942622950819672,0.0911666048471083,0.0911666048471083,0.0027642848413716,0.3193574796604359,0.0027642848413716,0.3193574796604359,0.0807635701069041,153.309470308015,0,0,Emma Slater,39,Media,0
25,4,Drew Scott,percent,11.0,11.0,0.088560885608856,0.088560885608856,0.1020758411991642,0.1020758411991642,0.0066729241438726,0.3219813983711097,0.0066729241438726,0.3219813983711097,0.0804358352620502,154.561330659365,0,0,Emma Slater,39,Media,0
25,5,Drew Scott,percent,10.0,10.0,0.0957854406130268,0.0957854406130268,0.1139648479181758,0.1139648479181758,0.0080050111201645,0.3524032234611523,0.0080050111201645,0.3524032234611523,0.0878566868216805,129.55385997070357,0,0,Emma Slater,39,Media,0
25,6,Drew Scott,percent,9.0,9.0,0.0980392156862745,0.0980392156862745,0.1263131976299117,0.1263131976299117,0.0095754762245082,0.4029959443340329,0.0095754762245082,0.4029959443340329,0.1003623643136542,99.2791916628831,0,0,Emma Slater,39,Media,0
25,7,Drew Scott,percent,8.0,8.0,0.1325581395348837,0.1325581395348837,0.1527660114370167,0.1527660114370167,0.0152822930699149,0.442359231313867,0.0152822930699149,0.442359231313867,0.1089481985316204,84.24805686854484,0,0,Emma Slater,39,Media,0
25,8,Drew Scott,percent,6.0,6.0,0.1501597444089457,0.1501597444089457,0.2106654768317616,0.2106654768317616,0.0344038353844732,0.5715390597664268,0.0344038353844732,0.5715390597664268,0.1370242919341718,53.26045434075271,0,0,Emma Slater,39,Media,0
25,9,Drew Scott,percent,5.0,5.0,0.1777777777777777,0.1777777777777777,0.2607583675642948,0.2607583675642948,0.0588646225293809,0.6363795630365423,0.0588646225293809,0.6363795630365423,0.1473252399252962,46.072914502611816,0,0,Emma Slater,39,Media,0
25,10,Drew Scott,percent,4.0,4.0,0.2397871457464638,0.2397871457464638,0.0662376500589495,0.0662376500589495,0.0023622284987222,0.1804407383689307,0.0023622284987222,0.1804407383689307,0.0454281912934205,484.56172669467736,0,0,Emma Slater,39,Media,0
25,1,Frankie Muniz,percent,13.0,13.0,0.0794979079497908,0.0794979079497908,0.0757543355810191,0.0757543355810191,0.0021788692534853,0.2592220134248765,0.0021788692534853,0.2592220134248765,0.0655722306559671,232.5734226809213,0,0,Witney Carson,31,Entertainment,0
25,2,Frankie Muniz,percent,13.0,13.0,0.0877513711151736,0.0877513711151736,0.0838540681300498,0.0838540681300498,0.0021837421361078,0.2936608272130855,0.0021837421361078,0.2936608272130855,0.074356399254331,180.86865066772745,0,0,Witney Carson,31,Entertainment,0
25,3,Frankie Muniz,percent,11.0,11.0,0.0860655737704918,0.0860655737704918,0.0908719932501333,0.0908719932501333,0.0026377646485496,0.3130080667578046,0.0026377646485496,0.3130080667578046,0.0791760974768507,159.5187787643319,0,0,Witney Carson,31,Entertainment,0
25,4,Frankie Muniz,percent,11.0,11.0,0.088560885608856,0.088560885608856,0.0970034559845229,0.0970034559845229,0.0071486127368002,0.2948788324009067,0.0071486127368002,0.2948788324009067,0.0734005662408435,185.6099182696284,0,0,Witney Carson,31,Entertainment,0
25,5,Frankie Muniz,percent,10.0,10.0,0.1111111111111111,0.1111111111111111,0.1030167031568011,0.1030167031568011,0.0032381755731319,0.3285652318640336,0.0032381755731319,0.3285652318640336,0.0829915959925769,145.1883491020016,0,0,Witney Carson,31,Entertainment,0
25,6,Frankie Muniz,percent,9.0,9.0,0.1013071895424836,0.1013071895424836,0.1267213271648206,0.1267213271648206,0.0070580722573344,0.4083639690466756,0.0070580722573344,0.4083639690466756,0.102373953262587,95.41596598692426,0,0,Witney Carson,31,Entertainment,0
25,7,Frankie Muniz,percent,8.0,8.0,0.1395348837209302,0.1395348837209302,0.1517082394633652,0.1517082394633652,0.0098264372239882,0.4509123827748323,0.0098264372239882,0.4509123827748323,0.1125219248854194,78.98155758407546,0,0,Witney Carson,31,Entertainment,0
25,8,Frankie Muniz,percent,6.0,6.0,0.1693290734824281,0.1693290734824281,0.1879554340265064,0.1879554340265064,0.0164701056824482,0.5063248405578314,0.0164701056824482,0.5063248405578314,0.1249629425702508,64.03796368926987,0,0,Witney Carson,31,Entertainment,0
25,9,Frankie Muniz,percent,5.0,5.0,0.1888888888888888,0.1888888888888888,0.2538151209929265,0.2538151209929265,0.0438879093353563,0.6117870200885407,0.0438879093353563,0.6117870200885407,0.1448722221309143,47.64636317661936,0,0,Witney Carson,31,Entertainment,0
25,10,Frankie Muniz,percent,4.0,4.0,0.2486669433277468,0.2486669433277468,0.3173537287680749,0.3173537287680749,0.0444923660751304,0.7542790482950777,0.0444923660751304,0.7542790482950777,0.181068031178558,30.501165955754097,0,0,Witney Carson,31,Entertainment,0
25,1,Jordan Fisher,percent,13.0,13.0,0.0920502092050209,0.0920502092050209,0.0771518772003505,0.0771518772003505,0.0022212023193764,0.2614028016911155,0.0022212023193764,0.2614028016911155,0.0661177549417701,228.7514222926163,0,0,Lindsay Arnold,23,Entertainment,0
25,2,Jordan Fisher,percent,13.0,13.0,0.0877513711151736,0.0877513711151736,0.0880799931774189,0.0880799931774189,0.0053087090697703,0.2702148452055582,0.0053087090697703,0.2702148452055582,0.0675780959530071,218.9717542801153,0,0,Lindsay Arnold,23,Entertainment,0
25,3,Jordan Fisher,percent,11.0,11.0,0.1024590163934426,0.1024590163934426,0.0891778757807422,0.0891778757807422,0.0024969897628771,0.3009519315131888,0.0024969897628771,0.3009519315131888,0.0761364647322223,172.5101232940234,0,0,Lindsay Arnold,23,Entertainment,0
25,4,Jordan Fisher,percent,11.0,11.0,0.1070110701107011,0.1070110701107011,0.0934744862983043,0.0934744862983043,0.0020933020936013,0.3387317925191577,0.0020933020936013,0.3387317925191577,0.0858771659248868,135.59528640131828,0,0,Lindsay Arnold,23,Entertainment,0
25,5,Jordan Fisher,percent,10.0,10.0,0.1149425287356321,0.1149425287356321,0.1042361657308563,0.1042361657308563,0.0037032416814345,0.3325480327213698,0.0037032416814345,0.3325480327213698,0.0838889773061059,142.09873120564615,0,0,Lindsay Arnold,23,Entertainment,0
25,6,Jordan Fisher,percent,9.0,9.0,0.1274509803921568,0.1274509803921568,0.1206220688158018,0.1206220688158018,0.0035502248045872,0.3991479815615583,0.0035502248045872,0.3991479815615583,0.100917795091064,98.1893745207564,0,0,Lindsay Arnold,23,Entertainment,0
25,7,Jordan Fisher,percent,8.0,8.0,0.1255813953488372,0.1255813953488372,0.1587823108033653,0.1587823108033653,0.0199582226312219,0.4592530411186492,0.0199582226312219,0.4592530411186492,0.1120650047161804,79.62693011042396,0,0,Lindsay Arnold,23,Entertainment,0
25,8,Jordan Fisher,percent,6.0,6.0,0.1916932907348242,0.1916932907348242,0.183721820471237,0.183721820471237,0.0084118763802429,0.5513492656739207,0.0084118763802429,0.5513492656739207,0.1385044360443055,52.12818854284316,0,0,Lindsay Arnold,23,Entertainment,0
25,9,Jordan Fisher,percent,5.0,5.0,0.2148148148148148,0.2148148148148148,0.2262437517653121,0.2262437517653121,0.0225678467058113,0.5940279500482657,0.0225678467058113,0.5940279500482657,0.145780638607769,47.0544068524564,0,0,Lindsay Arnold,23,Entertainment,0
25,10,Jordan Fisher,percent,4.0,4.0,0.2557729554628947,0.2557729554628947,0.3081402976780419,0.3081402976780419,0.0386169278562703,0.7285367231037289,0.0386169278562703,0.7285367231037289,0.1759999477672088,32.2830770130007,0,0,Lindsay Arnold,23,Entertainment,0
25,1,Lindsey Stirling,percent,13.0,13.0,0.0920502092050209,0.0920502092050209,0.0774781896108441,0.0774781896108441,0.0021493982145995,0.2628340721684983,0.0021493982145995,0.2628340721684983,0.0665011923351782,226.12112414716628,0,0,Mark Ballas,31,Music,0
25,2,Lindsey Stirling,percent,13.0,13.0,0.0822669104204753,0.0822669104204753,0.0748699617086406,0.0748699617086406,0.007095875179787,0.2532848765185573,0.007095875179787,0.2532848765185573,0.0628033166680536,253.53320165016152,0,0,Mark Ballas,31,Music,0
25,3,Lindsey Stirling,percent,11.0,11.0,0.110655737704918,0.110655737704918,0.0911345329232326,0.0911345329232326,0.0025402743510993,0.3091776522054235,0.0025402743510993,0.3091776522054235,0.0782238208812051,163.42630028572214,0,0,Mark Ballas,31,Music,0
25,4,Lindsey Stirling,percent,11.0,11.0,0.0959409594095941,0.0959409594095941,0.0972619393466562,0.0972619393466562,0.0030823369464286,0.3073221332597192,0.0030823369464286,0.3073221332597192,0.0776121929370639,166.01223281805946,0,0,Mark Ballas,31,Music,0
25,5,Lindsey Stirling,percent,10.0,10.0,0.10727969348659,0.10727969348659,0.0984971498081914,0.0984971498081914,0.0030316157141294,0.3347094872128355,0.0030316157141294,0.3347094872128355,0.0846117019129352,139.68157990311087,0,0,Mark Ballas,31,Music,0
25,6,Lindsey Stirling,percent,9.0,9.0,0.130718954248366,0.130718954248366,0.1184978011440845,0.1184978011440845,0.0036516148571932,0.3965285682208043,0.0036516148571932,0.3965285682208043,0.1002237125927579,99.55407176821238,0,0,Mark Ballas,31,Music,0
25,7,Lindsey Stirling,percent,8.0,8.0,0.1186046511627907,0.1186046511627907,0.1643287023318961,0.1643287023318961,0.0292066686921418,0.4735979988787659,0.0292066686921418,0.4735979988787659,0.1133651352516898,77.81099681876614,0,0,Mark Ballas,31,Music,0
25,8,Lindsey Stirling,percent,6.0,6.0,0.1725239616613418,0.1725239616613418,0.1862778245277276,0.1862778245277276,0.0138344579317721,0.5247525293768363,0.0138344579317721,0.5247525293768363,0.1303362427155776,58.866688510588105,0,0,Mark Ballas,31,Music,0
25,9,Lindsey Stirling,percent,5.0,5.0,0.2111111111111111,0.2111111111111111,0.2211910462701164,0.2211910462701164,0.0263088643050388,0.5922093949850564,0.0263088643050388,0.5922093949850564,0.1443623802755147,47.98350095654385,0,0,Mark Ballas,31,Music,0
25,10,Lindsey Stirling,percent,4.0,4.0,0.2557729554628947,0.2557729554628947,0.3082683234949332,0.3082683234949332,0.0373563385818243,0.7498430143526443,0.0373563385818243,0.7498430143526443,0.1817568050435765,30.27043346782556,0,0,Mark Ballas,31,Music,0
25,1,Nick Lachey,percent,13.0,13.0,0.0753138075313807,0.0753138075313807,0.0773730251071236,0.0773730251071236,0.002394442515913,0.2614063884195157,0.002394442515913,0.2614063884195157,0.066074475995817,229.0511859334051,0,0,Peta Murgatroyd,43,Music,0
25,2,Nick Lachey,percent,13.0,13.0,0.0694698354661791,0.0694698354661791,0.0957748267097922,0.0957748267097922,0.0141152405798633,0.2556643110002011,0.0141152405798633,0.2556643110002011,0.0616196608215147,263.3670220304929,0,0,Peta Murgatroyd,43,Music,0
25,3,Nick Lachey,percent,11.0,11.0,0.0860655737704918,0.0860655737704918,0.0915051327898331,0.0915051327898331,0.0027089929851108,0.3058629246520922,0.0027089929851108,0.3058629246520922,0.0773351866497401,167.20363852809177,0,0,Peta Murgatroyd,43,Music,0
25,4,Nick Lachey,percent,11.0,11.0,0.081180811808118,0.081180811808118,0.1050146506707095,0.1050146506707095,0.0127182821519671,0.3199174414439804,0.0127182821519671,0.3199174414439804,0.0783671324724523,162.82912472802718,0,0,Peta Murgatroyd,43,Music,0
25,5,Nick Lachey,percent,10.0,10.0,0.0842911877394636,0.0842911877394636,0.125720283531252,0.125720283531252,0.0178855504550757,0.352288677855602,0.0178855504550757,0.352288677855602,0.0853069202552362,137.4141555257898,0,0,Peta Murgatroyd,43,Music,0
25,6,Nick Lachey,percent,9.0,9.0,0.0849673202614379,0.0849673202614379,0.0217371240251142,0.0217371240251142,0.0009669689802825,0.0578695846661389,0.0009669689802825,0.0578695846661389,0.014515973389249,4745.78078102508,0,0,Peta Murgatroyd,43,Music,0
25,7,Nick Lachey,,,13.0,,,,,,,,,,,1,1,Peta Murgatroyd,43,Music,1
25,8,Nick Lachey,,,13.0,,,,,,,,,,,1,1,Peta Murgatroyd,43,Music,1
25,9,Nick Lachey,,,13.0,,,,,,,,,,,1,1,Peta Murgatroyd,43,Music,1
25,10,Nick Lachey,,,13.0,,,,,,,,,,,1,1,Peta Murgatroyd,43,Music,1
25,1,Nikki Bella,percent,13.0,13.0,0.0836820083682008,0.0836820083682008,0.0776347913045103,0.0776347913045103,0.0021467252791911,0.2653309906679733,0.0021467252791911,0.2653309906679733,0.067138843211424,221.84635200198736,0,0,Artem Chigvintsev,33,Sports,0
25,2,Nikki Bella,percent,13.0,13.0,0.0712979890310786,0.0712979890310786,0.0919417541089878,0.0919417541089878,0.0139483560837088,0.2404295557330725,0.0139483560837088,0.2404295557330725,0.0577758162370825,299.5765537663636,0,0,Artem Chigvintsev,33,Sports,0
25,3,Nikki Bella,percent,11.0,11.0,0.0860655737704918,0.0860655737704918,0.0907066630119586,0.0907066630119586,0.0024372269170943,0.3110042358462317,0.0024372269170943,0.3110042358462317,0.0787160737064126,161.38871087190844,0,0,Artem Chigvintsev,33,Sports,0
25,4,Nikki Bella,percent,11.0,11.0,0.088560885608856,0.088560885608856,0.1038804446644774,0.1038804446644774,0.0078803913897779,0.3338011086684661,0.0078803913897779,0.3338011086684661,0.0831430401221143,144.6599128615938,0,0,Artem Chigvintsev,33,Sports,0
25,5,Nikki Bella,percent,10.0,10.0,0.1034482758620689,0.1034482758620689,0.1040313799869687,0.1040313799869687,0.0048653982449812,0.3290907325159793,0.0048653982449812,0.3290907325159793,0.0827105444568872,146.17672942060565,0,0,Artem Chigvintsev,33,Sports,0
25,6,Nikki Bella,percent,9.0,9.0,0.1176470588235294,0.1176470588235294,0.1211428717061876,0.1211428717061876,0.0043784103297913,0.3805995868203138,0.0043784103297913,0.3805995868203138,0.0959747899210516,108.5639558305874,0,0,Artem Chigvintsev,33,Sports,0
25,7,Nikki Bella,percent,8.0,8.0,0.1116279069767441,0.1116279069767441,0.0277654015088068,0.0277654015088068,0.0010229353991565,0.0741798688024177,0.0010229353991565,0.0741798688024177,0.018662483011036,2871.184820159693,0,0,Artem Chigvintsev,33,Sports,0
25,8,Nikki Bella,,,13.0,,,,,,,,,,,1,1,Artem Chigvintsev,33,Sports,1
25,9,Nikki Bella,,,13.0,,,,,,,,,,,1,1,Artem Chigvintsev,33,Sports,1
25,10,Nikki Bella,,,13.0,,,,,,,,,,,1,1,Artem Chigvintsev,33,Sports,1
25,1,Sasha Pieterse,percent,13.0,13.0,0.0753138075313807,0.0753138075313807,0.0776305510918036,0.0776305510918036,0.0019917244700939,0.26503245936595,0.0019917244700939,0.26503245936595,0.0671022282897592,222.08852288571543,0,0,Gleb Savchenko,21,Entertainment,0
25,2,Sasha Pieterse,percent,13.0,13.0,0.0822669104204753,0.0822669104204753,0.0880572884809575,0.0880572884809575,0.0084487220067998,0.2733507097633254,0.0084487220067998,0.2733507097633254,0.0675770376929912,218.97861255252627,0,0,Gleb Savchenko,21,Entertainment,0
25,3,Sasha Pieterse,percent,11.0,11.0,0.0778688524590164,0.0778688524590164,0.0919800781056425,0.0919800781056425,0.0027360999390447,0.3072493991602943,0.0027360999390447,0.3072493991602943,0.0776819640870534,165.71415429041852,0,0,Gleb Savchenko,21,Entertainment,0
25,4,Sasha Pieterse,percent,11.0,11.0,0.088560885608856,0.088560885608856,0.1006556329458196,0.1006556329458196,0.0065727811113476,0.307293148340901,0.0065727811113476,0.307293148340901,0.0767143793952942,169.9207623766208,0,0,Gleb Savchenko,21,Entertainment,0
25,5,Sasha Pieterse,percent,10.0,10.0,0.0919540229885057,0.0919540229885057,0.0125509574547336,0.0125509574547336,0.0005218952047833,0.0369513535321874,0.0005218952047833,0.0369513535321874,0.0092932291651541,11578.884093149574,0,0,Gleb Savchenko,21,Entertainment,0
25,6,Sasha Pieterse,,,13.0,,,,,,,,,,,1,1,Gleb Savchenko,21,Entertainment,1
25,7,Sasha Pieterse,,,13.0,,,,,,,,,,,1,1,Gleb Savchenko,21,Entertainment,1
25,8,Sasha Pieterse,,,13.0,,,,,,,,,,,1,1,Gleb Savchenko,21,Entertainment,1
25,9,Sasha Pieterse,,,13.0,,,,,,,,,,,1,1,Gleb Savchenko,21,Entertainment,1
25,10,Sasha Pieterse,,,13.0,,,,,,,,,,,1,1,Gleb Savchenko,21,Entertainment,1
25,1,Terrell Owens,percent,13.0,13.0,0.0627615062761506,0.0627615062761506,0.0769949910800433,0.0769949910800433,0.0025019258126849,0.2636824351377405,0.0025019258126849,0.2636824351377405,0.0666276809502692,225.2633845984964,0,0,Cheryl Burke,43,Sports,0
25,2,Terrell Owens,percent,13.0,13.0,0.0712979890310786,0.0712979890310786,0.0931195662183891,0.0931195662183891,0.0140167084311625,0.2868287025416047,0.0140167084311625,0.2868287025416047,0.0695948964567454,206.46441688008244,0,0,Cheryl Burke,43,Sports,0
25,3,Terrell Owens,percent,11.0,11.0,0.0860655737704918,0.0860655737704918,0.090451588518368,0.090451588518368,0.0026581713128851,0.3061950139056047,0.0026581713128851,0.3061950139056047,0.0774328680083468,166.7820507145501,0,0,Cheryl Burke,43,Sports,0
25,4,Terrell Owens,percent,11.0,11.0,0.088560885608856,0.088560885608856,0.0956529135645629,0.0956529135645629,0.0056624903664336,0.2989119915654744,0.0056624903664336,0.2989119915654744,0.074808546224245,178.68889775346366,0,0,Cheryl Burke,43,Sports,0
25,5,Terrell Owens,percent,10.0,10.0,0.0957854406130268,0.0957854406130268,0.1077347356896058,0.1077347356896058,0.0066342346618127,0.331186179338195,0.0066342346618127,0.331186179338195,0.0827938634378526,145.88266975581325,0,0,Cheryl Burke,43,Sports,0
25,6,Terrell Owens,percent,9.0,9.0,0.1209150326797385,0.1209150326797385,0.1196238927455397,0.1196238927455397,0.0045460321077495,0.3946387305293877,0.0045460321077495,0.3946387305293877,0.0995134434749077,100.9802615240379,0,0,Cheryl Burke,43,Sports,0
25,7,Terrell Owens,percent,8.0,8.0,0.113953488372093,0.113953488372093,0.1693730686125193,0.1693730686125193,0.0396793727469535,0.4368808154367322,0.0396793727469535,0.4368808154367322,0.1013268986453517,97.39810327937693,0,0,Cheryl Burke,43,Sports,0
25,8,Terrell Owens,percent,6.0,6.0,0.1629392971246006,0.1629392971246006,0.0284533982659419,0.0284533982659419,0.0009804346311393,0.0885311042414141,0.0009804346311393,0.0885311042414141,0.022334354492417,2004.717539029804,0,0,Cheryl Burke,43,Sports,0
25,9,Terrell Owens,,,13.0,,,,,,,,,,,1,1,Cheryl Burke,43,Sports,1
25,10,Terrell Owens,,,13.0,,,,,,,,,,,1,1,Cheryl Burke,43,Sports,1
25,1,Vanessa Lachey,percent,13.0,13.0,0.0878661087866108,0.0878661087866108,0.0760638797344243,0.0760638797344243,0.002130641464225,0.2570055292028185,0.002130641464225,0.2570055292028185,0.0650191040149473,236.54732383421327,0,0,Maksim Chmerkoskiy,36,Media,0
25,2,Vanessa Lachey,percent,13.0,13.0,0.0859232175502742,0.0859232175502742,0.0830742023173752,0.0830742023173752,0.0043931352271248,0.231786787939475,0.0043931352271248,0.231786787939475,0.0580085848755995,297.1771805943372,0,0,Maksim Chmerkoskiy,36,Media,0
25,3,Vanessa Lachey,percent,11.0,11.0,0.0942622950819672,0.0942622950819672,0.0915043278014005,0.0915043278014005,0.0026678265699111,0.3097086336689394,0.0026678265699111,0.3097086336689394,0.0783267365048541,162.99712192809247,0,0,Maksim Chmerkoskiy,36,Media,0
25,4,Vanessa Lachey,percent,11.0,11.0,0.088560885608856,0.088560885608856,0.1014086937091449,0.1014086937091449,0.0064725041601617,0.3274876464043744,0.0064725041601617,0.3274876464043744,0.081891617919442,149.11491903075617,0,0,Maksim Chmerkoskiy,36,Media,0
25,5,Vanessa Lachey,percent,10.0,10.0,0.0919540229885057,0.0919540229885057,0.1188613381109305,0.1188613381109305,0.0106963520012642,0.3608380736089105,0.0106963520012642,0.3608380736089105,0.0893218677570526,125.33847561950722,0,0,Maksim Chmerkoskiy,36,Media,0
25,6,Vanessa Lachey,percent,9.0,9.0,0.1176470588235294,0.1176470588235294,0.1208674319052227,0.1208674319052227,0.0044019550009672,0.3765993053493815,0.0044019550009672,0.3765993053493815,0.0949483036603097,110.92401473772532,0,0,Maksim Chmerkoskiy,36,Media,0
25,7,Vanessa Lachey,percent,8.0,8.0,0.1255813953488372,0.1255813953488372,0.0214739445897753,0.0214739445897753,0.0004674321646448,0.0614922625033653,0.0004674321646448,0.0614922625033653,0.0155675587598776,4126.282639745961,0,0,Maksim Chmerkoskiy,36,Media,0
25,8,Vanessa Lachey,,,13.0,,,,,,,,,,,1,1,Maksim Chmerkoskiy,36,Media,1
25,9,Vanessa Lachey,,,13.0,,,,,,,,,,,1,1,Maksim Chmerkoskiy,36,Media,1
25,10,Vanessa Lachey,,,13.0,,,,,,,,,,,1,1,Maksim Chmerkoskiy,36,Media,1
25,1,Victoria Arlen,percent,13.0,13.0,0.0794979079497908,0.0794979079497908,0.0760957266441739,0.0760957266441739,0.0020228930407281,0.2600817416525179,0.0020228930407281,0.2600817416525179,0.065831338931579,230.74623501526636,0,0,Valentin Chmerkovskiy,22,Sports,0
25,2,Victoria Arlen,percent,13.0,13.0,0.0804387568555758,0.0804387568555758,0.0899821189251863,0.0899821189251863,0.0068984026617518,0.2759449356897909,0.0068984026617518,0.2759449356897909,0.0686343196500099,212.28403502631576,0,0,Valentin Chmerkovskiy,22,Sports,0
25,3,Victoria Arlen,percent,11.0,11.0,0.0901639344262295,0.0901639344262295,0.090646157596881,0.090646157596881,0.0025564384358072,0.3076076547153634,0.0025564384358072,0.3076076547153634,0.0778191878264173,165.1302400360997,0,0,Valentin Chmerkovskiy,22,Sports,0
25,4,Victoria Arlen,percent,11.0,11.0,0.0996309963099631,0.0996309963099631,0.0932357666044,0.0932357666044,0.0032591864166129,0.3019718397005687,0.0032591864166129,0.3019718397005687,0.0762022074703968,172.21258872252616,0,0,Valentin Chmerkovskiy,22,Sports,0
25,5,Victoria Arlen,percent,10.0,10.0,0.1034482758620689,0.1034482758620689,0.1113864386124844,0.1113864386124844,0.0063138269231669,0.3620968289753811,0.0063138269231669,0.3620968289753811,0.0907609699112791,121.39526385710148,0,0,Valentin Chmerkovskiy,22,Sports,0
25,6,Victoria Arlen,percent,9.0,9.0,0.1013071895424836,0.1013071895424836,0.1244742848633176,0.1244742848633176,0.0060082021120428,0.3894039769193317,0.0060082021120428,0.3894039769193317,0.0978050445936961,104.53879485238453,0,0,Valentin Chmerkovskiy,22,Sports,0
25,7,Victoria Arlen,percent,8.0,8.0,0.1325581395348837,0.1325581395348837,0.1538023212532548,0.1538023212532548,0.022323347390055,0.4303770640404398,0.022323347390055,0.4303770640404398,0.1040953358802002,92.2863475941886,0,0,Valentin Chmerkovskiy,22,Sports,0
25,8,Victoria Arlen,percent,6.0,6.0,0.1533546325878594,0.1533546325878594,0.202926045876825,0.202926045876825,0.0319149372827127,0.5151287240636975,0.0319149372827127,0.5151287240636975,0.1232688231584144,65.81024390435658,0,0,Valentin Chmerkovskiy,22,Sports,0
25,9,Victoria Arlen,percent,5.0,5.0,0.2074074074074074,0.2074074074074074,0.0379917134073498,0.0379917134073498,0.0011743741517818,0.1163533502173042,0.0011743741517818,0.1163533502173042,0.0293823918534495,1158.3124046250848,0,0,Valentin Chmerkovskiy,22,Sports,0
25,10,Victoria Arlen,,,13.0,,,,,,,,,,,1,1,Valentin Chmerkovskiy,22,Sports,1
26,1,Adam Rippon,percent,10.0,10.0,0.1142857142857142,0.1142857142857142,0.111262637760136,0.111262637760136,0.0051937180067613,0.3649056394762749,0.0051937180067613,0.3649056394762749,0.0917632452728351,118.75788962320972,0,0,Jenna Johnson,28,Sports,0
26,2,Adam Rippon,percent,8.0,8.0,0.1383177570093458,0.1383177570093458,0.151239170925359,0.151239170925359,0.0205740240115185,0.4054533268834964,0.0205740240115185,0.4054533268834964,0.0981834956306066,103.73445259373544,0,0,Jenna Johnson,28,Sports,0
26,3,Adam Rippon,percent,6.0,6.0,0.1943127962085308,0.1943127962085308,0.2491297411882195,0.2491297411882195,0.0523322792126684,0.5554414293427948,0.0523322792126684,0.5554414293427948,0.1283441709515628,60.70824834551794,0,0,Jenna Johnson,28,Sports,0
26,4,Adam Rippon,percent,3.0,3.0,0.3391812865497076,0.3391812865497076,0.3367935333638432,0.3367935333638432,0.0125491268084627,0.8356106893133962,0.0125491268084627,0.8356106893133962,0.209964684312483,22.68336564044283,0,0,Jenna Johnson,28,Sports,0
26,1,Arike Ogunbowale,percent,10.0,10.0,0.0952380952380952,0.0952380952380952,0.1179894944055807,0.1179894944055807,0.0144620577151358,0.3574867513568983,0.0144620577151358,0.3574867513568983,0.0875062993984087,130.59344056139676,0,0,Gleb Savchenko,21,Sports,0
26,2,Arike Ogunbowale,percent,8.0,8.0,0.1308411214953271,0.1308411214953271,0.0214270096546139,0.0214270096546139,0.0010907036733765,0.0670546807036805,0.0010907036733765,0.0670546807036805,0.0168275451607918,3531.493981687735,0,0,Gleb Savchenko,21,Sports,0
26,3,Arike Ogunbowale,,,10.0,,,,,,,,,,,1,1,Gleb Savchenko,21,Sports,1
26,4,Arike Ogunbowale,,,10.0,,,,,,,,,,,1,1,Gleb Savchenko,21,Sports,1
26,1,Chris Mazdzer,percent,10.0,10.0,0.1,0.1,0.1132117695733013,0.1132117695733013,0.0120845935669336,0.3414317081554425,0.0120845935669336,0.3414317081554425,0.0840171210684971,141.66560092242523,0,0,Witney Carson,29,Sports,0
26,2,Chris Mazdzer,percent,8.0,8.0,0.1233644859813084,0.1233644859813084,0.1560378030285817,0.1560378030285817,0.0266130382284737,0.4570339630620675,0.0266130382284737,0.4570339630620675,0.1098012563351004,82.94407751873698,0,0,Witney Carson,29,Sports,0
26,3,Chris Mazdzer,percent,6.0,6.0,0.1563981042654028,0.1563981042654028,0.0704388236596641,0.0704388236596641,0.0035236956526826,0.1774905800441745,0.0035236956526826,0.1774905800441745,0.0443793072427275,507.7371754550415,0,0,Witney Carson,29,Sports,0
26,4,Chris Mazdzer,,,10.0,,,,,,,,,,,1,1,Witney Carson,29,Sports,1
26,1,Jamie Anderson,percent,10.0,10.0,0.0904761904761904,0.0904761904761904,0.0172681302498291,0.0172681302498291,0.0006232044892441,0.051361347947633,0.0006232044892441,0.051361347947633,0.0129434039434665,5969.019393418516,0,0,Artem Chigvintsev,27,Sports,0
26,2,Jamie Anderson,,,10.0,,,,,,,,,,,1,1,Artem Chigvintsev,27,Sports,1
26,3,Jamie Anderson,,,10.0,,,,,,,,,,,1,1,Artem Chigvintsev,27,Sports,1
26,4,Jamie Anderson,,,10.0,,,,,,,,,,,1,1,Artem Chigvintsev,27,Sports,1
26,1,Jennie Finch Daigle,percent,10.0,10.0,0.1,0.1,0.1185933646994947,0.1185933646994947,0.0092282212014446,0.3610342997871792,0.0092282212014446,0.3610342997871792,0.0897464486188098,124.1553549846747,0,0,Keo Motsepe,37,Sports,0
26,2,Jennie Finch Daigle,percent,8.0,8.0,0.1177570093457943,0.1177570093457943,0.168336719115407,0.168336719115407,0.0319478646080385,0.4281411567829229,0.0319478646080385,0.4281411567829229,0.1010697173915521,97.8944109108497,0,0,Keo Motsepe,37,Sports,0
26,3,Jennie Finch Daigle,percent,6.0,6.0,0.1374407582938388,0.1374407582938388,0.0736630764093015,0.0736630764093015,0.0035550409266581,0.1875530075214407,0.0035550409266581,0.1875530075214407,0.0469382567843833,453.8852681163369,0,0,Keo Motsepe,37,Sports,0
26,4,Jennie Finch Daigle,,,10.0,,,,,,,,,,,1,1,Keo Motsepe,37,Sports,1
26,1,Johnny Damon,percent,10.0,10.0,0.0857142857142857,0.0857142857142857,0.0200467716427012,0.0200467716427012,0.0008293391619196,0.0523471620973924,0.0008293391619196,0.0523471620973924,0.0131423017692532,5789.7142506914815,0,0,Emma Slater,44,Sports,0
26,2,Johnny Damon,,,10.0,,,,,,,,,,,1,1,Emma Slater,44,Sports,1
26,3,Johnny Damon,,,10.0,,,,,,,,,,,1,1,Emma Slater,44,Sports,1
26,4,Johnny Damon,,,10.0,,,,,,,,,,,1,1,Emma Slater,44,Sports,1
26,1,Josh Norman,percent,10.0,10.0,0.1142857142857142,0.1142857142857142,0.1150801001158953,0.1150801001158953,0.003787620685544,0.363141928646981,0.003787620685544,0.363141928646981,0.0916720173371012,118.99437242820294,0,0,Sharna Burgess,30,Sports,0
26,2,Josh Norman,percent,8.0,8.0,0.1177570093457943,0.1177570093457943,0.1652130580109727,0.1652130580109727,0.0373758919582444,0.4691737788859988,0.0373758919582444,0.4691737788859988,0.1101525221754475,82.41591955224408,0,0,Sharna Burgess,30,Sports,0
26,3,Josh Norman,percent,6.0,6.0,0.1800947867298578,0.1800947867298578,0.267186187592727,0.267186187592727,0.0739805272362668,0.6345832904954659,0.0739805272362668,0.6345832904954659,0.1430109089946936,48.89468649346357,0,0,Sharna Burgess,30,Sports,0
26,4,Josh Norman,percent,3.0,3.0,0.3333333333333333,0.3333333333333333,0.3339406660280296,0.3339406660280296,0.0122381491483206,0.8430866555537095,0.0122381491483206,0.8430866555537095,0.2119511495932114,22.26016848149313,0,0,Sharna Burgess,30,Sports,0
26,1,Kareem Abdul-Jabbar,percent,10.0,10.0,0.0809523809523809,0.0809523809523809,0.1452224202047447,0.1452224202047447,0.0292579917278777,0.4094242420385308,0.0292579917278777,0.4094242420385308,0.096981186303738,106.32245978836082,0,0,Lindsay Arnold,71,Sports,0
26,2,Kareem Abdul-Jabbar,percent,8.0,8.0,0.1102803738317757,0.1102803738317757,0.0313344490447575,0.0313344490447575,0.0009240447010093,0.0758753904938365,0.0009240447010093,0.0758753904938365,0.0191202412736804,2735.352263848411,0,0,Lindsay Arnold,71,Sports,0
26,3,Kareem Abdul-Jabbar,,,10.0,,,,,,,,,,,1,1,Lindsay Arnold,71,Sports,1
26,4,Kareem Abdul-Jabbar,,,10.0,,,,,,,,,,,1,1,Lindsay Arnold,71,Sports,1
26,1,Mirai Nagasu,percent,10.0,10.0,0.1095238095238095,0.1095238095238095,0.1191345535397859,0.1191345535397859,0.0044017520976355,0.3743837721772542,0.0044017520976355,0.3743837721772542,0.0943831683876578,112.25634441351228,0,0,Alan Bersten,25,Sports,0
26,2,Mirai Nagasu,percent,8.0,8.0,0.1383177570093458,0.1383177570093458,0.1469678307401063,0.1469678307401063,0.01390191556211,0.3882095828846417,0.01390191556211,0.3882095828846417,0.0954866498271764,109.67677897073396,0,0,Alan Bersten,25,Sports,0
26,3,Mirai Nagasu,percent,6.0,6.0,0.1658767772511848,0.1658767772511848,0.0641970653333294,0.0641970653333294,0.0036574392266319,0.1683614972107887,0.0036574392266319,0.1683614972107887,0.0420163413224889,566.4525485818643,0,0,Alan Bersten,25,Sports,0
26,4,Mirai Nagasu,,,10.0,,,,,,,,,,,1,1,Alan Bersten,25,Sports,1
26,1,Tonya Harding,percent,10.0,10.0,0.1095238095238095,0.1095238095238095,0.1221907578085305,0.1221907578085305,0.0050742735678282,0.4031549515477918,0.0050742735678282,0.4031549515477918,0.1015511933622356,96.9683347275557,0,0,Sasha Farber,47,Sports,0
26,2,Tonya Harding,percent,8.0,8.0,0.1233644859813084,0.1233644859813084,0.1594439594802012,0.1594439594802012,0.0350079030883239,0.4172425544289329,0.0350079030883239,0.4172425544289329,0.0975088396277063,105.17487957498852,0,0,Sasha Farber,47,Sports,0
26,3,Tonya Harding,percent,6.0,6.0,0.1658767772511848,0.1658767772511848,0.2753851058167584,0.2753851058167584,0.0780459478970688,0.5997709714043103,0.0780459478970688,0.5997709714043103,0.1330931182416432,56.45323053276483,0,0,Sasha Farber,47,Sports,0
26,4,Tonya Harding,percent,3.0,3.0,0.327485380116959,0.327485380116959,0.3292658006081248,0.3292658006081248,0.0118954903795466,0.8323721299748871,0.0118954903795466,0.8323721299748871,0.2093052652028929,22.82651929886791,0,0,Sasha Farber,47,Sports,0
27,1,Alexis Ren,percent,13.0,13.0,0.0862745098039215,0.0862745098039215,0.0772333336675038,0.0772333336675038,0.0023744888835528,0.2728864507843287,0.0023744888835528,0.2728864507843287,0.0690081535461163,209.9902766674901,0,0,Alan Bersten,21,Social Media,0
27,2,Alexis Ren,percent,12.0,12.0,0.0905730129390018,0.0905730129390018,0.0875964959614797,0.0875964959614797,0.0032203468836181,0.3235282532663049,0.0032203468836181,0.3235282532663049,0.0817112006078282,149.77413375922976,0,0,Alan Bersten,21,Social Media,0
27,3,Alexis Ren,percent,11.0,11.0,0.0959409594095941,0.0959409594095941,0.0950898258818462,0.0950898258818462,0.0029336764345438,0.2849487307116162,0.0029336764345438,0.2849487307116162,0.0719426158870082,193.20908773152803,0,0,Alan Bersten,21,Social Media,0
27,4,Alexis Ren,percent,10.0,10.0,0.1077586206896551,0.1077586206896551,0.0973507901695192,0.0973507901695192,0.0118119172013942,0.2992141730173064,0.0118119172013942,0.2992141730173064,0.0733169019938551,186.03377072088367,0,0,Alan Bersten,21,Social Media,0
27,5,Alexis Ren,percent,9.0,9.0,0.1306306306306306,0.1306306306306306,0.1105043262759155,0.1105043262759155,0.0029284303211386,0.3678471305305013,0.0029284303211386,0.3678471305305013,0.0930915051554496,115.39311454764815,0,0,Alan Bersten,21,Social Media,0
27,6,Alexis Ren,percent,9.0,9.0,0.1179039301310043,0.1179039301310043,0.1174278848673618,0.1174278848673618,0.0049532637835405,0.3588143893557834,0.0049532637835405,0.3588143893557834,0.0902706952990415,122.71747897780922,0,0,Alan Bersten,21,Social Media,0
27,7,Alexis Ren,percent,8.0,8.0,0.1264367816091954,0.1264367816091954,0.1627216749175829,0.1627216749175829,0.0280653710494201,0.4742257799408671,0.0280653710494201,0.4742257799408671,0.1138164308396548,77.195160594869,0,0,Alan Bersten,21,Social Media,0
27,8,Alexis Ren,percent,6.0,6.0,0.1801242236024844,0.1801242236024844,0.2144051257463314,0.2144051257463314,0.0365344349241846,0.5462378098622251,0.0365344349241846,0.5462378098622251,0.1300263711576634,59.14759842007365,0,0,Alan Bersten,21,Social Media,0
27,9,Alexis Ren,percent,4.0,4.0,0.2467532467532467,0.2467532467532467,0.250263807482575,0.250263807482575,0.0083129839629254,0.7115147004458447,0.0083129839629254,0.7115147004458447,0.1793881929803366,31.075082458140837,0,0,Alan Bersten,21,Social Media,0
27,1,Bobby Bones,percent,13.0,13.0,0.0784313725490196,0.0784313725490196,0.0830164667509864,0.0830164667509864,0.0032459992803677,0.2600533803467764,0.0032459992803677,0.2600533803467764,0.0655120870067369,233.0006487327701,0,0,Sharna Burgess,38,Other,0
27,2,Bobby Bones,percent,12.0,12.0,0.0720887245841035,0.0720887245841035,0.0952251809570444,0.0952251809570444,0.0060807921770899,0.3056736031277238,0.0060807921770899,0.3056736031277238,0.0764267374874066,171.2022068052992,0,0,Sharna Burgess,38,Other,0
27,3,Bobby Bones,percent,11.0,11.0,0.084870848708487,0.084870848708487,0.1023537009122252,0.1023537009122252,0.0080265215721502,0.3035097475564465,0.0080265215721502,0.3035097475564465,0.0753783739755857,175.99748845885605,0,0,Sharna Burgess,38,Other,0
27,4,Bobby Bones,percent,10.0,10.0,0.0862068965517241,0.0862068965517241,0.1326250127956867,0.1326250127956867,0.0337406895005501,0.3437953873338107,0.0337406895005501,0.3437953873338107,0.0790955861819542,159.84369196183715,0,0,Sharna Burgess,38,Other,0
27,5,Bobby Bones,percent,9.0,9.0,0.0945945945945946,0.0945945945945946,0.1118343180489206,0.1118343180489206,0.0027999241331644,0.3715614202578567,0.0027999241331644,0.3715614202578567,0.0940718102358909,113.00066451628494,0,0,Sharna Burgess,38,Other,0
27,6,Bobby Bones,percent,9.0,9.0,0.0960698689956331,0.0960698689956331,0.129778093955855,0.129778093955855,0.0207547878341021,0.373384635440027,0.0207547878341021,0.373384635440027,0.0899565937770216,123.5759606168818,0,0,Sharna Burgess,38,Other,0
27,7,Bobby Bones,percent,8.0,8.0,0.1218390804597701,0.1218390804597701,0.1674347325696381,0.1674347325696381,0.0298674254378287,0.4999262845757195,0.0298674254378287,0.4999262845757195,0.1199129742698701,69.54527834516688,0,0,Sharna Burgess,38,Other,0
27,8,Bobby Bones,percent,6.0,6.0,0.139751552795031,0.139751552795031,0.2636279382309087,0.2636279382309087,0.0846134705805419,0.6139932252731762,0.0846134705805419,0.6139932252731762,0.1350458557889373,54.83242803589872,0,0,Sharna Burgess,38,Other,0
27,9,Bobby Bones,percent,4.0,4.0,0.2337662337662337,0.2337662337662337,0.2511547401728424,0.2511547401728424,0.0085714967297274,0.7137631547507853,0.0085714967297274,0.7137631547507853,0.1798958311278209,30.899951772389294,0,0,Sharna Burgess,38,Other,0
27,1,Danelle Umstead,percent,13.0,13.0,0.0705882352941176,0.0705882352941176,0.0839617836286642,0.0839617836286642,0.008134247693769,0.269129957650885,0.008134247693769,0.269129957650885,0.0665805382543663,225.58249535130847,0,0,Artem Chigvintsev,46,Sports,0
27,2,Danelle Umstead,percent,12.0,12.0,0.0683918669131238,0.0683918669131238,0.0124764655992364,0.0124764655992364,0.0006145600563328,0.0350726743367487,0.0006145600563328,0.0350726743367487,0.0087903352756163,12941.634195860908,0,0,Artem Chigvintsev,46,Sports,0
27,3,Danelle Umstead,,,13.0,,,,,,,,,,,1,1,Artem Chigvintsev,46,Sports,1
27,4,Danelle Umstead,,,13.0,,,,,,,,,,,1,1,Artem Chigvintsev,46,Sports,1
27,5,Danelle Umstead,,,13.0,,,,,,,,,,,1,1,Artem Chigvintsev,46,Sports,1
27,6,Danelle Umstead,,,13.0,,,,,,,,,,,1,1,Artem Chigvintsev,46,Sports,1
27,7,Danelle Umstead,,,13.0,,,,,,,,,,,1,1,Artem Chigvintsev,46,Sports,1
27,8,Danelle Umstead,,,13.0,,,,,,,,,,,1,1,Artem Chigvintsev,46,Sports,1
27,9,Danelle Umstead,,,13.0,,,,,,,,,,,1,1,Artem Chigvintsev,46,Sports,1
27,1,DeMarcus Ware,percent,13.0,13.0,0.0901960784313725,0.0901960784313725,0.0804777518001886,0.0804777518001886,0.0021557579248778,0.2830432055831857,0.0021557579248778,0.2830432055831857,0.0716549611373234,194.7634551405108,0,0,Lindsay Arnold,36,Sports,0
27,2,DeMarcus Ware,percent,12.0,12.0,0.0868761552680221,0.0868761552680221,0.0882309391743884,0.0882309391743884,0.0038135760738724,0.2849794513501464,0.0038135760738724,0.2849794513501464,0.0717259885908862,194.37791279739952,0,0,Lindsay Arnold,36,Sports,0
27,3,DeMarcus Ware,percent,11.0,11.0,0.0959409594095941,0.0959409594095941,0.0892477739804967,0.0892477739804967,0.0031254728242562,0.284641183277796,0.0031254728242562,0.284641183277796,0.071815232258556,193.89511217460236,0,0,Lindsay Arnold,36,Sports,0
27,4,DeMarcus Ware,percent,10.0,10.0,0.0948275862068965,0.0948275862068965,0.1068182776111845,0.1068182776111845,0.026269389416082,0.2852191290208822,0.026269389416082,0.2852191290208822,0.0660586070420408,229.16124696649817,0,0,Lindsay Arnold,36,Sports,0
27,5,DeMarcus Ware,percent,9.0,9.0,0.1171171171171171,0.1171171171171171,0.1100685260961138,0.1100685260961138,0.002738728650471,0.3666921847815453,0.002738728650471,0.3666921847815453,0.0928452694211924,116.0059963207532,0,0,Lindsay Arnold,36,Sports,0
27,6,DeMarcus Ware,percent,9.0,9.0,0.1135371179039301,0.1135371179039301,0.1175870754687426,0.1175870754687426,0.0068642386399234,0.3646219372580117,0.0068642386399234,0.3646219372580117,0.0912647190352266,120.05884409675282,0,0,Lindsay Arnold,36,Sports,0
27,7,DeMarcus Ware,percent,8.0,8.0,0.1218390804597701,0.1218390804597701,0.0245127716182821,0.0245127716182821,0.0013655163692768,0.0736933662025305,0.0013655163692768,0.0736933662025305,0.0184509821003198,2937.3860290701077,0,0,Lindsay Arnold,36,Sports,0
27,8,DeMarcus Ware,,,13.0,,,,,,,,,,,1,1,Lindsay Arnold,36,Sports,1
27,9,DeMarcus Ware,,,13.0,,,,,,,,,,,1,1,Lindsay Arnold,36,Sports,1
27,1,Evanna Lynch,percent,13.0,13.0,0.0705882352941176,0.0705882352941176,0.0822865163560415,0.0822865163560415,0.0058055616530236,0.2573083918840107,0.0058055616530236,0.2573083918840107,0.0641588852630069,242.9329258206301,0,0,Keo Motsepe,27,Entertainment,0
27,2,Evanna Lynch,percent,12.0,12.0,0.088724584103512,0.088724584103512,0.0872763047060607,0.0872763047060607,0.0034909480721744,0.2927869594469283,0.0034909480721744,0.2927869594469283,0.0738000029017229,183.6061576667561,0,0,Keo Motsepe,27,Entertainment,0
27,3,Evanna Lynch,percent,11.0,11.0,0.0996309963099631,0.0996309963099631,0.0963190429334173,0.0963190429334173,0.003476385702918,0.2980044845970356,0.003476385702918,0.2980044845970356,0.0751347191056422,177.14082612955625,0,0,Keo Motsepe,27,Entertainment,0
27,4,Evanna Lynch,percent,10.0,10.0,0.1034482758620689,0.1034482758620689,0.1070109777607583,0.1070109777607583,0.0148347056802265,0.3064293855897063,0.0148347056802265,0.3064293855897063,0.0743863979360917,180.72279800716345,0,0,Keo Motsepe,27,Entertainment,0
27,5,Evanna Lynch,percent,9.0,9.0,0.1081081081081081,0.1081081081081081,0.1123366536689504,0.1123366536689504,0.0033527575665289,0.372683463669598,0.0033527575665289,0.372683463669598,0.0942170168630278,112.65262120920067,0,0,Keo Motsepe,27,Entertainment,0
27,6,Evanna Lynch,percent,9.0,9.0,0.1266375545851528,0.1266375545851528,0.1101706103937208,0.1101706103937208,0.0043549245320853,0.3475212163544225,0.0043549245320853,0.3475212163544225,0.0875424213832492,130.4856911760245,0,0,Keo Motsepe,27,Entertainment,0
27,7,Evanna Lynch,percent,8.0,8.0,0.135632183908046,0.135632183908046,0.1460767122829655,0.1460767122829655,0.0177203260485663,0.4556287388174007,0.0177203260485663,0.4556287388174007,0.1117113297879679,80.13192148365931,0,0,Keo Motsepe,27,Entertainment,0
27,8,Evanna Lynch,percent,6.0,6.0,0.1801242236024844,0.1801242236024844,0.2167556710186289,0.2167556710186289,0.0381160850379904,0.5095361928844226,0.0381160850379904,0.5095361928844226,0.1202602315934776,69.14422739760187,0,0,Keo Motsepe,27,Entertainment,0
27,9,Evanna Lynch,percent,4.0,4.0,0.2597402597402597,0.2597402597402597,0.2510616494591603,0.2510616494591603,0.008510257076249,0.7050091274059737,0.008510257076249,0.7050091274059737,0.1776782832473787,31.6760705308852,0,0,Keo Motsepe,27,Entertainment,0
27,1,Joe Amabile,percent,13.0,13.0,0.0549019607843137,0.0549019607843137,0.0987939453481087,0.0987939453481087,0.0229433760097459,0.2755012561209155,0.0229433760097459,0.2755012561209155,0.0644280306406045,240.9074812003277,0,0,Jenna Johnson,32,Media,0
27,2,Joe Amabile,percent,12.0,12.0,0.0646950092421441,0.0646950092421441,0.1024696158810884,0.1024696158810884,0.0144066963924274,0.328517679174126,0.0144066963924274,0.328517679174126,0.0801303527504333,155.74205138983837,0,0,Jenna Johnson,32,Media,0
27,3,Joe Amabile,percent,11.0,11.0,0.066420664206642,0.066420664206642,0.1207110790972264,0.1207110790972264,0.0253972683121021,0.3380190753045451,0.0253972683121021,0.3380190753045451,0.0797504609674599,157.22934165941837,0,0,Jenna Johnson,32,Media,0
27,4,Joe Amabile,percent,10.0,10.0,0.0646551724137931,0.0646551724137931,0.1437338292669293,0.1437338292669293,0.0589900576871625,0.3439828205080874,0.0589900576871625,0.3439828205080874,0.0727022354135012,189.1927417234729,0,0,Jenna Johnson,32,Media,0
27,5,Joe Amabile,percent,9.0,9.0,0.0765765765765765,0.0765765765765765,0.1104178857242851,0.1104178857242851,0.0033438095283388,0.3634911216945664,0.0033438095283388,0.3634911216945664,0.0918743143281192,118.4709246830349,0,0,Jenna Johnson,32,Media,0
27,6,Joe Amabile,percent,9.0,9.0,0.0960698689956331,0.0960698689956331,0.1350059544682257,0.1350059544682257,0.0210406003512281,0.4101130631156124,0.0210406003512281,0.4101130631156124,0.0992531792766286,101.5105418650386,0,0,Jenna Johnson,32,Media,0
27,7,Joe Amabile,percent,8.0,8.0,0.1080459770114942,0.1080459770114942,0.1688139966007145,0.1688139966007145,0.0387566116546756,0.4237620862578414,0.0387566116546756,0.4237620862578414,0.0982156822967259,103.6664732442906,0,0,Jenna Johnson,32,Media,0
27,8,Joe Amabile,percent,6.0,6.0,0.1428571428571428,0.1428571428571428,0.0524202153585253,0.0524202153585253,0.0015927197558416,0.1372657068640909,0.0015927197558416,0.1372657068640909,0.0346104558949615,834.8056123328419,0,0,Jenna Johnson,32,Media,0
27,9,Joe Amabile,,,13.0,,,,,,,,,,,1,1,Jenna Johnson,32,Media,1
27,1,John Schneider,percent,13.0,13.0,0.0705882352941176,0.0705882352941176,0.0836886189433817,0.0836886189433817,0.0067060736853293,0.2918199802507883,0.0067060736853293,0.2918199802507883,0.072733139429964,189.0320014197672,0,0,Emma Slater,58,Entertainment,0
27,2,John Schneider,percent,12.0,12.0,0.0794824399260628,0.0794824399260628,0.0903178161316578,0.0903178161316578,0.0036526373958189,0.2925509704391432,0.0036526373958189,0.2925509704391432,0.0736985543477868,184.1119857501504,0,0,Emma Slater,58,Entertainment,0
27,3,John Schneider,percent,11.0,11.0,0.077490774907749,0.077490774907749,0.1066488198942141,0.1066488198942141,0.0142996873966257,0.3242889841477503,0.0142996873966257,0.3242889841477503,0.0790789022324297,159.9111462469752,0,0,Emma Slater,58,Entertainment,0
27,4,John Schneider,percent,10.0,10.0,0.0905172413793103,0.0905172413793103,0.1171238240782913,0.1171238240782913,0.0261843129451852,0.3050452660900475,0.0261843129451852,0.3050452660900475,0.0711379982512403,197.60444935461,0,0,Emma Slater,58,Entertainment,0
27,5,John Schneider,percent,9.0,9.0,0.1081081081081081,0.1081081081081081,0.110668817545633,0.110668817545633,0.003048383284799,0.3696056601931769,0.003048383284799,0.3696056601931769,0.0935095094154025,114.36376459977298,0,0,Emma Slater,58,Entertainment,0
27,6,John Schneider,percent,9.0,9.0,0.0829694323144104,0.0829694323144104,0.1520580495847708,0.1520580495847708,0.0358671736063699,0.3995248341178501,0.0358671736063699,0.3995248341178501,0.0927698113549694,116.1947893788968,0,0,Emma Slater,58,Entertainment,0
27,7,John Schneider,percent,8.0,8.0,0.1241379310344827,0.1241379310344827,0.0223579014409525,0.0223579014409525,0.0007601512846844,0.0712325992036452,0.0007601512846844,0.0712325992036452,0.0179776652854491,3094.0933996529907,0,0,Emma Slater,58,Entertainment,0
27,8,John Schneider,,,13.0,,,,,,,,,,,1,1,Emma Slater,58,Entertainment,1
27,9,John Schneider,,,13.0,,,,,,,,,,,1,1,Emma Slater,58,Entertainment,1
27,1,Juan Pablo Di Pace,percent,13.0,13.0,0.0862745098039215,0.0862745098039215,0.0792359771985444,0.0792359771985444,0.0026346657795678,0.2844188516080676,0.0026346657795678,0.2844188516080676,0.0718837208746173,193.52581349251523,0,0,Cheryl Burke,39,Entertainment,0
27,2,Juan Pablo Di Pace,percent,12.0,12.0,0.0961182994454713,0.0961182994454713,0.0859923730513469,0.0859923730513469,0.0024799837770651,0.2826758690852877,0.0024799837770651,0.2826758690852877,0.0714785421704649,195.7260480831875,0,0,Cheryl Burke,39,Entertainment,0
27,3,Juan Pablo Di Pace,percent,11.0,11.0,0.1107011070110701,0.1107011070110701,0.09177150678103,0.09177150678103,0.0024526649537265,0.3177882172691507,0.0024526649537265,0.3177882172691507,0.0804427429376082,154.53478721624833,0,0,Cheryl Burke,39,Entertainment,0
27,4,Juan Pablo Di Pace,percent,10.0,10.0,0.1034482758620689,0.1034482758620689,0.1061013378167285,0.1061013378167285,0.0157616041324441,0.3161423439841502,0.0157616041324441,0.3161423439841502,0.0766277397580882,170.30522356370426,0,0,Cheryl Burke,39,Entertainment,0
27,5,Juan Pablo Di Pace,percent,9.0,9.0,0.1306306306306306,0.1306306306306306,0.1124009896080183,0.1124009896080183,0.0034320662059854,0.3749334197046409,0.0034320662059854,0.3749334197046409,0.0947707534435345,111.34002982163246,0,0,Cheryl Burke,39,Entertainment,0
27,6,Juan Pablo Di Pace,percent,9.0,9.0,0.131004366812227,0.131004366812227,0.1083217031786317,0.1083217031786317,0.0036918485591672,0.35600569281778,0.0036918485591672,0.35600569281778,0.0898759806782175,123.79773975342331,0,0,Cheryl Burke,39,Entertainment,0
27,7,Juan Pablo Di Pace,percent,8.0,8.0,0.128735632183908,0.128735632183908,0.1551621567455057,0.1551621567455057,0.020663124468124,0.4789044810735322,0.020663124468124,0.4789044810735322,0.1168983052564816,73.17851126931396,0,0,Cheryl Burke,39,Entertainment,0
27,8,Juan Pablo Di Pace,percent,6.0,6.0,0.186335403726708,0.186335403726708,0.0402884171879985,0.0402884171879985,0.001251435553511,0.1126600739477165,0.001251435553511,0.1126600739477165,0.0284205710189299,1238.039214869786,0,0,Cheryl Burke,39,Entertainment,0
27,9,Juan Pablo Di Pace,,,13.0,,,,,,,,,,,1,1,Cheryl Burke,39,Entertainment,1
27,1,Mary Lou Retton,percent,13.0,13.0,0.0784313725490196,0.0784313725490196,0.0802730547245644,0.0802730547245644,0.0030051263024508,0.2608287509985068,0.0030051263024508,0.2608287509985068,0.0657713328306265,231.1674671089202,0,0,Sasha Farber,50,Sports,0
27,2,Mary Lou Retton,percent,12.0,12.0,0.0850277264325323,0.0850277264325323,0.0870730373394719,0.0870730373394719,0.0033051983313929,0.2810010807394512,0.0033051983313929,0.2810010807394512,0.0708407863285862,199.26602322507935,0,0,Sasha Farber,50,Sports,0
27,3,Mary Lou Retton,percent,11.0,11.0,0.088560885608856,0.088560885608856,0.0945421248970585,0.0945421248970585,0.0062796845724951,0.3016725554202861,0.0062796845724951,0.3016725554202861,0.075355324195865,176.10517358444986,0,0,Sasha Farber,50,Sports,0
27,4,Mary Lou Retton,percent,10.0,10.0,0.1120689655172413,0.1120689655172413,0.0921187673160886,0.0921187673160886,0.0100994156169793,0.2638459897006627,0.0100994156169793,0.2638459897006627,0.0647312688988988,238.65567131818108,0,0,Sasha Farber,50,Sports,0
27,5,Mary Lou Retton,percent,9.0,9.0,0.1126126126126126,0.1126126126126126,0.1102620060854462,0.1102620060854462,0.0032239124179057,0.3689992139678815,0.0032239124179057,0.3689992139678815,0.093310025905606,114.85327408462568,0,0,Sasha Farber,50,Sports,0
27,6,Mary Lou Retton,percent,9.0,9.0,0.1048034934497816,0.1048034934497816,0.0153367427005127,0.0153367427005127,0.0004606757760708,0.0454273712921961,0.0004606757760708,0.0454273712921961,0.0114710957949299,7599.590424655945,0,0,Sasha Farber,50,Sports,0
27,7,Mary Lou Retton,,,13.0,,,,,,,,,,,1,1,Sasha Farber,50,Sports,1
27,8,Mary Lou Retton,,,13.0,,,,,,,,,,,1,1,Sasha Farber,50,Sports,1
27,9,Mary Lou Retton,,,13.0,,,,,,,,,,,1,1,Sasha Farber,50,Sports,1
27,1,Milo Manheim,percent,13.0,13.0,0.0784313725490196,0.0784313725490196,0.0774492987877664,0.0774492987877664,0.0028171360653233,0.2550776401579217,0.0028171360653233,0.2550776401579217,0.0643521694113771,241.47580111350916,0,0,Witney Carson,17,Entertainment,0
27,2,Milo Manheim,percent,12.0,12.0,0.0961182994454713,0.0961182994454713,0.0857347312536109,0.0857347312536109,0.0026649595191136,0.3062199061333631,0.0026649595191136,0.3062199061333631,0.0774374863811861,166.76215753981316,0,0,Witney Carson,17,Entertainment,0
27,3,Milo Manheim,percent,11.0,11.0,0.0996309963099631,0.0996309963099631,0.0970170130888023,0.0970170130888023,0.0028472578148741,0.3179307050617851,0.0028472578148741,0.3179307050617851,0.0803784304201303,154.78217938761824,0,0,Witney Carson,17,Entertainment,0
27,4,Milo Manheim,percent,10.0,10.0,0.125,0.125,0.0889627273115125,0.0889627273115125,0.0030265825815994,0.2665527292268796,0.0030265825815994,0.2665527292268796,0.0672260578176735,221.2711080473202,0,0,Witney Carson,17,Entertainment,0
27,5,Milo Manheim,percent,9.0,9.0,0.1216216216216216,0.1216216216216216,0.1115064769467164,0.1115064769467164,0.0032801278035162,0.3764975349647595,0.0032801278035162,0.3764975349647595,0.095208522235011,110.31850079968538,0,0,Witney Carson,17,Entertainment,0
27,6,Milo Manheim,percent,9.0,9.0,0.131004366812227,0.131004366812227,0.1143138853821783,0.1143138853821783,0.00411085403869,0.3812106872868524,0.00411085403869,0.3812106872868524,0.0961989370531026,108.05862905312084,0,0,Witney Carson,17,Entertainment,0
27,7,Milo Manheim,percent,8.0,8.0,0.1333333333333333,0.1333333333333333,0.1529200538243583,0.1529200538243583,0.0187033280654953,0.4481486460238211,0.0187033280654953,0.4481486460238211,0.1095523770301851,83.32136760058742,0,0,Witney Carson,17,Entertainment,0
27,8,Milo Manheim,percent,6.0,6.0,0.170807453416149,0.170807453416149,0.2125026324576077,0.2125026324576077,0.0483419359455809,0.5201755929849271,0.0483419359455809,0.5201755929849271,0.1203657288365679,69.02307449616823,0,0,Witney Carson,17,Entertainment,0
27,9,Milo Manheim,percent,4.0,4.0,0.2597402597402597,0.2597402597402597,0.2475198028854224,0.2475198028854224,0.0086902989707991,0.7096644839880558,0.0086902989707991,0.7096644839880558,0.1788199451574634,31.27289489992257,0,0,Witney Carson,17,Entertainment,0
27,1,Nancy McKeon,percent,13.0,13.0,0.0764705882352941,0.0764705882352941,0.0831030536111033,0.0831030536111033,0.0028214918962754,0.2736894425899096,0.0028214918962754,0.2736894425899096,0.0690989670136822,209.4386790201019,0,0,Valentin Chmerkovskiy,52,Entertainment,0
27,2,Nancy McKeon,percent,12.0,12.0,0.0757855822550831,0.0757855822550831,0.0907234386960584,0.0907234386960584,0.0046486311827469,0.3040909348112609,0.0046486311827469,0.3040909348112609,0.076388342762376,171.37435122842572,0,0,Valentin Chmerkovskiy,52,Entertainment,0
27,3,Nancy McKeon,percent,11.0,11.0,0.081180811808118,0.081180811808118,0.0122931109566692,0.0122931109566692,0.0003911698341536,0.0343311853703997,0.0003911698341536,0.0343311853703997,0.0086581672286342,13339.761362541149,0,0,Valentin Chmerkovskiy,52,Entertainment,0
27,4,Nancy McKeon,,,13.0,,,,,,,,,,,1,1,Valentin Chmerkovskiy,52,Entertainment,1
27,5,Nancy McKeon,,,13.0,,,,,,,,,,,1,1,Valentin Chmerkovskiy,52,Entertainment,1
27,6,Nancy McKeon,,,13.0,,,,,,,,,,,1,1,Valentin Chmerkovskiy,52,Entertainment,1
27,7,Nancy McKeon,,,13.0,,,,,,,,,,,1,1,Valentin Chmerkovskiy,52,Entertainment,1
27,8,Nancy McKeon,,,13.0,,,,,,,,,,,1,1,Valentin Chmerkovskiy,52,Entertainment,1
27,9,Nancy McKeon,,,13.0,,,,,,,,,,,1,1,Valentin Chmerkovskiy,52,Entertainment,1
27,1,Nikki Glaser,percent,13.0,13.0,0.0686274509803921,0.0686274509803921,0.009045588773224,0.009045588773224,0.0003459636839502,0.0264618548711529,0.0003459636839502,0.0264618548711529,0.0066622171395925,22530.06440318579,0,0,Gleb Savchenko,34,Entertainment,0
27,2,Nikki Glaser,,,13.0,,,,,,,,,,,1,1,Gleb Savchenko,34,Entertainment,1
27,3,Nikki Glaser,,,13.0,,,,,,,,,,,1,1,Gleb Savchenko,34,Entertainment,1
27,4,Nikki Glaser,,,13.0,,,,,,,,,,,1,1,Gleb Savchenko,34,Entertainment,1
27,5,Nikki Glaser,,,13.0,,,,,,,,,,,1,1,Gleb Savchenko,34,Entertainment,1
27,6,Nikki Glaser,,,13.0,,,,,,,,,,,1,1,Gleb Savchenko,34,Entertainment,1
27,7,Nikki Glaser,,,13.0,,,,,,,,,,,1,1,Gleb Savchenko,34,Entertainment,1
27,8,Nikki Glaser,,,13.0,,,,,,,,,,,1,1,Gleb Savchenko,34,Entertainment,1
27,9,Nikki Glaser,,,13.0,,,,,,,,,,,1,1,Gleb Savchenko,34,Entertainment,1
27,1,Tinashe,percent,13.0,13.0,0.0901960784313725,0.0901960784313725,0.0814346104099218,0.0814346104099218,0.0029278203003286,0.2801071494640819,0.0029278203003286,0.2801071494640819,0.0707090125417738,200.0094222585649,0,0,Brandon Armstrong,25,Music,0
27,2,Tinashe,percent,12.0,12.0,0.0961182994454713,0.0961182994454713,0.0868836012485559,0.0868836012485559,0.0022977226158853,0.2846156042571978,0.0022977226158853,0.2846156042571978,0.0720198677656409,192.79481982401416,0,0,Brandon Armstrong,25,Music,0
27,3,Tinashe,percent,11.0,11.0,0.0996309963099631,0.0996309963099631,0.0940060015770132,0.0940060015770132,0.0042236355735702,0.331378744156159,0.0042236355735702,0.331378744156159,0.0834579358629053,143.57033756424488,0,0,Brandon Armstrong,25,Music,0
27,4,Tinashe,percent,10.0,10.0,0.1120689655172413,0.1120689655172413,0.0081544558733006,0.0081544558733006,0.0002502115468251,0.0294451360266879,0.0002502115468251,0.0294451360266879,0.0074476848162915,18028.409813407245,0,0,Brandon Armstrong,25,Music,0
27,5,Tinashe,,,13.0,,,,,,,,,,,1,1,Brandon Armstrong,25,Music,1
27,6,Tinashe,,,13.0,,,,,,,,,,,1,1,Brandon Armstrong,25,Music,1
27,7,Tinashe,,,13.0,,,,,,,,,,,1,1,Brandon Armstrong,25,Music,1
27,8,Tinashe,,,13.0,,,,,,,,,,,1,1,Brandon Armstrong,25,Music,1
27,9,Tinashe,,,13.0,,,,,,,,,,,1,1,Brandon Armstrong,25,Music,1
28,1,Ally Brooke,rank,12.0,12.0,7.0,0.5,6.5113,0.540725,1.0,12.0,0.0833333333333333,1.0,0.2338435374149659,18.287285950413228,0,0,Sasha Farber,26,Music,0
28,2,Ally Brooke,rank,12.0,12.0,3.0,0.8333333333333334,6.644802668148972,0.5295997776542524,1.0,12.0,0.0833333333333333,1.0,0.2338435374149659,18.287285950413228,0,0,Sasha Farber,26,Music,0
28,3,Ally Brooke,rank,10.0,10.0,1.0,1.0,5.5042,0.54958,1.0,10.0,0.1,1.0,0.2295918367346938,18.97086419753086,0,0,Sasha Farber,26,Music,0
28,4,Ally Brooke,rank,10.0,10.0,1.0,1.0,5.455491098219644,0.5544508901780356,1.0,10.0,0.1,1.0,0.2295918367346938,18.97086419753086,0,0,Sasha Farber,26,Music,0
28,5,Ally Brooke,rank,9.0,9.0,1.0,1.0,5.021,0.5532222222222223,1.0,9.0,0.1111111111111111,1.0,0.2267573696145124,19.448100000000004,0,0,Sasha Farber,26,Music,0
28,6,Ally Brooke,rank,9.0,9.0,6.0,0.4444444444444444,,,,,,,,,1,1,Sasha Farber,26,Music,1
28,7,Ally Brooke,rank,8.0,8.0,1.0,1.0,4.495387453874539,0.5630765682656826,1.0,8.0,0.125,1.0,0.2232142857142857,20.0704,0,0,Sasha Farber,26,Music,0
28,8,Ally Brooke,rank,7.0,7.0,3.0,0.7142857142857143,4.218550106609808,0.5402071276271704,1.0,7.0,0.1428571428571428,1.0,0.2186588921282799,20.91537777777777,0,0,Sasha Farber,26,Music,0
28,9,Ally Brooke,rank,6.0,6.0,1.0,1.0,3.5015529879488136,0.5830745020085311,1.0,6.0,0.1666666666666666,1.0,0.2125850340136054,22.127616,0,0,Sasha Farber,26,Music,0
28,10,Ally Brooke,rank,5.0,5.0,1.0,1.0,3.040962175352972,0.5918075649294056,1.0,5.0,0.2,1.0,0.2040816326530612,24.01,0,0,Sasha Farber,26,Music,0
28,11,Ally Brooke,rank,4.0,4.0,1.0,1.0,2.4946,0.62635,1.0,4.0,0.25,1.0,0.1913265306122449,27.31804444444445,0,0,Sasha Farber,26,Music,0
28,1,Hannah Brown,rank,12.0,12.0,2.0,0.9166666666666666,6.5098,0.5408499999999999,1.0,12.0,0.0833333333333333,1.0,0.2338435374149659,18.287285950413228,0,0,Alan Bersten,24,Media,0
28,2,Hannah Brown,rank,12.0,12.0,1.0,1.0,6.418565869927738,0.5484528441726885,1.0,12.0,0.0833333333333333,1.0,0.2338435374149659,18.287285950413228,0,0,Alan Bersten,24,Media,0
28,3,Hannah Brown,rank,10.0,10.0,5.0,0.6,5.5249,0.54751,1.0,10.0,0.1,1.0,0.2295918367346938,18.97086419753086,0,0,Alan Bersten,24,Media,0
28,4,Hannah Brown,rank,10.0,10.0,1.0,1.0,5.4672934586917386,0.5532706541308261,1.0,10.0,0.1,1.0,0.2295918367346938,18.97086419753086,0,0,Alan Bersten,24,Media,0
28,5,Hannah Brown,rank,9.0,9.0,4.0,0.6666666666666666,5.0485,0.5501666666666667,1.0,9.0,0.1111111111111111,1.0,0.2267573696145124,19.448100000000004,0,0,Alan Bersten,24,Media,0
28,6,Hannah Brown,rank,9.0,9.0,8.0,0.2222222222222222,,,,,,,,,1,1,Alan Bersten,24,Media,1
28,7,Hannah Brown,rank,8.0,8.0,4.0,0.625,4.595018450184502,0.5506226937269373,1.0,8.0,0.125,1.0,0.2232142857142857,20.0704,0,0,Alan Bersten,24,Media,0
28,8,Hannah Brown,rank,7.0,7.0,2.0,0.8571428571428571,4.047974413646055,0.5645750837648492,1.0,7.0,0.1428571428571428,1.0,0.2186588921282799,20.91537777777777,0,0,Alan Bersten,24,Media,0
28,9,Hannah Brown,rank,6.0,6.0,4.0,0.5,3.294943471238663,0.6175094214602228,1.0,6.0,0.1666666666666666,1.0,0.2125850340136054,22.127616,0,0,Alan Bersten,24,Media,0
28,10,Hannah Brown,rank,5.0,5.0,3.0,0.6,2.8373714484922434,0.6325257103015514,1.0,5.0,0.2,1.0,0.2040816326530612,24.01,0,0,Alan Bersten,24,Media,0
28,11,Hannah Brown,rank,4.0,4.0,3.0,0.5,2.4886,0.62785,1.0,4.0,0.25,1.0,0.1913265306122449,27.31804444444445,0,0,Alan Bersten,24,Media,0
28,1,James Van Der Beek,rank,12.0,12.0,1.0,1.0,6.5119,0.540675,1.0,12.0,0.0833333333333333,1.0,0.2338435374149659,18.287285950413228,0,0,Emma Slater,42,Entertainment,0
28,2,James Van Der Beek,rank,12.0,12.0,3.0,0.8333333333333334,6.434685936631462,0.5471095052807115,1.0,12.0,0.0833333333333333,1.0,0.2338435374149659,18.287285950413228,0,0,Emma Slater,42,Entertainment,0
28,3,James Van Der Beek,rank,10.0,10.0,3.0,0.8,5.5143,0.54857,1.0,10.0,0.1,1.0,0.2295918367346938,18.97086419753086,0,0,Emma Slater,42,Entertainment,0
28,4,James Van Der Beek,rank,10.0,10.0,6.0,0.5,5.30626125225045,0.569373874774955,1.0,10.0,0.1,1.0,0.2295918367346938,18.97086419753086,0,0,Emma Slater,42,Entertainment,0
28,5,James Van Der Beek,rank,9.0,9.0,2.0,0.8888888888888888,5.0387,0.5512555555555555,1.0,9.0,0.1111111111111111,1.0,0.2267573696145124,19.448100000000004,0,0,Emma Slater,42,Entertainment,0
28,6,James Van Der Beek,rank,9.0,9.0,1.0,1.0,,,,,,,,,1,1,Emma Slater,42,Entertainment,1
28,7,James Van Der Beek,rank,8.0,8.0,1.0,1.0,4.3099630996309966,0.5862546125461254,1.0,8.0,0.125,1.0,0.2232142857142857,20.0704,0,0,Emma Slater,42,Entertainment,0
28,8,James Van Der Beek,rank,7.0,7.0,1.0,1.0,3.9957356076759054,0.5720377703320134,1.0,7.0,0.1428571428571428,1.0,0.2186588921282799,20.91537777777777,0,0,Emma Slater,42,Entertainment,0
28,9,James Van Der Beek,rank,6.0,6.0,3.0,0.6666666666666666,3.395328612249969,0.6007785646250051,1.0,6.0,0.1666666666666666,1.0,0.2125850340136054,22.127616,0,0,Emma Slater,42,Entertainment,0
28,10,James Van Der Beek,rank,5.0,5.0,5.0,0.2,3.4409970367788043,0.5118005926442392,1.0,5.0,0.2,1.0,0.2040816326530612,24.01,0,0,Emma Slater,42,Entertainment,0
28,11,James Van Der Beek,,,12.0,,,,,,,,,,,1,1,Emma Slater,42,Entertainment,1
28,1,Karamo Brown,rank,12.0,12.0,5.0,0.6666666666666666,6.5343,0.5388083333333333,1.0,12.0,0.0833333333333333,1.0,0.2338435374149659,18.287285950413228,0,0,Jenna Johnson,38,Media,0
28,2,Karamo Brown,rank,12.0,12.0,6.0,0.5833333333333334,6.501389660922735,0.5415508615897721,1.0,12.0,0.0833333333333333,1.0,0.2338435374149659,18.287285950413228,0,0,Jenna Johnson,38,Media,0
28,3,Karamo Brown,rank,10.0,10.0,8.0,0.3,5.4277,0.55723,1.0,10.0,0.1,1.0,0.2295918367346938,18.97086419753086,0,0,Jenna Johnson,38,Media,0
28,4,Karamo Brown,rank,10.0,10.0,6.0,0.5,5.376675335067014,0.5623324664932986,1.0,10.0,0.1,1.0,0.2295918367346938,18.97086419753086,0,0,Jenna Johnson,38,Media,0
28,5,Karamo Brown,rank,9.0,9.0,8.0,0.2222222222222222,4.9814,0.5576222222222222,1.0,9.0,0.1111111111111111,1.0,0.2267573696145124,19.448100000000004,0,0,Jenna Johnson,38,Media,0
28,6,Karamo Brown,rank,9.0,9.0,6.0,0.4444444444444444,,,,,,,,,1,1,Jenna Johnson,38,Media,1
28,7,Karamo Brown,rank,8.0,8.0,6.0,0.375,6.777675276752768,0.277790590405904,4.0,8.0,0.125,0.625,0.1275510204081632,61.4656,0,0,Jenna Johnson,38,Media,0
28,8,Karamo Brown,,,12.0,,,,,,,,,,,1,1,Jenna Johnson,38,Media,1
28,9,Karamo Brown,,,12.0,,,,,,,,,,,1,1,Jenna Johnson,38,Media,1
28,10,Karamo Brown,,,12.0,,,,,,,,,,,1,1,Jenna Johnson,38,Media,1
28,11,Karamo Brown,,,12.0,,,,,,,,,,,1,1,Jenna Johnson,38,Media,1
28,1,Kate Flannery,rank,12.0,12.0,9.0,0.3333333333333333,6.4955,0.5420416666666666,1.0,12.0,0.0833333333333333,1.0,0.2338435374149659,18.287285950413228,0,0,Pasha Pashkov,55,Entertainment,0
28,2,Kate Flannery,rank,12.0,12.0,2.0,0.9166666666666666,6.400222345747638,0.5499814711876968,1.0,12.0,0.0833333333333333,1.0,0.2338435374149659,18.287285950413228,0,0,Pasha Pashkov,55,Entertainment,0
28,3,Kate Flannery,rank,10.0,10.0,1.0,1.0,5.4488,0.55512,1.0,10.0,0.1,1.0,0.2295918367346938,18.97086419753086,0,0,Pasha Pashkov,55,Entertainment,0
28,4,Kate Flannery,rank,10.0,10.0,8.0,0.3,5.204240848169634,0.5795759151830366,1.0,10.0,0.1,1.0,0.2295918367346938,18.97086419753086,0,0,Pasha Pashkov,55,Entertainment,0
28,5,Kate Flannery,rank,9.0,9.0,5.0,0.5555555555555556,4.9333,0.5629666666666666,1.0,9.0,0.1111111111111111,1.0,0.2267573696145124,19.448100000000004,0,0,Pasha Pashkov,55,Entertainment,0
28,6,Kate Flannery,rank,9.0,9.0,1.0,1.0,,,,,,,,,1,1,Pasha Pashkov,55,Entertainment,1
28,7,Kate Flannery,rank,8.0,8.0,7.0,0.25,4.083948339483395,0.6145064575645757,1.0,8.0,0.125,1.0,0.2232142857142857,20.0704,0,0,Pasha Pashkov,55,Entertainment,0
28,8,Kate Flannery,rank,7.0,7.0,5.0,0.4285714285714285,6.038379530916845,0.2802314955833079,4.0,7.0,0.1428571428571428,0.5714285714285714,0.1093294460641399,83.66151111111112,0,0,Pasha Pashkov,55,Entertainment,0
28,9,Kate Flannery,,,12.0,,,,,,,,,,,1,1,Pasha Pashkov,55,Entertainment,1
28,10,Kate Flannery,,,12.0,,,,,,,,,,,1,1,Pasha Pashkov,55,Entertainment,1
28,11,Kate Flannery,,,12.0,,,,,,,,,,,1,1,Pasha Pashkov,55,Entertainment,1
28,1,Kel Mitchell,rank,12.0,12.0,7.0,0.5,6.4857,0.5428583333333333,1.0,12.0,0.0833333333333333,1.0,0.2338435374149659,18.287285950413228,0,0,Witney Carson,41,Entertainment,0
28,2,Kel Mitchell,rank,12.0,12.0,3.0,0.8333333333333334,6.553085047248471,0.537242912729294,1.0,12.0,0.0833333333333333,1.0,0.2338435374149659,18.287285950413228,0,0,Witney Carson,41,Entertainment,0
28,3,Kel Mitchell,rank,10.0,10.0,6.0,0.5,5.5068,0.54932,1.0,10.0,0.1,1.0,0.2295918367346938,18.97086419753086,0,0,Witney Carson,41,Entertainment,0
28,4,Kel Mitchell,rank,10.0,10.0,1.0,1.0,5.491898379675935,0.5508101620324065,1.0,10.0,0.1,1.0,0.2295918367346938,18.97086419753086,0,0,Witney Carson,41,Entertainment,0
28,5,Kel Mitchell,rank,9.0,9.0,2.0,0.8888888888888888,4.9754,0.558288888888889,1.0,9.0,0.1111111111111111,1.0,0.2267573696145124,19.448100000000004,0,0,Witney Carson,41,Entertainment,0
28,6,Kel Mitchell,rank,9.0,9.0,4.0,0.6666666666666666,,,,,,,,,1,1,Witney Carson,41,Entertainment,1
28,7,Kel Mitchell,rank,8.0,8.0,5.0,0.5,4.294280442804428,0.5882149446494465,1.0,8.0,0.125,1.0,0.2232142857142857,20.0704,0,0,Witney Carson,41,Entertainment,0
28,8,Kel Mitchell,rank,7.0,7.0,4.0,0.5714285714285714,4.301705756929637,0.5283277490100519,1.0,7.0,0.1428571428571428,1.0,0.2186588921282799,20.91537777777777,0,0,Witney Carson,41,Entertainment,0
28,9,Kel Mitchell,rank,6.0,6.0,2.0,0.8333333333333334,3.483538327742577,0.5860769453762372,1.0,6.0,0.1666666666666666,1.0,0.2125850340136054,22.127616,0,0,Witney Carson,41,Entertainment,0
28,10,Kel Mitchell,rank,5.0,5.0,2.0,0.8,2.842077740979606,0.6315844518040789,1.0,5.0,0.2,1.0,0.2040816326530612,24.01,0,0,Witney Carson,41,Entertainment,0
28,11,Kel Mitchell,rank,4.0,4.0,2.0,0.75,2.5222,0.61945,1.0,4.0,0.25,1.0,0.1913265306122449,27.31804444444445,0,0,Witney Carson,41,Entertainment,0
28,1,Lamar Odom,rank,12.0,12.0,12.0,0.0833333333333333,6.5505,0.5374583333333333,1.0,12.0,0.0833333333333333,1.0,0.2338435374149659,18.287285950413228,0,0,Peta Murgatroyd,39,Sports,0
28,2,Lamar Odom,rank,12.0,12.0,12.0,0.0833333333333333,4.420789327404114,0.7149342227163239,1.0,11.0,0.1666666666666666,1.0,0.2125850340136054,22.127616,0,0,Peta Murgatroyd,39,Sports,0
28,3,Lamar Odom,rank,10.0,10.0,10.0,0.1,5.5352,0.5464800000000001,1.0,10.0,0.1,1.0,0.2295918367346938,18.97086419753086,0,0,Peta Murgatroyd,39,Sports,0
28,4,Lamar Odom,rank,10.0,10.0,10.0,0.1,7.303260652130426,0.3696739347869574,3.0,10.0,0.1,0.8,0.1785714285714286,31.359999999999985,0,0,Peta Murgatroyd,39,Sports,0
28,5,Lamar Odom,,,12.0,,,,,,,,,,,1,1,Peta Murgatroyd,39,Sports,1
28,6,Lamar Odom,,,12.0,,,,,,,,,,,1,1,Peta Murgatroyd,39,Sports,1
28,7,Lamar Odom,,,12.0,,,,,,,,,,,1,1,Peta Murgatroyd,39,Sports,1
28,8,Lamar Odom,,,12.0,,,,,,,,,,,1,1,Peta Murgatroyd,39,Sports,1
28,9,Lamar Odom,,,12.0,,,,,,,,,,,1,1,Peta Murgatroyd,39,Sports,1
28,10,Lamar Odom,,,12.0,,,,,,,,,,,1,1,Peta Murgatroyd,39,Sports,1
28,11,Lamar Odom,,,12.0,,,,,,,,,,,1,1,Peta Murgatroyd,39,Sports,1
28,1,Lauren Alaina,rank,12.0,12.0,3.0,0.8333333333333334,6.4705,0.544125,1.0,12.0,0.0833333333333333,1.0,0.2338435374149659,18.287285950413228,0,0,Gleb Savchenko,24,Music,0
28,2,Lauren Alaina,rank,12.0,12.0,6.0,0.5833333333333334,6.603112840466926,0.5330739299610895,1.0,12.0,0.0833333333333333,1.0,0.2338435374149659,18.287285950413228,0,0,Gleb Savchenko,24,Music,0
28,3,Lauren Alaina,rank,10.0,10.0,6.0,0.5,5.514,0.5486,1.0,10.0,0.1,1.0,0.2295918367346938,18.97086419753086,0,0,Gleb Savchenko,24,Music,0
28,4,Lauren Alaina,rank,10.0,10.0,1.0,1.0,5.4482896579315865,0.5551710342068413,1.0,10.0,0.1,1.0,0.2295918367346938,18.97086419753086,0,0,Gleb Savchenko,24,Music,0
28,5,Lauren Alaina,rank,9.0,9.0,7.0,0.3333333333333333,4.9622,0.5597555555555556,1.0,9.0,0.1111111111111111,1.0,0.2267573696145124,19.448100000000004,0,0,Gleb Savchenko,24,Music,0
28,6,Lauren Alaina,rank,9.0,9.0,4.0,0.6666666666666666,,,,,,,,,1,1,Gleb Savchenko,24,Music,1
28,7,Lauren Alaina,rank,8.0,8.0,1.0,1.0,4.582103321033211,0.5522370848708487,1.0,8.0,0.125,1.0,0.2232142857142857,20.0704,0,0,Gleb Savchenko,24,Music,0
28,8,Lauren Alaina,rank,7.0,7.0,6.0,0.2857142857142857,3.3240938166311302,0.6679865976241243,1.0,7.0,0.1428571428571428,1.0,0.2186588921282799,20.91537777777777,0,0,Gleb Savchenko,24,Music,0
28,9,Lauren Alaina,rank,6.0,6.0,5.0,0.3333333333333333,3.33594235308734,0.6106762744854434,1.0,6.0,0.1666666666666666,1.0,0.2125850340136054,22.127616,0,0,Gleb Savchenko,24,Music,0
28,10,Lauren Alaina,rank,5.0,5.0,3.0,0.6,2.8385915983963743,0.6322816803207252,1.0,5.0,0.2,1.0,0.2040816326530612,24.01,0,0,Gleb Savchenko,24,Music,0
28,11,Lauren Alaina,rank,4.0,4.0,4.0,0.25,2.4946,0.62635,1.0,4.0,0.25,1.0,0.1913265306122449,27.31804444444445,0,0,Gleb Savchenko,24,Music,0
28,1,Mary Wilson,rank,12.0,12.0,5.0,0.6666666666666666,6.4591,0.545075,1.0,12.0,0.0833333333333333,1.0,0.2338435374149659,18.287285950413228,0,0,Brandon Armstrong,75,Music,0
28,2,Mary Wilson,rank,12.0,12.0,10.0,0.25,9.832684824902724,0.2639429312581063,6.0,12.0,0.0833333333333333,0.5833333333333334,0.1275510204081632,61.4656,0,0,Brandon Armstrong,75,Music,0
28,3,Mary Wilson,,,12.0,,,,,,,,,,,1,1,Brandon Armstrong,75,Music,1
28,4,Mary Wilson,,,12.0,,,,,,,,,,,1,1,Brandon Armstrong,75,Music,1
28,5,Mary Wilson,,,12.0,,,,,,,,,,,1,1,Brandon Armstrong,75,Music,1
28,6,Mary Wilson,,,12.0,,,,,,,,,,,1,1,Brandon Armstrong,75,Music,1
28,7,Mary Wilson,,,12.0,,,,,,,,,,,1,1,Brandon Armstrong,75,Music,1
28,8,Mary Wilson,,,12.0,,,,,,,,,,,1,1,Brandon Armstrong,75,Music,1
28,9,Mary Wilson,,,12.0,,,,,,,,,,,1,1,Brandon Armstrong,75,Music,1
28,10,Mary Wilson,,,12.0,,,,,,,,,,,1,1,Brandon Armstrong,75,Music,1
28,11,Mary Wilson,,,12.0,,,,,,,,,,,1,1,Brandon Armstrong,75,Music,1
28,1,Ray Lewis,rank,12.0,12.0,9.0,0.3333333333333333,6.4837,0.543025,1.0,12.0,0.0833333333333333,1.0,0.2338435374149659,18.287285950413228,0,0,Cheryl Burke,44,Sports,0
28,2,Ray Lewis,rank,12.0,12.0,10.0,0.25,5.744302390216787,0.6046414674819344,1.0,12.0,0.0833333333333333,1.0,0.2338435374149659,18.287285950413228,0,0,Cheryl Burke,44,Sports,0
28,3,Ray Lewis,,,12.0,,,,,,,,,,,1,1,Cheryl Burke,44,Sports,1
28,4,Ray Lewis,,,12.0,,,,,,,,,,,1,1,Cheryl Burke,44,Sports,1
28,5,Ray Lewis,,,12.0,,,,,,,,,,,1,1,Cheryl Burke,44,Sports,1
28,6,Ray Lewis,,,12.0,,,,,,,,,,,1,1,Cheryl Burke,44,Sports,1
28,7,Ray Lewis,,,12.0,,,,,,,,,,,1,1,Cheryl Burke,44,Sports,1
28,8,Ray Lewis,,,12.0,,,,,,,,,,,1,1,Cheryl Burke,44,Sports,1
28,9,Ray Lewis,,,12.0,,,,,,,,,,,1,1,Cheryl Burke,44,Sports,1
28,10,Ray Lewis,,,12.0,,,,,,,,,,,1,1,Cheryl Burke,44,Sports,1
28,11,Ray Lewis,,,12.0,,,,,,,,,,,1,1,Cheryl Burke,44,Sports,1
28,1,Sailor Brinkley-Cook,rank,12.0,12.0,4.0,0.75,6.4841,0.5429916666666667,1.0,12.0,0.0833333333333333,1.0,0.2338435374149659,18.287285950413228,0,0,Valentin Chmerkovskiy,21,Fashion,0
28,2,Sailor Brinkley-Cook,rank,12.0,12.0,8.0,0.4166666666666667,6.2590327959977765,0.5617472670001853,1.0,12.0,0.0833333333333333,1.0,0.2338435374149659,18.287285950413228,0,0,Valentin Chmerkovskiy,21,Fashion,0
28,3,Sailor Brinkley-Cook,rank,10.0,10.0,3.0,0.8,5.5054,0.5494600000000001,1.0,10.0,0.1,1.0,0.2295918367346938,18.97086419753086,0,0,Valentin Chmerkovskiy,21,Fashion,0
28,4,Sailor Brinkley-Cook,rank,10.0,10.0,5.0,0.6,5.325265053010602,0.5674734946989398,1.0,10.0,0.1,1.0,0.2295918367346938,18.97086419753086,0,0,Valentin Chmerkovskiy,21,Fashion,0
28,5,Sailor Brinkley-Cook,rank,9.0,9.0,5.0,0.5555555555555556,5.0058,0.5549111111111111,1.0,9.0,0.1111111111111111,1.0,0.2267573696145124,19.448100000000004,0,0,Valentin Chmerkovskiy,21,Fashion,0
28,6,Sailor Brinkley-Cook,rank,9.0,9.0,1.0,1.0,,,,,,,,,1,1,Valentin Chmerkovskiy,21,Fashion,1
28,7,Sailor Brinkley-Cook,,,12.0,,,,,,,,,,,1,1,Valentin Chmerkovskiy,21,Fashion,1
28,8,Sailor Brinkley-Cook,,,12.0,,,,,,,,,,,1,1,Valentin Chmerkovskiy,21,Fashion,1
28,9,Sailor Brinkley-Cook,,,12.0,,,,,,,,,,,1,1,Valentin Chmerkovskiy,21,Fashion,1
28,10,Sailor Brinkley-Cook,,,12.0,,,,,,,,,,,1,1,Valentin Chmerkovskiy,21,Fashion,1
28,11,Sailor Brinkley-Cook,,,12.0,,,,,,,,,,,1,1,Valentin Chmerkovskiy,21,Fashion,1
28,1,Sean Spicer,rank,12.0,12.0,11.0,0.1666666666666666,6.5036,0.5413666666666667,1.0,12.0,0.0833333333333333,1.0,0.2338435374149659,18.287285950413228,0,0,Lindsay Arnold,48,Politics,0
28,2,Sean Spicer,rank,12.0,12.0,9.0,0.3333333333333333,6.187326292384658,0.5677228089679451,1.0,12.0,0.0833333333333333,1.0,0.2338435374149659,18.287285950413228,0,0,Lindsay Arnold,48,Politics,0
28,3,Sean Spicer,rank,10.0,10.0,9.0,0.2,5.5187,0.54813,1.0,10.0,0.1,1.0,0.2295918367346938,18.97086419753086,0,0,Lindsay Arnold,48,Politics,0
28,4,Sean Spicer,rank,10.0,10.0,9.0,0.2,4.62132426485297,0.637867573514703,1.0,10.0,0.1,1.0,0.2295918367346938,18.97086419753086,0,0,Lindsay Arnold,48,Politics,0
28,5,Sean Spicer,rank,9.0,9.0,9.0,0.1111111111111111,5.0337,0.5518111111111111,1.0,9.0,0.1111111111111111,1.0,0.2267573696145124,19.448100000000004,0,0,Lindsay Arnold,48,Politics,0
28,6,Sean Spicer,rank,9.0,9.0,9.0,0.1111111111111111,,,,,,,,,1,1,Lindsay Arnold,48,Politics,1
28,7,Sean Spicer,rank,8.0,8.0,8.0,0.125,2.8616236162361623,0.7672970479704797,1.0,8.0,0.125,1.0,0.2232142857142857,20.0704,0,0,Lindsay Arnold,48,Politics,0
28,8,Sean Spicer,rank,7.0,7.0,7.0,0.1428571428571428,2.0735607675906182,0.8466341760584831,1.0,6.0,0.2857142857142857,1.0,0.1822157434402332,30.11814399999999,0,0,Lindsay Arnold,48,Politics,0
28,9,Sean Spicer,rank,6.0,6.0,6.0,0.1666666666666666,3.9886942477326377,0.5018842920445604,1.0,6.0,0.1666666666666666,1.0,0.2125850340136054,22.127616,0,0,Lindsay Arnold,48,Politics,0
28,10,Sean Spicer,,,12.0,,,,,,,,,,,1,1,Lindsay Arnold,48,Politics,1
28,11,Sean Spicer,,,12.0,,,,,,,,,,,1,1,Lindsay Arnold,48,Politics,1
29,1,AJ McLean,rank,15.0,15.0,6.0,0.6666666666666666,7.9507,0.5366199999999999,1.0,15.0,0.0666666666666666,1.0,0.2380952380952381,17.639999999999997,0,0,Cheryl Burke,42,Music,0
29,2,AJ McLean,rank,15.0,15.0,5.0,0.7333333333333333,8.187957948391208,0.5208028034405862,1.0,15.0,0.0666666666666666,1.0,0.2380952380952381,17.639999999999997,0,0,Cheryl Burke,42,Music,0
29,3,AJ McLean,rank,14.0,14.0,7.0,0.5714285714285714,7.485184347432708,0.5367725466119494,1.0,14.0,0.0714285714285714,1.0,0.2368804664723032,17.82138698224852,0,0,Cheryl Burke,42,Music,0
29,4,AJ McLean,rank,13.0,13.0,3.0,0.8461538461538461,6.93794506612411,0.54323499491353,1.0,13.0,0.0769230769230769,1.0,0.2354788069073783,18.03417777777777,0,0,Cheryl Burke,42,Music,0
29,5,AJ McLean,rank,12.0,12.0,5.0,0.6666666666666666,6.423240938166312,0.5480632551528074,1.0,12.0,0.0833333333333333,1.0,0.2338435374149659,18.287285950413228,0,0,Cheryl Burke,42,Music,0
29,6,AJ McLean,rank,11.0,11.0,1.0,1.0,6.081275258194881,0.5380658856186472,1.0,11.0,0.0909090909090909,1.0,0.2319109461966604,18.593344,0,0,Cheryl Burke,42,Music,0
29,7,AJ McLean,rank,10.0,10.0,5.0,0.6,5.352746037596757,0.5647253962403244,1.0,10.0,0.1,1.0,0.2295918367346938,18.97086419753086,0,0,Cheryl Burke,42,Music,0
29,8,AJ McLean,rank,8.0,8.0,5.0,0.5,4.069444444444445,0.6163194444444444,1.0,8.0,0.125,1.0,0.2232142857142857,20.0704,0,0,Cheryl Burke,42,Music,0
29,9,AJ McLean,rank,7.0,7.0,6.0,0.2857142857142857,5.350262697022767,0.3785339004253189,3.0,7.0,0.1428571428571428,0.7142857142857143,0.1457725947521866,47.0596,0,0,Cheryl Burke,42,Music,0
29,10,AJ McLean,,,15.0,,,,,,,,,,,1,1,Cheryl Burke,42,Music,1
29,11,AJ McLean,,,15.0,,,,,,,,,,,1,1,Cheryl Burke,42,Music,1
29,1,Anne Heche,rank,15.0,15.0,6.0,0.6666666666666666,7.9227,0.5384866666666668,1.0,15.0,0.0666666666666666,1.0,0.2380952380952381,17.639999999999997,0,0,Keo Motsepe,51,Entertainment,0
29,2,Anne Heche,rank,15.0,15.0,6.0,0.6666666666666666,7.850907932462568,0.5432728045024954,1.0,15.0,0.0666666666666666,1.0,0.2380952380952381,17.639999999999997,0,0,Keo Motsepe,51,Entertainment,0
29,3,Anne Heche,rank,14.0,14.0,13.0,0.1428571428571428,6.7310563220990725,0.5906388341357806,1.0,14.0,0.0714285714285714,1.0,0.2368804664723032,17.82138698224852,0,0,Keo Motsepe,51,Entertainment,0
29,4,Anne Heche,rank,13.0,13.0,10.0,0.3076923076923077,10.769074262461851,0.248532749041396,7.0,13.0,0.0769230769230769,0.5384615384615384,0.1177394034536891,72.13671111111111,0,0,Keo Motsepe,51,Entertainment,0
29,5,Anne Heche,,,15.0,,,,,,,,,,,1,1,Keo Motsepe,51,Entertainment,1
29,6,Anne Heche,,,15.0,,,,,,,,,,,1,1,Keo Motsepe,51,Entertainment,1
29,7,Anne Heche,,,15.0,,,,,,,,,,,1,1,Keo Motsepe,51,Entertainment,1
29,8,Anne Heche,,,15.0,,,,,,,,,,,1,1,Keo Motsepe,51,Entertainment,1
29,9,Anne Heche,,,15.0,,,,,,,,,,,1,1,Keo Motsepe,51,Entertainment,1
29,10,Anne Heche,,,15.0,,,,,,,,,,,1,1,Keo Motsepe,51,Entertainment,1
29,11,Anne Heche,,,15.0,,,,,,,,,,,1,1,Keo Motsepe,51,Entertainment,1
29,1,Carole Baskin,rank,15.0,15.0,15.0,0.0666666666666666,8.0316,0.5312266666666667,1.0,15.0,0.0666666666666666,1.0,0.2380952380952381,17.639999999999997,0,0,Pasha Pashkov,59,Media,0
29,2,Carole Baskin,rank,15.0,15.0,12.0,0.2666666666666666,7.422746097483275,0.5718169268344483,1.0,15.0,0.0666666666666666,1.0,0.2380952380952381,17.639999999999997,0,0,Pasha Pashkov,59,Media,0
29,3,Carole Baskin,rank,14.0,14.0,14.0,0.0714285714285714,10.921284777199729,0.2913368016285908,6.0,14.0,0.0714285714285714,0.6428571428571429,0.1457725947521866,47.059599999999975,0,0,Pasha Pashkov,59,Media,0
29,4,Carole Baskin,,,15.0,,,,,,,,,,,1,1,Pasha Pashkov,59,Media,1
29,5,Carole Baskin,,,15.0,,,,,,,,,,,1,1,Pasha Pashkov,59,Media,1
29,6,Carole Baskin,,,15.0,,,,,,,,,,,1,1,Pasha Pashkov,59,Media,1
29,7,Carole Baskin,,,15.0,,,,,,,,,,,1,1,Pasha Pashkov,59,Media,1
29,8,Carole Baskin,,,15.0,,,,,,,,,,,1,1,Pasha Pashkov,59,Media,1
29,9,Carole Baskin,,,15.0,,,,,,,,,,,1,1,Pasha Pashkov,59,Media,1
29,10,Carole Baskin,,,15.0,,,,,,,,,,,1,1,Pasha Pashkov,59,Media,1
29,11,Carole Baskin,,,15.0,,,,,,,,,,,1,1,Pasha Pashkov,59,Media,1
29,1,Charles Oakley,rank,15.0,15.0,14.0,0.1333333333333333,8.0089,0.53274,1.0,15.0,0.0666666666666666,1.0,0.2380952380952381,17.639999999999997,0,0,Emma Slater,56,Sports,0
29,2,Charles Oakley,rank,15.0,15.0,14.0,0.1333333333333333,11.269194010831477,0.3153870659445682,6.0,15.0,0.0666666666666666,0.6666666666666666,0.1530612244897959,42.684444444444445,0,0,Emma Slater,56,Sports,0
29,3,Charles Oakley,,,15.0,,,,,,,,,,,1,1,Emma Slater,56,Sports,1
29,4,Charles Oakley,,,15.0,,,,,,,,,,,1,1,Emma Slater,56,Sports,1
29,5,Charles Oakley,,,15.0,,,,,,,,,,,1,1,Emma Slater,56,Sports,1
29,6,Charles Oakley,,,15.0,,,,,,,,,,,1,1,Emma Slater,56,Sports,1
29,7,Charles Oakley,,,15.0,,,,,,,,,,,1,1,Emma Slater,56,Sports,1
29,8,Charles Oakley,,,15.0,,,,,,,,,,,1,1,Emma Slater,56,Sports,1
29,9,Charles Oakley,,,15.0,,,,,,,,,,,1,1,Emma Slater,56,Sports,1
29,10,Charles Oakley,,,15.0,,,,,,,,,,,1,1,Emma Slater,56,Sports,1
29,11,Charles Oakley,,,15.0,,,,,,,,,,,1,1,Emma Slater,56,Sports,1
29,1,Chrishell Stause,rank,15.0,15.0,13.0,0.2,8.0268,0.5315466666666667,1.0,15.0,0.0666666666666666,1.0,0.2380952380952381,17.639999999999997,0,0,Gleb Savchenko,39,Entertainment,0
29,2,Chrishell Stause,rank,15.0,15.0,6.0,0.6666666666666666,7.81267919719656,0.5458213868535627,1.0,15.0,0.0666666666666666,1.0,0.2380952380952381,17.639999999999997,0,0,Gleb Savchenko,39,Entertainment,0
29,3,Chrishell Stause,rank,14.0,14.0,4.0,0.7857142857142857,7.333408731056322,0.5476136620674056,1.0,14.0,0.0714285714285714,1.0,0.2368804664723032,17.82138698224852,0,0,Gleb Savchenko,39,Entertainment,0
29,4,Chrishell Stause,rank,13.0,13.0,8.0,0.4615384615384615,6.517802644964394,0.5755536426950466,1.0,13.0,0.0769230769230769,1.0,0.2354788069073783,18.03417777777777,0,0,Gleb Savchenko,39,Entertainment,0
29,5,Chrishell Stause,rank,12.0,12.0,11.0,0.1666666666666666,5.161247334754798,0.6532293887704336,1.0,12.0,0.0833333333333333,1.0,0.2338435374149659,18.287285950413228,0,0,Gleb Savchenko,39,Entertainment,0
29,6,Chrishell Stause,rank,11.0,11.0,7.0,0.4545454545454545,5.844634036820835,0.5595787239253786,1.0,11.0,0.0909090909090909,1.0,0.2319109461966604,18.593344,0,0,Gleb Savchenko,39,Entertainment,0
29,7,Chrishell Stause,rank,10.0,10.0,5.0,0.6,5.3759675635827495,0.562403243641725,1.0,10.0,0.1,1.0,0.2295918367346938,18.97086419753086,0,0,Gleb Savchenko,39,Entertainment,0
29,8,Chrishell Stause,rank,8.0,8.0,5.0,0.5,7.289351851851852,0.2138310185185185,5.0,8.0,0.125,0.5,0.0956632653061224,109.2721777777778,0,0,Gleb Savchenko,39,Entertainment,0
29,9,Chrishell Stause,,,15.0,,,,,,,,,,,1,1,Gleb Savchenko,39,Entertainment,1
29,10,Chrishell Stause,,,15.0,,,,,,,,,,,1,1,Gleb Savchenko,39,Entertainment,1
29,11,Chrishell Stause,,,15.0,,,,,,,,,,,1,1,Gleb Savchenko,39,Entertainment,1
29,1,Jeannie Mai,rank,15.0,15.0,6.0,0.6666666666666666,8.0331,0.5311266666666667,1.0,15.0,0.0666666666666666,1.0,0.2380952380952381,17.639999999999997,0,0,Brandon Armstrong,41,Media,0
29,2,Jeannie Mai,rank,15.0,15.0,6.0,0.6666666666666666,7.852500796431984,0.543166613571201,1.0,15.0,0.0666666666666666,1.0,0.2380952380952381,17.639999999999997,0,0,Brandon Armstrong,41,Media,0
29,3,Jeannie Mai,rank,14.0,14.0,4.0,0.7857142857142857,7.455553042298122,0.538889068407277,1.0,14.0,0.0714285714285714,1.0,0.2368804664723032,17.82138698224852,0,0,Brandon Armstrong,41,Media,0
29,4,Jeannie Mai,rank,13.0,13.0,10.0,0.3076923076923077,6.3346897253306205,0.5896392518976445,1.0,13.0,0.0769230769230769,1.0,0.2354788069073783,18.03417777777777,0,0,Brandon Armstrong,41,Media,0
29,5,Jeannie Mai,rank,12.0,12.0,5.0,0.6666666666666666,6.43043710021322,0.5474635749822316,1.0,12.0,0.0833333333333333,1.0,0.2338435374149659,18.287285950413228,0,0,Brandon Armstrong,41,Media,0
29,6,Jeannie Mai,rank,11.0,11.0,6.0,0.5454545454545454,5.892231701841042,0.5552516634689962,1.0,11.0,0.0909090909090909,1.0,0.2319109461966604,18.593344,0,0,Brandon Armstrong,41,Media,0
29,7,Jeannie Mai,rank,10.0,10.0,8.0,0.3,5.112421673424254,0.5887578326575746,1.0,10.0,0.1,1.0,0.2295918367346938,18.97086419753086,0,0,Brandon Armstrong,41,Media,0
29,8,Jeannie Mai,,,15.0,,,,,,,,,,,1,1,Brandon Armstrong,41,Media,1
29,9,Jeannie Mai,,,15.0,,,,,,,,,,,1,1,Brandon Armstrong,41,Media,1
29,10,Jeannie Mai,,,15.0,,,,,,,,,,,1,1,Brandon Armstrong,41,Media,1
29,11,Jeannie Mai,,,15.0,,,,,,,,,,,1,1,Brandon Armstrong,41,Media,1
29,1,Jesse Metcalfe,rank,15.0,15.0,6.0,0.6666666666666666,8.0517,0.5298866666666666,1.0,15.0,0.0666666666666666,1.0,0.2380952380952381,17.639999999999997,0,0,Sharna Burgess,41,Entertainment,0
29,2,Jesse Metcalfe,rank,15.0,15.0,4.0,0.8,8.023574386747372,0.5317617075501752,1.0,15.0,0.0666666666666666,1.0,0.2380952380952381,17.639999999999997,0,0,Sharna Burgess,41,Entertainment,0
29,3,Jesse Metcalfe,rank,14.0,14.0,9.0,0.4285714285714285,7.042976702103596,0.5683588069926003,1.0,14.0,0.0714285714285714,1.0,0.2368804664723032,17.82138698224852,0,0,Sharna Burgess,41,Entertainment,0
29,4,Jesse Metcalfe,rank,13.0,13.0,10.0,0.3076923076923077,6.1805696846388605,0.6014946396431646,1.0,13.0,0.0769230769230769,1.0,0.2354788069073783,18.03417777777777,0,0,Sharna Burgess,41,Entertainment,0
29,5,Jesse Metcalfe,rank,12.0,12.0,11.0,0.1666666666666666,8.963486140724946,0.3363761549395878,5.0,12.0,0.0833333333333333,0.6666666666666666,0.1488095238095237,45.158400000000015,0,0,Sharna Burgess,41,Entertainment,0
29,6,Jesse Metcalfe,,,15.0,,,,,,,,,,,1,1,Sharna Burgess,41,Entertainment,1
29,7,Jesse Metcalfe,,,15.0,,,,,,,,,,,1,1,Sharna Burgess,41,Entertainment,1
29,8,Jesse Metcalfe,,,15.0,,,,,,,,,,,1,1,Sharna Burgess,41,Entertainment,1
29,9,Jesse Metcalfe,,,15.0,,,,,,,,,,,1,1,Sharna Burgess,41,Entertainment,1
29,10,Jesse Metcalfe,,,15.0,,,,,,,,,,,1,1,Sharna Burgess,41,Entertainment,1
29,11,Jesse Metcalfe,,,15.0,,,,,,,,,,,1,1,Sharna Burgess,41,Entertainment,1
29,1,Johnny Weir,rank,15.0,15.0,6.0,0.6666666666666666,8.022,0.5318666666666666,1.0,15.0,0.0666666666666666,1.0,0.2380952380952381,17.639999999999997,0,0,Britt Stewart,36,Sports,0
29,2,Johnny Weir,rank,15.0,15.0,6.0,0.6666666666666666,7.926728257406817,0.5382181161728787,1.0,15.0,0.0666666666666666,1.0,0.2380952380952381,17.639999999999997,0,0,Britt Stewart,36,Sports,0
29,3,Johnny Weir,rank,14.0,14.0,1.0,1.0,7.405790545125537,0.542443532491033,1.0,14.0,0.0714285714285714,1.0,0.2368804664723032,17.82138698224852,0,0,Britt Stewart,36,Sports,0
29,4,Johnny Weir,rank,13.0,13.0,3.0,0.8461538461538461,6.914038657171923,0.5450739494483137,1.0,13.0,0.0769230769230769,1.0,0.2354788069073783,18.03417777777777,0,0,Britt Stewart,36,Sports,0
29,5,Johnny Weir,rank,12.0,12.0,1.0,1.0,6.320362473347548,0.556636460554371,1.0,12.0,0.0833333333333333,1.0,0.2338435374149659,18.287285950413228,0,0,Britt Stewart,36,Sports,0
29,6,Johnny Weir,rank,11.0,11.0,9.0,0.2727272727272727,5.521778176919623,0.5889292566436706,1.0,11.0,0.0909090909090909,1.0,0.2319109461966604,18.593344,0,0,Britt Stewart,36,Sports,0
29,7,Johnny Weir,rank,10.0,10.0,2.0,0.9,5.504054552156284,0.5495945447843715,1.0,10.0,0.1,1.0,0.2295918367346938,18.97086419753086,0,0,Britt Stewart,36,Sports,0
29,8,Johnny Weir,rank,8.0,8.0,1.0,1.0,4.561342592592593,0.5548321759259259,1.0,8.0,0.125,1.0,0.2232142857142857,20.0704,0,0,Britt Stewart,36,Sports,0
29,9,Johnny Weir,rank,7.0,7.0,1.0,1.0,3.930297723292469,0.5813860395296473,1.0,7.0,0.1428571428571428,1.0,0.2186588921282799,20.91537777777777,0,0,Britt Stewart,36,Sports,0
29,10,Johnny Weir,rank,6.0,6.0,4.0,0.5,5.293103448275862,0.2844827586206896,4.0,6.0,0.1666666666666666,0.5,0.0850340136054421,138.29759999999996,0,0,Britt Stewart,36,Sports,0
29,11,Johnny Weir,,,15.0,,,,,,,,,,,1,1,Britt Stewart,36,Sports,1
29,1,Justina Machado,rank,15.0,15.0,1.0,1.0,7.8928,0.54048,1.0,15.0,0.0666666666666666,1.0,0.2380952380952381,17.639999999999997,0,0,Sasha Farber,48,Entertainment,0
29,2,Justina Machado,rank,15.0,15.0,2.0,0.9333333333333332,7.944249761070404,0.5370500159286398,1.0,15.0,0.0666666666666666,1.0,0.2380952380952381,17.639999999999997,0,0,Sasha Farber,48,Entertainment,0
29,3,Justina Machado,rank,14.0,14.0,10.0,0.3571428571428571,7.070798461886451,0.5663715384366821,1.0,14.0,0.0714285714285714,1.0,0.2368804664723032,17.82138698224852,0,0,Sasha Farber,48,Entertainment,0
29,4,Justina Machado,rank,13.0,13.0,3.0,0.8461538461538461,6.94557477110885,0.5426480945300884,1.0,13.0,0.0769230769230769,1.0,0.2354788069073783,18.03417777777777,0,0,Sasha Farber,48,Entertainment,0
29,5,Justina Machado,rank,12.0,12.0,5.0,0.6666666666666666,6.446162046908316,0.5461531627576404,1.0,12.0,0.0833333333333333,1.0,0.2338435374149659,18.287285950413228,0,0,Sasha Farber,48,Entertainment,0
29,6,Justina Machado,rank,11.0,11.0,1.0,1.0,6.040862146385272,0.5417398048740663,1.0,11.0,0.0909090909090909,1.0,0.2319109461966604,18.593344,0,0,Sasha Farber,48,Entertainment,0
29,7,Justina Machado,rank,10.0,10.0,5.0,0.6,5.412274235164025,0.5587725764835975,1.0,10.0,0.1,1.0,0.2295918367346938,18.97086419753086,0,0,Sasha Farber,48,Entertainment,0
29,8,Justina Machado,rank,8.0,8.0,3.0,0.75,4.381944444444445,0.5772569444444444,1.0,8.0,0.125,1.0,0.2232142857142857,20.0704,0,0,Sasha Farber,48,Entertainment,0
29,9,Justina Machado,rank,7.0,7.0,5.0,0.4285714285714285,3.9274956217162873,0.5817863397548161,1.0,7.0,0.1428571428571428,1.0,0.2186588921282799,20.91537777777777,0,0,Sasha Farber,48,Entertainment,0
29,10,Justina Machado,rank,6.0,6.0,3.0,0.6666666666666666,2.8042596348884383,0.6992900608519269,1.0,5.0,0.3333333333333333,1.0,0.1700680272108843,34.57439999999999,0,0,Sasha Farber,48,Entertainment,0
29,11,Justina Machado,rank,4.0,4.0,1.0,1.0,2.5119,0.622025,1.0,4.0,0.25,1.0,0.1913265306122449,27.31804444444445,0,0,Sasha Farber,48,Entertainment,0
29,1,Kaitlyn Bristowe,rank,15.0,15.0,3.0,0.8666666666666667,7.9688,0.5354133333333333,1.0,15.0,0.0666666666666666,1.0,0.2380952380952381,17.639999999999997,0,0,Artem Chigvintsev,35,Media,0
29,2,Kaitlyn Bristowe,rank,15.0,15.0,1.0,1.0,7.877986619942657,0.5414675586704896,1.0,15.0,0.0666666666666666,1.0,0.2380952380952381,17.639999999999997,0,0,Artem Chigvintsev,35,Media,0
29,3,Kaitlyn Bristowe,rank,14.0,14.0,3.0,0.8571428571428571,7.242705270300837,0.5540924806927974,1.0,14.0,0.0714285714285714,1.0,0.2368804664723032,17.82138698224852,0,0,Artem Chigvintsev,35,Media,0
29,4,Kaitlyn Bristowe,rank,13.0,13.0,2.0,0.9230769230769232,7.04883011190234,0.5347053760075122,1.0,13.0,0.0769230769230769,1.0,0.2354788069073783,18.03417777777777,0,0,Artem Chigvintsev,35,Media,0
29,5,Kaitlyn Bristowe,rank,12.0,12.0,2.0,0.9166666666666666,6.497867803837953,0.5418443496801706,1.0,12.0,0.0833333333333333,1.0,0.2338435374149659,18.287285950413228,0,0,Artem Chigvintsev,35,Media,0
29,6,Kaitlyn Bristowe,rank,11.0,11.0,1.0,1.0,6.072743601257296,0.5388414907947913,1.0,11.0,0.0909090909090909,1.0,0.2319109461966604,18.593344,0,0,Artem Chigvintsev,35,Media,0
29,7,Kaitlyn Bristowe,rank,10.0,10.0,9.0,0.2,4.935127165499448,0.6064872834500552,1.0,10.0,0.1,1.0,0.2295918367346938,18.97086419753086,0,0,Artem Chigvintsev,35,Media,0
29,8,Kaitlyn Bristowe,rank,8.0,8.0,4.0,0.625,4.230324074074074,0.5962094907407407,1.0,8.0,0.125,1.0,0.2232142857142857,20.0704,0,0,Artem Chigvintsev,35,Media,0
29,9,Kaitlyn Bristowe,rank,7.0,7.0,1.0,1.0,3.939754816112084,0.5800350262697024,1.0,7.0,0.1428571428571428,1.0,0.2186588921282799,20.91537777777777,0,0,Artem Chigvintsev,35,Media,0
29,10,Kaitlyn Bristowe,rank,6.0,6.0,1.0,1.0,3.4340770791075053,0.5943204868154158,1.0,6.0,0.1666666666666666,1.0,0.2125850340136054,22.127616,0,0,Artem Chigvintsev,35,Media,0
29,11,Kaitlyn Bristowe,rank,4.0,4.0,1.0,1.0,2.4972,0.6257,1.0,4.0,0.25,1.0,0.1913265306122449,27.31804444444445,0,0,Artem Chigvintsev,35,Media,0
29,1,Monica Aldama,rank,15.0,15.0,5.0,0.7333333333333333,8.0031,0.5331266666666666,1.0,15.0,0.0666666666666666,1.0,0.2380952380952381,17.639999999999997,0,0,Valentin Chmerkovskiy,48,Media,0
29,2,Monica Aldama,rank,15.0,15.0,12.0,0.2666666666666666,7.295316979929914,0.5803122013380057,1.0,15.0,0.0666666666666666,1.0,0.2380952380952381,17.639999999999997,0,0,Valentin Chmerkovskiy,48,Media,0
29,3,Monica Aldama,rank,14.0,14.0,7.0,0.5714285714285714,7.380004523863379,0.5442853911526158,1.0,14.0,0.0714285714285714,1.0,0.2368804664723032,17.82138698224852,0,0,Valentin Chmerkovskiy,48,Media,0
29,4,Monica Aldama,rank,13.0,13.0,3.0,0.8461538461538461,7.049338758901323,0.5346662493152828,1.0,13.0,0.0769230769230769,1.0,0.2354788069073783,18.03417777777777,0,0,Valentin Chmerkovskiy,48,Media,0
29,5,Monica Aldama,rank,12.0,12.0,3.0,0.8333333333333334,6.6138059701492535,0.5321828358208955,1.0,12.0,0.0833333333333333,1.0,0.2338435374149659,18.287285950413228,0,0,Valentin Chmerkovskiy,48,Media,0
29,6,Monica Aldama,rank,11.0,11.0,1.0,1.0,6.01930848675348,0.5436992284769564,1.0,11.0,0.0909090909090909,1.0,0.2319109461966604,18.593344,0,0,Valentin Chmerkovskiy,48,Media,0
29,7,Monica Aldama,rank,10.0,10.0,10.0,0.1,6.946737928492444,0.4053262071507555,3.0,10.0,0.1,0.8,0.1785714285714286,31.359999999999985,0,0,Valentin Chmerkovskiy,48,Media,0
29,8,Monica Aldama,,,15.0,,,,,,,,,,,1,1,Valentin Chmerkovskiy,48,Media,1
29,9,Monica Aldama,,,15.0,,,,,,,,,,,1,1,Valentin Chmerkovskiy,48,Media,1
29,10,Monica Aldama,,,15.0,,,,,,,,,,,1,1,Valentin Chmerkovskiy,48,Media,1
29,11,Monica Aldama,,,15.0,,,,,,,,,,,1,1,Valentin Chmerkovskiy,48,Media,1
29,1,Nelly,rank,15.0,15.0,12.0,0.2666666666666666,8.0327,0.5311533333333334,1.0,15.0,0.0666666666666666,1.0,0.2380952380952381,17.639999999999997,0,0,Daniella Karagach,45,Music,0
29,2,Nelly,rank,15.0,15.0,6.0,0.6666666666666666,7.929913985345651,0.5380057343102899,1.0,15.0,0.0666666666666666,1.0,0.2380952380952381,17.639999999999997,0,0,Daniella Karagach,45,Music,0
29,3,Nelly,rank,14.0,14.0,11.0,0.2857142857142857,6.945939832617055,0.5752900119559247,1.0,14.0,0.0714285714285714,1.0,0.2368804664723032,17.82138698224852,0,0,Daniella Karagach,45,Music,0
29,4,Nelly,rank,13.0,13.0,10.0,0.3076923076923077,5.99237029501526,0.615971515768057,1.0,13.0,0.0769230769230769,1.0,0.2354788069073783,18.03417777777777,0,0,Daniella Karagach,45,Music,0
29,5,Nelly,rank,12.0,12.0,5.0,0.6666666666666666,6.448027718550106,0.5459976901208244,1.0,12.0,0.0833333333333333,1.0,0.2338435374149659,18.287285950413228,0,0,Daniella Karagach,45,Music,0
29,6,Nelly,rank,11.0,11.0,7.0,0.4545454545454545,5.845083071396497,0.5595379026003184,1.0,11.0,0.0909090909090909,1.0,0.2319109461966604,18.593344,0,0,Daniella Karagach,45,Music,0
29,7,Nelly,rank,10.0,10.0,2.0,0.9,5.465352008846296,0.5534647991153704,1.0,10.0,0.1,1.0,0.2295918367346938,18.97086419753086,0,0,Daniella Karagach,45,Music,0
29,8,Nelly,rank,8.0,8.0,8.0,0.125,2.857638888888889,0.7677951388888888,1.0,8.0,0.125,1.0,0.2232142857142857,20.0704,0,0,Daniella Karagach,45,Music,0
29,9,Nelly,rank,7.0,7.0,7.0,0.1428571428571428,3.123292469352014,0.6966725043782837,1.0,7.0,0.1428571428571428,1.0,0.2186588921282799,20.91537777777777,0,0,Daniella Karagach,45,Music,0
29,10,Nelly,rank,6.0,6.0,6.0,0.1666666666666666,1.4695740365111565,0.921737660581474,1.0,3.0,0.6666666666666666,1.0,0.0850340136054421,138.29759999999996,0,0,Daniella Karagach,45,Music,0
29,11,Nelly,rank,4.0,4.0,4.0,0.25,2.483,0.62925,1.0,4.0,0.25,1.0,0.1913265306122449,27.31804444444445,0,0,Daniella Karagach,45,Music,0
29,1,Nev Schulman,rank,15.0,15.0,3.0,0.8666666666666667,8.0046,0.5330266666666666,1.0,15.0,0.0666666666666666,1.0,0.2380952380952381,17.639999999999997,0,0,Jenna Johnson,35,Other,0
29,2,Nev Schulman,rank,15.0,15.0,2.0,0.9333333333333332,7.920993947116917,0.538600403525539,1.0,15.0,0.0666666666666666,1.0,0.2380952380952381,17.639999999999997,0,0,Jenna Johnson,35,Other,0
29,3,Nev Schulman,rank,14.0,14.0,1.0,1.0,7.551232752770867,0.5320548033735095,1.0,14.0,0.0714285714285714,1.0,0.2368804664723032,17.82138698224852,0,0,Jenna Johnson,35,Other,0
29,4,Nev Schulman,rank,13.0,13.0,3.0,0.8461538461538461,6.922177009155646,0.5444479223726426,1.0,13.0,0.0769230769230769,1.0,0.2354788069073783,18.03417777777777,0,0,Jenna Johnson,35,Other,0
29,5,Nev Schulman,rank,12.0,12.0,3.0,0.8333333333333334,6.513859275053305,0.5405117270788913,1.0,12.0,0.0833333333333333,1.0,0.2338435374149659,18.287285950413228,0,0,Jenna Johnson,35,Other,0
29,6,Nev Schulman,rank,11.0,11.0,5.0,0.6363636363636364,5.907498877413561,0.553863738416949,1.0,11.0,0.0909090909090909,1.0,0.2319109461966604,18.593344,0,0,Jenna Johnson,35,Other,0
29,7,Nev Schulman,rank,10.0,10.0,1.0,1.0,5.441208993733874,0.5558791006266126,1.0,10.0,0.1,1.0,0.2295918367346938,18.97086419753086,0,0,Jenna Johnson,35,Other,0
29,8,Nev Schulman,rank,8.0,8.0,1.0,1.0,4.513888888888889,0.5607638888888888,1.0,8.0,0.125,1.0,0.2232142857142857,20.0704,0,0,Jenna Johnson,35,Other,0
29,9,Nev Schulman,rank,7.0,7.0,3.0,0.7142857142857143,3.914535901926445,0.5836377282962221,1.0,7.0,0.1428571428571428,1.0,0.2186588921282799,20.91537777777777,0,0,Jenna Johnson,35,Other,0
29,10,Nev Schulman,rank,6.0,6.0,1.0,1.0,3.376267748478702,0.6039553752535497,1.0,6.0,0.1666666666666666,1.0,0.2125850340136054,22.127616,0,0,Jenna Johnson,35,Other,0
29,11,Nev Schulman,rank,4.0,4.0,1.0,1.0,2.5079,0.623025,1.0,4.0,0.25,1.0,0.1913265306122449,27.31804444444445,0,0,Jenna Johnson,35,Other,0
29,1,Skai Jackson,rank,15.0,15.0,1.0,1.0,8.0025,0.5331666666666667,1.0,15.0,0.0666666666666666,1.0,0.2380952380952381,17.639999999999997,0,0,Alan Bersten,18,Entertainment,0
29,2,Skai Jackson,rank,15.0,15.0,14.0,0.1333333333333333,6.8591908251035365,0.6093872783264309,1.0,15.0,0.0666666666666666,1.0,0.2380952380952381,17.639999999999997,0,0,Alan Bersten,18,Entertainment,0
29,3,Skai Jackson,rank,14.0,14.0,11.0,0.2857142857142857,6.888939154037548,0.579361488997318,1.0,14.0,0.0714285714285714,1.0,0.2368804664723032,17.82138698224852,0,0,Alan Bersten,18,Entertainment,0
29,4,Skai Jackson,rank,13.0,13.0,1.0,1.0,6.81943031536114,0.5523515142029892,1.0,13.0,0.0769230769230769,1.0,0.2354788069073783,18.03417777777777,0,0,Alan Bersten,18,Entertainment,0
29,5,Skai Jackson,rank,12.0,12.0,5.0,0.6666666666666666,6.332356076759062,0.5556369936034115,1.0,12.0,0.0833333333333333,1.0,0.2338435374149659,18.287285950413228,0,0,Alan Bersten,18,Entertainment,0
29,6,Skai Jackson,rank,11.0,11.0,11.0,0.0909090909090909,4.11585092052088,0.7167408254071927,1.0,11.0,0.0909090909090909,1.0,0.2319109461966604,18.593344,0,0,Alan Bersten,18,Entertainment,0
29,7,Skai Jackson,rank,10.0,10.0,2.0,0.9,5.45410984150387,0.554589015849613,1.0,10.0,0.1,1.0,0.2295918367346938,18.97086419753086,0,0,Alan Bersten,18,Entertainment,0
29,8,Skai Jackson,rank,8.0,8.0,7.0,0.25,4.096064814814815,0.6129918981481481,1.0,8.0,0.125,1.0,0.2232142857142857,20.0704,0,0,Alan Bersten,18,Entertainment,0
29,9,Skai Jackson,rank,7.0,7.0,3.0,0.7142857142857143,3.8143607705779337,0.5979484613460094,1.0,7.0,0.1428571428571428,1.0,0.2186588921282799,20.91537777777777,0,0,Alan Bersten,18,Entertainment,0
29,10,Skai Jackson,rank,6.0,6.0,4.0,0.5,4.622718052738337,0.3962136578769438,3.0,6.0,0.1666666666666666,0.6666666666666666,0.1275510204081632,61.4656,0,0,Alan Bersten,18,Entertainment,0
29,11,Skai Jackson,,,15.0,,,,,,,,,,,1,1,Alan Bersten,18,Entertainment,1
29,1,Veron Davis,rank,15.0,15.0,11.0,0.3333333333333333,8.048,0.5301333333333333,1.0,15.0,0.0666666666666666,1.0,0.2380952380952381,17.639999999999997,0,0,Peta Murgatroyd,36,Sports,0
29,2,Veron Davis,rank,15.0,15.0,6.0,0.6666666666666666,7.826059254539662,0.5449293830306893,1.0,15.0,0.0666666666666666,1.0,0.2380952380952381,17.639999999999997,0,0,Peta Murgatroyd,36,Sports,0
29,3,Veron Davis,rank,14.0,14.0,4.0,0.7857142857142857,7.545125537208777,0.5324910330565159,1.0,14.0,0.0714285714285714,1.0,0.2368804664723032,17.82138698224852,0,0,Peta Murgatroyd,36,Sports,0
29,4,Veron Davis,rank,13.0,13.0,8.0,0.4615384615384615,6.568158697863683,0.5716801001643321,1.0,13.0,0.0769230769230769,1.0,0.2354788069073783,18.03417777777777,0,0,Peta Murgatroyd,36,Sports,0
29,5,Veron Davis,rank,12.0,12.0,10.0,0.25,5.849147121535181,0.5959044065387349,1.0,12.0,0.0833333333333333,1.0,0.2338435374149659,18.287285950413228,0,0,Peta Murgatroyd,36,Sports,0
29,6,Veron Davis,rank,11.0,11.0,10.0,0.1818181818181818,8.658733722496633,0.3037514797730333,5.0,11.0,0.0909090909090909,0.6363636363636364,0.1391465677179962,51.64817777777779,0,0,Peta Murgatroyd,36,Sports,0
29,7,Veron Davis,,,15.0,,,,,,,,,,,1,1,Peta Murgatroyd,36,Sports,1
29,8,Veron Davis,,,15.0,,,,,,,,,,,1,1,Peta Murgatroyd,36,Sports,1
29,9,Veron Davis,,,15.0,,,,,,,,,,,1,1,Peta Murgatroyd,36,Sports,1
29,10,Veron Davis,,,15.0,,,,,,,,,,,1,1,Peta Murgatroyd,36,Sports,1
29,11,Veron Davis,,,15.0,,,,,,,,,,,1,1,Peta Murgatroyd,36,Sports,1
30,1,Amanda Kloots,rank,15.0,15.0,2.0,0.9333333333333332,8.0582,0.5294533333333333,1.0,15.0,0.0666666666666666,1.0,0.2380952380952381,17.639999999999997,0,0,Alan Bersten,39,Media,0
30,2,Amanda Kloots,rank,15.0,15.0,1.0,1.0,7.927313221299858,0.5381791185800094,1.0,15.0,0.0666666666666666,1.0,0.2380952380952381,17.639999999999997,0,0,Alan Bersten,39,Media,0
30,3,Amanda Kloots,rank,14.0,14.0,1.0,1.0,7.709302325581396,0.5207641196013288,1.0,13.0,0.1428571428571428,1.0,0.2186588921282799,20.91537777777777,0,0,Alan Bersten,39,Media,0
30,4,Amanda Kloots,rank,13.0,13.0,4.0,0.7692307692307693,7.073825503355705,0.5327826535880227,1.0,13.0,0.0769230769230769,1.0,0.2354788069073783,18.03417777777777,0,0,Alan Bersten,39,Media,0
30,5,Amanda Kloots,rank,11.0,11.0,2.0,0.9090909090909092,6.838709677419355,0.469208211143695,1.0,10.0,0.1818181818181818,1.0,0.2087198515769944,22.954745679012348,0,0,Alan Bersten,39,Media,0
30,6,Amanda Kloots,rank,10.0,10.0,3.0,0.8,5.46517820565342,0.5534821794346579,1.0,10.0,0.1,1.0,0.2295918367346938,18.97086419753086,0,0,Alan Bersten,39,Media,0
30,7,Amanda Kloots,rank,9.0,9.0,6.0,0.4444444444444444,4.52031888003111,0.6088534577743211,1.0,9.0,0.1111111111111111,1.0,0.2267573696145124,19.448100000000004,0,0,Alan Bersten,39,Media,0
30,8,Amanda Kloots,rank,8.0,8.0,1.0,1.0,4.342069588793493,0.5822413014008134,1.0,8.0,0.125,1.0,0.2232142857142857,20.0704,0,0,Alan Bersten,39,Media,0
30,9,Amanda Kloots,rank,6.0,6.0,2.0,0.8333333333333334,3.44149377593361,0.5930843706777317,1.0,6.0,0.1666666666666666,1.0,0.2125850340136054,22.127616,0,0,Alan Bersten,39,Media,0
30,10,Amanda Kloots,rank,4.0,4.0,3.0,0.5,2.5033,0.624175,1.0,4.0,0.25,1.0,0.1913265306122449,27.31804444444445,0,0,Alan Bersten,39,Media,0
30,1,Brian Austin Green,rank,15.0,15.0,9.0,0.4666666666666667,8.0777,0.5281533333333334,1.0,15.0,0.0666666666666666,1.0,0.2380952380952381,17.639999999999997,0,0,Sharna Burgess,48,Entertainment,0
30,2,Brian Austin Green,rank,15.0,15.0,13.0,0.2,7.117027738408585,0.5921981507727611,1.0,15.0,0.0666666666666666,1.0,0.2380952380952381,17.639999999999997,0,0,Sharna Burgess,48,Entertainment,0
30,3,Brian Austin Green,rank,14.0,14.0,12.0,0.2142857142857142,5.3023255813953485,0.6926910299003323,1.0,11.724999999999994,0.2339285714285718,1.0,0.19542638483965,26.18385598861126,0,0,Sharna Burgess,48,Entertainment,0
30,4,Brian Austin Green,rank,13.0,13.0,13.0,0.0769230769230769,10.278218425869431,0.2862908903177361,6.0,13.0,0.0769230769230769,0.6153846153846154,0.1373626373626373,52.99839999999999,0,0,Sharna Burgess,48,Entertainment,0
30,5,Brian Austin Green,,,15.0,,,,,,,,,,,1,1,Sharna Burgess,48,Entertainment,1
30,6,Brian Austin Green,,,15.0,,,,,,,,,,,1,1,Sharna Burgess,48,Entertainment,1
30,7,Brian Austin Green,,,15.0,,,,,,,,,,,1,1,Sharna Burgess,48,Entertainment,1
30,8,Brian Austin Green,,,15.0,,,,,,,,,,,1,1,Sharna Burgess,48,Entertainment,1
30,9,Brian Austin Green,,,15.0,,,,,,,,,,,1,1,Sharna Burgess,48,Entertainment,1
30,10,Brian Austin Green,,,15.0,,,,,,,,,,,1,1,Sharna Burgess,48,Entertainment,1
30,1,Christine Chiu,rank,15.0,15.0,7.0,0.6,7.9356,0.5376266666666666,1.0,15.0,0.0666666666666666,1.0,0.2380952380952381,17.639999999999997,0,0,Pasha Pashkov,38,Media,0
30,2,Christine Chiu,rank,15.0,15.0,10.0,0.4,7.634946345414051,0.5576702436390633,1.0,15.0,0.0666666666666666,1.0,0.2380952380952381,17.639999999999997,0,0,Pasha Pashkov,38,Media,0
30,3,Christine Chiu,rank,14.0,14.0,7.0,0.5714285714285714,13.430232558139537,0.1121262458471759,11.0,14.0,0.0714285714285714,0.2857142857142857,0.0546647230320699,334.6460444444445,0,0,Pasha Pashkov,38,Media,0
30,4,Christine Chiu,,,15.0,,,,,,,,,,,1,1,Pasha Pashkov,38,Media,1
30,5,Christine Chiu,,,15.0,,,,,,,,,,,1,1,Pasha Pashkov,38,Media,1
30,6,Christine Chiu,,,15.0,,,,,,,,,,,1,1,Pasha Pashkov,38,Media,1
30,7,Christine Chiu,,,15.0,,,,,,,,,,,1,1,Pasha Pashkov,38,Media,1
30,8,Christine Chiu,,,15.0,,,,,,,,,,,1,1,Pasha Pashkov,38,Media,1
30,9,Christine Chiu,,,15.0,,,,,,,,,,,1,1,Pasha Pashkov,38,Media,1
30,10,Christine Chiu,,,15.0,,,,,,,,,,,1,1,Pasha Pashkov,38,Media,1
30,1,Cody Rigsby,rank,15.0,15.0,9.0,0.4666666666666667,7.97,0.5353333333333334,1.0,15.0,0.0666666666666666,1.0,0.2380952380952381,17.639999999999997,0,0,Cheryl Burke,34,Other,0
30,2,Cody Rigsby,rank,15.0,15.0,10.0,0.4,7.656205709657826,0.5562529526894783,1.0,15.0,0.0666666666666666,1.0,0.2380952380952381,17.639999999999997,0,0,Cheryl Burke,34,Other,0
30,3,Cody Rigsby,rank,14.0,14.0,14.0,0.0714285714285714,4.563953488372093,0.7454318936877077,1.0,13.0,0.1428571428571428,1.0,0.2186588921282799,20.91537777777777,0,0,Cheryl Burke,34,Other,0
30,4,Cody Rigsby,rank,13.0,13.0,11.0,0.2307692307692307,4.905430140329469,0.6995822968977332,1.0,11.0,0.2307692307692307,1.0,0.1962323390894819,25.969216000000007,0,0,Cheryl Burke,34,Other,0
30,5,Cody Rigsby,rank,11.0,11.0,9.0,0.2727272727272727,4.645161290322581,0.6686217008797654,1.0,10.0,0.1818181818181818,1.0,0.2087198515769944,22.954745679012348,0,0,Cheryl Burke,34,Other,0
30,6,Cody Rigsby,rank,10.0,10.0,5.0,0.6,5.332650553052028,0.5667349446947971,1.0,10.0,0.1,1.0,0.2295918367346938,18.97086419753086,0,0,Cheryl Burke,34,Other,0
30,7,Cody Rigsby,rank,9.0,9.0,5.0,0.5555555555555556,4.862920474431266,0.5707866139520816,1.0,9.0,0.1111111111111111,1.0,0.2267573696145124,19.448100000000004,0,0,Cheryl Burke,34,Other,0
30,8,Cody Rigsby,rank,8.0,8.0,5.0,0.5,3.500225937641211,0.6874717577948486,1.0,7.0,0.25,1.0,0.1913265306122449,27.31804444444445,0,0,Cheryl Burke,34,Other,0
30,9,Cody Rigsby,rank,6.0,6.0,6.0,0.1666666666666666,1.6058091286307057,0.8990318118948823,1.0,3.0,0.6666666666666666,1.0,0.0850340136054421,138.29759999999996,0,0,Cheryl Burke,34,Other,0
30,10,Cody Rigsby,rank,4.0,4.0,4.0,0.25,2.4968,0.6258,1.0,4.0,0.25,1.0,0.1913265306122449,27.31804444444445,0,0,Cheryl Burke,34,Other,0
30,1,Iman Shumpert,rank,15.0,15.0,14.0,0.1333333333333333,8.0704,0.52864,1.0,15.0,0.0666666666666666,1.0,0.2380952380952381,17.639999999999997,0,0,Daniella Karagach,31,Sports,0
30,2,Iman Shumpert,rank,15.0,15.0,9.0,0.4666666666666667,7.832759667948977,0.5444826888034016,1.0,15.0,0.0666666666666666,1.0,0.2380952380952381,17.639999999999997,0,0,Daniella Karagach,31,Sports,0
30,3,Iman Shumpert,rank,14.0,14.0,12.0,0.2142857142857142,5.406976744186046,0.6852159468438538,1.0,12.0,0.2142857142857142,1.0,0.2004373177842565,24.89102809917356,0,0,Daniella Karagach,31,Sports,0
30,4,Iman Shumpert,rank,13.0,13.0,9.0,0.3846153846153846,5.875533862111043,0.624958933683766,1.0,12.0,0.1538461538461538,1.0,0.2158555729984301,21.462161983471077,0,0,Daniella Karagach,31,Sports,0
30,5,Iman Shumpert,rank,11.0,11.0,11.0,0.0909090909090909,1.903225806451613,0.9178885630498534,1.0,4.0,0.7272727272727273,1.0,0.0695732838589981,206.5927111111112,0,0,Daniella Karagach,31,Sports,0
30,6,Iman Shumpert,rank,10.0,10.0,1.0,1.0,5.431790249897583,0.5568209750102417,1.0,10.0,0.1,1.0,0.2295918367346938,18.97086419753086,0,0,Daniella Karagach,31,Sports,0
30,7,Iman Shumpert,rank,9.0,9.0,6.0,0.4444444444444444,4.58428932529652,0.601745630522609,1.0,9.0,0.1111111111111111,1.0,0.2267573696145124,19.448100000000004,0,0,Daniella Karagach,31,Sports,0
30,8,Iman Shumpert,rank,8.0,8.0,7.0,0.25,2.8816086760054227,0.7647989154993222,1.0,6.0,0.375,1.0,0.159438775510204,39.337984000000006,0,0,Daniella Karagach,31,Sports,0
30,9,Iman Shumpert,rank,6.0,6.0,3.0,0.6666666666666666,2.8771784232365145,0.6871369294605808,1.0,5.0,0.3333333333333333,1.0,0.1700680272108843,34.57439999999999,0,0,Daniella Karagach,31,Sports,0
30,10,Iman Shumpert,rank,4.0,4.0,1.0,1.0,2.511,0.62225,1.0,4.0,0.25,1.0,0.1913265306122449,27.31804444444445,0,0,Daniella Karagach,31,Sports,0
30,1,Jimmie Allen,rank,15.0,15.0,13.0,0.2,7.9585,0.5360999999999999,1.0,15.0,0.0666666666666666,1.0,0.2380952380952381,17.639999999999997,0,0,Emma Slater,36,Music,0
30,2,Jimmie Allen,rank,15.0,15.0,5.0,0.7333333333333333,7.8981575217655395,0.5401228318822973,1.0,15.0,0.0666666666666666,1.0,0.2380952380952381,17.639999999999997,0,0,Emma Slater,36,Music,0
30,3,Jimmie Allen,rank,14.0,14.0,10.0,0.3571428571428571,6.569767441860465,0.6021594684385382,1.0,14.0,0.0714285714285714,1.0,0.2368804664723032,17.82138698224852,0,0,Emma Slater,36,Music,0
30,4,Jimmie Allen,rank,13.0,13.0,7.0,0.5384615384615384,6.535692495424039,0.574177500351997,1.0,13.0,0.0769230769230769,1.0,0.2354788069073783,18.03417777777777,0,0,Emma Slater,36,Music,0
30,5,Jimmie Allen,rank,11.0,11.0,8.0,0.3636363636363636,6.032258064516129,0.5425219941348973,2.0,10.0,0.1818181818181818,0.9090909090909092,0.1855287569573284,29.0521,0,0,Emma Slater,36,Music,0
30,6,Jimmie Allen,rank,10.0,10.0,3.0,0.8,5.422982384268742,0.5577017615731258,1.0,10.0,0.1,1.0,0.2295918367346938,18.97086419753086,0,0,Emma Slater,36,Music,0
30,7,Jimmie Allen,rank,9.0,9.0,3.0,0.7777777777777778,4.969861948279214,0.5589042279689762,1.0,9.0,0.1111111111111111,1.0,0.2267573696145124,19.448100000000004,0,0,Emma Slater,36,Music,0
30,8,Jimmie Allen,rank,8.0,8.0,8.0,0.125,5.826931766832354,0.3966335291459557,2.0,8.0,0.125,0.875,0.1913265306122449,27.31804444444445,0,0,Emma Slater,36,Music,0
30,9,Jimmie Allen,,,15.0,,,,,,,,,,,1,1,Emma Slater,36,Music,1
30,10,Jimmie Allen,,,15.0,,,,,,,,,,,1,1,Emma Slater,36,Music,1
30,1,JoJo Siwa,rank,15.0,15.0,1.0,1.0,8.0293,0.5313800000000001,1.0,15.0,0.0666666666666666,1.0,0.2380952380952381,17.639999999999997,0,0,Jenna Johnson,18,Social Media,0
30,2,JoJo Siwa,rank,15.0,15.0,2.0,0.9333333333333332,7.893905648916784,0.5404062900722144,1.0,15.0,0.0666666666666666,1.0,0.2380952380952381,17.639999999999997,0,0,Jenna Johnson,18,Social Media,0
30,3,JoJo Siwa,rank,14.0,14.0,1.0,1.0,8.395348837209303,0.4717607973421926,1.0,14.0,0.0714285714285714,1.0,0.2368804664723032,17.82138698224852,0,0,Jenna Johnson,18,Social Media,0
30,4,JoJo Siwa,rank,13.0,13.0,2.0,0.9230769230769232,6.797437461866992,0.5540432721640776,1.0,13.0,0.0769230769230769,1.0,0.2354788069073783,18.03417777777777,0,0,Jenna Johnson,18,Social Media,0
30,5,JoJo Siwa,rank,11.0,11.0,1.0,1.0,6.709677419354839,0.4809384164222873,1.0,10.0,0.1818181818181818,1.0,0.2087198515769944,22.954745679012348,0,0,Jenna Johnson,18,Social Media,0
30,6,JoJo Siwa,rank,10.0,10.0,1.0,1.0,5.538099139696846,0.5461900860303154,1.0,10.0,0.1,1.0,0.2295918367346938,18.97086419753086,0,0,Jenna Johnson,18,Social Media,0
30,7,JoJo Siwa,rank,9.0,9.0,2.0,0.8888888888888888,4.9988333657398405,0.5556851815844621,1.0,9.0,0.1111111111111111,1.0,0.2267573696145124,19.448100000000004,0,0,Jenna Johnson,18,Social Media,0
30,8,JoJo Siwa,rank,8.0,8.0,4.0,0.625,3.96475372797108,0.629405784003615,1.0,8.0,0.125,1.0,0.2232142857142857,20.0704,0,0,Jenna Johnson,18,Social Media,0
30,9,JoJo Siwa,rank,6.0,6.0,1.0,1.0,3.463070539419088,0.589488243430152,1.0,6.0,0.1666666666666666,1.0,0.2125850340136054,22.127616,0,0,Jenna Johnson,18,Social Media,0
30,10,JoJo Siwa,rank,4.0,4.0,1.0,1.0,2.4889,0.627775,1.0,4.0,0.25,1.0,0.1913265306122449,27.31804444444445,0,0,Jenna Johnson,18,Social Media,0
30,1,Kenya Moore,rank,15.0,15.0,5.0,0.7333333333333333,8.0022,0.5331866666666667,1.0,15.0,0.0666666666666666,1.0,0.2380952380952381,17.639999999999997,0,0,Brandon Armstrong,50,Media,0
30,2,Kenya Moore,rank,15.0,15.0,10.0,0.4,7.610852399271107,0.5592765067152595,1.0,15.0,0.0666666666666666,1.0,0.2380952380952381,17.639999999999997,0,0,Brandon Armstrong,50,Media,0
30,3,Kenya Moore,rank,14.0,14.0,7.0,0.5714285714285714,7.546511627906977,0.532392026578073,1.0,13.0,0.1428571428571428,1.0,0.2186588921282799,20.91537777777777,0,0,Brandon Armstrong,50,Media,0
30,4,Kenya Moore,rank,13.0,13.0,10.0,0.3076923076923077,5.387431360585723,0.6625052799549445,1.0,12.0,0.1538461538461538,1.0,0.2158555729984301,21.462161983471077,0,0,Brandon Armstrong,50,Media,0
30,5,Kenya Moore,rank,11.0,11.0,3.0,0.8181818181818182,6.258064516129032,0.5219941348973607,2.0,10.0,0.1818181818181818,0.9090909090909092,0.1855287569573284,29.0521,0,0,Brandon Armstrong,50,Media,0
30,6,Kenya Moore,rank,10.0,10.0,10.0,0.1,7.2156902908644,0.37843097091356,3.0,10.0,0.1,0.8,0.1785714285714286,31.359999999999985,0,0,Brandon Armstrong,50,Media,0
30,7,Kenya Moore,,,15.0,,,,,,,,,,,1,1,Brandon Armstrong,50,Media,1
30,8,Kenya Moore,,,15.0,,,,,,,,,,,1,1,Brandon Armstrong,50,Media,1
30,9,Kenya Moore,,,15.0,,,,,,,,,,,1,1,Brandon Armstrong,50,Media,1
30,10,Kenya Moore,,,15.0,,,,,,,,,,,1,1,Brandon Armstrong,50,Media,1
30,1,Martin Kove,rank,15.0,15.0,15.0,0.0666666666666666,7.9727,0.5351533333333334,1.0,15.0,0.0666666666666666,1.0,0.2380952380952381,17.639999999999997,0,0,Britt Stewart,75,Entertainment,0
30,2,Martin Kove,rank,15.0,15.0,15.0,0.0666666666666666,11.496456772626038,0.3002362151582641,6.0,15.0,0.0666666666666666,0.6666666666666666,0.1530612244897959,42.684444444444445,0,0,Britt Stewart,75,Entertainment,0
30,3,Martin Kove,,,15.0,,,,,,,,,,,1,1,Britt Stewart,75,Entertainment,1
30,4,Martin Kove,,,15.0,,,,,,,,,,,1,1,Britt Stewart,75,Entertainment,1
30,5,Martin Kove,,,15.0,,,,,,,,,,,1,1,Britt Stewart,75,Entertainment,1
30,6,Martin Kove,,,15.0,,,,,,,,,,,1,1,Britt Stewart,75,Entertainment,1
30,7,Martin Kove,,,15.0,,,,,,,,,,,1,1,Britt Stewart,75,Entertainment,1
30,8,Martin Kove,,,15.0,,,,,,,,,,,1,1,Britt Stewart,75,Entertainment,1
30,9,Martin Kove,,,15.0,,,,,,,,,,,1,1,Britt Stewart,75,Entertainment,1
30,10,Martin Kove,,,15.0,,,,,,,,,,,1,1,Britt Stewart,75,Entertainment,1
30,1,Matt James,rank,15.0,15.0,9.0,0.4666666666666667,7.9017,0.5398866666666666,1.0,15.0,0.0666666666666666,1.0,0.2380952380952381,17.639999999999997,0,0,Lindsay Arnold,29,Sports,0
30,2,Matt James,rank,15.0,15.0,14.0,0.1333333333333333,7.476614699331849,0.5682256867112101,1.0,15.0,0.0666666666666666,1.0,0.2380952380952381,17.639999999999997,0,0,Lindsay Arnold,29,Sports,0
30,3,Matt James,rank,14.0,14.0,10.0,0.3571428571428571,6.377906976744186,0.6158637873754154,1.0,14.0,0.0714285714285714,1.0,0.2368804664723032,17.82138698224852,0,0,Lindsay Arnold,29,Sports,0
30,4,Matt James,rank,13.0,13.0,12.0,0.1538461538461538,10.452715070164734,0.2728680715257897,6.0,13.0,0.0769230769230769,0.6153846153846154,0.1373626373626373,52.99839999999999,0,0,Lindsay Arnold,29,Sports,0
30,5,Matt James,,,15.0,,,,,,,,,,,1,1,Lindsay Arnold,29,Sports,1
30,6,Matt James,,,15.0,,,,,,,,,,,1,1,Lindsay Arnold,29,Sports,1
30,7,Matt James,,,15.0,,,,,,,,,,,1,1,Lindsay Arnold,29,Sports,1
30,8,Matt James,,,15.0,,,,,,,,,,,1,1,Lindsay Arnold,29,Sports,1
30,9,Matt James,,,15.0,,,,,,,,,,,1,1,Lindsay Arnold,29,Sports,1
30,10,Matt James,,,15.0,,,,,,,,,,,1,1,Lindsay Arnold,29,Sports,1
30,1,Melanie C,rank,15.0,15.0,4.0,0.8,7.9856,0.5342933333333334,1.0,15.0,0.0666666666666666,1.0,0.2380952380952381,17.639999999999997,0,0,Gleb Savchenko,47,Music,0
30,2,Melanie C,rank,15.0,15.0,3.0,0.8666666666666667,7.843085644867382,0.5437942903421745,1.0,15.0,0.0666666666666666,1.0,0.2380952380952381,17.639999999999997,0,0,Gleb Savchenko,47,Music,0
30,3,Melanie C,rank,14.0,14.0,5.0,0.7142857142857143,7.936046511627907,0.5045681063122923,1.0,14.0,0.0714285714285714,1.0,0.2368804664723032,17.82138698224852,0,0,Gleb Savchenko,47,Music,0
30,4,Melanie C,rank,13.0,13.0,6.0,0.6153846153846154,6.702257474069555,0.5613648096869573,1.0,13.0,0.0769230769230769,1.0,0.2354788069073783,18.03417777777777,0,0,Gleb Savchenko,47,Music,0
30,5,Melanie C,rank,11.0,11.0,3.0,0.8181818181818182,10.96774193548387,0.093841642228739,10.75,11.0,0.0909090909090909,0.1136363636363636,0.0057977736549165,29749.35040000001,0,0,Gleb Savchenko,47,Music,0
30,6,Melanie C,,,15.0,,,,,,,,,,,1,1,Gleb Savchenko,47,Music,1
30,7,Melanie C,,,15.0,,,,,,,,,,,1,1,Gleb Savchenko,47,Music,1
30,8,Melanie C,,,15.0,,,,,,,,,,,1,1,Gleb Savchenko,47,Music,1
30,9,Melanie C,,,15.0,,,,,,,,,,,1,1,Gleb Savchenko,47,Music,1
30,10,Melanie C,,,15.0,,,,,,,,,,,1,1,Gleb Savchenko,47,Music,1
30,1,Melora Hardin,rank,15.0,15.0,5.0,0.7333333333333333,8.0149,0.5323399999999999,1.0,15.0,0.0666666666666666,1.0,0.2380952380952381,17.639999999999997,0,0,Artem Chigvintsev,54,Entertainment,0
30,2,Melora Hardin,rank,15.0,15.0,5.0,0.7333333333333333,7.854626442599715,0.5430249038266857,1.0,15.0,0.0666666666666666,1.0,0.2380952380952381,17.639999999999997,0,0,Artem Chigvintsev,54,Entertainment,0
30,3,Melora Hardin,rank,14.0,14.0,4.0,0.7857142857142857,7.540697674418604,0.5328073089700996,1.0,14.0,0.0714285714285714,1.0,0.2368804664723032,17.82138698224852,0,0,Artem Chigvintsev,54,Entertainment,0
30,4,Melora Hardin,rank,13.0,13.0,1.0,1.0,6.708968883465528,0.5608485474257286,1.0,13.0,0.0769230769230769,1.0,0.2354788069073783,18.03417777777777,0,0,Artem Chigvintsev,54,Entertainment,0
30,5,Melora Hardin,rank,11.0,11.0,3.0,0.8181818181818182,7.129032258064516,0.4428152492668621,2.5,10.25,0.1590909090909091,0.8636363636363636,0.1797309833024118,30.95666014568157,0,0,Artem Chigvintsev,54,Entertainment,0
30,6,Melora Hardin,rank,10.0,10.0,8.0,0.3,4.906595657517411,0.6093404342482589,1.0,10.0,0.1,1.0,0.2295918367346938,18.97086419753086,0,0,Artem Chigvintsev,54,Entertainment,0
30,7,Melora Hardin,rank,9.0,9.0,3.0,0.7777777777777778,4.970834143496014,0.5587962062782207,1.0,9.0,0.1111111111111111,1.0,0.2267573696145124,19.448100000000004,0,0,Artem Chigvintsev,54,Entertainment,0
30,8,Melora Hardin,rank,8.0,8.0,1.0,1.0,4.461816538635337,0.5672729326705829,1.0,8.0,0.125,1.0,0.2232142857142857,20.0704,0,0,Artem Chigvintsev,54,Entertainment,0
30,9,Melora Hardin,rank,6.0,6.0,5.0,0.3333333333333333,4.115352697095435,0.4807745504840941,2.0,6.0,0.1666666666666666,0.8333333333333334,0.1700680272108843,34.57439999999999,0,0,Artem Chigvintsev,54,Entertainment,0
30,10,Melora Hardin,,,15.0,,,,,,,,,,,1,1,Artem Chigvintsev,54,Entertainment,1
30,1,"Mike ""The Miz"" Mizanin",rank,15.0,15.0,9.0,0.4666666666666667,8.0111,0.5325933333333333,1.0,15.0,0.0666666666666666,1.0,0.2380952380952381,17.639999999999997,0,0,Witney Carson,40,Sports,0
30,2,"Mike ""The Miz"" Mizanin",rank,15.0,15.0,8.0,0.5333333333333333,7.867989471552946,0.5421340352298036,1.0,15.0,0.0666666666666666,1.0,0.2380952380952381,17.639999999999997,0,0,Witney Carson,40,Sports,0
30,3,"Mike ""The Miz"" Mizanin",rank,14.0,14.0,5.0,0.7142857142857143,8.215116279069768,0.4846345514950165,1.0,13.724999999999994,0.0910714285714289,1.0,0.2318695335276966,18.59998625912361,0,0,Witney Carson,40,Sports,0
30,4,"Mike ""The Miz"" Mizanin",rank,13.0,13.0,7.0,0.5384615384615384,6.663209273947529,0.5643685173886517,1.0,13.0,0.0769230769230769,1.0,0.2354788069073783,18.03417777777777,0,0,Witney Carson,40,Sports,0
30,5,"Mike ""The Miz"" Mizanin",rank,11.0,11.0,9.0,0.2727272727272727,3.548387096774193,0.7683284457478007,1.0,8.5,0.3181818181818182,1.0,0.1739332096474953,33.05483377777777,0,0,Witney Carson,40,Sports,0
30,6,"Mike ""The Miz"" Mizanin",rank,10.0,10.0,8.0,0.3,4.957394510446538,0.6042605489553462,1.0,10.0,0.1,1.0,0.2295918367346938,18.97086419753086,0,0,Witney Carson,40,Sports,0
30,7,"Mike ""The Miz"" Mizanin",rank,9.0,9.0,9.0,0.1111111111111111,6.35426793700175,0.4050813403331388,3.0,9.0,0.1111111111111111,0.7777777777777778,0.1700680272108843,34.57439999999999,0,0,Witney Carson,40,Sports,0
30,8,"Mike ""The Miz"" Mizanin",,,15.0,,,,,,,,,,,1,1,Witney Carson,40,Sports,1
30,9,"Mike ""The Miz"" Mizanin",,,15.0,,,,,,,,,,,1,1,Witney Carson,40,Sports,1
30,10,"Mike ""The Miz"" Mizanin",,,15.0,,,,,,,,,,,1,1,Witney Carson,40,Sports,1
30,1,Olivia Jade,rank,15.0,15.0,7.0,0.6,7.9613,0.5359133333333334,1.0,15.0,0.0666666666666666,1.0,0.2380952380952381,17.639999999999997,0,0,Valentin Chmerkovskiy,21,Social Media,0
30,2,Olivia Jade,rank,15.0,15.0,5.0,0.7333333333333333,7.967199838023891,0.5355200107984073,1.0,15.0,0.0666666666666666,1.0,0.2380952380952381,17.639999999999997,0,0,Valentin Chmerkovskiy,21,Social Media,0
30,3,Olivia Jade,rank,14.0,14.0,1.0,1.0,7.895348837209302,0.5074750830564784,1.0,14.0,0.0714285714285714,1.0,0.2368804664723032,17.82138698224852,0,0,Valentin Chmerkovskiy,21,Social Media,0
30,4,Olivia Jade,rank,13.0,13.0,2.0,0.9230769230769232,6.729713239780354,0.5592528277092035,1.0,13.0,0.0769230769230769,1.0,0.2354788069073783,18.03417777777777,0,0,Valentin Chmerkovskiy,21,Social Media,0
30,5,Olivia Jade,rank,11.0,11.0,3.0,0.8181818181818182,6.516129032258065,0.4985337243401759,1.75,9.25,0.25,0.9318181818181818,0.1739332096474953,33.05483377777779,0,0,Valentin Chmerkovskiy,21,Social Media,0
30,6,Olivia Jade,rank,10.0,10.0,5.0,0.6,5.33674723473986,0.5663252765260139,1.0,10.0,0.1,1.0,0.2295918367346938,18.97086419753086,0,0,Valentin Chmerkovskiy,21,Social Media,0
30,7,Olivia Jade,rank,9.0,9.0,1.0,1.0,4.965195411238577,0.5594227320846026,1.0,9.0,0.1111111111111111,1.0,0.2267573696145124,19.448100000000004,0,0,Valentin Chmerkovskiy,21,Social Media,0
30,8,Olivia Jade,rank,8.0,8.0,6.0,0.375,6.587889742431089,0.3015137821961139,4.0,8.0,0.125,0.625,0.1275510204081632,61.4656,0,0,Valentin Chmerkovskiy,21,Social Media,0
30,9,Olivia Jade,,,15.0,,,,,,,,,,,1,1,Valentin Chmerkovskiy,21,Social Media,1
30,10,Olivia Jade,,,15.0,,,,,,,,,,,1,1,Valentin Chmerkovskiy,21,Social Media,1
30,1,Suni Lee,rank,15.0,15.0,2.0,0.9333333333333332,8.0508,0.5299466666666667,1.0,15.0,0.0666666666666666,1.0,0.2380952380952381,17.639999999999997,0,0,Sasha Farber,18,Sports,0
30,2,Suni Lee,rank,15.0,15.0,4.0,0.8,7.922858878315448,0.5384760747789701,1.0,15.0,0.0666666666666666,1.0,0.2380952380952381,17.639999999999997,0,0,Sasha Farber,18,Sports,0
30,3,Suni Lee,rank,14.0,14.0,7.0,0.5714285714285714,8.11046511627907,0.492109634551495,1.0,13.0,0.1428571428571428,1.0,0.2186588921282799,20.91537777777777,0,0,Sasha Farber,18,Sports,0
30,4,Suni Lee,rank,13.0,13.0,4.0,0.7692307692307693,6.889566809029897,0.5469563993053925,1.0,13.0,0.0769230769230769,1.0,0.2354788069073783,18.03417777777777,0,0,Sasha Farber,18,Sports,0
30,5,Suni Lee,rank,11.0,11.0,3.0,0.8181818181818182,5.451612903225806,0.5953079178885631,1.0,10.0,0.1818181818181818,1.0,0.2087198515769944,22.954745679012348,0,0,Sasha Farber,18,Sports,0
30,6,Suni Lee,rank,10.0,10.0,5.0,0.6,5.39287177386317,0.5607128226136829,1.0,10.0,0.1,1.0,0.2295918367346938,18.97086419753086,0,0,Sasha Farber,18,Sports,0
30,7,Suni Lee,rank,9.0,9.0,6.0,0.4444444444444444,4.773478514485709,0.5807246095015879,1.0,9.0,0.1111111111111111,1.0,0.2267573696145124,19.448100000000004,0,0,Sasha Farber,18,Sports,0
30,8,Suni Lee,rank,8.0,8.0,1.0,1.0,4.434704021690013,0.5706619972887483,1.0,8.0,0.125,1.0,0.2232142857142857,20.0704,0,0,Sasha Farber,18,Sports,0
30,9,Suni Lee,rank,6.0,6.0,3.0,0.6666666666666666,5.497095435684647,0.2504840940525588,4.0,6.0,0.1666666666666666,0.5,0.0850340136054421,138.29759999999996,0,0,Sasha Farber,18,Sports,0
30,10,Suni Lee,,,15.0,,,,,,,,,,,1,1,Sasha Farber,18,Sports,1
31,1,Charli D'Amelio,rank,16.0,16.0,1.0,1.0,8.407900040306329,0.5370062474808545,1.0,16.0,0.0625,1.0,0.2391581632653061,17.483548444444445,0,0,Mark Ballas,18,Social Media,0
31,2,Charli D'Amelio,rank,15.0,15.0,1.0,1.0,7.919717138103161,0.5386855241264559,1.0,15.0,0.0666666666666666,1.0,0.2380952380952381,17.639999999999997,0,0,Mark Ballas,18,Social Media,0
31,3,Charli D'Amelio,rank,14.0,14.0,1.0,1.0,7.482608695652174,0.5369565217391304,1.0,14.0,0.0714285714285714,1.0,0.2368804664723032,17.82138698224852,0,0,Mark Ballas,18,Social Media,0
31,4,Charli D'Amelio,rank,13.0,13.0,1.0,1.0,7.018994172242607,0.5370004482890303,1.0,13.0,0.0769230769230769,1.0,0.2354788069073783,18.03417777777777,0,0,Mark Ballas,18,Social Media,0
31,5,Charli D'Amelio,rank,12.0,12.0,1.0,1.0,6.493907392363932,0.5421743839696723,1.0,12.0,0.0833333333333333,1.0,0.2338435374149659,18.287285950413228,0,0,Mark Ballas,18,Social Media,0
31,6,Charli D'Amelio,rank,10.0,10.0,1.0,1.0,5.491947291361639,0.550805270863836,1.0,10.0,0.1,1.0,0.2295918367346938,18.97086419753086,0,0,Mark Ballas,18,Social Media,0
31,7,Charli D'Amelio,rank,9.0,9.0,1.0,1.0,5.0668880455407965,0.548123550495467,1.0,9.0,0.1111111111111111,1.0,0.2267573696145124,19.448100000000004,0,0,Mark Ballas,18,Social Media,0
31,8,Charli D'Amelio,rank,8.0,8.0,1.0,1.0,4.401373283395755,0.5748283395755306,1.0,8.0,0.125,1.0,0.2232142857142857,20.0704,0,0,Mark Ballas,18,Social Media,0
31,9,Charli D'Amelio,rank,6.0,6.0,1.0,1.0,3.453400503778337,0.5910999160369438,1.0,6.0,0.1666666666666666,1.0,0.2125850340136054,22.127616,0,0,Mark Ballas,18,Social Media,0
31,10,Charli D'Amelio,rank,4.0,4.0,1.0,1.0,2.4882,0.62795,1.0,4.0,0.25,1.0,0.1913265306122449,27.31804444444445,0,0,Mark Ballas,18,Social Media,0
31,1,Cheryl Ladd,rank,16.0,16.0,10.0,0.4375,8.403466344216042,0.5372833534864974,1.0,16.0,0.0625,1.0,0.2391581632653061,17.483548444444445,0,0,Louis van Amstel,71,Entertainment,0
31,2,Cheryl Ladd,rank,15.0,15.0,15.0,0.0666666666666666,5.68594009983361,0.687603993344426,1.0,14.0,0.1333333333333333,1.0,0.2210884353741496,20.458224852071,0,0,Louis van Amstel,71,Entertainment,0
31,3,Cheryl Ladd,rank,14.0,14.0,13.0,0.1428571428571428,11.461739130434784,0.2527329192546582,7.0,14.0,0.0714285714285714,0.5714285714285714,0.1275510204081632,61.4656,0,0,Louis van Amstel,71,Entertainment,0
31,4,Cheryl Ladd,,,16.0,,,,,,,,,,,1,1,Louis van Amstel,71,Entertainment,1
31,5,Cheryl Ladd,,,16.0,,,,,,,,,,,1,1,Louis van Amstel,71,Entertainment,1
31,6,Cheryl Ladd,,,16.0,,,,,,,,,,,1,1,Louis van Amstel,71,Entertainment,1
31,7,Cheryl Ladd,,,16.0,,,,,,,,,,,1,1,Louis van Amstel,71,Entertainment,1
31,8,Cheryl Ladd,,,16.0,,,,,,,,,,,1,1,Louis van Amstel,71,Entertainment,1
31,9,Cheryl Ladd,,,16.0,,,,,,,,,,,1,1,Louis van Amstel,71,Entertainment,1
31,10,Cheryl Ladd,,,16.0,,,,,,,,,,,1,1,Louis van Amstel,71,Entertainment,1
31,1,Daniel Durant,rank,16.0,16.0,6.0,0.6875,8.517533252720677,0.5301541717049577,1.0,16.0,0.0625,1.0,0.2391581632653061,17.483548444444445,0,0,Britt Stewart,32,Entertainment,0
31,2,Daniel Durant,rank,15.0,15.0,5.0,0.7333333333333333,8.002911813643927,0.5331392124237382,1.0,15.0,0.0666666666666666,1.0,0.2380952380952381,17.639999999999997,0,0,Britt Stewart,32,Entertainment,0
31,3,Daniel Durant,rank,14.0,14.0,5.0,0.7142857142857143,7.67304347826087,0.5233540372670807,1.0,14.0,0.0714285714285714,1.0,0.2368804664723032,17.82138698224852,0,0,Britt Stewart,32,Entertainment,0
31,4,Daniel Durant,rank,13.0,13.0,9.0,0.3846153846153846,6.654003885171595,0.5650766242175697,1.0,13.0,0.0769230769230769,1.0,0.2354788069073783,18.03417777777777,0,0,Britt Stewart,32,Entertainment,0
31,5,Daniel Durant,rank,12.0,12.0,11.0,0.1666666666666666,5.609260763606824,0.615894936366098,1.0,12.0,0.0833333333333333,1.0,0.2338435374149659,18.287285950413228,0,0,Britt Stewart,32,Entertainment,0
31,6,Daniel Durant,rank,10.0,10.0,5.0,0.6,5.6608101512933136,0.5339189848706687,1.0,10.0,0.1,1.0,0.2295918367346938,18.97086419753086,0,0,Britt Stewart,32,Entertainment,0
31,7,Daniel Durant,rank,9.0,9.0,4.0,0.6666666666666666,4.982447817836812,0.5575057980181319,1.0,9.0,0.1111111111111111,1.0,0.2267573696145124,19.448100000000004,0,0,Britt Stewart,32,Entertainment,0
31,8,Daniel Durant,rank,8.0,8.0,5.0,0.5,3.5724094881398254,0.6784488139825218,1.0,8.0,0.125,1.0,0.2232142857142857,20.0704,0,0,Britt Stewart,32,Entertainment,0
31,9,Daniel Durant,rank,6.0,6.0,5.0,0.3333333333333333,4.872292191435768,0.3546179680940386,3.0,6.0,0.1666666666666666,0.6666666666666666,0.1275510204081632,61.4656,0,0,Britt Stewart,32,Entertainment,0
31,10,Daniel Durant,,,16.0,,,,,,,,,,,1,1,Britt Stewart,32,Entertainment,1
31,1,Gabby Windey,rank,16.0,16.0,3.0,0.875,8.631197097944376,0.5230501813784765,1.0,16.0,0.0625,1.0,0.2391581632653061,17.483548444444445,0,0,Valentin Chmerkovskiy,31,Media,0
31,2,Gabby Windey,rank,15.0,15.0,1.0,1.0,8.046173044925125,0.530255130338325,1.0,15.0,0.0666666666666666,1.0,0.2380952380952381,17.639999999999997,0,0,Valentin Chmerkovskiy,31,Media,0
31,3,Gabby Windey,rank,14.0,14.0,1.0,1.0,7.611739130434783,0.5277329192546584,1.0,14.0,0.0714285714285714,1.0,0.2368804664723032,17.82138698224852,0,0,Valentin Chmerkovskiy,31,Media,0
31,4,Gabby Windey,rank,13.0,13.0,1.0,1.0,6.9622274983811785,0.5413671155091401,1.0,13.0,0.0769230769230769,1.0,0.2354788069073783,18.03417777777777,0,0,Valentin Chmerkovskiy,31,Media,0
31,5,Gabby Windey,rank,12.0,12.0,2.0,0.9166666666666666,6.421608448415922,0.5481992959653398,1.0,12.0,0.0833333333333333,1.0,0.2338435374149659,18.287285950413228,0,0,Valentin Chmerkovskiy,31,Media,0
31,6,Gabby Windey,rank,10.0,10.0,2.0,0.9,5.526110297706198,0.5473889702293802,1.0,10.0,0.1,1.0,0.2295918367346938,18.97086419753086,0,0,Valentin Chmerkovskiy,31,Media,0
31,7,Gabby Windey,rank,9.0,9.0,6.0,0.4444444444444444,4.743358633776091,0.5840712629137677,1.0,9.0,0.1111111111111111,1.0,0.2267573696145124,19.448100000000004,0,0,Valentin Chmerkovskiy,31,Media,0
31,8,Gabby Windey,rank,8.0,8.0,4.0,0.625,4.042134831460674,0.6197331460674157,1.0,8.0,0.125,1.0,0.2232142857142857,20.0704,0,0,Valentin Chmerkovskiy,31,Media,0
31,9,Gabby Windey,rank,6.0,6.0,1.0,1.0,3.4193954659949624,0.5967674223341729,1.0,6.0,0.1666666666666666,1.0,0.2125850340136054,22.127616,0,0,Valentin Chmerkovskiy,31,Media,0
31,10,Gabby Windey,rank,4.0,4.0,1.0,1.0,2.4886,0.62785,1.0,4.0,0.25,1.0,0.1913265306122449,27.31804444444445,0,0,Valentin Chmerkovskiy,31,Media,0
31,1,Heidi D'Amelio,rank,16.0,16.0,8.0,0.5625,8.266827891979041,0.5458232567513099,1.0,16.0,0.0625,1.0,0.2391581632653061,17.483548444444445,0,0,Artem Chigvintsev,50,Social Media,0
31,2,Heidi D'Amelio,rank,15.0,15.0,6.0,0.6666666666666666,7.848585690515807,0.5434276206322795,1.0,15.0,0.0666666666666666,1.0,0.2380952380952381,17.639999999999997,0,0,Artem Chigvintsev,50,Social Media,0
31,3,Heidi D'Amelio,rank,14.0,14.0,4.0,0.7857142857142857,7.371304347826087,0.5449068322981366,1.0,14.0,0.0714285714285714,1.0,0.2368804664723032,17.82138698224852,0,0,Artem Chigvintsev,50,Social Media,0
31,4,Heidi D'Amelio,rank,13.0,13.0,4.0,0.7692307692307693,6.957478955320527,0.5417323880522672,1.0,13.0,0.0769230769230769,1.0,0.2354788069073783,18.03417777777777,0,0,Artem Chigvintsev,50,Social Media,0
31,5,Heidi D'Amelio,rank,12.0,12.0,5.0,0.6666666666666666,6.493095044679123,0.5422420796100731,1.0,12.0,0.0833333333333333,1.0,0.2338435374149659,18.287285950413228,0,0,Artem Chigvintsev,50,Social Media,0
31,6,Heidi D'Amelio,rank,10.0,10.0,3.0,0.8,5.6359199609565644,0.5364080039043435,1.0,10.0,0.1,1.0,0.2295918367346938,18.97086419753086,0,0,Artem Chigvintsev,50,Social Media,0
31,7,Heidi D'Amelio,rank,9.0,9.0,7.0,0.3333333333333333,4.727703984819734,0.5858106683533628,1.0,9.0,0.1111111111111111,1.0,0.2267573696145124,19.448100000000004,0,0,Artem Chigvintsev,50,Social Media,0
31,8,Heidi D'Amelio,rank,8.0,8.0,7.0,0.25,6.436953807740324,0.3203807740324594,4.0,8.0,0.125,0.625,0.1275510204081632,61.4656,0,0,Artem Chigvintsev,50,Social Media,0
31,9,Heidi D'Amelio,,,16.0,,,,,,,,,,,1,1,Artem Chigvintsev,50,Social Media,1
31,10,Heidi D'Amelio,,,16.0,,,,,,,,,,,1,1,Artem Chigvintsev,50,Social Media,1
31,1,Jason Lewis,rank,16.0,16.0,15.0,0.125,12.92341797662233,0.2547863764611043,8.0,16.0,0.0625,0.5625,0.1275510204081632,61.4656,0,0,Peta Murgatroyd,51,Entertainment,0
31,2,Jason Lewis,,,16.0,,,,,,,,,,,1,1,Peta Murgatroyd,51,Entertainment,1
31,3,Jason Lewis,,,16.0,,,,,,,,,,,1,1,Peta Murgatroyd,51,Entertainment,1
31,4,Jason Lewis,,,16.0,,,,,,,,,,,1,1,Peta Murgatroyd,51,Entertainment,1
31,5,Jason Lewis,,,16.0,,,,,,,,,,,1,1,Peta Murgatroyd,51,Entertainment,1
31,6,Jason Lewis,,,16.0,,,,,,,,,,,1,1,Peta Murgatroyd,51,Entertainment,1
31,7,Jason Lewis,,,16.0,,,,,,,,,,,1,1,Peta Murgatroyd,51,Entertainment,1
31,8,Jason Lewis,,,16.0,,,,,,,,,,,1,1,Peta Murgatroyd,51,Entertainment,1
31,9,Jason Lewis,,,16.0,,,,,,,,,,,1,1,Peta Murgatroyd,51,Entertainment,1
31,10,Jason Lewis,,,16.0,,,,,,,,,,,1,1,Peta Murgatroyd,51,Entertainment,1
31,1,Jessie James Decker,rank,16.0,16.0,12.0,0.3125,8.045143087464732,0.5596785570334543,1.0,16.0,0.0625,1.0,0.2391581632653061,17.483548444444445,0,0,Alan Bersten,34,Music,0
31,2,Jessie James Decker,rank,15.0,15.0,12.0,0.2666666666666666,7.259983361064892,0.5826677759290072,1.0,15.0,0.0666666666666666,1.0,0.2380952380952381,17.639999999999997,0,0,Alan Bersten,34,Music,0
31,3,Jessie James Decker,rank,14.0,14.0,11.0,0.2857142857142857,7.016086956521739,0.5702795031055901,1.0,14.0,0.0714285714285714,1.0,0.2368804664723032,17.82138698224852,0,0,Alan Bersten,34,Music,0
31,4,Jessie James Decker,rank,13.0,13.0,8.0,0.4615384615384615,6.817828620764084,0.5524747214796858,1.0,13.0,0.0769230769230769,1.0,0.2354788069073783,18.03417777777777,0,0,Alan Bersten,34,Music,0
31,5,Jessie James Decker,rank,12.0,12.0,7.0,0.5,6.588952071486596,0.5342539940427836,1.0,12.0,0.0833333333333333,1.0,0.2338435374149659,18.287285950413228,0,0,Alan Bersten,34,Music,0
31,6,Jessie James Decker,rank,10.0,10.0,9.0,0.2,7.296730112249878,0.3703269887750122,4.0,10.0,0.1,0.7,0.1530612244897959,42.684444444444445,0,0,Alan Bersten,34,Music,0
31,7,Jessie James Decker,,,16.0,,,,,,,,,,,1,1,Alan Bersten,34,Music,1
31,8,Jessie James Decker,,,16.0,,,,,,,,,,,1,1,Alan Bersten,34,Music,1
31,9,Jessie James Decker,,,16.0,,,,,,,,,,,1,1,Alan Bersten,34,Music,1
31,10,Jessie James Decker,,,16.0,,,,,,,,,,,1,1,Alan Bersten,34,Music,1
31,1,Jordin Sparks,rank,16.0,16.0,7.0,0.625,8.506650544135429,0.5308343409915357,1.0,16.0,0.0625,1.0,0.2391581632653061,17.483548444444445,0,0,Brandon Armstrong,32,Music,0
31,2,Jordin Sparks,rank,15.0,15.0,9.0,0.4666666666666667,7.978785357737105,0.5347476428175263,1.0,15.0,0.0666666666666666,1.0,0.2380952380952381,17.639999999999997,0,0,Brandon Armstrong,32,Music,0
31,3,Jordin Sparks,rank,14.0,14.0,7.0,0.5714285714285714,7.367826086956522,0.5451552795031056,1.0,14.0,0.0714285714285714,1.0,0.2368804664723032,17.82138698224852,0,0,Brandon Armstrong,32,Music,0
31,4,Jordin Sparks,rank,13.0,13.0,4.0,0.7692307692307693,7.045542844808979,0.5349582427070015,1.0,13.0,0.0769230769230769,1.0,0.2354788069073783,18.03417777777777,0,0,Brandon Armstrong,32,Music,0
31,5,Jordin Sparks,rank,12.0,12.0,9.0,0.3333333333333333,6.222583265637693,0.5647847278635255,1.0,12.0,0.0833333333333333,1.0,0.2338435374149659,18.287285950413228,0,0,Brandon Armstrong,32,Music,0
31,6,Jordin Sparks,rank,10.0,10.0,5.0,0.6,5.640800390434358,0.5359199609565641,1.0,10.0,0.1,1.0,0.2295918367346938,18.97086419753086,0,0,Brandon Armstrong,32,Music,0
31,7,Jordin Sparks,rank,9.0,9.0,8.0,0.2222222222222222,7.065939278937382,0.3260067467847353,4.0,9.0,0.1111111111111111,0.6666666666666666,0.1417233560090703,49.787136,0,0,Brandon Armstrong,32,Music,0
31,8,Jordin Sparks,,,16.0,,,,,,,,,,,1,1,Brandon Armstrong,32,Music,1
31,9,Jordin Sparks,,,16.0,,,,,,,,,,,1,1,Brandon Armstrong,32,Music,1
31,10,Jordin Sparks,,,16.0,,,,,,,,,,,1,1,Brandon Armstrong,32,Music,1
31,1,Joseph Baena,rank,16.0,16.0,9.0,0.5,8.273276904474002,0.5454201934703748,1.0,16.0,0.0625,1.0,0.2391581632653061,17.483548444444445,0,0,Daniella Karagach,24,Entertainment,0
31,2,Joseph Baena,rank,15.0,15.0,13.0,0.2,7.136023294509151,0.5909317803660566,1.0,15.0,0.0666666666666666,1.0,0.2380952380952381,17.639999999999997,0,0,Daniella Karagach,24,Entertainment,0
31,3,Joseph Baena,rank,14.0,14.0,7.0,0.5714285714285714,7.367391304347826,0.5451863354037267,1.0,14.0,0.0714285714285714,1.0,0.2368804664723032,17.82138698224852,0,0,Daniella Karagach,24,Entertainment,0
31,4,Joseph Baena,rank,13.0,13.0,11.0,0.2307692307692307,6.398877617094755,0.5847017217619419,1.0,13.0,0.0769230769230769,1.0,0.2354788069073783,18.03417777777777,0,0,Daniella Karagach,24,Entertainment,0
31,5,Joseph Baena,rank,12.0,12.0,10.0,0.25,9.916328188464664,0.2569726509612779,7.0,12.0,0.0833333333333333,0.5,0.1062925170068027,88.510464,0,0,Daniella Karagach,24,Entertainment,0
31,6,Joseph Baena,,,16.0,,,,,,,,,,,1,1,Daniella Karagach,24,Entertainment,1
31,7,Joseph Baena,,,16.0,,,,,,,,,,,1,1,Daniella Karagach,24,Entertainment,1
31,8,Joseph Baena,,,16.0,,,,,,,,,,,1,1,Daniella Karagach,24,Entertainment,1
31,9,Joseph Baena,,,16.0,,,,,,,,,,,1,1,Daniella Karagach,24,Entertainment,1
31,10,Joseph Baena,,,16.0,,,,,,,,,,,1,1,Daniella Karagach,24,Entertainment,1
31,1,Sam Champion,rank,16.0,16.0,12.0,0.3125,7.920999596936719,0.5674375251914551,1.0,16.0,0.0625,1.0,0.2391581632653061,17.483548444444445,0,0,Cheryl Burke,61,Other,0
31,2,Sam Champion,rank,15.0,15.0,11.0,0.3333333333333333,8.038269550748753,0.5307820299500832,1.0,15.0,0.0666666666666666,1.0,0.2380952380952381,17.639999999999997,0,0,Cheryl Burke,61,Other,0
31,3,Sam Champion,rank,14.0,14.0,12.0,0.2142857142857142,6.677391304347826,0.594472049689441,1.0,14.0,0.0714285714285714,1.0,0.2368804664723032,17.82138698224852,0,0,Cheryl Burke,61,Other,0
31,4,Sam Champion,rank,13.0,13.0,13.0,0.0769230769230769,9.846104036261602,0.3195304587491075,5.0,13.0,0.0769230769230769,0.6923076923076923,0.1569858712715855,40.5769,0,0,Cheryl Burke,61,Other,0
31,5,Sam Champion,,,16.0,,,,,,,,,,,1,1,Cheryl Burke,61,Other,1
31,6,Sam Champion,,,16.0,,,,,,,,,,,1,1,Cheryl Burke,61,Other,1
31,7,Sam Champion,,,16.0,,,,,,,,,,,1,1,Cheryl Burke,61,Other,1
31,8,Sam Champion,,,16.0,,,,,,,,,,,1,1,Cheryl Burke,61,Other,1
31,9,Sam Champion,,,16.0,,,,,,,,,,,1,1,Cheryl Burke,61,Other,1
31,10,Sam Champion,,,16.0,,,,,,,,,,,1,1,Cheryl Burke,61,Other,1
31,1,Selma Blair,rank,16.0,16.0,3.0,0.875,8.438935912938332,0.5350665054413543,1.0,16.0,0.0625,1.0,0.2391581632653061,17.483548444444445,0,0,Sasha Farber,50,Entertainment,0
31,2,Selma Blair,rank,15.0,15.0,6.0,0.6666666666666666,8.000415973377704,0.5333056017748198,1.0,15.0,0.0666666666666666,1.0,0.2380952380952381,17.639999999999997,0,0,Sasha Farber,50,Entertainment,0
31,3,Selma Blair,rank,14.0,14.0,9.0,0.4285714285714285,7.2986956521739135,0.5500931677018633,1.0,14.0,0.0714285714285714,1.0,0.2368804664723032,17.82138698224852,0,0,Sasha Farber,50,Entertainment,0
31,4,Selma Blair,rank,13.0,13.0,6.0,0.6153846153846154,6.948197712065617,0.5424463298411064,1.0,13.0,0.0769230769230769,1.0,0.2354788069073783,18.03417777777777,0,0,Sasha Farber,50,Entertainment,0
31,5,Selma Blair,rank,12.0,12.0,4.0,0.75,6.416734362307068,0.5486054698077444,1.0,12.0,0.0833333333333333,1.0,0.2338435374149659,18.287285950413228,0,0,Sasha Farber,50,Entertainment,0
31,6,Selma Blair,,,16.0,,,,,,,,,,,1,1,Sasha Farber,50,Entertainment,1
31,7,Selma Blair,,,16.0,,,,,,,,,,,1,1,Sasha Farber,50,Entertainment,1
31,8,Selma Blair,,,16.0,,,,,,,,,,,1,1,Sasha Farber,50,Entertainment,1
31,9,Selma Blair,,,16.0,,,,,,,,,,,1,1,Sasha Farber,50,Entertainment,1
31,10,Selma Blair,,,16.0,,,,,,,,,,,1,1,Sasha Farber,50,Entertainment,1
31,1,Shangela,rank,16.0,16.0,3.0,0.875,8.386134623135833,0.5383665860540104,1.0,16.0,0.0625,1.0,0.2391581632653061,17.483548444444445,0,0,Gleb Savchenko,40,Media,0
31,2,Shangela,rank,15.0,15.0,6.0,0.6666666666666666,8.096505823627288,0.5268996117581808,1.0,15.0,0.0666666666666666,1.0,0.2380952380952381,17.639999999999997,0,0,Gleb Savchenko,40,Media,0
31,3,Shangela,rank,14.0,14.0,6.0,0.6428571428571429,7.502173913043478,0.5355590062111801,1.0,14.0,0.0714285714285714,1.0,0.2368804664723032,17.82138698224852,0,0,Gleb Savchenko,40,Media,0
31,4,Shangela,rank,13.0,13.0,6.0,0.6153846153846154,6.778976904813296,0.5554633150143619,1.0,13.0,0.0769230769230769,1.0,0.2354788069073783,18.03417777777777,0,0,Gleb Savchenko,40,Media,0
31,5,Shangela,rank,12.0,12.0,6.0,0.5833333333333334,6.699431356620634,0.5250473869482805,1.0,12.0,0.0833333333333333,1.0,0.2338435374149659,18.287285950413228,0,0,Gleb Savchenko,40,Media,0
31,6,Shangela,rank,10.0,10.0,3.0,0.8,5.468033186920449,0.5531966813079551,1.0,10.0,0.1,1.0,0.2295918367346938,18.97086419753086,0,0,Gleb Savchenko,40,Media,0
31,7,Shangela,rank,9.0,9.0,4.0,0.6666666666666666,5.009013282732448,0.5545540796963947,1.0,9.0,0.1111111111111111,1.0,0.2267573696145124,19.448100000000004,0,0,Gleb Savchenko,40,Media,0
31,8,Shangela,rank,8.0,8.0,3.0,0.75,4.207553058676655,0.5990558676654181,1.0,8.0,0.125,1.0,0.2232142857142857,20.0704,0,0,Gleb Savchenko,40,Media,0
31,9,Shangela,rank,6.0,6.0,3.0,0.6666666666666666,2.796977329974811,0.7005037783375315,1.0,6.0,0.1666666666666666,1.0,0.2125850340136054,22.127616,0,0,Gleb Savchenko,40,Media,0
31,10,Shangela,rank,4.0,4.0,3.0,0.5,2.515,0.62125,1.0,4.0,0.25,1.0,0.1913265306122449,27.31804444444445,0,0,Gleb Savchenko,40,Media,0
31,1,Teresa Giudice,rank,16.0,16.0,12.0,0.3125,7.79322853688029,0.575423216444982,1.0,16.0,0.0625,1.0,0.2391581632653061,17.483548444444445,0,0,Pasha Pashkov,50,Media,0
31,2,Teresa Giudice,rank,15.0,15.0,14.0,0.1333333333333333,11.944259567387688,0.2703826955074875,7.0,15.0,0.0666666666666666,0.6,0.1360544217687075,54.02249999999999,0,0,Pasha Pashkov,50,Media,0
31,3,Teresa Giudice,,,16.0,,,,,,,,,,,1,1,Pasha Pashkov,50,Media,1
31,4,Teresa Giudice,,,16.0,,,,,,,,,,,1,1,Pasha Pashkov,50,Media,1
31,5,Teresa Giudice,,,16.0,,,,,,,,,,,1,1,Pasha Pashkov,50,Media,1
31,6,Teresa Giudice,,,16.0,,,,,,,,,,,1,1,Pasha Pashkov,50,Media,1
31,7,Teresa Giudice,,,16.0,,,,,,,,,,,1,1,Pasha Pashkov,50,Media,1
31,8,Teresa Giudice,,,16.0,,,,,,,,,,,1,1,Pasha Pashkov,50,Media,1
31,9,Teresa Giudice,,,16.0,,,,,,,,,,,1,1,Pasha Pashkov,50,Media,1
31,10,Teresa Giudice,,,16.0,,,,,,,,,,,1,1,Pasha Pashkov,50,Media,1
31,1,Trevor Donovan,rank,16.0,16.0,10.0,0.4375,8.39782345828295,0.5376360338573156,1.0,16.0,0.0625,1.0,0.2391581632653061,17.483548444444445,0,0,Emma Slater,39,Entertainment,0
31,2,Trevor Donovan,rank,15.0,15.0,4.0,0.8,8.067803660565724,0.5288130892956183,1.0,15.0,0.0666666666666666,1.0,0.2380952380952381,17.639999999999997,0,0,Emma Slater,39,Entertainment,0
31,3,Trevor Donovan,rank,14.0,14.0,10.0,0.3571428571428571,7.14304347826087,0.5612111801242236,1.0,14.0,0.0714285714285714,1.0,0.2368804664723032,17.82138698224852,0,0,Emma Slater,39,Entertainment,0
31,4,Trevor Donovan,rank,13.0,13.0,11.0,0.2307692307692307,6.2682926829268295,0.5947467166979362,1.0,13.0,0.0769230769230769,1.0,0.2354788069073783,18.03417777777777,0,0,Emma Slater,39,Entertainment,0
31,5,Trevor Donovan,rank,12.0,12.0,7.0,0.5,6.484971567831032,0.5429190360140806,1.0,12.0,0.0833333333333333,1.0,0.2338435374149659,18.287285950413228,0,0,Emma Slater,39,Entertainment,0
31,6,Trevor Donovan,rank,10.0,10.0,5.0,0.6,5.473401659346022,0.5526598340653978,1.0,10.0,0.1,1.0,0.2295918367346938,18.97086419753086,0,0,Emma Slater,39,Entertainment,0
31,7,Trevor Donovan,rank,9.0,9.0,1.0,1.0,5.035578747628083,0.5516023613746575,1.0,9.0,0.1111111111111111,1.0,0.2267573696145124,19.448100000000004,0,0,Emma Slater,39,Entertainment,0
31,8,Trevor Donovan,rank,8.0,8.0,5.0,0.5,3.42103620474407,0.6973704744069913,1.0,7.0,0.25,1.0,0.1913265306122449,27.31804444444445,0,0,Emma Slater,39,Entertainment,0
31,9,Trevor Donovan,rank,6.0,6.0,6.0,0.1666666666666666,3.893702770780856,0.5177162048698574,1.0,6.0,0.1666666666666666,1.0,0.2125850340136054,22.127616,0,0,Emma Slater,39,Entertainment,0
31,10,Trevor Donovan,,,16.0,,,,,,,,,,,1,1,Emma Slater,39,Entertainment,1
31,1,Vinny Guadagnino,rank,16.0,16.0,16.0,0.0625,6.549375251914551,0.6531640467553406,1.0,16.0,0.0625,1.0,0.2391581632653061,17.483548444444445,0,0,Koko Iwasaki,34,Media,0
31,2,Vinny Guadagnino,rank,15.0,15.0,9.0,0.4666666666666667,7.914725457570715,0.5390183028286191,1.0,15.0,0.0666666666666666,1.0,0.2380952380952381,17.639999999999997,0,0,Koko Iwasaki,34,Media,0
31,3,Vinny Guadagnino,rank,14.0,14.0,14.0,0.0714285714285714,5.553913043478261,0.6747204968944099,1.0,14.0,0.0714285714285714,1.0,0.2368804664723032,17.82138698224852,0,0,Koko Iwasaki,34,Media,0
31,4,Vinny Guadagnino,rank,13.0,13.0,9.0,0.3846153846153846,6.453701705158645,0.5804844842185658,1.0,13.0,0.0769230769230769,1.0,0.2354788069073783,18.03417777777777,0,0,Koko Iwasaki,34,Media,0
31,5,Vinny Guadagnino,rank,12.0,12.0,12.0,0.0833333333333333,3.9910641754671,0.7507446520444083,1.0,11.0,0.1666666666666666,1.0,0.2125850340136054,22.127616,0,0,Koko Iwasaki,34,Media,0
31,6,Vinny Guadagnino,rank,10.0,10.0,10.0,0.1,3.061493411420205,0.7938506588579795,1.0,10.0,0.1,1.0,0.2295918367346938,18.97086419753086,0,0,Koko Iwasaki,34,Media,0
31,7,Vinny Guadagnino,rank,9.0,9.0,9.0,0.1111111111111111,3.378557874762808,0.7357157916930213,1.0,9.0,0.1111111111111111,1.0,0.2267573696145124,19.448100000000004,0,0,Koko Iwasaki,34,Media,0
31,8,Vinny Guadagnino,rank,8.0,8.0,8.0,0.125,5.553995006242197,0.4307506242197253,2.0,8.0,0.125,0.875,0.1913265306122449,27.31804444444445,0,0,Koko Iwasaki,34,Media,0
31,9,Vinny Guadagnino,,,16.0,,,,,,,,,,,1,1,Koko Iwasaki,34,Media,1
31,10,Vinny Guadagnino,,,16.0,,,,,,,,,,,1,1,Koko Iwasaki,34,Media,1
31,1,Wayne Brady,rank,16.0,16.0,2.0,0.9375,8.538089480048368,0.528869407496977,1.0,16.0,0.0625,1.0,0.2391581632653061,17.483548444444445,0,0,Witney Carson,50,Entertainment,0
31,2,Wayne Brady,rank,15.0,15.0,1.0,1.0,8.059900166389351,0.5293399889073765,1.0,15.0,0.0666666666666666,1.0,0.2380952380952381,17.639999999999997,0,0,Witney Carson,50,Entertainment,0
31,3,Wayne Brady,rank,14.0,14.0,1.0,1.0,7.47304347826087,0.537639751552795,1.0,14.0,0.0714285714285714,1.0,0.2368804664723032,17.82138698224852,0,0,Witney Carson,50,Entertainment,0
31,4,Wayne Brady,rank,13.0,13.0,1.0,1.0,6.849773364990287,0.5500174334622856,1.0,13.0,0.0769230769230769,1.0,0.2354788069073783,18.03417777777777,0,0,Witney Carson,50,Entertainment,0
31,5,Wayne Brady,rank,12.0,12.0,2.0,0.9166666666666666,6.662063363119415,0.5281613864067154,1.0,12.0,0.0833333333333333,1.0,0.2338435374149659,18.287285950413228,0,0,Witney Carson,50,Entertainment,0
31,6,Wayne Brady,rank,10.0,10.0,5.0,0.6,5.744753538311372,0.5255246461688629,1.0,10.0,0.1,1.0,0.2295918367346938,18.97086419753086,0,0,Witney Carson,50,Entertainment,0
31,7,Wayne Brady,rank,9.0,9.0,3.0,0.7777777777777778,4.990512333965844,0.5566097406704618,1.0,9.0,0.1111111111111111,1.0,0.2267573696145124,19.448100000000004,0,0,Witney Carson,50,Entertainment,0
31,8,Wayne Brady,rank,8.0,8.0,1.0,1.0,4.364544319600499,0.5794319600499376,1.0,8.0,0.125,1.0,0.2232142857142857,20.0704,0,0,Witney Carson,50,Entertainment,0
31,9,Wayne Brady,rank,6.0,6.0,3.0,0.6666666666666666,2.5642317380352644,0.739294710327456,1.0,5.0,0.3333333333333333,1.0,0.1700680272108843,34.57439999999999,0,0,Witney Carson,50,Entertainment,0
31,10,Wayne Brady,rank,4.0,4.0,3.0,0.5,2.5082,0.62295,1.0,4.0,0.25,1.0,0.1913265306122449,27.31804444444445,0,0,Witney Carson,50,Entertainment,0
32,1,Adrian Peterson,rank,14.0,14.0,5.0,0.7142857142857143,7.444444444444445,0.5396825396825397,1.0,14.0,0.0714285714285714,1.0,0.2368804664723032,17.82138698224852,0,0,Britt Stewart,38,Sports,0
32,2,Adrian Peterson,rank,13.0,13.0,10.0,0.3076923076923077,6.319338422391858,0.5908201213544725,1.0,13.0,0.0769230769230769,1.0,0.2354788069073783,18.03417777777777,0,0,Britt Stewart,38,Sports,0
32,3,Adrian Peterson,rank,12.0,12.0,11.0,0.1666666666666666,5.761568790205437,0.6032026008162136,1.0,12.0,0.0833333333333333,1.0,0.2338435374149659,18.287285950413228,0,0,Britt Stewart,38,Sports,0
32,4,Adrian Peterson,rank,11.0,11.0,6.0,0.5454545454545454,10.18295739348371,0.1651856915014809,8.0,11.0,0.0909090909090909,0.3636363636363636,0.0695732838589981,206.5927111111112,0,0,Britt Stewart,38,Sports,0
32,5,Adrian Peterson,,,14.0,,,,,,,,,,,1,1,Britt Stewart,38,Sports,1
32,6,Adrian Peterson,,,14.0,,,,,,,,,,,1,1,Britt Stewart,38,Sports,1
32,7,Adrian Peterson,,,14.0,,,,,,,,,,,1,1,Britt Stewart,38,Sports,1
32,8,Adrian Peterson,,,14.0,,,,,,,,,,,1,1,Britt Stewart,38,Sports,1
32,9,Adrian Peterson,,,14.0,,,,,,,,,,,1,1,Britt Stewart,38,Sports,1
32,10,Adrian Peterson,,,14.0,,,,,,,,,,,1,1,Britt Stewart,38,Sports,1
32,11,Adrian Peterson,,,14.0,,,,,,,,,,,1,1,Britt Stewart,38,Sports,1
32,1,Alyson Hannigan,rank,14.0,14.0,11.0,0.2857142857142857,6.708955223880597,0.5922174840085288,1.0,14.0,0.0714285714285714,1.0,0.2368804664723032,17.82138698224852,0,0,Sasha Farber,49,Entertainment,0
32,2,Alyson Hannigan,rank,13.0,13.0,6.0,0.6153846153846154,7.156488549618321,0.5264239577216676,1.0,13.0,0.0769230769230769,1.0,0.2354788069073783,18.03417777777777,0,0,Sasha Farber,49,Entertainment,0
32,3,Alyson Hannigan,rank,12.0,12.0,8.0,0.4166666666666667,6.159991699522722,0.5700006917064399,1.0,12.0,0.0833333333333333,1.0,0.2338435374149659,18.287285950413228,0,0,Sasha Farber,49,Entertainment,0
32,4,Alyson Hannigan,rank,11.0,11.0,10.0,0.1818181818181818,4.225563909774436,0.706766917293233,1.0,11.0,0.0909090909090909,1.0,0.2319109461966604,18.593344,0,0,Sasha Farber,49,Entertainment,0
32,5,Alyson Hannigan,rank,10.0,10.0,9.0,0.2,5.095933926302414,0.5904066073697586,1.0,10.0,0.1,1.0,0.2295918367346938,18.97086419753086,0,0,Sasha Farber,49,Entertainment,0
32,6,Alyson Hannigan,rank,9.0,9.0,8.0,0.2222222222222222,3.941926345609065,0.673119294932326,1.0,9.0,0.1111111111111111,1.0,0.2267573696145124,19.448100000000004,0,0,Sasha Farber,49,Entertainment,0
32,7,Alyson Hannigan,rank,8.0,8.0,6.0,0.375,4.292079207920792,0.588490099009901,1.0,8.0,0.125,1.0,0.2232142857142857,20.0704,0,0,Sasha Farber,49,Entertainment,0
32,8,Alyson Hannigan,rank,7.0,7.0,4.0,0.5714285714285714,4.326829268292683,0.5247386759581881,1.0,7.0,0.1428571428571428,1.0,0.2186588921282799,20.91537777777777,0,0,Sasha Farber,49,Entertainment,0
32,9,Alyson Hannigan,rank,6.0,6.0,5.0,0.3333333333333333,3.086235241369004,0.6522941264384994,1.0,6.0,0.1666666666666666,1.0,0.2125850340136054,22.127616,0,0,Sasha Farber,49,Entertainment,0
32,10,Alyson Hannigan,rank,5.0,5.0,5.0,0.2,2.9787,0.60426,1.0,5.0,0.2,1.0,0.2040816326530612,24.01,0,0,Sasha Farber,49,Entertainment,0
32,11,Alyson Hannigan,rank,5.0,5.0,5.0,0.2,3.0129,0.59742,1.0,5.0,0.2,1.0,0.2040816326530612,24.01,0,0,Sasha Farber,49,Entertainment,0
32,1,Ariana Madix,rank,14.0,14.0,2.0,0.9285714285714286,7.427860696517411,0.5408670931058992,1.0,14.0,0.0714285714285714,1.0,0.2368804664723032,17.82138698224852,0,0,Pasha Pashkov,38,Media,0
32,2,Ariana Madix,rank,13.0,13.0,5.0,0.6923076923076923,7.00763358778626,0.5378743394010569,1.0,13.0,0.0769230769230769,1.0,0.2354788069073783,18.03417777777777,0,0,Pasha Pashkov,38,Media,0
32,3,Ariana Madix,rank,12.0,12.0,1.0,1.0,6.4422079269558,0.5464826727536833,1.0,12.0,0.0833333333333333,1.0,0.2338435374149659,18.287285950413228,0,0,Pasha Pashkov,38,Media,0
32,4,Ariana Madix,rank,11.0,11.0,2.0,0.9090909090909092,6.18796992481203,0.5283663704716336,1.0,11.0,0.0909090909090909,1.0,0.2319109461966604,18.593344,0,0,Pasha Pashkov,38,Media,0
32,5,Ariana Madix,rank,10.0,10.0,4.0,0.7,5.48856416772554,0.5511435832274459,1.0,10.0,0.1,1.0,0.2295918367346938,18.97086419753086,0,0,Pasha Pashkov,38,Media,0
32,6,Ariana Madix,rank,9.0,9.0,2.0,0.8888888888888888,5.043909348441926,0.5506767390620082,1.0,9.0,0.1111111111111111,1.0,0.2267573696145124,19.448100000000004,0,0,Pasha Pashkov,38,Media,0
32,7,Ariana Madix,rank,8.0,8.0,1.0,1.0,4.7772277227722775,0.5278465346534653,1.0,8.0,0.125,1.0,0.2232142857142857,20.0704,0,0,Pasha Pashkov,38,Media,0
32,8,Ariana Madix,rank,7.0,7.0,1.0,1.0,4.036585365853658,0.5662020905923345,1.0,7.0,0.1428571428571428,1.0,0.2186588921282799,20.91537777777777,0,0,Pasha Pashkov,38,Media,0
32,9,Ariana Madix,rank,6.0,6.0,4.0,0.5,3.399491854730235,0.6000846908782942,1.0,6.0,0.1666666666666666,1.0,0.2125850340136054,22.127616,0,0,Pasha Pashkov,38,Media,0
32,10,Ariana Madix,rank,5.0,5.0,3.0,0.6,3.0294,0.59412,1.0,5.0,0.2,1.0,0.2040816326530612,24.01,0,0,Pasha Pashkov,38,Media,0
32,11,Ariana Madix,rank,5.0,5.0,3.0,0.6,3.0161,0.5967800000000001,1.0,5.0,0.2,1.0,0.2040816326530612,24.01,0,0,Pasha Pashkov,38,Media,0
32,1,Barry Williams,rank,14.0,14.0,8.0,0.5,7.393449419568823,0.5433250414593698,1.0,14.0,0.0714285714285714,1.0,0.2368804664723032,17.82138698224852,0,0,Peta Murgatroyd,68,Entertainment,0
32,2,Barry Williams,rank,13.0,13.0,10.0,0.3076923076923077,6.684478371501272,0.5627324329614406,1.0,13.0,0.0769230769230769,1.0,0.2354788069073783,18.03417777777777,0,0,Peta Murgatroyd,68,Entertainment,0
32,3,Barry Williams,rank,12.0,12.0,7.0,0.5,6.367711143390745,0.5526907380507712,1.0,12.0,0.0833333333333333,1.0,0.2338435374149659,18.287285950413228,0,0,Peta Murgatroyd,68,Entertainment,0
32,4,Barry Williams,rank,11.0,11.0,10.0,0.1818181818181818,4.233082706766917,0.7060833902939166,1.0,11.0,0.0909090909090909,1.0,0.2319109461966604,18.593344,0,0,Peta Murgatroyd,68,Entertainment,0
32,5,Barry Williams,rank,10.0,10.0,4.0,0.7,5.513341804320203,0.5486658195679797,1.0,10.0,0.1,1.0,0.2295918367346938,18.97086419753086,0,0,Peta Murgatroyd,68,Entertainment,0
32,6,Barry Williams,rank,9.0,9.0,7.0,0.3333333333333333,4.664305949008498,0.5928548945546113,1.0,9.0,0.1111111111111111,1.0,0.2267573696145124,19.448100000000004,0,0,Peta Murgatroyd,68,Entertainment,0
32,7,Barry Williams,rank,8.0,8.0,7.0,0.25,3.084158415841584,0.739480198019802,1.0,8.0,0.125,1.0,0.2232142857142857,20.0704,0,0,Peta Murgatroyd,68,Entertainment,0
32,8,Barry Williams,rank,7.0,7.0,5.0,0.4285714285714285,5.871951219512195,0.304006968641115,4.0,7.0,0.1428571428571428,0.5714285714285714,0.1093294460641399,83.66151111111112,0,0,Peta Murgatroyd,68,Entertainment,0
32,9,Barry Williams,,,14.0,,,,,,,,,,,1,1,Peta Murgatroyd,68,Entertainment,1
32,10,Barry Williams,,,14.0,,,,,,,,,,,1,1,Peta Murgatroyd,68,Entertainment,1
32,11,Barry Williams,,,14.0,,,,,,,,,,,1,1,Peta Murgatroyd,68,Entertainment,1
32,1,Charity Lawson,rank,14.0,14.0,1.0,1.0,7.422885572139304,0.5412224591329069,1.0,14.0,0.0714285714285714,1.0,0.2368804664723032,17.82138698224852,0,0,Artem Chigvintsev,27,Media,0
32,2,Charity Lawson,rank,13.0,13.0,3.0,0.8461538461538461,6.852417302798982,0.5498140536308476,1.0,13.0,0.0769230769230769,1.0,0.2354788069073783,18.03417777777777,0,0,Artem Chigvintsev,27,Media,0
32,3,Charity Lawson,rank,12.0,12.0,3.0,0.8333333333333334,6.4727121809504045,0.5439406515874663,1.0,12.0,0.0833333333333333,1.0,0.2338435374149659,18.287285950413228,0,0,Artem Chigvintsev,27,Media,0
32,4,Charity Lawson,rank,11.0,11.0,3.0,0.8181818181818182,6.142857142857143,0.5324675324675324,1.0,11.0,0.0909090909090909,1.0,0.2319109461966604,18.593344,0,0,Artem Chigvintsev,27,Media,0
32,5,Charity Lawson,rank,10.0,10.0,1.0,1.0,5.49428208386277,0.5505717916137229,1.0,10.0,0.1,1.0,0.2295918367346938,18.97086419753086,0,0,Artem Chigvintsev,27,Media,0
32,6,Charity Lawson,rank,9.0,9.0,4.0,0.6666666666666666,5.086402266288951,0.545955303745672,1.0,9.0,0.1111111111111111,1.0,0.2267573696145124,19.448100000000004,0,0,Artem Chigvintsev,27,Media,0
32,7,Charity Lawson,rank,8.0,8.0,4.0,0.625,4.628712871287129,0.5464108910891089,1.0,7.0,0.25,1.0,0.1913265306122449,27.31804444444445,0,0,Artem Chigvintsev,27,Media,0
32,8,Charity Lawson,rank,7.0,7.0,3.0,0.7142857142857143,4.43780487804878,0.5088850174216029,1.0,7.0,0.1428571428571428,1.0,0.2186588921282799,20.91537777777777,0,0,Artem Chigvintsev,27,Media,0
32,9,Charity Lawson,rank,6.0,6.0,3.0,0.6666666666666666,3.451203108653415,0.5914661485577641,1.0,6.0,0.1666666666666666,1.0,0.2125850340136054,22.127616,0,0,Artem Chigvintsev,27,Media,0
32,10,Charity Lawson,rank,5.0,5.0,2.0,0.8,2.9733,0.60534,1.0,5.0,0.2,1.0,0.2040816326530612,24.01,0,0,Artem Chigvintsev,27,Media,0
32,11,Charity Lawson,rank,5.0,5.0,3.0,0.6,2.9697,0.60606,1.0,5.0,0.2,1.0,0.2040816326530612,24.01,0,0,Artem Chigvintsev,27,Media,0
32,1,Harry Jowsey,rank,14.0,14.0,12.0,0.2142857142857142,6.360281923714759,0.6171227197346602,1.0,14.0,0.0714285714285714,1.0,0.2368804664723032,17.82138698224852,0,0,Rylee Arnold,26,Media,0
32,2,Harry Jowsey,rank,13.0,13.0,10.0,0.3076923076923077,6.377862595419847,0.586318261890781,1.0,13.0,0.0769230769230769,1.0,0.2354788069073783,18.03417777777777,0,0,Rylee Arnold,26,Media,0
32,3,Harry Jowsey,rank,12.0,12.0,8.0,0.4166666666666667,6.312720481427682,0.5572732932143598,1.0,12.0,0.0833333333333333,1.0,0.2338435374149659,18.287285950413228,0,0,Rylee Arnold,26,Media,0
32,4,Harry Jowsey,rank,11.0,11.0,6.0,0.5454545454545454,5.949874686716792,0.5500113921166553,1.0,11.0,0.0909090909090909,1.0,0.2319109461966604,18.593344,0,0,Rylee Arnold,26,Media,0
32,5,Harry Jowsey,rank,10.0,10.0,10.0,0.1,3.4936467598475223,0.7506353240152478,1.0,10.0,0.1,1.0,0.2295918367346938,18.97086419753086,0,0,Rylee Arnold,26,Media,0
32,6,Harry Jowsey,rank,9.0,9.0,9.0,0.1111111111111111,3.218130311614731,0.7535410764872521,1.0,9.0,0.1111111111111111,1.0,0.2267573696145124,19.448100000000004,0,0,Rylee Arnold,26,Media,0
32,7,Harry Jowsey,rank,8.0,8.0,8.0,0.125,2.6584158415841586,0.7926980198019802,1.0,8.0,0.125,1.0,0.2232142857142857,20.0704,0,0,Rylee Arnold,26,Media,0
32,8,Harry Jowsey,rank,7.0,7.0,7.0,0.1428571428571428,1.854878048780488,0.8778745644599303,1.0,4.0,0.5714285714285714,1.0,0.1093294460641399,83.6615111111111,0,0,Rylee Arnold,26,Media,0
32,9,Harry Jowsey,rank,6.0,6.0,6.0,0.1666666666666666,4.128979225825736,0.4785034623623773,2.0,6.0,0.1666666666666666,0.8333333333333334,0.1700680272108843,34.57439999999999,0,0,Rylee Arnold,26,Media,0
32,10,Harry Jowsey,,,14.0,,,,,,,,,,,1,1,Rylee Arnold,26,Media,1
32,11,Harry Jowsey,,,14.0,,,,,,,,,,,1,1,Rylee Arnold,26,Media,1
32,1,Jamie Lynn Spears,rank,14.0,14.0,9.0,0.4285714285714285,7.331260364842454,0.5477671167969675,1.0,14.0,0.0714285714285714,1.0,0.2368804664723032,17.82138698224852,0,0,Alan Bersten,32,Entertainment,0
32,2,Jamie Lynn Spears,rank,13.0,13.0,9.0,0.3846153846153846,11.50763358778626,0.1917204932472107,9.0,13.0,0.0769230769230769,0.3846153846153846,0.0784929356357927,162.3076,0,0,Alan Bersten,32,Entertainment,0
32,3,Jamie Lynn Spears,,,14.0,,,,,,,,,,,1,1,Alan Bersten,32,Entertainment,1
32,4,Jamie Lynn Spears,,,14.0,,,,,,,,,,,1,1,Alan Bersten,32,Entertainment,1
32,5,Jamie Lynn Spears,,,14.0,,,,,,,,,,,1,1,Alan Bersten,32,Entertainment,1
32,6,Jamie Lynn Spears,,,14.0,,,,,,,,,,,1,1,Alan Bersten,32,Entertainment,1
32,7,Jamie Lynn Spears,,,14.0,,,,,,,,,,,1,1,Alan Bersten,32,Entertainment,1
32,8,Jamie Lynn Spears,,,14.0,,,,,,,,,,,1,1,Alan Bersten,32,Entertainment,1
32,9,Jamie Lynn Spears,,,14.0,,,,,,,,,,,1,1,Alan Bersten,32,Entertainment,1
32,10,Jamie Lynn Spears,,,14.0,,,,,,,,,,,1,1,Alan Bersten,32,Entertainment,1
32,11,Jamie Lynn Spears,,,14.0,,,,,,,,,,,1,1,Alan Bersten,32,Entertainment,1
32,1,Jason Mraz,rank,14.0,14.0,2.0,0.9285714285714286,7.498341625207296,0.5358327410566217,1.0,14.0,0.0714285714285714,1.0,0.2368804664723032,17.82138698224852,0,0,Daniella Karagach,46,Music,0
32,2,Jason Mraz,rank,13.0,13.0,1.0,1.0,7.133587786259542,0.5281855549031121,1.0,13.0,0.0769230769230769,1.0,0.2354788069073783,18.03417777777777,0,0,Daniella Karagach,46,Music,0
32,3,Jason Mraz,rank,12.0,12.0,1.0,1.0,6.441170367296119,0.5465691360586568,1.0,12.0,0.0833333333333333,1.0,0.2338435374149659,18.287285950413228,0,0,Daniella Karagach,46,Music,0
32,4,Jason Mraz,rank,11.0,11.0,3.0,0.8181818181818182,6.0776942355889725,0.5383914331282752,1.0,11.0,0.0909090909090909,1.0,0.2319109461966604,18.593344,0,0,Daniella Karagach,46,Music,0
32,5,Jason Mraz,rank,10.0,10.0,3.0,0.8,5.620711562897077,0.5379288437102923,1.0,10.0,0.1,1.0,0.2295918367346938,18.97086419753086,0,0,Daniella Karagach,46,Music,0
32,6,Jason Mraz,rank,9.0,9.0,3.0,0.7777777777777778,4.973087818696884,0.5585457979225684,1.0,9.0,0.1111111111111111,1.0,0.2267573696145124,19.448100000000004,0,0,Daniella Karagach,46,Music,0
32,7,Jason Mraz,rank,8.0,8.0,4.0,0.625,4.242574257425742,0.5946782178217822,1.0,7.974999999999994,0.1281250000000007,1.0,0.2224170918367345,20.21453167353968,0,0,Daniella Karagach,46,Music,0
32,8,Jason Mraz,rank,7.0,7.0,6.0,0.2857142857142857,3.44390243902439,0.6508710801393729,1.0,7.0,0.1428571428571428,1.0,0.2186588921282799,20.91537777777777,0,0,Daniella Karagach,46,Music,0
32,9,Jason Mraz,rank,6.0,6.0,1.0,1.0,3.5087430877297865,0.5818761520450356,1.0,6.0,0.1666666666666666,1.0,0.2125850340136054,22.127616,0,0,Daniella Karagach,46,Music,0
32,10,Jason Mraz,rank,5.0,5.0,4.0,0.4,3.0232,0.59536,1.0,5.0,0.2,1.0,0.2040816326530612,24.01,0,0,Daniella Karagach,46,Music,0
32,11,Jason Mraz,rank,5.0,5.0,1.0,1.0,2.9882,0.60236,1.0,5.0,0.2,1.0,0.2040816326530612,24.01,0,0,Daniella Karagach,46,Music,0
32,1,Lele Pons,rank,14.0,14.0,4.0,0.7857142857142857,7.486733001658375,0.5366619284529732,1.0,14.0,0.0714285714285714,1.0,0.2368804664723032,17.82138698224852,0,0,Brandon Armstrong,27,Social Media,0
32,2,Lele Pons,rank,13.0,13.0,3.0,0.8461538461538461,7.080152671755725,0.5322959483264827,1.0,13.0,0.0769230769230769,1.0,0.2354788069073783,18.03417777777777,0,0,Brandon Armstrong,27,Social Media,0
32,3,Lele Pons,rank,12.0,12.0,5.0,0.6666666666666666,6.361485785432662,0.5532095178806115,1.0,12.0,0.0833333333333333,1.0,0.2338435374149659,18.287285950413228,0,0,Brandon Armstrong,27,Social Media,0
32,4,Lele Pons,rank,11.0,11.0,5.0,0.6363636363636364,5.807017543859649,0.5629984051036683,1.0,11.0,0.0909090909090909,1.0,0.2319109461966604,18.593344,0,0,Brandon Armstrong,27,Social Media,0
32,5,Lele Pons,rank,10.0,10.0,4.0,0.7,5.622617534942821,0.5377382465057179,1.0,10.0,0.1,1.0,0.2295918367346938,18.97086419753086,0,0,Brandon Armstrong,27,Social Media,0
32,6,Lele Pons,rank,9.0,9.0,5.0,0.5555555555555556,4.951841359773371,0.5609065155807366,1.0,9.0,0.1111111111111111,1.0,0.2267573696145124,19.448100000000004,0,0,Brandon Armstrong,27,Social Media,0
32,7,Lele Pons,rank,8.0,8.0,3.0,0.75,7.5495049504950495,0.1813118811881188,6.0,8.0,0.125,0.375,0.0637755102040816,245.8624,0,0,Brandon Armstrong,27,Social Media,0
32,8,Lele Pons,,,14.0,,,,,,,,,,,1,1,Brandon Armstrong,27,Social Media,1
32,9,Lele Pons,,,14.0,,,,,,,,,,,1,1,Brandon Armstrong,27,Social Media,1
32,10,Lele Pons,,,14.0,,,,,,,,,,,1,1,Brandon Armstrong,27,Social Media,1
32,11,Lele Pons,,,14.0,,,,,,,,,,,1,1,Brandon Armstrong,27,Social Media,1
32,1,Matt Walsh,rank,14.0,14.0,12.0,0.2142857142857142,11.45066334991708,0.2535240464344942,7.0,14.0,0.0714285714285714,0.5714285714285714,0.1275510204081632,61.4656,0,0,Koko Iwasaki,58,Entertainment,0
32,2,Matt Walsh,,,14.0,,,,,,,,,,,1,1,Koko Iwasaki,58,Entertainment,1
32,3,Matt Walsh,,,14.0,,,,,,,,,,,1,1,Koko Iwasaki,58,Entertainment,1
32,4,Matt Walsh,,,14.0,,,,,,,,,,,1,1,Koko Iwasaki,58,Entertainment,1
32,5,Matt Walsh,,,14.0,,,,,,,,,,,1,1,Koko Iwasaki,58,Entertainment,1
32,6,Matt Walsh,,,14.0,,,,,,,,,,,1,1,Koko Iwasaki,58,Entertainment,1
32,7,Matt Walsh,,,14.0,,,,,,,,,,,1,1,Koko Iwasaki,58,Entertainment,1
32,8,Matt Walsh,,,14.0,,,,,,,,,,,1,1,Koko Iwasaki,58,Entertainment,1
32,9,Matt Walsh,,,14.0,,,,,,,,,,,1,1,Koko Iwasaki,58,Entertainment,1
32,10,Matt Walsh,,,14.0,,,,,,,,,,,1,1,Koko Iwasaki,58,Entertainment,1
32,11,Matt Walsh,,,14.0,,,,,,,,,,,1,1,Koko Iwasaki,58,Entertainment,1
32,1,Mauricio Umansky,rank,14.0,14.0,9.0,0.4285714285714285,7.189054726368159,0.5579246624022743,1.0,14.0,0.0714285714285714,1.0,0.2368804664723032,17.82138698224852,0,0,Emma Slater,53,Media,0
32,2,Mauricio Umansky,rank,13.0,13.0,13.0,0.0769230769230769,4.293893129770993,0.7466236054022313,1.0,12.0,0.1538461538461538,1.0,0.2158555729984301,21.462161983471077,0,0,Emma Slater,53,Media,0
32,3,Mauricio Umansky,rank,12.0,12.0,10.0,0.25,6.041087362523345,0.5799093864563879,1.0,12.0,0.0833333333333333,1.0,0.2338435374149659,18.287285950413228,0,0,Emma Slater,53,Media,0
32,4,Mauricio Umansky,rank,11.0,11.0,9.0,0.2727272727272727,5.132832080200501,0.6242879927090453,1.0,11.0,0.0909090909090909,1.0,0.2319109461966604,18.593344,0,0,Emma Slater,53,Media,0
32,5,Mauricio Umansky,rank,10.0,10.0,4.0,0.7,5.574968233799238,0.5425031766200762,1.0,10.0,0.1,1.0,0.2295918367346938,18.97086419753086,0,0,Emma Slater,53,Media,0
32,6,Mauricio Umansky,rank,9.0,9.0,6.0,0.4444444444444444,8.05099150141643,0.2165564998426189,6.0,9.0,0.1111111111111111,0.4444444444444444,0.0850340136054421,138.29760000000002,0,0,Emma Slater,53,Media,0
32,7,Mauricio Umansky,,,14.0,,,,,,,,,,,1,1,Emma Slater,53,Media,1
32,8,Mauricio Umansky,,,14.0,,,,,,,,,,,1,1,Emma Slater,53,Media,1
32,9,Mauricio Umansky,,,14.0,,,,,,,,,,,1,1,Emma Slater,53,Media,1
32,10,Mauricio Umansky,,,14.0,,,,,,,,,,,1,1,Emma Slater,53,Media,1
32,11,Mauricio Umansky,,,14.0,,,,,,,,,,,1,1,Emma Slater,53,Media,1
32,1,Mira Sorvino,rank,14.0,14.0,7.0,0.5714285714285714,7.442371475953565,0.5398306088604596,1.0,14.0,0.0714285714285714,1.0,0.2368804664723032,17.82138698224852,0,0,Gleb Savchenko,55,Entertainment,0
32,2,Mira Sorvino,rank,13.0,13.0,7.0,0.5384615384615384,6.82824427480916,0.5516735173223724,1.0,13.0,0.0769230769230769,1.0,0.2354788069073783,18.03417777777777,0,0,Gleb Savchenko,55,Entertainment,0
32,3,Mira Sorvino,rank,12.0,12.0,6.0,0.5833333333333334,6.3685411911184895,0.5526215674067926,1.0,12.0,0.0833333333333333,1.0,0.2338435374149659,18.287285950413228,0,0,Gleb Savchenko,55,Entertainment,0
32,4,Mira Sorvino,rank,11.0,11.0,6.0,0.5454545454545454,5.942355889724311,0.5506949191159717,1.0,11.0,0.0909090909090909,1.0,0.2319109461966604,18.593344,0,0,Gleb Savchenko,55,Entertainment,0
32,5,Mira Sorvino,rank,10.0,10.0,8.0,0.3,7.593392630241423,0.3406607369758577,4.0,10.0,0.1,0.7,0.1530612244897959,42.684444444444445,0,0,Gleb Savchenko,55,Entertainment,0
32,6,Mira Sorvino,,,14.0,,,,,,,,,,,1,1,Gleb Savchenko,55,Entertainment,1
32,7,Mira Sorvino,,,14.0,,,,,,,,,,,1,1,Gleb Savchenko,55,Entertainment,1
32,8,Mira Sorvino,,,14.0,,,,,,,,,,,1,1,Gleb Savchenko,55,Entertainment,1
32,9,Mira Sorvino,,,14.0,,,,,,,,,,,1,1,Gleb Savchenko,55,Entertainment,1
32,10,Mira Sorvino,,,14.0,,,,,,,,,,,1,1,Gleb Savchenko,55,Entertainment,1
32,11,Mira Sorvino,,,14.0,,,,,,,,,,,1,1,Gleb Savchenko,55,Entertainment,1
32,1,Tyson Beckford,rank,14.0,14.0,12.0,0.2142857142857142,6.341210613598673,0.6184849561715234,1.0,14.0,0.0714285714285714,1.0,0.2368804664723032,17.82138698224852,0,0,Jenna Johnson,52,Fashion,0
32,2,Tyson Beckford,rank,13.0,13.0,7.0,0.5384615384615384,6.786259541984733,0.5549031121550205,1.0,13.0,0.0769230769230769,1.0,0.2354788069073783,18.03417777777777,0,0,Jenna Johnson,52,Fashion,0
32,3,Tyson Beckford,rank,12.0,12.0,12.0,0.0833333333333333,8.818012035692051,0.3484989970256624,4.0,12.0,0.0833333333333333,0.75,0.1700680272108843,34.574400000000004,0,0,Jenna Johnson,52,Fashion,0
32,4,Tyson Beckford,,,14.0,,,,,,,,,,,1,1,Jenna Johnson,52,Fashion,1
32,5,Tyson Beckford,,,14.0,,,,,,,,,,,1,1,Jenna Johnson,52,Fashion,1
32,6,Tyson Beckford,,,14.0,,,,,,,,,,,1,1,Jenna Johnson,52,Fashion,1
32,7,Tyson Beckford,,,14.0,,,,,,,,,,,1,1,Jenna Johnson,52,Fashion,1
32,8,Tyson Beckford,,,14.0,,,,,,,,,,,1,1,Jenna Johnson,52,Fashion,1
32,9,Tyson Beckford,,,14.0,,,,,,,,,,,1,1,Jenna Johnson,52,Fashion,1
32,10,Tyson Beckford,,,14.0,,,,,,,,,,,1,1,Jenna Johnson,52,Fashion,1
32,11,Tyson Beckford,,,14.0,,,,,,,,,,,1,1,Jenna Johnson,52,Fashion,1
32,1,Xochitl Gomez,rank,14.0,14.0,5.0,0.7142857142857143,7.502487562189055,0.5355366027007818,1.0,14.0,0.0714285714285714,1.0,0.2368804664723032,17.82138698224852,0,0,Valentin Chmerkovskiy,17,Entertainment,0
32,2,Xochitl Gomez,rank,13.0,13.0,1.0,1.0,6.972010178117048,0.540614601683304,1.0,13.0,0.0769230769230769,1.0,0.2354788069073783,18.03417777777777,0,0,Valentin Chmerkovskiy,17,Entertainment,0
32,3,Xochitl Gomez,rank,12.0,12.0,3.0,0.8333333333333334,6.45279103548454,0.545600747042955,1.0,12.0,0.0833333333333333,1.0,0.2338435374149659,18.287285950413228,0,0,Valentin Chmerkovskiy,17,Entertainment,0
32,4,Xochitl Gomez,rank,11.0,11.0,1.0,1.0,6.117794486215539,0.5347459557985874,1.0,11.0,0.0909090909090909,1.0,0.2319109461966604,18.593344,0,0,Valentin Chmerkovskiy,17,Entertainment,0
32,5,Xochitl Gomez,rank,10.0,10.0,1.0,1.0,5.502541296060991,0.5497458703939009,1.0,10.0,0.1,1.0,0.2295918367346938,18.97086419753086,0,0,Valentin Chmerkovskiy,17,Entertainment,0
32,6,Xochitl Gomez,rank,9.0,9.0,1.0,1.0,5.069405099150142,0.5478438778722065,1.0,9.0,0.1111111111111111,1.0,0.2267573696145124,19.448100000000004,0,0,Valentin Chmerkovskiy,17,Entertainment,0
32,7,Xochitl Gomez,rank,8.0,8.0,1.0,1.0,4.767326732673268,0.5290841584158416,1.0,8.0,0.125,1.0,0.2232142857142857,20.0704,0,0,Valentin Chmerkovskiy,17,Entertainment,0
32,8,Xochitl Gomez,rank,7.0,7.0,2.0,0.8571428571428571,4.028048780487805,0.5674216027874565,1.0,7.0,0.1428571428571428,1.0,0.2186588921282799,20.91537777777777,0,0,Valentin Chmerkovskiy,17,Entertainment,0
32,9,Xochitl Gomez,rank,6.0,6.0,2.0,0.8333333333333334,3.425347481691825,0.5957754197180292,1.0,6.0,0.1666666666666666,1.0,0.2125850340136054,22.127616,0,0,Valentin Chmerkovskiy,17,Entertainment,0
32,10,Xochitl Gomez,rank,5.0,5.0,1.0,1.0,2.9954,0.60092,1.0,5.0,0.2,1.0,0.2040816326530612,24.01,0,0,Valentin Chmerkovskiy,17,Entertainment,0
32,11,Xochitl Gomez,rank,5.0,5.0,1.0,1.0,3.0131,0.59738,1.0,5.0,0.2,1.0,0.2040816326530612,24.01,0,0,Valentin Chmerkovskiy,17,Entertainment,0
33,1,Anna Delvey,rank,13.0,13.0,8.0,0.4615384615384615,7.0366,0.5356461538461539,1.0,13.0,0.0769230769230769,1.0,0.2354788069073783,18.03417777777777,0,0,Ezra Sosa,33,Other,0
33,2,Anna Delvey,rank,13.0,13.0,11.0,0.2307692307692307,10.32128514056225,0.2829780661105961,7.0,13.0,0.0769230769230769,0.5384615384615384,0.1177394034536891,72.13671111111111,0,0,Ezra Sosa,33,Other,0
33,3,Anna Delvey,,,13.0,,,,,,,,,,,1,1,Ezra Sosa,33,Other,1
33,4,Anna Delvey,,,13.0,,,,,,,,,,,1,1,Ezra Sosa,33,Other,1
33,5,Anna Delvey,,,13.0,,,,,,,,,,,1,1,Ezra Sosa,33,Other,1
33,6,Anna Delvey,,,13.0,,,,,,,,,,,1,1,Ezra Sosa,33,Other,1
33,7,Anna Delvey,,,13.0,,,,,,,,,,,1,1,Ezra Sosa,33,Other,1
33,8,Anna Delvey,,,13.0,,,,,,,,,,,1,1,Ezra Sosa,33,Other,1
33,9,Anna Delvey,,,13.0,,,,,,,,,,,1,1,Ezra Sosa,33,Other,1
33,1,Brooks Nader,rank,13.0,13.0,8.0,0.4615384615384615,6.9677,0.5409461538461539,1.0,13.0,0.0769230769230769,1.0,0.2354788069073783,18.03417777777777,0,0,Gleb Savchenko,27,Fashion,0
33,2,Brooks Nader,rank,13.0,13.0,8.0,0.4615384615384615,6.046184738955823,0.6118319431572444,1.0,12.0,0.1538461538461538,1.0,0.2158555729984301,21.462161983471077,0,0,Gleb Savchenko,27,Fashion,0
33,3,Brooks Nader,rank,11.0,11.0,5.0,0.6363636363636364,5.6774969915764135,0.5747730007657806,1.0,11.0,0.0909090909090909,1.0,0.2319109461966604,18.593344,0,0,Gleb Savchenko,27,Fashion,0
33,4,Brooks Nader,rank,9.0,9.0,4.0,0.6666666666666666,8.291139240506329,0.189873417721519,7.0,9.0,0.1111111111111111,0.3333333333333333,0.0566893424036281,311.16960000000006,0,0,Gleb Savchenko,27,Fashion,0
33,5,Brooks Nader,,,13.0,,,,,,,,,,,1,1,Gleb Savchenko,27,Fashion,1
33,6,Brooks Nader,,,13.0,,,,,,,,,,,1,1,Gleb Savchenko,27,Fashion,1
33,7,Brooks Nader,,,13.0,,,,,,,,,,,1,1,Gleb Savchenko,27,Fashion,1
33,8,Brooks Nader,,,13.0,,,,,,,,,,,1,1,Gleb Savchenko,27,Fashion,1
33,9,Brooks Nader,,,13.0,,,,,,,,,,,1,1,Gleb Savchenko,27,Fashion,1
33,1,Chandler Kinney,rank,13.0,13.0,1.0,1.0,7.0025,0.5382692307692307,1.0,13.0,0.0769230769230769,1.0,0.2354788069073783,18.03417777777777,0,0,Brandon Armstrong,24,Entertainment,0
33,2,Chandler Kinney,rank,13.0,13.0,1.0,1.0,6.877510040160643,0.547883843064566,1.0,13.0,0.0769230769230769,1.0,0.2354788069073783,18.03417777777777,0,0,Brandon Armstrong,24,Entertainment,0
33,3,Chandler Kinney,rank,11.0,11.0,2.0,0.9090909090909092,5.780986762936221,0.5653648397330708,1.0,11.0,0.0909090909090909,1.0,0.2319109461966604,18.593344,0,0,Brandon Armstrong,24,Entertainment,0
33,4,Chandler Kinney,rank,9.0,9.0,4.0,0.6666666666666666,4.80379746835443,0.5773558368495078,1.0,9.0,0.1111111111111111,1.0,0.2267573696145124,19.448100000000004,0,0,Brandon Armstrong,24,Entertainment,0
33,5,Chandler Kinney,rank,8.0,8.0,1.0,1.0,4.491993185689949,0.5635008517887564,1.0,8.0,0.125,1.0,0.2232142857142857,20.0704,0,0,Brandon Armstrong,24,Entertainment,0
33,6,Chandler Kinney,rank,7.0,7.0,1.0,1.0,4.117647058823529,0.5546218487394958,1.0,7.0,0.1428571428571428,1.0,0.2186588921282799,20.91537777777777,0,0,Brandon Armstrong,24,Entertainment,0
33,7,Chandler Kinney,rank,6.0,6.0,1.0,1.0,3.4978565861262667,0.5836905689789555,1.0,6.0,0.1666666666666666,1.0,0.2125850340136054,22.127616,0,0,Brandon Armstrong,24,Entertainment,0
33,8,Chandler Kinney,rank,5.0,5.0,1.0,1.0,2.9909,0.60182,1.0,5.0,0.2,1.0,0.2040816326530612,24.01,0,0,Brandon Armstrong,24,Entertainment,0
33,9,Chandler Kinney,rank,5.0,5.0,1.0,1.0,3.0161,0.5967800000000001,1.0,5.0,0.2,1.0,0.2040816326530612,24.01,0,0,Brandon Armstrong,24,Entertainment,0
33,1,Danny Amendola,rank,13.0,13.0,5.0,0.6923076923076923,6.9804,0.5399692307692308,1.0,13.0,0.0769230769230769,1.0,0.2354788069073783,18.03417777777777,0,0,Witney Carson,39,Sports,0
33,2,Danny Amendola,rank,13.0,13.0,5.0,0.6923076923076923,6.967871485943775,0.5409329626197097,1.0,13.0,0.0769230769230769,1.0,0.2354788069073783,18.03417777777777,0,0,Witney Carson,39,Sports,0
33,3,Danny Amendola,rank,11.0,11.0,6.0,0.5454545454545454,5.371239470517449,0.6026145935893228,1.0,11.0,0.0909090909090909,1.0,0.2319109461966604,18.593344,0,0,Witney Carson,39,Sports,0
33,4,Danny Amendola,rank,9.0,9.0,1.0,1.0,4.920886075949367,0.5643459915611815,1.0,9.0,0.1111111111111111,1.0,0.2267573696145124,19.448100000000004,0,0,Witney Carson,39,Sports,0
33,5,Danny Amendola,rank,8.0,8.0,4.0,0.625,4.286541737649063,0.5891822827938671,1.0,8.0,0.125,1.0,0.2232142857142857,20.0704,0,0,Witney Carson,39,Sports,0
33,6,Danny Amendola,rank,7.0,7.0,5.0,0.4285714285714285,3.420814479638009,0.654169360051713,1.0,7.0,0.1428571428571428,1.0,0.2186588921282799,20.91537777777777,0,0,Witney Carson,39,Sports,0
33,7,Danny Amendola,rank,6.0,6.0,5.0,0.3333333333333333,3.200506625097428,0.6332488958170953,1.0,6.0,0.1666666666666666,1.0,0.2125850340136054,22.127616,0,0,Witney Carson,39,Sports,0
33,8,Danny Amendola,rank,5.0,5.0,4.0,0.4,3.0104,0.59792,1.0,5.0,0.2,1.0,0.2040816326530612,24.01,0,0,Witney Carson,39,Sports,0
33,9,Danny Amendola,rank,5.0,5.0,5.0,0.2,2.9884,0.60232,1.0,5.0,0.2,1.0,0.2040816326530612,24.01,0,0,Witney Carson,39,Sports,0
33,1,Dwight Howard ,rank,13.0,13.0,2.0,0.9230769230769232,6.9305,0.5438076923076923,1.0,13.0,0.0769230769230769,1.0,0.2354788069073783,18.03417777777777,0,0,Daniella Karagach,38,Sports,0
33,2,Dwight Howard ,rank,13.0,13.0,2.0,0.9230769230769232,6.849397590361446,0.5500463392029658,1.0,13.0,0.0769230769230769,1.0,0.2354788069073783,18.03417777777777,0,0,Daniella Karagach,38,Sports,0
33,3,Dwight Howard ,rank,11.0,11.0,9.0,0.2727272727272727,4.01985559566787,0.7254676731211027,1.0,9.0,0.2727272727272727,1.0,0.1855287569573284,29.0521,0,0,Daniella Karagach,38,Sports,0
33,4,Dwight Howard ,rank,9.0,9.0,9.0,0.1111111111111111,3.5427215189873418,0.7174753867791842,1.0,9.0,0.1111111111111111,1.0,0.2267573696145124,19.448100000000004,0,0,Daniella Karagach,38,Sports,0
33,5,Dwight Howard ,rank,8.0,8.0,6.0,0.375,3.819420783645656,0.647572402044293,1.0,8.0,0.125,1.0,0.2232142857142857,20.0704,0,0,Daniella Karagach,38,Sports,0
33,6,Dwight Howard ,rank,7.0,7.0,3.0,0.7142857142857143,3.900452488687783,0.5856496444731738,1.0,7.0,0.1428571428571428,1.0,0.2186588921282799,20.91537777777777,0,0,Daniella Karagach,38,Sports,0
33,7,Dwight Howard ,rank,6.0,6.0,6.0,0.1666666666666666,4.352689010132502,0.4412184983112497,2.0,6.0,0.1666666666666666,0.8333333333333334,0.1700680272108843,34.57439999999999,0,0,Daniella Karagach,38,Sports,0
33,8,Dwight Howard ,,,13.0,,,,,,,,,,,1,1,Daniella Karagach,38,Sports,1
33,9,Dwight Howard ,,,13.0,,,,,,,,,,,1,1,Daniella Karagach,38,Sports,1
33,1,Eric Roberts,rank,13.0,13.0,13.0,0.0769230769230769,6.9981,0.5386076923076923,1.0,13.0,0.0769230769230769,1.0,0.2354788069073783,18.03417777777777,0,0,Britt Stewart,68,Entertainment,0
33,2,Eric Roberts,rank,13.0,13.0,12.0,0.1538461538461538,4.720883534136546,0.7137781896818041,1.0,9.0,0.3846153846153846,1.0,0.1569858712715855,40.5769,0,0,Britt Stewart,68,Entertainment,0
33,3,Eric Roberts,rank,11.0,11.0,10.0,0.1818181818181818,9.114320096269555,0.2623345367027677,5.0,11.0,0.0909090909090909,0.6363636363636364,0.1391465677179962,51.64817777777779,0,0,Britt Stewart,68,Entertainment,0
33,4,Eric Roberts,,,13.0,,,,,,,,,,,1,1,Britt Stewart,68,Entertainment,1
33,5,Eric Roberts,,,13.0,,,,,,,,,,,1,1,Britt Stewart,68,Entertainment,1
33,6,Eric Roberts,,,13.0,,,,,,,,,,,1,1,Britt Stewart,68,Entertainment,1
33,7,Eric Roberts,,,13.0,,,,,,,,,,,1,1,Britt Stewart,68,Entertainment,1
33,8,Eric Roberts,,,13.0,,,,,,,,,,,1,1,Britt Stewart,68,Entertainment,1
33,9,Eric Roberts,,,13.0,,,,,,,,,,,1,1,Britt Stewart,68,Entertainment,1
33,1,Ilona Maher,rank,13.0,13.0,8.0,0.4615384615384615,7.0293,0.5362076923076923,1.0,13.0,0.0769230769230769,1.0,0.2354788069073783,18.03417777777777,0,0,Alan Bersten,28,Sports,0
33,2,Ilona Maher,rank,13.0,13.0,5.0,0.6923076923076923,6.751004016064257,0.5576150756873649,1.0,13.0,0.0769230769230769,1.0,0.2354788069073783,18.03417777777777,0,0,Alan Bersten,28,Sports,0
33,3,Ilona Maher,rank,11.0,11.0,7.0,0.4545454545454545,5.004813477737666,0.635926047478394,1.0,10.474999999999907,0.138636363636372,1.0,0.2197356215213336,20.71090454675237,0,0,Alan Bersten,28,Sports,0
33,4,Ilona Maher,rank,9.0,9.0,4.0,0.6666666666666666,4.6455696202531644,0.5949367088607596,1.0,9.0,0.1111111111111111,1.0,0.2267573696145124,19.448100000000004,0,0,Alan Bersten,28,Sports,0
33,5,Ilona Maher,rank,8.0,8.0,2.0,0.875,4.435434412265758,0.5705706984667802,1.0,8.0,0.125,1.0,0.2232142857142857,20.0704,0,0,Alan Bersten,28,Sports,0
33,6,Ilona Maher,rank,7.0,7.0,7.0,0.1428571428571428,1.981900452488688,0.8597285067873303,1.0,7.0,0.1428571428571428,1.0,0.2186588921282799,20.91537777777777,0,0,Alan Bersten,28,Sports,0
33,7,Ilona Maher,rank,6.0,6.0,4.0,0.5,3.2314886983632114,0.6280852169394647,1.0,6.0,0.1666666666666666,1.0,0.2125850340136054,22.127616,0,0,Alan Bersten,28,Sports,0
33,8,Ilona Maher,rank,5.0,5.0,3.0,0.6,2.9823,0.60354,1.0,5.0,0.2,1.0,0.2040816326530612,24.01,0,0,Alan Bersten,28,Sports,0
33,9,Ilona Maher,rank,5.0,5.0,4.0,0.4,3.0125,0.5974999999999999,1.0,5.0,0.2,1.0,0.2040816326530612,24.01,0,0,Alan Bersten,28,Sports,0
33,1,Jenn Tran,rank,13.0,13.0,6.0,0.6153846153846154,7.0272,0.5363692307692308,1.0,13.0,0.0769230769230769,1.0,0.2354788069073783,18.03417777777777,0,0,Sasha Farber,26,Media,0
33,2,Jenn Tran,rank,13.0,13.0,9.0,0.3846153846153846,5.676706827309237,0.6402533209762125,1.0,11.0,0.2307692307692307,1.0,0.1962323390894819,25.969216000000007,0,0,Sasha Farber,26,Media,0
33,3,Jenn Tran,rank,11.0,11.0,3.0,0.8181818181818182,5.859205776173285,0.5582540203478832,1.0,11.0,0.0909090909090909,1.0,0.2319109461966604,18.593344,0,0,Sasha Farber,26,Media,0
33,4,Jenn Tran,rank,9.0,9.0,4.0,0.6666666666666666,4.7325949367088604,0.5852672292545711,1.0,9.0,0.1111111111111111,1.0,0.2267573696145124,19.448100000000004,0,0,Sasha Farber,26,Media,0
33,5,Jenn Tran,rank,8.0,8.0,4.0,0.625,4.387052810902896,0.576618398637138,1.0,8.0,0.125,1.0,0.2232142857142857,20.0704,0,0,Sasha Farber,26,Media,0
33,6,Jenn Tran,rank,7.0,7.0,3.0,0.7142857142857143,6.515837104072398,0.2120232708468002,5.0,7.0,0.1428571428571428,0.4285714285714285,0.0728862973760933,188.2384,0,0,Sasha Farber,26,Media,0
33,7,Jenn Tran,,,13.0,,,,,,,,,,,1,1,Sasha Farber,26,Media,1
33,8,Jenn Tran,,,13.0,,,,,,,,,,,1,1,Sasha Farber,26,Media,1
33,9,Jenn Tran,,,13.0,,,,,,,,,,,1,1,Sasha Farber,26,Media,1
33,1,Joey Graziadei,rank,13.0,13.0,3.0,0.8461538461538461,6.9406,0.5430307692307692,1.0,13.0,0.0769230769230769,1.0,0.2354788069073783,18.03417777777777,0,0,Jenna Johnson,29,Media,0
33,2,Joey Graziadei,rank,13.0,13.0,2.0,0.9230769230769232,7.0,0.5384615384615384,1.0,13.0,0.0769230769230769,1.0,0.2354788069073783,18.03417777777777,0,0,Jenna Johnson,29,Media,0
33,3,Joey Graziadei,rank,11.0,11.0,1.0,1.0,5.951263537906137,0.5498851329176239,1.0,11.0,0.0909090909090909,1.0,0.2319109461966604,18.593344,0,0,Jenna Johnson,29,Media,0
33,4,Joey Graziadei,rank,9.0,9.0,1.0,1.0,4.955696202531645,0.560478199718706,1.0,9.0,0.1111111111111111,1.0,0.2267573696145124,19.448100000000004,0,0,Jenna Johnson,29,Media,0
33,5,Joey Graziadei,rank,8.0,8.0,2.0,0.875,4.480408858603067,0.5649488926746167,1.0,8.0,0.125,1.0,0.2232142857142857,20.0704,0,0,Jenna Johnson,29,Media,0
33,6,Joey Graziadei,rank,7.0,7.0,1.0,1.0,4.217194570135747,0.5404007756948933,1.0,7.0,0.1428571428571428,1.0,0.2186588921282799,20.91537777777777,0,0,Jenna Johnson,29,Media,0
33,7,Joey Graziadei,rank,6.0,6.0,2.0,0.8333333333333334,3.403936087295401,0.5993439854507665,1.0,6.0,0.1666666666666666,1.0,0.2125850340136054,22.127616,0,0,Jenna Johnson,29,Media,0
33,8,Joey Graziadei,rank,5.0,5.0,1.0,1.0,3.0071,0.59858,1.0,5.0,0.2,1.0,0.2040816326530612,24.01,0,0,Jenna Johnson,29,Media,0
33,9,Joey Graziadei,rank,5.0,5.0,2.0,0.8,3.0022,0.59956,1.0,5.0,0.2,1.0,0.2040816326530612,24.01,0,0,Jenna Johnson,29,Media,0
33,1,Phaedra Parks,rank,13.0,13.0,6.0,0.6153846153846154,7.0506,0.5345692307692308,1.0,13.0,0.0769230769230769,1.0,0.2354788069073783,18.03417777777777,0,0,Val Chmerkovskiy,51,Media,0
33,2,Phaedra Parks,rank,13.0,13.0,5.0,0.6923076923076923,6.821285140562249,0.5522088353413654,1.0,13.0,0.0769230769230769,1.0,0.2354788069073783,18.03417777777777,0,0,Val Chmerkovskiy,51,Media,0
33,3,Phaedra Parks,rank,11.0,11.0,7.0,0.4545454545454545,4.974127557160048,0.6387156766218138,1.0,11.0,0.0909090909090909,1.0,0.2319109461966604,18.593344,0,0,Val Chmerkovskiy,51,Media,0
33,4,Phaedra Parks,rank,9.0,9.0,4.0,0.6666666666666666,4.620253164556962,0.5977496483825598,1.0,9.0,0.1111111111111111,1.0,0.2267573696145124,19.448100000000004,0,0,Val Chmerkovskiy,51,Media,0
33,5,Phaedra Parks,rank,8.0,8.0,6.0,0.375,6.272572402044293,0.3409284497444633,4.0,8.0,0.125,0.625,0.1275510204081632,61.4656,0,0,Val Chmerkovskiy,51,Media,0
33,6,Phaedra Parks,,,13.0,,,,,,,,,,,1,1,Val Chmerkovskiy,51,Media,1
33,7,Phaedra Parks,,,13.0,,,,,,,,,,,1,1,Val Chmerkovskiy,51,Media,1
33,8,Phaedra Parks,,,13.0,,,,,,,,,,,1,1,Val Chmerkovskiy,51,Media,1
33,9,Phaedra Parks,,,13.0,,,,,,,,,,,1,1,Val Chmerkovskiy,51,Media,1
33,1,Reginald VelJohnson,rank,13.0,13.0,12.0,0.1538461538461538,6.98,0.5399999999999999,1.0,13.0,0.0769230769230769,1.0,0.2354788069073783,18.03417777777777,0,0,Emma Slater,74,Entertainment,0
33,2,Reginald VelJohnson,rank,13.0,13.0,12.0,0.1538461538461538,4.2008032128514055,0.7537843682421996,1.0,9.0,0.3846153846153846,1.0,0.1569858712715855,40.5769,0,0,Emma Slater,74,Entertainment,0
33,3,Reginald VelJohnson,rank,11.0,11.0,11.0,0.0909090909090909,8.459085439229844,0.3219013237063778,4.0,11.0,0.0909090909090909,0.7272727272727273,0.1623376623376623,37.9456,0,0,Emma Slater,74,Entertainment,0
33,4,Reginald VelJohnson,,,13.0,,,,,,,,,,,1,1,Emma Slater,74,Entertainment,1
33,5,Reginald VelJohnson,,,13.0,,,,,,,,,,,1,1,Emma Slater,74,Entertainment,1
33,6,Reginald VelJohnson,,,13.0,,,,,,,,,,,1,1,Emma Slater,74,Entertainment,1
33,7,Reginald VelJohnson,,,13.0,,,,,,,,,,,1,1,Emma Slater,74,Entertainment,1
33,8,Reginald VelJohnson,,,13.0,,,,,,,,,,,1,1,Emma Slater,74,Entertainment,1
33,9,Reginald VelJohnson,,,13.0,,,,,,,,,,,1,1,Emma Slater,74,Entertainment,1
33,1,Stephen Nedoroscik,rank,13.0,13.0,3.0,0.8461538461538461,6.9878,0.5394,1.0,13.0,0.0769230769230769,1.0,0.2354788069073783,18.03417777777777,0,0,Rylee Arnold,26,Sports,0
33,2,Stephen Nedoroscik,rank,13.0,13.0,2.0,0.9230769230769232,7.004016064257028,0.5381526104417671,1.0,13.0,0.0769230769230769,1.0,0.2354788069073783,18.03417777777777,0,0,Rylee Arnold,26,Sports,0
33,3,Stephen Nedoroscik,rank,11.0,11.0,3.0,0.8181818181818182,5.787605294825512,0.5647631550158626,1.0,11.0,0.0909090909090909,1.0,0.2319109461966604,18.593344,0,0,Rylee Arnold,26,Sports,0
33,4,Stephen Nedoroscik,rank,9.0,9.0,3.0,0.7777777777777778,4.487341772151899,0.6125175808720112,1.0,9.0,0.1111111111111111,1.0,0.2267573696145124,19.448100000000004,0,0,Rylee Arnold,26,Sports,0
33,5,Stephen Nedoroscik,rank,8.0,8.0,6.0,0.375,3.826575809199319,0.6466780238500851,1.0,8.0,0.125,1.0,0.2232142857142857,20.0704,0,0,Rylee Arnold,26,Sports,0
33,6,Stephen Nedoroscik,rank,7.0,7.0,5.0,0.4285714285714285,3.8461538461538463,0.5934065934065933,1.0,7.0,0.1428571428571428,1.0,0.2186588921282799,20.91537777777777,0,0,Rylee Arnold,26,Sports,0
33,7,Stephen Nedoroscik,rank,6.0,6.0,3.0,0.6666666666666666,3.313522992985191,0.6144128345024682,1.0,6.0,0.1666666666666666,1.0,0.2125850340136054,22.127616,0,0,Rylee Arnold,26,Sports,0
33,8,Stephen Nedoroscik,rank,5.0,5.0,5.0,0.2,3.0093,0.59814,1.0,5.0,0.2,1.0,0.2040816326530612,24.01,0,0,Rylee Arnold,26,Sports,0
33,9,Stephen Nedoroscik,rank,5.0,5.0,2.0,0.8,2.9808,0.60384,1.0,5.0,0.2,1.0,0.2040816326530612,24.01,0,0,Rylee Arnold,26,Sports,0
33,1,Tori Spelling,rank,13.0,13.0,11.0,0.2307692307692307,7.0687,0.5331769230769231,1.0,13.0,0.0769230769230769,1.0,0.2354788069073783,18.03417777777777,0,0,Pasha Pashkov,51,Entertainment,0
33,2,Tori Spelling,rank,13.0,13.0,9.0,0.3846153846153846,11.763052208835342,0.172072907012666,9.0,13.0,0.0769230769230769,0.3846153846153846,0.0784929356357927,162.3076,0,0,Pasha Pashkov,51,Entertainment,0
33,3,Tori Spelling,,,13.0,,,,,,,,,,,1,1,Pasha Pashkov,51,Entertainment,1
33,4,Tori Spelling,,,13.0,,,,,,,,,,,1,1,Pasha Pashkov,51,Entertainment,1
33,5,Tori Spelling,,,13.0,,,,,,,,,,,1,1,Pasha Pashkov,51,Entertainment,1
33,6,Tori Spelling,,,13.0,,,,,,,,,,,1,1,Pasha Pashkov,51,Entertainment,1
33,7,Tori Spelling,,,13.0,,,,,,,,,,,1,1,Pasha Pashkov,51,Entertainment,1
33,8,Tori Spelling,,,13.0,,,,,,,,,,,1,1,Pasha Pashkov,51,Entertainment,1
33,9,Tori Spelling,,,13.0,,,,,,,,,,,1,1,Pasha Pashkov,51,Entertainment,1
34,1,Alix Earle,rank,14.0,14.0,4.0,0.7857142857142857,7.4631,0.53835,1.0,14.0,0.0714285714285714,1.0,0.2368804664723032,17.82138698224852,0,0,Val Chmerkovskiy (Joey Graziadei week 9),24,Social Media,0
34,2,Alix Earle,rank,14.0,14.0,5.0,0.7142857142857143,7.322245322245322,0.5484110484110485,1.0,14.0,0.0714285714285714,1.0,0.2368804664723032,17.82138698224852,0,0,Val Chmerkovskiy (Joey Graziadei week 9),24,Social Media,0
34,3,Alix Earle,rank,12.0,12.0,3.0,0.8333333333333334,6.464454976303317,0.5446287519747236,1.0,12.0,0.0833333333333333,1.0,0.2338435374149659,18.287285950413228,0,0,Val Chmerkovskiy (Joey Graziadei week 9),24,Social Media,0
34,4,Alix Earle,rank,11.0,11.0,2.0,0.9090909090909092,6.487654320987654,0.5011223344556678,1.0,11.0,0.0909090909090909,1.0,0.2319109461966604,18.593344,0,0,Val Chmerkovskiy (Joey Graziadei week 9),24,Social Media,0
34,5,Alix Earle,rank,10.0,10.0,2.0,0.9,5.4648,0.55352,1.0,10.0,0.1,1.0,0.2295918367346938,18.97086419753086,0,0,Val Chmerkovskiy (Joey Graziadei week 9),24,Social Media,0
34,6,Alix Earle,rank,10.0,10.0,6.0,0.5,5.439328277356446,0.5560671722643554,1.0,10.0,0.1,1.0,0.2295918367346938,18.97086419753086,0,0,Val Chmerkovskiy (Joey Graziadei week 9),24,Social Media,0
34,7,Alix Earle,rank,9.0,9.0,1.0,1.0,4.985887096774194,0.5571236559139785,1.0,9.0,0.1111111111111111,1.0,0.2267573696145124,19.448100000000004,0,0,Val Chmerkovskiy (Joey Graziadei week 9),24,Social Media,0
34,8,Alix Earle,rank,8.0,8.0,3.0,0.75,4.386562804284323,0.5766796494644596,1.0,8.0,0.125,1.0,0.2232142857142857,20.0704,0,0,Val Chmerkovskiy (Joey Graziadei week 9),24,Social Media,0
34,9,Alix Earle,rank,7.0,7.0,4.0,0.5714285714285714,3.812129380053909,0.5982672314208701,1.0,7.0,0.1428571428571428,1.0,0.2186588921282799,20.91537777777777,0,0,Val Chmerkovskiy (Joey Graziadei week 9),24,Social Media,0
34,10,Alix Earle,rank,6.0,6.0,2.0,0.8333333333333334,3.224719101123596,0.6292134831460673,1.0,5.0,0.3333333333333333,1.0,0.1700680272108843,34.57439999999999,0,0,Val Chmerkovskiy (Joey Graziadei week 9),24,Social Media,0
34,11,Alix Earle,rank,5.0,5.0,1.0,1.0,3.0045,0.5991,1.0,5.0,0.2,1.0,0.2040816326530612,24.01,0,0,Val Chmerkovskiy (Joey Graziadei week 9),24,Social Media,0
34,1,Andy Richter,rank,14.0,14.0,13.0,0.1428571428571428,7.5001,0.5357071428571428,1.0,14.0,0.0714285714285714,1.0,0.2368804664723032,17.82138698224852,0,0,Emma Slater/Kaitlyn Bristowe (week 9),59,Entertainment,0
34,2,Andy Richter,rank,14.0,14.0,13.0,0.1428571428571428,5.044698544698544,0.7110929610929612,1.0,10.0,0.3571428571428571,1.0,0.1639941690962099,37.1828938271605,0,0,Emma Slater/Kaitlyn Bristowe (week 9),59,Entertainment,0
34,3,Andy Richter,rank,12.0,12.0,11.0,0.1666666666666666,5.233116113744076,0.6472403238546603,1.0,12.0,0.0833333333333333,1.0,0.2338435374149659,18.287285950413228,0,0,Emma Slater/Kaitlyn Bristowe (week 9),59,Entertainment,0
34,4,Andy Richter,rank,11.0,11.0,11.0,0.0909090909090909,3.234567901234568,0.7968574635241302,1.0,9.974999999999994,0.1840909090909096,1.0,0.2081400742115026,23.082805378605094,0,0,Emma Slater/Kaitlyn Bristowe (week 9),59,Entertainment,0
34,5,Andy Richter,rank,10.0,10.0,10.0,0.1,5.5384,0.54616,1.0,10.0,0.1,1.0,0.2295918367346938,18.97086419753086,0,0,Emma Slater/Kaitlyn Bristowe (week 9),59,Entertainment,0
34,6,Andy Richter,rank,10.0,10.0,10.0,0.1,3.9851029252437695,0.7014897074756231,1.0,10.0,0.1,1.0,0.2295918367346938,18.97086419753086,0,0,Emma Slater/Kaitlyn Bristowe (week 9),59,Entertainment,0
34,7,Andy Richter,rank,9.0,9.0,9.0,0.1111111111111111,2.829637096774193,0.7967069892473119,1.0,8.225000000000023,0.1972222222222197,1.0,0.2047902494331072,23.84412830306136,0,0,Emma Slater/Kaitlyn Bristowe (week 9),59,Entertainment,0
34,8,Andy Richter,rank,8.0,8.0,8.0,0.125,3.142161635832522,0.7322297955209347,1.0,8.0,0.125,1.0,0.2232142857142857,20.0704,0,0,Emma Slater/Kaitlyn Bristowe (week 9),59,Entertainment,0
34,9,Andy Richter,rank,7.0,7.0,7.0,0.1428571428571428,4.740161725067385,0.4656911821332307,2.0,7.0,0.1428571428571428,0.8571428571428571,0.1822157434402332,30.118144000000004,0,0,Emma Slater/Kaitlyn Bristowe (week 9),59,Entertainment,0
34,10,Andy Richter,,,14.0,,,,,,,,,,,1,1,Emma Slater/Kaitlyn Bristowe (week 9),59,Entertainment,1
34,11,Andy Richter,,,14.0,,,,,,,,,,,1,1,Emma Slater/Kaitlyn Bristowe (week 9),59,Entertainment,1
34,1,Baron Davis,rank,14.0,14.0,9.0,0.4285714285714285,7.4455,0.5396071428571428,1.0,14.0,0.0714285714285714,1.0,0.2368804664723032,17.82138698224852,0,0,Britt Stewart,46,Sports,0
34,2,Baron Davis,rank,14.0,14.0,11.0,0.2857142857142857,12.175675675675675,0.2017374517374517,8.0,14.0,0.0714285714285714,0.5,0.1093294460641399,83.6615111111111,0,0,Britt Stewart,46,Sports,0
34,3,Baron Davis,,,14.0,,,,,,,,,,,1,1,Britt Stewart,46,Sports,1
34,4,Baron Davis,,,14.0,,,,,,,,,,,1,1,Britt Stewart,46,Sports,1
34,5,Baron Davis,,,14.0,,,,,,,,,,,1,1,Britt Stewart,46,Sports,1
34,6,Baron Davis,,,14.0,,,,,,,,,,,1,1,Britt Stewart,46,Sports,1
34,7,Baron Davis,,,14.0,,,,,,,,,,,1,1,Britt Stewart,46,Sports,1
34,8,Baron Davis,,,14.0,,,,,,,,,,,1,1,Britt Stewart,46,Sports,1
34,9,Baron Davis,,,14.0,,,,,,,,,,,1,1,Britt Stewart,46,Sports,1
34,10,Baron Davis,,,14.0,,,,,,,,,,,1,1,Britt Stewart,46,Sports,1
34,11,Baron Davis,,,14.0,,,,,,,,,,,1,1,Britt Stewart,46,Sports,1
34,1,Corey Feldman,rank,14.0,14.0,13.0,0.1428571428571428,7.5369,0.5330785714285714,1.0,14.0,0.0714285714285714,1.0,0.2368804664723032,17.82138698224852,0,0,Jenna Johnson,54,Entertainment,0
34,2,Corey Feldman,rank,14.0,14.0,14.0,0.0714285714285714,10.723492723492724,0.3054648054648054,6.0,14.0,0.0714285714285714,0.6428571428571429,0.1457725947521866,47.059599999999975,0,0,Jenna Johnson,54,Entertainment,0
34,3,Corey Feldman,,,14.0,,,,,,,,,,,1,1,Jenna Johnson,54,Entertainment,1
34,4,Corey Feldman,,,14.0,,,,,,,,,,,1,1,Jenna Johnson,54,Entertainment,1
34,5,Corey Feldman,,,14.0,,,,,,,,,,,1,1,Jenna Johnson,54,Entertainment,1
34,6,Corey Feldman,,,14.0,,,,,,,,,,,1,1,Jenna Johnson,54,Entertainment,1
34,7,Corey Feldman,,,14.0,,,,,,,,,,,1,1,Jenna Johnson,54,Entertainment,1
34,8,Corey Feldman,,,14.0,,,,,,,,,,,1,1,Jenna Johnson,54,Entertainment,1
34,9,Corey Feldman,,,14.0,,,,,,,,,,,1,1,Jenna Johnson,54,Entertainment,1
34,10,Corey Feldman,,,14.0,,,,,,,,,,,1,1,Jenna Johnson,54,Entertainment,1
34,11,Corey Feldman,,,14.0,,,,,,,,,,,1,1,Jenna Johnson,54,Entertainment,1
34,1,Danielle Fishel,rank,14.0,14.0,6.0,0.6428571428571429,7.5037,0.53545,1.0,14.0,0.0714285714285714,1.0,0.2368804664723032,17.82138698224852,0,0,Pasha Pashkov,44,Entertainment,0
34,2,Danielle Fishel,rank,14.0,14.0,10.0,0.3571428571428571,5.746361746361746,0.660974160974161,1.0,12.0,0.2142857142857142,1.0,0.2004373177842565,24.89102809917356,0,0,Pasha Pashkov,44,Entertainment,0
34,3,Danielle Fishel,rank,12.0,12.0,8.0,0.4166666666666667,6.317239336492891,0.5568967219589257,1.0,12.0,0.0833333333333333,1.0,0.2338435374149659,18.287285950413228,0,0,Pasha Pashkov,44,Entertainment,0
34,4,Danielle Fishel,rank,11.0,11.0,9.0,0.2727272727272727,4.95679012345679,0.6402918069584737,1.0,10.0,0.1818181818181818,1.0,0.2087198515769944,22.954745679012348,0,0,Pasha Pashkov,44,Entertainment,0
34,5,Danielle Fishel,rank,10.0,10.0,8.0,0.3,5.4468,0.55532,1.0,10.0,0.1,1.0,0.2295918367346938,18.97086419753086,0,0,Pasha Pashkov,44,Entertainment,0
34,6,Danielle Fishel,rank,10.0,10.0,3.0,0.8,5.568797399783315,0.5431202600216685,1.0,10.0,0.1,1.0,0.2295918367346938,18.97086419753086,0,0,Pasha Pashkov,44,Entertainment,0
34,7,Danielle Fishel,rank,9.0,9.0,6.0,0.4444444444444444,5.148185483870968,0.5390905017921147,1.0,9.0,0.1111111111111111,1.0,0.2267573696145124,19.448100000000004,0,0,Pasha Pashkov,44,Entertainment,0
34,8,Danielle Fishel,rank,8.0,8.0,7.0,0.25,6.240019474196689,0.3449975657254138,4.0,8.0,0.125,0.625,0.1275510204081632,61.4656,0,0,Pasha Pashkov,44,Entertainment,0
34,9,Danielle Fishel,,,14.0,,,,,,,,,,,1,1,Pasha Pashkov,44,Entertainment,1
34,10,Danielle Fishel,,,14.0,,,,,,,,,,,1,1,Pasha Pashkov,44,Entertainment,1
34,11,Danielle Fishel,,,14.0,,,,,,,,,,,1,1,Pasha Pashkov,44,Entertainment,1
34,1,Dylan Efron,rank,14.0,14.0,9.0,0.4285714285714285,7.532,0.5334285714285715,1.0,14.0,0.0714285714285714,1.0,0.2368804664723032,17.82138698224852,0,0,Daniella Karagach (Rumer Willis week 9),33,Media,0
34,2,Dylan Efron,rank,14.0,14.0,9.0,0.4285714285714285,6.360706860706861,0.617092367092367,1.0,13.0,0.1428571428571428,1.0,0.2186588921282799,20.91537777777777,0,0,Daniella Karagach (Rumer Willis week 9),33,Media,0
34,3,Dylan Efron,rank,12.0,12.0,3.0,0.8333333333333334,6.586789099526066,0.5344342417061612,1.0,12.0,0.0833333333333333,1.0,0.2338435374149659,18.287285950413228,0,0,Daniella Karagach (Rumer Willis week 9),33,Media,0
34,4,Dylan Efron,rank,11.0,11.0,5.0,0.6363636363636364,6.006172839506172,0.5448933782267116,1.0,10.974999999999994,0.0931818181818187,1.0,0.2313311688311687,18.686660510926465,0,0,Daniella Karagach (Rumer Willis week 9),33,Media,0
34,5,Dylan Efron,rank,10.0,10.0,1.0,1.0,5.5573,0.54427,1.0,10.0,0.1,1.0,0.2295918367346938,18.97086419753086,0,0,Daniella Karagach (Rumer Willis week 9),33,Media,0
34,6,Dylan Efron,rank,10.0,10.0,7.0,0.4,5.304442036836403,0.5695557963163597,1.0,10.0,0.1,1.0,0.2295918367346938,18.97086419753086,0,0,Daniella Karagach (Rumer Willis week 9),33,Media,0
34,7,Dylan Efron,rank,9.0,9.0,4.0,0.6666666666666666,5.018145161290323,0.5535394265232975,1.0,9.0,0.1111111111111111,1.0,0.2267573696145124,19.448100000000004,0,0,Daniella Karagach (Rumer Willis week 9),33,Media,0
34,8,Dylan Efron,rank,8.0,8.0,4.0,0.625,4.433300876338851,0.5708373904576436,1.0,8.0,0.125,1.0,0.2232142857142857,20.0704,0,0,Daniella Karagach (Rumer Willis week 9),33,Media,0
34,9,Dylan Efron,rank,7.0,7.0,1.0,1.0,3.965633423180593,0.5763380824027724,1.0,7.0,0.1428571428571428,1.0,0.2186588921282799,20.91537777777777,0,0,Daniella Karagach (Rumer Willis week 9),33,Media,0
34,10,Dylan Efron,rank,6.0,6.0,6.0,0.1666666666666666,2.768258426966292,0.7052902621722846,1.0,6.0,0.1666666666666666,1.0,0.2125850340136054,22.127616,0,0,Daniella Karagach (Rumer Willis week 9),33,Media,0
34,11,Dylan Efron,rank,5.0,5.0,4.0,0.4,3.0006,0.59988,1.0,5.0,0.2,1.0,0.2040816326530612,24.01,0,0,Daniella Karagach (Rumer Willis week 9),33,Media,0
34,1,Elaine Hendrix,rank,14.0,14.0,6.0,0.6428571428571429,7.5897,0.5293071428571429,1.0,14.0,0.0714285714285714,1.0,0.2368804664723032,17.82138698224852,0,0,Alan Bersten (Rashad Jennings week 9),55,Entertainment,0
34,2,Elaine Hendrix,rank,14.0,14.0,5.0,0.7142857142857143,7.497920997920998,0.5358627858627859,1.0,14.0,0.0714285714285714,1.0,0.2368804664723032,17.82138698224852,0,0,Alan Bersten (Rashad Jennings week 9),55,Entertainment,0
34,3,Elaine Hendrix,rank,12.0,12.0,8.0,0.4166666666666667,6.237559241706161,0.5635367298578199,1.0,12.0,0.0833333333333333,1.0,0.2338435374149659,18.287285950413228,0,0,Alan Bersten (Rashad Jennings week 9),55,Entertainment,0
34,4,Elaine Hendrix,rank,11.0,11.0,2.0,0.9090909090909092,6.62962962962963,0.4882154882154882,1.0,11.0,0.0909090909090909,1.0,0.2319109461966604,18.593344,0,0,Alan Bersten (Rashad Jennings week 9),55,Entertainment,0
34,5,Elaine Hendrix,rank,10.0,10.0,6.0,0.5,5.5048,0.54952,1.0,10.0,0.1,1.0,0.2295918367346938,18.97086419753086,0,0,Alan Bersten (Rashad Jennings week 9),55,Entertainment,0
34,6,Elaine Hendrix,rank,10.0,10.0,3.0,0.8,5.476977248104009,0.5523022751895991,1.0,10.0,0.1,1.0,0.2295918367346938,18.97086419753086,0,0,Alan Bersten (Rashad Jennings week 9),55,Entertainment,0
34,7,Elaine Hendrix,rank,9.0,9.0,8.0,0.2222222222222222,4.222782258064516,0.641913082437276,1.0,9.0,0.1111111111111111,1.0,0.2267573696145124,19.448100000000004,0,0,Alan Bersten (Rashad Jennings week 9),55,Entertainment,0
34,8,Elaine Hendrix,rank,8.0,8.0,6.0,0.375,4.462512171372931,0.5671859785783836,1.0,8.0,0.125,1.0,0.2232142857142857,20.0704,0,0,Alan Bersten (Rashad Jennings week 9),55,Entertainment,0
34,9,Elaine Hendrix,rank,7.0,7.0,6.0,0.2857142857142857,3.7650943396226415,0.6049865229110513,1.0,7.0,0.1428571428571428,1.0,0.2186588921282799,20.91537777777777,0,0,Alan Bersten (Rashad Jennings week 9),55,Entertainment,0
34,10,Elaine Hendrix,rank,6.0,6.0,4.0,0.5,2.779494382022472,0.7034176029962547,1.0,6.0,0.1666666666666666,1.0,0.2125850340136054,22.127616,0,0,Alan Bersten (Rashad Jennings week 9),55,Entertainment,0
34,11,Elaine Hendrix,rank,5.0,5.0,5.0,0.2,2.9928,0.60144,1.0,5.0,0.2,1.0,0.2040816326530612,24.01,0,0,Alan Bersten (Rashad Jennings week 9),55,Entertainment,0
34,1,Hilaria Baldwin,rank,14.0,14.0,3.0,0.8571428571428571,7.4453,0.5396214285714286,1.0,14.0,0.0714285714285714,1.0,0.2368804664723032,17.82138698224852,0,0,Gleb Savchenko,41,Other,0
34,2,Hilaria Baldwin,rank,14.0,14.0,5.0,0.7142857142857143,7.446985446985447,0.5395010395010396,1.0,14.0,0.0714285714285714,1.0,0.2368804664723032,17.82138698224852,0,0,Gleb Savchenko,41,Other,0
34,3,Hilaria Baldwin,rank,12.0,12.0,5.0,0.6666666666666666,6.414988151658768,0.5487509873617693,1.0,12.0,0.0833333333333333,1.0,0.2338435374149659,18.287285950413228,0,0,Gleb Savchenko,41,Other,0
34,4,Hilaria Baldwin,rank,11.0,11.0,5.0,0.6363636363636364,10.524691358024691,0.1341189674523007,9.0,11.0,0.0909090909090909,0.2727272727272727,0.046382189239332,464.8336000000001,0,0,Gleb Savchenko,41,Other,0
34,5,Hilaria Baldwin,,,14.0,,,,,,,,,,,1,1,Gleb Savchenko,41,Other,1
34,6,Hilaria Baldwin,,,14.0,,,,,,,,,,,1,1,Gleb Savchenko,41,Other,1
34,7,Hilaria Baldwin,,,14.0,,,,,,,,,,,1,1,Gleb Savchenko,41,Other,1
34,8,Hilaria Baldwin,,,14.0,,,,,,,,,,,1,1,Gleb Savchenko,41,Other,1
34,9,Hilaria Baldwin,,,14.0,,,,,,,,,,,1,1,Gleb Savchenko,41,Other,1
34,10,Hilaria Baldwin,,,14.0,,,,,,,,,,,1,1,Gleb Savchenko,41,Other,1
34,11,Hilaria Baldwin,,,14.0,,,,,,,,,,,1,1,Gleb Savchenko,41,Other,1
34,1,Jen Affleck,rank,14.0,14.0,6.0,0.6428571428571429,7.5574,0.5316142857142857,1.0,14.0,0.0714285714285714,1.0,0.2368804664723032,17.82138698224852,0,0,Jan Ravnik,26,Media,0
34,2,Jen Affleck,rank,14.0,14.0,1.0,1.0,7.572765072765073,0.5305167805167805,1.0,14.0,0.0714285714285714,1.0,0.2368804664723032,17.82138698224852,0,0,Jan Ravnik,26,Media,0
34,3,Jen Affleck,rank,12.0,12.0,10.0,0.25,5.7538507109004735,0.6038457740916272,1.0,12.0,0.0833333333333333,1.0,0.2338435374149659,18.287285950413228,0,0,Jan Ravnik,26,Media,0
34,4,Jen Affleck,rank,11.0,11.0,5.0,0.6363636363636364,6.006172839506172,0.5448933782267116,1.0,11.0,0.0909090909090909,1.0,0.2319109461966604,18.593344,0,0,Jan Ravnik,26,Media,0
34,5,Jen Affleck,rank,10.0,10.0,8.0,0.3,5.4692,0.55308,1.0,10.0,0.1,1.0,0.2295918367346938,18.97086419753086,0,0,Jan Ravnik,26,Media,0
34,6,Jen Affleck,rank,10.0,10.0,7.0,0.4,5.436619718309859,0.5563380281690141,1.0,10.0,0.1,1.0,0.2295918367346938,18.97086419753086,0,0,Jan Ravnik,26,Media,0
34,7,Jen Affleck,rank,9.0,9.0,7.0,0.3333333333333333,7.386088709677419,0.2904345878136201,5.0,9.0,0.1111111111111111,0.5555555555555556,0.1133786848072562,77.79239999999999,0,0,Jan Ravnik,26,Media,0
34,8,Jen Affleck,,,14.0,,,,,,,,,,,1,1,Jan Ravnik,26,Media,1
34,9,Jen Affleck,,,14.0,,,,,,,,,,,1,1,Jan Ravnik,26,Media,1
34,10,Jen Affleck,,,14.0,,,,,,,,,,,1,1,Jan Ravnik,26,Media,1
34,11,Jen Affleck,,,14.0,,,,,,,,,,,1,1,Jan Ravnik,26,Media,1
34,1,Jordan Chiles,rank,14.0,14.0,9.0,0.4285714285714285,7.4206,0.5413857142857142,1.0,14.0,0.0714285714285714,1.0,0.2368804664723032,17.82138698224852,0,0,Ezra Sosa (Apolo Anton Ohno week 9),24,Sports,0
34,2,Jordan Chiles,rank,14.0,14.0,1.0,1.0,7.434511434511434,0.5403920403920405,1.0,14.0,0.0714285714285714,1.0,0.2368804664723032,17.82138698224852,0,0,Ezra Sosa (Apolo Anton Ohno week 9),24,Sports,0
34,3,Jordan Chiles,rank,12.0,12.0,1.0,1.0,6.491409952606635,0.5423825039494471,1.0,12.0,0.0833333333333333,1.0,0.2338435374149659,18.287285950413228,0,0,Ezra Sosa (Apolo Anton Ohno week 9),24,Sports,0
34,4,Jordan Chiles,rank,11.0,11.0,2.0,0.9090909090909092,6.2407407407407405,0.5235690235690236,1.0,11.0,0.0909090909090909,1.0,0.2319109461966604,18.593344,0,0,Ezra Sosa (Apolo Anton Ohno week 9),24,Sports,0
34,5,Jordan Chiles,rank,10.0,10.0,5.0,0.6,5.5131,0.54869,1.0,10.0,0.1,1.0,0.2295918367346938,18.97086419753086,0,0,Ezra Sosa (Apolo Anton Ohno week 9),24,Sports,0
34,6,Jordan Chiles,rank,10.0,10.0,1.0,1.0,5.489165763813651,0.5510834236186348,1.0,10.0,0.1,1.0,0.2295918367346938,18.97086419753086,0,0,Ezra Sosa (Apolo Anton Ohno week 9),24,Sports,0
34,7,Jordan Chiles,rank,9.0,9.0,4.0,0.6666666666666666,5.203629032258065,0.5329301075268816,1.0,9.0,0.1111111111111111,1.0,0.2267573696145124,19.448100000000004,0,0,Ezra Sosa (Apolo Anton Ohno week 9),24,Sports,0
34,8,Jordan Chiles,rank,8.0,8.0,2.0,0.875,4.44888023369036,0.568889970788705,1.0,8.0,0.125,1.0,0.2232142857142857,20.0704,0,0,Ezra Sosa (Apolo Anton Ohno week 9),24,Sports,0
34,9,Jordan Chiles,rank,7.0,7.0,5.0,0.4285714285714285,3.732749326145552,0.609607239122064,1.0,7.0,0.1428571428571428,1.0,0.2186588921282799,20.91537777777777,0,0,Ezra Sosa (Apolo Anton Ohno week 9),24,Sports,0
34,10,Jordan Chiles,rank,6.0,6.0,4.0,0.5,2.9115168539325844,0.6814138576779026,1.0,6.0,0.1666666666666666,1.0,0.2125850340136054,22.127616,0,0,Ezra Sosa (Apolo Anton Ohno week 9),24,Sports,0
34,11,Jordan Chiles,rank,5.0,5.0,2.0,0.8,2.9835,0.6033000000000001,1.0,5.0,0.2,1.0,0.2040816326530612,24.01,0,0,Ezra Sosa (Apolo Anton Ohno week 9),24,Sports,0
34,1,Lauren Jauregui,rank,14.0,14.0,4.0,0.7857142857142857,7.5408,0.5328,1.0,14.0,0.0714285714285714,1.0,0.2368804664723032,17.82138698224852,0,0,Brandon Armstrong,29,Music,0
34,2,Lauren Jauregui,rank,14.0,14.0,5.0,0.7142857142857143,7.334719334719335,0.5475200475200476,1.0,14.0,0.0714285714285714,1.0,0.2368804664723032,17.82138698224852,0,0,Brandon Armstrong,29,Music,0
34,3,Lauren Jauregui,rank,12.0,12.0,11.0,0.1666666666666666,9.133886255924171,0.3221761453396524,5.0,12.0,0.0833333333333333,0.6666666666666666,0.1488095238095237,45.158400000000015,0,0,Brandon Armstrong,29,Music,0
34,4,Lauren Jauregui,,,14.0,,,,,,,,,,,1,1,Brandon Armstrong,29,Music,1
34,5,Lauren Jauregui,,,14.0,,,,,,,,,,,1,1,Brandon Armstrong,29,Music,1
34,6,Lauren Jauregui,,,14.0,,,,,,,,,,,1,1,Brandon Armstrong,29,Music,1
34,7,Lauren Jauregui,,,14.0,,,,,,,,,,,1,1,Brandon Armstrong,29,Music,1
34,8,Lauren Jauregui,,,14.0,,,,,,,,,,,1,1,Brandon Armstrong,29,Music,1
34,9,Lauren Jauregui,,,14.0,,,,,,,,,,,1,1,Brandon Armstrong,29,Music,1
34,10,Lauren Jauregui,,,14.0,,,,,,,,,,,1,1,Brandon Armstrong,29,Music,1
34,11,Lauren Jauregui,,,14.0,,,,,,,,,,,1,1,Brandon Armstrong,29,Music,1
34,1,Robert Irwin,rank,14.0,14.0,1.0,1.0,7.4205,0.5413928571428571,1.0,14.0,0.0714285714285714,1.0,0.2368804664723032,17.82138698224852,0,0,Witney Carson (Xoshitl Gomez week 9),22,Other,0
34,2,Robert Irwin,rank,14.0,14.0,1.0,1.0,7.302494802494802,0.5498217998217998,1.0,14.0,0.0714285714285714,1.0,0.2368804664723032,17.82138698224852,0,0,Witney Carson (Xoshitl Gomez week 9),22,Other,0
34,3,Robert Irwin,rank,12.0,12.0,5.0,0.6666666666666666,6.471267772511848,0.5440610189573459,1.0,12.0,0.0833333333333333,1.0,0.2338435374149659,18.287285950413228,0,0,Witney Carson (Xoshitl Gomez week 9),22,Other,0
34,4,Robert Irwin,rank,11.0,11.0,8.0,0.3636363636363636,4.932098765432099,0.6425364758698092,1.0,10.0,0.1818181818181818,1.0,0.2087198515769944,22.954745679012348,0,0,Witney Carson (Xoshitl Gomez week 9),22,Other,0
34,5,Robert Irwin,rank,10.0,10.0,2.0,0.9,5.4592,0.55408,1.0,10.0,0.1,1.0,0.2295918367346938,18.97086419753086,0,0,Witney Carson (Xoshitl Gomez week 9),22,Other,0
34,6,Robert Irwin,rank,10.0,10.0,3.0,0.8,5.440411700975082,0.5559588299024918,1.0,10.0,0.1,1.0,0.2295918367346938,18.97086419753086,0,0,Witney Carson (Xoshitl Gomez week 9),22,Other,0
34,7,Robert Irwin,rank,9.0,9.0,3.0,0.7777777777777778,5.155241935483871,0.5383064516129032,1.0,9.0,0.1111111111111111,1.0,0.2267573696145124,19.448100000000004,0,0,Witney Carson (Xoshitl Gomez week 9),22,Other,0
34,8,Robert Irwin,rank,8.0,8.0,4.0,0.625,4.429892891918208,0.571263388510224,1.0,8.0,0.125,1.0,0.2232142857142857,20.0704,0,0,Witney Carson (Xoshitl Gomez week 9),22,Other,0
34,9,Robert Irwin,rank,7.0,7.0,1.0,1.0,4.011994609164421,0.5697150558336542,1.0,7.0,0.1428571428571428,1.0,0.2186588921282799,20.91537777777777,0,0,Witney Carson (Xoshitl Gomez week 9),22,Other,0
34,10,Robert Irwin,rank,6.0,6.0,1.0,1.0,3.648876404494382,0.5585205992509363,1.0,6.0,0.1666666666666666,1.0,0.2125850340136054,22.127616,0,0,Witney Carson (Xoshitl Gomez week 9),22,Other,0
34,11,Robert Irwin,rank,5.0,5.0,2.0,0.8,3.0186,0.5962799999999999,1.0,5.0,0.2,1.0,0.2040816326530612,24.01,0,0,Witney Carson (Xoshitl Gomez week 9),22,Other,0
34,1,Scott Hoying,rank,14.0,14.0,9.0,0.4285714285714285,7.5639,0.53115,1.0,14.0,0.0714285714285714,1.0,0.2368804664723032,17.82138698224852,0,0,Rylee Arnold,34,Music,0
34,2,Scott Hoying,rank,14.0,14.0,11.0,0.2857142857142857,5.58939708939709,0.6721859221859222,1.0,12.0,0.2142857142857142,1.0,0.2004373177842565,24.89102809917356,0,0,Rylee Arnold,34,Music,0
34,3,Scott Hoying,rank,12.0,12.0,5.0,0.6666666666666666,6.427428909952607,0.5477142575039494,1.0,12.0,0.0833333333333333,1.0,0.2338435374149659,18.287285950413228,0,0,Rylee Arnold,34,Music,0
34,4,Scott Hoying,rank,11.0,11.0,9.0,0.2727272727272727,4.703703703703703,0.6632996632996634,1.0,10.0,0.1818181818181818,1.0,0.2087198515769944,22.954745679012348,0,0,Rylee Arnold,34,Music,0
34,5,Scott Hoying,rank,10.0,10.0,6.0,0.5,5.5292,0.54708,1.0,10.0,0.1,1.0,0.2295918367346938,18.97086419753086,0,0,Rylee Arnold,34,Music,0
34,6,Scott Hoying,rank,10.0,10.0,9.0,0.2,7.395720476706392,0.3604279523293607,4.0,10.0,0.1,0.7,0.1530612244897959,42.684444444444445,0,0,Rylee Arnold,34,Music,0
34,7,Scott Hoying,,,14.0,,,,,,,,,,,1,1,Rylee Arnold,34,Music,1
34,8,Scott Hoying,,,14.0,,,,,,,,,,,1,1,Rylee Arnold,34,Music,1
34,9,Scott Hoying,,,14.0,,,,,,,,,,,1,1,Rylee Arnold,34,Music,1
34,10,Scott Hoying,,,14.0,,,,,,,,,,,1,1,Rylee Arnold,34,Music,1
34,11,Scott Hoying,,,14.0,,,,,,,,,,,1,1,Rylee Arnold,34,Music,1
34,1,Whitney Leavitt,rank,14.0,14.0,1.0,1.0,7.4805,0.5371071428571429,1.0,14.0,0.0714285714285714,1.0,0.2368804664723032,17.82138698224852,0,0,Mark Ballas,32,Media,0
34,2,Whitney Leavitt,rank,14.0,14.0,1.0,1.0,7.448024948024948,0.5394267894267895,1.0,14.0,0.0714285714285714,1.0,0.2368804664723032,17.82138698224852,0,0,Mark Ballas,32,Media,0
34,3,Whitney Leavitt,rank,12.0,12.0,1.0,1.0,6.468009478672986,0.5443325434439178,1.0,12.0,0.0833333333333333,1.0,0.2338435374149659,18.287285950413228,0,0,Mark Ballas,32,Media,0
34,4,Whitney Leavitt,rank,11.0,11.0,1.0,1.0,6.277777777777778,0.5202020202020202,1.0,11.0,0.0909090909090909,1.0,0.2319109461966604,18.593344,0,0,Mark Ballas,32,Media,0
34,5,Whitney Leavitt,rank,10.0,10.0,4.0,0.7,5.5172,0.54828,1.0,10.0,0.1,1.0,0.2295918367346938,18.97086419753086,0,0,Mark Ballas,32,Media,0
34,6,Whitney Leavitt,rank,10.0,10.0,1.0,1.0,5.4634344528710725,0.5536565547128928,1.0,10.0,0.1,1.0,0.2295918367346938,18.97086419753086,0,0,Mark Ballas,32,Media,0
34,7,Whitney Leavitt,rank,9.0,9.0,2.0,0.8888888888888888,5.050403225806452,0.5499551971326164,1.0,9.0,0.1111111111111111,1.0,0.2267573696145124,19.448100000000004,0,0,Mark Ballas,32,Media,0
34,8,Whitney Leavitt,rank,8.0,8.0,1.0,1.0,4.456669912366115,0.5679162609542356,1.0,8.0,0.125,1.0,0.2232142857142857,20.0704,0,0,Mark Ballas,32,Media,0
34,9,Whitney Leavitt,rank,7.0,7.0,1.0,1.0,3.972237196765499,0.5753946861763574,1.0,7.0,0.1428571428571428,1.0,0.2186588921282799,20.91537777777777,0,0,Mark Ballas,32,Media,0
34,10,Whitney Leavitt,rank,6.0,6.0,2.0,0.8333333333333334,5.667134831460674,0.2221441947565542,5.0,6.0,0.1666666666666666,0.3333333333333333,0.042517006802721,553.1904000000001,0,0,Mark Ballas,32,Media,0
34,11,Whitney Leavitt,,,14.0,,,,,,,,,,,1,1,Mark Ballas,32,Media,1
