season,week,celebrity_name,rule_type,judge_raw,judge_metric,fan_vote_mean,fan_vote_share_pct,ci_low,ci_high,abc_accept_rate,feasible_min,feasible_max,slack_min,is_noisy,week_type,n_active,is_eliminated_this_week
1,1,Evander Holyfield,rank,18.0,3.0,2.9926,20.04442156581227,1.0,5.0,1.0,1.0,5.0,0.0,False,no_elimination,5,False
1,1,Joey McIntyre,rank,20.0,1.0,3.0035,19.97898335707369,1.0,5.0,1.0,1.0,5.0,0.0,False,no_elimination,5,False
1,1,John O'Hurley,rank,20.0,2.0,3.004,19.975986734322458,1.0,5.0,1.0,1.0,5.0,0.0,False,no_elimination,5,False
1,1,Kelly Monaco,rank,13.0,5.0,2.994,20.03600467642513,1.0,5.0,1.0,1.0,5.0,0.0,False,no_elimination,5,False
1,1,Trista Sutter,rank,18.0,4.0,3.0059,19.96460366636645,1.0,5.0,1.0,1.0,5.0,0.0,False,no_elimination,5,False
1,2,Evander Holyfield,rank,14.0,5.0,1.4561170212765957,30.027655516912727,1.0,2.0,0.0752,1.0,3.0,0.0,False,single_elimination,5,False
1,2,Joey McIntyre,rank,21.0,2.0,3.113031914893617,18.26605354188985,1.0,4.0,0.0752,1.0,5.0,0.0,False,single_elimination,5,False
1,2,John O'Hurley,rank,26.0,1.0,3.297872340425532,17.280733524992502,1.0,5.0,0.0752,1.0,5.0,0.0,False,single_elimination,5,False
1,2,Kelly Monaco,rank,17.0,4.0,2.24468085106383,23.701768334944816,1.0,3.0,0.0752,1.0,4.0,0.0,False,single_elimination,5,False
1,2,Trista Sutter,rank,19.0,3.0,4.888297872340425,10.723789081260108,4.0,5.0,0.0752,3.0,5.0,0.0,False,single_elimination,5,True
1,3,Evander Holyfield,rank,13.0,4.0,2.9921963677639045,20.376020475299853,1.0,4.0,0.7048,1.0,4.0,0.0,False,single_elimination,4,True
1,3,Joey McIntyre,rank,22.0,2.0,2.394438138479001,25.879781693578423,1.0,4.0,0.7048,1.0,4.0,0.0,False,single_elimination,4,False
1,3,John O'Hurley,rank,24.0,1.0,2.484392735527809,24.965133600352505,1.0,4.0,0.7048,1.0,4.0,0.0,False,single_elimination,4,False
1,3,Kelly Monaco,rank,21.0,3.0,2.128972758229285,28.77906423076923,1.0,4.0,0.7048,1.0,4.0,0.0,False,single_elimination,4,False
1,4,Joey McIntyre,rank,20.0,3.0,1.9957,33.41936268818907,1.0,3.0,1.0,1.0,3.0,0.0,False,no_elimination,3,False
1,4,John O'Hurley,rank,21.0,2.0,1.9996,33.34125280370509,1.0,3.0,1.0,1.0,3.0,0.0,False,no_elimination,3,False
1,4,Kelly Monaco,rank,26.0,1.0,2.0047,33.23938450810583,1.0,3.0,1.0,1.0,3.0,0.0,False,no_elimination,3,False
1,5,Joey McIntyre,rank,22.5,3.0,2.0175,32.984217395105894,1.0,3.0,1.0,1.0,3.0,0.0,False,no_elimination,3,False
1,5,John O'Hurley,rank,27.0,1.0,1.9881,33.57122114160186,1.0,3.0,1.0,1.0,3.0,0.0,False,no_elimination,3,False
1,5,Kelly Monaco,rank,23.5,2.0,1.9944,33.44456146329225,1.0,3.0,1.0,1.0,3.0,0.0,False,no_elimination,3,False
1,6,John O'Hurley,rank,27.0,2.0,1.4943,50.34199466654141,1.0,2.0,1.0,1.0,2.0,0.0,False,no_elimination,2,False
1,6,Kelly Monaco,rank,27.5,1.0,1.5057,49.65800533345858,1.0,2.0,1.0,1.0,2.0,0.0,False,no_elimination,2,False
2,1,Drew Lachey,rank,24.0,1.0,4.895055499495459,11.15236338006296,1.0,9.0,0.2973,1.0,9.0,0.0,False,single_elimination,9,False
2,1,George Hamilton,rank,18.0,7.0,3.877564749411369,12.991236961661826,1.0,8.0,0.2973,1.0,9.0,0.0,False,single_elimination,9,False
2,1,Jerry Rice,rank,21.0,4.0,4.906828119744366,11.132686877632814,1.0,9.0,0.2973,1.0,9.0,0.0,False,single_elimination,9,False
2,1,Kenny Mayne,rank,13.0,8.0,7.814665321224353,7.197328852820858,5.0,9.0,0.2973,2.0,9.0,0.0,False,single_elimination,9,True
2,1,Lisa Rinna,rank,19.0,6.0,4.780020181634712,11.3464706027809,1.0,9.0,0.2973,1.0,9.0,0.0,False,single_elimination,9,False
2,1,Master P,rank,12.0,9.0,3.866128489741002,13.013541761353087,1.0,8.0,0.2973,1.0,8.0,0.0,False,single_elimination,9,False
2,1,Stacy Keibler,rank,22.0,3.0,4.945509586276488,11.068279612655378,1.0,9.0,0.2973,1.0,9.0,0.0,False,single_elimination,9,False
2,1,Tatum O'Neal,rank,23.0,2.0,4.945845946855028,11.067721186802832,1.0,9.0,0.2973,1.0,9.0,0.0,False,single_elimination,9,False
2,1,Tia Carrere,rank,20.0,5.0,4.968382105617222,11.030370764229342,1.0,9.0,0.2973,1.0,9.0,0.0,False,single_elimination,9,False
2,2,Drew Lachey,rank,27.0,2.0,4.487566245413779,12.324279960111314,1.0,8.0,0.2453,1.0,8.0,0.0,False,single_elimination,8,False
2,2,George Hamilton,rank,22.0,4.0,4.3750509580106,12.564302173397968,1.0,8.0,0.2453,1.0,8.0,0.0,False,single_elimination,8,False
2,2,Jerry Rice,rank,23.0,3.0,4.464329392580514,12.373471152886523,1.0,8.0,0.2453,1.0,8.0,0.0,False,single_elimination,8,False
2,2,Lisa Rinna,rank,20.0,6.0,3.625764370158989,14.286410367422093,1.0,7.0,0.2453,1.0,8.0,0.0,False,single_elimination,8,False
2,2,Master P,rank,16.0,8.0,3.048104362005707,15.773576891132624,1.0,6.0,0.2453,1.0,7.0,0.0,False,single_elimination,8,False
2,2,Stacy Keibler,rank,29.0,1.0,4.569506726457399,12.152371762525284,1.0,8.0,0.2453,1.0,8.0,0.0,False,single_elimination,8,False
2,2,Tatum O'Neal,rank,17.0,7.0,7.085201793721973,7.895258157217966,5.0,8.0,0.2453,2.0,8.0,0.0,False,single_elimination,8,True
2,2,Tia Carrere,rank,22.0,5.0,4.34447615165104,12.630329535306217,1.0,8.0,0.2453,1.0,8.0,0.0,False,single_elimination,8,False
2,3,Drew Lachey,rank,27.0,1.0,3.9827,14.335093926378024,1.0,7.0,1.0,1.0,7.0,0.0,False,no_elimination,7,False
2,3,George Hamilton,rank,22.0,5.0,4.032,14.194444441712044,1.0,7.0,1.0,1.0,7.0,0.0,False,no_elimination,7,False
2,3,Jerry Rice,rank,19.0,6.0,4.0014,14.28158080700326,1.0,7.0,1.0,1.0,7.0,0.0,False,no_elimination,7,False
2,3,Lisa Rinna,rank,25.0,4.0,3.9895,14.315611449725171,1.0,7.0,1.0,1.0,7.0,0.0,False,no_elimination,7,False
2,3,Master P,rank,14.0,7.0,4.0264,14.210351125566945,1.0,7.0,1.0,1.0,7.0,0.0,False,no_elimination,7,False
2,3,Stacy Keibler,rank,27.0,2.0,4.0019,14.280152720328084,1.0,7.0,1.0,1.0,7.0,0.0,False,no_elimination,7,False
2,3,Tia Carrere,rank,26.0,3.0,3.9661,14.38276552928648,1.0,7.0,1.0,1.0,7.0,0.0,False,no_elimination,7,False
2,4,Drew Lachey,rank,28.0,1.0,3.97879323403181,14.161745744069067,1.0,7.0,0.3961,1.0,7.0,0.0,False,single_elimination,7,False
2,4,George Hamilton,rank,21.0,6.0,2.9063367836404947,17.549678975585522,1.0,6.0,0.3961,1.0,7.0,0.0,False,single_elimination,7,False
2,4,Jerry Rice,rank,24.0,5.0,3.465791466801313,15.691901027348024,1.0,7.0,0.3961,1.0,7.0,0.0,False,single_elimination,7,False
2,4,Lisa Rinna,rank,26.0,2.0,3.962130775056804,14.20901836963364,1.0,7.0,0.3961,1.0,7.0,0.0,False,single_elimination,7,False
2,4,Master P,rank,8.0,7.0,5.827821257258268,9.783905728157674,3.0,7.0,0.3961,1.0,7.0,0.0,False,single_elimination,7,True
2,4,Stacy Keibler,rank,26.0,3.0,3.933350164099975,14.291043061185762,1.0,7.0,0.3961,1.0,7.0,0.0,False,single_elimination,7,False
2,4,Tia Carrere,rank,25.0,4.0,3.925776319111336,14.312707094020302,1.0,7.0,0.3961,1.0,7.0,0.0,False,single_elimination,7,False
2,5,Drew Lachey,rank,27.0,2.0,3.421457905544148,16.710950969750854,1.0,6.0,0.3896,1.0,6.0,0.0,False,single_elimination,6,False
2,5,George Hamilton,rank,24.0,4.0,3.080082135523614,18.137732484357095,1.0,6.0,0.3896,1.0,6.0,0.0,False,single_elimination,6,False
2,5,Jerry Rice,rank,23.0,5.0,2.603952772073922,20.33341279074888,1.0,5.0,0.3896,1.0,6.0,0.0,False,single_elimination,6,False
2,5,Lisa Rinna,rank,25.0,3.0,3.3421457905544147,17.032089098249763,1.0,6.0,0.3896,1.0,6.0,0.0,False,single_elimination,6,False
2,5,Stacy Keibler,rank,30.0,1.0,3.4306981519507187,16.67393283860488,1.0,6.0,0.3896,1.0,6.0,0.0,False,single_elimination,6,False
2,5,Tia Carrere,rank,22.0,6.0,5.121663244353183,11.111881818288518,3.0,6.0,0.3896,1.0,6.0,0.0,False,single_elimination,6,True
2,6,Drew Lachey,rank,30.0,1.0,2.886324993927617,20.26070595983936,1.0,5.0,0.4117,1.0,5.0,0.0,False,single_elimination,5,False
2,6,George Hamilton,rank,23.0,4.0,4.31649259169298,13.1922965414652,3.0,5.0,0.4117,2.0,5.0,0.0,False,single_elimination,5,True
2,6,Jerry Rice,rank,23.0,5.0,2.178042263784309,25.057374170232126,1.0,4.0,0.4117,1.0,4.0,0.0,False,single_elimination,5,False
2,6,Lisa Rinna,rank,27.0,3.0,2.695409278600923,21.455007281288918,1.0,5.0,0.4117,1.0,5.0,0.0,False,single_elimination,5,False
2,6,Stacy Keibler,rank,30.0,2.0,2.9237308719941706,20.03461604717441,1.0,5.0,0.4117,1.0,5.0,0.0,False,single_elimination,5,False
2,7,Drew Lachey,rank,27.5,1.0,2.5219669488109635,23.48110861239408,1.0,4.0,0.2481,1.0,4.0,0.0,False,single_elimination,4,False
2,7,Jerry Rice,rank,20.5,4.0,1.3393792825473598,37.68383699229183,1.0,2.0,0.2481,1.0,3.0,0.0,False,single_elimination,4,False
2,7,Lisa Rinna,rank,26.5,3.0,3.673518742442564,14.814041656732964,3.0,4.0,0.2481,2.0,4.0,0.0,False,single_elimination,4,True
2,7,Stacy Keibler,rank,27.5,2.0,2.465135026199113,24.021012738581124,1.0,4.0,0.2481,1.0,4.0,0.0,False,single_elimination,4,False
2,8,Drew Lachey,rank,28.9998,1.0,2.0097,33.139075125058625,1.0,3.0,1.0,1.0,3.0,0.0,False,no_elimination,3,False
2,8,Jerry Rice,rank,26.666600000000003,3.0,2.0068,33.19678731081706,1.0,3.0,1.0,1.0,3.0,0.0,False,no_elimination,3,False
2,8,Stacy Keibler,rank,28.6665,2.0,1.9835,33.664137564124324,1.0,3.0,1.0,1.0,3.0,0.0,False,no_elimination,3,False
3,1,Emmitt Smith,percent,24.0,0.1224489795918367,0.1045046410796169,10.45046410796169,0.0030018573182369,0.3536272506836222,0.3446,0.0,1.0,0.0,False,single_elimination,10,False
3,1,Harry Hamlin,percent,17.0,0.086734693877551,0.1143050850711277,11.430508507112766,0.0043480412158411,0.3547818448482643,0.3446,0.0,1.0,0.0,False,single_elimination,10,False
3,1,Joey Lawrence,percent,21.0,0.1071428571428571,0.10662344166154,10.662344166154003,0.0031438282483302,0.3441619920762974,0.3446,0.0,1.0,0.0,False,single_elimination,10,False
3,1,Mario Lopez,percent,26.0,0.1326530612244898,0.1062689393938182,10.62689393938182,0.0035057893020057,0.3638088082992852,0.3446,0.0,1.0,0.0,False,single_elimination,10,False
3,1,Monique Coleman,percent,19.0,0.096938775510204,0.1107062547727652,11.07062547727652,0.0041400814505189,0.3622836723536859,0.3446,0.0,1.0,0.0,False,single_elimination,10,False
3,1,Sara Evans,percent,15.0,0.0765306122448979,0.1161295638234698,11.61295638234698,0.0076359984774299,0.3613230334384799,0.3446,0.0,1.0,0.0,False,single_elimination,10,False
3,1,Shanna Moakler,percent,18.0,0.0918367346938775,0.1090901516700452,10.909015167004524,0.0047375308544781,0.348878776881669,0.3446,0.0,1.0,0.0,False,single_elimination,10,False
3,1,Tucker Carlson,percent,12.0,0.0612244897959183,0.0243029701287682,2.430297012876819,0.0009515360930402,0.0625886487331214,0.3446,0.0,0.1387755102040816,0.0,False,single_elimination,10,True
3,1,Vivica A. Fox,percent,22.0,0.1122448979591836,0.1042544363975814,10.42544363975814,0.0030379816477582,0.3537962199061331,0.3446,0.0,1.0,0.0,False,single_elimination,10,False
3,1,Willa Ford,percent,22.0,0.1122448979591836,0.1038145160012674,10.38145160012674,0.0029872729739659,0.3457252276214185,0.3446,0.0,1.0,0.0,False,single_elimination,10,False
3,2,Emmitt Smith,percent,24.0,0.1137440758293838,0.1185586341418366,11.85586341418367,0.0064636681615954,0.3707769398049297,0.1368,0.0,0.9857819905213272,0.0,False,single_elimination,9,False
3,2,Harry Hamlin,percent,21.0,0.0995260663507109,0.129004934781432,12.900493478143204,0.0157873840297904,0.379837962619852,0.1368,0.0047393364928909,0.990521327014218,0.0,False,single_elimination,9,False
3,2,Joey Lawrence,percent,29.0,0.1374407582938388,0.1128835297054632,11.288352970546327,0.0036082047006451,0.3733908943827909,0.1368,0.0,0.9857819905213272,0.0,False,single_elimination,9,False
3,2,Mario Lopez,percent,21.0,0.0995260663507109,0.1352797070248703,13.52797070248704,0.018744642372671,0.3972156691502729,0.1368,0.0047393364928909,0.990521327014218,0.0,False,single_elimination,9,False
3,2,Monique Coleman,percent,26.0,0.1232227488151658,0.1133338979318305,11.333389793183056,0.0048866484103021,0.3728016983676784,0.1368,0.0,0.9857819905213272,0.0,False,single_elimination,9,False
3,2,Sara Evans,percent,21.0,0.0995260663507109,0.1298307662852505,12.983076628525057,0.0195506670649981,0.3698844396474697,0.1368,0.0047393364928909,0.990521327014218,0.0,False,single_elimination,9,False
3,2,Shanna Moakler,percent,22.0,0.1042654028436018,0.0148913990340353,1.4891399034035306,0.0005251750136864,0.0458777279614297,0.1368,0.0,0.1179568193786203,0.0,False,single_elimination,9,True
3,2,Vivica A. Fox,percent,24.0,0.1137440758293838,0.1217520043869232,12.175200438692327,0.005952554538791,0.3781199289109894,0.1368,0.0,0.9857819905213272,0.0,False,single_elimination,9,False
3,2,Willa Ford,percent,23.0,0.1090047393364928,0.1244651267083579,12.446512670835803,0.0096787291339568,0.3815067845061894,0.1368,0.0,0.9857819905213272,0.0,False,single_elimination,9,False
3,3,Emmitt Smith,percent,19.0,0.1021505376344086,0.1606890269220897,16.06890269220896,0.0307515645359544,0.4481252789857429,0.1461,0.0161290322580645,1.0,0.0,False,single_elimination,8,False
3,3,Harry Hamlin,percent,22.0,0.1182795698924731,0.0182483700289475,1.8248370028947571,0.0004271023292652,0.0544796194863221,0.1461,0.0,0.1317204301075268,0.0,False,single_elimination,8,True
3,3,Joey Lawrence,percent,22.0,0.1182795698924731,0.1449248391867021,14.49248391867021,0.0162295113086534,0.4338957749522124,0.1461,0.0,0.9838709677419356,0.0,False,single_elimination,8,False
3,3,Mario Lopez,percent,22.0,0.1182795698924731,0.142916596915162,14.291659691516196,0.0164751164375191,0.4219499437140588,0.1461,0.0,0.9838709677419356,0.0,False,single_elimination,8,False
3,3,Monique Coleman,percent,27.0,0.1451612903225806,0.1277975099503081,12.779750995030804,0.0059824743337595,0.399355251873831,0.1461,0.0,0.9838709677419356,0.0,False,single_elimination,8,False
3,3,Sara Evans,percent,25.0,0.1344086021505376,0.133189883268774,13.3189883268774,0.0053759498195286,0.4110752747483203,0.1461,0.0,0.9838709677419356,0.0,False,single_elimination,8,False
3,3,Vivica A. Fox,percent,27.0,0.1451612903225806,0.1306272970622996,13.06272970622996,0.0052693832999795,0.4142054758060246,0.1461,0.0,0.9838709677419356,0.0,False,single_elimination,8,False
3,3,Willa Ford,percent,22.0,0.1182795698924731,0.1416064766657173,14.160647666571723,0.0151809566557558,0.3998689766446127,0.1461,-0.0,0.9838709677419356,0.0,False,single_elimination,8,False
3,4,Emmitt Smith,percent,24.0,0.1363636363636363,0.1661602574499207,16.616025744992083,0.0183901683592214,0.4696730272161813,0.1662,-0.0,0.9772727272727272,0.0,False,single_elimination,7,False
3,4,Joey Lawrence,percent,27.0,0.1534090909090909,0.1506867148151622,15.06867148151624,0.0089560133889402,0.4727252258103436,0.1662,0.0,0.9772727272727272,0.0,False,single_elimination,7,False
3,4,Mario Lopez,percent,29.0,0.1647727272727272,0.1477603275130798,14.776032751307994,0.0071320799156998,0.469211859114035,0.1662,0.0,0.9772727272727272,0.0,False,single_elimination,7,False
3,4,Monique Coleman,percent,24.0,0.1363636363636363,0.172559155872006,17.25591558720062,0.0195380236919893,0.4993717018829524,0.1662,0.0,0.9772727272727272,0.0,False,single_elimination,7,False
3,4,Sara Evans,percent,20.0,0.1136363636363636,0.1902016917824693,19.020169178246952,0.0411421790086588,0.4954453100282719,0.1662,0.0227272727272727,1.0,0.0,False,single_elimination,7,False
3,4,Vivica A. Fox,percent,24.0,0.1363636363636363,0.023617445683348,2.361744568334811,0.0009352186921636,0.0731575162124379,0.1662,0.0,0.1493506493506493,0.0,False,single_elimination,7,True
3,4,Willa Ford,percent,28.0,0.1590909090909091,0.1490144068840129,14.90144068840131,0.0074847276933613,0.4495780992606643,0.1662,0.0,0.9772727272727272,0.0,False,single_elimination,7,False
3,5,Emmitt Smith,percent,27.0,0.1719745222929936,0.1829957967067992,18.29957967067992,0.0189888470238092,0.5198172117624265,0.136,-0.0,0.9681528662420382,0.0,False,single_elimination,6,False
3,5,Joey Lawrence,percent,25.0,0.1592356687898089,0.1989550332666595,19.89550332666595,0.0361347887978635,0.52333136221546,0.136,0.0127388535031847,0.9808917197452228,0.0,False,single_elimination,6,False
3,5,Mario Lopez,percent,27.0,0.1719745222929936,0.1984989301172458,19.84989301172458,0.019613156731449,0.5508046926433438,0.136,0.0,0.9681528662420382,0.0,False,single_elimination,6,False
3,5,Monique Coleman,percent,27.0,0.1719745222929936,0.1923434460417085,19.234344604170843,0.0185501133430385,0.5294394560937187,0.136,0.0,0.9681528662420382,0.0,False,single_elimination,6,False
3,5,Sara Evans,percent,24.0,0.1528662420382165,0.2012975651704833,20.129756517048328,0.042588898996707,0.5199607296928322,0.136,0.019108280254777,0.9872611464968152,0.0,False,single_elimination,6,False
3,5,Willa Ford,percent,27.0,0.1719745222929936,0.0259092286971039,2.590922869710391,0.0008173356044938,0.0810071911552412,0.136,0.0,0.1613588110403397,0.0,False,single_elimination,6,True
3,6,Emmitt Smith,percent,25.0,0.25,0.2538486606374187,25.384866063741885,0.0078363952542951,0.7108270580434813,1.0,0.0,1.0,0.0,False,no_elimination,4,False
3,6,Joey Lawrence,percent,24.0,0.24,0.2489303036369659,24.893030363696614,0.0082925570344525,0.7119742682879016,1.0,0.0,1.0,0.0,False,no_elimination,4,False
3,6,Mario Lopez,percent,28.0,0.28,0.2495183478388382,24.95183478388384,0.0095223128263697,0.7060038928003338,1.0,0.0,1.0,0.0,False,no_elimination,4,False
3,6,Monique Coleman,percent,23.0,0.23,0.2477026878867765,24.770268788677672,0.0085817796668888,0.708180037757516,1.0,0.0,1.0,0.0,False,no_elimination,4,False
3,7,Emmitt Smith,percent,28.5,0.2544642857142857,0.2497487607696278,24.974876076962826,0.0081386920368661,0.7125144101510821,1.0,0.0,1.0,0.0,False,no_elimination,4,False
3,7,Joey Lawrence,percent,28.5,0.2544642857142857,0.2507405625098614,25.07405625098619,0.0091195528505303,0.6995868821367525,1.0,0.0,1.0,0.0,False,no_elimination,4,False
3,7,Mario Lopez,percent,28.0,0.25,0.2511732980408295,25.117329804083,0.0096021989072546,0.7150164511766919,1.0,0.0,1.0,0.0,False,no_elimination,4,False
3,7,Monique Coleman,percent,27.0,0.2410714285714285,0.2483373786796795,24.833737867968,0.0082538666809044,0.6997257102396233,1.0,0.0,1.0,0.0,False,no_elimination,4,False
3,8,Emmitt Smith,percent,27.0,0.2477064220183486,0.3129731534912689,31.29731534912687,0.0507964922744345,0.7396053461565923,0.2653,0.0,1.0,0.0,False,single_elimination,4,False
3,8,Joey Lawrence,percent,27.0,0.2477064220183486,0.3196641158736788,31.96641158736786,0.0471414079526891,0.7337709040835493,0.2653,0.0,1.0,0.0,False,single_elimination,4,False
3,8,Mario Lopez,percent,28.5,0.2614678899082568,0.3016666594688233,30.16666594688231,0.042021985435644,0.7211219696866452,0.2653,0.0,1.0,0.0,False,single_elimination,4,False
3,8,Monique Coleman,percent,26.5,0.2431192660550458,0.0656960711662296,6.569607116622957,0.0025600250831314,0.1842981964996415,0.2653,0.0,0.2568807339449541,0.0,False,single_elimination,4,True
3,9,Emmitt Smith,percent,29.5,0.3333333333333333,0.3351680534258517,33.51680534258517,0.0135171827331605,0.8412209541157756,1.0,0.0,1.0,0.0,False,no_elimination,3,False
3,9,Joey Lawrence,percent,29.5,0.3333333333333333,0.3335119247718239,33.35119247718239,0.0131615838000095,0.8368501551216507,1.0,0.0,1.0,0.0,False,no_elimination,3,False
3,9,Mario Lopez,percent,29.5,0.3333333333333333,0.3313200218023244,33.13200218023243,0.011635862122053,0.8346260286469837,1.0,0.0,1.0,0.0,False,no_elimination,3,False
3,10,Emmitt Smith,percent,29.666600000000003,0.5,0.4998752790463959,49.9875279046396,0.0231075409990518,0.9753066974151,1.0,0.0,1.0,0.0,False,no_elimination,2,False
3,10,Mario Lopez,percent,29.666600000000003,0.5,0.5001247209536038,50.0124720953604,0.0246933025848997,0.976892459000948,1.0,0.0,1.0,0.0,False,no_elimination,2,False
4,1,Apolo Anton Ohno,percent,21.0,0.1242603550295858,0.111229659291215,11.1229659291215,0.0032878974062995,0.3667051189960004,1.0,0.0,1.0,0.0,False,no_elimination,9,False
4,1,Billy Ray Cyrus,percent,13.0,0.0769230769230769,0.1107809048438357,11.078090484383576,0.0034300657520523,0.3691043392541543,1.0,0.0,1.0,0.0,False,no_elimination,9,False
4,1,Clyde Drexler,percent,16.0,0.0946745562130177,0.1118134663564466,11.181346635644667,0.0035943525697222,0.373657738039461,1.0,0.0,1.0,0.0,False,no_elimination,9,False
4,1,Ian Ziering,percent,21.0,0.1242603550295858,0.1098884983688996,10.988849836889967,0.0030733210743957,0.3647901290959343,1.0,0.0,1.0,0.0,False,no_elimination,9,False
4,1,Joey Fatone,percent,24.0,0.1420118343195266,0.1108506479586095,11.085064795860958,0.0035733540741469,0.3697142032025721,1.0,0.0,1.0,0.0,False,no_elimination,9,False
4,1,John Ratzenberger,percent,17.0,0.1005917159763313,0.112132826145072,11.213282614507207,0.0031349234816178,0.3730572563646504,1.0,0.0,1.0,0.0,False,no_elimination,9,False
4,1,Laila Ali,percent,23.0,0.136094674556213,0.1106157095240718,11.061570952407187,0.0033642170990645,0.3631653193724479,1.0,0.0,1.0,0.0,False,no_elimination,9,False
4,1,Leeza Gibbons,percent,15.0,0.0887573964497041,0.11195608825887,11.195608825887003,0.0034636350269507,0.369268717739937,1.0,0.0,1.0,0.0,False,no_elimination,9,False
4,1,Shandi Finnessey,percent,19.0,0.1124260355029585,0.1107321992529793,11.073219925297934,0.0033803128392801,0.3670028560080937,1.0,0.0,1.0,0.0,False,no_elimination,9,False
4,2,Apolo Anton Ohno,percent,26.0,0.13,0.1114105978925408,11.141059789254076,0.0034182523069061,0.3709973676957284,1.0,0.0,1.0,0.0,False,no_elimination,9,False
4,2,Billy Ray Cyrus,percent,21.0,0.105,0.1126204502083736,11.26204502083735,0.0032763915123436,0.3731796986498584,1.0,0.0,1.0,0.0,False,no_elimination,9,False
4,2,Clyde Drexler,percent,18.0,0.09,0.1096690791014358,10.966907910143576,0.0030533607875954,0.3626707468908487,1.0,0.0,1.0,0.0,False,no_elimination,9,False
4,2,Ian Ziering,percent,22.0,0.11,0.1096371347080227,10.963713470802269,0.0032535866015048,0.3666077861980257,1.0,0.0,1.0,0.0,False,no_elimination,9,False
4,2,Joey Fatone,percent,24.0,0.12,0.1125186406657245,11.251864066572445,0.003574116423545,0.3711567767380322,1.0,0.0,1.0,0.0,False,no_elimination,9,False
4,2,John Ratzenberger,percent,21.0,0.105,0.1100948810427042,11.00948810427042,0.0031692605439828,0.3665518197451862,1.0,0.0,1.0,0.0,False,no_elimination,9,False
4,2,Laila Ali,percent,27.0,0.135,0.1117694950839865,11.176949508398645,0.0033007210311929,0.3692027480260538,1.0,0.0,1.0,0.0,False,no_elimination,9,False
4,2,Leeza Gibbons,percent,21.0,0.105,0.1100108276017545,11.001082760175446,0.0030101939940083,0.3711063926285246,1.0,0.0,1.0,0.0,False,no_elimination,9,False
4,2,Shandi Finnessey,percent,20.0,0.1,0.1122688936954578,11.22688936954578,0.0031033319613469,0.3767536473514131,1.0,0.0,1.0,0.0,False,no_elimination,9,False
4,3,Apolo Anton Ohno,percent,23.0,0.1185567010309278,0.1136086180983245,11.360861809832452,0.0059523332139973,0.3668416430276013,0.121,0.0,0.9690721649484536,0.0,False,single_elimination,9,False
4,3,Billy Ray Cyrus,percent,21.0,0.1082474226804123,0.1204826579454372,12.04826579454372,0.0102753662563864,0.3754163129977399,0.121,-0.0,0.9690721649484536,0.0,False,single_elimination,9,False
4,3,Clyde Drexler,percent,16.0,0.0824742268041237,0.1509844969237754,15.09844969237754,0.0388312946870609,0.4027868410462182,0.121,0.0257731958762886,0.9948453608247424,0.0,False,single_elimination,9,False
4,3,Ian Ziering,percent,24.0,0.1237113402061855,0.1192646245614719,11.926462456147192,0.0052121610184059,0.388031829181892,0.121,0.0,0.9690721649484536,0.0,False,single_elimination,9,False
4,3,Joey Fatone,percent,24.0,0.1237113402061855,0.1114773968003659,11.147739680036594,0.005746811036193,0.3598618804971045,0.121,0.0,0.9690721649484536,0.0,False,single_elimination,9,False
4,3,John Ratzenberger,percent,20.0,0.1030927835051546,0.129938238487963,12.993823848796309,0.0169624036494898,0.3897142979589771,0.121,0.0051546391752577,0.9742268041237112,0.0,False,single_elimination,9,False
4,3,Laila Ali,percent,21.0,0.1082474226804123,0.1233784564003882,12.337845640038822,0.0123911394233102,0.3694513799616193,0.121,0.0,0.9690721649484536,0.0,False,single_elimination,9,False
4,3,Leeza Gibbons,percent,24.0,0.1237113402061855,0.1167663719924064,11.676637199240645,0.0049602124842298,0.3645965580682256,0.121,0.0,0.9690721649484536,0.0,False,single_elimination,9,False
4,3,Shandi Finnessey,percent,21.0,0.1082474226804123,0.0140991387898672,1.4099138789867285,0.0004196731021687,0.0439775990902713,0.121,0.0,0.1139747995418098,0.0,False,single_elimination,9,True
4,4,Apolo Anton Ohno,percent,26.0,0.155688622754491,0.1279215807490708,12.79215807490709,0.0047616044484912,0.3949325785068501,0.2398,0.0,0.994011976047904,0.0,False,single_elimination,8,False
4,4,Billy Ray Cyrus,percent,21.0,0.1257485029940119,0.1339473117677554,13.394731176775544,0.0056315854433634,0.4140514066633451,0.2398,0.0,0.994011976047904,0.0,False,single_elimination,8,False
4,4,Clyde Drexler,percent,15.0,0.0898203592814371,0.1557677924202366,15.576779242023672,0.0244714219864956,0.4344530346924494,0.2398,0.0059880239520958,1.0,0.0,False,single_elimination,8,False
4,4,Ian Ziering,percent,24.0,0.1437125748502994,0.1350980704445483,13.509807044454837,0.0039285498107391,0.4478759202185645,0.2398,0.0,0.994011976047904,0.0,False,single_elimination,8,False
4,4,Joey Fatone,percent,28.0,0.1676646706586826,0.1324607658094215,13.246076580942155,0.0044576370688234,0.4320711027996218,0.2398,0.0,0.994011976047904,0.0,False,single_elimination,8,False
4,4,John Ratzenberger,percent,16.0,0.0958083832335329,0.1523884199586545,15.23884199586546,0.016756934406245,0.4467441202549324,0.2398,0.0,0.994011976047904,0.0,False,single_elimination,8,False
4,4,Laila Ali,percent,21.0,0.1257485029940119,0.1364648044590403,13.646480445904045,0.0056426672272725,0.4206866669817065,0.2398,0.0,0.994011976047904,0.0,False,single_elimination,8,False
4,4,Leeza Gibbons,percent,16.0,0.0958083832335329,0.0259512543912718,2.595125439127189,0.0008470713888692,0.0714946705602253,0.2398,0.0,0.154191616766467,0.0,False,single_elimination,8,True
4,5,Apolo Anton Ohno,percent,30.0,0.1935483870967742,0.1499330289209204,14.99330289209205,0.0052960614102843,0.4721466456550158,0.3982,0.0,1.0,0.0,False,single_elimination,7,False
4,5,Billy Ray Cyrus,percent,17.0,0.1096774193548387,0.1767127538931363,17.671275389313642,0.0109742990234114,0.5109006028925484,0.3982,0.0,1.0,0.0,False,single_elimination,7,False
4,5,Clyde Drexler,percent,13.0,0.0838709677419354,0.041697972700756,4.169797270075607,0.0016590844368998,0.1103910894567992,0.3982,0.0,0.2018433179723502,0.0,False,single_elimination,7,True
4,5,Ian Ziering,percent,24.0,0.1548387096774193,0.154933648047362,15.49336480473621,0.0057081678801687,0.4868629187178963,0.3982,0.0,1.0,0.0,False,single_elimination,7,False
4,5,Joey Fatone,percent,25.0,0.1612903225806451,0.1554484797294923,15.544847972949242,0.0051977001877922,0.491300790719373,0.3982,0.0,1.0,0.0,False,single_elimination,7,False
4,5,John Ratzenberger,percent,18.0,0.1161290322580645,0.1685118856160098,16.851188561600992,0.0089598070418363,0.4958899423264901,0.3982,0.0,1.0,0.0,False,single_elimination,7,False
4,5,Laila Ali,percent,28.0,0.1806451612903225,0.1527622310923226,15.276223109232264,0.0055796271445585,0.4907665034189682,0.3982,0.0,1.0,0.0,False,single_elimination,7,False
4,6,Apolo Anton Ohno,percent,28.0,0.1904761904761904,0.1676309525011157,16.763095250111586,0.0053481216116296,0.5234330343202994,1.0,0.0,1.0,0.0,False,no_elimination,6,False
4,6,Billy Ray Cyrus,percent,21.0,0.1428571428571428,0.166223548861755,16.622354886175515,0.0045307292631255,0.5229077939996932,1.0,0.0,1.0,0.0,False,no_elimination,6,False
4,6,Ian Ziering,percent,24.0,0.1632653061224489,0.1677767731730352,16.777677317303535,0.0049768931317851,0.5311980506223886,1.0,0.0,1.0,0.0,False,no_elimination,6,False
4,6,Joey Fatone,percent,27.0,0.1836734693877551,0.1662695618873699,16.626956188737005,0.0047214629929584,0.5232584729424573,1.0,0.0,1.0,0.0,False,no_elimination,6,False
4,6,John Ratzenberger,percent,19.0,0.1292517006802721,0.1658845279002568,16.588452790025695,0.0052916143307458,0.5214585999475962,1.0,0.0,1.0,0.0,False,no_elimination,6,False
4,6,Laila Ali,percent,28.0,0.1904761904761904,0.1662146356764665,16.621463567646664,0.0049584609364093,0.5169650092482385,1.0,0.0,1.0,0.0,False,no_elimination,6,False
4,7,Apolo Anton Ohno,percent,27.0,0.174757281553398,0.1935840482391234,19.358404823912352,0.0109893513105765,0.5748144553311215,0.2387,0.0,0.9773462783171522,0.0,False,single_elimination,6,False
4,7,Billy Ray Cyrus,percent,19.0,0.1229773462783171,0.2326454316444829,23.26454316444831,0.0456956753949592,0.5929371669535712,0.2387,0.0226537216828478,1.0,0.0,False,single_elimination,6,False
4,7,Ian Ziering,percent,27.0,0.174757281553398,0.1845601064085491,18.456010640854924,0.0086854459814602,0.5255147017366768,0.2387,0.0,0.9773462783171522,0.0,False,single_elimination,6,False
4,7,Joey Fatone,percent,29.5,0.1909385113268608,0.1756148887414984,17.56148887414985,0.0077257938527219,0.5236206917444264,0.2387,0.0,0.9773462783171522,0.0,False,single_elimination,6,False
4,7,John Ratzenberger,percent,22.5,0.145631067961165,0.0355250315731803,3.552503157318032,0.0013450220148261,0.0997685406822797,0.2387,0.0,0.1877022653721683,0.0,False,single_elimination,6,True
4,7,Laila Ali,percent,29.5,0.1909385113268608,0.1780704933931652,17.80704933931653,0.0073784121504177,0.5442633292531988,0.2387,0.0,0.9773462783171522,0.0,False,single_elimination,6,False
4,8,Apolo Anton Ohno,percent,29.0,0.2310756972111553,0.2240338153629985,22.40338153629987,0.0111413619968152,0.6515643927467226,0.3725,0.0,1.0,0.0,False,single_elimination,5,False
4,8,Billy Ray Cyrus,percent,19.0,0.1513944223107569,0.0571261317862442,5.712613178624431,0.0024257103367959,0.1492668668717346,0.3725,0.0,0.248605577689243,0.0,False,single_elimination,5,True
4,8,Ian Ziering,percent,23.5,0.1872509960159362,0.2480448648660961,24.804486486609637,0.0179182262618151,0.6616623316118326,0.3725,0.0,1.0,0.0,False,single_elimination,5,False
4,8,Joey Fatone,percent,27.5,0.2191235059760956,0.2324435216089921,23.244352160899236,0.0120784337479409,0.6588808486268276,0.3725,0.0,1.0,0.0,False,single_elimination,5,False
4,8,Laila Ali,percent,26.5,0.2111553784860557,0.2383516663756681,23.83516663756684,0.0134484786390865,0.6597529494343737,0.3725,0.0,1.0,0.0,False,single_elimination,5,False
4,9,Apolo Anton Ohno,percent,29.5,0.2489451476793249,0.3153878262854632,31.53878262854629,0.0417211222021252,0.7573439939645705,0.2706,0.0,1.0,0.0,False,single_elimination,4,False
4,9,Ian Ziering,percent,29.0,0.2447257383966244,0.0638008556982838,6.3800855698283785,0.0020612982527845,0.1807032903330071,0.2706,0.0,0.2552742616033754,0.0,False,single_elimination,4,True
4,9,Joey Fatone,percent,30.0,0.2531645569620253,0.3082355129441875,30.823551294418728,0.0435596121601929,0.7339144565735827,0.2706,0.0,1.0,0.0,False,single_elimination,4,False
4,9,Laila Ali,percent,30.0,0.2531645569620253,0.3125758050720663,31.257580507206605,0.0414208428474421,0.7480868488781605,0.2706,0.0,1.0,0.0,False,single_elimination,4,False
4,10,Apolo Anton Ohno,percent,29.3332,0.3397685007685366,0.3330578119396203,33.305781193962034,0.0118148379847083,0.8396312619583859,1.0,0.0,1.0,0.0,False,no_elimination,3,False
4,10,Joey Fatone,percent,28.6665,0.3320460681848982,0.3323373799746312,33.23373799746312,0.0123047006706542,0.840969279599123,1.0,0.0,1.0,0.0,False,no_elimination,3,False
4,10,Laila Ali,percent,28.333200000000005,0.3281854310465651,0.3346048080857484,33.46048080857484,0.0139374465861376,0.8378183049297308,1.0,0.0,1.0,0.0,False,no_elimination,3,False
5,1,Albert Reed,percent,21.0,0.1288343558282208,0.13704097780704,13.704097780704004,0.0051072553659799,0.4322681931757146,0.2839,0.0,1.0,0.0,False,single_elimination,8,False
5,1,Floyd Mayweather Jr. ,percent,18.0,0.1104294478527607,0.1471881034900432,14.718810349004322,0.0109913500966181,0.4377785753882945,0.2839,0.0,1.0,0.0,False,single_elimination,8,False
5,1,Jennie Garth,percent,21.0,0.1288343558282208,0.1326969116065033,13.26969116065034,0.005293780277673,0.4063553056543501,0.2839,0.0,1.0,0.0,False,single_elimination,8,False
5,1,Josie Maran,percent,16.0,0.0981595092024539,0.025225212134722,2.522521213472208,0.0011970361496379,0.0696552386773438,0.2839,0.0,0.151840490797546,0.0,False,single_elimination,8,True
5,1,Marie Osmond,percent,21.0,0.1288343558282208,0.1393501704278921,13.935017042789214,0.0064685430019351,0.4283993022267674,0.2839,0.0,1.0,0.0,False,single_elimination,8,False
5,1,Mark Cuban,percent,21.0,0.1288343558282208,0.1387074674382725,13.870746743827253,0.005217959718943,0.4255227504777605,0.2839,0.0,1.0,0.0,False,single_elimination,8,False
5,1,Sabrina Bryan,percent,26.0,0.1595092024539877,0.138094855474374,13.809485547437411,0.0047684283376823,0.4329275158095085,0.2839,0.0,1.0,0.0,False,single_elimination,8,False
5,1,Wayne Newton,percent,19.0,0.1165644171779141,0.1416963016211523,14.16963016211524,0.0079550309711496,0.4435099928815856,0.2839,0.0,1.0,0.0,False,single_elimination,8,False
5,2,Albert Reed,percent,21.0,0.1438356164383561,0.0223885875869266,2.238858758692668,0.0007803908868465,0.0680121685516374,0.118,0.0,0.1418786692759295,0.0,False,single_elimination,7,True
5,2,Floyd Mayweather Jr. ,percent,21.0,0.1438356164383561,0.158268448499631,15.8268448499631,0.0147478674827794,0.43905496757535,0.118,-0.0,0.9383561643835616,0.0,False,single_elimination,7,False
5,2,Jennie Garth,percent,21.0,0.1438356164383561,0.1580103103564778,15.80103103564778,0.0176917886128491,0.4374051117434024,0.118,0.0,0.9383561643835616,0.0,False,single_elimination,7,False
5,2,Marie Osmond,percent,24.0,0.1643835616438356,0.1386618547901565,13.866185479015646,0.0081105843086163,0.4327068252394146,0.118,0.0,0.9383561643835616,0.0,False,single_elimination,7,False
5,2,Mark Cuban,percent,18.0,0.1232876712328767,0.1781525310510213,17.815253105102126,0.0365658831704165,0.4679561343726921,0.118,0.0205479452054794,0.9589041095890412,0.0,False,single_elimination,7,False
5,2,Sabrina Bryan,percent,26.0,0.1780821917808219,0.1379758209583671,13.797582095836711,0.0064929660393415,0.420160595006209,0.118,0.0,0.9383561643835616,0.0,False,single_elimination,7,False
5,2,Wayne Newton,percent,15.0,0.1027397260273972,0.2065424467574199,20.654244675741985,0.0585161783937627,0.5061316488749558,0.118,0.0410958904109589,0.9794520547945206,0.0,False,single_elimination,7,False
5,3,Floyd Mayweather Jr. ,percent,21.0,0.1521739130434782,0.2003378574588167,20.033785745881687,0.0166224312665588,0.5647136783655226,0.3134,0.0,1.0,0.0,False,single_elimination,6,False
5,3,Jennie Garth,percent,26.0,0.1884057971014492,0.1865114182513688,18.651141825136897,0.0067772992399904,0.5518073359216603,0.3134,0.0,1.0,0.0,False,single_elimination,6,False
5,3,Marie Osmond,percent,26.0,0.1884057971014492,0.183008532221393,18.30085322213932,0.0079522078490543,0.5347997963482769,0.3134,0.0,1.0,0.0,False,single_elimination,6,False
5,3,Mark Cuban,percent,20.0,0.144927536231884,0.2035484606158335,20.35484606158337,0.0188220656200638,0.5559231574447568,0.3134,0.0,1.0,0.0,False,single_elimination,6,False
5,3,Sabrina Bryan,percent,27.0,0.1956521739130435,0.1857866786436393,18.578667864363947,0.009447688701598,0.553361465602375,0.3134,0.0,1.0,0.0,False,single_elimination,6,False
5,3,Wayne Newton,percent,18.0,0.1304347826086956,0.0408070528089477,4.080705280894778,0.0015850235643353,0.1119079015312002,0.3134,0.0,0.2028985507246377,0.0,False,single_elimination,6,True
5,4,Floyd Mayweather Jr. ,percent,23.0,0.1796875,0.0478101526540578,4.781015265405783,0.0018586091544994,0.1410909805311663,0.2658,0.0,0.2203125,0.0,False,single_elimination,5,True
5,4,Jennie Garth,percent,27.0,0.2109375,0.2279917759433922,22.799177594339216,0.017418790104623,0.6315311705452189,0.2658,0.0,0.9921875,0.0,False,single_elimination,5,False
5,4,Marie Osmond,percent,26.0,0.203125,0.2377412157702084,23.77412157702083,0.0215935667122805,0.639445074727126,0.2658,0.0,0.9921875,0.0,False,single_elimination,5,False
5,4,Mark Cuban,percent,22.0,0.171875,0.2630837467184059,26.30837467184058,0.0382842888712956,0.6682094566260625,0.2658,0.0078125,1.0,0.0,False,single_elimination,5,False
5,4,Sabrina Bryan,percent,30.0,0.234375,0.2233731089139358,22.33731089139357,0.0115967223130108,0.6462576030646007,0.2658,0.0,0.9921875,0.0,False,single_elimination,5,False
5,5,Jennie Garth,percent,25.0,0.2631578947368421,0.3100158922314021,31.001589223140265,0.0271528556933868,0.7491544488828311,0.3217,0.0,1.0,0.0,False,single_elimination,4,False
5,5,Marie Osmond,percent,21.0,0.2210526315789473,0.3346549512950172,33.46549512950177,0.0575201070579741,0.7776996498133762,0.3217,-0.0,1.0,0.0,False,single_elimination,4,False
5,5,Mark Cuban,percent,21.0,0.2210526315789473,0.0739571098965902,7.395710989659039,0.0027163709579351,0.1997976310420013,0.3217,0.0,0.2789473684210526,0.0,False,single_elimination,4,True
5,5,Sabrina Bryan,percent,28.0,0.2947368421052631,0.2813720465769888,28.137204657698923,0.0168286260587014,0.7290920111795332,0.3217,0.0,1.0,0.0,False,single_elimination,4,False
5,6,Jennie Garth,percent,27.0,0.36,0.4195057128676027,41.95057128676036,0.0718289616437751,0.846688084506495,0.3334,0.0,0.9733333333333334,0.0,False,single_elimination,3,False
5,6,Marie Osmond,percent,23.0,0.3066666666666666,0.4681789379237764,46.81789379237774,0.1199679429039296,0.8820242691477974,0.3334,0.0266666666666666,1.0,0.0,False,single_elimination,3,False
5,6,Sabrina Bryan,percent,25.0,0.3333333333333333,0.1123153492086188,11.231534920861913,0.0046272992594377,0.2821459624610509,0.3334,0.0,0.3333333333333333,0.0,False,single_elimination,3,True
5,7,Jennie Garth,percent,26.5,0.5047619047619047,0.4987972920122019,49.8797292012202,0.0228048775288634,0.9753010401085292,1.0,0.0,1.0,0.0,False,no_elimination,2,False
5,7,Marie Osmond,percent,26.0,0.4952380952380952,0.5012027079877979,50.1202707987798,0.0246989598914709,0.9771951224711366,1.0,0.0,1.0,0.0,False,no_elimination,2,False
5,8,Jennie Garth,percent,25.0,0.5050505050505051,0.501196484123642,50.119648412364185,0.0255510450386608,0.9763025261382298,1.0,0.0,1.0,0.0,False,no_elimination,2,False
5,8,Marie Osmond,percent,24.5,0.494949494949495,0.4988035158763584,49.880351587635815,0.0236974738617702,0.9744489549613392,1.0,0.0,1.0,0.0,False,no_elimination,2,False
5,9,Jennie Garth,percent,29.0,0.5087719298245614,0.2450323154886974,24.50323154886972,0.0117236464177017,0.4785138547953077,0.4969,-0.0,0.4912280701754385,0.0,False,single_elimination,2,True
5,9,Marie Osmond,percent,28.0,0.4912280701754385,0.7549676845113036,75.49676845113027,0.5214861452046923,0.9882763535822984,0.4969,0.5087719298245614,1.0,0.0,False,single_elimination,2,False
6,1,Adam Carolla,percent,15.0,0.072463768115942,0.0998622433533609,9.986224335336097,0.0028678183307238,0.3338468121235589,1.0,0.0,1.0,0.0,False,no_elimination,10,False
6,1,Jason Taylor,percent,22.0,0.1062801932367149,0.0999689798713368,9.996897987133682,0.002807250524486,0.337401926261302,1.0,0.0,1.0,0.0,False,no_elimination,10,False
6,1,Kristi Yamaguchi,percent,27.0,0.1304347826086956,0.0993278215090028,9.93278215090028,0.0025778683713373,0.3357184501834196,1.0,0.0,1.0,0.0,False,no_elimination,10,False
6,1,Mario,percent,24.0,0.1159420289855072,0.0988122937025989,9.881229370259897,0.0028335835299957,0.3335775014473489,1.0,0.0,1.0,0.0,False,no_elimination,10,False
6,1,Marissa Jaret Winokur,percent,18.0,0.0869565217391304,0.0998754839949671,9.987548399496708,0.0027645257989658,0.3330080818540804,1.0,0.0,1.0,0.0,False,no_elimination,10,False
6,1,Marlee Matlin,percent,22.0,0.1062801932367149,0.1000619757040214,10.006197570402142,0.002889665945101,0.3452233590321245,1.0,0.0,1.0,0.0,False,no_elimination,10,False
6,1,Penn Jillette,percent,16.0,0.0772946859903381,0.1002764309604109,10.02764309604109,0.002928415133999,0.3308978314505569,1.0,0.0,1.0,0.0,False,no_elimination,10,False
6,1,Priscilla Presley,percent,24.0,0.1159420289855072,0.1002118173070146,10.021181730701455,0.0029425747898651,0.3389351585167902,1.0,0.0,1.0,0.0,False,no_elimination,10,False
6,1,Shannon Elizabeth,percent,21.0,0.1014492753623188,0.1012015895639418,10.120158956394183,0.00302102634752,0.3386214241983677,1.0,0.0,1.0,0.0,False,no_elimination,10,False
6,1,Steve Guttenberg,percent,18.0,0.0869565217391304,0.1004013640333447,10.040136403334468,0.002721346658036,0.3365648077640492,1.0,0.0,1.0,0.0,False,no_elimination,10,False
6,2,Adam Carolla,percent,19.0,0.0855855855855855,0.1160811686610215,11.60811686610215,0.0073321233920386,0.3564223948733216,0.2321,0.0,0.9954954954954957,0.0,False,single_elimination,10,False
6,2,Jason Taylor,percent,27.0,0.1216216216216216,0.1034719360468618,10.347193604686176,0.0031632530386784,0.3534600903270229,0.2321,0.0,0.9954954954954957,0.0,False,single_elimination,10,False
6,2,Kristi Yamaguchi,percent,27.0,0.1216216216216216,0.1045230920508011,10.452309205080104,0.0029624808883784,0.362334227170399,0.2321,0.0,0.9954954954954957,0.0,False,single_elimination,10,False
6,2,Mario,percent,26.0,0.1171171171171171,0.1035742938213075,10.357429382130755,0.0032731251653094,0.3554165724343958,0.2321,0.0,0.9954954954954957,0.0,False,single_elimination,10,False
6,2,Marissa Jaret Winokur,percent,21.0,0.0945945945945946,0.1098769477873092,10.98769477873092,0.0044805469892142,0.362063586963472,0.2321,0.0,0.9954954954954957,0.0,False,single_elimination,10,False
6,2,Marlee Matlin,percent,24.0,0.1081081081081081,0.1032154784349267,10.321547843492668,0.0031330436507593,0.3390946690092896,0.2321,0.0,0.9954954954954957,0.0,False,single_elimination,10,False
6,2,Penn Jillette,percent,17.0,0.0765765765765765,0.0179889316770211,1.7988931677021167,0.0007850675357007,0.0497852556015496,0.2321,0.0,0.1234234234234234,0.0,False,single_elimination,10,True
6,2,Priscilla Presley,percent,21.0,0.0945945945945946,0.108614866887743,10.861486688774296,0.0051411752021283,0.3442347017652301,0.2321,0.0,0.9954954954954957,0.0,False,single_elimination,10,False
6,2,Shannon Elizabeth,percent,24.0,0.1081081081081081,0.1025243550209077,10.252435502090773,0.0034963284182516,0.3365490367662504,0.2321,0.0,0.9954954954954957,0.0,False,single_elimination,10,False
6,2,Steve Guttenberg,percent,16.0,0.072072072072072,0.1301289296121005,13.012892961210053,0.0189242269604551,0.3749049168835213,0.2321,0.0045045045045045,1.0,0.0,False,single_elimination,10,False
6,3,Adam Carolla,percent,21.0,0.1034482758620689,0.1249528494477659,12.495284944776593,0.0125476298126864,0.3698630673641176,0.1459,-0.0,0.9901477832512317,0.0,False,single_elimination,9,False
6,3,Jason Taylor,percent,23.0,0.1133004926108374,0.1178097295801971,11.78097295801972,0.0064232880609843,0.3912387948150846,0.1459,0.0,0.9901477832512317,0.0,False,single_elimination,9,False
6,3,Kristi Yamaguchi,percent,27.0,0.1330049261083744,0.1150945529000232,11.509455290002329,0.004353860044172,0.3597587393939705,0.1459,0.0,0.9901477832512317,0.0,False,single_elimination,9,False
6,3,Mario,percent,21.0,0.1034482758620689,0.1297768117835053,12.977681178350538,0.0149026492185857,0.4046768705835332,0.1459,0.0,0.9901477832512317,0.0,False,single_elimination,9,False
6,3,Marissa Jaret Winokur,percent,19.0,0.0935960591133004,0.1330517636668345,13.305176366683456,0.022401086255439,0.3697665947181027,0.1459,0.0098522167487684,1.0,0.0,False,single_elimination,9,False
6,3,Marlee Matlin,percent,21.0,0.1034482758620689,0.1259036322696864,12.590363226968645,0.0136995974925364,0.386527847038867,0.1459,0.0,0.9901477832512317,0.0,False,single_elimination,9,False
6,3,Priscilla Presley,percent,26.0,0.1280788177339901,0.1209906968498461,12.099069684984617,0.0039345060328297,0.4063387963335957,0.1459,0.0,0.9901477832512317,0.0,False,single_elimination,9,False
6,3,Shannon Elizabeth,percent,24.0,0.1182266009852216,0.1174097160039887,11.740971600398884,0.0056686722237926,0.3760932718871625,0.1459,0.0,0.9901477832512317,0.0,False,single_elimination,9,False
6,3,Steve Guttenberg,percent,21.0,0.1034482758620689,0.0150102474981521,1.5010247498152176,0.0004664888027049,0.0455859930665166,0.1459,0.0,0.1187739463601532,0.0,False,single_elimination,9,True
6,4,Adam Carolla,percent,19.0,0.0954773869346733,0.026315143509829,2.6315143509829086,0.0011176941260046,0.0714072392816518,0.2887,0.0,0.1545226130653266,0.0,False,single_elimination,8,True
6,4,Jason Taylor,percent,29.0,0.1457286432160804,0.1340528770077432,13.405287700774329,0.0054186482968996,0.4317117559505791,0.2887,0.0,1.0,0.0,False,single_elimination,8,False
6,4,Kristi Yamaguchi,percent,29.0,0.1457286432160804,0.1361938435908497,13.61938435908498,0.0050365790818749,0.4413693596544463,0.2887,0.0,1.0,0.0,False,single_elimination,8,False
6,4,Mario,percent,24.0,0.1206030150753768,0.1411059948538843,14.11059948538844,0.0076729436618277,0.4627303999845361,0.2887,0.0,1.0,0.0,False,single_elimination,8,False
6,4,Marissa Jaret Winokur,percent,24.0,0.1206030150753768,0.1402387863643444,14.023878636434448,0.0073737059050164,0.4449289049851913,0.2887,0.0,1.0,0.0,False,single_elimination,8,False
6,4,Marlee Matlin,percent,24.0,0.1206030150753768,0.1388691984581451,13.88691984581452,0.0063297508678757,0.4444836511780553,0.2887,0.0,1.0,0.0,False,single_elimination,8,False
6,4,Priscilla Presley,percent,22.0,0.1105527638190954,0.1439870937553889,14.398709375538902,0.0107962783468767,0.4361347404123109,0.2887,0.0,1.0,0.0,False,single_elimination,8,False
6,4,Shannon Elizabeth,percent,28.0,0.1407035175879397,0.1392370624598148,13.92370624598149,0.0042686904008181,0.4528180130446705,0.2887,0.0,1.0,0.0,False,single_elimination,8,False
6,5,Jason Taylor,percent,27.0,0.1560693641618497,0.1534483886483538,15.344838864835385,0.0074472814832238,0.4831151806168309,0.2468,0.0,1.0,0.0,False,single_elimination,7,False
6,5,Kristi Yamaguchi,percent,29.0,0.1676300578034682,0.1558985663509049,15.5898566350905,0.0064697751599647,0.4925801484971476,0.2468,0.0,1.0,0.0,False,single_elimination,7,False
6,5,Mario,percent,27.0,0.1560693641618497,0.1556539059516667,15.565390595166672,0.0069715226020864,0.495926902992892,0.2468,0.0,1.0,0.0,False,single_elimination,7,False
6,5,Marissa Jaret Winokur,percent,24.0,0.1387283236994219,0.1649841337036401,16.49841337036402,0.0099157211596767,0.4838599860836832,0.2468,0.0,1.0,0.0,False,single_elimination,7,False
6,5,Marlee Matlin,percent,22.0,0.1271676300578034,0.1743496822089667,17.43496822089668,0.0176013751789805,0.4996461585041092,0.2468,0.0,1.0,0.0,False,single_elimination,7,False
6,5,Priscilla Presley,percent,21.0,0.1213872832369942,0.0280205829405583,2.802058294055835,0.0009196204300083,0.0795216064086963,0.2468,0.0,0.1643270024772915,0.0,False,single_elimination,7,True
6,5,Shannon Elizabeth,percent,23.0,0.1329479768786127,0.1676447401959089,16.7644740195909,0.0121267995246105,0.4975702808791024,0.2468,0.0,1.0,0.0,False,single_elimination,7,False
6,6,Jason Taylor,percent,24.0,0.1568627450980392,0.1997023922384938,19.970239223849365,0.0152156716461005,0.5578719673675763,0.2947,0.0,1.0,0.0,False,single_elimination,6,False
6,6,Kristi Yamaguchi,percent,30.0,0.196078431372549,0.1791706073767998,17.917060737679968,0.0068541147020079,0.5558621439857453,0.2947,0.0,1.0,0.0,False,single_elimination,6,False
6,6,Mario,percent,28.0,0.1830065359477124,0.1880939514662236,18.809395146622357,0.0093820755310741,0.5506759695484312,0.2947,0.0,1.0,0.0,False,single_elimination,6,False
6,6,Marissa Jaret Winokur,percent,26.0,0.1699346405228758,0.1938662980685782,19.38662980685781,0.0137561669911423,0.5586017591925516,0.2947,0.0,1.0,0.0,False,single_elimination,6,False
6,6,Marlee Matlin,percent,21.0,0.1372549019607843,0.0384186130710887,3.841861307108876,0.001248391947132,0.1069279747293127,0.2947,0.0,0.196078431372549,0.0,False,single_elimination,6,True
6,6,Shannon Elizabeth,percent,24.0,0.1568627450980392,0.2007481377788162,20.074813777881616,0.0156600097601478,0.542559305189481,0.2947,0.0,1.0,0.0,False,single_elimination,6,False
6,7,Jason Taylor,percent,27.5,0.2091254752851711,0.2328208338782605,23.282083387826077,0.0182112378820404,0.6192920952825697,0.2295,0.0,1.0,0.0,False,single_elimination,5,False
6,7,Kristi Yamaguchi,percent,27.0,0.2053231939163498,0.2334149732864409,23.34149732864411,0.0248052518053821,0.6196861787438996,0.2295,0.0,1.0,0.0,False,single_elimination,5,False
6,7,Mario,percent,25.5,0.1939163498098859,0.2487427577222111,24.874275772221136,0.0326479192611239,0.6387094994778472,0.2295,-0.0,1.0,0.0,False,single_elimination,5,False
6,7,Marissa Jaret Winokur,percent,26.0,0.1977186311787072,0.2428145975231075,24.28145975231077,0.0295198505171579,0.6328558077048496,0.2295,0.0,1.0,0.0,False,single_elimination,5,False
6,7,Shannon Elizabeth,percent,25.5,0.1939163498098859,0.042206837589979,4.220683758997907,0.0012719581845473,0.1258622138790869,0.2295,0.0,0.206083650190114,0.0,False,single_elimination,5,True
6,8,Jason Taylor,percent,26.0,0.2476190476190476,0.3183281959395779,31.832819593957783,0.0552368129980945,0.7380184935262013,0.2391,0.0047619047619047,0.9857142857142858,0.0,False,single_elimination,4,False
6,8,Kristi Yamaguchi,percent,27.5,0.2619047619047619,0.2968640223151681,29.686402231516805,0.0367570558180892,0.7169260997819801,0.2391,0.0,0.980952380952381,0.0,False,single_elimination,4,False
6,8,Mario,percent,26.5,0.2523809523809524,0.0624007871235557,6.240078712355574,0.0021505280912239,0.17131887693223,0.2391,0.0,0.2476190476190476,0.0,False,single_elimination,4,True
6,8,Marissa Jaret Winokur,percent,25.0,0.238095238095238,0.3224069946216983,32.24069946216983,0.0651949728573986,0.744826221447685,0.2391,0.0142857142857142,0.9952380952380953,0.0,False,single_elimination,4,False
6,9,Jason Taylor,percent,27.5,0.3353658536585366,0.4459580215580964,44.59580215580964,0.0779492899388018,0.8851389491226073,0.371,0.0,1.0,0.0,False,single_elimination,3,False
6,9,Kristi Yamaguchi,percent,28.5,0.3475609756097561,0.4355492880419084,43.55492880419084,0.0754033948550884,0.8809852674796558,0.371,0.0,1.0,0.0,False,single_elimination,3,False
6,9,Marissa Jaret Winokur,percent,26.0,0.3170731707317073,0.1184926903999953,11.84926903999953,0.0048700319296117,0.295402177121586,0.371,0.0,0.3495934959349593,0.0,False,single_elimination,3,True
6,10,Jason Taylor,percent,28.5,0.4871794871794871,0.5005279524386901,50.05279524386902,0.0255836965194746,0.9748283182310116,1.0,0.0,1.0,0.0,False,no_elimination,2,False
6,10,Kristi Yamaguchi,percent,30.0,0.5128205128205128,0.4994720475613097,49.94720475613098,0.0251716817689884,0.9744163034805254,1.0,0.0,1.0,0.0,False,no_elimination,2,False
7,1,Brooke Burke,percent,24.5,0.0972222222222222,0.0817641745030337,8.176417450303378,0.0020597558018816,0.267019360435054,0.0487,0.0,0.9861111111111112,0.0,False,multi_elimination_2,13,False
7,1,Cloris Leachman,percent,16.0,0.0634920634920634,0.0994156242346906,9.941562423469067,0.0204850790985244,0.2743042267328625,0.0487,0.0099206349206349,0.996031746031746,0.0,False,multi_elimination_2,13,False
7,1,Cody Linley,percent,20.5,0.0813492063492063,0.0885668695018088,8.856686950180887,0.006289827736088,0.2707675000215586,0.0487,0.0,0.9861111111111112,0.0,False,multi_elimination_2,13,False
7,1,Jeffrey Ross,percent,12.0,0.0476190476190476,0.0207746369857391,2.0774636985739168,0.0005975510568957,0.0479842714918807,0.0487,0.0,0.1129298941798942,0.0,False,multi_elimination_2,13,True
7,1,Kim Kardashian,percent,18.5,0.0734126984126984,0.0940642072135671,9.40642072135671,0.0106607545779769,0.2921724229117208,0.0487,-0.0,0.9861111111111112,0.0,False,multi_elimination_2,13,False
7,1,Lance Bass,percent,21.5,0.0853174603174603,0.0848985888497824,8.489858884978247,0.0037929538989962,0.2721659887629937,0.0487,0.0,0.9861111111111112,0.0,False,multi_elimination_2,13,False
7,1,Maurice Greene,percent,19.5,0.0773809523809523,0.090381397936626,9.038139793662602,0.0066270768824798,0.2891117458020145,0.0487,0.0,0.9861111111111112,0.0,False,multi_elimination_2,13,False
7,1,Misty May-Treanor,percent,21.0,0.0833333333333333,0.0855018042281528,8.550180422815286,0.0032528252877168,0.2680707668931309,0.0487,0.0,0.9861111111111112,0.0,False,multi_elimination_2,13,False
7,1,Rocco DiSpirito,percent,17.5,0.0694444444444444,0.0953250981671311,9.532509816713116,0.0129663838219045,0.2777019391901977,0.0487,0.0039682539682539,0.9900793650793652,0.0,False,multi_elimination_2,13,False
7,1,Susan Lucci,percent,18.5,0.0734126984126984,0.0852074759800413,8.520747598004132,0.0102962026462172,0.2640139924183546,0.0487,0.0,0.9861111111111112,0.0,False,multi_elimination_2,13,False
7,1,Ted McGinley,percent,18.5,0.0734126984126984,0.0097671711550733,0.9767171155073378,0.0003017812194792,0.0293328389486824,0.0487,0.0,0.0892857142857142,0.0,False,multi_elimination_2,13,True
7,1,Toni Braxton,percent,22.5,0.0892857142857142,0.0862292205245613,8.622922052456131,0.0033805388897961,0.2893330039433724,0.0487,0.0,0.9861111111111112,0.0,False,multi_elimination_2,13,False
7,1,Warren Sapp,percent,21.5,0.0853174603174603,0.0781037307197919,7.810373071979199,0.0032315726172202,0.246222115977283,0.0487,0.0,0.9861111111111112,0.0,False,multi_elimination_2,13,False
7,2,Brooke Burke,percent,24.0,0.1085972850678733,0.0919111594413583,9.191115944135834,0.0024135857547674,0.3142325906878933,0.1737,0.0,0.986425339366516,0.0,False,single_elimination,11,False
7,2,Cloris Leachman,percent,15.0,0.0678733031674208,0.122452351420882,12.245235142088202,0.020196267444865,0.3690323266681361,0.1737,0.0090497737556561,0.995475113122172,0.0,False,single_elimination,11,False
7,2,Cody Linley,percent,21.0,0.0950226244343891,0.0923946576196621,9.239465761966212,0.0036899070401435,0.3104730544670557,0.1737,0.0,0.986425339366516,0.0,False,single_elimination,11,False
7,2,Kim Kardashian,percent,17.0,0.0769230769230769,0.0134820694101885,1.348206941018856,0.0004119072985118,0.0379295021946174,0.1737,0.0,0.1048951048951048,0.0,False,single_elimination,11,True
7,2,Lance Bass,percent,20.0,0.090497737556561,0.0911480781003678,9.114807810036783,0.0042381859931152,0.3040863414475572,0.1737,0.0,0.986425339366516,0.0,False,single_elimination,11,False
7,2,Maurice Greene,percent,19.0,0.085972850678733,0.1019040229134211,10.190402291342114,0.0061829720635617,0.3182915147902488,0.1737,0.0,0.986425339366516,0.0,False,single_elimination,11,False
7,2,Misty May-Treanor,percent,21.0,0.0950226244343891,0.0939913616650352,9.399136166503515,0.0033096745078645,0.2974815138130819,0.1737,0.0,0.986425339366516,0.0,False,single_elimination,11,False
7,2,Rocco DiSpirito,percent,16.0,0.0723981900452488,0.1084170859786686,10.841708597866864,0.0152436901924968,0.3256200498679671,0.1737,0.004524886877828,0.990950226244344,0.0,False,single_elimination,11,False
7,2,Susan Lucci,percent,21.0,0.0950226244343891,0.0973233520694255,9.732335206942546,0.0039436723517665,0.3083320991264733,0.1737,0.0,0.986425339366516,0.0,False,single_elimination,11,False
7,2,Toni Braxton,percent,23.0,0.1040723981900452,0.0977671997067155,9.776719970671554,0.0039572941040194,0.3024785857721345,0.1737,0.0,0.986425339366516,0.0,False,single_elimination,11,False
7,2,Warren Sapp,percent,24.0,0.1085972850678733,0.0892086616742754,8.920866167427539,0.0030331538650133,0.300276957572697,0.1737,0.0,0.986425339366516,0.0,False,single_elimination,11,False
7,3,Brooke Burke,percent,28.0,0.1407035175879397,0.1117971931425835,11.17971931425835,0.0034833785309271,0.3727575052866514,1.0,0.0,1.0,0.0,False,no_elimination,9,False
7,3,Cloris Leachman,percent,16.0,0.0804020100502512,0.1110666601025054,11.106666010250535,0.0026523577930362,0.3679764579915739,1.0,0.0,1.0,0.0,False,no_elimination,9,False
7,3,Cody Linley,percent,21.0,0.1055276381909547,0.1108238767304075,11.082387673040747,0.0030820638724221,0.3673193592243687,1.0,0.0,1.0,0.0,False,no_elimination,9,False
7,3,Lance Bass,percent,22.0,0.1105527638190954,0.1115923462687333,11.15923462687332,0.0030295905547211,0.3693424278735808,1.0,0.0,1.0,0.0,False,no_elimination,9,False
7,3,Maurice Greene,percent,24.0,0.1206030150753768,0.1104061473356221,11.0406147335622,0.0032498412934527,0.3623835041383709,1.0,0.0,1.0,0.0,False,no_elimination,9,False
7,3,Rocco DiSpirito,percent,20.0,0.100502512562814,0.1107809098083628,11.07809098083628,0.00285507166594,0.3639083858737237,1.0,0.0,1.0,0.0,False,no_elimination,9,False
7,3,Susan Lucci,percent,21.0,0.1055276381909547,0.1110235143676005,11.10235143676004,0.0033395672939214,0.3745535102295125,1.0,0.0,1.0,0.0,False,no_elimination,9,False
7,3,Toni Braxton,percent,22.0,0.1105527638190954,0.1121400152144379,11.21400152144379,0.0032300665064081,0.3785646834531038,1.0,0.0,1.0,0.0,False,no_elimination,9,False
7,3,Warren Sapp,percent,25.0,0.1256281407035175,0.1103693370297473,11.03693370297472,0.0032555742486278,0.3700227499884032,1.0,0.0,1.0,0.0,False,no_elimination,9,False
7,4,Brooke Burke,percent,26.0,0.1280788177339901,0.1179387843083484,11.793878430834829,0.0044213299011674,0.3899458478680382,0.2623,0.0,1.0,0.0,False,single_elimination,9,False
7,4,Cloris Leachman,percent,22.0,0.1083743842364532,0.1239256486935652,12.392564869356503,0.0066985906167374,0.405990828462247,0.2623,0.0,1.0,0.0,False,single_elimination,9,False
7,4,Cody Linley,percent,23.0,0.1133004926108374,0.1224855097936641,12.248550979366394,0.0055086236817056,0.4012440876841894,0.2623,0.0,1.0,0.0,False,single_elimination,9,False
7,4,Lance Bass,percent,26.0,0.1280788177339901,0.1167724664867116,11.677246648671144,0.0034789808138554,0.3812804630218726,0.2623,0.0,1.0,0.0,False,single_elimination,9,False
7,4,Maurice Greene,percent,20.0,0.0985221674876847,0.1303976618699165,13.039766186991637,0.0088091174093525,0.3873973606630116,0.2623,0.0,1.0,0.0,False,single_elimination,9,False
7,4,Rocco DiSpirito,percent,18.0,0.0886699507389162,0.0204229533905315,2.0422953390531484,0.0009841731100635,0.0577237109358618,0.2623,0.0,0.1335522714833059,0.0,False,single_elimination,9,True
7,4,Susan Lucci,percent,24.0,0.1182266009852216,0.1232662862262063,12.32662862262062,0.0046393654646674,0.391487694184807,0.2623,0.0,1.0,0.0,False,single_elimination,9,False
7,4,Toni Braxton,percent,22.0,0.1083743842364532,0.1210099108973599,12.100991089735974,0.0060602208740032,0.3911163017749363,0.2623,0.0,1.0,0.0,False,single_elimination,9,False
7,4,Warren Sapp,percent,22.0,0.1083743842364532,0.1237807783336978,12.378077833369764,0.0067058448924667,0.3939275865310013,0.2623,0.0,1.0,0.0,False,single_elimination,9,False
7,5,Brooke Burke,percent,29.0,0.1487179487179487,0.1268562623363942,12.685626233639423,0.004629803179053,0.4113641630886616,0.1739,0.0,0.9897435897435898,0.0,False,single_elimination,8,False
7,5,Cloris Leachman,percent,21.0,0.1076923076923077,0.1460022361054561,14.600223610545612,0.0226048535796631,0.4341172742847318,0.1739,0.0051282051282051,0.9948717948717948,0.0,False,single_elimination,8,False
7,5,Cody Linley,percent,28.0,0.1435897435897435,0.1332350422108753,13.323504221087529,0.0056105897984804,0.416219836075365,0.1739,0.0,0.9897435897435898,0.0,False,single_elimination,8,False
7,5,Lance Bass,percent,21.0,0.1076923076923077,0.1551674439851743,15.51674439851743,0.0222601396153044,0.4266145547186671,0.1739,0.0051282051282051,0.9948717948717948,0.0,False,single_elimination,8,False
7,5,Maurice Greene,percent,27.0,0.1384615384615384,0.1328206135529039,13.28206135529039,0.0049534230528434,0.4160794838019476,0.1739,0.0,0.9897435897435898,0.0,False,single_elimination,8,False
7,5,Susan Lucci,percent,22.0,0.1128205128205128,0.1469640469044238,14.696404690442384,0.0164067439950604,0.4195615928128081,0.1739,0.0,0.9897435897435898,0.0,False,single_elimination,8,False
7,5,Toni Braxton,percent,22.0,0.1128205128205128,0.0207015290215003,2.070152902150039,0.0007532585913534,0.0589811381377072,0.1739,0.0,0.1371794871794871,0.0,False,single_elimination,8,True
7,5,Warren Sapp,percent,25.0,0.1282051282051282,0.138252825883272,13.825282588327198,0.0081242479429834,0.4211940172799206,0.1739,0.0,0.9897435897435898,0.0,False,single_elimination,8,False
7,6,Brooke Burke,percent,26.0,0.1625,0.1593616574940416,15.936165749404132,0.0051705300484058,0.4911078748298638,0.3864,0.0,1.0,0.0,False,single_elimination,7,False
7,6,Cloris Leachman,percent,15.0,0.09375,0.0390001839822179,3.900018398221789,0.0017246583177706,0.1006547771832615,0.3864,0.0,0.1919642857142857,0.0,False,single_elimination,7,True
7,6,Cody Linley,percent,23.0,0.14375,0.1609270568501253,16.09270568501251,0.007071123302654,0.4896795584347969,0.3864,0.0,1.0,0.0,False,single_elimination,7,False
7,6,Lance Bass,percent,27.0,0.16875,0.1558016388731446,15.580163887314432,0.0046414528505962,0.4902858517474397,0.3864,0.0,1.0,0.0,False,single_elimination,7,False
7,6,Maurice Greene,percent,21.0,0.13125,0.1667821167510663,16.678211675106606,0.0087249170107704,0.5049310389028804,0.3864,0.0,1.0,0.0,False,single_elimination,7,False
7,6,Susan Lucci,percent,23.0,0.14375,0.1640814514389008,16.408145143890053,0.0064753562502817,0.4999134841113816,0.3864,0.0,1.0,0.0,False,single_elimination,7,False
7,6,Warren Sapp,percent,25.0,0.15625,0.1540458946105048,15.40458946105046,0.0061983205678724,0.4932721956177524,0.3864,0.0,1.0,0.0,False,single_elimination,7,False
7,7,Brooke Burke,percent,30.0,0.2040816326530612,0.1746712763707068,17.467127637070686,0.0076500606797559,0.5423955127955846,0.1664,0.0,0.9659863945578232,0.0,False,single_elimination,6,False
7,7,Cody Linley,percent,22.0,0.1496598639455782,0.2078401454962659,20.7840145496266,0.0357343732915355,0.5380685377154616,0.1664,0.0136054421768707,0.979591836734694,0.0,False,single_elimination,6,False
7,7,Lance Bass,percent,25.0,0.1700680272108843,0.1896949978934594,18.969499789345942,0.0177155926369692,0.5210233010310661,0.1664,0.0,0.9659863945578232,0.0,False,single_elimination,6,False
7,7,Maurice Greene,percent,25.0,0.1700680272108843,0.1828234249904971,18.28234249904972,0.0198341368516866,0.5072898408975743,0.1664,0.0,0.9659863945578232,0.0,False,single_elimination,6,False
7,7,Susan Lucci,percent,24.0,0.1632653061224489,0.0291046186841257,2.910461868412579,0.0008728033747591,0.0853796224468193,0.1664,0.0,0.1700680272108843,0.0,False,single_elimination,6,True
7,7,Warren Sapp,percent,21.0,0.1428571428571428,0.2158655365649447,21.58655365649448,0.0426999844460057,0.5727326083436157,0.1664,0.0204081632653061,0.9863945578231292,0.0,False,single_elimination,6,False
7,8,Brooke Burke,percent,27.5,0.2156862745098039,0.23499990137028,23.499990137028,0.0178058132299347,0.6385524764844789,0.2563,0.0,1.0,0.0,False,single_elimination,5,False
7,8,Cody Linley,percent,24.0,0.188235294117647,0.2443034150015457,24.43034150015457,0.0330780620877204,0.6358528930455539,0.2563,-0.0,1.0,0.0,False,single_elimination,5,False
7,8,Lance Bass,percent,25.0,0.196078431372549,0.2404463872949059,24.044638729490583,0.026374605216309,0.635247229738232,0.2563,0.0,1.0,0.0,False,single_elimination,5,False
7,8,Maurice Greene,percent,24.0,0.188235294117647,0.0420118999508715,4.201189995087156,0.0015149701752424,0.1195558982630079,0.2563,0.0,0.2117647058823529,0.0,False,single_elimination,5,True
7,8,Warren Sapp,percent,27.0,0.2117647058823529,0.2382383963823971,23.823839638239708,0.019795600113453,0.6315308782554915,0.2563,0.0,1.0,0.0,False,single_elimination,5,False
7,9,Brooke Burke,percent,24.5,0.2437810945273631,0.3167661931318116,31.676619313181163,0.0317373005325834,0.7624629784204686,0.3095,0.0,1.0,0.0,False,single_elimination,4,False
7,9,Cody Linley,percent,23.0,0.2288557213930348,0.0693054513163014,6.930545131630147,0.0025547177458515,0.1901791524464598,0.3095,0.0,0.2711442786069651,0.0,False,single_elimination,4,True
7,9,Lance Bass,percent,28.5,0.2835820895522388,0.2925939333171226,29.259393331712264,0.0197125421649063,0.751630950600737,0.3095,0.0,1.0,0.0,False,single_elimination,4,False
7,9,Warren Sapp,percent,24.5,0.2437810945273631,0.3213344222347642,32.13344222347644,0.038013148064254,0.7699837770144299,0.3095,0.0,1.0,0.0,False,single_elimination,4,False
7,10,Brooke Burke,percent,30.0,0.3529411764705882,0.3339231450318253,33.39231450318253,0.0124179798264071,0.8382784526622263,1.0,0.0,1.0,0.0,False,no_elimination,3,False
7,10,Lance Bass,percent,27.5,0.3235294117647059,0.3297457813278298,32.97457813278298,0.0127804298382787,0.840669756989314,1.0,0.0,1.0,0.0,False,no_elimination,3,False
7,10,Warren Sapp,percent,27.5,0.3235294117647059,0.3363310736403448,33.63310736403449,0.0128129750393855,0.8468816799413135,1.0,0.0,1.0,0.0,False,no_elimination,3,False
8,1,Belinda Carlisle,percent,17.0,0.0841584158415841,0.0905795961956361,9.057959619563606,0.0026765683648799,0.3068341341281,1.0,0.0,1.0,0.0,False,no_elimination,11,False
8,1,Chuck Wicks,percent,20.0,0.099009900990099,0.0913112575351049,9.131125753510478,0.0025179970479779,0.3075065945678464,1.0,0.0,1.0,0.0,False,no_elimination,11,False
8,1,David Alan Grier,percent,19.0,0.094059405940594,0.0904254121497193,9.042541214971925,0.0025918076424546,0.3076446230286309,1.0,0.0,1.0,0.0,False,no_elimination,11,False
8,1,Denise Richards,percent,18.0,0.0891089108910891,0.0919911951667418,9.19911951667417,0.0028852719021026,0.3071098679462928,1.0,0.0,1.0,0.0,False,no_elimination,11,False
8,1,Holly Madison,percent,18.0,0.0891089108910891,0.0908856012139758,9.08856012139757,0.0029013993001274,0.3058490662095919,1.0,0.0,1.0,0.0,False,no_elimination,11,False
8,1,Lawrence Taylor,percent,16.0,0.0792079207920792,0.0915075696865629,9.150756968656284,0.0027698139714997,0.3136987447629399,1.0,0.0,1.0,0.0,False,no_elimination,11,False
8,1,Lil' Kim,percent,21.0,0.1039603960396039,0.0911717294690431,9.117172946904306,0.0023564980592933,0.311544657393644,1.0,0.0,1.0,0.0,False,no_elimination,11,False
8,1,Melissa Rycroft,percent,23.0,0.1138613861386138,0.090412794024632,9.041279402463188,0.0024131796424641,0.3101456143415288,1.0,0.0,1.0,0.0,False,no_elimination,11,False
8,1,Shawn Johnson,percent,23.0,0.1138613861386138,0.0910419271830681,9.104192718306804,0.0021081926833618,0.3082210401050063,1.0,0.0,1.0,0.0,False,no_elimination,11,False
8,1,Steve Wozniak,percent,13.0,0.0643564356435643,0.0897456086263636,8.974560862636348,0.0025230017264546,0.3047574541899469,1.0,0.0,1.0,0.0,False,no_elimination,11,False
8,1,Ty Murray,percent,14.0,0.0693069306930693,0.0909273087491533,9.09273087491532,0.0026185684044653,0.3082512712097146,1.0,0.0,1.0,0.0,False,no_elimination,11,False
8,2,Belinda Carlisle,percent,18.0,0.0803571428571428,0.0113633074896805,1.1363307489680574,0.0005320911754766,0.0333474238683163,0.1444,0.0,0.1014610389610389,0.0,False,single_elimination,11,True
8,2,Chuck Wicks,percent,20.0,0.0892857142857142,0.0964915478345408,9.64915478345408,0.0044066016743955,0.3194715297504165,0.1444,0.0,0.9910714285714286,0.0,False,single_elimination,11,False
8,2,David Alan Grier,percent,17.0,0.0758928571428571,0.1064050722883322,10.640507228833222,0.015555450813802,0.3173835026672062,0.1444,0.0044642857142857,0.9955357142857144,0.0,False,single_elimination,11,False
8,2,Denise Richards,percent,21.0,0.09375,0.0954548397761509,9.545483977615094,0.0049055940733888,0.3041162445635307,0.1444,0.0,0.9910714285714286,0.0,False,single_elimination,11,False
8,2,Holly Madison,percent,18.0,0.0803571428571428,0.1048984785091405,10.489847850914051,0.0089365175374341,0.3186645404540382,0.1444,0.0,0.9910714285714286,0.0,False,single_elimination,11,False
8,2,Lawrence Taylor,percent,20.0,0.0892857142857142,0.0988627908560241,9.886279085602412,0.004594412237311,0.3236806980029967,0.1444,0.0,0.9910714285714286,0.0,False,single_elimination,11,False
8,2,Lil' Kim,percent,23.0,0.1026785714285714,0.0933501760242736,9.335017602427364,0.0029572510143792,0.3199748238872438,0.1444,0.0,0.9910714285714286,0.0,False,single_elimination,11,False
8,2,Melissa Rycroft,percent,26.0,0.1160714285714285,0.0902075488634721,9.020754886347216,0.0024848914879334,0.3041866826954012,0.1444,0.0,0.9910714285714286,0.0,False,single_elimination,11,False
8,2,Shawn Johnson,percent,24.0,0.1071428571428571,0.0916192205678884,9.16192205678884,0.0026624321219657,0.2882299222937703,0.1444,0.0,0.9910714285714286,0.0,False,single_elimination,11,False
8,2,Steve Wozniak,percent,17.0,0.0758928571428571,0.1087799602807806,10.87799602807806,0.0147600875559681,0.3356289620386316,0.1444,0.0044642857142857,0.9955357142857144,0.0,False,single_elimination,11,False
8,2,Ty Murray,percent,20.0,0.0892857142857142,0.1025670575097159,10.256705750971594,0.005798511867405,0.3290399090981104,0.1444,0.0,0.9910714285714286,0.0,False,single_elimination,11,False
8,3,Chuck Wicks,percent,23.0,0.1084905660377358,0.1012986737685449,10.129867376854492,0.0038994650875944,0.3109841576810824,0.1954,0.0,0.9716981132075472,0.0,False,single_elimination,10,False
8,3,David Alan Grier,percent,24.0,0.1132075471698113,0.1021763436889147,10.217634368891474,0.003045160813304,0.3337090893944621,0.1954,0.0,0.9716981132075472,0.0,False,single_elimination,10,False
8,3,Denise Richards,percent,16.0,0.0754716981132075,0.019500505017667,1.9500505017667005,0.0006387701633124,0.0530430990341559,0.1954,0.0,0.1245283018867924,0.0,False,single_elimination,10,True
8,3,Holly Madison,percent,17.0,0.080188679245283,0.1143159532005104,11.431595320051043,0.0108520455121695,0.3424276610009362,0.1954,0.0,0.9716981132075472,0.0,False,single_elimination,10,False
8,3,Lawrence Taylor,percent,20.0,0.0943396226415094,0.1061111004493407,10.611110044934073,0.0049720410324255,0.3481088299712062,0.1954,0.0,0.9716981132075472,0.0,False,single_elimination,10,False
8,3,Lil' Kim,percent,25.0,0.1179245283018868,0.0997893453274536,9.97893453274536,0.0025610822649558,0.3297071172073458,0.1954,0.0,0.9716981132075472,0.0,False,single_elimination,10,False
8,3,Melissa Rycroft,percent,27.0,0.1273584905660377,0.0992108920207396,9.92108920207396,0.0023106243595013,0.3182539250138029,0.1954,0.0,0.9716981132075472,0.0,False,single_elimination,10,False
8,3,Shawn Johnson,percent,27.0,0.1273584905660377,0.1019896347102907,10.198963471029074,0.0034044988120167,0.3266858810129118,0.1954,0.0,0.9716981132075472,0.0,False,single_elimination,10,False
8,3,Steve Wozniak,percent,10.0,0.0471698113207547,0.1489214622031316,14.89214622031316,0.0414548723691872,0.3814598849736704,0.1954,0.0283018867924528,1.0,0.0,False,single_elimination,10,False
8,3,Ty Murray,percent,23.0,0.1084905660377358,0.1066860896134065,10.668608961340654,0.0047583316208741,0.3465587229353628,0.1954,0.0,0.9716981132075472,0.0,False,single_elimination,10,False
8,4,Chuck Wicks,percent,22.0,0.1116751269035533,0.1320490820337365,13.20490820337366,0.0072674233739843,0.3863311826610838,0.1572,0.0,1.0,0.0,False,multi_elimination_2,9,False
8,4,David Alan Grier,percent,22.0,0.1116751269035533,0.1376741774289011,13.767417742890114,0.0096041462890349,0.4018498871037799,0.1572,0.0,1.0,0.0,False,multi_elimination_2,9,False
8,4,Holly Madison,percent,16.0,0.0812182741116751,0.0289709528775448,2.8970952877544907,0.0012255858162852,0.0755106876424627,0.1572,0.0,0.1611675126903553,0.0,False,multi_elimination_2,9,True
8,4,Lawrence Taylor,percent,19.0,0.0964467005076142,0.1496006961940225,14.960069619402258,0.0152444940609761,0.4322899797436049,0.1572,0.0,1.0,0.0,False,multi_elimination_2,9,False
8,4,Lil' Kim,percent,27.0,0.1370558375634517,0.125643559631362,12.564355963136208,0.0049015580269774,0.404158381471806,0.1572,0.0,1.0,0.0,False,multi_elimination_2,9,False
8,4,Melissa Rycroft,percent,29.0,0.1472081218274111,0.1256994959771654,12.569949597716551,0.0042342018880294,0.4137939306627679,0.1572,0.0,1.0,0.0,False,multi_elimination_2,9,False
8,4,Shawn Johnson,percent,25.0,0.1269035532994923,0.1290701128518002,12.907011285180031,0.0049265632505119,0.3941601711491626,0.1572,0.0,1.0,0.0,False,multi_elimination_2,9,False
8,4,Steve Wozniak,percent,12.0,0.0609137055837563,0.0379509021601881,3.795090216018819,0.0014868818766077,0.0914715776405589,0.1572,0.0,0.1789340101522842,0.0,False,multi_elimination_2,9,True
8,4,Ty Murray,percent,25.0,0.1269035532994923,0.1333410208452785,13.33410208452786,0.0062700651687482,0.4081652791257168,0.1572,0.0,1.0,0.0,False,multi_elimination_2,9,False
8,5,Chuck Wicks,percent,23.0,0.1411042944785276,0.1635252659361998,16.352526593619988,0.0154229450492407,0.4771073522068974,0.1813,0.0,0.98159509202454,0.0,False,single_elimination,7,False
8,5,David Alan Grier,percent,22.0,0.1349693251533742,0.0236384935448201,2.3638493544820163,0.0011550023676117,0.0730410995148111,0.1813,0.0,0.1507449605609115,0.0,False,single_elimination,7,True
8,5,Lawrence Taylor,percent,20.0,0.1226993865030674,0.1863059105192222,18.63059105192223,0.0308888806704652,0.476752543167405,0.1813,0.0122699386503067,0.9938650306748468,0.0,False,single_elimination,7,False
8,5,Lil' Kim,percent,26.0,0.1595092024539877,0.1479958502299136,14.79958502299137,0.009136024993404,0.4479557523160322,0.1813,0.0,0.98159509202454,0.0,False,single_elimination,7,False
8,5,Melissa Rycroft,percent,25.0,0.1533742331288343,0.1527445644503945,15.274456445039457,0.007973362137939,0.4564195204284563,0.1813,0.0,0.98159509202454,0.0,False,single_elimination,7,False
8,5,Shawn Johnson,percent,26.0,0.1595092024539877,0.1548464231060921,15.484642310609214,0.00692222975487,0.4652327852778045,0.1813,0.0,0.98159509202454,0.0,False,single_elimination,7,False
8,5,Ty Murray,percent,21.0,0.1288343558282208,0.1709434922133571,17.094349221335726,0.025334249142573,0.4757211773381338,0.1813,0.0061349693251533,0.9877300613496932,0.0,False,single_elimination,7,False
8,6,Chuck Wicks,percent,23.0,0.1597222222222222,0.1659027758319564,16.590277583195665,0.0048217747174262,0.5170167452025658,1.0,0.0,1.0,0.0,False,no_elimination,6,False
8,6,Lawrence Taylor,percent,22.0,0.1527777777777778,0.1665757231182388,16.6575723118239,0.0054264723682394,0.5222529733497709,1.0,0.0,1.0,0.0,False,no_elimination,6,False
8,6,Lil' Kim,percent,28.0,0.1944444444444444,0.1666161527530806,16.66161527530808,0.0057813297038295,0.5142813909292393,1.0,0.0,1.0,0.0,False,no_elimination,6,False
8,6,Melissa Rycroft,percent,27.0,0.1875,0.1670866756444184,16.70866756444186,0.0059409217223975,0.5133939243761786,1.0,0.0,1.0,0.0,False,no_elimination,6,False
8,6,Shawn Johnson,percent,26.0,0.1805555555555555,0.1662346263482602,16.62346263482604,0.0048720605015624,0.5175454693859312,1.0,0.0,1.0,0.0,False,no_elimination,6,False
8,6,Ty Murray,percent,18.0,0.125,0.1675840463040443,16.758404630404446,0.0055477396305479,0.5165430539291022,1.0,0.0,1.0,0.0,False,no_elimination,6,False
8,7,Chuck Wicks,percent,27.0,0.1741935483870967,0.1945542313023358,19.455423130233577,0.0094551965407494,0.5817065618247271,0.3046,0.0,1.0,0.0,False,single_elimination,6,False
8,7,Lawrence Taylor,percent,21.0,0.1354838709677419,0.0390293171544464,3.9029317154446472,0.0012701777188199,0.1088751240145502,0.3046,0.0,0.1978494623655913,0.0,False,single_elimination,6,True
8,7,Lil' Kim,percent,26.0,0.1677419354838709,0.1939284554255778,19.39284554255777,0.0106696128890113,0.5768308171261638,0.3046,0.0,1.0,0.0,False,single_elimination,6,False
8,7,Melissa Rycroft,percent,29.0,0.1870967741935484,0.1832670695472809,18.326706954728085,0.0090031274783406,0.5603180092854,0.3046,0.0,1.0,0.0,False,single_elimination,6,False
8,7,Shawn Johnson,percent,28.0,0.1806451612903225,0.190248811129666,19.0248811129666,0.0101185865651157,0.5629449351140343,0.3046,0.0,1.0,0.0,False,single_elimination,6,False
8,7,Ty Murray,percent,24.0,0.1548387096774193,0.1989721154406931,19.897211544069307,0.0141506561943661,0.561686505883879,0.3046,0.0,1.0,0.0,False,single_elimination,6,False
8,8,Chuck Wicks,percent,25.5,0.1984435797665369,0.0404301788199731,4.043017881997318,0.0013528579232101,0.1203706696899465,0.1995,0.0,0.201556420233463,0.0,False,single_elimination,5,True
8,8,Lil' Kim,percent,28.0,0.2178988326848249,0.2296016288846809,22.96016288846809,0.0190672141026346,0.6144333389728143,0.1995,0.0,0.980544747081712,0.0,False,single_elimination,5,False
8,8,Melissa Rycroft,percent,23.0,0.178988326848249,0.2600417219187347,26.00417219187348,0.048219638975897,0.647738083526031,0.1995,0.0194552529182879,1.0,0.0,False,single_elimination,5,False
8,8,Shawn Johnson,percent,26.0,0.2023346303501945,0.2300493745980952,23.00493745980953,0.0272144568280511,0.6059520870184848,0.1995,0.0,0.980544747081712,0.0,False,single_elimination,5,False
8,8,Ty Murray,percent,26.0,0.2023346303501945,0.239877095778516,23.987709577851604,0.0297272701992438,0.634979133891551,0.1995,0.0,0.980544747081712,0.0,False,single_elimination,5,False
8,9,Lil' Kim,percent,26.0,0.2464454976303317,0.0634172506907995,6.341725069079946,0.002857355189434,0.1790088683346801,0.2618,0.0,0.2535545023696682,0.0,False,single_elimination,4,True
8,9,Melissa Rycroft,percent,28.5,0.2701421800947867,0.2926894780105274,29.268947801052704,0.0265455321229019,0.710393128382806,0.2618,0.0,0.971563981042654,0.0,False,single_elimination,4,False
8,9,Shawn Johnson,percent,28.0,0.2654028436018957,0.2978991334410573,29.78991334410569,0.0337189577061954,0.733222615539132,0.2618,0.0,0.971563981042654,0.0,False,single_elimination,4,False
8,9,Ty Murray,percent,23.0,0.2180094786729857,0.345994137857617,34.59941378576166,0.0808583011358827,0.7672661877392276,0.2618,0.0284360189573459,1.0,0.0,False,single_elimination,4,False
8,10,Melissa Rycroft,percent,27.5,0.3459119496855345,0.4449860691435854,44.49860691435858,0.072289234291641,0.8972202962819367,0.3947,0.0,1.0,0.0,False,single_elimination,3,False
8,10,Shawn Johnson,percent,28.0,0.3522012578616352,0.4296601264432838,42.96601264432841,0.0603679022624491,0.8806847246138814,0.3947,0.0,1.0,0.0,False,single_elimination,3,False
8,10,Ty Murray,percent,24.0,0.3018867924528302,0.12535380441313,12.535380441313016,0.0049964147799221,0.3098553588239485,0.3947,0.0,0.3647798742138364,0.0,False,single_elimination,3,True
8,11,Melissa Rycroft,percent,28.5,0.4871794871794871,0.5001767050520217,50.01767050520218,0.0226914587582767,0.975750812761198,1.0,0.0,1.0,0.0,False,no_elimination,2,False
8,11,Shawn Johnson,percent,30.0,0.5128205128205128,0.499823294947978,49.98232949479782,0.0242491872388019,0.9773085412417232,1.0,0.0,1.0,0.0,False,no_elimination,2,False
9,1,Aaron Carter,percent,31.9999,0.0938417067279142,0.0756640912227975,7.566409122279752,0.0021089273993031,0.265850812262168,0.0493,0.0,1.0,0.0,False,multi_elimination_2,14,False
9,1,Ashley Hamiliton,percent,18.9999,0.0557183942343475,0.0125245457409061,1.25245457409061,0.0007017432586865,0.0327473785661167,0.0493,0.0,0.0938417292860872,0.0,False,multi_elimination_2,14,True
9,1,Chuck Liddell,percent,22.0,0.0645163749891128,0.0895503438348642,8.955034383486424,0.0043735188096619,0.2945953878017648,0.0493,0.0,1.0,0.0,False,multi_elimination_2,14,False
9,1,Debi Mazar,percent,22.0,0.0645163749891128,0.0819735721823873,8.197357218238729,0.0069285827782341,0.2551629594170249,0.0493,0.0,1.0,0.0,False,multi_elimination_2,14,False
9,1,Donny Osmond,percent,29.9999,0.0879765817289039,0.0719037437685148,7.190374376851481,0.0022442383797073,0.2357377228343437,0.0493,0.0,1.0,0.0,False,multi_elimination_2,14,False
9,1,Kathy Ireland,percent,19.9999,0.0586509567338526,0.0930380220696364,9.303802206963647,0.0119845862680601,0.2859824248127106,0.0493,0.0,1.0,0.0,False,multi_elimination_2,14,False
9,1,Louie Vito,percent,26.9998,0.0791786009741386,0.079480757812606,7.948075781260607,0.004195312016139,0.2632627212327315,0.0493,0.0,1.0,0.0,False,multi_elimination_2,14,False
9,1,Macy Gray,percent,18.9999,0.0557183942343475,0.0127200243159864,1.2720024315986442,0.0006397388780678,0.036616468643044,0.0493,0.0,0.0938417292860872,0.0,False,multi_elimination_2,14,True
9,1,Mark Dacascos,percent,28.9998,0.0850437259731488,0.0746859365824884,7.468593658248844,0.002890567107726,0.252996973672845,0.0493,0.0,1.0,0.0,False,multi_elimination_2,14,False
9,1,Melissa Joan Hart,percent,24.0,0.0703814999881231,0.0800601551784608,8.006015517846086,0.0042552332680752,0.26995740935582,0.0493,0.0,1.0,0.0,False,multi_elimination_2,14,False
9,1,Michael Irvin,percent,19.0,0.0557186874905974,0.0926966129118405,9.269661291184054,0.0149867834733814,0.2839391109614066,0.0493,0.0,1.0,0.0,False,multi_elimination_2,14,False
9,1,Mya,percent,30.9999,0.090909144228409,0.0714592990811569,7.145929908115696,0.0025665065086829,0.2441033336034903,0.0493,0.0,1.0,0.0,False,multi_elimination_2,14,False
9,1,Natalie Coughlin,percent,26.9998,0.0791786009741386,0.0764973845905904,7.649738459059042,0.0035723330726797,0.2512147258941659,0.0493,0.0,1.0,0.0,False,multi_elimination_2,14,False
9,1,Tom DeLay,percent,19.9999,0.0586509567338526,0.0877455107077638,8.774551070776383,0.0093698326276299,0.2569330840223491,0.0493,0.0,1.0,0.0,False,multi_elimination_2,14,False
9,2,Aaron Carter,percent,27.0,0.1058823529411764,0.0867010523287239,8.670105232872398,0.0022617684347108,0.3025671223155265,0.1676,0.0,1.0,0.0,False,single_elimination,12,False
9,2,Chuck Liddell,percent,19.0,0.0745098039215686,0.0899770529702448,8.997705297024488,0.0070788102114341,0.2856055320504057,0.1676,0.0,1.0,0.0,False,single_elimination,12,False
9,2,Debi Mazar,percent,21.0,0.0823529411764705,0.0907716209315977,9.07716209315977,0.0034610942372488,0.2894923614184511,0.1676,0.0,1.0,0.0,False,single_elimination,12,False
9,2,Donny Osmond,percent,25.0,0.0980392156862745,0.0855193626706212,8.551936267062123,0.0021696966088932,0.295592109240159,0.1676,0.0,1.0,0.0,False,single_elimination,12,False
9,2,Kathy Ireland,percent,18.0,0.0705882352941176,0.0105570836124805,1.055708361248057,0.000353476853472,0.0324709884716648,0.1676,0.0,0.096078431372549,0.0,False,single_elimination,12,True
9,2,Louie Vito,percent,19.0,0.0745098039215686,0.0951351213144733,9.513512131447332,0.006331989310326,0.2988489279915293,0.1676,0.0,1.0,0.0,False,single_elimination,12,False
9,2,Mark Dacascos,percent,21.0,0.0823529411764705,0.0889631992362089,8.896319923620892,0.0031397005109773,0.2879040234152011,0.1676,0.0,1.0,0.0,False,single_elimination,12,False
9,2,Melissa Joan Hart,percent,19.0,0.0745098039215686,0.0912345279090292,9.123452790902926,0.0063955193877355,0.2942420047287696,0.1676,0.0,1.0,0.0,False,single_elimination,12,False
9,2,Michael Irvin,percent,20.0,0.0784313725490196,0.0915869169956394,9.158691699563944,0.0036740162042056,0.3051161704491462,0.1676,0.0,1.0,0.0,False,single_elimination,12,False
9,2,Mya,percent,27.0,0.1058823529411764,0.0824911076475617,8.249110764756175,0.0016954153269038,0.291499046994531,0.1676,0.0,1.0,0.0,False,single_elimination,12,False
9,2,Natalie Coughlin,percent,21.0,0.0823529411764705,0.0880587025582435,8.805870255824358,0.0044548276659146,0.2971033885144856,0.1676,0.0,1.0,0.0,False,single_elimination,12,False
9,2,Tom DeLay,percent,18.0,0.0705882352941176,0.0990042518251754,9.900425182517546,0.0098097477963713,0.3045787694398368,0.1676,-0.0,1.0,0.0,False,single_elimination,12,False
9,3,Aaron Carter,percent,21.0,0.0976744186046511,0.0926052814196749,9.260528141967493,0.0030834651699858,0.2958048879506375,0.1306,0.0,0.9767441860465116,0.0,False,single_elimination,11,False
9,3,Chuck Liddell,percent,17.0,0.0790697674418604,0.1048249942511081,10.482499425110817,0.0113255041184427,0.3097777000320461,0.1306,-0.0,0.9767441860465116,0.0,False,single_elimination,11,False
9,3,Debi Mazar,percent,17.0,0.0790697674418604,0.0125233314931648,1.2523331493164858,0.0003975433266831,0.0370746029514726,0.1306,0.0,0.1027484143763213,0.0,False,single_elimination,11,True
9,3,Donny Osmond,percent,21.0,0.0976744186046511,0.093235093599447,9.323509359944708,0.0030569960648391,0.3096183716661767,0.1306,0.0,0.9767441860465116,0.0,False,single_elimination,11,False
9,3,Louie Vito,percent,20.0,0.0930232558139534,0.0944758180627715,9.44758180627716,0.0037966395152433,0.2989884433976603,0.1306,0.0,0.9767441860465116,0.0,False,single_elimination,11,False
9,3,Mark Dacascos,percent,18.0,0.0837209302325581,0.0967451765676555,9.674517656765554,0.0067001667775925,0.2990328590454584,0.1306,0.0,0.9767441860465116,0.0,False,single_elimination,11,False
9,3,Melissa Joan Hart,percent,19.0,0.0883720930232558,0.0975547431361252,9.755474313612522,0.0048065151499009,0.30239666724934,0.1306,0.0,0.9767441860465116,0.0,False,single_elimination,11,False
9,3,Michael Irvin,percent,14.0,0.0651162790697674,0.1158969596593738,11.589695965937386,0.0241169735480214,0.3300068525059732,0.1306,0.013953488372093,0.9906976744186048,0.0,False,single_elimination,11,False
9,3,Mya,percent,27.0,0.1255813953488372,0.0900760051709888,9.007600517098885,0.0029446728099951,0.3077307190847654,0.1306,0.0,0.9767441860465116,0.0,False,single_elimination,11,False
9,3,Natalie Coughlin,percent,26.0,0.1209302325581395,0.0894567082713871,8.945670827138716,0.0027178291225508,0.3135859605253471,0.1306,0.0,0.9767441860465116,0.0,False,single_elimination,11,False
9,3,Tom DeLay,percent,15.0,0.0697674418604651,0.1126058883683027,11.260588836830271,0.0195261389580318,0.3170671620610388,0.1306,0.0093023255813953,0.986046511627907,0.0,False,single_elimination,11,False
9,4,Aaron Carter,percent,18.0,0.0932642487046632,0.1253477605555684,12.534776055556843,0.0084874395890729,0.3786147010486004,0.2049,0.0,0.9896373056994818,0.0,False,single_elimination,9,False
9,4,Chuck Liddell,percent,17.0,0.0880829015544041,0.0204055168633171,2.040551686331714,0.0007941347572546,0.0594231666751416,0.2049,0.0,0.134139320667818,0.0,False,single_elimination,9,True
9,4,Donny Osmond,percent,24.0,0.1243523316062176,0.1183450233275022,11.834502332750224,0.0054882778212692,0.3787590976517267,0.2049,0.0,0.9896373056994818,0.0,False,single_elimination,9,False
9,4,Louie Vito,percent,16.0,0.082901554404145,0.1373744807341752,13.73744807341753,0.0195181911176934,0.3953653919559104,0.2049,0.005181347150259,0.9948186528497408,0.0,False,single_elimination,9,False
9,4,Mark Dacascos,percent,22.0,0.1139896373056994,0.1173594425588348,11.735944255883483,0.0047175254882284,0.3959453567463233,0.2049,0.0,0.9896373056994818,0.0,False,single_elimination,9,False
9,4,Melissa Joan Hart,percent,28.0,0.1450777202072538,0.1154129967472781,11.541299674727815,0.0034336489879138,0.3781585231136523,0.2049,0.0,0.9896373056994818,0.0,False,single_elimination,9,False
9,4,Michael Irvin,percent,16.0,0.082901554404145,0.1414628828937315,14.146288289373157,0.0215179523833969,0.4051770255228092,0.2049,0.005181347150259,0.9948186528497408,0.0,False,single_elimination,9,False
9,4,Mya,percent,28.0,0.1450777202072538,0.1130537877670439,11.305378776704398,0.0034880150636557,0.3651035734302605,0.2049,0.0,0.9896373056994818,0.0,False,single_elimination,9,False
9,4,Natalie Coughlin,percent,24.0,0.1243523316062176,0.1112381085525482,11.123810855254824,0.003877803773837,0.382997483001105,0.2049,0.0,0.9896373056994818,0.0,False,single_elimination,9,False
9,5,Aaron Carter,percent,24.0,0.1237113402061855,0.1429722310988438,14.297223109884383,0.0101430493996278,0.434215838444724,0.1861,0.0,0.9948453608247424,0.0,False,single_elimination,8,False
9,5,Donny Osmond,percent,29.0,0.1494845360824742,0.1383905670151563,13.839056701515634,0.0058358456843482,0.4296542540136346,0.1861,0.0,0.9948453608247424,0.0,False,single_elimination,8,False
9,5,Louie Vito,percent,22.0,0.1134020618556701,0.1473074417934751,14.730744179347518,0.0159399059929687,0.4272497071793205,0.1861,-0.0,0.9948453608247424,0.0,False,single_elimination,8,False
9,5,Mark Dacascos,percent,26.0,0.134020618556701,0.1363635313422493,13.636353134224938,0.0049255251384753,0.4312340035614329,0.1861,0.0,0.9948453608247424,0.0,False,single_elimination,8,False
9,5,Melissa Joan Hart,percent,23.0,0.1185567010309278,0.1367916718624519,13.679167186245191,0.0102518358751732,0.4252270403517618,0.1861,0.0,0.9948453608247424,0.0,False,single_elimination,8,False
9,5,Michael Irvin,percent,21.0,0.1082474226804123,0.1493448230627726,14.934482306277266,0.021587263752903,0.4372538993832816,0.1861,0.0051546391752577,1.0,0.0,False,single_elimination,8,False
9,5,Mya,percent,27.0,0.1391752577319587,0.1293036917369119,12.930369173691195,0.0047993227945082,0.4145842748778372,0.1861,0.0,0.9948453608247424,0.0,False,single_elimination,8,False
9,5,Natalie Coughlin,percent,22.0,0.1134020618556701,0.0195260420881389,1.9526042088138928,0.0007998953716983,0.0573872118919221,0.1861,0.0,0.1365979381443299,0.0,False,single_elimination,8,True
9,6,Aaron Carter,percent,32.9998,0.1658286406893689,0.1767554235495998,17.675542354959983,0.0181507491653881,0.5126128917741045,0.1004,0.0,0.9899487134132062,0.0,False,multi_elimination_2,7,False
9,6,Donny Osmond,percent,30.9999,0.1557788616448089,0.1746118936612285,17.461189366122852,0.0168762668517223,0.4918077430822902,0.1004,0.0,0.9899487134132062,0.0,False,multi_elimination_2,7,False
9,6,Louie Vito,percent,24.0,0.1206033787036543,0.0395484982319194,3.9548498231919456,0.0015952943625151,0.1069282195522478,0.1004,0.0,0.1926294752647495,0.0,False,multi_elimination_2,7,True
9,6,Mark Dacascos,percent,32.0,0.1608045049382058,0.1754628654625182,17.54628654625182,0.0124666383117368,0.4952127381330843,0.1004,0.0,0.9899487134132062,0.0,False,multi_elimination_2,7,False
9,6,Melissa Joan Hart,percent,23.9999,0.1206028761895764,0.0409952311658601,4.099523116586012,0.0017758284598757,0.1054374891303597,0.1004,0.0,0.1926298940264811,0.0,False,multi_elimination_2,7,True
9,6,Michael Irvin,percent,21.9998,0.1105520921168606,0.2196795171696677,21.967951716966777,0.0563660263445084,0.5157520362263992,0.1004,0.0100512865867937,1.0,0.0,False,multi_elimination_2,7,False
9,6,Mya,percent,33.0,0.1658296457175247,0.1729465707592061,17.294657075920618,0.0153690057237838,0.5265094360910146,0.1004,0.0,0.9899487134132062,0.0,False,multi_elimination_2,7,False
9,7,Aaron Carter,percent,26.5,0.2172131147540983,0.282866040430788,28.28660404307877,0.0554133940016905,0.6982515134447449,0.136,0.0,1.0,0.0,False,multi_elimination_2,5,False
9,7,Donny Osmond,percent,26.0,0.2131147540983606,0.2828577543436358,28.28577543436356,0.0438499501376478,0.6739136535938682,0.136,0.0,1.0,0.0,False,multi_elimination_2,5,False
9,7,Mark Dacascos,percent,21.5,0.1762295081967213,0.0708176216201523,7.08176216201523,0.0021267592762439,0.181719688662082,0.136,0.0,0.2756147540983606,0.0,False,multi_elimination_2,5,True
9,7,Michael Irvin,percent,23.5,0.1926229508196721,0.0692730303297385,6.927303032973849,0.0031184343174526,0.1804090270884941,0.136,0.0,0.2633196721311475,0.0,False,multi_elimination_2,5,True
9,7,Mya,percent,24.5,0.2008196721311475,0.2941855532756862,29.41855532756859,0.0598750693506359,0.6732388597427452,0.136,0.0,1.0,0.0,False,multi_elimination_2,5,False
9,8,Aaron Carter,percent,25.0,0.3144654088050314,0.1176488597969139,11.764885979691394,0.0053508728904949,0.2943363259969625,0.3722,0.0,0.3522012578616352,0.0,False,single_elimination,3,True
9,8,Donny Osmond,percent,25.0,0.3144654088050314,0.4626481625566279,46.2648162556628,0.0934737328838055,0.9013532259684096,0.3722,-0.0,1.0,0.0,False,single_elimination,3,False
9,8,Mya,percent,29.5,0.3710691823899371,0.419702977646458,41.97029776464581,0.0573835025765766,0.8657930749058654,0.3722,0.0,1.0,0.0,False,single_elimination,3,False
9,9,Donny Osmond,percent,24.666600000000003,0.4596275143711626,0.5026185083103858,50.26185083103859,0.0258236632665981,0.9764512670385144,1.0,0.0,1.0,0.0,False,no_elimination,2,False
9,9,Mya,percent,28.9999,0.5403724856288373,0.4973814916896141,49.73814916896141,0.0235487329614856,0.974176336733402,1.0,0.0,1.0,0.0,False,no_elimination,2,False
9,10,Donny Osmond,percent,28.9998,0.5058134058918947,0.5002158908998708,50.021589089987074,0.0246369164869931,0.9738564128517092,1.0,0.0,1.0,0.0,False,no_elimination,2,False
9,10,Mya,percent,28.3332,0.4941865941081053,0.4997841091001294,49.978410910012926,0.0261435871482906,0.9753630835130068,1.0,0.0,1.0,0.0,False,no_elimination,2,False
10,1,Buzz Aldrin,percent,14.0,0.0809248554913294,0.1106797274474648,11.067972744746497,0.002907850686082,0.3709215675348536,1.0,0.0,1.0,0.0,False,no_elimination,9,False
10,1,Chad Ochocinco,percent,18.0,0.1040462427745664,0.1121283478847436,11.212834788474376,0.0029698609636304,0.3764038178993162,1.0,0.0,1.0,0.0,False,no_elimination,9,False
10,1,Erin Andrews,percent,21.0,0.1213872832369942,0.1106563678025277,11.065636780252785,0.0032017865713936,0.3679340375546439,1.0,0.0,1.0,0.0,False,no_elimination,9,False
10,1,Evan Lysacek,percent,23.0,0.1329479768786127,0.1094566116486968,10.945661164869696,0.0032448901075102,0.3645977490354348,1.0,0.0,1.0,0.0,False,no_elimination,9,False
10,1,Jake Pavelka,percent,20.0,0.1156069364161849,0.1109720135607669,11.097201356076706,0.0031689821250753,0.3712304297848433,1.0,0.0,1.0,0.0,False,no_elimination,9,False
10,1,Kate Gosselin,percent,16.0,0.0924855491329479,0.1116480335202503,11.164803352025045,0.0032171142197619,0.3674827650440937,1.0,0.0,1.0,0.0,False,no_elimination,9,False
10,1,Nicole Scherzinger,percent,25.0,0.1445086705202312,0.1109263770660706,11.092637706607078,0.0029273616321412,0.3673483031959544,1.0,0.0,1.0,0.0,False,no_elimination,9,False
10,1,Niecy Nash,percent,18.0,0.1040462427745664,0.111089680768333,11.108968076833316,0.0034246118297715,0.3720176656859086,1.0,0.0,1.0,0.0,False,no_elimination,9,False
10,1,Shannen Doherty,percent,18.0,0.1040462427745664,0.1124428403011449,11.244284030114503,0.0034231022347854,0.3674491003409613,1.0,0.0,1.0,0.0,False,no_elimination,9,False
10,2,Buzz Aldrin,percent,12.0,0.0670391061452514,0.1617280161298045,16.17280161298045,0.0572765199307334,0.3911093537674701,0.0741,0.0446927374301675,0.9497206703910616,0.0,False,single_elimination,9,False
10,2,Chad Ochocinco,percent,16.0,0.0893854748603352,0.1390765268949333,13.907652689493336,0.0341174593107932,0.3735505717116261,0.0741,0.0223463687150837,0.9273743016759776,0.0,False,single_elimination,9,False
10,2,Erin Andrews,percent,23.0,0.1284916201117318,0.1044329775620409,10.443297756204094,0.0077775121635285,0.3226581145815553,0.0741,0.0,0.905027932960894,0.0,False,single_elimination,9,False
10,2,Evan Lysacek,percent,24.0,0.1340782122905028,0.1019786869678449,10.197868696784496,0.003258797216559,0.3211090909882812,0.0741,0.0,0.905027932960894,0.0,False,single_elimination,9,False
10,2,Jake Pavelka,percent,20.0,0.1117318435754189,0.1149670829953608,11.496708299536085,0.0116921510511342,0.3369398090799376,0.0741,0.0,0.905027932960894,0.0,False,single_elimination,9,False
10,2,Kate Gosselin,percent,15.0,0.0837988826815642,0.1418898691433926,14.188986914339266,0.0395663381182607,0.3322915190146761,0.0741,0.0279329608938547,0.9329608938547488,0.0,False,single_elimination,9,False
10,2,Nicole Scherzinger,percent,28.0,0.1564245810055866,0.1060291482653444,10.60291482653444,0.0030941164478948,0.3335911138431693,0.0741,0.0,0.905027932960894,0.0,False,single_elimination,9,False
10,2,Niecy Nash,percent,21.0,0.1173184357541899,0.1156927096619673,11.569270966196733,0.0066483683352147,0.3440749958534961,0.0741,0.0,0.905027932960894,0.0,False,single_elimination,9,False
10,2,Shannen Doherty,percent,20.0,0.1117318435754189,0.0142049823793109,1.420498237931091,0.0004462536496666,0.0437983194019315,0.0741,0.0,0.1104903786468032,0.0,False,single_elimination,9,True
10,3,Buzz Aldrin,percent,13.0,0.0802469135802469,0.0324040543693492,3.2404054369349296,0.0013001291527197,0.083928734014885,0.3585,0.0,0.1697530864197531,0.0,False,single_elimination,8,True
10,3,Chad Ochocinco,percent,20.0,0.1234567901234567,0.1381428270312805,13.814282703128066,0.0053271277327877,0.4256196284492289,0.3585,0.0,1.0,0.0,False,single_elimination,8,False
10,3,Erin Andrews,percent,23.0,0.1419753086419753,0.1377787153169083,13.777871531690838,0.0047131549293179,0.4433323473242994,0.3585,0.0,1.0,0.0,False,single_elimination,8,False
10,3,Evan Lysacek,percent,26.0,0.1604938271604938,0.1295268118459418,12.952681184594192,0.0039791927362391,0.4289117640944985,0.3585,0.0,1.0,0.0,False,single_elimination,8,False
10,3,Jake Pavelka,percent,21.0,0.1296296296296296,0.135935498604329,13.593549860432914,0.0047082157520708,0.4391886313937948,0.3585,0.0,1.0,0.0,False,single_elimination,8,False
10,3,Kate Gosselin,percent,15.0,0.0925925925925925,0.1573116121445829,15.731161214458304,0.0134937640265532,0.4574127009148434,0.3585,0.0,1.0,0.0,False,single_elimination,8,False
10,3,Nicole Scherzinger,percent,23.0,0.1419753086419753,0.1356744007320195,13.567440073201958,0.0051191819057725,0.4261535064188672,0.3585,0.0,1.0,0.0,False,single_elimination,8,False
10,3,Niecy Nash,percent,21.0,0.1296296296296296,0.1332260799555877,13.322607995558784,0.0057577459884009,0.418296134909529,0.3585,0.0,1.0,0.0,False,single_elimination,8,False
10,4,Chad Ochocinco,percent,22.0,0.1512027491408934,0.1436585364868385,14.365853648683856,0.004003838490503,0.462968766640795,1.0,0.0,1.0,0.0,False,no_elimination,7,False
10,4,Erin Andrews,percent,19.5,0.134020618556701,0.1431303747139265,14.31303747139265,0.0041749620313755,0.4600212335232848,1.0,0.0,1.0,0.0,False,no_elimination,7,False
10,4,Evan Lysacek,percent,26.0,0.1786941580756013,0.1410117306696122,14.10117306696122,0.0040585947829989,0.4558845039817412,1.0,0.0,1.0,0.0,False,no_elimination,7,False
10,4,Jake Pavelka,percent,19.0,0.1305841924398625,0.1422822754328917,14.228227543289174,0.0041057674066272,0.4529510720687671,1.0,0.0,1.0,0.0,False,no_elimination,7,False
10,4,Kate Gosselin,percent,16.0,0.1099656357388316,0.1425363600660509,14.253636006605092,0.0046250939939776,0.4547974808447568,1.0,0.0,1.0,0.0,False,no_elimination,7,False
10,4,Nicole Scherzinger,percent,25.0,0.1718213058419244,0.1445687706068393,14.45687706068393,0.0039072331628628,0.4676343045994856,1.0,0.0,1.0,0.0,False,no_elimination,7,False
10,4,Niecy Nash,percent,18.0,0.1237113402061855,0.1428119520238407,14.28119520238407,0.0046534719148474,0.463415966347077,1.0,0.0,1.0,0.0,False,no_elimination,7,False
10,5,Chad Ochocinco,percent,18.0,0.1184210526315789,0.1712789753916859,17.127897539168607,0.0102849680043032,0.4935952806700731,0.3349,0.0,1.0,0.0,False,single_elimination,7,False
10,5,Erin Andrews,percent,22.0,0.1447368421052631,0.1602849227445911,16.02849227445913,0.0064097485895634,0.4884461773076147,0.3349,0.0,1.0,0.0,False,single_elimination,7,False
10,5,Evan Lysacek,percent,27.0,0.1776315789473684,0.1537190169992397,15.371901699923992,0.0051242808877554,0.474188511770799,0.3349,0.0,1.0,0.0,False,single_elimination,7,False
10,5,Jake Pavelka,percent,23.0,0.1513157894736842,0.1565785707705855,15.657857077058573,0.0061630576408269,0.466488963240358,0.3349,0.0,1.0,0.0,False,single_elimination,7,False
10,5,Kate Gosselin,percent,15.0,0.0986842105263157,0.0358725290702211,3.587252907022114,0.0014083829162659,0.0982572463208839,0.3349,0.0,0.1870300751879698,0.0,False,single_elimination,7,True
10,5,Nicole Scherzinger,percent,29.0,0.1907894736842105,0.1523718972094515,15.237189720945173,0.0044782871312847,0.4813770959493679,0.3349,0.0,1.0,0.0,False,single_elimination,7,False
10,5,Niecy Nash,percent,18.0,0.1184210526315789,0.1698940878142239,16.989408781422412,0.0100271337214655,0.5029702594908979,0.3349,0.0,1.0,0.0,False,single_elimination,7,False
10,6,Chad Ochocinco,percent,30.9999,0.173184282637661,0.1858465115257022,18.584651152570224,0.0100749406380713,0.5421525093148789,0.2687,0.0,1.0,0.0,False,single_elimination,6,False
10,6,Erin Andrews,percent,34.0,0.1899446646499012,0.1832644981643989,18.326449816439897,0.0090575761280355,0.5430640801379134,0.2687,0.0,1.0,0.0,False,single_elimination,6,False
10,6,Evan Lysacek,percent,27.0,0.1508384101631568,0.2023937497598289,20.239374975982894,0.0160589437562634,0.55878331482203,0.2687,0.0,1.0,0.0,False,single_elimination,6,False
10,6,Jake Pavelka,percent,24.9999,0.1396646359347372,0.0374682931239716,3.746829312397162,0.0012834929704454,0.1030760024053927,0.2687,0.0,0.1936686973985961,0.0,False,single_elimination,6,True
10,6,Nicole Scherzinger,percent,35.9999,0.2011173215567641,0.1828229899911254,18.282298999112548,0.0066615852449791,0.5582788423255831,0.2687,0.0,1.0,0.0,False,single_elimination,6,False
10,6,Niecy Nash,percent,25.9998,0.1452506850577795,0.2082039574349727,20.82039574349728,0.0222021406449499,0.5521625082950662,0.2687,0.0,1.0,0.0,False,single_elimination,6,False
10,7,Chad Ochocinco,percent,26.0,0.2,0.201709919285762,20.17099192857621,0.0063328036899205,0.6005457393822008,1.0,0.0,1.0,0.0,False,no_elimination,5,False
10,7,Erin Andrews,percent,25.5,0.1961538461538461,0.2001068661507518,20.0106866150752,0.0058475136680309,0.6001112948476895,1.0,0.0,1.0,0.0,False,no_elimination,5,False
10,7,Evan Lysacek,percent,27.0,0.2076923076923077,0.199711343927009,19.97113439270092,0.0065461831205145,0.6014466906649834,1.0,0.0,1.0,0.0,False,no_elimination,5,False
10,7,Nicole Scherzinger,percent,27.0,0.2076923076923077,0.2001415959623799,20.01415959623801,0.0062886206793397,0.6069246772974166,1.0,0.0,1.0,0.0,False,no_elimination,5,False
10,7,Niecy Nash,percent,24.5,0.1884615384615384,0.1983302746740966,19.83302746740967,0.0063545408960097,0.6025359344871906,1.0,0.0,1.0,0.0,False,no_elimination,5,False
10,8,Chad Ochocinco,percent,22.5,0.1778656126482213,0.2536888648319116,25.368886483191154,0.0294492466820589,0.6614547360812161,0.3028,0.0,1.0,0.0,False,single_elimination,5,False
10,8,Erin Andrews,percent,26.5,0.2094861660079051,0.2381242188376245,23.812421883762447,0.0151721893454075,0.6415038474982495,0.3028,0.0,1.0,0.0,False,single_elimination,5,False
10,8,Evan Lysacek,percent,26.5,0.2094861660079051,0.2343682804587836,23.436828045878357,0.0158456395185868,0.6238626854132236,0.3028,0.0,1.0,0.0,False,single_elimination,5,False
10,8,Nicole Scherzinger,percent,29.5,0.233201581027668,0.2232345189916699,22.323451899166987,0.0104856990868039,0.6239562825584675,0.3028,0.0,1.0,0.0,False,single_elimination,5,False
10,8,Niecy Nash,percent,21.5,0.1699604743083003,0.0505841168800104,5.058411688001044,0.0017282938579261,0.1434862134984262,0.3028,0.0,0.2300395256916996,0.0,False,single_elimination,5,True
10,9,Chad Ochocinco,percent,26.0,0.2300884955752212,0.0701407769812783,7.014077698127831,0.0028569888101705,0.1931272659758486,0.3094,0.0,0.2699115044247787,0.0,False,single_elimination,4,True
10,9,Erin Andrews,percent,28.0,0.247787610619469,0.3184525836868175,31.84525836868176,0.0376393002668454,0.7486028612230917,0.3094,0.0,1.0,0.0,False,single_elimination,4,False
10,9,Evan Lysacek,percent,29.5,0.2610619469026549,0.3059552410772406,30.595524107724064,0.0302208802294725,0.7537775200628966,0.3094,0.0,1.0,0.0,False,single_elimination,4,False
10,9,Nicole Scherzinger,percent,29.5,0.2610619469026549,0.3054513982546634,30.54513982546635,0.0293902952548596,0.7522922041518069,0.3094,0.0,1.0,0.0,False,single_elimination,4,False
10,10,Erin Andrews,percent,26.9998,0.3266123276502367,0.3314896140225138,33.148961402251444,0.0145579463455465,0.8356202950937024,1.0,0.0,1.0,0.0,False,no_elimination,3,False
10,10,Evan Lysacek,percent,26.8887,0.325268368450467,0.3337523972381589,33.37523972381596,0.0113836088599081,0.8347978738691153,1.0,0.0,1.0,0.0,False,no_elimination,3,False
10,10,Nicole Scherzinger,percent,28.7777,0.3481193038992962,0.3347579887393253,33.4757988739326,0.0129322187307097,0.8480502515252281,1.0,0.0,1.0,0.0,False,no_elimination,3,False
11,1,Audrina Patridge,percent,19.0,0.0926829268292682,0.0945546511886054,9.455465118860545,0.0030896903609413,0.312738074921676,0.1932,0.0,1.0,0.0,False,single_elimination,11,False
11,1,Brandy,percent,23.0,0.1121951219512195,0.0933959994252701,9.339599942527016,0.0035068791046063,0.3201416696684088,0.1932,0.0,1.0,0.0,False,single_elimination,11,False
11,1,Bristol Palin,percent,18.0,0.0878048780487804,0.0986095469083475,9.860954690834758,0.0045874840794423,0.3246303694752938,0.1932,0.0,1.0,0.0,False,single_elimination,11,False
11,1,David Hasselhoff,percent,15.0,0.073170731707317,0.0136747181687796,1.3674718168779676,0.0005446877011762,0.0398025893869331,0.1932,0.0,0.1086474501108647,0.0,False,single_elimination,11,True
11,1,Florence Henderson,percent,18.0,0.0878048780487804,0.1005354619724585,10.053546197245854,0.0039241619341533,0.3301855218899642,0.1932,0.0,1.0,0.0,False,single_elimination,11,False
11,1,Jennifer Grey,percent,24.0,0.1170731707317073,0.0920089467548548,9.200894675485488,0.0027553523727727,0.3008443720474399,0.1932,0.0,1.0,0.0,False,single_elimination,11,False
11,1,Kurt Warner,percent,19.0,0.0926829268292682,0.0950357774807469,9.503577748074695,0.0033663151489909,0.3132947082717052,0.1932,0.0,1.0,0.0,False,single_elimination,11,False
11,1,Kyle Massey,percent,23.0,0.1121951219512195,0.0948743707864196,9.48743707864197,0.0020987274083848,0.3192108985924478,0.1932,0.0,1.0,0.0,False,single_elimination,11,False
11,1,Margaret Cho,percent,15.0,0.073170731707317,0.106584310280414,10.658431028041408,0.0112432366919476,0.3077972334136476,0.1932,-0.0,1.0,0.0,False,single_elimination,11,False
11,1,Michael Bolton,percent,16.0,0.0780487804878048,0.1064938839956212,10.649388399562127,0.0072601954127087,0.3298024275398872,0.1932,0.0,1.0,0.0,False,single_elimination,11,False
11,1,The Situation,percent,15.0,0.073170731707317,0.1042323330384817,10.423233303848177,0.0102525960567355,0.3094375822364329,0.1932,0.0,1.0,0.0,False,single_elimination,11,False
11,2,Audrina Patridge,percent,23.0,0.115,0.1057009687603047,10.570096876030464,0.0033193021189232,0.3405006241107725,0.3815,0.0,1.0,0.0,False,single_elimination,10,False
11,2,Brandy,percent,21.0,0.105,0.1061382335133043,10.613823351330424,0.0032106098562448,0.3459320553876415,0.3815,0.0,1.0,0.0,False,single_elimination,10,False
11,2,Bristol Palin,percent,22.0,0.11,0.1063939500018403,10.639395000184033,0.003161055374047,0.3519007102997759,0.3815,0.0,1.0,0.0,False,single_elimination,10,False
11,2,Florence Henderson,percent,19.0,0.095,0.1087378915818983,10.873789158189831,0.0043785129853002,0.3567864342415302,0.3815,0.0,1.0,0.0,False,single_elimination,10,False
11,2,Jennifer Grey,percent,24.0,0.12,0.1084875669585688,10.84875669585688,0.0030022815517958,0.3646789370370461,0.3815,0.0,1.0,0.0,False,single_elimination,10,False
11,2,Kurt Warner,percent,21.0,0.105,0.1088185189906181,10.88185189906181,0.0029521057339104,0.3782445500901026,0.3815,0.0,1.0,0.0,False,single_elimination,10,False
11,2,Kyle Massey,percent,22.0,0.11,0.1076761135003123,10.767611350031231,0.0035375576592723,0.3392656318347042,0.3815,0.0,1.0,0.0,False,single_elimination,10,False
11,2,Margaret Cho,percent,18.0,0.09,0.1132956469738782,11.32956469738782,0.0048844302945585,0.3614546924088717,0.3815,0.0,1.0,0.0,False,single_elimination,10,False
11,2,Michael Bolton,percent,12.0,0.06,0.0255155130146865,2.5515513014686544,0.0009566938760847,0.0630212530867852,0.3815,0.0,0.14,0.0,False,single_elimination,10,True
11,2,The Situation,percent,18.0,0.09,0.1092355967045885,10.923559670458848,0.0046498255441645,0.3736998616816612,0.3815,0.0,1.0,0.0,False,single_elimination,10,False
11,3,Audrina Patridge,percent,26.0,0.1319796954314721,0.1177090107650974,11.770901076509745,0.0043521336650174,0.3911392256837703,0.2316,0.0,1.0,0.0,False,single_elimination,9,False
11,3,Brandy,percent,24.0,0.1218274111675127,0.1160486569049301,11.604865690493014,0.0036302901513918,0.3757023983108084,0.2316,0.0,1.0,0.0,False,single_elimination,9,False
11,3,Bristol Palin,percent,19.0,0.0964467005076142,0.1316560689602134,13.16560689602135,0.0104848249919036,0.3746399407474676,0.2316,0.0,1.0,0.0,False,single_elimination,9,False
11,3,Florence Henderson,percent,20.0,0.1015228426395939,0.1224341141316054,12.243411413160551,0.0079107533191403,0.3804739489598707,0.2316,0.0,1.0,0.0,False,single_elimination,9,False
11,3,Jennifer Grey,percent,24.0,0.1218274111675127,0.1192296969467196,11.922969694671966,0.0036478562696823,0.3996401782051524,0.2316,0.0,1.0,0.0,False,single_elimination,9,False
11,3,Kurt Warner,percent,23.0,0.116751269035533,0.1240598311991987,12.405983119919876,0.0051230797375586,0.3980905827236737,0.2316,0.0,1.0,0.0,False,single_elimination,9,False
11,3,Kyle Massey,percent,23.0,0.116751269035533,0.1233900046923562,12.339000469235629,0.0045356207202389,0.3915988666060092,0.2316,0.0,1.0,0.0,False,single_elimination,9,False
11,3,Margaret Cho,percent,18.0,0.0913705583756345,0.0189088376685745,1.8908837668574567,0.0007549427520392,0.0517590604845984,0.2316,0.0,0.1308516638465877,0.0,False,single_elimination,9,True
11,3,The Situation,percent,20.0,0.1015228426395939,0.1265637787313041,12.656377873130412,0.0087729927880444,0.403332715025534,0.2316,0.0,1.0,0.0,False,single_elimination,9,False
11,4,Audrina Patridge,percent,23.0,0.1442006269592476,0.1307446087781928,13.074460877819297,0.0044161499176701,0.4211898249862592,0.2987,0.0,1.0,0.0,False,single_elimination,8,False
11,4,Brandy,percent,24.0,0.1504702194357366,0.1325496912910462,13.254969129104632,0.0041531850562112,0.4295553509539095,0.2987,0.0,1.0,0.0,False,single_elimination,8,False
11,4,Bristol Palin,percent,16.0,0.1003134796238244,0.1491783998540267,14.917839985402678,0.0096410950325225,0.4397905684443912,0.2987,0.0,1.0,0.0,False,single_elimination,8,False
11,4,Florence Henderson,percent,17.5,0.109717868338558,0.1398349077894536,13.983490778945374,0.0071296836942636,0.430143400148571,0.2987,0.0,1.0,0.0,False,single_elimination,8,False
11,4,Jennifer Grey,percent,28.0,0.1755485893416928,0.1353007433193095,13.530074331930956,0.0047989099812962,0.4362173490813454,0.2987,0.0,1.0,0.0,False,single_elimination,8,False
11,4,Kurt Warner,percent,17.0,0.1065830721003134,0.145033211016502,14.503321101650208,0.0086705520027531,0.4297804814107855,0.2987,0.0,1.0,0.0,False,single_elimination,8,False
11,4,Kyle Massey,percent,20.0,0.1253918495297805,0.1396105739389748,13.961057393897486,0.0052036733667934,0.4461690165363259,0.2987,0.0,1.0,0.0,False,single_elimination,8,False
11,4,The Situation,percent,14.0,0.0877742946708464,0.0277478640124936,2.7747864012493677,0.0009736045157251,0.0768759584987331,0.2987,0.0,0.1622257053291536,0.0,False,single_elimination,8,True
11,5,Audrina Patridge,percent,23.0,0.1455696202531645,0.1522884520336767,15.228845203367683,0.0097531825295085,0.4519691216730975,0.1817,0.0,0.9746835443037974,0.0,False,single_elimination,7,False
11,5,Brandy,percent,27.0,0.170886075949367,0.1544307178888426,15.44307178888428,0.0053182364233603,0.4741219511051162,0.1817,0.0,0.9746835443037974,0.0,False,single_elimination,7,False
11,5,Bristol Palin,percent,18.0,0.1139240506329113,0.1902071836676875,19.02071836676877,0.0380152869663234,0.4980999555452984,0.1817,0.0189873417721518,0.9936708860759492,0.0,False,single_elimination,7,False
11,5,Florence Henderson,percent,21.0,0.1329113924050632,0.0241795426004228,2.4179542600422885,0.0007853320282949,0.0740280647233815,0.1817,0.0,0.1528028933092224,0.0,False,single_elimination,7,True
11,5,Jennifer Grey,percent,25.0,0.1582278481012658,0.153374459020881,15.33744590208812,0.0074759284990952,0.472968059867466,0.1817,0.0,0.9746835443037976,0.0,False,single_elimination,7,False
11,5,Kurt Warner,percent,24.0,0.1518987341772152,0.151807708632282,15.180770863228217,0.0057975506552924,0.4583370254431869,0.1817,0.0,0.9746835443037976,0.0,False,single_elimination,7,False
11,5,Kyle Massey,percent,20.0,0.1265822784810126,0.1737119361562062,17.37119361562064,0.0263902399334439,0.4889415410527004,0.1817,0.0063291139240506,0.981012658227848,0.0,False,single_elimination,7,False
11,6,Audrina Patridge,percent,31.9998,0.1807905454993325,0.0262991848238417,2.629918482384173,0.0008770295512493,0.0804798331982925,0.1017,0.0,0.1525427878340008,0.0,False,single_elimination,6,True
11,6,Brandy,percent,35.9999,0.2033900699042312,0.1648008466868294,16.480084668682945,0.010661879048036,0.4926101532115797,0.1017,0.0,0.8926572025991064,0.0,False,single_elimination,6,False
11,6,Bristol Palin,percent,27.9998,0.1581915860684195,0.1993730701400106,19.937307014001064,0.044902324037719,0.5086213466556407,0.1017,0.022598959430913,0.9152561620300194,0.0,False,single_elimination,6,False
11,6,Jennifer Grey,percent,29.0,0.1638424558741193,0.1910496627225311,19.10496627225312,0.035389781468526,0.5136485337359038,0.1017,0.0169480896252132,0.9096052922243196,0.0,False,single_elimination,6,False
11,6,Kurt Warner,percent,21.9999,0.1242937118960357,0.2357707576641227,23.577075766412285,0.0784785590446596,0.5274750120174942,0.1017,0.0564968336032967,0.949154036202403,0.0,False,single_elimination,6,False
11,6,Kyle Massey,percent,29.9999,0.1694916307578617,0.182706477962664,18.270647796266413,0.0319212540842029,0.4773328116225142,0.1017,0.0112989147414707,0.903956117340577,0.0,False,single_elimination,6,False
11,7,Brandy,percent,36.5,0.2097701149425287,0.200611951274647,20.06119512746473,0.0061415199949598,0.5996932819128077,1.0,0.0,1.0,0.0,False,no_elimination,5,False
11,7,Bristol Palin,percent,32.5,0.1867816091954023,0.1969865259726665,19.69865259726669,0.0064006153962683,0.6043356251870275,1.0,0.0,1.0,0.0,False,no_elimination,5,False
11,7,Jennifer Grey,percent,36.5,0.2097701149425287,0.2020077554342534,20.20077554342538,0.0064182632525126,0.6142208722534255,1.0,0.0,1.0,0.0,False,no_elimination,5,False
11,7,Kurt Warner,percent,35.0,0.2011494252873563,0.1992614087093099,19.926140870931025,0.0066625517780411,0.5914900839802373,1.0,0.0,1.0,0.0,False,no_elimination,5,False
11,7,Kyle Massey,percent,33.5,0.1925287356321839,0.2011323586091213,20.11323586091217,0.005837600884382,0.6172157910149599,1.0,0.0,1.0,0.0,False,no_elimination,5,False
11,8,Brandy,percent,28.5,0.2150943396226415,0.2338964723432075,23.38964723432077,0.0170139496356721,0.629303227231223,0.2675,0.0,0.9962264150943396,0.0,False,single_elimination,5,False
11,8,Bristol Palin,percent,23.5,0.1773584905660377,0.2632805296234864,26.328052962348657,0.0391693167424955,0.6751109739494717,0.2675,0.0037735849056603,1.0,0.0,False,single_elimination,5,False
11,8,Jennifer Grey,percent,28.5,0.2150943396226415,0.2271006802657551,22.710068026575524,0.0154892466988408,0.6219551971354171,0.2675,0.0,0.9962264150943396,0.0,False,single_elimination,5,False
11,8,Kurt Warner,percent,24.0,0.1811320754716981,0.046496837270719,4.649683727071909,0.0016702877879754,0.1304191074712002,0.2675,0.0,0.2188679245283019,0.0,False,single_elimination,5,True
11,8,Kyle Massey,percent,28.0,0.2113207547169811,0.2292254804968312,22.92254804968314,0.0141220074252836,0.6243732157914367,0.2675,0.0,0.9962264150943396,0.0,False,single_elimination,5,False
11,9,Brandy,percent,28.5,0.25,0.0629631690572193,6.296316905721934,0.0023502767630549,0.1775935792553983,0.2484,0.0,0.25,0.0,False,single_elimination,4,True
11,9,Bristol Palin,percent,26.5,0.2324561403508772,0.3266999151453157,32.66999151453155,0.0644598982532702,0.7309206546259431,0.2484,0.0175438596491228,1.0,0.0,False,single_elimination,4,False
11,9,Jennifer Grey,percent,30.0,0.2631578947368421,0.2936453302935644,29.364533029356423,0.0333192131736006,0.699296854089362,0.2484,0.0,0.9824561403508772,0.0,False,single_elimination,4,False
11,9,Kyle Massey,percent,29.0,0.2543859649122807,0.3166915855039008,31.66915855039007,0.0488397980941135,0.7294485773626238,0.2484,0.0,0.9824561403508772,0.0,False,single_elimination,4,False
11,10,Bristol Palin,percent,25.666600000000003,0.3092368897274451,0.3335248251704513,33.35248251704509,0.012488836475966,0.8457546177729016,1.0,0.0,1.0,0.0,False,no_elimination,3,False
11,10,Jennifer Grey,percent,30.0,0.361446654088323,0.3334676293388313,33.34676293388309,0.0131739114679779,0.846411087044587,1.0,0.0,1.0,0.0,False,no_elimination,3,False
11,10,Kyle Massey,percent,27.3332,0.3293164561842318,0.3330075454907186,33.30075454907182,0.0120762856084844,0.8422690347677828,1.0,0.0,1.0,0.0,False,no_elimination,3,False
12,1,Chelsea Kane,percent,21.0,0.125,0.1098698675924508,10.9869867592451,0.0031892743209637,0.3631318398878013,1.0,0.0,1.0,0.0,False,no_elimination,9,False
12,1,Chris Jericho,percent,19.0,0.1130952380952381,0.1108073558953008,11.080735589530097,0.0030552931089156,0.3679052574973519,1.0,0.0,1.0,0.0,False,no_elimination,9,False
12,1,Kendra Wilkinson,percent,18.0,0.1071428571428571,0.1114092310177252,11.14092310177253,0.0033010655692013,0.3615726807903964,1.0,0.0,1.0,0.0,False,no_elimination,9,False
12,1,Kirstie Alley,percent,23.0,0.1369047619047619,0.1112062481932717,11.120624819327183,0.0030387174263666,0.3701984164024283,1.0,0.0,1.0,0.0,False,no_elimination,9,False
12,1,Mike Catherwood,percent,13.0,0.0773809523809523,0.1103588507010376,11.03588507010377,0.0027963081854025,0.3749263146563261,1.0,0.0,1.0,0.0,False,no_elimination,9,False
12,1,Ralph Macchio,percent,24.0,0.1428571428571428,0.11074344750275,11.074344750275012,0.0029943911168837,0.3674175089633203,1.0,0.0,1.0,0.0,False,no_elimination,9,False
12,1,Romeo,percent,19.0,0.1130952380952381,0.1103997126245451,11.039971262454523,0.0030357790370014,0.365977387684166,1.0,0.0,1.0,0.0,False,no_elimination,9,False
12,1,Sugar Ray Leonard,percent,17.0,0.1011904761904761,0.1125996970368838,11.259969703688398,0.0033952461229635,0.370909845070423,1.0,0.0,1.0,0.0,False,no_elimination,9,False
12,1,Wendy Williams,percent,14.0,0.0833333333333333,0.1126055894360338,11.260558943603392,0.0032807977719194,0.3710963895302678,1.0,0.0,1.0,0.0,False,no_elimination,9,False
12,2,Chelsea Kane,percent,18.0,0.1028571428571428,0.127701644866475,12.7701644866475,0.0075642098975905,0.3934236938747897,0.1922,0.0,1.0,0.0,False,single_elimination,9,False
12,2,Chris Jericho,percent,23.0,0.1314285714285714,0.1194809908765978,11.948099087659788,0.0036117291302701,0.3945783689016693,0.1922,0.0,1.0,0.0,False,single_elimination,9,False
12,2,Kendra Wilkinson,percent,19.0,0.1085714285714285,0.1243987936064508,12.439879360645085,0.0068159750938298,0.3807126996820956,0.1922,0.0,1.0,0.0,False,single_elimination,9,False
12,2,Kirstie Alley,percent,20.0,0.1142857142857142,0.1181248011245563,11.812480112455637,0.0054250548864863,0.3726075404830278,0.1922,0.0,1.0,0.0,False,single_elimination,9,False
12,2,Mike Catherwood,percent,17.0,0.0971428571428571,0.0166897898465401,1.6689789846540106,0.0006688818139555,0.0507144219079503,0.1922,0.0,0.125079365079365,0.0,False,single_elimination,9,True
12,2,Ralph Macchio,percent,21.0,0.12,0.1166952740174172,11.669527401741728,0.0041915983128595,0.3715807895977056,0.1922,0.0,1.0,0.0,False,single_elimination,9,False
12,2,Romeo,percent,23.0,0.1314285714285714,0.1159778610075806,11.597786100758062,0.0033128368173477,0.3833225661839865,0.1922,0.0,1.0,0.0,False,single_elimination,9,False
12,2,Sugar Ray Leonard,percent,17.0,0.0971428571428571,0.1288589581632419,12.885895816324195,0.012558740860815,0.3767761434542482,0.1922,-0.0,1.0,0.0,False,single_elimination,9,False
12,2,Wendy Williams,percent,17.0,0.0971428571428571,0.1320718864911398,13.207188649113982,0.0123140089710846,0.4074569392456976,0.1922,0.0,1.0,0.0,False,single_elimination,9,False
12,3,Chelsea Kane,percent,23.0,0.1402439024390244,0.1332929595461939,13.329295954619392,0.0050146884341272,0.42654462095155,0.323,0.0,1.0,0.0,False,single_elimination,8,False
12,3,Chris Jericho,percent,21.0,0.1280487804878048,0.1394209907443008,13.942099074430086,0.0063971101574492,0.4410751718277291,0.323,0.0,1.0,0.0,False,single_elimination,8,False
12,3,Kendra Wilkinson,percent,23.0,0.1402439024390244,0.1360602188642643,13.606021886426433,0.0045000433649202,0.4520450598346623,0.323,0.0,1.0,0.0,False,single_elimination,8,False
12,3,Kirstie Alley,percent,21.0,0.1280487804878048,0.1382214168952473,13.822141689524733,0.0050799206436018,0.4297499881053019,0.323,0.0,1.0,0.0,False,single_elimination,8,False
12,3,Ralph Macchio,percent,21.0,0.1280487804878048,0.1417749008840081,14.177490088400807,0.005560396087112,0.4540338771175785,0.323,0.0,1.0,0.0,False,single_elimination,8,False
12,3,Romeo,percent,20.0,0.1219512195121951,0.1395006333552283,13.950063335522833,0.0067198235235353,0.4221012044749638,0.323,0.0,1.0,0.0,False,single_elimination,8,False
12,3,Sugar Ray Leonard,percent,20.0,0.1219512195121951,0.1431999539271943,14.31999539271943,0.0075061519175643,0.4451651249435459,0.323,0.0,1.0,0.0,False,single_elimination,8,False
12,3,Wendy Williams,percent,15.0,0.0914634146341463,0.0285289257835629,2.8528925783562897,0.0013641938699538,0.0736321006647025,0.323,0.0,0.1585365853658537,0.0,False,single_elimination,8,True
12,4,Chelsea Kane,percent,26.0,0.1645569620253164,0.1484156411300106,14.841564113001048,0.0053371417355318,0.4634618503479039,0.1862,0.0,0.981012658227848,0.0,False,single_elimination,7,False
12,4,Chris Jericho,percent,23.0,0.1455696202531645,0.1571601181185611,15.716011811856106,0.0106466446095462,0.4713376897520838,0.1862,0.0,0.981012658227848,0.0,False,single_elimination,7,False
12,4,Kendra Wilkinson,percent,18.0,0.1139240506329113,0.1954368785422532,19.543687854225304,0.0386179545907495,0.5126976341601803,0.1862,0.0189873417721518,1.0,0.0,False,single_elimination,7,False
12,4,Kirstie Alley,percent,22.0,0.1392405063291139,0.1672087201141188,16.72087201141187,0.0141242221069482,0.4976259426818138,0.1862,0.0,0.981012658227848,0.0,False,single_elimination,7,False
12,4,Ralph Macchio,percent,25.0,0.1582278481012658,0.1526943820156522,15.269438201565208,0.0072991862054005,0.4799840131969901,0.1862,0.0,0.981012658227848,0.0,False,single_elimination,7,False
12,4,Romeo,percent,23.0,0.1455696202531645,0.1549964093499734,15.499640934997336,0.0134216829507204,0.4749232920078005,0.1862,0.0,0.981012658227848,0.0,False,single_elimination,7,False
12,4,Sugar Ray Leonard,percent,21.0,0.1329113924050632,0.0240878507294311,2.4087850729431173,0.0008836174042103,0.0725841004540428,0.1862,0.0,0.1528028933092224,0.0,False,single_elimination,7,True
12,5,Chelsea Kane,percent,26.0,0.1793103448275862,0.1669495670589839,16.69495670589837,0.0048846709515129,0.5236765172547708,1.0,0.0,1.0,0.0,False,no_elimination,6,False
12,5,Chris Jericho,percent,26.0,0.1793103448275862,0.1649074541494235,16.49074541494233,0.0050821904250367,0.5184780797363736,1.0,0.0,1.0,0.0,False,no_elimination,6,False
12,5,Kendra Wilkinson,percent,22.0,0.1517241379310344,0.1695489294133084,16.954892941330826,0.0052915438110513,0.5325076399455799,1.0,0.0,1.0,0.0,False,no_elimination,6,False
12,5,Kirstie Alley,percent,23.0,0.1586206896551724,0.1645520077831245,16.455200778312435,0.0054571897570415,0.5252981736934667,1.0,0.0,1.0,0.0,False,no_elimination,6,False
12,5,Ralph Macchio,percent,22.0,0.1517241379310344,0.1645953440771655,16.45953440771654,0.0043904320936344,0.5197767486980579,1.0,0.0,1.0,0.0,False,no_elimination,6,False
12,5,Romeo,percent,26.0,0.1793103448275862,0.1694466975179951,16.94466975179949,0.0051854059822301,0.5351114039625953,1.0,0.0,1.0,0.0,False,no_elimination,6,False
12,6,Chelsea Kane,percent,28.0,0.1830065359477124,0.1861912407025781,18.61912407025783,0.0096537206322432,0.5567282002616951,0.2705,0.0,1.0,0.0,False,single_elimination,6,False
12,6,Chris Jericho,percent,22.0,0.1437908496732026,0.0344376452539924,3.443764525399244,0.0009860152016734,0.1014741896323092,0.2705,0.0,0.1895424836601307,0.0,False,single_elimination,6,True
12,6,Kendra Wilkinson,percent,25.0,0.1633986928104575,0.1942318062486907,19.423180624869087,0.0127508909682304,0.5497573130690991,0.2705,0.0,1.0,0.0,False,single_elimination,6,False
12,6,Kirstie Alley,percent,26.0,0.1699346405228758,0.1894546984256322,18.94546984256324,0.0111697645163881,0.5353285902762536,0.2705,0.0,1.0,0.0,False,single_elimination,6,False
12,6,Ralph Macchio,percent,24.0,0.1568627450980392,0.2065577558796735,20.65577558796737,0.0198471109320823,0.5809839609825892,0.2705,0.0,1.0,0.0,False,single_elimination,6,False
12,6,Romeo,percent,28.0,0.1830065359477124,0.1891268534894322,18.912685348943235,0.009879825633102,0.5502669602994776,0.2705,0.0,1.0,0.0,False,single_elimination,6,False
12,7,Chelsea Kane,percent,32.0,0.2057877813504823,0.2355011046946657,23.550110469466585,0.0225933604369352,0.6450245334674248,0.22,0.0,0.9935691318327976,0.0,False,single_elimination,5,False
12,7,Kendra Wilkinson,percent,30.5,0.1961414790996784,0.0410979715173137,4.109797151731376,0.0010210403422271,0.1219618392297371,0.22,0.0,0.2038585209003215,0.0,False,single_elimination,5,True
12,7,Kirstie Alley,percent,30.0,0.1929260450160771,0.2457113935475217,24.571139354752184,0.0388057222204187,0.6530663483792796,0.22,0.0032154340836013,0.9967845659163987,0.0,False,single_elimination,5,False
12,7,Ralph Macchio,percent,33.0,0.2122186495176848,0.2231381266074407,22.313812660744087,0.0195136896010617,0.633540631358869,0.22,0.0,0.9935691318327976,0.0,False,single_elimination,5,False
12,7,Romeo,percent,30.0,0.1929260450160771,0.2545514036330576,25.455140363305773,0.0365782938880299,0.6521190734527385,0.22,0.0032154340836013,0.9967845659163987,0.0,False,single_elimination,5,False
12,8,Chelsea Kane,percent,27.5,0.2669902912621359,0.2972470640415165,29.724706404151647,0.0406407107592606,0.7197013483062233,0.2441,0.0,0.970873786407767,0.0,False,single_elimination,4,False
12,8,Kirstie Alley,percent,26.5,0.2572815533980582,0.3003373865451032,30.03373865451032,0.0446077185336264,0.6951722674548919,0.2441,0.0,0.970873786407767,0.0,False,single_elimination,4,False
12,8,Ralph Macchio,percent,23.0,0.2233009708737864,0.3398071946474064,33.98071946474063,0.0767934564752771,0.7467429525851297,0.2441,0.0291262135922329,1.0,0.0,False,single_elimination,4,False
12,8,Romeo,percent,26.0,0.2524271844660194,0.0626083547659741,6.260835476597413,0.0022380147221764,0.1779652305412122,0.2441,0.0,0.2475728155339805,0.0,False,single_elimination,4,True
12,9,Chelsea Kane,percent,36.5,0.4171428571428571,0.3973155276295493,39.731552762954855,0.0305754563802511,0.8770645501235271,0.4454,0.0,1.0,0.0,False,single_elimination,3,False
12,9,Kirstie Alley,percent,27.0,0.3085714285714285,0.4672836372875502,46.72836372875492,0.0709847725450075,0.8937788577831097,0.4454,0.0,1.0,0.0,False,single_elimination,3,False
12,9,Ralph Macchio,percent,24.0,0.2742857142857143,0.1354008350829025,13.540083508290229,0.0059464597169769,0.3317282861531065,0.4454,0.0,0.3923809523809524,0.0,False,single_elimination,3,True
12,10,Chelsea Kane,percent,29.666600000000003,0.5144511978358319,0.4963513732976516,49.63513732976516,0.022968426516862,0.9721383619381128,1.0,0.0,1.0,0.0,False,no_elimination,2,False
12,10,Kirstie Alley,percent,27.9999,0.4855488021641681,0.5036486267023486,50.36486267023484,0.0278616380618871,0.977031573483138,1.0,0.0,1.0,0.0,False,no_elimination,2,False
13,1,Carson Kressley,percent,17.0,0.0841584158415841,0.101284863483194,10.128486348319408,0.00542916176989,0.3217214556934455,0.2468,0.0,1.0,0.0,False,single_elimination,11,False
13,1,Chaz Bono,percent,17.0,0.0841584158415841,0.1023977630632557,10.23977630632558,0.0044704759741448,0.3399525533059067,0.2468,0.0,1.0,0.0,False,single_elimination,11,False
13,1,Chynna Phillips,percent,22.0,0.1089108910891089,0.0954962629881344,9.549626298813449,0.0028049401168309,0.3312487234739835,0.2468,0.0,1.0,0.0,False,single_elimination,11,False
13,1,David Arquette,percent,18.0,0.0891089108910891,0.0948985417119594,9.489854171195946,0.0039685690692536,0.2943935915640002,0.2468,0.0,1.0,0.0,False,single_elimination,11,False
13,1,Hope Solo,percent,21.0,0.1039603960396039,0.0958263105218297,9.582631052182974,0.0029621644763392,0.3211996401205858,0.2468,0.0,1.0,0.0,False,single_elimination,11,False
13,1,J.R. Martinez,percent,22.0,0.1089108910891089,0.0931668488062379,9.316684880623798,0.0034442468411994,0.3103067361002214,0.2468,0.0,1.0,0.0,False,single_elimination,11,False
13,1,Kristin Cavallari,percent,19.0,0.094059405940594,0.0984734288188731,9.847342881887318,0.0035405393690357,0.3252966843564606,0.2468,0.0,1.0,0.0,False,single_elimination,11,False
13,1,Metta World Peace (Ron),percent,14.0,0.0693069306930693,0.0157627803568946,1.5762780356894686,0.0005610409042065,0.0435352003572501,0.2468,0.0,0.1125112511251125,0.0,False,single_elimination,11,True
13,1,Nancy Grace,percent,16.0,0.0792079207920792,0.1022895283560126,10.22895283560127,0.0064036041651381,0.323826966075612,0.2468,0.0,1.0,0.0,False,single_elimination,11,False
13,1,Ricki Lake,percent,20.0,0.099009900990099,0.0958795664354739,9.587956643547397,0.0037808093191062,0.3261073614066598,0.2468,0.0,1.0,0.0,False,single_elimination,11,False
13,1,Rob Kardashian,percent,16.0,0.0792079207920792,0.1045241054581341,10.452410545813413,0.0062887828010577,0.3281034914945993,0.2468,0.0,1.0,0.0,False,single_elimination,11,False
13,2,Carson Kressley,percent,18.0,0.0891089108910891,0.1001837251985662,10.018372519856626,0.0026818039584442,0.3309891580737545,1.0,0.0,1.0,0.0,False,no_elimination,10,False
13,2,Chaz Bono,percent,17.0,0.0841584158415841,0.102026676325988,10.202667632598809,0.0026902377688766,0.3394627047766922,1.0,0.0,1.0,0.0,False,no_elimination,10,False
13,2,Chynna Phillips,percent,21.0,0.1039603960396039,0.0996919632843446,9.96919632843447,0.0028568321855912,0.3361815898893363,1.0,0.0,1.0,0.0,False,no_elimination,10,False
13,2,David Arquette,percent,18.0,0.0891089108910891,0.0989666306676507,9.896663066765074,0.0025155416389232,0.3341883658911181,1.0,0.0,1.0,0.0,False,no_elimination,10,False
13,2,Hope Solo,percent,19.0,0.094059405940594,0.0997427386760479,9.9742738676048,0.0025966774691407,0.3324862249433105,1.0,0.0,1.0,0.0,False,no_elimination,10,False
13,2,J.R. Martinez,percent,22.0,0.1089108910891089,0.0997798671439622,9.977986714396229,0.0033636681677388,0.3346891584134125,1.0,0.0,1.0,0.0,False,no_elimination,10,False
13,2,Kristin Cavallari,percent,22.0,0.1089108910891089,0.0994191349429662,9.941913494296628,0.002673694285294,0.3325623060481441,1.0,0.0,1.0,0.0,False,no_elimination,10,False
13,2,Nancy Grace,percent,21.0,0.1039603960396039,0.1004997934989134,10.049979349891345,0.0026960170251192,0.3368476206833354,1.0,0.0,1.0,0.0,False,no_elimination,10,False
13,2,Ricki Lake,percent,23.0,0.1138613861386138,0.1004857981778473,10.048579817784738,0.0026831918408974,0.3375143712181655,1.0,0.0,1.0,0.0,False,no_elimination,10,False
13,2,Rob Kardashian,percent,21.0,0.1039603960396039,0.0992036720837127,9.920367208371278,0.0029391604996863,0.3367236820770094,1.0,0.0,1.0,0.0,False,no_elimination,10,False
13,3,Carson Kressley,percent,23.0,0.0970464135021097,0.1091755969121604,10.91755969121605,0.0128456826263757,0.3624601667067678,0.0828,0.0042194092827004,0.9620253164556962,0.0,False,single_elimination,10,False
13,3,Chaz Bono,percent,18.0,0.0759493670886076,0.129360201163623,12.936020116362307,0.0339134114412258,0.356134237332695,0.0828,0.0253164556962025,0.9831223628691984,0.0,False,single_elimination,10,False
13,3,Chynna Phillips,percent,26.0,0.1097046413502109,0.0960212936826834,9.60212936826835,0.0052390109501647,0.314187613641626,0.0828,0.0,0.957805907172996,0.0,False,single_elimination,10,False
13,3,David Arquette,percent,24.0,0.1012658227848101,0.1125313751826107,11.253137518261084,0.0099198744585543,0.3579488700100692,0.0828,-0.0,0.957805907172996,0.0,False,single_elimination,10,False
13,3,Hope Solo,percent,24.0,0.1012658227848101,0.1063227658554479,10.632276585544794,0.0081925458924927,0.3223075345506367,0.0828,0.0,0.957805907172996,0.0,False,single_elimination,10,False
13,3,J.R. Martinez,percent,26.0,0.1097046413502109,0.1030482306992522,10.30482306992523,0.0058483486841262,0.3283529438980702,0.0828,0.0,0.957805907172996,0.0,False,single_elimination,10,False
13,3,Kristin Cavallari,percent,24.0,0.1012658227848101,0.0106437470155507,1.0643747015550773,0.0004913158204792,0.0329908298263048,0.0828,0.0,0.0987341772151898,0.0,False,single_elimination,10,True
13,3,Nancy Grace,percent,21.0,0.0886075949367088,0.1206530311370732,12.065303113707325,0.0238658721373178,0.3722335042952858,0.0828,0.0126582278481012,0.9704641350210972,0.0,False,single_elimination,10,False
13,3,Ricki Lake,percent,27.0,0.1139240506329113,0.1022453951902762,10.224539519027626,0.0046533135593838,0.335594099161728,0.0828,0.0,0.957805907172996,0.0,False,single_elimination,10,False
13,3,Rob Kardashian,percent,24.0,0.1012658227848101,0.1099983631613216,10.999836316132166,0.0097889233312075,0.3325441272102394,0.0828,0.0,0.957805907172996,0.0,False,single_elimination,10,False
13,4,Carson Kressley,percent,20.0,0.0956937799043062,0.1344086314913944,13.440863149139442,0.0166390132548116,0.4083229820374764,0.1685,0.0047846889952153,1.0,0.0,False,single_elimination,9,False
13,4,Chaz Bono,percent,21.0,0.1004784688995215,0.1317697840521446,13.176978405214465,0.0111328408178518,0.3849038962802891,0.1685,0.0,0.9952153110047848,0.0,False,single_elimination,9,False
13,4,Chynna Phillips,percent,21.0,0.1004784688995215,0.0160600566105316,1.6060056610531603,0.0005548414906633,0.050277236300892,0.1685,0.0,0.1217437533227006,0.0,False,single_elimination,9,True
13,4,David Arquette,percent,23.0,0.1100478468899521,0.1209202896825332,12.092028968253322,0.007943725306874,0.3670170190612499,0.1685,0.0,0.9952153110047848,0.0,False,single_elimination,9,False
13,4,Hope Solo,percent,24.0,0.1148325358851674,0.1197762440486229,11.977624404862294,0.0065650596775585,0.4035188569280811,0.1685,0.0,0.9952153110047848,0.0,False,single_elimination,9,False
13,4,J.R. Martinez,percent,26.0,0.124401913875598,0.1139166783459004,11.39166783459004,0.0048992578952014,0.365492205907784,0.1685,0.0,0.9952153110047848,0.0,False,single_elimination,9,False
13,4,Nancy Grace,percent,21.0,0.1004784688995215,0.1276269164607529,12.76269164607529,0.0130162683449642,0.3864788147980312,0.1685,0.0,0.9952153110047848,0.0,False,single_elimination,9,False
13,4,Ricki Lake,percent,29.0,0.138755980861244,0.1150577373190959,11.505773731909594,0.0036506332780173,0.3866175406220901,0.1685,0.0,0.9952153110047848,0.0,False,single_elimination,9,False
13,4,Rob Kardashian,percent,24.0,0.1148325358851674,0.120463661989024,12.0463661989024,0.0049761456818388,0.3808392462908548,0.1685,0.0,0.9952153110047848,0.0,False,single_elimination,9,False
13,5,Carson Kressley,percent,19.0,0.101063829787234,0.023632846530849,2.3632846530849,0.0008428377435166,0.0665620792079668,0.2652,0.0,0.1489361702127659,0.0,False,single_elimination,8,True
13,5,Chaz Bono,percent,21.0,0.1117021276595744,0.1482890684886917,14.828906848869158,0.0083796197071592,0.4522628768830458,0.2652,0.0,1.0,0.0,False,single_elimination,8,False
13,5,David Arquette,percent,25.0,0.1329787234042553,0.1397761928285321,13.9776192828532,0.0053475567661375,0.4326982563299713,0.2652,0.0,1.0,0.0,False,single_elimination,8,False
13,5,Hope Solo,percent,24.0,0.1276595744680851,0.1385874456250997,13.858744562509967,0.0065816339422464,0.4396203028544848,0.2652,0.0,1.0,0.0,False,single_elimination,8,False
13,5,J.R. Martinez,percent,28.0,0.1489361702127659,0.1320718189376608,13.207181893766071,0.0048450053487715,0.4268806876534545,0.2652,0.0,1.0,0.0,False,single_elimination,8,False
13,5,Nancy Grace,percent,22.0,0.1170212765957446,0.1431984404500745,14.319844045007436,0.0092602062050537,0.4349473154460027,0.2652,0.0,1.0,0.0,False,single_elimination,8,False
13,5,Ricki Lake,percent,24.0,0.1276595744680851,0.1396221208715658,13.962212087156573,0.005080593472029,0.4411764999558229,0.2652,0.0,1.0,0.0,False,single_elimination,8,False
13,5,Rob Kardashian,percent,25.0,0.1329787234042553,0.134822066267527,13.482206626752694,0.0060053519271966,0.4262907613090933,0.2652,0.0,1.0,0.0,False,single_elimination,8,False
13,6,Chaz Bono,percent,19.0,0.1144578313253012,0.0296623869845558,2.9662386984555837,0.0011729577301508,0.081954739510791,0.2721,0.0,0.1712564543889845,0.0,False,single_elimination,7,True
13,6,David Arquette,percent,23.0,0.1385542168674698,0.1609233509916568,16.09233509916567,0.0106866315868629,0.475439963858791,0.2721,0.0,1.0,0.0,False,single_elimination,7,False
13,6,Hope Solo,percent,20.0,0.1204819277108433,0.1760661899777655,17.606618997776543,0.0182792862161752,0.5170072123076866,0.2721,0.0,1.0,0.0,False,single_elimination,7,False
13,6,J.R. Martinez,percent,29.0,0.1746987951807229,0.1532282085590376,15.322820855903748,0.0045541026825369,0.4918879219599993,0.2721,0.0,1.0,0.0,False,single_elimination,7,False
13,6,Nancy Grace,percent,24.0,0.144578313253012,0.1582567569420557,15.825675694205565,0.0081314755835817,0.4718460373501306,0.2721,0.0,1.0,0.0,False,single_elimination,7,False
13,6,Ricki Lake,percent,29.0,0.1746987951807229,0.1557030774994565,15.570307749945645,0.0066414413922323,0.4790384040704258,0.2721,0.0,1.0,0.0,False,single_elimination,7,False
13,6,Rob Kardashian,percent,22.0,0.1325301204819277,0.1661600290454724,16.616002904547237,0.0107332224624577,0.4763300137134258,0.2721,0.0,1.0,0.0,False,single_elimination,7,False
13,7,David Arquette,percent,23.5,0.1604095563139931,0.0294871659990467,2.9487165999046763,0.0008348069228979,0.0864474452760434,0.1891,0.0,0.1729237770193402,0.0,False,single_elimination,6,True
13,7,Hope Solo,percent,25.0,0.1706484641638225,0.1951112581555003,19.51112581555004,0.0146787560158403,0.5545935217801623,0.1891,0.0,0.9897610921501708,0.0,False,single_elimination,6,False
13,7,J.R. Martinez,percent,24.0,0.1638225255972696,0.1949321676380037,19.49321676380038,0.0194505365449285,0.540041317672616,0.1891,0.0,0.9897610921501708,0.0,False,single_elimination,6,False
13,7,Nancy Grace,percent,22.0,0.1501706484641638,0.2056189842488917,20.56189842488918,0.0343617880997872,0.530331982106268,0.1891,0.0102389078498293,1.0,0.0,False,single_elimination,6,False
13,7,Ricki Lake,percent,26.5,0.1808873720136518,0.184307132478538,18.430713247853816,0.0103251606528506,0.5377087474308783,0.1891,0.0,0.9897610921501708,0.0,False,single_elimination,6,False
13,7,Rob Kardashian,percent,25.5,0.1740614334470989,0.190543291480019,19.05432914800192,0.0144676439061555,0.5288986804292388,0.1891,0.0,0.9897610921501708,0.0,False,single_elimination,6,False
13,8,Hope Solo,percent,26.0,0.2007722007722007,0.2403845722208784,24.038457222087843,0.0158300560973261,0.6470875399077244,0.3071,0.0,1.0,0.0,False,single_elimination,5,False
13,8,J.R. Martinez,percent,30.0,0.2316602316602316,0.2218185301420055,22.181853014200552,0.0105951475867782,0.6345704841277781,0.3071,0.0,1.0,0.0,False,single_elimination,5,False
13,8,Nancy Grace,percent,22.0,0.1698841698841698,0.0503246010451387,5.032460104513876,0.0017259046147281,0.1399735559910838,0.3071,0.0,0.2301158301158301,0.0,False,single_elimination,5,True
13,8,Ricki Lake,percent,26.0,0.2007722007722007,0.2459819456043242,24.59819456043242,0.0178603055102474,0.665309254774215,0.3071,0.0,1.0,0.0,False,single_elimination,5,False
13,8,Rob Kardashian,percent,25.5,0.1969111969111969,0.2414903509876531,24.149035098765307,0.0177820488280378,0.6514633085855238,0.3071,0.0,1.0,0.0,False,single_elimination,5,False
13,9,Hope Solo,percent,24.4998,0.2067502394524871,0.077010813441979,7.701081344197905,0.002775384488334,0.2060936913526849,0.3765,0.0,0.2932497605475128,0.0,False,single_elimination,4,True
13,9,J.R. Martinez,percent,28.0,0.2362879168266533,0.3210670474250467,32.10670474250469,0.0325019162616199,0.7641765261003183,0.3765,0.0,1.0,0.0,False,single_elimination,4,False
13,9,Ricki Lake,percent,33.4999,0.2827007708893286,0.2966028284794912,29.660282847949134,0.020069639692059,0.7417120503229792,0.3765,0.0,1.0,0.0,False,single_elimination,4,False
13,9,Rob Kardashian,percent,32.4998,0.2742610728315309,0.3053193106534825,30.531931065348267,0.0218340731766604,0.7719942678466472,0.3765,0.0,1.0,0.0,False,single_elimination,4,False
13,10,J.R. Martinez,percent,28.1665,0.3333329388541484,0.3363862146524919,33.638621465249145,0.0124849649387885,0.8456159999076459,1.0,0.0,1.0,0.0,False,no_elimination,3,False
13,10,Ricki Lake,percent,27.9999,0.3313613318879616,0.3329776891537984,33.29776891537979,0.0114828509568097,0.839341297139929,1.0,0.0,1.0,0.0,False,no_elimination,3,False
13,10,Rob Kardashian,percent,28.3332,0.33530572925789,0.3306360961937111,33.06360961937107,0.0124073318895702,0.8397521197801974,1.0,0.0,1.0,0.0,False,no_elimination,3,False
14,1,Donald Driver,percent,21.0,0.105,0.1097813907907895,10.97813907907894,0.0032063070354979,0.3712642012736304,1.0,0.0,1.0,0.0,False,no_elimination,9,False
14,1,Gavin DeGraw,percent,20.0,0.1,0.1114173339587932,11.141733395879315,0.0033521357533833,0.3721267406086092,1.0,0.0,1.0,0.0,False,no_elimination,9,False
14,1,Gladys Knight,percent,23.0,0.115,0.1104685873842393,11.046858738423929,0.0029109895988617,0.3701485577636314,1.0,0.0,1.0,0.0,False,no_elimination,9,False
14,1,Jack Wagner,percent,23.0,0.115,0.1117127327330201,11.171273273302008,0.0035564888316573,0.372148877716579,1.0,0.0,1.0,0.0,False,no_elimination,9,False
14,1,Jaleel White,percent,26.0,0.13,0.1124739453266892,11.247394532668917,0.0030905957814564,0.377859747159045,1.0,0.0,1.0,0.0,False,no_elimination,9,False
14,1,Maria Menounos,percent,21.0,0.105,0.1125143215276425,11.251432152764243,0.0032100275307029,0.3699880673373155,1.0,0.0,1.0,0.0,False,no_elimination,9,False
14,1,Melissa Gilbert,percent,20.0,0.1,0.1124570375646361,11.245703756463602,0.0033947798531224,0.3700519472545039,1.0,0.0,1.0,0.0,False,no_elimination,9,False
14,1,Roshon Fegan,percent,23.0,0.115,0.1096867500647619,10.96867500647619,0.0035849080380479,0.3671806584947394,1.0,0.0,1.0,0.0,False,no_elimination,9,False
14,1,Sherri Sheperd,percent,23.0,0.115,0.1094879006494286,10.948790064942852,0.0030958799090019,0.3655303478942772,1.0,0.0,1.0,0.0,False,no_elimination,9,False
14,2,Donald Driver,percent,24.0,0.1194029850746268,0.1100068000313301,11.000680003133038,0.0033948382508148,0.3656807657169736,1.0,0.0,1.0,0.0,False,no_elimination,9,False
14,2,Gavin DeGraw,percent,21.0,0.1044776119402985,0.110098977217387,11.009897721738724,0.0030228985453592,0.3598582228454794,1.0,0.0,1.0,0.0,False,no_elimination,9,False
14,2,Gladys Knight,percent,19.0,0.0945273631840796,0.1095927946409694,10.95927946409696,0.0031381265875505,0.3679451512664367,1.0,0.0,1.0,0.0,False,no_elimination,9,False
14,2,Jack Wagner,percent,21.0,0.1044776119402985,0.1101969911424692,11.019699114246944,0.0034784832356859,0.365431571099383,1.0,0.0,1.0,0.0,False,no_elimination,9,False
14,2,Jaleel White,percent,22.0,0.1094527363184079,0.111021726933907,11.102172693390724,0.003231059012088,0.3795210217112897,1.0,0.0,1.0,0.0,False,no_elimination,9,False
14,2,Maria Menounos,percent,25.0,0.1243781094527363,0.1124223136995204,11.242231369952064,0.0031458903261769,0.3744697054420596,1.0,0.0,1.0,0.0,False,no_elimination,9,False
14,2,Melissa Gilbert,percent,20.0,0.099502487562189,0.112841536970755,11.28415369707553,0.0027346234524,0.3692311266606723,1.0,0.0,1.0,0.0,False,no_elimination,9,False
14,2,Roshon Fegan,percent,26.0,0.1293532338308457,0.1127290747434063,11.27290747434066,0.0031674123076525,0.3723503587910012,1.0,0.0,1.0,0.0,False,no_elimination,9,False
14,2,Sherri Sheperd,percent,23.0,0.1144278606965174,0.1110897846202533,11.108978462025352,0.0031869348327291,0.3736190476446071,1.0,0.0,1.0,0.0,False,no_elimination,9,False
14,3,Donald Driver,percent,26.0,0.116591928251121,0.1177848477108966,11.778484771089676,0.007508157874242,0.3923519825821749,0.1332,0.0,1.0,0.0,False,single_elimination,9,False
14,3,Gavin DeGraw,percent,24.0,0.1076233183856502,0.1287699674175814,12.876996741758148,0.0128195673923047,0.3924263594474617,0.1332,-0.0,1.0,0.0,False,single_elimination,9,False
14,3,Gladys Knight,percent,24.0,0.1076233183856502,0.1267066038975192,12.670660389751934,0.0123503214953429,0.3953693314535281,0.1332,0.0,1.0,0.0,False,single_elimination,9,False
14,3,Jack Wagner,percent,24.0,0.1076233183856502,0.0138114377786784,1.3811437778678457,0.0004708641158436,0.0449660384353353,0.1332,0.0,0.114598903836572,0.0,False,single_elimination,9,True
14,3,Jaleel White,percent,25.0,0.1121076233183856,0.1246970510717925,12.469705107179266,0.0080518895668242,0.3748763698010352,0.1332,0.0,1.0,0.0,False,single_elimination,9,False
14,3,Maria Menounos,percent,27.0,0.1210762331838565,0.1156259782427229,11.562597824272302,0.0042315957891311,0.3877266252032885,0.1332,0.0,1.0,0.0,False,single_elimination,9,False
14,3,Melissa Gilbert,percent,24.0,0.1076233183856502,0.1279418503152418,12.794185031524188,0.0125677040221768,0.4008535098247792,0.1332,0.0,1.0,0.0,False,single_elimination,9,False
14,3,Roshon Fegan,percent,25.0,0.1121076233183856,0.117898038752215,11.78980387522151,0.009004913462499,0.3720930928859333,0.1332,0.0,1.0,0.0,False,single_elimination,9,False
14,3,Sherri Sheperd,percent,24.0,0.1076233183856502,0.1267642248133512,12.676422481335134,0.0118478131026668,0.3901983596244266,0.1332,0.0,1.0,0.0,False,single_elimination,9,False
14,4,Donald Driver,percent,27.0,0.1443850267379679,0.1313492874585966,13.134928745859664,0.004648152356126,0.4049820246880276,0.1869,0.0,0.9946524064171124,0.0,False,single_elimination,8,False
14,4,Gavin DeGraw,percent,23.0,0.1229946524064171,0.1412964506967363,14.129645069673632,0.0105723833890388,0.4226321440227646,0.1869,0.0,0.9946524064171124,0.0,False,single_elimination,8,False
14,4,Gladys Knight,percent,20.0,0.106951871657754,0.157154530191928,15.715453019192807,0.02332493575178,0.4447642802306769,0.1869,0.0053475935828877,1.0,0.0,False,single_elimination,8,False
14,4,Jaleel White,percent,22.0,0.1176470588235294,0.142301373158849,14.2301373158849,0.0123318325168171,0.431554093222972,0.1869,0.0,0.9946524064171124,0.0,False,single_elimination,8,False
14,4,Maria Menounos,percent,26.0,0.1390374331550802,0.1309421246205832,13.094212462058325,0.0047723964800924,0.4202571275017244,0.1869,0.0,0.9946524064171124,0.0,False,single_elimination,8,False
14,4,Melissa Gilbert,percent,22.0,0.1176470588235294,0.1417791456799613,14.177914567996131,0.0123912062578345,0.4142395469170258,0.1869,0.0,0.9946524064171124,0.0,False,single_elimination,8,False
14,4,Roshon Fegan,percent,26.0,0.1390374331550802,0.1349105646589101,13.491056465891017,0.0052826660426129,0.4209126303402681,0.1869,0.0,0.9946524064171124,0.0,False,single_elimination,8,False
14,4,Sherri Sheperd,percent,21.0,0.1122994652406417,0.0202665235344351,2.0266523534435152,0.0006879794385768,0.0587306116251151,0.1869,0.0,0.1377005347593583,0.0,False,single_elimination,8,True
14,5,Donald Driver,percent,27.0,0.1626506024096385,0.157307548714146,15.730754871414607,0.005376594794691,0.475682625636921,0.2748,0.0,1.0,0.0,False,single_elimination,7,False
14,5,Gavin DeGraw,percent,19.0,0.1144578313253012,0.0302636565641818,3.026365656418185,0.0012100290293396,0.0839546598422474,0.2748,0.0,0.1712564543889844,0.0,False,single_elimination,7,True
14,5,Gladys Knight,percent,22.0,0.1325301204819277,0.1690810316543819,16.9081031654382,0.0106536987320453,0.4871465217244911,0.2748,0.0,1.0,0.0,False,single_elimination,7,False
14,5,Jaleel White,percent,24.0,0.144578313253012,0.1548226709856111,15.482267098561117,0.0088502530777506,0.4709929681629087,0.2748,0.0,1.0,0.0,False,single_elimination,7,False
14,5,Maria Menounos,percent,27.0,0.1626506024096385,0.1610319984339104,16.10319984339105,0.0068246987434695,0.500649853456472,0.2748,0.0,1.0,0.0,False,single_elimination,7,False
14,5,Melissa Gilbert,percent,21.0,0.1265060240963855,0.1735431869917758,17.35431869917759,0.0146643234681735,0.5065291859348534,0.2748,0.0,1.0,0.0,False,single_elimination,7,False
14,5,Roshon Fegan,percent,26.0,0.1566265060240964,0.1539499066559926,15.394990665599265,0.0068807997251363,0.4711222305417333,0.2748,0.0,1.0,0.0,False,single_elimination,7,False
14,6,Donald Driver,percent,33.9999,0.1857924124341391,0.1859791076162559,18.5979107616256,0.0077957787331281,0.573919902474226,0.3115,0.0,1.0,0.0,False,single_elimination,6,False
14,6,Gladys Knight,percent,24.0,0.131147970976954,0.0407382916098388,4.073829160983888,0.0014311048259812,0.1149829640841791,0.3115,0.0,0.2021853623563793,0.0,False,single_elimination,6,True
14,6,Jaleel White,percent,36.9998,0.2021853623563793,0.1847979150243467,18.479791502434683,0.0063488563720206,0.5586948527413924,0.3115,0.0,1.0,0.0,False,single_elimination,6,False
14,6,Maria Menounos,percent,29.9999,0.1639344172713134,0.2008563027618029,20.085630276180304,0.0104134938913648,0.5715813065045107,0.3115,0.0,1.0,0.0,False,single_elimination,6,False
14,6,Melissa Gilbert,percent,30.0,0.1639349637211925,0.1904754226234188,19.047542262341896,0.010583268895245,0.5361865737114837,0.3115,0.0,1.0,0.0,False,single_elimination,6,False
14,6,Roshon Fegan,percent,27.9998,0.1530048732400215,0.1971529603643362,19.71529603643363,0.0156708170703765,0.5503558921287279,0.3115,0.0,1.0,0.0,False,single_elimination,6,False
14,7,Donald Driver,percent,26.5,0.2038461538461538,0.2388795046463552,23.887950464635534,0.0283408557904759,0.6382928768979923,0.218,0.0,0.9846153846153848,0.0,False,single_elimination,5,False
14,7,Jaleel White,percent,25.5,0.1961538461538461,0.04081669236709,4.081669236709011,0.0011137635525538,0.1196758709593555,0.218,0.0,0.2038461538461538,0.0,False,single_elimination,5,True
14,7,Maria Menounos,percent,28.5,0.2192307692307692,0.2239692668330192,22.39692668330193,0.0175397587059475,0.6229612398365558,0.218,0.0,0.9846153846153848,0.0,False,single_elimination,5,False
14,7,Melissa Gilbert,percent,23.5,0.1807692307692307,0.2622206856136567,26.222068561365685,0.0476255941754729,0.6511233171977749,0.218,0.0153846153846153,1.0,0.0,False,single_elimination,5,False
14,7,Roshon Fegan,percent,26.0,0.2,0.2341138505398783,23.411385053987846,0.0277971371725284,0.6381270880844842,0.218,0.0,0.9846153846153848,0.0,False,single_elimination,5,False
14,8,Donald Driver,percent,27.5,0.2558139534883721,0.3872585103570013,38.72585103570016,0.1239914262646228,0.7613516302609693,0.1714,0.0046511627906976,0.986046511627907,0.0,False,multi_elimination_2,4,False
14,8,Maria Menounos,percent,26.5,0.2465116279069767,0.4040131113790792,40.401311137907946,0.1299385080400969,0.76926904159052,0.1714,0.013953488372093,0.9953488372093025,0.0,False,multi_elimination_2,4,False
14,8,Melissa Gilbert,percent,25.5,0.2372093023255814,0.109648750576499,10.96487505764991,0.0043816583423923,0.2646666612848179,0.1714,0.0,0.3426356589147287,0.0,False,multi_elimination_2,4,True
14,8,Roshon Fegan,percent,28.0,0.2604651162790697,0.0990796276874198,9.907962768741992,0.0047489776247019,0.2435714633811523,0.1714,0.0,0.3271317829457364,0.0,False,multi_elimination_2,4,True
14,9,Donald Driver,percent,28.5,0.4913793103448275,0.7578466179937233,75.78466179937242,0.52137130590075,0.9866558284042029,0.4947,0.5086206896551724,1.0,0.0,False,single_elimination,2,False
14,9,Maria Menounos,percent,29.5,0.5086206896551724,0.2421533820062754,24.21533820062757,0.0133441715957972,0.4786286940992499,0.4947,0.0,0.4913793103448275,0.0,False,single_elimination,2,True
15,1,Apolo Anton Ohno,percent,22.0,0.102803738317757,0.0998741001232485,9.987410012324853,0.0028438276650585,0.3329990444629028,1.0,0.0,1.0,0.0,False,no_elimination,10,False
15,1,Bristol Palin,percent,19.5,0.0911214953271028,0.0987350906662395,9.873509066623951,0.0027250117540955,0.3259358604300575,1.0,0.0,1.0,0.0,False,no_elimination,10,False
15,1,Drew Lachey,percent,21.5,0.1004672897196261,0.0996059843820433,9.960598438204329,0.0025966203784112,0.3365368224466468,1.0,0.0,1.0,0.0,False,no_elimination,10,False
15,1,Emmitt Smith,percent,24.5,0.1144859813084112,0.1001276286666628,10.012762866666272,0.0028661160920336,0.3330635763380812,1.0,0.0,1.0,0.0,False,no_elimination,10,False
15,1,Joey Fatone,percent,20.5,0.0957943925233644,0.0989647402917664,9.896474029176634,0.0029689579942704,0.3330240095696545,1.0,0.0,1.0,0.0,False,no_elimination,10,False
15,1,Kelly Monaco,percent,21.5,0.1004672897196261,0.1012955170407493,10.129551704074924,0.0026903461936407,0.3370737040891236,1.0,0.0,1.0,0.0,False,no_elimination,10,False
15,1,Kirstie Alley,percent,19.0,0.0887850467289719,0.0996086220306746,9.96086220306746,0.0029906883016433,0.3308154942887792,1.0,0.0,1.0,0.0,False,no_elimination,10,False
15,1,Melissa Rycroft,percent,21.0,0.0981308411214953,0.1008522620577978,10.08522620577978,0.0033103576559065,0.3362030364206602,1.0,0.0,1.0,0.0,False,no_elimination,10,False
15,1,Sabrina Bryan,percent,22.5,0.1051401869158878,0.0994753425269808,9.947534252698077,0.0030610441972585,0.3376047092124778,1.0,0.0,1.0,0.0,False,no_elimination,10,False
15,1,Shawn Johnson,percent,22.0,0.102803738317757,0.1014607122138371,10.146071221383709,0.0027565330754993,0.3428019480753016,1.0,0.0,1.0,0.0,False,no_elimination,10,False
15,2,Apolo Anton Ohno,percent,24.5,0.1076923076923077,0.1039412540855194,10.39412540855195,0.0076753059523427,0.3204309640522121,0.0969,0.0,0.9714285714285714,0.0,False,single_elimination,10,False
15,2,Bristol Palin,percent,18.0,0.0791208791208791,0.1262170222495899,12.621702224958998,0.0289424094990976,0.3507423131660369,0.0969,0.0197802197802197,0.9912087912087912,0.0,False,single_elimination,10,False
15,2,Drew Lachey,percent,22.5,0.0989010989010989,0.1110724648747051,11.107246487470512,0.0096324512303992,0.3621520043595083,0.0969,-0.0,0.9714285714285714,0.0,False,single_elimination,10,False
15,2,Emmitt Smith,percent,22.5,0.0989010989010989,0.1101615660644737,11.016156606447376,0.011166593714,0.3473120475118312,0.0969,0.0,0.9714285714285714,0.0,False,single_elimination,10,False
15,2,Joey Fatone,percent,22.5,0.0989010989010989,0.0106189406788476,1.061894067884768,0.0002797127439808,0.0363833170530219,0.0969,0.0,0.1010989010989011,0.0,False,single_elimination,10,True
15,2,Kelly Monaco,percent,22.0,0.0967032967032967,0.1130531907186529,11.3053190718653,0.0128141437960657,0.3420803819651244,0.0969,0.0021978021978021,0.9736263736263736,0.0,False,single_elimination,10,False
15,2,Kirstie Alley,percent,21.0,0.0923076923076923,0.1149853879477735,11.498538794777351,0.016210179687275,0.3356453110655717,0.0969,0.0065934065934065,0.978021978021978,0.0,False,single_elimination,10,False
15,2,Melissa Rycroft,percent,23.5,0.1032967032967032,0.1048243985688945,10.482439856889457,0.0053867927475089,0.3243888531804079,0.0969,0.0,0.9714285714285714,0.0,False,single_elimination,10,False
15,2,Sabrina Bryan,percent,26.0,0.1142857142857142,0.0985589806602327,9.855898066023276,0.0047483405376025,0.3428169827411419,0.0969,0.0,0.9714285714285714,0.0,False,single_elimination,10,False
15,2,Shawn Johnson,percent,25.0,0.1098901098901098,0.1065667941513101,10.65667941513102,0.00358111642751,0.3349979619878085,0.0969,0.0,0.9714285714285714,0.0,False,single_elimination,10,False
15,3,Apolo Anton Ohno,percent,25.5,0.1123348017621145,0.1243590424364141,12.43590424364141,0.0062941118385445,0.388075554507321,0.1456,0.0,0.9933920704845814,0.0,False,single_elimination,9,False
15,3,Bristol Palin,percent,22.5,0.0991189427312775,0.1355299200426196,13.552992004261965,0.0185489029370287,0.3933772005686426,0.1456,0.0066079295154185,1.0,0.0,False,single_elimination,9,False
15,3,Drew Lachey,percent,24.0,0.105726872246696,0.0137087932386305,1.370879323863053,0.0004316071640888,0.0428749802855733,0.1456,0.0,0.1164953499755261,0.0,False,single_elimination,9,True
15,3,Emmitt Smith,percent,25.0,0.1101321585903083,0.1224382669094818,12.24382669094818,0.0092645307244756,0.3708724860209255,0.1456,0.0,0.9933920704845814,0.0,False,single_elimination,9,False
15,3,Kelly Monaco,percent,27.0,0.118942731277533,0.1157827574174203,11.57827574174203,0.0064378976813298,0.3683547986449318,0.1456,0.0,0.9933920704845814,0.0,False,single_elimination,9,False
15,3,Kirstie Alley,percent,24.0,0.105726872246696,0.127024054087024,12.702405408702395,0.0138895914016224,0.3911065100123365,0.1456,0.0,0.9933920704845814,0.0,False,single_elimination,9,False
15,3,Melissa Rycroft,percent,27.0,0.118942731277533,0.1170670043196484,11.706700431964842,0.0046977382950889,0.3610460003460121,0.1456,0.0,0.9933920704845814,0.0,False,single_elimination,9,False
15,3,Sabrina Bryan,percent,25.5,0.1123348017621145,0.1252651175565659,12.52651175565659,0.0096784325132408,0.3846375400274566,0.1456,0.0,0.9933920704845814,0.0,False,single_elimination,9,False
15,3,Shawn Johnson,percent,26.5,0.1167400881057268,0.1188250439921953,11.882504399219536,0.0069973438168587,0.3722658673077758,0.1456,0.0,0.9933920704845814,0.0,False,single_elimination,9,False
15,4,Apolo Anton Ohno,percent,34.5,0.1223404255319148,0.1418890945523618,14.188909455236184,0.0107409384445184,0.4281272841322546,0.1949,0.0,0.9929078014184396,0.0,False,single_elimination,8,False
15,4,Bristol Palin,percent,32.0,0.1134751773049645,0.019185390549442,1.9185390549442056,0.0007179554736959,0.0585566878040924,0.1949,0.0,0.1365248226950354,0.0,False,single_elimination,8,True
15,4,Emmitt Smith,percent,36.0,0.1276595744680851,0.140685179950836,14.0685179950836,0.0091602154130048,0.4304360138783565,0.1949,0.0,0.9929078014184396,0.0,False,single_elimination,8,False
15,4,Kelly Monaco,percent,37.5,0.1329787234042553,0.1321173613688838,13.211736136888389,0.0064471597869049,0.4233274208485626,0.1949,0.0,0.9929078014184396,0.0,False,single_elimination,8,False
15,4,Kirstie Alley,percent,30.0,0.1063829787234042,0.1567178129832544,15.671781298325447,0.0216604207318359,0.4484466213245168,0.1949,0.0070921985815602,1.0,0.0,False,single_elimination,8,False
15,4,Melissa Rycroft,percent,37.0,0.1312056737588652,0.1380200861912227,13.802008619122278,0.0062588575365624,0.4373792318870316,0.1949,0.0,0.9929078014184396,0.0,False,single_elimination,8,False
15,4,Sabrina Bryan,percent,35.5,0.125886524822695,0.1364589970301486,13.645899703014862,0.0078257186569682,0.4124157284548096,0.1949,0.0,0.9929078014184396,0.0,False,single_elimination,8,False
15,4,Shawn Johnson,percent,39.5,0.1400709219858156,0.1349260773738502,13.492607737385027,0.0052229616641374,0.4217682154073292,0.1949,0.0,0.9929078014184396,0.0,False,single_elimination,8,False
15,5,Apolo Anton Ohno,percent,28.25,0.1456185567010309,0.1417948210037319,14.179482100373171,0.004465585028969,0.4581923135179716,1.0,0.0,1.0,0.0,False,no_elimination,7,False
15,5,Emmitt Smith,percent,28.0,0.1443298969072164,0.1452869384212668,14.52869384212666,0.0048290213171982,0.4677829210988712,1.0,0.0,1.0,0.0,False,no_elimination,7,False
15,5,Kelly Monaco,percent,25.75,0.1327319587628866,0.1435454929811223,14.354549298112204,0.0042598387020447,0.4532878561574639,1.0,0.0,1.0,0.0,False,no_elimination,7,False
15,5,Kirstie Alley,percent,26.25,0.1353092783505154,0.1411333745291087,14.113337452910852,0.0041982780576848,0.4544671506770473,1.0,0.0,1.0,0.0,False,no_elimination,7,False
15,5,Melissa Rycroft,percent,28.25,0.1456185567010309,0.1416247131257898,14.162471312578957,0.0043286103459255,0.4548096334859088,1.0,0.0,1.0,0.0,False,no_elimination,7,False
15,5,Sabrina Bryan,percent,29.25,0.1507731958762886,0.143175312811045,14.31753128110448,0.0042613068813447,0.4562623666301457,1.0,0.0,1.0,0.0,False,no_elimination,7,False
15,5,Shawn Johnson,percent,28.25,0.1456185567010309,0.1434393471279371,14.34393471279369,0.0043016796627207,0.452411716757516,1.0,0.0,1.0,0.0,False,no_elimination,7,False
15,6,Apolo Anton Ohno,percent,30.0,0.1511335012594458,0.1580540427294141,15.805404272941418,0.0159184882175619,0.437374342104918,0.1044,-0.0,0.9420654911838792,0.0,False,single_elimination,7,False
15,6,Emmitt Smith,percent,26.5,0.1335012594458438,0.1713347181929347,17.133471819293476,0.0328942781522748,0.4614544826843584,0.1044,0.017632241813602,0.9596977329974812,0.0,False,single_elimination,7,False
15,6,Kelly Monaco,percent,27.0,0.1360201511335012,0.1709764956575263,17.097649565752633,0.0304895949880582,0.4879685098429223,0.1044,0.0151133501259445,0.9571788413098236,0.0,False,single_elimination,7,False
15,6,Kirstie Alley,percent,27.5,0.1385390428211587,0.1661872201687803,16.61872201687804,0.0260449206280515,0.4769045591384874,0.1044,0.0125944584382871,0.9546599496221662,0.0,False,single_elimination,7,False
15,6,Melissa Rycroft,percent,29.5,0.1486146095717884,0.1515654071817834,15.156540718178348,0.0163392937524354,0.4433255328895054,0.1044,0.0025188916876574,0.9445843828715365,0.0,False,single_elimination,7,False
15,6,Sabrina Bryan,percent,30.0,0.1511335012594458,0.0180489812445653,1.8048981244565363,0.0006394484744944,0.0592450286829255,0.1044,0.0,0.1345807844548398,0.0,False,single_elimination,7,True
15,6,Shawn Johnson,percent,28.0,0.1410579345088161,0.1638331348249955,16.383313482499556,0.0250127336858834,0.4539607582449192,0.1044,0.0100755667506297,0.9521410579345088,0.0,False,single_elimination,7,False
15,7,Apolo Anton Ohno,percent,33.0,0.1582737608483473,0.1674752829906957,16.74752829906958,0.0047849683230415,0.5234626026483024,1.0,0.0,1.0,0.0,False,no_elimination,6,False
15,7,Emmitt Smith,percent,34.4999,0.1654675430876333,0.1663734831373888,16.637348313738894,0.0046650388306479,0.5217028548801242,1.0,0.0,1.0,0.0,False,no_elimination,6,False
15,7,Kelly Monaco,percent,36.0,0.1726622845618335,0.1644748888973503,16.44748888973504,0.0048057960814442,0.5149039680099545,1.0,0.0,1.0,0.0,False,no_elimination,6,False
15,7,Kirstie Alley,percent,27.9999,0.13429240837508,0.167692916446729,16.769291644672908,0.0056857643598263,0.5219664539014037,1.0,0.0,1.0,0.0,False,no_elimination,6,False
15,7,Melissa Rycroft,percent,38.9999,0.1870503286578624,0.166181616872344,16.61816168723441,0.0047435743392927,0.5213988579677947,1.0,0.0,1.0,0.0,False,no_elimination,6,False
15,7,Shawn Johnson,percent,37.9998,0.1822536744692433,0.1678018116554917,16.780181165549184,0.0050161246804709,0.5272549310982133,1.0,0.0,1.0,0.0,False,no_elimination,6,False
15,8,Apolo Anton Ohno,percent,29.2777,0.1722220686271799,0.1912166526651628,19.12166526651629,0.0116317541501113,0.541571007435413,0.2361,0.0,1.0,0.0,False,single_elimination,6,False
15,8,Emmitt Smith,percent,29.0554,0.1709144192607398,0.1956207469271593,19.56207469271593,0.0124412728416339,0.5643576057550725,0.2361,0.0,1.0,0.0,False,single_elimination,6,False
15,8,Kelly Monaco,percent,28.3333,0.1666667647060553,0.1909585103830515,19.095851038305156,0.0133910461329432,0.563898093963261,0.2361,0.0,1.0,0.0,False,single_elimination,6,False
15,8,Kirstie Alley,percent,25.5,0.1500002647063494,0.0327463922618696,3.2746392261869666,0.0011934959975021,0.0960451910234718,0.2361,0.0,0.1833330686269838,0.0,False,single_elimination,6,True
15,8,Melissa Rycroft,percent,30.0,0.1764708996545287,0.1935881122745575,19.358811227455757,0.0098233516097479,0.553474998278684,0.2361,0.0,1.0,0.0,False,single_elimination,6,False
15,8,Shawn Johnson,percent,27.8333,0.1637255830451465,0.1958695854881989,19.586958548819894,0.0163129372438328,0.5481684327686763,0.2361,0.0,1.0,0.0,False,single_elimination,6,False
15,9,Apolo Anton Ohno,percent,28.611,0.202915325351756,0.0621002158574582,6.210021585745821,0.0018580724074246,0.1684774165734836,0.1017,0.0,0.2492122323664518,0.0,False,multi_elimination_2,5,True
15,9,Emmitt Smith,percent,27.0,0.1914897691271683,0.0659826137337937,6.598261373379369,0.0027940842064481,0.1788263847656704,0.1017,0.0,0.2577813995348926,0.0,False,multi_elimination_2,5,True
15,9,Kelly Monaco,percent,27.111,0.1922770048446911,0.2965531874535503,29.655318745355014,0.0783253690616476,0.6426088966740794,0.1017,0.0106383205070648,1.0,0.0,False,multi_elimination_2,5,False
15,9,Melissa Rycroft,percent,28.7777,0.2040975973707745,0.2893743149177913,28.93743149177912,0.0701142280562769,0.668512330157714,0.1017,0.0,0.9893616794929352,0.0,False,multi_elimination_2,5,False
15,9,Shawn Johnson,percent,29.5,0.2092203033056098,0.285989668037407,28.598966803740687,0.0545523626270216,0.6451014427629694,0.1017,0.0,0.9893616794929352,0.0,False,multi_elimination_2,5,False
15,10,Kelly Monaco,percent,29.1109,0.3331212530739241,0.3304243307514142,33.042433075141325,0.013068243533104,0.8336346089785477,1.0,0.0,1.0,0.0,False,no_elimination,3,False
15,10,Melissa Rycroft,percent,29.3331,0.3356639275509422,0.3388815516397799,33.8881551639779,0.0127088845434149,0.8503512111455919,1.0,0.0,1.0,0.0,False,no_elimination,3,False
15,10,Shawn Johnson,percent,28.9443,0.3312148193751337,0.3306941176088087,33.069411760880776,0.0122014599729314,0.8377876591414835,1.0,0.0,1.0,0.0,False,no_elimination,3,False
16,1,Alexandra Raisman,percent,21.0,0.1099476439790576,0.1000343823635376,10.003438236353777,0.0027960205789739,0.3347859475451052,1.0,0.0,1.0,0.0,False,no_elimination,10,False
16,1,Andy Dick,percent,17.0,0.0890052356020942,0.0998778588326538,9.987785883265389,0.0028290425016552,0.3350882974512718,1.0,0.0,1.0,0.0,False,no_elimination,10,False
16,1,D. L. Hughley,percent,12.0,0.06282722513089,0.0997839869880306,9.97839869880307,0.0027676815188236,0.3388896416767394,1.0,0.0,1.0,0.0,False,no_elimination,10,False
16,1,Dorothy Hamill,percent,21.0,0.1099476439790576,0.1010061361720305,10.100613617203065,0.0029647494094313,0.3395079847139698,1.0,0.0,1.0,0.0,False,no_elimination,10,False
16,1,Jacoby Jones,percent,20.0,0.1047120418848167,0.1015163506213249,10.151635062132504,0.0026872383858506,0.3413014985737643,1.0,0.0,1.0,0.0,False,no_elimination,10,False
16,1,Kellie Pickler,percent,21.0,0.1099476439790576,0.0994209458227313,9.942094582273144,0.0031022210579218,0.3330072499748034,1.0,0.0,1.0,0.0,False,no_elimination,10,False
16,1,Sean Lowe,percent,19.0,0.0994764397905759,0.100319082427427,10.031908242742713,0.0028529610377023,0.3404090738500228,1.0,0.0,1.0,0.0,False,no_elimination,10,False
16,1,Victor Ortiz,percent,18.0,0.094240837696335,0.0981035879062664,9.810358790626656,0.0025199758927358,0.3341255348153977,1.0,0.0,1.0,0.0,False,no_elimination,10,False
16,1,Wynonna Judd,percent,18.0,0.094240837696335,0.1002636137482901,10.02636137482902,0.0028031665846978,0.3400597165525635,1.0,0.0,1.0,0.0,False,no_elimination,10,False
16,1,Zendaya,percent,24.0,0.1256544502617801,0.0996740551177066,9.967405511770677,0.0026955462216809,0.3411246641642651,1.0,0.0,1.0,0.0,False,no_elimination,10,False
16,2,Alexandra Raisman,percent,24.0,0.116504854368932,0.1013500370085409,10.135003700854105,0.0029129490994493,0.3411842395995368,1.0,0.0,1.0,0.0,False,no_elimination,10,False
16,2,Andy Dick,percent,20.0,0.0970873786407767,0.0984926853723782,9.849268537237828,0.0024569458740261,0.3357430519445591,1.0,0.0,1.0,0.0,False,no_elimination,10,False
16,2,D. L. Hughley,percent,16.0,0.0776699029126213,0.0990979654161559,9.9097965416156,0.0027073917385553,0.3235488687422856,1.0,0.0,1.0,0.0,False,no_elimination,10,False
16,2,Dorothy Hamill,percent,15.0,0.0728155339805825,0.0995970917746546,9.959709177465468,0.0028012834482843,0.3321326549548587,1.0,0.0,1.0,0.0,False,no_elimination,10,False
16,2,Jacoby Jones,percent,23.0,0.1116504854368932,0.1008162418319152,10.081624183191527,0.0029028776249961,0.3428695136601318,1.0,0.0,1.0,0.0,False,no_elimination,10,False
16,2,Kellie Pickler,percent,26.0,0.1262135922330097,0.1000087584035818,10.000875840358193,0.0030778189767418,0.3386056172107849,1.0,0.0,1.0,0.0,False,no_elimination,10,False
16,2,Sean Lowe,percent,20.0,0.0970873786407767,0.100976103636383,10.097610363638305,0.0030158993737356,0.3361136679538007,1.0,0.0,1.0,0.0,False,no_elimination,10,False
16,2,Victor Ortiz,percent,18.0,0.087378640776699,0.0993587437434843,9.935874374348437,0.0029602517053299,0.3384380587805367,1.0,0.0,1.0,0.0,False,no_elimination,10,False
16,2,Wynonna Judd,percent,18.0,0.087378640776699,0.1006273716054625,10.062737160546256,0.0025373783029961,0.3488565321669568,1.0,0.0,1.0,0.0,False,no_elimination,10,False
16,2,Zendaya,percent,26.0,0.1262135922330097,0.0996750012074428,9.967500120744289,0.0026004590571842,0.3286163217751878,1.0,0.0,1.0,0.0,False,no_elimination,10,False
16,3,Alexandra Raisman,percent,23.0,0.1191712314429667,0.1165589091361934,11.655890913619338,0.0055363867126574,0.3737715430537998,0.2953,0.0,1.0,0.0,False,single_elimination,9,False
16,3,Andy Dick,percent,18.0,0.0932644419988435,0.1308615800088531,13.086158000885307,0.008784351824876,0.4071768178992279,0.2953,0.0,1.0,0.0,False,single_elimination,9,False
16,3,D. L. Hughley,percent,16.0,0.0829017262211942,0.1364025972025208,13.64025972025208,0.0120201083653857,0.4016281355687952,0.2953,0.0,1.0,0.0,False,single_elimination,9,False
16,3,Jacoby Jones,percent,25.9998,0.1347142688378629,0.1178351890879826,11.783518908798255,0.0028675840238827,0.3734258928401225,0.2953,0.0,1.0,0.0,False,single_elimination,9,False
16,3,Kellie Pickler,percent,25.0,0.129533947220616,0.1190087307230514,11.90087307230514,0.0036557627978407,0.3958315563662827,0.2953,0.0,1.0,0.0,False,single_elimination,9,False
16,3,Sean Lowe,percent,21.0,0.1088085156653174,0.1211736584802874,12.117365848028742,0.0053953596971911,0.3790060313505329,0.2953,0.0,1.0,0.0,False,single_elimination,9,False
16,3,Victor Ortiz,percent,23.0,0.1191712314429667,0.1216518130130824,12.165181301308245,0.003878375194603,0.3962191919273418,0.2953,0.0,1.0,0.0,False,single_elimination,9,False
16,3,Wynonna Judd,percent,15.0,0.0777203683323696,0.0245342077345186,2.453420773451865,0.0009379862706376,0.06597760858117,0.2953,0.0,0.1445018538898526,0.0,False,single_elimination,9,True
16,3,Zendaya,percent,25.9998,0.1347142688378629,0.1119733146135103,11.19733146135103,0.0028853798818536,0.3834882487447407,0.2953,0.0,1.0,0.0,False,single_elimination,9,False
16,4,Alexandra Raisman,percent,27.0,0.1475409836065573,0.1250634765641628,12.506347656416292,0.0037854755362127,0.4004665765422507,1.0,0.0,1.0,0.0,False,no_elimination,8,False
16,4,Andy Dick,percent,21.0,0.1147540983606557,0.1238878944986884,12.388789449868852,0.0038816105871042,0.3938751141317416,1.0,0.0,1.0,0.0,False,no_elimination,8,False
16,4,D. L. Hughley,percent,21.0,0.1147540983606557,0.1250238946937771,12.50238946937772,0.0036809398278241,0.4129196395195647,1.0,0.0,1.0,0.0,False,no_elimination,8,False
16,4,Jacoby Jones,percent,24.0,0.1311475409836065,0.125409874168945,12.540987416894511,0.0032815582308263,0.4058881375982665,1.0,0.0,1.0,0.0,False,no_elimination,8,False
16,4,Kellie Pickler,percent,26.0,0.1420765027322404,0.125715678728642,12.571567872864216,0.0039650989980013,0.4107167238125903,1.0,0.0,1.0,0.0,False,no_elimination,8,False
16,4,Sean Lowe,percent,20.0,0.1092896174863388,0.1253286672196294,12.53286672196296,0.0035314673268227,0.4162840230716723,1.0,0.0,1.0,0.0,False,no_elimination,8,False
16,4,Victor Ortiz,percent,18.0,0.0983606557377049,0.1253066606574649,12.530666065746502,0.003396390098085,0.4064357314936743,1.0,0.0,1.0,0.0,False,no_elimination,8,False
16,4,Zendaya,percent,26.0,0.1420765027322404,0.1242638534686893,12.426385346868942,0.0037287923988144,0.4050007124843504,1.0,0.0,1.0,0.0,False,no_elimination,8,False
16,5,Alexandra Raisman,percent,25.0,0.1329787234042553,0.1357938313820337,13.579383138203372,0.0062395126641436,0.4282101575528712,0.2673,0.0,1.0,0.0,False,single_elimination,8,False
16,5,Andy Dick,percent,18.0,0.0957446808510638,0.1601500066610285,16.01500066610285,0.0196695195211517,0.4578909953908322,0.2673,-0.0,1.0,0.0,False,single_elimination,8,False
16,5,D. L. Hughley,percent,18.0,0.0957446808510638,0.0264614026226679,2.646140262266798,0.0011925076533806,0.0716356025571045,0.2673,0.0,0.1542553191489362,0.0,False,single_elimination,8,True
16,5,Jacoby Jones,percent,26.0,0.1382978723404255,0.1330393827475308,13.30393827475308,0.0047619898646351,0.4311690508628774,0.2673,0.0,1.0,0.0,False,single_elimination,8,False
16,5,Kellie Pickler,percent,27.0,0.1436170212765957,0.1351221703279721,13.512217032797205,0.0049323041871835,0.4187787873236392,0.2673,0.0,1.0,0.0,False,single_elimination,8,False
16,5,Sean Lowe,percent,24.0,0.1276595744680851,0.1393027144700869,13.930271447008687,0.005354186698326,0.4424341628836719,0.2673,0.0,1.0,0.0,False,single_elimination,8,False
16,5,Victor Ortiz,percent,21.0,0.1117021276595744,0.1410652316676547,14.106523166765472,0.0085187987610755,0.4303525637586666,0.2673,0.0,1.0,0.0,False,single_elimination,8,False
16,5,Zendaya,percent,29.0,0.1542553191489361,0.1290652601210254,12.90652601210254,0.0035323630424886,0.4200905142267894,0.2673,0.0,1.0,0.0,False,single_elimination,8,False
16,6,Alexandra Raisman,percent,26.0,0.1570996978851963,0.156353631803288,15.6353631803288,0.0057774497791012,0.4952408031886353,0.2603,0.0,1.0,0.0,False,single_elimination,7,False
16,6,Andy Dick,percent,21.5,0.1299093655589124,0.1704143860994989,17.041438609949893,0.015237136692328,0.5118656441075401,0.2603,0.0,1.0,0.0,False,single_elimination,7,False
16,6,Jacoby Jones,percent,22.5,0.1359516616314199,0.1672508421191709,16.72508421191709,0.0097351185348574,0.4910180729874534,0.2603,0.0,1.0,0.0,False,single_elimination,7,False
16,6,Kellie Pickler,percent,27.0,0.1631419939577039,0.1556869369220241,15.568693692202412,0.0059777101356957,0.5043595921051408,0.2603,0.0,1.0,0.0,False,single_elimination,7,False
16,6,Sean Lowe,percent,23.0,0.1389728096676737,0.1648984200698039,16.48984200698039,0.0108355771957761,0.4843382908599873,0.2603,0.0,1.0,0.0,False,single_elimination,7,False
16,6,Victor Ortiz,percent,20.0,0.120845921450151,0.02798821659666,2.798821659666002,0.0009926974813875,0.0796641172483139,0.2603,0.0,0.1648683642641347,0.0,False,single_elimination,7,True
16,6,Zendaya,percent,25.5,0.1540785498489426,0.1574075663895541,15.740756638955414,0.0068606770129364,0.4869867244354022,0.2603,0.0,1.0,0.0,False,single_elimination,7,False
16,7,Alexandra Raisman,percent,32.0,0.2012578616352201,0.1848903181212754,18.48903181212754,0.0066910055235269,0.5561059233405499,0.4161,0.0,1.0,0.0,False,single_elimination,6,False
16,7,Andy Dick,percent,17.0,0.1069182389937107,0.0509283807472856,5.092838074728564,0.0022064290639375,0.1276339689447429,0.4161,0.0,0.2264150943396226,0.0,False,single_elimination,6,True
16,7,Jacoby Jones,percent,27.0,0.1698113207547169,0.1975708130855714,19.757081308557144,0.0109742330048462,0.5857024688973577,0.4161,0.0,1.0,0.0,False,single_elimination,6,False
16,7,Kellie Pickler,percent,29.0,0.1823899371069182,0.1823410974212348,18.23410974212348,0.0079023607766892,0.5420512882624772,0.4161,0.0,1.0,0.0,False,single_elimination,6,False
16,7,Sean Lowe,percent,24.0,0.1509433962264151,0.1971979941274631,19.71979941274631,0.0131351347312674,0.5541564882777656,0.4161,0.0,1.0,0.0,False,single_elimination,6,False
16,7,Zendaya,percent,30.0,0.1886792452830188,0.1870713964971698,18.70713964971698,0.0070390948769689,0.5559349542504805,0.4161,0.0,1.0,0.0,False,single_elimination,6,False
16,8,Alexandra Raisman,percent,28.0,0.2129277566539923,0.2384009042074039,23.840090420740363,0.0143730614563823,0.6507765454092822,0.3361,0.0,1.0,0.0,False,single_elimination,5,False
16,8,Jacoby Jones,percent,26.0,0.1977186311787072,0.2468574648660191,24.68574648660188,0.0156322282001624,0.6472259034314524,0.3361,0.0,1.0,0.0,False,single_elimination,5,False
16,8,Kellie Pickler,percent,27.5,0.2091254752851711,0.2334617961125776,23.34617961125773,0.0144525416295263,0.6440748861623115,0.3361,0.0,1.0,0.0,False,single_elimination,5,False
16,8,Sean Lowe,percent,21.0,0.1596958174904943,0.0534877202815862,5.3487720281586135,0.0020231319842704,0.1463811049171834,0.3361,0.0,0.2403041825095057,0.0,False,single_elimination,5,True
16,8,Zendaya,percent,29.0,0.2205323193916349,0.2277921145324143,22.7792114532414,0.014637443837604,0.6393378162930423,0.3361,0.0,1.0,0.0,False,single_elimination,5,False
16,9,Alexandra Raisman,percent,29.5,0.2554112554112554,0.2499553792964115,24.995537929641085,0.008103043449552,0.706070687139755,1.0,0.0,1.0,0.0,False,no_elimination,4,False
16,9,Jacoby Jones,percent,29.5,0.2554112554112554,0.2493988000807835,24.939880008078287,0.0082860804417521,0.7107481526779448,1.0,0.0,1.0,0.0,False,no_elimination,4,False
16,9,Kellie Pickler,percent,29.0,0.2510822510822511,0.2488391607051843,24.88391607051837,0.0082997927728319,0.7058407066349768,1.0,0.0,1.0,0.0,False,no_elimination,4,False
16,9,Zendaya,percent,27.5,0.238095238095238,0.2518066599176231,25.180665991762247,0.0084889619561393,0.7059695240598723,1.0,0.0,1.0,0.0,False,no_elimination,4,False
16,10,Alexandra Raisman,percent,29.0,0.2478634597123587,0.0626433360071111,6.264333600711122,0.0019890077513942,0.1763056609579487,0.2533,0.0,0.2521365402876413,0.0,False,single_elimination,4,True
16,10,Jacoby Jones,percent,27.9999,0.2393155891586232,0.3146636797842904,31.466367978429066,0.0507464042165214,0.7209762327392382,0.2533,0.0085478705537355,1.0,0.0,False,single_elimination,4,False
16,10,Kellie Pickler,percent,30.0,0.256410475564509,0.3150635431747547,31.50635431747549,0.0401804402508372,0.7396212381469137,0.2533,0.0,0.9914521294462644,0.0,False,single_elimination,4,False
16,10,Zendaya,percent,30.0,0.256410475564509,0.3076294410338429,30.762944103384317,0.0414400417675814,0.7384284871605309,0.2533,0.0,0.9914521294462644,0.0,False,single_elimination,4,False
17,1,Amber Riley,percent,27.0,0.1285714285714285,0.0996523391681799,9.96523391681799,0.0029850059894049,0.3391693948687126,1.0,0.0,1.0,0.0,False,no_elimination,10,False
17,1,Bill Engvall,percent,18.0,0.0857142857142857,0.1017670037534499,10.176700375344993,0.0030313910087999,0.3409632681165378,1.0,0.0,1.0,0.0,False,no_elimination,10,False
17,1,Bill Nye,percent,14.0,0.0666666666666666,0.1010032726201888,10.100327262018885,0.0029050141947279,0.3369213730006458,1.0,0.0,1.0,0.0,False,no_elimination,10,False
17,1,Brant Daugherty,percent,22.0,0.1047619047619047,0.1003387022779193,10.033870227791931,0.0030988700403228,0.3327013829901471,1.0,0.0,1.0,0.0,False,no_elimination,10,False
17,1,Christina Milian,percent,22.0,0.1047619047619047,0.1012467794861368,10.124677948613687,0.0026585148406911,0.3410496465060832,1.0,0.0,1.0,0.0,False,no_elimination,10,False
17,1,Corbin Bleu,percent,24.0,0.1142857142857142,0.0981572838877801,9.815728388778016,0.0026056746216212,0.3283064624469333,1.0,0.0,1.0,0.0,False,no_elimination,10,False
17,1,Elizabeth Berkley Lauren,percent,24.0,0.1142857142857142,0.0990217659961093,9.902176599610932,0.0029937043529664,0.333756926921657,1.0,0.0,1.0,0.0,False,no_elimination,10,False
17,1,Keyshawn Johnson,percent,17.0,0.0809523809523809,0.1000777592849162,10.007775928491624,0.002760361026652,0.3352657655574294,1.0,0.0,1.0,0.0,False,no_elimination,10,False
17,1,Leah Remini,percent,21.0,0.1,0.0993529663371595,9.93529663371595,0.0026878000059926,0.3407880996567746,1.0,0.0,1.0,0.0,False,no_elimination,10,False
17,1,Valerie Harper,percent,21.0,0.1,0.0993821271881598,9.93821271881598,0.0031815306823145,0.3341455617266307,1.0,0.0,1.0,0.0,False,no_elimination,10,False
17,2,Amber Riley,percent,24.0,0.1081081081081081,0.105879311729661,10.587931172966096,0.0045007553077013,0.3583243445840415,0.2155,0.0,0.9954954954954957,0.0,False,single_elimination,10,False
17,2,Bill Engvall,percent,21.0,0.0945945945945946,0.1104608286982795,11.046082869827949,0.0052706636192439,0.3521790478827905,0.2155,0.0,0.9954954954954957,0.0,False,single_elimination,10,False
17,2,Bill Nye,percent,17.0,0.0765765765765765,0.123715123472576,12.371512347257603,0.018373149028323,0.3563845656350483,0.2155,0.0045045045045045,1.0,0.0,False,single_elimination,10,False
17,2,Brant Daugherty,percent,23.0,0.1036036036036036,0.1094523685293936,10.945236852939356,0.0048774103426958,0.3454571726642507,0.2155,0.0,0.9954954954954957,0.0,False,single_elimination,10,False
17,2,Christina Milian,percent,25.0,0.1126126126126126,0.1045161868046299,10.45161868046299,0.003898598110389,0.3283546521835861,0.2155,0.0,0.9954954954954957,0.0,False,single_elimination,10,False
17,2,Corbin Bleu,percent,26.0,0.1171171171171171,0.1025670453360573,10.25670453360573,0.0038809024538164,0.3470721948841977,0.2155,0.0,0.9954954954954957,0.0,False,single_elimination,10,False
17,2,Elizabeth Berkley Lauren,percent,25.0,0.1126126126126126,0.1045542287303413,10.455422873034127,0.0042278558063717,0.3357180819221649,0.2155,0.0,0.9954954954954957,0.0,False,single_elimination,10,False
17,2,Keyshawn Johnson,percent,18.0,0.081081081081081,0.0171214590125384,1.7121459012538462,0.0004189902091492,0.0493101501671498,0.2155,0.0,0.1189189189189189,0.0,False,single_elimination,10,True
17,2,Leah Remini,percent,24.0,0.1081081081081081,0.1059513177751844,10.595131777518436,0.0044838566977687,0.3259153336609571,0.2155,0.0,0.9954954954954957,0.0,False,single_elimination,10,False
17,2,Valerie Harper,percent,19.0,0.0855855855855855,0.1157821299113386,11.578212991133856,0.0086087865944878,0.3515713892365549,0.2155,0.0,0.9954954954954957,0.0,False,single_elimination,10,False
17,3,Amber Riley,percent,24.0,0.1153846153846153,0.1196373766719236,11.963737667192362,0.0039828654722794,0.3995216068619386,0.3049,0.0,1.0,0.0,False,single_elimination,9,False
17,3,Bill Engvall,percent,24.0,0.1153846153846153,0.1227463183820577,12.274631838205764,0.0041038748931325,0.3922834503306648,0.3049,0.0,1.0,0.0,False,single_elimination,9,False
17,3,Bill Nye,percent,16.0,0.0769230769230769,0.0251101250956376,2.5110125095637588,0.0009086264168717,0.0648711393785839,0.3049,0.0,0.1452991452991453,0.0,False,single_elimination,9,True
17,3,Brant Daugherty,percent,27.0,0.1298076923076923,0.1140624074124933,11.40624074124933,0.0038469525159585,0.3769308063663698,0.3049,0.0,1.0,0.0,False,single_elimination,9,False
17,3,Christina Milian,percent,26.0,0.125,0.1172141809704496,11.721418097044952,0.0041601862577411,0.3776029527640367,0.3049,0.0,1.0,0.0,False,single_elimination,9,False
17,3,Corbin Bleu,percent,26.0,0.125,0.1188045699816345,11.880456998163446,0.0037587978890634,0.3923810969488502,0.3049,0.0,1.0,0.0,False,single_elimination,9,False
17,3,Elizabeth Berkley Lauren,percent,25.0,0.1201923076923077,0.1201057712210138,12.010577122101376,0.0043619384534005,0.3860709743174614,0.3049,0.0,1.0,0.0,False,single_elimination,9,False
17,3,Leah Remini,percent,24.0,0.1153846153846153,0.1199025429240989,11.990254292409892,0.0042653956306443,0.3901489182119667,0.3049,0.0,1.0,0.0,False,single_elimination,9,False
17,3,Valerie Harper,percent,16.0,0.0769230769230769,0.1424167073406911,14.241670734069112,0.0179227603402442,0.4203477208967646,0.3049,-0.0,1.0,0.0,False,single_elimination,9,False
17,4,Amber Riley,percent,27.0,0.1428571428571428,0.1325375296959731,13.253752969597327,0.004724273797733,0.4292442951724522,0.2974,0.0,1.0,0.0,False,single_elimination,8,False
17,4,Bill Engvall,percent,21.0,0.1111111111111111,0.1442399988323186,14.423999883231886,0.0079050944240441,0.4432542385351266,0.2974,0.0,1.0,0.0,False,single_elimination,8,False
17,4,Brant Daugherty,percent,21.0,0.1111111111111111,0.149505786963573,14.95057869635732,0.0086996024016095,0.4502998093767949,0.2974,0.0,1.0,0.0,False,single_elimination,8,False
17,4,Christina Milian,percent,24.0,0.1269841269841269,0.1352122182268508,13.521221822685105,0.0053198693581417,0.4282835268977777,0.2974,0.0,1.0,0.0,False,single_elimination,8,False
17,4,Corbin Bleu,percent,27.0,0.1428571428571428,0.1364258404959491,13.642584049594936,0.0034707970911707,0.4370754218723556,0.2974,0.0,1.0,0.0,False,single_elimination,8,False
17,4,Elizabeth Berkley Lauren,percent,27.0,0.1428571428571428,0.1365029778982135,13.650297789821378,0.0051768728642937,0.429602063114838,0.2974,0.0,1.0,0.0,False,single_elimination,8,False
17,4,Leah Remini,percent,24.0,0.1269841269841269,0.1389905936877183,13.899059368771857,0.0066170049727369,0.430833591362102,0.2974,0.0,1.0,0.0,False,single_elimination,8,False
17,4,Valerie Harper,percent,18.0,0.0952380952380952,0.0265850541994018,2.658505419940186,0.0009044218658744,0.0722261164730596,0.2974,0.0,0.1547619047619047,0.0,False,single_elimination,8,True
17,5,Amber Riley,percent,26.0,0.143646408839779,0.166557088584773,16.65570885847731,0.028249959843693,0.4403620409419898,0.0821,0.011049723756906,0.9281767955801106,0.0,False,single_elimination,7,False
17,5,Bill Engvall,percent,24.0,0.1325966850828729,0.1700886136090466,17.008861360904675,0.0349459658799475,0.4291164802517216,0.0821,0.0220994475138121,0.9392265193370166,0.0,False,single_elimination,7,False
17,5,Brant Daugherty,percent,27.0,0.149171270718232,0.1519176904984069,15.1917690498407,0.0215028652109408,0.4395054058768389,0.0821,0.005524861878453,0.9226519337016575,0.0,False,single_elimination,7,False
17,5,Christina Milian,percent,28.0,0.154696132596685,0.0198389674682941,1.983896746829414,0.0008664327685789,0.0591816650481155,0.0821,0.0,0.1310181531176006,0.0,False,single_elimination,7,True
17,5,Corbin Bleu,percent,28.0,0.154696132596685,0.1502649249952612,15.026492499526134,0.0187537422467744,0.4195732308108969,0.0821,0.0,0.9171270718232044,0.0,False,single_elimination,7,False
17,5,Elizabeth Berkley Lauren,percent,26.0,0.143646408839779,0.1633917288028342,16.339172880283428,0.0260110823478923,0.4719614906469876,0.0821,0.011049723756906,0.9281767955801106,0.0,False,single_elimination,7,False
17,5,Leah Remini,percent,22.0,0.1215469613259668,0.1779409860413831,17.794098604138323,0.0477170095729065,0.4653045982834547,0.0821,0.0331491712707182,0.9502762430939228,0.0,False,single_elimination,7,False
17,6,Amber Riley,percent,31.9999,0.1839081054302486,0.1682413787814881,16.82413787814881,0.0055538413087832,0.5231582451170905,1.0,0.0,1.0,0.0,False,no_elimination,6,False
17,6,Bill Engvall,percent,23.9999,0.1379309353940301,0.1650240820919961,16.502408209199608,0.0047662325635803,0.5141591743810507,1.0,0.0,1.0,0.0,False,no_elimination,6,False
17,6,Brant Daugherty,percent,31.0,0.1781615338903467,0.1657725731910925,16.57725731910925,0.0049676501532079,0.5132455141982307,1.0,0.0,1.0,0.0,False,no_elimination,6,False
17,6,Corbin Bleu,percent,26.9999,0.155172374157612,0.1682050072770044,16.82050072770044,0.0050611910878973,0.531383115875154,1.0,0.0,1.0,0.0,False,no_elimination,6,False
17,6,Elizabeth Berkley Lauren,percent,31.9998,0.1839075307156231,0.166783498402504,16.6783498402504,0.0051685770336782,0.521491488404988,1.0,0.0,1.0,0.0,False,no_elimination,6,False
17,6,Leah Remini,percent,27.9999,0.1609195204121393,0.1659734602559149,16.59734602559149,0.0046518981379424,0.5159775759089444,1.0,0.0,1.0,0.0,False,no_elimination,6,False
17,7,Amber Riley,percent,29.5,0.1777108433734939,0.1654071070514922,16.540710705149237,0.0051789672819244,0.5238399278424062,1.0,0.0,1.0,0.0,False,no_elimination,6,False
17,7,Bill Engvall,percent,25.0,0.1506024096385542,0.1674956211350583,16.749562113505842,0.0050937116421857,0.5303487875092573,1.0,0.0,1.0,0.0,False,no_elimination,6,False
17,7,Brant Daugherty,percent,28.5,0.1716867469879518,0.1678732187342345,16.787321873423462,0.0050189570257376,0.525266360429937,1.0,0.0,1.0,0.0,False,no_elimination,6,False
17,7,Corbin Bleu,percent,29.5,0.1777108433734939,0.1650993702695344,16.509937026953452,0.0049257227779625,0.5308810900703951,1.0,0.0,1.0,0.0,False,no_elimination,6,False
17,7,Elizabeth Berkley Lauren,percent,27.0,0.1626506024096385,0.1669629770627342,16.696297706273437,0.0047275530080558,0.5200086779205377,1.0,0.0,1.0,0.0,False,no_elimination,6,False
17,7,Leah Remini,percent,26.5,0.1596385542168674,0.1671617057469455,16.716170574694562,0.0049480534965854,0.5170287205432307,1.0,0.0,1.0,0.0,False,no_elimination,6,False
17,8,Amber Riley,percent,28.0,0.1728395061728395,0.1873738943792291,18.737389437922904,0.0150864584831753,0.5380504816376731,0.157,0.0,0.9691358024691358,0.0,False,single_elimination,6,False
17,8,Bill Engvall,percent,24.0,0.1481481481481481,0.2194952464221078,21.94952464221077,0.0455378475103117,0.5649138322895206,0.157,0.0185185185185185,0.9876543209876544,0.0,False,single_elimination,6,False
17,8,Brant Daugherty,percent,27.0,0.1666666666666666,0.0292029190614728,2.9202919061472854,0.0009239996687816,0.0886991250316108,0.157,0.0,0.1666666666666666,0.0,False,single_elimination,6,True
17,8,Corbin Bleu,percent,30.0,0.1851851851851851,0.1735986551997684,17.359865519976832,0.0121993189577038,0.4999627917867322,0.157,0.0,0.969135802469136,0.0,False,single_elimination,6,False
17,8,Elizabeth Berkley Lauren,percent,25.0,0.1543209876543209,0.2025945568534116,20.25945568534115,0.0383168494878187,0.5043425242272248,0.157,0.0123456790123456,0.9814814814814816,0.0,False,single_elimination,6,False
17,8,Leah Remini,percent,28.0,0.1728395061728395,0.1877347280840106,18.77347280840105,0.0188266461809237,0.524882229978697,0.157,0.0,0.969135802469136,0.0,False,single_elimination,6,False
17,9,Amber Riley,percent,25.5,0.1954022988505747,0.2443015561165794,24.43015561165793,0.0494709956251584,0.6011283141776024,0.1476,0.0191570881226053,0.9386973180076628,0.0,False,single_elimination,5,False
17,9,Bill Engvall,percent,21.0,0.160919540229885,0.2737656473767585,27.37656473767584,0.0810845669764941,0.6238666134101867,0.1476,0.053639846743295,0.9731800766283524,0.0,False,single_elimination,5,False
17,9,Corbin Bleu,percent,29.0,0.2222222222222222,0.2150422447855944,21.50422447855943,0.0206528245724305,0.5802236711867624,0.1476,0.0,0.9195402298850576,0.0,False,single_elimination,5,False
17,9,Elizabeth Berkley Lauren,percent,28.0,0.21455938697318,0.0377138011518305,3.771380115183058,0.0013204274391006,0.1129405923633433,0.1476,0.0,0.1854406130268198,0.0,False,single_elimination,5,True
17,9,Leah Remini,percent,27.0,0.2068965517241379,0.2291767505692375,22.917675056923738,0.0334742233729477,0.6142337040547506,0.1476,0.0076628352490421,0.9272030651340996,0.0,False,single_elimination,5,False
17,10,Amber Riley,percent,39.5,0.2831541218637993,0.2903225096193959,29.0322509619396,0.0191636200633749,0.7415163397173538,0.2946,0.0,0.9820788530465948,0.0,False,single_elimination,4,False
17,10,Bill Engvall,percent,30.0,0.2150537634408602,0.3444532624847569,34.4453262484757,0.0714702269119024,0.7829030718960549,0.2946,0.017921146953405,1.0,0.0,False,single_elimination,4,False
17,10,Corbin Bleu,percent,37.5,0.2688172043010752,0.2954773580113967,29.547735801139684,0.0258341257809699,0.7359970222101959,0.2946,0.0,0.9820788530465948,0.0,False,single_elimination,4,False
17,10,Leah Remini,percent,32.5,0.2329749103942652,0.0697468698844501,6.974686988445021,0.0025774291188648,0.1885243496750014,0.2946,0.0,0.2670250896057347,0.0,False,single_elimination,4,True
17,11,Amber Riley,percent,31.3332,0.3622356198590744,0.4360911442051056,43.60911442051064,0.055664206544017,0.8896650229574945,0.4051,0.0,1.0,0.0,False,single_elimination,3,False
17,11,Bill Engvall,percent,25.4999,0.2947982358279528,0.1243175153812046,12.43175153812049,0.0047196178928695,0.3119847415758714,0.4051,0.0,0.3718684308387139,0.0,False,single_elimination,3,True
17,11,Corbin Bleu,percent,29.6664,0.3429661443129729,0.4395913404136879,43.95913404136887,0.0673739797894182,0.8943386252708172,0.4051,0.0,1.0,0.0,False,single_elimination,3,False
18,1,Amy Purdy,percent,24.0,0.109090909090909,0.100645096401125,10.064509640112504,0.0028730325017078,0.3358294298484918,1.0,0.0,1.0,0.0,False,no_elimination,10,False
18,1,Billy Dee Williams,percent,15.0,0.0681818181818181,0.0998976538226026,9.989765382260266,0.0027764475082227,0.3393740441005097,1.0,0.0,1.0,0.0,False,no_elimination,10,False
18,1,Candace Cameron Bure,percent,25.0,0.1136363636363636,0.098925029811299,9.892502981129905,0.0027001932871458,0.336836624114711,1.0,0.0,1.0,0.0,False,no_elimination,10,False
18,1,Charlie White,percent,27.0,0.1227272727272727,0.1010139871817728,10.101398718177288,0.002410813302892,0.3438224674092236,1.0,0.0,1.0,0.0,False,no_elimination,10,False
18,1,Danica McKellar,percent,24.0,0.109090909090909,0.0995173329256395,9.951733292563956,0.0027140220715269,0.337676640533762,1.0,0.0,1.0,0.0,False,no_elimination,10,False
18,1,Diana Nyad,percent,18.0,0.0818181818181818,0.1001517768884924,10.01517768884925,0.0026980411489171,0.3438197531008913,1.0,0.0,1.0,0.0,False,no_elimination,10,False
18,1,Drew Carey,percent,21.0,0.0954545454545454,0.1003662274308443,10.036622743084438,0.0028248828201742,0.339801863180281,1.0,0.0,1.0,0.0,False,no_elimination,10,False
18,1,James Maslow,percent,21.0,0.0954545454545454,0.1007310432965691,10.07310432965691,0.0030801139630774,0.3325996009957516,1.0,0.0,1.0,0.0,False,no_elimination,10,False
18,1,Meryl Davis,percent,24.0,0.109090909090909,0.0997954922044143,9.97954922044144,0.0026522643419157,0.3317443502128092,1.0,0.0,1.0,0.0,False,no_elimination,10,False
18,1,NeNe Leakes,percent,21.0,0.0954545454545454,0.0989563600372404,9.895636003724045,0.0027664595357894,0.3403718074538019,1.0,0.0,1.0,0.0,False,no_elimination,10,False
18,2,Amy Purdy,percent,24.0,0.1194029850746268,0.11246262623841641,11.247691772800394,0.0031122515218684997,0.37176329913052525,0.0,0.0,1.0,0.0,False,no_elimination,9,False
18,2,Billy Dee Williams,percent,15.0,0.0746268656716417,0.0998976538226026,9.991034858465092,0.0027764475082227,0.3393740441005097,0.0,0.0,1.0,0.0,False,no_elimination,9,False
18,2,Candace Cameron Bure,percent,21.0,0.1044776119402985,0.1117114668266419,11.172566286063436,0.0033886270696370496,0.3715258200324649,0.0,0.0,1.0,0.0,False,no_elimination,9,False
18,2,Charlie White,percent,25.0,0.1243781094527363,0.11263551367220545,11.264982713192692,0.0031602580583331,0.37772878844282254,0.0,0.0,1.0,0.0,False,no_elimination,9,False
18,2,Danica McKellar,percent,24.0,0.1194029850746268,0.11280424504365674,11.281857994536937,0.00338454564501575,0.37173658604434634,0.0,0.0,1.0,0.0,False,no_elimination,9,False
18,2,Drew Carey,percent,21.0,0.1044776119402985,0.11279308930761395,11.280742279168154,0.00323376287234905,0.3790887846976577,0.0,0.0,1.0,0.0,False,no_elimination,9,False
18,2,James Maslow,percent,25.0,0.1243781094527363,0.1131422548211591,11.315663267636994,0.00347917249977135,0.3709582591156797,0.0,0.0,1.0,0.0,False,no_elimination,9,False
18,2,Meryl Davis,percent,25.0,0.1243781094527363,0.1126501835498807,11.266449887381617,0.00314974904612125,0.3702686302290405,0.0,0.0,1.0,0.0,False,no_elimination,9,False
18,2,NeNe Leakes,percent,21.0,0.1044776119402985,0.11177590518487729,11.17901094075468,0.0032045903644250997,0.37242089474453943,0.0,0.0,1.0,0.0,False,no_elimination,9,False
18,3,Amy Purdy,percent,36.0,0.1304347826086956,0.1242801560757078,12.428015607570796,0.0033514705420292,0.4076971684125587,1.0,0.0,1.0,0.0,False,no_elimination,8,False
18,3,Candace Cameron Bure,percent,32.0,0.1159420289855072,0.1244979038419848,12.449790384198502,0.0040770608521283,0.4062150159502188,1.0,0.0,1.0,0.0,False,no_elimination,8,False
18,3,Charlie White,percent,36.0,0.1304347826086956,0.1242570401626381,12.425704016263827,0.0039097028137742,0.4116351094764215,1.0,0.0,1.0,0.0,False,no_elimination,8,False
18,3,Danica McKellar,percent,36.0,0.1304347826086956,0.126091157161674,12.609115716167416,0.0040550692185046,0.4057965315549307,1.0,0.0,1.0,0.0,False,no_elimination,8,False
18,3,Drew Carey,percent,30.0,0.108695652173913,0.1252199511843836,12.52199511843838,0.0036426429245239,0.4183757062150345,1.0,0.0,1.0,0.0,False,no_elimination,8,False
18,3,James Maslow,percent,36.0,0.1304347826086956,0.1255534663457491,12.555346634574931,0.0038782310364653,0.4093169172356078,1.0,0.0,1.0,0.0,False,no_elimination,8,False
18,3,Meryl Davis,percent,39.0,0.1413043478260869,0.1255048748953471,12.550487489534728,0.0036472337503268,0.4087929102452718,1.0,0.0,1.0,0.0,False,no_elimination,8,False
18,3,NeNe Leakes,percent,31.0,0.1123188405797101,0.1245954503325142,12.459545033251434,0.0036427211930608,0.4044699820352769,1.0,0.0,1.0,0.0,False,no_elimination,8,False
18,4,Amy Purdy,percent,34.0,0.1278195488721804,0.1255230295924912,12.552302959249104,0.0034929344351624,0.406859061726281,1.0,0.0,1.0,0.0,False,no_elimination,8,False
18,4,Candace Cameron Bure,percent,28.0,0.1052631578947368,0.1261622483686817,12.616224836868156,0.0035635390386295,0.4048950266804023,1.0,0.0,1.0,0.0,False,no_elimination,8,False
18,4,Charlie White,percent,33.0,0.1240601503759398,0.1241670255221237,12.416702552212357,0.0035561201884158,0.4046746407042452,1.0,0.0,1.0,0.0,False,no_elimination,8,False
18,4,Danica McKellar,percent,32.0,0.1203007518796992,0.1244327250089335,12.44327250089334,0.0036047265104829,0.4100099627392389,1.0,0.0,1.0,0.0,False,no_elimination,8,False
18,4,Drew Carey,percent,33.0,0.1240601503759398,0.126612436086997,12.661243608699682,0.0040321192291189,0.4133996726076982,1.0,0.0,1.0,0.0,False,no_elimination,8,False
18,4,James Maslow,percent,35.0,0.131578947368421,0.1258195643077354,12.581956430773522,0.0034911681527365,0.4086871945642196,1.0,0.0,1.0,0.0,False,no_elimination,8,False
18,4,Meryl Davis,percent,39.0,0.1466165413533834,0.1231438424917217,12.31438424917216,0.0032730169286985,0.4038352881785841,1.0,0.0,1.0,0.0,False,no_elimination,8,False
18,4,NeNe Leakes,percent,32.0,0.1203007518796992,0.124139128621317,12.413912862131689,0.0035216971124278,0.4052495201210441,1.0,0.0,1.0,0.0,False,no_elimination,8,False
18,5,Amy Purdy,percent,37.0,0.1284722222222222,0.1260549174714839,12.60549174714841,0.0035115794683392,0.4138032513622525,1.0,0.0,1.0,0.0,False,no_elimination,8,False
18,5,Candace Cameron Bure,percent,35.0,0.1215277777777777,0.1268261717341808,12.68261717341809,0.0039766724027986,0.4165459543360532,1.0,0.0,1.0,0.0,False,no_elimination,8,False
18,5,Charlie White,percent,37.0,0.1284722222222222,0.1244441472015306,12.444414720153071,0.0036784940263166,0.4026912395160918,1.0,0.0,1.0,0.0,False,no_elimination,8,False
18,5,Danica McKellar,percent,39.0,0.1354166666666666,0.1215039458809759,12.1503945880976,0.0038838147627713,0.4008676793045684,1.0,0.0,1.0,0.0,False,no_elimination,8,False
18,5,Drew Carey,percent,28.0,0.0972222222222222,0.1257204798521576,12.57204798521578,0.0036967502020607,0.412239068144218,1.0,0.0,1.0,0.0,False,no_elimination,8,False
18,5,James Maslow,percent,40.0,0.1388888888888889,0.1248039168098002,12.480391680980036,0.003255620243532,0.4133625283054771,1.0,0.0,1.0,0.0,False,no_elimination,8,False
18,5,Meryl Davis,percent,36.0,0.125,0.1253639615854893,12.536396158548946,0.0039688716111533,0.4154105612984093,1.0,0.0,1.0,0.0,False,no_elimination,8,False
18,5,NeNe Leakes,percent,36.0,0.125,0.1252824594643806,12.528245946438076,0.0034330630763756,0.4058454434301533,1.0,0.0,1.0,0.0,False,no_elimination,8,False
18,6,Amy Purdy,percent,38.0,0.1347517730496454,0.1336125300577681,13.361253005776817,0.0055495677533469,0.4399783916396581,0.186,0.0,1.0,0.0,False,single_elimination,8,False
18,6,Candace Cameron Bure,percent,32.0,0.1134751773049645,0.1455977747044484,14.55977747044484,0.0177134158395543,0.4426347337812736,0.186,-0.0,1.0,0.0,False,single_elimination,8,False
18,6,Charlie White,percent,36.0,0.1276595744680851,0.1390904224206772,13.909042242067724,0.0069211813194887,0.4316837351761879,0.186,0.0,1.0,0.0,False,single_elimination,8,False
18,6,Danica McKellar,percent,36.0,0.1276595744680851,0.140808458214785,14.0808458214785,0.006921290270281,0.4352631714313345,0.186,0.0,1.0,0.0,False,single_elimination,8,False
18,6,Drew Carey,percent,32.0,0.1134751773049645,0.0197608669918917,1.976086699189171,0.0005683198157372,0.0574882884592077,0.186,0.0,0.1365248226950354,0.0,False,single_elimination,8,True
18,6,James Maslow,percent,35.0,0.1241134751773049,0.1419103748414585,14.191037484145848,0.0109623228229038,0.4287044777576343,0.186,0.0,1.0,0.0,False,single_elimination,8,False
18,6,Meryl Davis,percent,40.0,0.1418439716312056,0.1346116463176381,13.461164631763811,0.0051393305677748,0.4530645756850604,0.186,0.0,1.0,0.0,False,single_elimination,8,False
18,6,NeNe Leakes,percent,33.0,0.1170212765957446,0.1446079264513328,14.460792645133289,0.0137636581031232,0.4311044523734309,0.186,0.0,1.0,0.0,False,single_elimination,8,False
18,7,Amy Purdy,percent,37.5,0.1482213438735178,0.1611974183958012,16.119741839580122,0.0096517134265614,0.4920404841482426,0.2065,0.0,1.0,0.0,False,single_elimination,7,False
18,7,Candace Cameron Bure,percent,37.0,0.1462450592885375,0.1639626738490579,16.39626738490579,0.0096094941811618,0.4633824348647789,0.2065,0.0,1.0,0.0,False,single_elimination,7,False
18,7,Charlie White,percent,35.5,0.1403162055335968,0.1674726985881406,16.747269858814068,0.011790736326874,0.4848361761507829,0.2065,0.0,1.0,0.0,False,single_elimination,7,False
18,7,Danica McKellar,percent,36.0,0.1422924901185771,0.1589154628732294,15.891546287322944,0.010279954926951,0.4713867922378825,0.2065,0.0,1.0,0.0,False,single_elimination,7,False
18,7,James Maslow,percent,35.0,0.1383399209486166,0.1657789058273435,16.577890582734355,0.0129907040628529,0.4705164204839014,0.2065,0.0,1.0,0.0,False,single_elimination,7,False
18,7,Meryl Davis,percent,39.0,0.1541501976284585,0.1581262498526827,15.81262498526828,0.008466048157256,0.4766174377546795,0.2065,0.0,1.0,0.0,False,single_elimination,7,False
18,7,NeNe Leakes,percent,33.0,0.1304347826086956,0.0245465906137444,2.4546590613744423,0.0008554397456297,0.0717645598783252,0.2065,0.0,0.15527950310559,0.0,False,single_elimination,7,True
18,8,Amy Purdy,percent,40.0,0.1769911504424778,0.1780078336374903,17.80078336374903,0.0156944703181281,0.5106442487128138,0.1541,0.0,0.9734513274336284,0.0,False,single_elimination,6,False
18,8,Candace Cameron Bure,percent,36.0,0.1592920353982301,0.1972670818819269,19.726708188192685,0.0308890770792074,0.5318996287759783,0.1541,0.0088495575221239,0.9823008849557522,0.0,False,single_elimination,6,False
18,8,Charlie White,percent,40.0,0.1769911504424778,0.1873018118546553,18.730181185465533,0.0184197110413872,0.51033656602626,0.1541,0.0,0.9734513274336284,0.0,False,single_elimination,6,False
18,8,Danica McKellar,percent,38.0,0.168141592920354,0.0270757956603169,2.707579566031698,0.000877098824559,0.0847811937982513,0.1541,0.0,0.1651917404129793,0.0,False,single_elimination,6,True
18,8,James Maslow,percent,36.0,0.1592920353982301,0.2079119057132561,20.79119057132561,0.0340751954541625,0.579447091260318,0.1541,0.0088495575221239,0.9823008849557522,0.0,False,single_elimination,6,False
18,8,Meryl Davis,percent,36.0,0.1592920353982301,0.2024355712523543,20.24355712523543,0.0342503430528448,0.5504673093648538,0.1541,0.0088495575221239,0.9823008849557522,0.0,False,single_elimination,6,False
18,9,Amy Purdy,percent,39.0,0.2041884816753926,0.2358390241494142,23.58390241494142,0.0256273239071854,0.6320012149615083,0.2044,0.0,0.9895287958115184,0.0,False,single_elimination,5,False
18,9,Candace Cameron Bure,percent,36.0,0.1884816753926701,0.2503853207995898,25.038532079958987,0.0399813005331536,0.6319701585154358,0.2044,0.0104712041884816,1.0,0.0,False,single_elimination,5,False
18,9,Charlie White,percent,38.0,0.1989528795811518,0.0406071577342381,4.060715773423817,0.0013590474787457,0.1211629186653484,0.2044,0.0,0.2010471204188481,0.0,False,single_elimination,5,True
18,9,James Maslow,percent,38.0,0.1989528795811518,0.2377144256787625,23.771442567876257,0.02981028596648,0.6255234511886764,0.2044,0.0,0.9895287958115184,0.0,False,single_elimination,5,False
18,9,Meryl Davis,percent,40.0,0.2094240837696335,0.2354540716379952,23.545407163799524,0.0269255694987944,0.6283585111902079,0.2044,0.0,0.9895287958115184,0.0,False,single_elimination,5,False
18,10,Amy Purdy,percent,29.666600000000003,0.2587209505138384,0.2981553472382355,29.81553472382352,0.0371404729973141,0.7250607047749891,0.2434,0.0,0.973835404268382,0.0,False,single_elimination,4,False
18,10,Candace Cameron Bure,percent,25.9998,0.2267429691696957,0.3386537423361153,33.86537423361149,0.0723323050143925,0.7444609231168554,0.2434,0.026164595731618,1.0,0.0,False,single_elimination,4,False
18,10,James Maslow,percent,29.0,0.2529075649013137,0.0600302048498754,6.003020484987535,0.0020343754270631,0.1690303945818373,0.2434,0.0,0.2470924350986862,0.0,False,single_elimination,4,True
18,10,Meryl Davis,percent,30.0,0.2616285154151521,0.3031607055757749,30.316070557577454,0.0365462579601486,0.7238093820462398,0.2434,0.0,0.973835404268382,0.0,False,single_elimination,4,False
19,1,Alfonso Ribeiro,percent,36.0,0.1125,0.0934478167813721,9.344781678137217,0.002705708862653,0.3108403746950243,0.2314,0.0,0.99375,0.0,False,single_elimination,11,False
19,1,Bethany Mota,percent,32.0,0.1,0.0944834014126417,9.44834014126418,0.0025308640002514,0.3104871267821013,0.2314,0.0,0.99375,0.0,False,single_elimination,11,False
19,1,Betsey Johnson,percent,20.0,0.0625,0.1139942345075752,11.399423450757524,0.0175947190970628,0.3337884249165413,0.2314,0.00625,1.0,0.0,False,single_elimination,11,False
19,1,Janel Parrish,percent,29.0,0.090625,0.100641377750049,10.064137775004903,0.0037444257838816,0.3255790820116261,0.2314,0.0,0.99375,0.0,False,single_elimination,11,False
19,1,Jonathan Bennett,percent,30.0,0.09375,0.0966508493753042,9.66508493753042,0.0030742896981916,0.3179719077256668,0.2314,0.0,0.99375,0.0,False,single_elimination,11,False
19,1,Lea Thompson,percent,32.0,0.1,0.0948906613590832,9.48906613590833,0.0033175062706603,0.3238521024966745,0.2314,0.0,0.99375,0.0,False,single_elimination,11,False
19,1,Lolo Jones,percent,22.0,0.06875,0.0165204815772586,1.6520481577258692,0.0006569315069596,0.0451703096597165,0.2314,0.0,0.1130681818181818,0.0,False,single_elimination,11,True
19,1,Michael Waltrip,percent,25.0,0.078125,0.1032104824088516,10.321048240885167,0.0081072660640284,0.3172517957831678,0.2314,0.0,0.99375,0.0,False,single_elimination,11,False
19,1,Randy Couture,percent,31.0,0.096875,0.0962411102670639,9.624111026706398,0.0029106032867366,0.3349594648330821,0.2314,0.0,0.99375,0.0,False,single_elimination,11,False
19,1,Sadie Robertson,percent,34.0,0.10625,0.0936125416920429,9.3612541692043,0.0028467808089794,0.3123843042863402,0.2314,0.0,0.99375,0.0,False,single_elimination,11,False
19,1,Tavis Smiley,percent,29.0,0.090625,0.096307042868757,9.630704286875702,0.0031834195744274,0.316432005873166,0.2314,0.0,0.99375,0.0,False,single_elimination,11,False
19,2,Alfonso Ribeiro,percent,32.0,0.1056105610561056,0.1085691232845478,10.85691232845478,0.0044748519988673,0.3495768985715732,0.1448,0.0,0.9867986798679867,0.0,False,single_elimination,10,False
19,2,Bethany Mota,percent,33.0,0.1089108910891089,0.1071379265443122,10.713792654431224,0.0034601068056549,0.3583748483027086,0.1448,0.0,0.9867986798679867,0.0,False,single_elimination,10,False
19,2,Betsey Johnson,percent,28.0,0.0924092409240924,0.1161867160371342,11.61867160371342,0.010693089496582,0.3624440016402713,0.1448,-0.0,0.9867986798679867,0.0,False,single_elimination,10,False
19,2,Janel Parrish,percent,34.0,0.1122112211221122,0.0969709937216641,9.697099372166406,0.0028284061624996,0.3207254798880287,0.1448,0.0,0.9867986798679867,0.0,False,single_elimination,10,False
19,2,Jonathan Bennett,percent,30.0,0.099009900990099,0.1097641902543436,10.976419025434362,0.0072012368589554,0.3533094849538681,0.1448,0.0,0.9867986798679867,0.0,False,single_elimination,10,False
19,2,Lea Thompson,percent,35.0,0.1155115511551155,0.1033085831242605,10.330858312426056,0.0036526669376175,0.3411690864746093,0.1448,0.0,0.9867986798679867,0.0,False,single_elimination,10,False
19,2,Michael Waltrip,percent,24.0,0.0792079207920792,0.12900153696883,12.900153696882995,0.0238223255996305,0.3848267244261834,0.1448,0.0132013201320131,1.0,0.0,False,single_elimination,10,False
19,2,Randy Couture,percent,28.0,0.0924092409240924,0.1099625473936341,10.996254739363408,0.0106339596659083,0.3389893463566438,0.1448,0.0,0.9867986798679867,0.0,False,single_elimination,10,False
19,2,Sadie Robertson,percent,31.0,0.1023102310231023,0.1064970643376691,10.64970643376691,0.0047685801578086,0.3412549756568733,0.1448,0.0,0.9867986798679867,0.0,False,single_elimination,10,False
19,2,Tavis Smiley,percent,28.0,0.0924092409240924,0.0126013183336043,1.2601318333604314,0.0004392391491214,0.0404056351752352,0.1448,0.0,0.1075907590759076,0.0,False,single_elimination,10,True
19,3,Alfonso Ribeiro,percent,32.0,0.1103448275862069,0.1224627303616134,12.246273036161355,0.0054748679231131,0.3788192689197471,0.2406,0.0,1.0,0.0,False,single_elimination,9,False
19,3,Bethany Mota,percent,40.0,0.1379310344827586,0.1137135590773606,11.371355907736069,0.0037512550016352,0.3730443004343349,0.2406,0.0,1.0,0.0,False,single_elimination,9,False
19,3,Betsey Johnson,percent,29.0,0.1,0.1261615927825554,12.616159278255548,0.0072809873055963,0.3739560641423408,0.2406,0.0,1.0,0.0,False,single_elimination,9,False
19,3,Janel Parrish,percent,40.0,0.1379310344827586,0.1164635068157347,11.646350681573486,0.0029010823501458,0.3575172121755561,0.2406,0.0,1.0,0.0,False,single_elimination,9,False
19,3,Jonathan Bennett,percent,32.0,0.1103448275862069,0.1275334506324882,12.753345063248831,0.0057654881034777,0.3928469766692724,0.2406,0.0,1.0,0.0,False,single_elimination,9,False
19,3,Lea Thompson,percent,31.0,0.1068965517241379,0.1227934742710457,12.27934742710458,0.006212900740976,0.3651791886488455,0.2406,0.0,1.0,0.0,False,single_elimination,9,False
19,3,Michael Waltrip,percent,28.0,0.096551724137931,0.1292552400007666,12.925524000076669,0.0107884346963137,0.3856544607141647,0.2406,0.0,1.0,0.0,False,single_elimination,9,False
19,3,Randy Couture,percent,26.0,0.0896551724137931,0.0194030662921718,1.9403066292171889,0.0007731040325491,0.0548192226000499,0.2406,0.0,0.1325670498084291,0.0,False,single_elimination,9,True
19,3,Sadie Robertson,percent,32.0,0.1103448275862069,0.1222133797662626,12.221337976626272,0.0048754569671037,0.3850630930654114,0.2406,0.0,1.0,0.0,False,single_elimination,9,False
19,4,Alfonso Ribeiro,percent,40.0,0.1520912547528517,0.1250417052755757,12.504170527557562,0.0045755401657289,0.3931250529010959,0.1769,0.0,0.9657794676806084,0.0,False,single_elimination,8,False
19,4,Bethany Mota,percent,33.0,0.1254752851711026,0.1352202212934583,13.522022129345828,0.0081891791008505,0.4193034548531947,0.1769,0.0,0.9657794676806084,0.0,False,single_elimination,8,False
19,4,Betsey Johnson,percent,29.0,0.1102661596958174,0.0215318459957925,2.1531845995792493,0.0008310296246736,0.0583628768006239,0.1769,0.0,0.1397338403041825,0.0,False,single_elimination,8,True
19,4,Janel Parrish,percent,36.0,0.1368821292775665,0.1296141615417264,12.961416154172634,0.0058675816204214,0.4003229084843318,0.1769,0.0,0.9657794676806084,0.0,False,single_elimination,8,False
19,4,Jonathan Bennett,percent,24.0,0.091254752851711,0.1692966840858298,16.92966840858297,0.0376682965308454,0.4408391906594887,0.1769,0.0190114068441064,0.9847908745247148,0.0,False,single_elimination,8,False
19,4,Lea Thompson,percent,39.0,0.1482889733840304,0.1299319744410546,12.993197444105457,0.0061707711157149,0.404879346052294,0.1769,0.0,0.9657794676806084,0.0,False,single_elimination,8,False
19,4,Michael Waltrip,percent,25.0,0.0950570342205323,0.1614185783485728,16.14185783485727,0.0329723801810174,0.4544867379678784,0.1769,0.0152091254752851,0.9809885931558936,0.0,False,single_elimination,8,False
19,4,Sadie Robertson,percent,37.0,0.1406844106463878,0.1279448290179904,12.794482901799038,0.0046392765645421,0.4058030727663024,0.1769,0.0,0.9657794676806084,0.0,False,single_elimination,8,False
19,5,Alfonso Ribeiro,percent,34.0,0.1596244131455399,0.1425776881861903,14.257768818619002,0.0035233753632559,0.46569841110413,1.0,0.0,1.0,0.0,False,no_elimination,7,False
19,5,Bethany Mota,percent,32.0,0.1502347417840375,0.1418611931013355,14.18611931013352,0.0041741060623502,0.460735551960815,1.0,0.0,1.0,0.0,False,no_elimination,7,False
19,5,Janel Parrish,percent,33.0,0.1549295774647887,0.146080504698931,14.608050469893072,0.0045790602901721,0.4681302206719723,1.0,0.0,1.0,0.0,False,no_elimination,7,False
19,5,Jonathan Bennett,percent,24.0,0.1126760563380281,0.1430107482727524,14.301074827275215,0.0040031519928188,0.4649659611040773,1.0,0.0,1.0,0.0,False,no_elimination,7,False
19,5,Lea Thompson,percent,34.0,0.1596244131455399,0.1427376350591419,14.273763505914156,0.0046378719179656,0.464490146789206,1.0,0.0,1.0,0.0,False,no_elimination,7,False
19,5,Michael Waltrip,percent,20.0,0.0938967136150234,0.1424410165670249,14.24410165670246,0.0044097637281208,0.4632413308871869,1.0,0.0,1.0,0.0,False,no_elimination,7,False
19,5,Sadie Robertson,percent,36.0,0.1690140845070422,0.1412912141146261,14.129121411462586,0.0042891348402782,0.4540671474734627,1.0,0.0,1.0,0.0,False,no_elimination,7,False
19,6,Alfonso Ribeiro,percent,39.0,0.1645569620253164,0.1512159579375332,15.121595793753324,0.0053170436290126,0.4600382747818207,0.1815,0.0,0.9915611814345991,0.0,False,single_elimination,7,False
19,6,Bethany Mota,percent,36.0,0.1518987341772152,0.1533064345802779,15.330643458027788,0.00775654570759,0.4730552797449723,0.1815,0.0,0.9915611814345991,0.0,False,single_elimination,7,False
19,6,Janel Parrish,percent,33.0,0.1392405063291139,0.1644084863032752,16.440848630327512,0.0148666424187563,0.4988743850284539,0.1815,0.0,0.9915611814345991,0.0,False,single_elimination,7,False
19,6,Jonathan Bennett,percent,32.0,0.1350210970464135,0.0223281475105329,2.232814751053294,0.0005572681743571,0.0685018534244227,0.1815,0.0,0.1506931886678722,0.0,False,single_elimination,7,True
19,6,Lea Thompson,percent,32.0,0.1350210970464135,0.1677572877206739,16.775728772067385,0.0180464924050566,0.5092564353194426,0.1815,-0.0,0.9915611814345991,0.0,False,single_elimination,7,False
19,6,Michael Waltrip,percent,30.0,0.1265822784810126,0.1822473977964165,18.224739779641645,0.0254127035933035,0.5006079155140856,0.1815,0.0084388185654008,1.0,0.0,False,single_elimination,7,False
19,6,Sadie Robertson,percent,35.0,0.1476793248945147,0.1587362881512906,15.873628815129056,0.0112097940681877,0.4735055328842371,0.1815,0.0,0.9915611814345991,0.0,False,single_elimination,7,False
19,7,Alfonso Ribeiro,percent,34.0,0.1708542713567839,0.164100324815908,16.410032481590786,0.0049140640793502,0.5132718502942948,1.0,0.0,1.0,0.0,False,no_elimination,6,False
19,7,Bethany Mota,percent,37.5,0.1884422110552764,0.168816535466263,16.88165354662628,0.004397061111212,0.5172558754175058,1.0,0.0,1.0,0.0,False,no_elimination,6,False
19,7,Janel Parrish,percent,33.5,0.1683417085427135,0.167443777231163,16.744377723116287,0.0055387541830452,0.514541203005636,1.0,0.0,1.0,0.0,False,no_elimination,6,False
19,7,Lea Thompson,percent,35.0,0.1758793969849246,0.1648322504274139,16.483225042741374,0.0058259457635583,0.5194108111345105,1.0,0.0,1.0,0.0,False,no_elimination,6,False
19,7,Michael Waltrip,percent,28.0,0.1407035175879397,0.1666916830406565,16.669168304065632,0.0047404920567846,0.5187039635887931,1.0,0.0,1.0,0.0,False,no_elimination,6,False
19,7,Sadie Robertson,percent,31.0,0.1557788944723618,0.1681154290185968,16.811542901859664,0.0054579225249201,0.5241923856979437,1.0,0.0,1.0,0.0,False,no_elimination,6,False
19,8,Alfonso Ribeiro,percent,41.0,0.1872146118721461,0.1917484286556755,19.174842865567552,0.0080958728267443,0.568986632477655,0.3864,0.0,1.0,0.0,False,single_elimination,6,False
19,8,Bethany Mota,percent,40.0,0.182648401826484,0.185885930704773,18.588593070477295,0.0080980044864183,0.5655538183777962,0.3864,0.0,1.0,0.0,False,single_elimination,6,False
19,8,Janel Parrish,percent,43.0,0.1963470319634703,0.1840328873930481,18.403288739304813,0.0071071924902661,0.54674951612904,0.3864,0.0,1.0,0.0,False,single_elimination,6,False
19,8,Lea Thompson,percent,32.0,0.1461187214611872,0.2010282341051092,20.102823410510915,0.0161681762229214,0.5558433066847727,0.3864,0.0,1.0,0.0,False,single_elimination,6,False
19,8,Michael Waltrip,percent,25.0,0.1141552511415525,0.0474660556618562,4.74660556618562,0.0017352582710537,0.1255836103898674,0.3864,0.0,0.2191780821917808,0.0,False,single_elimination,6,True
19,8,Sadie Robertson,percent,38.0,0.1735159817351598,0.1898384634795381,18.983846347953804,0.0095492079484433,0.5656335039163833,0.3864,0.0,1.0,0.0,False,single_elimination,6,False
19,9,Alfonso Ribeiro,percent,38.5,0.2075471698113207,0.2322352639421588,23.22352639421589,0.0181955600343169,0.6244695582180788,0.2493,0.0,1.0,0.0,False,single_elimination,5,False
19,9,Bethany Mota,percent,37.0,0.1994609164420485,0.2483399118889203,24.833991188892043,0.0243406540533367,0.6457120743498684,0.2493,0.0,1.0,0.0,False,single_elimination,5,False
19,9,Janel Parrish,percent,38.5,0.2075471698113207,0.2327796808954453,23.277968089544544,0.0210319023964948,0.6274594944981767,0.2493,0.0,1.0,0.0,False,single_elimination,5,False
19,9,Lea Thompson,percent,35.0,0.1886792452830188,0.043921715067263,4.392171506726309,0.0017707104721985,0.1308427465920074,0.2493,0.0,0.2113207547169811,0.0,False,single_elimination,5,True
19,9,Sadie Robertson,percent,36.5,0.1967654986522911,0.2427234282062121,24.27234282062122,0.0258536712457199,0.6545918706734761,0.2493,0.0,1.0,0.0,False,single_elimination,5,False
19,10,Alfonso Ribeiro,percent,37.5,0.2475247524752475,0.2514688940616981,25.1468894061698,0.0088395446083241,0.7147349392015782,1.0,0.0,1.0,0.0,False,no_elimination,4,False
19,10,Bethany Mota,percent,38.0,0.2508250825082508,0.2484567520668812,24.845675206688103,0.0088849424529391,0.7100314761807351,1.0,0.0,1.0,0.0,False,no_elimination,4,False
19,10,Janel Parrish,percent,39.0,0.2574257425742574,0.2480141369659354,24.801413696593524,0.0081913317229885,0.7084261040787011,1.0,0.0,1.0,0.0,False,no_elimination,4,False
19,10,Sadie Robertson,percent,37.0,0.2442244224422442,0.2520602169054858,25.206021690548567,0.008144867623442,0.7175611657815547,1.0,0.0,1.0,0.0,False,no_elimination,4,False
19,11,Alfonso Ribeiro,percent,40.0,0.2558640849980489,0.3075704866587059,30.757048665870578,0.0366989545826118,0.746600575296344,0.2722,0.0,1.0,0.0,False,single_elimination,4,False
19,11,Bethany Mota,percent,38.0,0.2430708807481465,0.0638687430652424,6.386874306524246,0.0022972746370501,0.1826996679129759,0.2722,0.0,0.2569291192518534,0.0,False,single_elimination,4,True
19,11,Janel Parrish,percent,38.99980000000001,0.2494662035526728,0.3238438673455696,32.38438673455694,0.040686926815468,0.7566318077990297,0.2722,0.0,1.0,0.0,False,single_elimination,4,False
19,11,Sadie Robertson,percent,39.333200000000005,0.2515988307011315,0.3047169029304824,30.47169029304823,0.0331877427612082,0.7383091462003079,0.2722,0.0,1.0,0.0,False,single_elimination,4,False
20,1,Charlotte McKinney,percent,22.0,0.0846153846153846,0.1005502139893064,10.055021398930643,0.0028483682614441,0.3378365775715604,1.0,0.0,1.0,0.0,False,no_elimination,10,False
20,1,Chris Soules,percent,26.0,0.1,0.100873935203348,10.0873935203348,0.0029771518408829,0.3352869011137387,1.0,0.0,1.0,0.0,False,no_elimination,10,False
20,1,Michael Sam,percent,26.0,0.1,0.0997890531074832,9.97890531074832,0.0031692292920744,0.331126386216464,1.0,0.0,1.0,0.0,False,no_elimination,10,False
20,1,Noah Galloway,percent,26.0,0.1,0.0990606838176064,9.906068381760637,0.0027876437841175,0.3350135391415908,1.0,0.0,1.0,0.0,False,no_elimination,10,False
20,1,Patti LaBelle,percent,25.0,0.0961538461538461,0.100100046605332,10.010004660533198,0.0025648270983792,0.3343386204585012,1.0,0.0,1.0,0.0,False,no_elimination,10,False
20,1,Redfoo,percent,22.0,0.0846153846153846,0.1002460387082595,10.024603870825954,0.0025954138101936,0.3361916228997942,1.0,0.0,1.0,0.0,False,no_elimination,10,False
20,1,Riker Lynch,percent,31.0,0.1192307692307692,0.0997084569193996,9.970845691939962,0.0028578208857422,0.3397829523979451,1.0,0.0,1.0,0.0,False,no_elimination,10,False
20,1,Rumer Willis,percent,32.0,0.123076923076923,0.0994199906241657,9.941999062416569,0.0028041068558398,0.3308276399726083,1.0,0.0,1.0,0.0,False,no_elimination,10,False
20,1,Suzanne Somers,percent,25.0,0.0961538461538461,0.1003184411644602,10.031844116446017,0.0028081071938115,0.3428189331955517,1.0,0.0,1.0,0.0,False,no_elimination,10,False
20,1,Willow Shields,percent,25.0,0.0961538461538461,0.0999331398606389,9.993313986063894,0.0030237090848398,0.3289039281431574,1.0,0.0,1.0,0.0,False,no_elimination,10,False
20,2,Charlotte McKinney,percent,26.0,0.0912280701754386,0.1136446135026317,11.364461350263174,0.0277110133170636,0.319412019358664,0.0464,0.0175438596491228,0.919298245614035,0.0,False,single_elimination,10,False
20,2,Chris Soules,percent,21.0,0.0736842105263157,0.1384095121497063,13.84095121497064,0.0449636721551615,0.3348298201161329,0.0464,0.0350877192982456,0.9368421052631576,0.0,False,single_elimination,10,False
20,2,Michael Sam,percent,28.0,0.0982456140350877,0.1077056735849666,10.770567358496663,0.0170865352743036,0.3031816655997733,0.0464,0.0105263157894736,0.9122807017543858,0.0,False,single_elimination,10,False
20,2,Noah Galloway,percent,27.0,0.0947368421052631,0.111814282283824,11.18142822838241,0.0229060884785365,0.2890515174206332,0.0464,0.0140350877192982,0.9157894736842104,0.0,False,single_elimination,10,False
20,2,Patti LaBelle,percent,28.0,0.0982456140350877,0.113807425906463,11.380742590646303,0.020079022796731,0.3370097467756675,0.0464,0.0105263157894736,0.9122807017543858,0.0,False,single_elimination,10,False
20,2,Redfoo,percent,31.0,0.1087719298245614,0.0097201672518769,0.9720167251876926,0.0005045210986383,0.0301772338123083,0.0464,0.0,0.0912280701754385,0.0,False,single_elimination,10,True
20,2,Riker Lynch,percent,32.0,0.1122807017543859,0.0952531794075706,9.52531794075706,0.0041336427962798,0.2889628721880554,0.0464,0.0,0.901754385964912,0.0,False,single_elimination,10,False
20,2,Rumer Willis,percent,32.0,0.1122807017543859,0.0937070553549791,9.370705535497912,0.0069330086010094,0.2840289395264249,0.0464,0.0,0.901754385964912,0.0,False,single_elimination,10,False
20,2,Suzanne Somers,percent,28.0,0.0982456140350877,0.1157796119696432,11.57796119696433,0.0238084355049414,0.3470119948745926,0.0464,0.0105263157894736,0.9122807017543858,0.0,False,single_elimination,10,False
20,2,Willow Shields,percent,32.0,0.1122807017543859,0.1001584785883381,10.015847858833816,0.006704712812038,0.3215771535213109,0.0464,0.0,0.901754385964912,0.0,False,single_elimination,10,False
20,3,Charlotte McKinney,percent,22.0,0.088,0.0202785828178956,2.0278582817895665,0.0007675402289989,0.0565963604959296,0.2358,0.0,0.1342222222222222,0.0,False,single_elimination,9,True
20,3,Chris Soules,percent,28.0,0.112,0.1176755873395348,11.76755873395349,0.0049671663104881,0.386071885207856,0.2358,0.0,1.0,0.0,False,single_elimination,9,False
20,3,Michael Sam,percent,24.0,0.096,0.1256840508801433,12.56840508801433,0.0074708125079232,0.3767682319720643,0.2358,0.0,1.0,0.0,False,single_elimination,9,False
20,3,Noah Galloway,percent,30.0,0.12,0.1222237824742546,12.22237824742546,0.0040154371961268,0.4012593748221711,0.2358,0.0,1.0,0.0,False,single_elimination,9,False
20,3,Patti LaBelle,percent,22.0,0.088,0.1390094694354724,13.90094694354724,0.0150083743268481,0.3979840423749123,0.2358,-0.0,1.0,0.0,False,single_elimination,9,False
20,3,Riker Lynch,percent,34.0,0.136,0.115795619059862,11.579561905986209,0.0037735148113119,0.380875163485703,0.2358,0.0,1.0,0.0,False,single_elimination,9,False
20,3,Rumer Willis,percent,33.0,0.132,0.1191044959792259,11.910449597922597,0.004225852253281,0.402045377657786,0.2358,0.0,1.0,0.0,False,single_elimination,9,False
20,3,Suzanne Somers,percent,25.0,0.1,0.126209082771896,12.620908277189605,0.0082822871658914,0.3857651908692211,0.2358,0.0,1.0,0.0,False,single_elimination,9,False
20,3,Willow Shields,percent,32.0,0.128,0.1140193292417151,11.401932924171511,0.0028652396955781,0.3805047643598865,0.2358,0.0,1.0,0.0,False,single_elimination,9,False
20,4,Chris Soules,percent,27.0,0.1058823529411764,0.1567450404821141,15.674504048211416,0.0287735867145065,0.4777662995274681,0.1519,0.0117647058823529,0.992156862745098,0.0,False,single_elimination,8,False
20,4,Michael Sam,percent,30.0,0.1176470588235294,0.0187237248831512,1.87237248831512,0.0006525630955839,0.057229173513881,0.1519,0.0,0.1323529411764705,0.0,False,single_elimination,8,True
20,4,Noah Galloway,percent,32.0,0.1254901960784313,0.1417221689062474,14.172216890624748,0.0094327811009889,0.4412990599803323,0.1519,0.0,0.9803921568627452,0.0,False,single_elimination,8,False
20,4,Patti LaBelle,percent,30.0,0.1176470588235294,0.1376985233141145,13.76985233141145,0.0162881369564274,0.4246433563551237,0.1519,0.0,0.9803921568627452,0.0,False,single_elimination,8,False
20,4,Riker Lynch,percent,34.0,0.1333333333333333,0.1306406110919066,13.06406110919066,0.004691637812337,0.4187810963275193,0.1519,0.0,0.9803921568627452,0.0,False,single_elimination,8,False
20,4,Rumer Willis,percent,35.0,0.1372549019607843,0.1293430157271233,12.93430157271233,0.0046736665069867,0.3922757851205285,0.1519,0.0,0.9803921568627452,0.0,False,single_elimination,8,False
20,4,Suzanne Somers,percent,28.0,0.1098039215686274,0.153623737982904,15.362373798290408,0.025376833700968,0.425099895964223,0.1519,0.0078431372549019,0.9882352941176472,0.0,False,single_elimination,8,False
20,4,Willow Shields,percent,39.0,0.1529411764705882,0.1315031776124386,13.150317761243862,0.0055147809419732,0.4349823593443255,0.1519,0.0,0.9803921568627452,0.0,False,single_elimination,8,False
20,5,Chris Soules,percent,27.0,0.1221719457013574,0.1741677443185432,17.416774431854314,0.0240623524074223,0.4707176038483955,0.2036,0.004524886877828,0.995475113122172,0.0,False,single_elimination,7,False
20,5,Noah Galloway,percent,28.0,0.1266968325791855,0.1715225489605742,17.15225489605741,0.0180701520735318,0.4797967551627409,0.2036,0.0,0.990950226244344,0.0,False,single_elimination,7,False
20,5,Patti LaBelle,percent,27.0,0.1221719457013574,0.1783245290104557,17.832452901045567,0.0284157454114901,0.4847539407881202,0.2036,0.004524886877828,0.995475113122172,0.0,False,single_elimination,7,False
20,5,Riker Lynch,percent,38.0,0.171945701357466,0.1464800560929484,14.648005609294836,0.0049954704419423,0.4620224205769271,0.2036,0.0,0.990950226244344,0.0,False,single_elimination,7,False
20,5,Rumer Willis,percent,39.0,0.1764705882352941,0.1484405567057602,14.844055670576022,0.0049629501709198,0.4830750682114108,0.2036,0.0,0.990950226244344,0.0,False,single_elimination,7,False
20,5,Suzanne Somers,percent,28.0,0.1266968325791855,0.0264449196026278,2.6444919602627825,0.0008150429577815,0.0774118248703612,0.2036,0.0,0.1590174531351001,0.0,False,single_elimination,7,True
20,5,Willow Shields,percent,34.0,0.1538461538461538,0.1546196453090908,15.461964530909077,0.0070244992562281,0.4727437259709702,0.2036,0.0,0.990950226244344,0.0,False,single_elimination,7,False
20,6,Chris Soules,percent,35.0,0.1643192488262911,0.1919789790882311,19.19789790882312,0.0161100816411158,0.5412788812624587,0.1993,0.0,1.0,0.0,False,single_elimination,6,False
20,6,Noah Galloway,percent,34.0,0.1596244131455399,0.1998833049425145,19.988330494251457,0.0243456201793985,0.5606392277742117,0.1993,-0.0,1.0,0.0,False,single_elimination,6,False
20,6,Patti LaBelle,percent,34.0,0.1596244131455399,0.0287698885421229,2.876988854212298,0.0010485195676714,0.0893931060021137,0.1993,0.0,0.1737089201877934,0.0,False,single_elimination,6,True
20,6,Riker Lynch,percent,38.0,0.1784037558685446,0.1868954925313823,18.689549253138235,0.0106750108855027,0.5626427285379478,0.1993,0.0,1.0,0.0,False,single_elimination,6,False
20,6,Rumer Willis,percent,35.5,0.1666666666666666,0.1993229009917607,19.932290099176075,0.0202903893744374,0.5529549733106986,0.1993,0.0,1.0,0.0,False,single_elimination,6,False
20,6,Willow Shields,percent,36.5,0.1713615023474178,0.1931494339039882,19.314943390398824,0.0117309191884774,0.5468325393612187,0.1993,0.0,1.0,0.0,False,single_elimination,6,False
20,7,Chris Soules,percent,31.0,0.1703296703296703,0.2695762195003878,26.957621950038824,0.0699418294048618,0.6211415415037251,0.1465,0.0439560439560439,0.9725274725274726,0.0,False,single_elimination,5,False
20,7,Noah Galloway,percent,38.0,0.2087912087912088,0.2303446309953967,23.034463099539703,0.0374146342506181,0.5848482200473694,0.1465,0.0054945054945054,0.9340659340659342,0.0,False,single_elimination,5,False
20,7,Riker Lynch,percent,37.0,0.2032967032967033,0.2248808123853745,22.48808123853749,0.0390268911872078,0.5837033117142881,0.1465,0.0109890109890109,0.9395604395604396,0.0,False,single_elimination,5,False
20,7,Rumer Willis,percent,37.0,0.2032967032967033,0.2363168727886283,23.63168727886287,0.0410622429317845,0.5908067637995025,0.1465,0.0109890109890109,0.9395604395604396,0.0,False,single_elimination,5,False
20,7,Willow Shields,percent,39.0,0.2142857142857142,0.038881464330211,3.888146433021112,0.0014398065396736,0.1171330993746573,0.1465,0.0,0.1857142857142857,0.0,False,single_elimination,5,True
20,8,Chris Soules,percent,32.0,0.2245614035087719,0.0702632663510148,7.026326635101481,0.003174443230235,0.1957020169845764,0.3211,0.0,0.275438596491228,0.0,False,single_elimination,4,True
20,8,Noah Galloway,percent,31.5,0.2210526315789473,0.336607083259313,33.660708325931274,0.0520334638171054,0.76360662719063,0.3211,0.0035087719298245,1.0,0.0,False,single_elimination,4,False
20,8,Riker Lynch,percent,39.0,0.2736842105263158,0.2999405358930495,29.99405358930493,0.0211058712038567,0.7460912683056528,0.3211,0.0,0.9964912280701754,0.0,False,single_elimination,4,False
20,8,Rumer Willis,percent,40.0,0.2807017543859649,0.2931891144966233,29.318911449662306,0.0225163416962596,0.7485754982248247,0.3211,0.0,0.9964912280701754,0.0,False,single_elimination,4,False
20,9,Noah Galloway,percent,38.0,0.3247863247863248,0.3338242395196378,33.382423951963766,0.0134205296044906,0.8367243889709449,1.0,0.0,1.0,0.0,False,no_elimination,3,False
20,9,Riker Lynch,percent,40.0,0.3418803418803419,0.3340859686635693,33.40859686635692,0.0134596551461253,0.8343927948731061,1.0,0.0,1.0,0.0,False,no_elimination,3,False
20,9,Rumer Willis,percent,39.0,0.3333333333333333,0.3320897918167932,33.208979181679304,0.012532809520867,0.838341071418761,1.0,0.0,1.0,0.0,False,no_elimination,3,False
20,10,Noah Galloway,percent,36.0,0.3103448275862069,0.336082225450011,33.60822254500115,0.0143485173989667,0.8346334336359884,1.0,0.0,1.0,0.0,False,no_elimination,3,False
20,10,Riker Lynch,percent,40.0,0.3448275862068966,0.3316793195331466,33.167931953314714,0.0124198420634444,0.8389027812841491,1.0,0.0,1.0,0.0,False,no_elimination,3,False
20,10,Rumer Willis,percent,40.0,0.3448275862068966,0.3322384550168409,33.223845501684146,0.0123733231021655,0.8370119219715143,1.0,0.0,1.0,0.0,False,no_elimination,3,False
21,1,Alek Skarlatos,percent,22.0,0.1042654028436018,0.0904976193549217,9.049761935492176,0.0027420280184815,0.3087395922251279,1.0,0.0,1.0,0.0,False,no_elimination,11,False
21,1,Alexa PenaVega,percent,22.0,0.1042654028436018,0.0909424321110998,9.094243211109989,0.002808090635277,0.308402996432029,1.0,0.0,1.0,0.0,False,no_elimination,11,False
21,1,Andy Grammer,percent,21.0,0.0995260663507109,0.0900157962573124,9.00157962573124,0.002464470482939,0.310822880155281,1.0,0.0,1.0,0.0,False,no_elimination,11,False
21,1,Carlos PenaVega,percent,23.0,0.1090047393364928,0.0920465581319797,9.204655813197968,0.0025382012254312,0.3099698907618771,1.0,0.0,1.0,0.0,False,no_elimination,11,False
21,1,Chaka Khan,percent,13.0,0.0616113744075829,0.0927861570339106,9.27861570339106,0.0025945258658493,0.3084921575504105,1.0,0.0,1.0,0.0,False,no_elimination,11,False
21,1,Gary Busey,percent,15.0,0.0710900473933649,0.089287351397923,8.928735139792307,0.0027588226335317,0.3015940613866592,1.0,0.0,1.0,0.0,False,no_elimination,11,False
21,1,Hayes Grier,percent,21.0,0.0995260663507109,0.0924127636241646,9.241276362416462,0.0025272644301612,0.3178705217795299,1.0,0.0,1.0,0.0,False,no_elimination,11,False
21,1,Kim Zolciak-Biermann,percent,12.0,0.0568720379146919,0.0900303092026952,9.003030920269522,0.0025331417473843,0.3039752993582913,1.0,0.0,1.0,0.0,False,no_elimination,11,False
21,1,Nick Carter,percent,24.0,0.1137440758293838,0.0917182346722857,9.171823467228572,0.0025497826979743,0.3133351604958013,1.0,0.0,1.0,0.0,False,no_elimination,11,False
21,1,Paula Deen,percent,15.0,0.0710900473933649,0.0892227837837509,8.922278378375093,0.0027298171939912,0.3060240828752452,1.0,0.0,1.0,0.0,False,no_elimination,11,False
21,1,Tamar Braxton,percent,23.0,0.1090047393364928,0.0910399944299562,9.103999442995628,0.0026560613055455,0.3097424313339424,1.0,0.0,1.0,0.0,False,no_elimination,11,False
21,2,Alek Skarlatos,percent,22.5,0.0986842105263157,0.0980289590089681,9.802895900896813,0.0027857060328923,0.3176688783112984,0.2756,0.0,1.0,0.0,False,single_elimination,11,False
21,2,Alexa PenaVega,percent,23.0,0.1008771929824561,0.0951799783723773,9.517997837237738,0.0029376077367738,0.3231424831877901,0.2756,0.0,1.0,0.0,False,single_elimination,11,False
21,2,Andy Grammer,percent,22.0,0.0964912280701754,0.0960714636102811,9.607146361028112,0.0035658599897512,0.3346412140574574,0.2756,0.0,1.0,0.0,False,single_elimination,11,False
21,2,Carlos PenaVega,percent,22.5,0.0986842105263157,0.0973929675866713,9.73929675866714,0.0027741760967012,0.3407604308914264,0.2756,0.0,1.0,0.0,False,single_elimination,11,False
21,2,Chaka Khan,percent,15.0,0.0657894736842105,0.0174078146902986,1.7407814690298653,0.0006657595293427,0.0455536672905652,0.2756,0.0,0.1160287081339713,0.0,False,single_elimination,11,True
21,2,Gary Busey,percent,16.5,0.0723684210526315,0.1084730926672129,10.847309266721302,0.0071699337857879,0.3345461576099132,0.2756,0.0,1.0,0.0,False,single_elimination,11,False
21,2,Hayes Grier,percent,22.5,0.0986842105263157,0.0978900516175187,9.789005161751875,0.0027978150089416,0.313150687380462,0.2756,0.0,1.0,0.0,False,single_elimination,11,False
21,2,Kim Zolciak-Biermann,percent,18.5,0.0811403508771929,0.0988891633162013,9.888916331620136,0.0044171620701219,0.3205494811739161,0.2756,0.0,1.0,0.0,False,single_elimination,11,False
21,2,Nick Carter,percent,22.5,0.0986842105263157,0.0960630797504443,9.606307975044436,0.0027832214024008,0.3008683356032437,0.2756,0.0,1.0,0.0,False,single_elimination,11,False
21,2,Paula Deen,percent,18.5,0.0811403508771929,0.0998386842660357,9.983868426603577,0.0056163229159439,0.3234508869703879,0.2756,0.0,1.0,0.0,False,single_elimination,11,False
21,2,Tamar Braxton,percent,24.5,0.1074561403508772,0.0947647451139899,9.476474511398996,0.0032827417140475,0.3184889689118421,0.2756,0.0,1.0,0.0,False,single_elimination,11,False
21,3,Alek Skarlatos,percent,33.0,0.1208791208791208,0.1118956058592866,11.18956058592866,0.0034212170946635,0.3679820724027172,1.0,0.0,1.0,0.0,False,no_elimination,9,False
21,3,Alexa PenaVega,percent,36.0,0.1318681318681318,0.1104076142608053,11.040761426080534,0.0030178443713706,0.3673298831642462,1.0,0.0,1.0,0.0,False,no_elimination,9,False
21,3,Andy Grammer,percent,29.0,0.1062271062271062,0.1112197837835392,11.121978378353926,0.003439630990313,0.3737131567425394,1.0,0.0,1.0,0.0,False,no_elimination,9,False
21,3,Carlos PenaVega,percent,31.0,0.1135531135531135,0.1111903674369311,11.119036743693114,0.0031019921932843,0.3664454066819075,1.0,0.0,1.0,0.0,False,no_elimination,9,False
21,3,Gary Busey,percent,25.0,0.0915750915750915,0.1124091272145312,11.24091272145312,0.0033612312892098,0.3724349002374517,1.0,0.0,1.0,0.0,False,no_elimination,9,False
21,3,Hayes Grier,percent,30.0,0.1098901098901098,0.1125987692021256,11.259876920212566,0.0033886034475555,0.3723927708769142,1.0,0.0,1.0,0.0,False,no_elimination,9,False
21,3,Nick Carter,percent,36.0,0.1318681318681318,0.1105247312685482,11.05247312685482,0.0032372971685026,0.3732981332610374,1.0,0.0,1.0,0.0,False,no_elimination,9,False
21,3,Paula Deen,percent,20.0,0.0732600732600732,0.1088819413425646,10.888194134256462,0.003280298490889,0.3652077388150683,1.0,0.0,1.0,0.0,False,no_elimination,9,False
21,3,Tamar Braxton,percent,33.0,0.1208791208791208,0.1108720596316679,11.087205963166792,0.0032404905084091,0.369364303149081,1.0,0.0,1.0,0.0,False,no_elimination,9,False
21,4,Alek Skarlatos,percent,24.0,0.1153846153846153,0.1158258253014879,11.58258253014879,0.004934367234026,0.3790232802037558,0.3164,0.0,1.0,0.0,False,single_elimination,9,False
21,4,Alexa PenaVega,percent,21.0,0.1009615384615384,0.123517382641196,12.351738264119604,0.0065163507773466,0.3766162256199803,0.3164,0.0,1.0,0.0,False,single_elimination,9,False
21,4,Andy Grammer,percent,23.0,0.110576923076923,0.1235201919494459,12.352019194944589,0.0053135700159711,0.3985867535551054,0.3164,0.0,1.0,0.0,False,single_elimination,9,False
21,4,Carlos PenaVega,percent,25.0,0.1201923076923077,0.1176009592879665,11.760095928796655,0.0040606175367432,0.3881180807468159,0.3164,0.0,1.0,0.0,False,single_elimination,9,False
21,4,Gary Busey,percent,16.0,0.0769230769230769,0.0256324173091881,2.563241730918809,0.0011232326196523,0.0679961900990856,0.3164,0.0,0.1452991452991453,0.0,False,single_elimination,9,True
21,4,Hayes Grier,percent,27.0,0.1298076923076923,0.119357598540526,11.9357598540526,0.0035576974259248,0.3876942931551057,0.3164,0.0,1.0,0.0,False,single_elimination,9,False
21,4,Nick Carter,percent,27.0,0.1298076923076923,0.1178727233600639,11.787272336006389,0.0036473977824197,0.3882181389687445,0.3164,0.0,1.0,0.0,False,single_elimination,9,False
21,4,Paula Deen,percent,18.0,0.0865384615384615,0.1340054149788352,13.400541497883516,0.0098810389615755,0.3978685736905016,0.3164,0.0,1.0,0.0,False,single_elimination,9,False
21,4,Tamar Braxton,percent,27.0,0.1298076923076923,0.1226674866312906,12.266748663129064,0.0044870482743058,0.4063700480541337,0.3164,0.0,1.0,0.0,False,single_elimination,9,False
21,5,Alek Skarlatos,percent,29.0,0.1098484848484848,0.1245288571933554,12.452885719335528,0.0034604152073658,0.4122524252390452,1.0,0.0,1.0,0.0,False,no_elimination,8,False
21,5,Alexa PenaVega,percent,40.0,0.1515151515151515,0.1252601050382994,12.526010503829928,0.0037432166122034,0.4064609308879297,1.0,0.0,1.0,0.0,False,no_elimination,8,False
21,5,Andy Grammer,percent,36.0,0.1363636363636363,0.1235444841512152,12.354448415121505,0.0032949137187854,0.4030976258416507,1.0,0.0,1.0,0.0,False,no_elimination,8,False
21,5,Carlos PenaVega,percent,39.0,0.1477272727272727,0.1253432089725556,12.534320897255547,0.0034924950021538,0.4109604321452517,1.0,0.0,1.0,0.0,False,no_elimination,8,False
21,5,Hayes Grier,percent,30.0,0.1136363636363636,0.1250767783890651,12.5076778389065,0.0041602696669243,0.4129260045903391,1.0,0.0,1.0,0.0,False,no_elimination,8,False
21,5,Nick Carter,percent,35.0,0.1325757575757575,0.1237802923862792,12.378029238627906,0.0036661453313674,0.4049644210605759,1.0,0.0,1.0,0.0,False,no_elimination,8,False
21,5,Paula Deen,percent,26.0,0.0984848484848484,0.125852851915975,12.585285191597489,0.0039187135400707,0.4082779490580212,1.0,0.0,1.0,0.0,False,no_elimination,8,False
21,5,Tamar Braxton,percent,29.0,0.1098484848484848,0.1266134219532561,12.661342195325592,0.0037588916723645,0.4233775937904614,1.0,0.0,1.0,0.0,False,no_elimination,8,False
21,6,Alek Skarlatos,percent,30.0,0.1098901098901098,0.1444668987520199,14.446689875202,0.0093958146103489,0.4247471087176746,0.3238,0.0,1.0,0.0,False,single_elimination,8,False
21,6,Alexa PenaVega,percent,30.0,0.1098901098901098,0.1461423338212035,14.614233382120364,0.0084634433353196,0.4379599177577642,0.3238,0.0,1.0,0.0,False,single_elimination,8,False
21,6,Andy Grammer,percent,40.0,0.1465201465201465,0.1365642290027676,13.656422900276768,0.0051362551395446,0.430173959556627,0.3238,0.0,1.0,0.0,False,single_elimination,8,False
21,6,Carlos PenaVega,percent,38.0,0.1391941391941392,0.1342039415055551,13.420394150555524,0.0036796361966144,0.4182464249940953,0.3238,0.0,1.0,0.0,False,single_elimination,8,False
21,6,Hayes Grier,percent,32.0,0.1172161172161172,0.1429176468932935,14.291764689329364,0.0065839588680823,0.4518083159908489,0.3238,0.0,1.0,0.0,False,single_elimination,8,False
21,6,Nick Carter,percent,39.0,0.1428571428571428,0.1311378995212955,13.113789952129563,0.0050926349801067,0.423548217339593,0.3238,0.0,1.0,0.0,False,single_elimination,8,False
21,6,Paula Deen,percent,24.0,0.0879120879120879,0.028607717837848,2.860771783784802,0.0012227687836194,0.0767701558278754,0.3238,0.0,0.162087912087912,0.0,False,single_elimination,8,True
21,6,Tamar Braxton,percent,40.0,0.1465201465201465,0.135959332666016,13.595933266601612,0.004687374624559,0.421579002525343,0.3238,0.0,1.0,0.0,False,single_elimination,8,False
21,7,Alek Skarlatos,percent,26.5,0.1380208333333333,0.1692350855442897,16.923508554428977,0.0272716880202161,0.4741560706645283,0.129,0.0078125,0.9869791666666664,0.0,False,single_elimination,7,False
21,7,Alexa PenaVega,percent,27.5,0.1432291666666666,0.1628264367804881,16.28264367804881,0.0190968444291137,0.4839708430443676,0.129,0.0026041666666666,0.9817708333333331,0.0,False,single_elimination,7,False
21,7,Andy Grammer,percent,28.0,0.1458333333333333,0.1582316776948846,15.82316776948846,0.0176363426934783,0.4637392423379323,0.129,0.0,0.9791666666666664,0.0,False,single_elimination,7,False
21,7,Carlos PenaVega,percent,28.0,0.1458333333333333,0.1569335064702421,15.693350647024207,0.0153694997418472,0.4491555198186253,0.129,0.0,0.9791666666666664,0.0,False,single_elimination,7,False
21,7,Hayes Grier,percent,28.0,0.1458333333333333,0.0197018298206016,1.9701829820601628,0.0006839729151921,0.0634030196010841,0.129,0.0,0.1398809523809523,0.0,False,single_elimination,7,True
21,7,Nick Carter,percent,27.0,0.140625,0.1654970839353513,16.549708393535138,0.0218201610053643,0.4621351549819122,0.129,0.0052083333333333,0.984375,0.0,False,single_elimination,7,False
21,7,Tamar Braxton,percent,27.0,0.140625,0.1675743797541425,16.75743797541425,0.0216150310687977,0.4871758213863025,0.129,0.0052083333333333,0.984375,0.0,False,single_elimination,7,False
21,8,Alek Skarlatos,percent,25.0,0.1506029539865806,0.206096543231234,20.60965432312339,0.0218242598330818,0.5876078801284986,0.2668,0.0,1.0,0.0,False,single_elimination,6,False
21,8,Alexa PenaVega,percent,26.9998,0.1626499854818752,0.2005709351349508,20.05709351349508,0.0159292647645916,0.559305577978893,0.2668,0.0,1.0,0.0,False,single_elimination,6,False
21,8,Andy Grammer,percent,23.9998,0.1445776310034855,0.0354547019470349,3.545470194703494,0.001281805306021,0.1026163253937921,0.2668,0.0,0.1887557023298477,0.0,False,single_elimination,6,True
21,8,Carlos PenaVega,percent,28.9998,0.1746982218008017,0.1875812139543386,18.758121395433857,0.0123506885989351,0.5668163761583842,0.2668,0.0,1.0,0.0,False,single_elimination,6,False
21,8,Nick Carter,percent,33.0,0.1987958992622864,0.1743294050128861,17.432940501288602,0.0068247909421933,0.5329490278544141,0.2668,0.0,1.0,0.0,False,single_elimination,6,False
21,8,Tamar Braxton,percent,28.0,0.1686753084649703,0.1959672007195559,19.59672007195559,0.0137530794078332,0.5574215541750954,0.2668,0.0,1.0,0.0,False,single_elimination,6,False
21,9,Alek Skarlatos,percent,25.5,0.1895910780669145,0.2465656051063632,24.65656051063632,0.0623079769858022,0.61255877051708,0.1265,0.0334572490706319,0.9182156133828996,0.0,False,single_elimination,5,False
21,9,Alexa PenaVega,percent,30.0,0.2230483271375464,0.0364306758462521,3.643067584625216,0.0011913714228032,0.1100617734401428,0.1265,0.0,0.1769516728624535,0.0,False,single_elimination,5,True
21,9,Carlos PenaVega,percent,27.0,0.2007434944237918,0.234127052316365,23.41270523163649,0.0482505719474871,0.5601603955889393,0.1265,0.0223048327137546,0.9070631970260224,0.0,False,single_elimination,5,False
21,9,Nick Carter,percent,27.5,0.2044609665427509,0.2304313818755097,23.04313818755097,0.0508404938967675,0.5519294233302044,0.1265,0.0185873605947955,0.9033457249070632,0.0,False,single_elimination,5,False
21,9,Tamar Braxton,percent,24.5,0.1821561338289963,0.2524452848555101,25.244528485551005,0.0665620874275946,0.5943465252354249,0.1265,0.0408921933085501,0.9256505576208178,0.0,False,single_elimination,5,False
21,10,Alek Skarlatos,percent,28.5,0.3275862068965517,0.3297247908404134,32.97247908404138,0.0112867196294541,0.8414278030165664,1.0,0.0,1.0,0.0,False,no_elimination,3,False
21,10,Carlos PenaVega,percent,31.5,0.3620689655172414,0.3369886919704584,33.69886919704588,0.0119835595259723,0.8456049391143649,1.0,0.0,1.0,0.0,False,no_elimination,3,False
21,10,Nick Carter,percent,27.0,0.3103448275862069,0.333286517189127,33.32865171891274,0.0129745664068576,0.8408690144494858,1.0,0.0,1.0,0.0,False,no_elimination,3,False
21,11,Alek Skarlatos,percent,27.9999,0.3181810433875493,0.4627750665614345,46.27750665614345,0.1093871924087749,0.8854858298653181,0.3225,0.022728434918676,1.0,0.0,False,single_elimination,3,False
21,11,Carlos PenaVega,percent,30.0,0.3409094783062253,0.1075449408868754,10.754494088687547,0.004947527985444,0.276779671944606,0.3225,0.0,0.3257571883604413,0.0,False,single_elimination,3,True
21,11,Nick Carter,percent,30.0,0.3409094783062253,0.4296799925516899,42.96799925516899,0.0825403391654465,0.8492441100728576,0.3225,0.0,0.977271565081324,0.0,False,single_elimination,3,False
22,1,Antonio Brown,percent,21.0,0.0950226244343891,0.0907029708968411,9.070297089684104,0.0026919891227911,0.3057052212884843,1.0,0.0,1.0,0.0,False,no_elimination,11,False
22,1,Doug Flutie,percent,15.0,0.0678733031674208,0.0906921479555579,9.069214795555787,0.0023205629739452,0.3123868628000069,1.0,0.0,1.0,0.0,False,no_elimination,11,False
22,1,Geraldo Rivera,percent,13.0,0.0588235294117647,0.0911522380321786,9.115223803217855,0.0024877520620178,0.3050827054584841,1.0,0.0,1.0,0.0,False,no_elimination,11,False
22,1,Ginger Zee,percent,23.0,0.1040723981900452,0.0908724601589477,9.087246015894763,0.0023940967031885,0.313918538373077,1.0,0.0,1.0,0.0,False,no_elimination,11,False
22,1,Jodie Sweetin,percent,20.0,0.090497737556561,0.0909168585052516,9.091685850525158,0.0021523140911564,0.3073518989242514,1.0,0.0,1.0,0.0,False,no_elimination,11,False
22,1,Kim Fields,percent,20.0,0.090497737556561,0.0907256370553712,9.072563705537124,0.0024494316899349,0.3087557160030632,1.0,0.0,1.0,0.0,False,no_elimination,11,False
22,1,Marla Maples,percent,21.0,0.0950226244343891,0.0899853323681957,8.998533236819567,0.0024663007884504,0.3071412343016328,1.0,0.0,1.0,0.0,False,no_elimination,11,False
22,1,Nyle DiMarco,percent,23.0,0.1040723981900452,0.0920954441357228,9.20954441357228,0.0025496375138459,0.3054908374596354,1.0,0.0,1.0,0.0,False,no_elimination,11,False
22,1,Paige VanZant,percent,21.0,0.0950226244343891,0.0924092027343815,9.240920273438151,0.002894801448135,0.3098479560645149,1.0,0.0,1.0,0.0,False,no_elimination,11,False
22,1,Von Miller,percent,21.0,0.0950226244343891,0.0903481852594279,9.034818525942788,0.0024894865591658,0.3096979686211899,1.0,0.0,1.0,0.0,False,no_elimination,11,False
22,1,Wanya Morris,percent,23.0,0.1040723981900452,0.0900995228981244,9.00995228981244,0.0025638796428329,0.303699020080919,1.0,0.0,1.0,0.0,False,no_elimination,11,False
22,2,Antonio Brown,percent,19.0,0.085972850678733,0.097320005733284,9.732000573328405,0.0039379718349113,0.3341073241966834,0.3449,0.0,1.0,0.0,False,single_elimination,11,False
22,2,Doug Flutie,percent,20.0,0.090497737556561,0.0975559938989267,9.75559938989267,0.0028932769055455,0.3351817278255507,0.3449,0.0,1.0,0.0,False,single_elimination,11,False
22,2,Geraldo Rivera,percent,13.0,0.0588235294117647,0.0208594375708549,2.0859437570854955,0.0009957060833228,0.0522995485614552,0.3449,0.0,0.1229946524064171,0.0,False,single_elimination,11,True
22,2,Ginger Zee,percent,21.0,0.0950226244343891,0.0981620771093905,9.816207710939054,0.0034909035771935,0.3382948716153992,0.3449,0.0,1.0,0.0,False,single_elimination,11,False
22,2,Jodie Sweetin,percent,21.0,0.0950226244343891,0.0992756956156961,9.927569561569612,0.0029702237709617,0.3220266415007712,0.3449,0.0,1.0,0.0,False,single_elimination,11,False
22,2,Kim Fields,percent,19.0,0.085972850678733,0.0984449595197686,9.844495951976857,0.0039742522795246,0.3246218828894966,0.3449,0.0,1.0,0.0,False,single_elimination,11,False
22,2,Marla Maples,percent,20.0,0.090497737556561,0.0976350853877745,9.763508538777456,0.0033737349357624,0.3234442860667053,0.3449,0.0,1.0,0.0,False,single_elimination,11,False
22,2,Nyle DiMarco,percent,20.0,0.090497737556561,0.1000030298218154,10.00030298218154,0.0033863277694785,0.3345397434429104,0.3449,0.0,1.0,0.0,False,single_elimination,11,False
22,2,Paige VanZant,percent,24.0,0.1085972850678733,0.0958347799225699,9.583477992256997,0.0025147652452388,0.3173720712767539,0.3449,0.0,1.0,0.0,False,single_elimination,11,False
22,2,Von Miller,percent,20.0,0.090497737556561,0.0981543032089069,9.815430320890693,0.0033127166395423,0.324441526782834,0.3449,0.0,1.0,0.0,False,single_elimination,11,False
22,2,Wanya Morris,percent,24.0,0.1085972850678733,0.0967546322110123,9.675463221101232,0.0028381034882224,0.327223267455432,0.3449,0.0,1.0,0.0,False,single_elimination,11,False
22,3,Antonio Brown,percent,20.0,0.091324200913242,0.1012681470577702,10.126814705777017,0.0027551270941197,0.3442243742997867,1.0,0.0,1.0,0.0,False,no_elimination,10,False
22,3,Doug Flutie,percent,20.0,0.091324200913242,0.1001939379326828,10.01939379326828,0.0028762533163802,0.3371030567769905,1.0,0.0,1.0,0.0,False,no_elimination,10,False
22,3,Ginger Zee,percent,21.0,0.0958904109589041,0.0998473223071873,9.984732230718729,0.0026609987727012,0.3334390501337126,1.0,0.0,1.0,0.0,False,no_elimination,10,False
22,3,Jodie Sweetin,percent,23.0,0.1050228310502283,0.0994543195576851,9.945431955768504,0.0031228839527774,0.3273080747676566,1.0,0.0,1.0,0.0,False,no_elimination,10,False
22,3,Kim Fields,percent,22.0,0.1004566210045662,0.1008059178122599,10.080591781225992,0.003013192458131,0.3402468223520321,1.0,0.0,1.0,0.0,False,no_elimination,10,False
22,3,Marla Maples,percent,21.0,0.0958904109589041,0.0990583297303951,9.905832973039509,0.002820902201453,0.3332831522140769,1.0,0.0,1.0,0.0,False,no_elimination,10,False
22,3,Nyle DiMarco,percent,25.0,0.1141552511415525,0.0978035985414663,9.780359854146624,0.002707658792276,0.3336513170952519,1.0,0.0,1.0,0.0,False,no_elimination,10,False
22,3,Paige VanZant,percent,23.0,0.1050228310502283,0.1001681214945819,10.016812149458184,0.0028152532437498,0.3443860675698473,1.0,0.0,1.0,0.0,False,no_elimination,10,False
22,3,Von Miller,percent,20.0,0.091324200913242,0.1006866074669362,10.068660746693618,0.0029735309254294,0.3379547952935123,1.0,0.0,1.0,0.0,False,no_elimination,10,False
22,3,Wanya Morris,percent,24.0,0.1095890410958904,0.1007136980990354,10.071369809903535,0.0031590553660424,0.3365836469824348,1.0,0.0,1.0,0.0,False,no_elimination,10,False
22,4,Antonio Brown,percent,35.0,0.109717868338558,0.1077012239918143,10.770122399181432,0.0043418343664449,0.3397749325052476,0.171,0.0,0.9843260188087776,0.0,False,single_elimination,10,False
22,4,Doug Flutie,percent,24.0,0.0752351097178683,0.1297542574430115,12.975425744301145,0.0248088551876789,0.3542732683722615,0.171,0.012539184952978,0.9968652037617556,0.0,False,single_elimination,10,False
22,4,Ginger Zee,percent,36.0,0.1128526645768025,0.1051867559569143,10.518675595691429,0.0038677807566644,0.3553667790072345,0.171,0.0,0.9843260188087776,0.0,False,single_elimination,10,False
22,4,Jodie Sweetin,percent,27.0,0.0846394984326018,0.1208432600701701,12.084326007017006,0.0159824005696395,0.357682684596409,0.171,0.0031347962382445,0.987460815047022,0.0,False,single_elimination,10,False
22,4,Kim Fields,percent,32.0,0.1003134796238244,0.104604977563521,10.460497756352094,0.004467153019104,0.3374188619246339,0.171,0.0,0.9843260188087776,0.0,False,single_elimination,10,False
22,4,Marla Maples,percent,28.0,0.0877742946708464,0.0143777584294416,1.4377758429441658,0.0004832086264852,0.0422603421792824,0.171,0.0,0.1122257053291536,0.0,False,single_elimination,10,True
22,4,Nyle DiMarco,percent,34.0,0.1065830721003134,0.104387442956699,10.438744295669895,0.0038428048380147,0.3435521041160525,0.171,0.0,0.9843260188087776,0.0,False,single_elimination,10,False
22,4,Paige VanZant,percent,36.0,0.1128526645768025,0.1011024272999436,10.110242729994354,0.0031014567515686,0.3368194971039915,0.171,0.0,0.9843260188087776,0.0,False,single_elimination,10,False
22,4,Von Miller,percent,32.0,0.1003134796238244,0.1048943844190024,10.489438441900242,0.0046132001175961,0.3382038503694204,0.171,0.0,0.9843260188087776,0.0,False,single_elimination,10,False
22,4,Wanya Morris,percent,35.0,0.109717868338558,0.1071475118694824,10.71475118694824,0.0034108979184595,0.3500598108078796,0.171,0.0,0.9843260188087776,0.0,False,single_elimination,10,False
22,5,Antonio Brown,percent,26.0,0.0942028985507246,0.1088362595152714,10.88362595152712,0.0026632792995011,0.36100158489615,1.0,0.0,1.0,0.0,False,no_elimination,9,False
22,5,Doug Flutie,percent,28.0,0.1014492753623188,0.110729535941744,11.072953594174386,0.0033599749335728,0.3700265337015378,1.0,0.0,1.0,0.0,False,no_elimination,9,False
22,5,Ginger Zee,percent,32.0,0.1159420289855072,0.1109050662629802,11.090506626298,0.0029064622733043,0.3739483704635362,1.0,0.0,1.0,0.0,False,no_elimination,9,False
22,5,Jodie Sweetin,percent,35.0,0.1268115942028985,0.1117974480521259,11.179744805212572,0.0033982877567805,0.3816832650452096,1.0,0.0,1.0,0.0,False,no_elimination,9,False
22,5,Kim Fields,percent,28.0,0.1014492753623188,0.111625361697338,11.162536169733784,0.0031796256734598,0.3706991541253358,1.0,0.0,1.0,0.0,False,no_elimination,9,False
22,5,Nyle DiMarco,percent,37.0,0.1340579710144927,0.1103641478231079,11.03641478231077,0.0030329348715454,0.3605116343422425,1.0,0.0,1.0,0.0,False,no_elimination,9,False
22,5,Paige VanZant,percent,31.0,0.1123188405797101,0.1116178583495566,11.161785834955642,0.0029650261567929,0.3729374560245324,1.0,0.0,1.0,0.0,False,no_elimination,9,False
22,5,Von Miller,percent,29.0,0.1050724637681159,0.1107749802811516,11.077498028115135,0.0030247704793003,0.3680227550493358,1.0,0.0,1.0,0.0,False,no_elimination,9,False
22,5,Wanya Morris,percent,30.0,0.108695652173913,0.1133493420767259,11.33493420767257,0.0032919627748345,0.3774965385330653,1.0,0.0,1.0,0.0,False,no_elimination,9,False
22,6,Antonio Brown,percent,27.0,0.118942731277533,0.1185374201062618,11.853742010626174,0.0049824369365514,0.4065180237426751,0.2425,0.0,1.0,0.0,False,single_elimination,9,False
22,6,Doug Flutie,percent,21.0,0.092511013215859,0.0189359537499623,1.893595374996233,0.0006668574141223,0.0525852767145122,0.2425,0.0,0.1297112090063632,0.0,False,single_elimination,9,True
22,6,Ginger Zee,percent,24.0,0.105726872246696,0.1226371684383543,12.263716843835432,0.0066381991757726,0.382348990865117,0.2425,0.0,1.0,0.0,False,single_elimination,9,False
22,6,Jodie Sweetin,percent,25.0,0.1101321585903083,0.124596511997308,12.4596511997308,0.0059824239574217,0.3931869656547189,0.2425,0.0,1.0,0.0,False,single_elimination,9,False
22,6,Kim Fields,percent,24.0,0.105726872246696,0.1277119161396979,12.771191613969789,0.0070964497873268,0.4047975661147522,0.2425,0.0,1.0,0.0,False,single_elimination,9,False
22,6,Nyle DiMarco,percent,25.0,0.1101321585903083,0.1227373837358825,12.273738373588252,0.0067658266381815,0.3696781371877197,0.2425,0.0,1.0,0.0,False,single_elimination,9,False
22,6,Paige VanZant,percent,28.0,0.1233480176211453,0.123874454801979,12.3874454801979,0.00451645539768,0.3994048149387917,0.2425,0.0,1.0,0.0,False,single_elimination,9,False
22,6,Von Miller,percent,24.0,0.105726872246696,0.1219159545886844,12.191595458868434,0.007082541944705,0.3824879678510405,0.2425,0.0,1.0,0.0,False,single_elimination,9,False
22,6,Wanya Morris,percent,29.0,0.1277533039647577,0.1190532364418698,11.90532364418698,0.0039951228033946,0.4041587653143124,0.2425,0.0,1.0,0.0,False,single_elimination,9,False
22,7,Antonio Brown,percent,26.0,0.1214953271028037,0.1608208970931294,16.082089709312942,0.0263301748287984,0.4496230072195423,0.0465,-0.0,0.9976635514018692,0.0,False,multi_elimination_2,8,False
22,7,Ginger Zee,percent,27.5,0.1285046728971962,0.1602437513504517,16.024375135045172,0.0189858194346731,0.4462433104546767,0.0465,0.0,0.9976635514018692,0.0,False,multi_elimination_2,8,False
22,7,Jodie Sweetin,percent,25.5,0.1191588785046729,0.1695382739783653,16.953827397836534,0.0324425982220037,0.4618315142517609,0.0465,0.0023364485981308,1.0,0.0,False,multi_elimination_2,8,False
22,7,Kim Fields,percent,26.0,0.1214953271028037,0.0255749741453763,2.557497414537639,0.0008489282693916,0.0728408044517954,0.0465,0.0,0.1468624833110814,0.0,False,multi_elimination_2,8,True
22,7,Nyle DiMarco,percent,28.0,0.1308411214953271,0.1451335652744216,14.513356527442165,0.0191563726759041,0.419691948021403,0.0465,0.0,0.9976635514018692,0.0,False,multi_elimination_2,8,False
22,7,Paige VanZant,percent,27.5,0.1285046728971962,0.1515537601279341,15.155376012793417,0.0194133327254543,0.4258338450616044,0.0465,0.0,0.9976635514018692,0.0,False,multi_elimination_2,8,False
22,7,Von Miller,percent,26.0,0.1214953271028037,0.0245914458530298,2.459144585302982,0.0004886619853505,0.0688329456848334,0.0465,0.0,0.1468624833110814,0.0,False,multi_elimination_2,8,True
22,7,Wanya Morris,percent,27.5,0.1285046728971962,0.1625433321772915,16.25433321772915,0.0263996365110508,0.4456241211915276,0.0465,0.0,0.9976635514018692,0.0,False,multi_elimination_2,8,False
22,8,Antonio Brown,percent,27.0,0.1597633136094674,0.1972469215733541,19.724692157335426,0.0409316661791952,0.4901117199830104,0.1246,0.0177514792899408,0.9526627218934912,0.0,False,single_elimination,6,False
22,8,Ginger Zee,percent,30.0,0.1775147928994082,0.1859105777055468,18.591057770554684,0.0201721640272371,0.5052476457478926,0.1246,0.0,0.9349112426035504,0.0,False,single_elimination,6,False
22,8,Jodie Sweetin,percent,30.0,0.1775147928994082,0.0256608046179799,2.566080461797993,0.0009020156206666,0.0796474042567606,0.1246,0.0,0.155818540433925,0.0,False,single_elimination,6,True
22,8,Nyle DiMarco,percent,29.0,0.1715976331360946,0.1912099100841894,19.120991008418944,0.0257353245221925,0.5044032304069898,0.1246,0.0059171597633136,0.940828402366864,0.0,False,single_elimination,6,False
22,8,Paige VanZant,percent,28.0,0.165680473372781,0.1924746226204853,19.247462262048543,0.0294756586995596,0.4937622400849157,0.1246,0.0118343195266271,0.9467455621301776,0.0,False,single_elimination,6,False
22,8,Wanya Morris,percent,25.0,0.1479289940828402,0.2074971633984441,20.74971633984442,0.049831841062079,0.5331748331986604,0.1246,0.029585798816568,0.9644970414201184,0.0,False,single_elimination,6,False
22,9,Antonio Brown,percent,27.5,0.1916376306620209,0.0689764562240701,6.897645622407023,0.00306313440519,0.1801544291605407,0.1008,0.0,0.2560975609756097,0.0,False,multi_elimination_2,5,True
22,9,Ginger Zee,percent,28.0,0.1951219512195122,0.2896299817461124,28.96299817461126,0.0804535776747201,0.6395765876384574,0.1008,0.0139372822299651,0.9860627177700348,0.0,False,multi_elimination_2,5,False
22,9,Nyle DiMarco,percent,28.5,0.1986062717770035,0.2936862269202264,29.36862269202265,0.067575758746424,0.679031692219052,0.1008,0.0104529616724738,0.9825783972125436,0.0,False,multi_elimination_2,5,False
22,9,Paige VanZant,percent,29.5,0.205574912891986,0.2855271269082301,28.55271269082303,0.0649507001216397,0.6430453624917573,0.1008,0.0034843205574912,0.975609756097561,0.0,False,multi_elimination_2,5,False
22,9,Wanya Morris,percent,30.0,0.2090592334494773,0.0621802082013602,6.218020820136029,0.0013246512766806,0.1638822705410321,0.1008,0.0,0.2430313588850174,0.0,False,multi_elimination_2,5,True
22,10,Ginger Zee,percent,28.3332,0.3256704628527028,0.3337631695709601,33.37631695709592,0.0124369373586639,0.8323067908312883,1.0,0.0,1.0,0.0,False,no_elimination,3,False
22,10,Nyle DiMarco,percent,28.9998,0.3333325670462853,0.3384610839350802,33.84610839350793,0.0141905345780664,0.8419843080630158,1.0,0.0,1.0,0.0,False,no_elimination,3,False
22,10,Paige VanZant,percent,29.666600000000003,0.340996970101012,0.3277757464939623,32.77757464939614,0.0126570945739144,0.83452694363699,1.0,0.0,1.0,0.0,False,no_elimination,3,False
23,1,Amber Rose,percent,24.0,0.0802675585284281,0.0830541518937382,8.305415189373837,0.0022595074417951,0.2819862457193336,1.0,0.0,1.0,0.0,False,no_elimination,12,False
23,1,Babyface,percent,26.0,0.0869565217391304,0.0835690660920723,8.356906609207245,0.0022148597244832,0.2897311960278999,1.0,0.0,1.0,0.0,False,no_elimination,12,False
23,1,Calvin Johnson Jr.,percent,26.0,0.0869565217391304,0.0837304458443205,8.37304458443207,0.0022810337794698,0.291108725378042,1.0,0.0,1.0,0.0,False,no_elimination,12,False
23,1,Jake T. Austin,percent,22.0,0.0735785953177257,0.083762131585209,8.376213158520915,0.0021810493886438,0.2908463310751103,1.0,0.0,1.0,0.0,False,no_elimination,12,False
23,1,Jana Kramer,percent,27.0,0.0903010033444816,0.0818649633634789,8.186496336347904,0.002395080831166,0.2862409766916807,1.0,0.0,1.0,0.0,False,no_elimination,12,False
23,1,Laurie Hernandez,percent,31.0,0.1036789297658862,0.0826346542392892,8.263465423928935,0.0021688992719968,0.2788230970109783,1.0,0.0,1.0,0.0,False,no_elimination,12,False
23,1,Marilu Henner,percent,27.0,0.0903010033444816,0.0842485330396291,8.424853303962927,0.0021576357684486,0.2867697932245102,1.0,0.0,1.0,0.0,False,no_elimination,12,False
23,1,Maureen McCormick,percent,22.0,0.0735785953177257,0.0839350369216663,8.39350369216665,0.0020843412003803,0.2828941998151408,1.0,0.0,1.0,0.0,False,no_elimination,12,False
23,1,Rick Perry,percent,20.0,0.0668896321070234,0.083882966383479,8.388296638347917,0.0025506985125007,0.2860064302936505,1.0,0.0,1.0,0.0,False,no_elimination,12,False
23,1,Ryan Lochte,percent,24.0,0.0802675585284281,0.0838787716132718,8.387877161327193,0.0024661485301427,0.2883738502322009,1.0,0.0,1.0,0.0,False,no_elimination,12,False
23,1,Terra Jole,percent,25.0,0.0836120401337792,0.084172127501845,8.417212750184511,0.0022855182774372,0.2866665706721911,1.0,0.0,1.0,0.0,False,no_elimination,12,False
23,1,Vanilla Ice,percent,25.0,0.0836120401337792,0.0812671515219988,8.1267151521999,0.0023350096031528,0.273607685440408,1.0,0.0,1.0,0.0,False,no_elimination,12,False
23,2,Amber Rose,percent,24.0,0.0743034055727554,0.094109333056563,9.4109333056563,0.0077372960953344,0.2968179300648128,0.1419,-0.0,0.9938080495356038,0.0,False,single_elimination,12,False
23,2,Babyface,percent,30.0,0.0928792569659442,0.0874399902705922,8.743999027059225,0.0026700252528514,0.2977029021740068,0.1419,0.0,0.9938080495356038,0.0,False,single_elimination,12,False
23,2,Calvin Johnson Jr.,percent,28.0,0.0866873065015479,0.0861012454870704,8.61012454870704,0.0031558289416987,0.2849148506849979,0.1419,0.0,0.9938080495356038,0.0,False,single_elimination,12,False
23,2,Jake T. Austin,percent,24.0,0.0743034055727554,0.0102279697692549,1.0227969769254908,0.0003210668340113,0.0293509776483299,0.1419,0.0,0.0923632610939112,0.0,False,single_elimination,12,True
23,2,Jana Kramer,percent,29.0,0.0897832817337461,0.0850948655244054,8.509486552440539,0.0029218251760572,0.2924935076176336,0.1419,0.0,0.9938080495356038,0.0,False,single_elimination,12,False
23,2,Laurie Hernandez,percent,32.0,0.0990712074303405,0.088376503371201,8.837650337120104,0.0033466448400589,0.2881656093550622,0.1419,0.0,0.9938080495356038,0.0,False,single_elimination,12,False
23,2,Marilu Henner,percent,27.0,0.0835913312693498,0.08746700568542,8.746700568542,0.0043929477280038,0.3007603870444151,0.1419,0.0,0.9938080495356038,0.0,False,single_elimination,12,False
23,2,Maureen McCormick,percent,26.0,0.0804953560371517,0.0894251884280406,8.942518842804063,0.004382124130496,0.286004079784181,0.1419,0.0,0.9938080495356038,0.0,False,single_elimination,12,False
23,2,Rick Perry,percent,22.0,0.0681114551083591,0.1021434781276268,10.214347812762684,0.0147601394399582,0.3127601020809195,0.1419,0.0061919504643962,1.0,0.0,False,single_elimination,12,False
23,2,Ryan Lochte,percent,24.0,0.0743034055727554,0.0948943782222866,9.489437822228656,0.0111061790006186,0.3022640600120142,0.1419,0.0,0.9938080495356038,0.0,False,single_elimination,12,False
23,2,Terra Jole,percent,31.0,0.0959752321981424,0.083847519913059,8.384751991305903,0.002390757838603,0.3019305319099797,0.1419,0.0,0.9938080495356038,0.0,False,single_elimination,12,False
23,2,Vanilla Ice,percent,26.0,0.0804953560371517,0.0908725221444798,9.087252214447988,0.0049927342029936,0.2864911213223207,0.1419,0.0,0.9938080495356038,0.0,False,single_elimination,12,False
23,3,Amber Rose,percent,25.0,0.0844594594594594,0.1027943437979973,10.279434379799731,0.0062762779582128,0.3362260492432041,0.1839,0.0,1.0,0.0,False,single_elimination,11,False
23,3,Babyface,percent,25.0,0.0844594594594594,0.0997089703227546,9.970897032275465,0.0059815090234428,0.3300098755430202,0.1839,0.0,1.0,0.0,False,single_elimination,11,False
23,3,Calvin Johnson Jr.,percent,32.0,0.1081081081081081,0.0949154670844581,9.49154670844581,0.0025831356280681,0.3318589925218713,0.1839,0.0,1.0,0.0,False,single_elimination,11,False
23,3,Jana Kramer,percent,26.0,0.0878378378378378,0.1015255493361296,10.15255493361296,0.0053803558185504,0.323634376002082,0.1839,0.0,1.0,0.0,False,single_elimination,11,False
23,3,Laurie Hernandez,percent,31.0,0.1047297297297297,0.0952067948193714,9.520679481937142,0.003113604999399,0.3207535041379813,0.1839,0.0,1.0,0.0,False,single_elimination,11,False
23,3,Marilu Henner,percent,28.0,0.0945945945945946,0.0976561962857712,9.765619628577122,0.0035979451908772,0.3228899565434437,0.1839,0.0,1.0,0.0,False,single_elimination,11,False
23,3,Maureen McCormick,percent,28.0,0.0945945945945946,0.0932135230597524,9.321352305975244,0.0032768548459917,0.3038000473484665,0.1839,0.0,1.0,0.0,False,single_elimination,11,False
23,3,Rick Perry,percent,23.0,0.0777027027027027,0.0124925700941044,1.2492570094104485,0.0004685328577868,0.037401523354872,0.1839,0.0,0.1041154791154791,0.0,False,single_elimination,11,True
23,3,Ryan Lochte,percent,25.0,0.0844594594594594,0.1011616683214713,10.116166832147131,0.005754697618128,0.3340980192005485,0.1839,0.0,1.0,0.0,False,single_elimination,11,False
23,3,Terra Jole,percent,30.0,0.1013513513513513,0.0923993489483342,9.239934894833423,0.0036530467634906,0.3057027553170618,0.1839,0.0,1.0,0.0,False,single_elimination,11,False
23,3,Vanilla Ice,percent,23.0,0.0777027027027027,0.1089255679298551,10.892556792985513,0.0127035896946121,0.3312088933109339,0.1839,-0.0,1.0,0.0,False,single_elimination,11,False
23,4,Amber Rose,percent,24.0,0.1030042918454935,0.1187427800597774,11.874278005977738,0.0119326428428125,0.3772363185771028,0.0394,0.0,0.9871244635193134,0.0,False,multi_elimination_2,10,False
23,4,Babyface,percent,18.0,0.0772532188841201,0.0245303427921031,2.453034279210318,0.0008088243564235,0.057620194637806,0.0394,0.0,0.134000953743443,0.0,False,multi_elimination_2,10,True
23,4,Calvin Johnson Jr.,percent,23.0,0.0987124463519313,0.1174609925546451,11.746099255464507,0.012553374665318,0.35625371666442,0.0394,-0.0,0.9871244635193134,0.0,False,multi_elimination_2,10,False
23,4,Jana Kramer,percent,23.0,0.0987124463519313,0.1235182378757738,12.35182378757738,0.0118137890936,0.3546291224841023,0.0394,0.0,0.9871244635193134,0.0,False,multi_elimination_2,10,False
23,4,Laurie Hernandez,percent,30.0,0.1287553648068669,0.1056077619565827,10.560776195658269,0.0037618439625665,0.3323795895389494,0.0394,0.0,0.9871244635193134,0.0,False,multi_elimination_2,10,False
23,4,Marilu Henner,percent,21.0,0.0901287553648068,0.1269094586407473,12.690945864074733,0.0196229420061282,0.3145862380326968,0.0394,0.0085836909871244,0.9957081545064378,0.0,False,multi_elimination_2,10,False
23,4,Maureen McCormick,percent,24.0,0.1030042918454935,0.1207034645747392,12.07034645747392,0.0130731984875688,0.3322282329534746,0.0394,0.0,0.9871244635193134,0.0,False,multi_elimination_2,10,False
23,4,Ryan Lochte,percent,22.0,0.0944206008583691,0.122981577035778,12.298157703577802,0.0181646633040394,0.3756646444243425,0.0394,0.0042918454935622,0.9914163090128756,0.0,False,multi_elimination_2,10,False
23,4,Terra Jole,percent,25.0,0.1072961373390558,0.1248344512090351,12.483445120903507,0.0100974770559007,0.3714214211270525,0.0394,0.0,0.9871244635193134,0.0,False,multi_elimination_2,10,False
23,4,Vanilla Ice,percent,23.0,0.0987124463519313,0.0147109333008181,1.471093330081814,0.0004883328939326,0.0442112011310355,0.0394,0.0,0.1149260848831664,0.0,False,multi_elimination_2,10,True
23,5,Amber Rose,percent,24.0,0.1194029850746268,0.1258009379237551,12.58009379237553,0.0040877101108055,0.4100071500873911,1.0,0.0,1.0,0.0,False,no_elimination,8,False
23,5,Calvin Johnson Jr.,percent,24.0,0.1194029850746268,0.1246298318551093,12.46298318551095,0.0038404136309581,0.414930247544256,1.0,0.0,1.0,0.0,False,no_elimination,8,False
23,5,Jana Kramer,percent,26.0,0.1293532338308457,0.1244857696076891,12.448576960768929,0.0034714308875321,0.4068753235053218,1.0,0.0,1.0,0.0,False,no_elimination,8,False
23,5,Laurie Hernandez,percent,25.0,0.1243781094527363,0.125654409099833,12.565440909983316,0.0034919680899622,0.4127101476455958,1.0,0.0,1.0,0.0,False,no_elimination,8,False
23,5,Marilu Henner,percent,27.0,0.1343283582089552,0.1252200315570475,12.522003155704766,0.0036634267957098,0.4157963227712325,1.0,0.0,1.0,0.0,False,no_elimination,8,False
23,5,Maureen McCormick,percent,24.0,0.1194029850746268,0.1234410395698276,12.344103956982778,0.0033873286640304,0.4065866093362837,1.0,0.0,1.0,0.0,False,no_elimination,8,False
23,5,Ryan Lochte,percent,24.0,0.1194029850746268,0.1253314901300374,12.533149013003753,0.0035036159801264,0.4066415582376538,1.0,0.0,1.0,0.0,False,no_elimination,8,False
23,5,Terra Jole,percent,27.0,0.1343283582089552,0.1254364902566996,12.543649025669971,0.003685269983066,0.4047504226840951,1.0,0.0,1.0,0.0,False,no_elimination,8,False
23,6,Amber Rose,percent,28.0,0.1048689138576779,0.0226461157387152,2.2646115738715253,0.0008091794419657,0.0653338527361677,0.2397,0.0,0.1451310861423221,0.0,False,single_elimination,8,True
23,6,Calvin Johnson Jr.,percent,37.0,0.1385767790262172,0.138454512801856,13.845451280185598,0.0059287495712367,0.4348729406732487,0.2397,0.0,1.0,0.0,False,single_elimination,8,False
23,6,Jana Kramer,percent,40.0,0.149812734082397,0.1304665703019707,13.046657030197062,0.003999373200772,0.4098420829347101,0.2397,0.0,1.0,0.0,False,single_elimination,8,False
23,6,Laurie Hernandez,percent,37.0,0.1385767790262172,0.1351096201521891,13.510962015218904,0.0048380976750519,0.43606818617993,0.2397,0.0,1.0,0.0,False,single_elimination,8,False
23,6,Marilu Henner,percent,34.0,0.1273408239700374,0.1348016354419523,13.48016354419522,0.006824661130348,0.41581338350147,0.2397,0.0,1.0,0.0,False,single_elimination,8,False
23,6,Maureen McCormick,percent,31.0,0.1161048689138576,0.1434750265499756,14.347502654997548,0.0103825645107704,0.4471851800657744,0.2397,0.0,1.0,0.0,False,single_elimination,8,False
23,6,Ryan Lochte,percent,30.0,0.1123595505617977,0.1491128793382272,14.911287933822717,0.0121670605719157,0.4540079018778593,0.2397,0.0,1.0,0.0,False,single_elimination,8,False
23,6,Terra Jole,percent,30.0,0.1123595505617977,0.1459336396751143,14.59336396751142,0.0110765298199672,0.428483999924553,0.2397,0.0,1.0,0.0,False,single_elimination,8,False
23,7,Calvin Johnson Jr.,percent,37.0,0.1551362683438155,0.1593313106018207,15.933131060182088,0.0094781332783205,0.4685578652290398,0.1614,0.0,0.9958071278825996,0.0,False,single_elimination,7,False
23,7,Jana Kramer,percent,34.5,0.1446540880503144,0.1676565720662052,16.76565720662054,0.014384694161848,0.4916163580390117,0.1614,0.0,0.9958071278825996,0.0,False,single_elimination,7,False
23,7,Laurie Hernandez,percent,34.5,0.1446540880503144,0.1598497975189211,15.984979751892125,0.0132837599480247,0.4664942861858265,0.1614,0.0,0.9958071278825996,0.0,False,single_elimination,7,False
23,7,Marilu Henner,percent,32.0,0.1341719077568134,0.1704536379294728,17.045363792947295,0.0232362650136216,0.4920520781433619,0.1614,0.0041928721174004,1.0,0.0,False,single_elimination,7,False
23,7,Maureen McCormick,percent,33.0,0.1383647798742138,0.0229359883225193,2.2935988322519347,0.0007272216168461,0.070253514033268,0.1614,0.0,0.1473495058400718,0.0,False,single_elimination,7,True
23,7,Ryan Lochte,percent,33.0,0.1383647798742138,0.1623283688963591,16.232836889635923,0.0184838881082206,0.4625152035638631,0.1614,0.0,0.9958071278825996,0.0,False,single_elimination,7,False
23,7,Terra Jole,percent,34.5,0.1446540880503144,0.1574443246647008,15.744432466470096,0.0108970121770966,0.4612190870168,0.1614,0.0,0.9958071278825996,0.0,False,single_elimination,7,False
23,8,Calvin Johnson Jr.,percent,30.0,0.180722891566265,0.1822062479457226,18.220624794572263,0.0085787972836001,0.512275671655598,0.1991,0.0,0.9698795180722892,0.0,False,single_elimination,6,False
23,8,Jana Kramer,percent,30.0,0.180722891566265,0.1808417417812562,18.084174178125625,0.0118976390632301,0.5169449693748487,0.1991,0.0,0.9698795180722892,0.0,False,single_elimination,6,False
23,8,Laurie Hernandez,percent,33.0,0.1987951807228915,0.1711328288323976,17.113282883239762,0.0082521658150491,0.4875974072267485,0.1991,0.0,0.9698795180722892,0.0,False,single_elimination,6,False
23,8,Marilu Henner,percent,23.0,0.1385542168674698,0.2188952985632125,21.889529856321246,0.0458597116842391,0.5757115783151923,0.1991,0.0180722891566265,0.9879518072289156,0.0,False,single_elimination,6,False
23,8,Ryan Lochte,percent,26.0,0.1566265060240964,0.03267482851791,3.267482851791001,0.0011899998459915,0.0966450777195376,0.1991,0.0,0.1767068273092369,0.0,False,single_elimination,6,True
23,8,Terra Jole,percent,24.0,0.144578313253012,0.214249054359501,21.424905435950095,0.0355818546714816,0.5665949130100414,0.1991,0.0120481927710843,0.9819277108433736,0.0,False,single_elimination,6,False
23,9,Calvin Johnson Jr.,percent,37.0,0.193717277486911,0.2452690401859159,24.52690401859164,0.0250015736368873,0.6523592565849009,0.2434,0.0,1.0,0.0,False,single_elimination,5,False
23,9,Jana Kramer,percent,40.0,0.2094240837696335,0.2386380176012174,23.863801760121778,0.0186474295773272,0.631896130114364,0.2434,0.0,1.0,0.0,False,single_elimination,5,False
23,9,Laurie Hernandez,percent,40.0,0.2094240837696335,0.2336816054515314,23.36816054515318,0.0199507500099673,0.6374231111727108,0.2434,0.0,1.0,0.0,False,single_elimination,5,False
23,9,Marilu Henner,percent,36.0,0.1884816753926701,0.0433443603886752,4.334436038867527,0.0014036923314065,0.1324159661525368,0.2434,0.0,0.2115183246073298,0.0,False,single_elimination,5,True
23,9,Terra Jole,percent,38.0,0.1989528795811518,0.2390669763726584,23.90669763726588,0.0240776787934092,0.654641580555493,0.2434,0.0,1.0,0.0,False,single_elimination,5,False
23,10,Calvin Johnson Jr.,percent,28.0,0.2393162393162393,0.3263952344049844,32.639523440498465,0.0611687242394995,0.7215726234020332,0.2309,0.017094017094017,0.9914529914529916,0.0,False,single_elimination,4,False
23,10,Jana Kramer,percent,29.0,0.2478632478632478,0.3102493124006395,31.02493124006397,0.0560253122867088,0.7263016809486594,0.2309,0.0085470085470085,0.982905982905983,0.0,False,single_elimination,4,False
23,10,Laurie Hernandez,percent,30.0,0.2564102564102564,0.3033731855071246,30.33731855071249,0.0458331351134916,0.7071549344569107,0.2309,0.0,0.9743589743589745,0.0,False,single_elimination,4,False
23,10,Terra Jole,percent,30.0,0.2564102564102564,0.0599822676872507,5.998226768725083,0.0019047704804182,0.171394331363394,0.2309,0.0,0.2435897435897435,0.0,False,single_elimination,4,True
23,11,Calvin Johnson Jr.,percent,38.3331,0.338732467174415,0.4426876271659651,44.26876271659653,0.0659067221558865,0.8912731559241787,0.3688,0.0,1.0,0.0,False,single_elimination,3,False
23,11,Jana Kramer,percent,35.5,0.3136976290644829,0.1165791204018109,11.6579120401811,0.0054872269643657,0.294647296660364,0.3688,0.0,0.3529690376021837,0.0,False,single_elimination,3,True
23,11,Laurie Hernandez,percent,39.333200000000005,0.347569903761102,0.4407332524322236,44.07332524322238,0.0690280670302851,0.8835035528648325,0.3688,0.0,1.0,0.0,False,single_elimination,3,False
24,1,Bonner Bolton,percent,22.0,0.0782918149466192,0.0909906607885132,9.099066078851337,0.0023414978687834,0.314252764854998,1.0,0.0,1.0,0.0,False,no_elimination,11,False
24,1,Chris Kattan,percent,17.0,0.0604982206405693,0.0920694976514731,9.206949765147325,0.0028012959229191,0.3037182432636575,1.0,0.0,1.0,0.0,False,no_elimination,11,False
24,1,David Ross,percent,28.0,0.099644128113879,0.0905201191677376,9.05201191677377,0.0024193486835811,0.305127419566113,1.0,0.0,1.0,0.0,False,no_elimination,11,False
24,1,Erika Jayne,percent,24.0,0.0854092526690391,0.0904715596132935,9.04715596132936,0.0026454450069884,0.3072380656072827,1.0,0.0,1.0,0.0,False,no_elimination,11,False
24,1,Heather Morris,percent,28.0,0.099644128113879,0.0903249222830909,9.032492228309096,0.002759673788552,0.3028076295497404,1.0,0.0,1.0,0.0,False,no_elimination,11,False
24,1,Mr. T,percent,20.0,0.0711743772241993,0.0915703308803205,9.15703308803206,0.0026125589967289,0.3089608133977425,1.0,0.0,1.0,0.0,False,no_elimination,11,False
24,1,Nancy Kerrigan,percent,28.0,0.099644128113879,0.0901365714849608,9.013657148496094,0.0024536526390623,0.3050547848685795,1.0,0.0,1.0,0.0,False,no_elimination,11,False
24,1,Nick Viall,percent,24.0,0.0854092526690391,0.0910798360326809,9.107983603268105,0.002561567379336,0.3106933909954004,1.0,0.0,1.0,0.0,False,no_elimination,11,False
24,1,Normani,percent,27.0,0.096085409252669,0.0911010924180548,9.11010924180549,0.0023548503222437,0.3163621314472541,1.0,0.0,1.0,0.0,False,no_elimination,11,False
24,1,Rashad Jennings,percent,31.0,0.1103202846975089,0.0902072395143687,9.02072395143688,0.0022943172586806,0.3040641394279378,1.0,0.0,1.0,0.0,False,no_elimination,11,False
24,1,Simone Biles,percent,32.0,0.1138790035587188,0.0915281701655047,9.15281701655048,0.0022366427521494,0.3108252438979269,1.0,0.0,1.0,0.0,False,no_elimination,11,False
24,2,Bonner Bolton,percent,28.0,0.0924092409240924,0.09909701994791,9.909701994791002,0.0042961259132791,0.3343717712968599,0.2279,0.0,1.0,0.0,False,single_elimination,11,False
24,2,Chris Kattan,percent,22.0,0.0726072607260726,0.0151357595374261,1.5135759537426152,0.0007897258560654,0.04071200717278,0.2279,0.0,0.1092109210921092,0.0,False,single_elimination,11,True
24,2,David Ross,percent,27.0,0.0891089108910891,0.1008074918893018,10.080749188930186,0.003933178103787,0.3411901907393406,0.2279,0.0,1.0,0.0,False,single_elimination,11,False
24,2,Erika Jayne,percent,28.0,0.0924092409240924,0.0960514326970371,9.60514326970372,0.0033498675840697,0.334073100698269,0.2279,0.0,1.0,0.0,False,single_elimination,11,False
24,2,Heather Morris,percent,30.0,0.099009900990099,0.096639949138197,9.663994913819709,0.0030040286984254,0.3206549639313236,0.2279,0.0,1.0,0.0,False,single_elimination,11,False
24,2,Mr. T,percent,22.0,0.0726072607260726,0.1122352428718329,11.223524287183292,0.0117208488515195,0.3388916116963396,0.2279,-0.0,1.0,0.0,False,single_elimination,11,False
24,2,Nancy Kerrigan,percent,28.0,0.0924092409240924,0.0956385918750007,9.56385918750008,0.0034183538742449,0.3243801914850897,0.2279,0.0,1.0,0.0,False,single_elimination,11,False
24,2,Nick Viall,percent,25.0,0.0825082508250825,0.0997984784807401,9.979847848074012,0.0058036715796622,0.3208242142921109,0.2279,0.0,1.0,0.0,False,single_elimination,11,False
24,2,Normani,percent,32.0,0.1056105610561056,0.0953796581154035,9.537965811540356,0.0038980374792435,0.3189395033669626,0.2279,0.0,1.0,0.0,False,single_elimination,11,False
24,2,Rashad Jennings,percent,32.0,0.1056105610561056,0.097060624909631,9.706062490963102,0.0035596745549525,0.3404968578450213,0.2279,0.0,1.0,0.0,False,single_elimination,11,False
24,2,Simone Biles,percent,29.0,0.0957095709570957,0.0921557505375192,9.21557505375193,0.002602119524416,0.3039117255267827,0.2279,0.0,1.0,0.0,False,single_elimination,11,False
24,3,Bonner Bolton,percent,24.0,0.0824742268041237,0.1008141208915103,10.081412089151035,0.0029091901820543,0.3356960860486811,1.0,0.0,1.0,0.0,False,no_elimination,10,False
24,3,David Ross,percent,31.0,0.1065292096219931,0.0984625533323586,9.846255333235868,0.0030451861184541,0.3305161940135665,1.0,0.0,1.0,0.0,False,no_elimination,10,False
24,3,Erika Jayne,percent,26.0,0.0893470790378006,0.1007703032134551,10.077030321345514,0.0030467401623035,0.3370024051117669,1.0,0.0,1.0,0.0,False,no_elimination,10,False
24,3,Heather Morris,percent,33.0,0.1134020618556701,0.1001160074469124,10.011600744691249,0.002729588201717,0.3344917907407971,1.0,0.0,1.0,0.0,False,no_elimination,10,False
24,3,Mr. T,percent,24.0,0.0824742268041237,0.1010335130786846,10.103351307868463,0.0028530359450709,0.3335766890770678,1.0,0.0,1.0,0.0,False,no_elimination,10,False
24,3,Nancy Kerrigan,percent,33.0,0.1134020618556701,0.0993610740067949,9.936107400679498,0.0027134757037795,0.3327826711954014,1.0,0.0,1.0,0.0,False,no_elimination,10,False
24,3,Nick Viall,percent,26.0,0.0893470790378006,0.0989247819109514,9.892478191095144,0.0030902983886877,0.3297604634079707,1.0,0.0,1.0,0.0,False,no_elimination,10,False
24,3,Normani,percent,34.0,0.1168384879725085,0.1012452891056911,10.124528910569117,0.0029431097055605,0.3407600882397011,1.0,0.0,1.0,0.0,False,no_elimination,10,False
24,3,Rashad Jennings,percent,28.0,0.0962199312714776,0.099452469093646,9.945246909364608,0.0028873771750516,0.333207972673721,1.0,0.0,1.0,0.0,False,no_elimination,10,False
24,3,Simone Biles,percent,32.0,0.1099656357388316,0.099819887919995,9.981988791999504,0.0028182230343526,0.3358408698317652,1.0,0.0,1.0,0.0,False,no_elimination,10,False
24,4,Bonner Bolton,percent,32.0,0.0981595092024539,0.1107403130695478,11.074031306954785,0.0060039070469087,0.3592969822958634,0.2044,0.0,1.0,0.0,False,single_elimination,10,False
24,4,David Ross,percent,31.0,0.0950920245398773,0.1072640415477021,10.726404154770218,0.0068532665306232,0.3424106813456882,0.2044,0.0,1.0,0.0,False,single_elimination,10,False
24,4,Erika Jayne,percent,30.0,0.0920245398773006,0.1128804816421307,11.288048164213071,0.0075967731915915,0.3464306123613059,0.2044,0.0,1.0,0.0,False,single_elimination,10,False
24,4,Heather Morris,percent,35.0,0.107361963190184,0.1073052384394536,10.73052384394537,0.0040020989706512,0.3484938016885293,0.2044,0.0,1.0,0.0,False,single_elimination,10,False
24,4,Mr. T,percent,28.0,0.0858895705521472,0.0145531493134985,1.455314931349852,0.0006302190303931,0.0406916773482719,0.2044,0.0,0.1141104294478527,0.0,False,single_elimination,10,True
24,4,Nancy Kerrigan,percent,33.0,0.1012269938650306,0.1092150386040261,10.921503860402613,0.0063402139467538,0.3422045380519766,0.2044,0.0,1.0,0.0,False,single_elimination,10,False
24,4,Nick Viall,percent,30.0,0.0920245398773006,0.1132691269852883,11.326912698528831,0.0081388995735609,0.3528463979035956,0.2044,0.0,1.0,0.0,False,single_elimination,10,False
24,4,Normani,percent,32.0,0.0981595092024539,0.1125148119875992,11.25148119875993,0.0056142697407266,0.3577064579021843,0.2044,0.0,1.0,0.0,False,single_elimination,10,False
24,4,Rashad Jennings,percent,39.0,0.1196319018404908,0.1086064877264413,10.860648772644137,0.0038295647590431,0.3513396553087138,0.2044,0.0,1.0,0.0,False,single_elimination,10,False
24,4,Simone Biles,percent,36.0,0.1104294478527607,0.103651310684312,10.365131068431204,0.0037248190565,0.3471823329443022,0.2044,0.0,1.0,0.0,False,single_elimination,10,False
24,5,Bonner Bolton,percent,30.0,0.0986842105263157,0.1336998675447661,13.369986754476615,0.0182941034576302,0.4036745752729749,0.1461,0.006578947368421,0.9901315789473684,0.0,False,single_elimination,9,False
24,5,David Ross,percent,29.0,0.0953947368421052,0.1380926360765517,13.80926360765518,0.022440199403873,0.410179504741794,0.1461,0.0098684210526315,0.993421052631579,0.0,False,single_elimination,9,False
24,5,Erika Jayne,percent,32.0,0.1052631578947368,0.014907453195315,1.4907453195315052,0.0004429220912554,0.0475391869586761,0.1461,0.0,0.1169590643274853,0.0,False,single_elimination,9,True
24,5,Heather Morris,percent,34.0,0.1118421052631579,0.1205461238395096,12.054612383950968,0.0083868470752777,0.3522887895494351,0.1461,0.0,0.9835526315789476,0.0,False,single_elimination,9,False
24,5,Nancy Kerrigan,percent,36.0,0.1184210526315789,0.1185288425857223,11.85288425857224,0.0057300765527829,0.3665763511721966,0.1461,0.0,0.9835526315789476,0.0,False,single_elimination,9,False
24,5,Nick Viall,percent,34.0,0.1118421052631579,0.122490236524992,12.249023652499211,0.0080453783420031,0.3615412878466509,0.1461,0.0,0.9835526315789476,0.0,False,single_elimination,9,False
24,5,Normani,percent,39.0,0.1282894736842105,0.1181553943275392,11.815539432753932,0.0048484854132265,0.374014878818928,0.1461,0.0,0.9835526315789476,0.0,False,single_elimination,9,False
24,5,Rashad Jennings,percent,32.0,0.1052631578947368,0.1217797966995872,12.177979669958734,0.0113153589047439,0.358153009874008,0.1461,0.0,0.9835526315789476,0.0,False,single_elimination,9,False
24,5,Simone Biles,percent,38.0,0.125,0.111799649206016,11.179964920601607,0.0045824310538565,0.3661135202450929,0.1461,0.0,0.9835526315789476,0.0,False,single_elimination,9,False
24,6,Bonner Bolton,percent,31.5,0.1171003717472119,0.1579350051909294,15.793500519092945,0.0361449171173441,0.4547231397355559,0.0608,0.020446096654275,0.9200743494423792,0.0,False,single_elimination,8,False
24,6,David Ross,percent,31.0,0.1152416356877323,0.1484848125425564,14.848481254255638,0.0344662734011061,0.4285559668115422,0.0608,0.0223048327137546,0.9219330855018588,0.0,False,single_elimination,8,False
24,6,Heather Morris,percent,37.0,0.137546468401487,0.0137901398120048,1.3790139812004842,0.0004157893635495,0.0472298340953903,0.0608,0.0,0.112453531598513,0.0,False,single_elimination,8,True
24,6,Nancy Kerrigan,percent,33.5,0.1245353159851301,0.1399627212965931,13.99627212965931,0.0247754444926481,0.4236906235783199,0.0608,0.0130111524163568,0.912639405204461,0.0,False,single_elimination,8,False
24,6,Nick Viall,percent,30.5,0.1133828996282527,0.1497506274081933,14.975062740819329,0.0346904786896899,0.4188150867089114,0.0608,0.0241635687732341,0.9237918215613384,0.0,False,single_elimination,8,False
24,6,Normani,percent,36.0,0.1338289962825278,0.1253304779416317,12.533047794163174,0.0131852497040445,0.3907003782226627,0.0608,0.0037174721189591,0.9033457249070632,0.0,False,single_elimination,8,False
24,6,Rashad Jennings,percent,35.0,0.1301115241635687,0.1317167850058751,13.171678500587516,0.0169270327150507,0.3648750434403213,0.0608,0.0074349442379182,0.9070631970260224,0.0,False,single_elimination,8,False
24,6,Simone Biles,percent,34.5,0.1282527881040892,0.1330294308022161,13.302943080221608,0.0218419891170394,0.3807265588902951,0.0608,0.0092936802973977,0.9089219330855018,0.0,False,single_elimination,8,False
24,7,Bonner Bolton,percent,31.0,0.1225296442687747,0.2090952892106152,20.9095289210615,0.0548064930831833,0.5215683676591738,0.0573,0.0197628458498023,0.984189723320158,0.0,False,multi_elimination_2,7,False
24,7,David Ross,percent,32.0,0.1264822134387351,0.2125918378247223,21.259183782472213,0.0448360921158021,0.5263941828552658,0.0573,0.0158102766798419,0.9802371541501976,0.0,False,multi_elimination_2,7,False
24,7,Nancy Kerrigan,percent,36.0,0.1422924901185771,0.0336385598074862,3.363855980748618,0.001500891323222,0.093211208816745,0.0573,0.0,0.1686429512516468,0.0,False,multi_elimination_2,7,True
24,7,Nick Viall,percent,34.0,0.1343873517786561,0.0348324649091292,3.483246490912919,0.0017029394637163,0.0990772898917771,0.0573,0.0,0.1752305665349143,0.0,False,multi_elimination_2,7,True
24,7,Normani,percent,42.0,0.1660079051383399,0.1662092227497193,16.62092227497192,0.0174830910686094,0.4532217998861748,0.0573,0.0,0.9644268774703556,0.0,False,multi_elimination_2,7,False
24,7,Rashad Jennings,percent,39.0,0.1541501976284585,0.1729444205560559,17.294442055605575,0.0186152867692931,0.4465732740813973,0.0573,0.0,0.9644268774703556,0.0,False,multi_elimination_2,7,False
24,7,Simone Biles,percent,39.0,0.1541501976284585,0.1706882049422725,17.06882049422724,0.0217561986811511,0.4661943745565114,0.0573,0.0,0.9644268774703556,0.0,False,multi_elimination_2,7,False
24,8,Bonner Bolton,percent,29.0,0.166189111747851,0.0510053237368689,5.100532373686894,0.0022831965698329,0.1441371946280724,0.3289,0.0,0.2338108882521489,0.0,False,single_elimination,5,True
24,8,David Ross,percent,32.5,0.1862464183381088,0.2503466530297377,25.034665302973742,0.0224348240806902,0.6666116700630121,0.3289,0.0,1.0,0.0,False,single_elimination,5,False
24,8,Normani,percent,39.5,0.2263610315186246,0.2252670620124869,22.526706201248675,0.009138783900661,0.6242607109254891,0.3289,0.0,1.0,0.0,False,single_elimination,5,False
24,8,Rashad Jennings,percent,37.5,0.2148997134670487,0.2344089184848978,23.44089184848976,0.0140966897653774,0.6593399225550984,0.3289,0.0,1.0,0.0,False,single_elimination,5,False
24,8,Simone Biles,percent,36.0,0.2063037249283667,0.2389720427360094,23.897204273600924,0.015906718234095,0.6589135160050954,0.3289,0.0,1.0,0.0,False,single_elimination,5,False
24,9,David Ross,percent,35.0,0.231023102310231,0.3310014149742961,33.10014149742961,0.0776755046952827,0.7271788496475706,0.2119,0.0330033003300329,0.976897689768977,0.0,False,single_elimination,4,False
24,9,Normani,percent,38.0,0.2508250825082508,0.3088526130623339,30.885261306233392,0.0574328674573736,0.6957820830029735,0.2119,0.0132013201320131,0.9570957095709572,0.0,False,single_elimination,4,False
24,9,Rashad Jennings,percent,38.5,0.2541254125412541,0.3012787599501563,30.12787599501563,0.0571870034213589,0.7146727021354365,0.2119,0.0099009900990098,0.953795379537954,0.0,False,single_elimination,4,False
24,9,Simone Biles,percent,40.0,0.264026402640264,0.0588672120132136,5.886721201321369,0.001929663377491,0.163810796405008,0.2119,0.0,0.2359735973597359,0.0,False,single_elimination,4,True
24,10,David Ross,percent,36.3333,0.3150292500591763,0.3362603343755634,33.62603343755651,0.0122373325395189,0.8521690508440595,1.0,0.0,1.0,0.0,False,no_elimination,3,False
24,10,Normani,percent,39.333200000000005,0.341039996323692,0.3327243442003114,33.2724344200313,0.0120357806083018,0.8307791860355261,1.0,0.0,1.0,0.0,False,no_elimination,3,False
24,10,Rashad Jennings,percent,39.6666,0.3439307536171315,0.3310153214241202,33.10153214241219,0.0114615217338827,0.8391393486370018,1.0,0.0,1.0,0.0,False,no_elimination,3,False
25,1,Barbara Corcoran,percent,14.0,0.0760869565217391,0.1000067992849397,10.000679928493966,0.0029476640801994,0.3310753132168051,1.0,0.0,1.0,0.0,False,no_elimination,10,False
25,1,Debbie Gibson,percent,17.0,0.092391304347826,0.0988751945854531,9.887519458545306,0.0029343651242504,0.3258566398165143,1.0,0.0,1.0,0.0,False,no_elimination,10,False
25,1,Derek Fisher,percent,18.0,0.0978260869565217,0.1011051229563314,10.110512295633134,0.0028411937046965,0.3395959830201136,1.0,0.0,1.0,0.0,False,no_elimination,10,False
25,1,Frankie Muniz,percent,19.0,0.1032608695652173,0.1013282339884357,10.13282339884356,0.0028583165618566,0.3367421070800611,1.0,0.0,1.0,0.0,False,no_elimination,10,False
25,1,Jordan Fisher,percent,22.0,0.1195652173913043,0.0998153549290508,9.981535492905074,0.0029025922056511,0.3340823016521639,1.0,0.0,1.0,0.0,False,no_elimination,10,False
25,1,Lindsey Stirling,percent,22.0,0.1195652173913043,0.1006032590189492,10.060325901894917,0.0027350135682442,0.3408115327417297,1.0,0.0,1.0,0.0,False,no_elimination,10,False
25,1,Nick Lachey,percent,18.0,0.0978260869565217,0.0999792814250935,9.997928142509345,0.0028873817319065,0.3281795107247676,1.0,0.0,1.0,0.0,False,no_elimination,10,False
25,1,Nikki Bella,percent,20.0,0.108695652173913,0.1000109226415053,10.001092264150522,0.0027944956328258,0.3383228825619516,1.0,0.0,1.0,0.0,False,no_elimination,10,False
25,1,Terrell Owens,percent,15.0,0.0815217391304347,0.0987491822766102,9.874918227661013,0.0025550950927147,0.3395325703409325,1.0,0.0,1.0,0.0,False,no_elimination,10,False
25,1,Victoria Arlen,percent,19.0,0.1032608695652173,0.0995266488936317,9.95266488936316,0.0026785449638682,0.3348790119109812,1.0,0.0,1.0,0.0,False,no_elimination,10,False
25,2,Barbara Corcoran,percent,17.0,0.0821256038647343,0.0229716903509371,2.2971690350937126,0.0020632603089022,0.0642806768845042,0.0383,0.0,0.1290928609769189,0.0,False,multi_elimination_2,10,True
25,2,Debbie Gibson,percent,20.5,0.0990338164251207,0.0148162754911687,1.4816275491168762,0.0004645370415188,0.0480205498156131,0.0383,0.0,0.1140633387010198,0.0,False,multi_elimination_2,10,True
25,2,Derek Fisher,percent,19.0,0.0917874396135265,0.1251996362383848,12.519963623838487,0.0253912624779901,0.3613092795579192,0.0383,0.0072463768115941,0.9830917874396136,0.0,False,multi_elimination_2,10,False
25,2,Frankie Muniz,percent,24.0,0.1159420289855072,0.1069902803975574,10.699028039755747,0.0046534761900601,0.332380074444789,0.0383,0.0,0.9758454106280192,0.0,False,multi_elimination_2,10,False
25,2,Jordan Fisher,percent,24.0,0.1159420289855072,0.1093657124582088,10.936571245820891,0.0064054476877858,0.3432057119784484,0.0383,0.0,0.9758454106280192,0.0,False,multi_elimination_2,10,False
25,2,Lindsey Stirling,percent,22.5,0.108695652173913,0.1126078487353679,11.260784873536798,0.0070929289378287,0.3432653590470903,0.0383,0.0,0.9758454106280192,0.0,False,multi_elimination_2,10,False
25,2,Nick Lachey,percent,19.0,0.0917874396135265,0.14074576953874,14.074576953874002,0.0248225844523442,0.4016311006174122,0.0383,0.0072463768115941,0.9830917874396136,0.0,False,multi_elimination_2,10,False
25,2,Nikki Bella,percent,19.5,0.0942028985507246,0.1244295081105389,12.442950811053894,0.0191761654638695,0.3501880460423396,0.0383,0.0048309178743961,0.9806763285024154,0.0,False,multi_elimination_2,10,False
25,2,Terrell Owens,percent,19.5,0.0942028985507246,0.1337154039205629,13.3715403920563,0.023112082150429,0.3848742949212678,0.0383,0.0048309178743961,0.9806763285024154,0.0,False,multi_elimination_2,10,False
25,2,Victoria Arlen,percent,22.0,0.1062801932367149,0.1091578747585329,10.915787475853294,0.007426597198759,0.3162960269519869,0.0383,0.0,0.9758454106280192,0.0,False,multi_elimination_2,10,False
25,3,Derek Fisher,percent,21.0,0.1173184357541899,0.1242982231808412,12.429822318084137,0.0033715942295456,0.399552186764256,1.0,0.0,1.0,0.0,False,no_elimination,8,False
25,3,Frankie Muniz,percent,21.0,0.1173184357541899,0.1266925966055223,12.669259660552248,0.0037088742498518,0.4113147157868527,1.0,0.0,1.0,0.0,False,no_elimination,8,False
25,3,Jordan Fisher,percent,25.0,0.1396648044692737,0.1249095879049759,12.490958790497606,0.0035183746274725,0.4071276216179047,1.0,0.0,1.0,0.0,False,no_elimination,8,False
25,3,Lindsey Stirling,percent,27.0,0.1508379888268156,0.1233415306484995,12.334153064849968,0.0039848875534308,0.4032683624940585,1.0,0.0,1.0,0.0,False,no_elimination,8,False
25,3,Nick Lachey,percent,21.0,0.1173184357541899,0.1245441431604268,12.4544143160427,0.0036284492876229,0.4111703060556853,1.0,0.0,1.0,0.0,False,no_elimination,8,False
25,3,Nikki Bella,percent,21.0,0.1173184357541899,0.1261112717546728,12.6111271754673,0.0036682546928562,0.4110570341009215,1.0,0.0,1.0,0.0,False,no_elimination,8,False
25,3,Terrell Owens,percent,21.0,0.1173184357541899,0.1263077953901367,12.63077953901369,0.0038369084822382,0.4118374531294647,1.0,0.0,1.0,0.0,False,no_elimination,8,False
25,3,Victoria Arlen,percent,22.0,0.1229050279329608,0.1237948513549233,12.379485135492343,0.0039236766983684,0.4084586532654359,1.0,0.0,1.0,0.0,False,no_elimination,8,False
25,4,Derek Fisher,percent,23.0,0.1155778894472361,0.0190425694607184,1.9042569460718413,0.0006928175123495,0.0556254618813741,0.1771,0.0,0.1344221105527638,0.0,False,single_elimination,8,True
25,4,Frankie Muniz,percent,24.0,0.1206030150753768,0.1455093325932141,14.550933259321411,0.013419453551865,0.4413029854866444,0.1771,0.0,0.9949748743718592,0.0,False,single_elimination,8,False
25,4,Jordan Fisher,percent,29.0,0.1457286432160804,0.1361492343386851,13.614923433868512,0.0051162726612141,0.4326722077853681,0.1771,0.0,0.9949748743718592,0.0,False,single_elimination,8,False
25,4,Lindsey Stirling,percent,26.0,0.1306532663316583,0.134151332829475,13.415133282947508,0.0080779954352094,0.4318335922186701,0.1771,0.0,0.9949748743718592,0.0,False,single_elimination,8,False
25,4,Nick Lachey,percent,22.0,0.1105527638190954,0.1484397606977986,14.843976069779869,0.0201897174256797,0.4347622327494334,0.1771,0.0050251256281406,1.0,0.0,False,single_elimination,8,False
25,4,Nikki Bella,percent,24.0,0.1206030150753768,0.1444306208977309,14.443062089773091,0.0111097189852677,0.4442262492702688,0.1771,0.0,0.9949748743718592,0.0,False,single_elimination,8,False
25,4,Terrell Owens,percent,24.0,0.1206030150753768,0.141711711823096,14.171171182309603,0.013567728159604,0.4171221030027853,0.1771,0.0,0.9949748743718592,0.0,False,single_elimination,8,False
25,4,Victoria Arlen,percent,27.0,0.135678391959799,0.1305654373592815,13.05654373592816,0.0062714341129894,0.4068116375248521,0.1771,0.0,0.9949748743718592,0.0,False,single_elimination,8,False
25,5,Frankie Muniz,percent,29.0,0.1542553191489361,0.1431327857930749,14.313278579307507,0.0042813138379616,0.4522445070647021,1.0,0.0,1.0,0.0,False,no_elimination,7,False
25,5,Jordan Fisher,percent,30.0,0.1595744680851064,0.1422068120679319,14.22068120679321,0.0046394834134357,0.449724860530371,1.0,0.0,1.0,0.0,False,no_elimination,7,False
25,5,Lindsey Stirling,percent,28.0,0.1489361702127659,0.1419962912509051,14.199629125090524,0.0039510054058654,0.4623008273568894,1.0,0.0,1.0,0.0,False,no_elimination,7,False
25,5,Nick Lachey,percent,22.0,0.1170212765957446,0.1442654270995464,14.426542709954653,0.0048735998657607,0.449294634610299,1.0,0.0,1.0,0.0,False,no_elimination,7,False
25,5,Nikki Bella,percent,27.0,0.1436170212765957,0.1441766175622642,14.41766175622643,0.004449333333933,0.4659033319019184,1.0,0.0,1.0,0.0,False,no_elimination,7,False
25,5,Terrell Owens,percent,25.0,0.1329787234042553,0.1407678296739642,14.076782967396436,0.0043069962813731,0.4592398356166626,1.0,0.0,1.0,0.0,False,no_elimination,7,False
25,5,Victoria Arlen,percent,27.0,0.1436170212765957,0.1434542365523122,14.345423655231237,0.0044875832123835,0.4575254980629917,1.0,0.0,1.0,0.0,False,no_elimination,7,False
25,6,Frankie Muniz,percent,31.0,0.1291666666666666,0.1667069777036984,16.670697770369845,0.0109130029097403,0.5026632878351044,0.315,0.0,1.0,0.0,False,single_elimination,7,False
25,6,Jordan Fisher,percent,39.0,0.1625,0.1548288353485968,15.48288353485968,0.0049698943447103,0.4971942024479135,0.315,0.0,1.0,0.0,False,single_elimination,7,False
25,6,Lindsey Stirling,percent,40.0,0.1666666666666666,0.1545444157641768,15.454441576417675,0.0044067742077412,0.4791731741624664,0.315,0.0,1.0,0.0,False,single_elimination,7,False
25,6,Nick Lachey,percent,26.0,0.1083333333333333,0.0316465482957465,3.164654829574656,0.0012769564469675,0.0877766570645043,0.315,0.0,0.1773809523809524,0.0,False,single_elimination,7,True
25,6,Nikki Bella,percent,36.0,0.15,0.1603458777952621,16.034587779526213,0.0070466909027911,0.4845518614347232,0.315,0.0,1.0,0.0,False,single_elimination,7,False
25,6,Terrell Owens,percent,37.0,0.1541666666666666,0.1594526599377175,15.945265993771748,0.0068993576946034,0.4988605556401835,0.315,0.0,1.0,0.0,False,single_elimination,7,False
25,6,Victoria Arlen,percent,31.0,0.1291666666666666,0.172474685154802,17.247468515480197,0.0090569909333034,0.5109820011963668,0.315,0.0,1.0,0.0,False,single_elimination,7,False
25,7,Frankie Muniz,percent,30.0,0.1880877742946708,0.180026514081162,18.0026514081162,0.0077864008412607,0.5320816261412509,0.2326,0.0,1.0,0.0,False,single_elimination,6,False
25,7,Jordan Fisher,percent,27.0,0.1692789968652037,0.1919862637710991,19.198626377109903,0.0149491426043464,0.5589640433481051,0.2326,0.0,1.0,0.0,False,single_elimination,6,False
25,7,Lindsey Stirling,percent,25.5,0.1598746081504702,0.2030113758829956,20.30113758829956,0.0154643672981517,0.5539801680587562,0.2326,0.0,1.0,0.0,False,single_elimination,6,False
25,7,Nikki Bella,percent,24.0,0.1504702194357366,0.0328797149239256,3.287971492392564,0.001445632124688,0.0937041798646301,0.2326,0.0,0.1828631138975966,0.0,False,single_elimination,6,True
25,7,Terrell Owens,percent,24.5,0.1536050156739812,0.2041714896882221,20.417148968822207,0.0234240106995468,0.5607023534083871,0.2326,0.0,1.0,0.0,False,single_elimination,6,False
25,7,Victoria Arlen,percent,28.5,0.1786833855799373,0.1879246416525957,18.792464165259567,0.0096377651147163,0.5570719666573296,0.2326,0.0,1.0,0.0,False,single_elimination,6,False
25,8,Frankie Muniz,percent,26.5,0.1992481203007518,0.2377032425070323,23.770324250703226,0.0262769764298163,0.6226547147715789,0.2294,0.0,0.9887218045112782,0.0,False,single_elimination,5,False
25,8,Jordan Fisher,percent,30.0,0.225563909774436,0.2246734329450142,22.467343294501426,0.0166493693563888,0.619945802853809,0.2294,0.0,0.9887218045112782,0.0,False,single_elimination,5,False
25,8,Lindsey Stirling,percent,27.0,0.2030075187969924,0.2355692261978999,23.55692261978999,0.0203523690447956,0.6372863969640932,0.2294,0.0,0.9887218045112782,0.0,False,single_elimination,5,False
25,8,Terrell Owens,percent,25.5,0.1917293233082706,0.0423363408825821,4.233634088258211,0.0012254330427968,0.1235551997916754,0.2294,0.0,0.2082706766917293,0.0,False,single_elimination,5,True
25,8,Victoria Arlen,percent,24.0,0.1804511278195488,0.2597177574674715,25.97177574674715,0.0428512609639215,0.648525122311665,0.2294,0.0112781954887218,1.0,0.0,False,single_elimination,5,False
25,9,Frankie Muniz,percent,25.5,0.2297297297297297,0.3289506525224015,32.89506525224017,0.0684978132756645,0.7388059528954813,0.2402,0.0225225225225224,1.0,0.0,False,single_elimination,4,False
25,9,Jordan Fisher,percent,29.0,0.2612612612612612,0.3014942003119091,30.14942003119094,0.0331157160065105,0.7224573130054271,0.2402,0.0,0.9774774774774776,0.0,False,single_elimination,4,False
25,9,Lindsey Stirling,percent,28.5,0.2567567567567567,0.3083290225758113,30.83290225758116,0.040068837240858,0.734610390034071,0.2402,0.0,0.9774774774774776,0.0,False,single_elimination,4,False
25,9,Victoria Arlen,percent,28.0,0.2522522522522522,0.0612261245898772,6.12261245898773,0.0019043338653212,0.1755708448195643,0.2402,0.0,0.2477477477477478,0.0,False,single_elimination,4,True
25,10,Frankie Muniz,percent,38.8887,0.3271017346476157,0.335081410928877,33.5081410928877,0.0125011892814557,0.8475119131854454,1.0,0.0,1.0,0.0,False,no_elimination,3,False
25,10,Jordan Fisher,percent,40.0,0.3364491326761921,0.332461847658223,33.2461847658223,0.0125863081507709,0.8414475422136903,1.0,0.0,1.0,0.0,False,no_elimination,3,False
25,10,Lindsey Stirling,percent,40.0,0.3364491326761921,0.3324567414129,33.24567414129,0.0137111723521433,0.8403637450127276,1.0,0.0,1.0,0.0,False,no_elimination,3,False
26,1,Adam Rippon,percent,24.0,0.1142857142857142,0.1076683817831662,10.766838178316624,0.0075372196572818,0.332348736615487,0.0539,0.0,0.9904761904761904,0.0,False,multi_elimination_2,10,False
26,1,Arike Ogunbowale,percent,20.0,0.0952380952380952,0.1233829518183659,12.338295181836598,0.0141613977375292,0.3859386605450485,0.0539,0.0,0.9904761904761904,0.0,False,multi_elimination_2,10,False
26,1,Chris Mazdzer,percent,21.0,0.1,0.1116855876457542,11.16855876457542,0.0111120247856625,0.367216793957016,0.0539,0.0,0.9904761904761904,0.0,False,multi_elimination_2,10,False
26,1,Jamie Anderson,percent,19.0,0.0904761904761904,0.0187311444100863,1.873114441008635,0.0008807963342482,0.0517990590733394,0.0539,0.0,0.1222222222222221,0.0,False,multi_elimination_2,10,True
26,1,Jennie Finch Daigle,percent,21.0,0.1,0.1253369584672578,12.53369584672578,0.0136779166038106,0.3651685285244061,0.0539,0.0,0.9904761904761904,0.0,False,multi_elimination_2,10,False
26,1,Johnny Damon,percent,18.0,0.0857142857142857,0.0206169505045901,2.0616950504590155,0.0008193650661203,0.0540546037403593,0.0539,0.0,0.1264550264550264,0.0,False,multi_elimination_2,10,True
26,1,Josh Norman,percent,24.0,0.1142857142857142,0.1115039862593001,11.150398625930016,0.0066823911720053,0.3540160248956432,0.0539,0.0,0.9904761904761904,0.0,False,multi_elimination_2,10,False
26,1,Kareem Abdul-Jabbar,percent,17.0,0.0809523809523809,0.1430308596617983,14.303085966179838,0.0280301158977651,0.3704789880497314,0.0539,0.0095238095238095,1.0,0.0,False,multi_elimination_2,10,False
26,1,Mirai Nagasu,percent,23.0,0.1095238095238095,0.1169604326337384,11.696043263373843,0.0075242692694161,0.3443293413367074,0.0539,0.0,0.9904761904761904,0.0,False,multi_elimination_2,10,False
26,1,Tonya Harding,percent,23.0,0.1095238095238095,0.1210827468159422,12.108274681594226,0.0084381053068132,0.3514956005990844,0.0539,0.0,0.9904761904761904,0.0,False,multi_elimination_2,10,False
26,2,Adam Rippon,percent,37.0,0.1383177570093458,0.1484843553834871,14.848435538348712,0.0172493619644385,0.4034302820143836,0.043,0.0,0.9588785046728971,0.0,False,multi_elimination_2,8,False
26,2,Arike Ogunbowale,percent,35.0,0.1308411214953271,0.022244156364422,2.224415636442206,0.0006789113785188,0.0651446763194938,0.043,0.0,0.1391188251001335,0.0,False,multi_elimination_2,8,True
26,2,Chris Mazdzer,percent,33.0,0.1233644859813084,0.1571099125635632,15.710991256356325,0.0278939422624555,0.4354103510818316,0.043,0.0074766355140186,0.966355140186916,0.0,False,multi_elimination_2,8,False
26,2,Jennie Finch Daigle,percent,31.5,0.1177570093457943,0.1610802032790552,16.108020327905525,0.0342631967990527,0.423733325726033,0.043,0.0130841121495327,0.97196261682243,0.0,False,multi_elimination_2,8,False
26,2,Josh Norman,percent,31.5,0.1177570093457943,0.1613756571783231,16.137565717832317,0.0397071583143935,0.4133071270671062,0.043,0.0130841121495327,0.97196261682243,0.0,False,multi_elimination_2,8,False
26,2,Kareem Abdul-Jabbar,percent,29.5,0.1102803738317757,0.0300469532348725,3.0046953234872555,0.001474739172016,0.0805211143101852,0.043,0.0,0.1567423230974632,0.0,False,multi_elimination_2,8,True
26,2,Mirai Nagasu,percent,37.0,0.1383177570093458,0.1497219624389727,14.972196243897276,0.0158669796936085,0.4256040447335251,0.043,0.0,0.9588785046728971,0.0,False,multi_elimination_2,8,False
26,2,Tonya Harding,percent,33.0,0.1233644859813084,0.1699367995573038,16.993679955730386,0.0299481384500206,0.4549884098889789,0.043,0.0074766355140186,0.966355140186916,0.0,False,multi_elimination_2,8,False
26,3,Adam Rippon,percent,41.0,0.1943127962085308,0.2545365796936919,25.45365796936921,0.0595251655165996,0.5776436430518124,0.0724,0.0,1.0,0.0,False,multi_elimination_3,6,False
26,3,Chris Mazdzer,percent,33.0,0.1563981042654028,0.0693097574487929,6.9309757448793015,0.0033100291011396,0.173085247310225,0.0724,0.0,0.2677725118483411,0.0,False,multi_elimination_3,6,True
26,3,Jennie Finch Daigle,percent,29.0,0.1374407582938388,0.0692777867254706,6.927778672547066,0.0015777081788882,0.1834341417361488,0.0724,0.0,0.2819905213270143,0.0,False,multi_elimination_3,6,True
26,3,Josh Norman,percent,38.0,0.1800947867298578,0.2613871222812773,26.13871222812775,0.0588835925795941,0.6045572936377985,0.0724,0.0,1.0,0.0,False,multi_elimination_3,6,False
26,3,Mirai Nagasu,percent,35.0,0.1658767772511848,0.0670472617041771,6.70472617041772,0.0020217284145443,0.1690595942354454,0.0724,0.0,0.2606635071090047,0.0,False,multi_elimination_3,6,True
26,3,Tonya Harding,percent,35.0,0.1658767772511848,0.2784414921465893,27.84414921465895,0.0867192550834314,0.6095584664829158,0.0724,-0.0,1.0,0.0,False,multi_elimination_3,6,False
26,4,Adam Rippon,percent,29.0,0.3391812865497076,0.3343844137031939,33.438441370319374,0.0130828990681405,0.8476892282843964,1.0,0.0,1.0,0.0,False,no_elimination,3,False
26,4,Josh Norman,percent,28.5,0.3333333333333333,0.331593792634361,33.15937926343609,0.0130935158144875,0.83005977936143,1.0,0.0,1.0,0.0,False,no_elimination,3,False
26,4,Tonya Harding,percent,28.0,0.327485380116959,0.3340217936624455,33.40217936624453,0.0126154570534364,0.8333686267704044,1.0,0.0,1.0,0.0,False,no_elimination,3,False
27,1,Alexis Ren,percent,22.0,0.1023255813953488,0.0965004051631873,9.650040516318738,0.0040801347633359,0.3328884270296955,0.1444,0.0,0.983720930232558,0.0,False,single_elimination,11,False
27,1,Bobby Bones,percent,20.0,0.0930232558139534,0.0969306008663966,9.693060086639663,0.0052026264092741,0.3205843906110484,0.1444,0.0,0.983720930232558,0.0,False,single_elimination,11,False
27,1,Danelle Umstead,percent,18.0,0.0837209302325581,0.1035790628683193,10.357906286831934,0.0085094706992313,0.3240392653162657,0.1444,0.0,0.983720930232558,0.0,False,single_elimination,11,False
27,1,DeMarcus Ware,percent,23.0,0.1069767441860465,0.0937933077526322,9.379330775263227,0.0041408650193946,0.3243346637242169,0.1444,0.0,0.983720930232558,0.0,False,single_elimination,11,False
27,1,Joe Amabile,percent,14.0,0.0651162790697674,0.1176842127471654,11.768421274716548,0.0267425663904404,0.3255601386672965,0.1444,0.0162790697674418,1.0,0.0,False,single_elimination,11,False
27,1,John Schneider,percent,18.0,0.0837209302325581,0.0983139057808369,9.831390578083692,0.0079103847673679,0.3097244257398379,0.1444,0.0,0.983720930232558,0.0,False,single_elimination,11,False
27,1,Mary Lou Retton,percent,20.0,0.0930232558139534,0.0990809256772792,9.908092567727929,0.0046531354850771,0.3276164328768398,0.1444,0.0,0.983720930232558,0.0,False,single_elimination,11,False
27,1,Milo Manheim,percent,20.0,0.0930232558139534,0.0957723487096989,9.5772348709699,0.0042186320599577,0.3155501323632062,0.1444,0.0,0.983720930232558,0.0,False,single_elimination,11,False
27,1,Nancy McKeon,percent,19.5,0.0906976744186046,0.0951082696448133,9.510826964481332,0.0049413146083375,0.3031581939848167,0.1444,0.0,0.983720930232558,0.0,False,single_elimination,11,False
27,1,Nikki Glaser,percent,17.5,0.0813953488372093,0.0116165339331081,1.1616533933108175,0.0004080374839709,0.0328785639464898,0.1444,0.0,0.1004228329809725,0.0,False,single_elimination,11,True
27,1,Tinashe,percent,23.0,0.1069767441860465,0.0916204268565621,9.16204268565622,0.0023737622375027,0.318094003501936,0.1444,0.0,0.983720930232558,0.0,False,single_elimination,11,False
27,2,Alexis Ren,percent,24.5,0.1111111111111111,0.1028259803430058,10.282598034300584,0.0042070071193924,0.3379777109548207,0.1972,0.0,0.9954648526077098,0.0,False,single_elimination,10,False
27,2,Bobby Bones,percent,19.5,0.0884353741496598,0.1155153614538105,11.55153614538106,0.0096499521208793,0.3650442098312733,0.1972,0.0,0.9954648526077098,0.0,False,single_elimination,10,False
27,2,Danelle Umstead,percent,18.5,0.0839002267573696,0.0156171372095626,1.561713720956267,0.000619806390968,0.0443393392632397,0.1972,0.0,0.1160997732426303,0.0,False,single_elimination,10,True
27,2,DeMarcus Ware,percent,23.5,0.1065759637188208,0.1067459380345264,10.674593803452645,0.0044159719961067,0.3680213553022406,0.1972,0.0,0.9954648526077098,0.0,False,single_elimination,10,False
27,2,Joe Amabile,percent,17.5,0.0793650793650793,0.1239357286489336,12.39357286489337,0.0175375094138369,0.3674040392816043,0.1972,0.0045351473922902,1.0,0.0,False,single_elimination,10,False
27,2,John Schneider,percent,21.5,0.0975056689342403,0.1086842041260474,10.868420412604744,0.0047998796342993,0.3486982172493661,0.1972,0.0,0.9954648526077098,0.0,False,single_elimination,10,False
27,2,Mary Lou Retton,percent,23.0,0.1043083900226757,0.1075096455891217,10.750964558912171,0.0039804191393821,0.3521251495027627,0.1972,0.0,0.9954648526077098,0.0,False,single_elimination,10,False
27,2,Milo Manheim,percent,26.0,0.1179138321995464,0.1043957727094263,10.439577270942632,0.0023894094972311,0.3417457530727515,0.1972,0.0,0.9954648526077098,0.0,False,single_elimination,10,False
27,2,Nancy McKeon,percent,20.5,0.0929705215419501,0.1117254406732227,11.172544067322278,0.0081697423309751,0.3433781076100175,0.1972,0.0,0.9954648526077098,0.0,False,single_elimination,10,False
27,2,Tinashe,percent,26.0,0.1179138321995464,0.1030447912123425,10.304479121234255,0.0033336243077532,0.3430922002092886,0.1972,0.0,0.9954648526077098,0.0,False,single_elimination,10,False
27,3,Alexis Ren,percent,26.0,0.1214953271028037,0.120324713956521,12.032471395652108,0.0055365310042744,0.3655296861613277,0.1504,0.0,0.9766355140186916,0.0,False,single_elimination,9,False
27,3,Bobby Bones,percent,23.0,0.1074766355140186,0.1263046129378986,12.630461293789866,0.0109320329797556,0.3918019583831608,0.1504,0.0,0.9766355140186916,0.0,False,single_elimination,9,False
27,3,DeMarcus Ware,percent,26.0,0.1214953271028037,0.1170994528115808,11.70994528115809,0.0046430014380722,0.364084156385746,0.1504,0.0,0.9766355140186916,0.0,False,single_elimination,9,False
27,3,Joe Amabile,percent,18.0,0.0841121495327102,0.1414106967066407,14.141069670664075,0.0305354895128181,0.3874098371351528,0.1504,0.0186915887850467,0.9953271028037384,0.0,False,single_elimination,9,False
27,3,John Schneider,percent,21.0,0.0981308411214953,0.1283413429405294,12.834134294052946,0.0176579987870087,0.3766477393508693,0.1504,0.0046728971962616,0.9813084112149532,0.0,False,single_elimination,9,False
27,3,Mary Lou Retton,percent,24.0,0.1121495327102803,0.1182150223179938,11.821502231799386,0.0074819423255407,0.3729753396591568,0.1504,0.0,0.9766355140186916,0.0,False,single_elimination,9,False
27,3,Milo Manheim,percent,27.0,0.1261682242990654,0.1143139199143557,11.431391991435582,0.004637625720622,0.3576195513653459,0.1504,0.0,0.9766355140186916,0.0,False,single_elimination,9,False
27,3,Nancy McKeon,percent,22.0,0.102803738317757,0.0159701519580389,1.5970151958038907,0.0004621183679458,0.047001388518673,0.1504,0.0,0.1194184839044652,0.0,False,single_elimination,9,True
27,3,Tinashe,percent,27.0,0.1261682242990654,0.1180200864564405,11.80200864564406,0.0060622507267501,0.3728898850748983,0.1504,0.0,0.9766355140186916,0.0,False,single_elimination,9,False
27,4,Alexis Ren,percent,25.0,0.1358695652173913,0.1282396222966418,12.82396222966419,0.0163900509663931,0.3645983860964177,0.0448,0.0054347826086956,0.8586956521739131,0.0,False,single_elimination,8,False
27,4,Bobby Bones,percent,20.0,0.108695652173913,0.1448716516131294,14.487165161312948,0.0455720108932197,0.3666678401943021,0.0448,0.0326086956521739,0.8858695652173912,0.0,False,single_elimination,8,False
27,4,DeMarcus Ware,percent,22.0,0.1195652173913043,0.1440994812064155,14.409948120641564,0.0327878098904185,0.4119386279971093,0.0448,0.0217391304347825,0.875,0.0,False,single_elimination,8,False
27,4,Joe Amabile,percent,15.0,0.0815217391304347,0.184727644395284,18.47276443952841,0.0697378138440367,0.4085723071778205,0.0448,0.0597826086956521,0.9130434782608696,0.0,False,single_elimination,8,False
27,4,John Schneider,percent,21.0,0.1141304347826086,0.146023575835904,14.602357583590411,0.0382044569702889,0.374961885985187,0.0448,0.0271739130434782,0.8804347826086956,0.0,False,single_elimination,8,False
27,4,Mary Lou Retton,percent,26.0,0.1413043478260869,0.1236602204341979,12.3660220434198,0.011187803032291,0.3458069433024577,0.0448,0.0,0.8532608695652173,0.0,False,single_elimination,8,False
27,4,Milo Manheim,percent,29.0,0.1576086956521739,0.114703200071078,11.470320007107809,0.0036763177876209,0.3787732203545848,0.0448,0.0,0.8532608695652173,0.0,False,single_elimination,8,False
27,4,Tinashe,percent,26.0,0.1413043478260869,0.0136746041473487,1.3674604147348732,0.0005700139020256,0.0440152409279973,0.0448,0.0,0.108695652173913,0.0,False,single_elimination,8,True
27,5,Alexis Ren,percent,29.0,0.1715976331360946,0.1416615961999899,14.166159619999,0.0045244932991945,0.4585709642823494,1.0,0.0,1.0,0.0,False,no_elimination,7,False
27,5,Bobby Bones,percent,21.0,0.1242603550295858,0.1436800960131097,14.368009601310971,0.0035090814544212,0.461066060014851,1.0,0.0,1.0,0.0,False,no_elimination,7,False
27,5,DeMarcus Ware,percent,26.0,0.1538461538461538,0.1422640542678093,14.226405426780934,0.0044581972787084,0.4535461345767891,1.0,0.0,1.0,0.0,False,no_elimination,7,False
27,5,Joe Amabile,percent,17.0,0.1005917159763313,0.1438357680846629,14.383576808466298,0.0047663930921093,0.4582898612921918,1.0,0.0,1.0,0.0,False,no_elimination,7,False
27,5,John Schneider,percent,24.0,0.1420118343195266,0.1428538869312028,14.285388693120282,0.0042118157579671,0.4549681240450595,1.0,0.0,1.0,0.0,False,no_elimination,7,False
27,5,Mary Lou Retton,percent,25.0,0.1479289940828402,0.143893209860475,14.389320986047508,0.0041998533880677,0.455211449164929,1.0,0.0,1.0,0.0,False,no_elimination,7,False
27,5,Milo Manheim,percent,27.0,0.1597633136094674,0.14181138864275,14.181138864275002,0.0042236378554898,0.4600599711911276,1.0,0.0,1.0,0.0,False,no_elimination,7,False
27,6,Alexis Ren,percent,27.0,0.1588235294117647,0.1527492722660937,15.274927226609355,0.0083877408411446,0.451828736638924,0.1327,0.0,0.9470588235294118,0.0,False,single_elimination,7,False
27,6,Bobby Bones,percent,22.0,0.1294117647058823,0.1711417539710858,17.114175397108575,0.0320126744350801,0.4655992545738295,0.1327,0.0117647058823529,0.9588235294117649,0.0,False,single_elimination,7,False
27,6,DeMarcus Ware,percent,26.0,0.1529411764705882,0.1511399664648156,15.113996646481548,0.0090647448024196,0.4575320159461815,0.1327,0.0,0.9470588235294118,0.0,False,single_elimination,7,False
27,6,Joe Amabile,percent,22.0,0.1294117647058823,0.1708655880208749,17.08655880208748,0.0295527204820431,0.4518362444008874,0.1327,0.0117647058823529,0.9588235294117649,0.0,False,single_elimination,7,False
27,6,John Schneider,percent,19.0,0.1117647058823529,0.1863841406448959,18.638414064489574,0.0484896425098346,0.4687725964990422,0.1327,0.0294117647058823,0.9764705882352942,0.0,False,single_elimination,7,False
27,6,Mary Lou Retton,percent,24.0,0.1411764705882353,0.0223748951666828,2.23748951666828,0.0007708377339786,0.0673976131005403,0.1327,0.0,0.1445378151260504,0.0,False,single_elimination,7,True
27,6,Milo Manheim,percent,30.0,0.1764705882352941,0.145344383465552,14.53443834655519,0.0059640432303394,0.4468383662858385,0.1327,0.0,0.9470588235294118,0.0,False,single_elimination,7,False
27,7,Alexis Ren,percent,27.5,0.171875,0.219978638261673,21.997863826167293,0.0470510988588644,0.548115182100652,0.0633,0.0,0.975,0.0,False,multi_elimination_2,6,False
27,7,Bobby Bones,percent,26.5,0.165625,0.2304979175251146,23.049791752511453,0.046891796838527,0.5276864771734175,0.0633,0.003125,0.978125,0.0,False,multi_elimination_2,6,False
27,7,DeMarcus Ware,percent,26.5,0.165625,0.0429660238609242,4.2966023860924265,0.0021142010066661,0.1123158425436686,0.0633,0.0,0.200625,0.0,False,multi_elimination_2,6,True
27,7,Joe Amabile,percent,23.5,0.146875,0.2406459921020897,24.064599210208964,0.0690281711991427,0.5526851120104013,0.0633,0.021875,0.996875,0.0,False,multi_elimination_2,6,False
27,7,John Schneider,percent,27.0,0.16875,0.0440706700482867,4.40706700482867,0.0017535416799519,0.1228301628370134,0.0633,0.0,0.198125,0.0,False,multi_elimination_2,6,True
27,7,Milo Manheim,percent,29.0,0.18125,0.2218407582019119,22.184075820191183,0.0411107269183757,0.540038716591954,0.0633,0.0,0.975,0.0,False,multi_elimination_2,6,False
27,8,Alexis Ren,percent,29.0,0.284313725490196,0.2876185921159877,28.76185921159877,0.0180780289945319,0.7227287816576484,0.3148,0.0,0.9950980392156864,0.0,False,single_elimination,4,False
27,8,Bobby Bones,percent,22.5,0.2205882352941176,0.3373074901608986,33.73074901608986,0.055192428516859,0.7744652700507979,0.3148,0.0049019607843137,1.0,0.0,False,single_elimination,4,False
27,8,Joe Amabile,percent,23.0,0.2254901960784313,0.0710505529663799,7.105055296637991,0.0029901074015881,0.1962745744506001,0.3148,0.0,0.2745098039215686,0.0,False,single_elimination,4,True
27,8,Milo Manheim,percent,27.5,0.2696078431372549,0.3040233647567338,30.40233647567338,0.0257992005686936,0.7528762165628985,0.3148,0.0,0.9950980392156864,0.0,False,single_elimination,4,False
27,9,Alexis Ren,percent,28.5,0.3333333333333333,0.3313807505230052,33.13807505230046,0.0119940540435536,0.8395828520791081,1.0,0.0,1.0,0.0,False,no_elimination,3,False
27,9,Bobby Bones,percent,27.0,0.3157894736842105,0.3313275737161076,33.132757371610694,0.014609672805682,0.8326035522680061,1.0,0.0,1.0,0.0,False,no_elimination,3,False
27,9,Milo Manheim,percent,30.0,0.3508771929824561,0.3372916757608891,33.72916757608885,0.0118515870652379,0.8377352078549501,1.0,0.0,1.0,0.0,False,no_elimination,3,False
28,1,Ally Brooke,rank,16.0,7.0,6.4822,8.34945864103857,1.0,12.0,1.0,1.0,12.0,0.0,False,no_elimination,12,False
28,1,Hannah Brown,rank,20.0,2.0,6.5165,8.318274863284673,1.0,12.0,1.0,1.0,12.0,0.0,False,no_elimination,12,False
28,1,James Van Der Beek,rank,21.0,1.0,6.4923,8.340264121973853,1.0,12.0,1.0,1.0,12.0,0.0,False,no_elimination,12,False
28,1,Karamo Brown,rank,17.0,5.0,6.4274,8.399522719859135,1.0,12.0,1.0,1.0,12.0,0.0,False,no_elimination,12,False
28,1,Kate Flannery,rank,15.0,9.0,6.5907,8.251213989108814,1.0,12.0,1.0,1.0,12.0,0.0,False,no_elimination,12,False
28,1,Kel Mitchell,rank,16.0,8.0,6.5359,8.30068898446788,1.0,12.0,1.0,1.0,12.0,0.0,False,no_elimination,12,False
28,1,Lamar Odom,rank,11.0,12.0,6.4703,8.360304795054766,1.0,12.0,1.0,1.0,12.0,0.0,False,no_elimination,12,False
28,1,Lauren Alaina,rank,19.0,3.0,6.5001,8.333170333924272,1.0,12.0,1.0,1.0,12.0,0.0,False,no_elimination,12,False
28,1,Mary Wilson,rank,17.0,6.0,6.5193,8.315734396435666,1.0,12.0,1.0,1.0,12.0,0.0,False,no_elimination,12,False
28,1,Ray Lewis,rank,15.0,10.0,6.5041,8.329534834672447,1.0,12.0,1.0,1.0,12.0,0.0,False,no_elimination,12,False
28,1,Sailor Brinkley-Cook,rank,18.0,4.0,6.4798,8.351644967316627,1.0,12.0,1.0,1.0,12.0,0.0,False,no_elimination,12,False
28,1,Sean Spicer,rank,12.0,11.0,6.4814,8.350187352863294,1.0,12.0,1.0,1.0,12.0,0.0,False,no_elimination,12,False
28,2,Ally Brooke,rank,20.0,3.0,6.526436781609196,8.245699473043622,1.0,12.0,0.174,10.0,12.0,0.0,False,single_elimination,12,False
28,2,Hannah Brown,rank,24.0,1.0,6.520114942528736,8.251388123713584,1.0,12.0,0.174,1.0,12.0,0.0,False,single_elimination,12,False
28,2,James Van Der Beek,rank,20.0,4.0,6.500574712643679,8.268996050021217,1.0,12.0,0.174,1.0,11.0,0.0,False,single_elimination,12,False
28,2,Karamo Brown,rank,19.0,6.0,6.433333333333334,8.329875651300165,1.0,12.0,0.174,1.0,9.0,0.0,False,single_elimination,12,False
28,2,Kate Flannery,rank,21.0,2.0,6.444827586206896,8.319437212001226,1.0,12.0,0.174,1.0,12.0,0.0,False,single_elimination,12,False
28,2,Kel Mitchell,rank,20.0,5.0,6.5120689655172415,8.258633900939454,1.0,12.0,0.174,1.0,10.0,0.0,False,single_elimination,12,False
28,2,Lamar Odom,rank,12.0,12.0,4.658045977011494,10.1099111013268,1.0,11.0,0.174,1.0,3.0,0.0,False,single_elimination,12,False
28,2,Lauren Alaina,rank,19.0,7.0,6.462643678160919,8.303283475978818,1.0,12.0,0.174,1.0,8.0,0.0,False,single_elimination,12,False
28,2,Mary Wilson,rank,15.0,10.0,9.993103448275862,5.649177561680457,7.0,12.0,0.174,3.0,12.0,0.0,False,single_elimination,12,True
28,2,Ray Lewis,rank,15.0,11.0,5.697126436781609,9.026475741146614,1.0,12.0,0.174,1.0,4.0,0.0,False,single_elimination,12,False
28,2,Sailor Brinkley-Cook,rank,18.0,8.0,6.423563218390805,8.338758621701915,1.0,12.0,0.174,1.0,7.0,0.0,False,single_elimination,12,False
28,2,Sean Spicer,rank,16.0,9.0,5.82816091954023,8.898363087146134,1.0,12.0,0.174,1.0,6.0,0.0,False,single_elimination,12,False
28,3,Ally Brooke,rank,24.0,1.0,5.4977,10.0030091817736,1.0,10.0,1.0,1.0,10.0,0.0,False,no_elimination,10,False
28,3,Hannah Brown,rank,21.0,5.0,5.4986,10.001808892690574,1.0,10.0,1.0,1.0,10.0,0.0,False,no_elimination,10,False
28,3,James Van Der Beek,rank,23.0,3.0,5.4852,10.01969476453312,1.0,10.0,1.0,1.0,10.0,0.0,False,no_elimination,10,False
28,3,Karamo Brown,rank,16.0,8.0,5.469,10.041360696006793,1.0,10.0,1.0,1.0,10.0,0.0,False,no_elimination,10,False
28,3,Kate Flannery,rank,24.0,2.0,5.5527,9.929922094631584,1.0,10.0,1.0,1.0,10.0,0.0,False,no_elimination,10,False
28,3,Kel Mitchell,rank,20.0,6.0,5.5217,9.971050713212849,1.0,10.0,1.0,1.0,10.0,0.0,False,no_elimination,10,False
28,3,Lamar Odom,rank,12.0,10.0,5.4588,10.05502623701493,1.0,10.0,1.0,1.0,10.0,0.0,False,no_elimination,10,False
28,3,Lauren Alaina,rank,20.0,7.0,5.4916,10.011148272022805,1.0,10.0,1.0,1.0,10.0,0.0,False,no_elimination,10,False
28,3,Sailor Brinkley-Cook,rank,23.0,4.0,5.5148,9.980228300912016,1.0,10.0,1.0,1.0,10.0,0.0,False,no_elimination,10,False
28,3,Sean Spicer,rank,15.0,9.0,5.5099,9.986750847201725,1.0,10.0,1.0,1.0,10.0,0.0,False,no_elimination,10,False
28,4,Ally Brooke,rank,32.0,1.0,5.485169052063887,9.978752698603603,1.0,10.0,0.4821,9.0,10.0,0.0,False,single_elimination,10,False
28,4,Hannah Brown,rank,32.0,2.0,5.469819539514623,9.999196143231613,1.0,10.0,0.4821,1.0,9.0,0.0,False,single_elimination,10,False
28,4,James Van Der Beek,rank,28.0,6.0,5.332503629952292,10.183955503885814,1.0,10.0,0.4821,1.0,5.0,0.0,False,single_elimination,10,False
28,4,Karamo Brown,rank,28.0,7.0,5.315079858950425,10.207642061655504,1.0,10.0,0.4821,1.0,4.0,0.0,False,single_elimination,10,False
28,4,Kate Flannery,rank,26.0,8.0,5.195187720389961,10.372128741101728,1.0,10.0,0.4821,1.0,3.0,0.0,False,single_elimination,10,False
28,4,Kel Mitchell,rank,32.0,3.0,5.492428956647999,9.969098066476633,1.0,10.0,0.4821,1.0,8.0,0.0,False,single_elimination,10,False
28,4,Lamar Odom,rank,20.0,10.0,7.429578925534122,7.699870054026949,4.0,10.0,0.4821,1.0,10.0,0.0,False,single_elimination,10,True
28,4,Lauren Alaina,rank,32.0,4.0,5.430823480605683,10.051322105182898,1.0,10.0,0.4821,1.0,7.0,0.0,False,single_elimination,10,False
28,4,Sailor Brinkley-Cook,rank,31.0,5.0,5.333748185023854,10.182265711629537,1.0,10.0,0.4821,1.0,6.0,0.0,False,single_elimination,10,False
28,4,Sean Spicer,rank,21.0,9.0,4.515660651317154,11.35576891420572,1.0,10.0,0.4821,1.0,2.0,0.0,False,single_elimination,10,False
28,5,Ally Brooke,rank,27.0,1.0,5.0597,11.011933460943956,1.0,9.0,1.0,1.0,9.0,0.0,False,no_elimination,9,False
28,5,Hannah Brown,rank,25.0,4.0,5.0056,11.101658869432708,1.0,9.0,1.0,1.0,9.0,0.0,False,no_elimination,9,False
28,5,James Van Der Beek,rank,26.0,2.0,4.9599,11.178022177187724,1.0,9.0,1.0,1.0,9.0,0.0,False,no_elimination,9,False
28,5,Karamo Brown,rank,21.0,8.0,5.0192,11.079034569970624,1.0,9.0,1.0,1.0,9.0,0.0,False,no_elimination,9,False
28,5,Kate Flannery,rank,24.0,5.0,5.0337,11.05496385617132,1.0,9.0,1.0,1.0,9.0,0.0,False,no_elimination,9,False
28,5,Kel Mitchell,rank,26.0,3.0,4.9662,11.167463935785076,1.0,9.0,1.0,1.0,9.0,0.0,False,no_elimination,9,False
28,5,Lauren Alaina,rank,23.0,7.0,4.9702,11.160765467165144,1.0,9.0,1.0,1.0,9.0,0.0,False,no_elimination,9,False
28,5,Sailor Brinkley-Cook,rank,24.0,6.0,4.9901,11.12750025527444,1.0,9.0,1.0,1.0,9.0,0.0,False,no_elimination,9,False
28,5,Sean Spicer,rank,19.0,9.0,4.9954,11.118657408069009,1.0,9.0,1.0,1.0,9.0,0.0,False,no_elimination,9,False
28,6,Ally Brooke,rank,25.0,6.0,4.076923076923077,12.35910630511586,1.0,8.0,0.0026,4.0,9.0,0.0,False,single_elimination,9,False
28,6,Hannah Brown,rank,24.0,8.0,2.8461538461538463,14.864986207804051,1.0,7.375,0.0026,1.0,4.0,0.0,False,single_elimination,9,False
28,6,James Van Der Beek,rank,27.0,1.0,5.576923076923077,9.868946834006293,1.0,8.0,0.0026,1.0,9.0,0.0,False,single_elimination,9,False
28,6,Karamo Brown,rank,25.0,7.0,4.115384615384615,12.288009054164196,1.0,8.0,0.0026,1.0,5.0,0.0,False,single_elimination,9,False
28,6,Kate Flannery,rank,27.0,2.0,5.807692307692308,9.533174416193066,1.625,8.0,0.0026,1.0,9.0,0.0,False,single_elimination,9,False
28,6,Kel Mitchell,rank,26.0,4.0,5.807692307692308,9.533174416193066,2.25,7.375,0.0026,1.0,8.0,0.0,False,single_elimination,9,False
28,6,Lauren Alaina,rank,26.0,5.0,4.730769230769231,11.204508264510068,1.0,8.0,0.0026,1.0,7.0,0.0,False,single_elimination,9,False
28,6,Sailor Brinkley-Cook,rank,27.0,3.0,9.0,5.905780432117445,9.0,9.0,0.0026,7.0,9.0,0.0,False,single_elimination,9,True
28,6,Sean Spicer,rank,21.0,9.0,3.0384615384615383,14.44231406989595,1.0,8.0,0.0026,1.0,3.0,0.0,False,single_elimination,9,False
28,7,Ally Brooke,rank,27.0,1.0,4.493848857644991,12.334739421411673,1.0,8.0,0.1138,8.0,8.0,0.0,False,single_elimination,8,False
28,7,Hannah Brown,rank,26.0,4.0,4.409490333919156,12.514413822963371,1.0,8.0,0.1138,3.0,5.0,0.0,False,single_elimination,8,False
28,7,James Van Der Beek,rank,27.0,2.0,4.536028119507908,12.245871919246948,1.0,8.0,0.1138,3.0,7.0,0.0,False,single_elimination,8,False
28,7,Karamo Brown,rank,24.5,6.0,6.806678383128295,8.297336528379768,5.0,8.0,0.1138,3.0,7.0,0.0,False,single_elimination,8,True
28,7,Kate Flannery,rank,24.0,7.0,4.07469244288225,13.25367682292567,1.0,8.0,0.1138,2.0,2.0,0.0,False,single_elimination,8,False
28,7,Kel Mitchell,rank,25.5,5.0,4.227592267135325,12.910792784905617,1.0,8.0,0.1138,3.0,4.0,0.0,False,single_elimination,8,False
28,7,Lauren Alaina,rank,27.0,3.0,4.579964850615114,12.153982367647084,1.0,8.0,0.1138,3.0,6.0,0.0,False,single_elimination,8,False
28,7,Sean Spicer,rank,21.0,8.0,2.8717047451669595,16.28918633251987,1.0,8.0,0.1138,1.0,1.0,0.0,False,single_elimination,8,False
28,8,Ally Brooke,rank,30.0,3.0,4.136061946902655,13.566504743546108,1.0,7.0,0.0904,5.0,7.0,0.0,False,single_elimination,7,False
28,8,Hannah Brown,rank,30.9998,2.0,4.086283185840708,13.702244075567476,1.0,7.0,0.0904,1.0,7.0,0.0,False,single_elimination,7,False
28,8,James Van Der Beek,rank,31.9998,1.0,4.054203539823009,13.79043932819442,1.0,7.0,0.0904,1.0,7.0,0.0,False,single_elimination,7,False
28,8,Kate Flannery,rank,25.9998,5.0,6.097345132743363,9.164590790824844,4.0,7.0,0.0904,3.0,7.0,0.0,False,single_elimination,7,True
28,8,Kel Mitchell,rank,29.9998,4.0,4.266592920353983,13.21691797394172,1.0,7.0,0.0904,1.0,6.0,0.0,False,single_elimination,7,False
28,8,Lauren Alaina,rank,24.0,6.0,3.268805309734513,16.136038647795843,1.0,7.0,0.0904,1.0,4.0,0.0,False,single_elimination,7,False
28,8,Sean Spicer,rank,20.0,7.0,2.09070796460177,20.423264440129604,1.0,6.0,0.0904,1.0,3.0,0.0,False,single_elimination,7,False
28,9,Ally Brooke,rank,40.0,1.0,3.542083796811272,16.472266110267565,1.0,6.0,0.8091,5.0,6.0,0.0,False,single_elimination,6,False
28,9,Hannah Brown,rank,35.5,4.0,3.2944011865035225,17.481128914981824,1.0,6.0,0.8091,1.0,3.0,0.0,False,single_elimination,6,False
28,9,James Van Der Beek,rank,36.0,3.0,3.390433815350389,17.082834355335734,1.0,6.0,0.8091,1.0,4.0,0.0,False,single_elimination,6,False
28,9,Kel Mitchell,rank,37.0,2.0,3.4518600914596465,16.8328412445597,1.0,6.0,0.8091,1.0,5.0,0.0,False,single_elimination,6,False
28,9,Lauren Alaina,rank,35.0,5.0,3.3147942157953283,17.39577958735286,1.0,6.0,0.8091,1.0,2.0,0.0,False,single_elimination,6,False
28,9,Sean Spicer,rank,25.0,6.0,4.0064268940798415,14.735149787502325,1.0,6.0,0.8091,1.0,6.0,0.0,False,single_elimination,6,True
28,10,Ally Brooke,rank,29.5,1.0,2.99548532731377,19.95542360673693,1.0,5.0,0.5316,4.0,5.0,0.0,False,single_elimination,5,False
28,10,Hannah Brown,rank,27.0,3.0,2.760722347629797,21.411536387031727,1.0,5.0,0.5316,1.0,3.0,0.0,False,single_elimination,5,False
28,10,James Van Der Beek,rank,25.5,5.0,3.554364183596689,16.87506872749223,1.0,5.0,0.5316,1.0,5.0,0.0,False,single_elimination,5,True
28,10,Kel Mitchell,rank,28.5,2.0,2.829194883370956,20.97619240401761,1.0,5.0,0.5316,1.0,4.0,0.0,False,single_elimination,5,False
28,10,Lauren Alaina,rank,27.0,4.0,2.8602332580887886,20.781778874721503,1.0,5.0,0.5316,1.0,2.0,0.0,False,single_elimination,5,False
28,11,Ally Brooke,rank,30.0,1.0,2.4885,25.115145561460444,1.0,4.0,1.0,1.0,4.0,0.0,False,no_elimination,4,False
28,11,Hannah Brown,rank,29.0,3.0,2.5045,24.95492189250417,1.0,4.0,1.0,1.0,4.0,0.0,False,no_elimination,4,False
28,11,Kel Mitchell,rank,29.5,2.0,2.509,24.910043435825862,1.0,4.0,1.0,1.0,4.0,0.0,False,no_elimination,4,False
28,11,Lauren Alaina,rank,28.5,4.0,2.498,25.019889110209505,1.0,4.0,1.0,1.0,4.0,0.0,False,no_elimination,4,False
29,1,AJ McLean,rank,18.0,5.0,7.4669,7.164671718672574,1.0,14.0,1.0,1.0,14.0,0.0,False,no_elimination,14,False
29,1,Anne Heche,rank,18.0,6.0,7.5043,7.139979714108143,1.0,14.0,1.0,1.0,14.0,0.0,False,no_elimination,14,False
29,1,Carole Baskin,rank,11.0,14.0,7.5085,7.137212135415054,1.0,14.0,1.0,1.0,14.0,0.0,False,no_elimination,14,False
29,1,Charles Oakley,rank,12.0,13.0,7.5052,7.139386571201246,1.0,14.0,1.0,1.0,14.0,0.0,False,no_elimination,14,False
29,1,Chrishell Stause,rank,13.0,12.0,7.5295,7.123390325050711,1.0,14.0,1.0,1.0,14.0,0.0,False,no_elimination,14,False
29,1,Jeannie Mai,rank,18.0,7.0,7.5388,7.117277792495642,1.0,14.0,1.0,1.0,14.0,0.0,False,no_elimination,14,False
29,1,Jesse Metcalfe,rank,18.0,8.0,7.4896,7.149674693534069,1.0,14.0,1.0,1.0,14.0,0.0,False,no_elimination,14,False
29,1,Johnny Weir,rank,18.0,9.0,7.4994,7.143209912322435,1.0,14.0,1.0,1.0,14.0,0.0,False,no_elimination,14,False
29,1,Justina Machado,rank,21.0,1.0,7.4994,7.143209912322435,1.0,14.0,1.0,1.0,14.0,0.0,False,no_elimination,14,False
29,1,Monica Aldama,rank,19.0,4.0,7.3975,7.210717037186422,1.0,14.0,1.0,1.0,14.0,0.0,False,no_elimination,14,False
29,1,Nelly,rank,16.0,11.0,7.503,7.140836563083745,1.0,14.0,1.0,1.0,14.0,0.0,False,no_elimination,14,False
29,1,Nev Schulman,rank,20.0,3.0,7.4966,7.145056395958147,1.0,14.0,1.0,1.0,14.0,0.0,False,no_elimination,14,False
29,1,Skai Jackson,rank,21.0,2.0,7.4883,7.15053270597701,1.0,14.0,1.0,1.0,14.0,0.0,False,no_elimination,14,False
29,1,Veron Davis,rank,17.0,10.0,7.573,7.094844522672372,1.0,14.0,1.0,1.0,14.0,0.0,False,no_elimination,14,False
29,2,AJ McLean,rank,19.0,4.0,7.484660033167496,7.11425950357929,1.0,14.0,0.2412,11.0,14.0,0.0,False,single_elimination,14,False
29,2,Anne Heche,rank,18.0,5.0,7.3988391376451075,7.170841986243788,1.0,14.0,0.2412,1.0,13.0,0.0,False,single_elimination,14,False
29,2,Carole Baskin,rank,16.0,11.0,6.795605306799336,7.581463101979785,1.0,14.0,0.2412,1.0,7.0,0.0,False,single_elimination,14,False
29,2,Charles Oakley,rank,15.0,13.0,11.498341625207296,4.911637873539717,8.0,14.0,0.2412,2.0,14.0,0.0,False,single_elimination,14,True
29,2,Chrishell Stause,rank,18.0,6.0,7.545605306799336,7.074349056631456,1.0,14.0,0.2412,1.0,12.0,0.0,False,single_elimination,14,False
29,2,Jeannie Mai,rank,18.0,7.0,7.403814262023217,7.1675495886954685,1.0,14.0,0.2412,1.0,11.0,0.0,False,single_elimination,14,False
29,2,Jesse Metcalfe,rank,20.0,3.0,7.453980099502488,7.1344355987354735,1.0,14.0,0.2412,1.0,14.0,0.0,False,single_elimination,14,False
29,2,Johnny Weir,rank,18.0,8.0,7.383499170812604,7.181003068875114,1.0,14.0,0.2412,1.0,10.0,0.0,False,single_elimination,14,False
29,2,Justina Machado,rank,21.0,1.0,7.473051409618574,7.12188698278855,1.0,14.0,0.2412,1.0,14.0,0.0,False,single_elimination,14,False
29,2,Monica Aldama,rank,16.0,12.0,6.773217247097844,7.597147079363661,1.0,14.0,0.2412,1.0,6.0,0.0,False,single_elimination,14,False
29,2,Nelly,rank,18.0,9.0,7.195273631840796,7.306860794319264,1.0,14.0,0.2412,1.0,9.0,0.0,False,single_elimination,14,False
29,2,Nev Schulman,rank,21.0,2.0,7.4150082918739635,7.16014722016467,1.0,14.0,0.2412,1.0,14.0,0.0,False,single_elimination,14,False
29,2,Skai Jackson,rank,15.0,14.0,5.981757877280265,8.172955391666063,1.0,14.0,0.2412,1.0,4.0,0.0,False,single_elimination,14,False
29,2,Veron Davis,rank,18.0,10.0,7.197346600331675,7.3054627534176975,1.0,14.0,0.2412,1.0,8.0,0.0,False,single_elimination,14,False
29,3,AJ McLean,rank,21.0,6.0,6.901841774801172,7.740069195637925,1.0,13.0,0.4778,7.0,13.0,0.0,False,single_elimination,13,False
29,3,Anne Heche,rank,15.0,12.0,6.109878610297195,8.3779809106828,1.0,13.0,0.4778,1.0,7.0,0.0,False,single_elimination,13,False
29,3,Carole Baskin,rank,12.0,13.0,9.931352030138132,5.717088098225501,6.0,13.0,0.4778,1.0,13.0,0.0,False,single_elimination,13,True
29,3,Chrishell Stause,rank,22.0,3.0,6.979280033486814,7.680362923429956,1.0,13.0,0.4778,1.0,13.0,0.0,False,single_elimination,13,False
29,3,Jeannie Mai,rank,22.0,4.0,6.974466303892842,7.684060932449017,1.0,13.0,0.4778,1.0,13.0,0.0,False,single_elimination,13,False
29,3,Jesse Metcalfe,rank,20.0,8.0,6.739640016743407,7.866638189454857,1.0,13.0,0.4778,1.0,11.0,0.0,False,single_elimination,13,False
29,3,Johnny Weir,rank,24.0,1.0,6.998325659271662,7.665749112492991,1.0,13.0,0.4778,1.0,13.0,0.0,False,single_elimination,13,False
29,3,Justina Machado,rank,19.0,9.0,6.753453327752197,7.855779259080164,1.0,13.0,0.4778,1.0,10.0,0.0,False,single_elimination,13,False
29,3,Monica Aldama,rank,21.0,7.0,6.856006697362913,7.77562729088438,1.0,13.0,0.4778,1.0,12.0,0.0,False,single_elimination,13,False
29,3,Nelly,rank,18.0,10.0,6.410632063624948,8.129761592257655,1.0,13.0,0.4778,1.0,9.0,0.0,False,single_elimination,13,False
29,3,Nev Schulman,rank,24.0,2.0,6.884470489744663,7.7535263755147135,1.0,13.0,0.4778,1.0,13.0,0.0,False,single_elimination,13,False
29,3,Skai Jackson,rank,18.0,11.0,6.467978233570531,8.083273945093396,1.0,13.0,0.4778,1.0,8.0,0.0,False,single_elimination,13,False
29,3,Veron Davis,rank,22.0,5.0,6.992674759313521,7.670082174796657,1.0,13.0,0.4778,1.0,13.0,0.0,False,single_elimination,13,False
29,4,AJ McLean,rank,24.0,2.0,6.566615620214395,8.199634372637913,1.0,12.0,0.1306,11.0,12.0,0.0,False,single_elimination,12,False
29,4,Anne Heche,rank,21.0,9.0,10.558192955589586,5.304973434136922,8.0,12.0,0.1306,4.0,12.0,0.0,False,single_elimination,12,True
29,4,Chrishell Stause,rank,22.0,7.0,6.235068912710567,8.501633285739898,1.0,12.0,0.1306,1.0,7.0,0.0,False,single_elimination,12,False
29,4,Jeannie Mai,rank,21.0,10.0,5.694486983154671,9.01807476345794,1.0,12.0,0.1306,1.0,4.0,0.0,False,single_elimination,12,False
29,4,Jesse Metcalfe,rank,21.0,11.0,5.280245022970903,9.434950217618152,1.0,12.0,0.1306,1.0,3.0,0.0,False,single_elimination,12,False
29,4,Johnny Weir,rank,24.0,3.0,6.434915773353752,8.31829096268868,1.0,12.0,0.1306,1.0,11.0,0.0,False,single_elimination,12,False
29,4,Justina Machado,rank,24.0,4.0,6.538284839203675,8.225015615816304,1.0,12.0,0.1306,1.0,10.0,0.0,False,single_elimination,12,False
29,4,Monica Aldama,rank,24.0,5.0,6.516845329249617,8.24427525388421,1.0,12.0,0.1306,1.0,9.0,0.0,False,single_elimination,12,False
29,4,Nelly,rank,21.0,12.0,5.483154670750383,9.228396482186458,1.0,12.0,0.1306,1.0,2.0,0.0,False,single_elimination,12,False
29,4,Nev Schulman,rank,24.0,6.0,6.437212863705972,8.316206729381634,1.0,12.0,0.1306,1.0,8.0,0.0,False,single_elimination,12,False
29,4,Skai Jackson,rank,28.0,1.0,6.33843797856049,8.406302069596332,1.0,12.0,0.1306,1.0,12.0,0.0,False,single_elimination,12,False
29,4,Veron Davis,rank,22.0,8.0,5.916539050535988,8.802246812855564,1.0,12.0,0.1306,1.0,6.0,0.0,False,single_elimination,12,False
29,5,AJ McLean,rank,24.0,4.0,5.946593461442475,9.11258586525924,1.0,11.0,0.4007,7.0,11.0,0.0,False,single_elimination,11,False
29,5,Chrishell Stause,rank,19.0,10.0,5.005490391814325,10.202052121583844,1.0,11.0,0.4007,1.0,5.0,0.0,False,single_elimination,11,False
29,5,Jeannie Mai,rank,24.0,5.0,6.01297728974295,9.040282832482424,1.0,11.0,0.4007,1.0,10.0,0.0,False,single_elimination,11,False
29,5,Jesse Metcalfe,rank,19.0,11.0,8.264786623409034,6.89966831842098,4.0,11.0,0.4007,1.0,11.0,0.0,False,single_elimination,11,True
29,5,Johnny Weir,rank,29.0,1.0,5.934863988020964,9.125421196285554,1.0,11.0,0.4007,1.0,11.0,0.0,False,single_elimination,11,False
29,5,Justina Machado,rank,24.0,6.0,5.919391065635138,9.142380568144876,1.0,11.0,0.4007,1.0,9.0,0.0,False,single_elimination,11,False
29,5,Monica Aldama,rank,26.0,2.0,5.94309957574245,9.116407266308958,1.0,11.0,0.4007,1.0,11.0,0.0,False,single_elimination,11,False
29,5,Nelly,rank,24.0,7.0,5.879211380084851,9.186567564889115,1.0,11.0,0.4007,1.0,8.0,0.0,False,single_elimination,11,False
29,5,Nev Schulman,rank,26.0,3.0,5.934115298228101,9.126241086280226,1.0,11.0,0.4007,1.0,11.0,0.0,False,single_elimination,11,False
29,5,Skai Jackson,rank,24.0,8.0,5.726977788869479,9.355930317487951,1.0,11.0,0.4007,1.0,7.0,0.0,False,single_elimination,11,False
29,5,Veron Davis,rank,21.0,9.0,5.4324931370102325,9.692462862856829,1.0,11.0,0.4007,1.0,6.0,0.0,False,single_elimination,11,False
29,6,AJ McLean,rank,27.0,1.0,5.379160063391442,10.089955456056206,1.0,10.0,0.2524,10.0,10.0,0.0,False,single_elimination,10,False
29,6,Chrishell Stause,rank,24.0,6.0,5.489302694136292,9.942860297815514,1.0,10.0,0.2524,2.0,5.0,0.0,False,single_elimination,10,False
29,6,Jeannie Mai,rank,25.0,5.0,5.503169572107765,9.924493758093718,1.0,10.0,0.2524,2.0,6.0,0.0,False,single_elimination,10,False
29,6,Johnny Weir,rank,22.0,8.0,5.295562599049128,10.203050541493376,1.0,10.0,0.2524,2.0,3.0,0.0,False,single_elimination,10,False
29,6,Justina Machado,rank,27.0,2.0,5.5229793977813,9.898314681343944,1.0,10.0,0.2524,2.0,9.0,0.0,False,single_elimination,10,False
29,6,Monica Aldama,rank,27.0,3.0,5.570522979397781,9.835766298156386,1.0,10.0,0.2524,2.0,8.0,0.0,False,single_elimination,10,False
29,6,Nelly,rank,24.0,7.0,5.520206022187005,9.9019755907556,1.0,10.0,0.2524,2.0,4.0,0.0,False,single_elimination,10,False
29,6,Nev Schulman,rank,26.0,4.0,5.560618066561014,9.84876453374201,1.0,10.0,0.2524,2.0,7.0,0.0,False,single_elimination,10,False
29,6,Skai Jackson,rank,18.0,10.0,3.574484944532488,12.834845397598931,1.0,10.0,0.2524,1.0,1.0,0.0,False,single_elimination,10,False
29,6,Veron Davis,rank,21.0,9.0,7.583993660855785,7.519973444944322,4.0,10.0,0.2524,2.0,9.0,0.0,False,single_elimination,10,True
29,7,AJ McLean,rank,26.0,5.0,4.7886928628708905,11.416990733052131,1.0,9.0,0.4988,4.0,9.0,0.0,False,single_elimination,9,False
29,7,Chrishell Stause,rank,26.0,6.0,4.620288692862871,11.709064512654487,1.0,9.0,0.4988,1.0,8.0,0.0,False,single_elimination,9,False
29,7,Jeannie Mai,rank,25.0,8.0,4.4627105052125104,11.989125308931593,1.0,9.0,0.4988,1.0,6.0,0.0,False,single_elimination,9,False
29,7,Johnny Weir,rank,27.0,2.0,4.947874899759422,11.14761256759219,1.0,9.0,0.4988,1.0,9.0,0.0,False,single_elimination,9,False
29,7,Justina Machado,rank,26.0,7.0,4.552125100240578,11.8293984292549,1.0,9.0,0.4988,1.0,7.0,0.0,False,single_elimination,9,False
29,7,Monica Aldama,rank,22.0,9.0,6.7886928628708905,8.457914760399344,3.0,9.0,0.4988,1.0,9.0,0.0,False,single_elimination,9,True
29,7,Nelly,rank,27.0,3.0,4.988773055332799,11.079434389585549,1.0,9.0,0.4988,1.0,9.0,0.0,False,single_elimination,9,False
29,7,Nev Schulman,rank,30.0,1.0,4.933239775461106,11.172111452904234,1.0,9.0,0.4988,1.0,9.0,0.0,False,single_elimination,9,False
29,7,Skai Jackson,rank,27.0,4.0,4.917602245388934,11.19834784562558,1.0,9.0,0.4988,1.0,9.0,0.0,False,single_elimination,9,False
29,8,AJ McLean,rank,27.0,4.0,3.894578313253012,14.364198623208305,1.0,7.0,0.1328,4.0,7.0,0.0,False,single_elimination,7,False
29,8,Chrishell Stause,rank,27.0,5.0,5.917168674698795,9.58520565153886,4.0,7.0,0.1328,3.0,7.0,0.0,False,single_elimination,7,True
29,8,Johnny Weir,rank,30.0,1.0,3.993222891566265,14.083585755664089,1.0,7.0,0.1328,1.0,7.0,0.0,False,single_elimination,7,False
29,8,Justina Machado,rank,28.9998,3.0,4.039156626506024,13.95479590232351,1.0,7.0,0.1328,1.0,7.0,0.0,False,single_elimination,7,False
29,8,Nelly,rank,24.0,7.0,2.6302710843373496,18.49684819809169,1.0,7.0,0.1328,1.0,4.0,0.0,False,single_elimination,7,False
29,8,Nev Schulman,rank,30.0,2.0,3.9457831325301207,14.21784605904256,1.0,7.0,0.1328,1.0,7.0,0.0,False,single_elimination,7,False
29,8,Skai Jackson,rank,26.9998,6.0,3.5798192771084336,15.297519810130986,1.0,7.0,0.1328,1.0,5.0,0.0,False,single_elimination,7,False
29,9,AJ McLean,rank,24.9998,5.0,4.884278644842025,11.805192320561115,3.0,6.0,0.2627,2.0,5.0,0.0,False,single_elimination,6,True
29,9,Johnny Weir,rank,30.0,1.0,3.4484202512371525,16.662246578875358,1.0,6.0,0.2627,6.0,6.0,0.0,False,single_elimination,6,False
29,9,Justina Machado,rank,25.9998,4.0,3.028549676437001,18.428795502290512,1.0,6.0,0.2627,2.0,3.0,0.0,False,single_elimination,6,False
29,9,Nelly,rank,24.0,6.0,2.6935668062428624,19.971580801699744,1.0,6.0,0.2627,1.0,1.0,0.0,False,single_elimination,6,False
29,9,Nev Schulman,rank,28.9998,2.0,3.4944803958888464,16.479069188453153,1.0,6.0,0.2627,2.0,5.0,0.0,False,single_elimination,6,False
29,9,Skai Jackson,rank,28.9998,3.0,3.4507042253521125,16.653115608120117,1.0,6.0,0.2627,2.0,4.0,0.0,False,single_elimination,6,False
29,10,Johnny Weir,rank,28.5,3.0,4.653281853281853,11.543644941664953,4.0,5.0,0.1295,3.0,5.0,0.0,False,multi_elimination_2,5,True
29,10,Justina Machado,rank,29.0,2.0,2.8154440154440152,20.03511362487335,1.0,5.0,0.1295,1.0,5.0,0.0,False,multi_elimination_2,5,False
29,10,Nelly,rank,28.0,5.0,1.2602316602316603,31.94610045712873,1.0,2.0,0.1295,1.0,3.0,0.0,False,multi_elimination_2,5,False
29,10,Nev Schulman,rank,30.0,1.0,2.923552123552124,19.395750253190783,1.0,5.0,0.1295,1.0,5.0,0.0,False,multi_elimination_2,5,False
29,10,Skai Jackson,rank,28.5,4.0,3.347490347490348,17.079390723142186,2.0,5.0,0.1295,2.0,5.0,0.0,False,multi_elimination_2,5,True
29,11,Justina Machado,rank,30.0,1.0,2.0035,33.263316887976565,1.0,3.0,1.0,1.0,3.0,0.0,False,no_elimination,3,False
29,11,Nelly,rank,28.5,3.0,2.0019,33.29526500483149,1.0,3.0,1.0,1.0,3.0,0.0,False,no_elimination,3,False
29,11,Nev Schulman,rank,30.0,2.0,1.9946,33.441418107191936,1.0,3.0,1.0,1.0,3.0,0.0,False,no_elimination,3,False
30,1,Amanda Kloots,rank,28.0,2.0,7.0217,7.675546814493179,1.0,13.0,1.0,1.0,13.0,0.0,False,no_elimination,13,False
30,1,Brian Austin Green,rank,24.0,7.0,6.9646,7.719499552450913,1.0,13.0,1.0,1.0,13.0,0.0,False,no_elimination,13,False
30,1,Cody Rigsby,rank,24.0,8.0,7.0398,7.66166664010617,1.0,13.0,1.0,1.0,13.0,0.0,False,no_elimination,13,False
30,1,Iman Shumpert,rank,21.0,12.0,6.971,7.714560653353637,1.0,13.0,1.0,1.0,13.0,0.0,False,no_elimination,13,False
30,1,Jimmie Allen,rank,22.0,11.0,7.0587,7.647199765659147,1.0,13.0,1.0,1.0,13.0,0.0,False,no_elimination,13,False
30,1,JoJo Siwa,rank,29.0,1.0,6.9673,7.717415568922188,1.0,13.0,1.0,1.0,13.0,0.0,False,no_elimination,13,False
30,1,Kenya Moore,rank,26.0,4.0,6.9407,7.737971221232797,1.0,13.0,1.0,1.0,13.0,0.0,False,no_elimination,13,False
30,1,Martin Kove,rank,13.0,13.0,6.979,7.708391472832186,1.0,13.0,1.0,1.0,13.0,0.0,False,no_elimination,13,False
30,1,Matt James,rank,24.0,9.0,6.9919,7.698454058842326,1.0,13.0,1.0,1.0,13.0,0.0,False,no_elimination,13,False
30,1,Melora Hardin,rank,26.0,5.0,7.1095,7.608450497322732,1.0,13.0,1.0,1.0,13.0,0.0,False,no_elimination,13,False
30,1,"Mike ""The Miz"" Mizanin",rank,24.0,10.0,7.0215,7.675700326964588,1.0,13.0,1.0,1.0,13.0,0.0,False,no_elimination,13,False
30,1,Olivia Jade,rank,25.0,6.0,6.9348,7.7425379713121245,1.0,13.0,1.0,1.0,13.0,0.0,False,no_elimination,13,False
30,1,Suni Lee,rank,28.0,3.0,6.9995,7.692605456508006,1.0,13.0,1.0,1.0,13.0,0.0,False,no_elimination,13,False
30,2,Amanda Kloots,rank,32.0,1.0,7.0026005201040205,7.662210266716044,1.0,13.0,0.4999,12.0,13.0,0.0,False,single_elimination,13,False
30,2,Brian Austin Green,rank,23.0,11.0,6.432286457291458,8.111898179886191,1.0,13.0,0.4999,1.0,3.0,0.0,False,single_elimination,13,False
30,2,Cody Rigsby,rank,24.0,9.0,6.65253050610122,7.935191522435611,1.0,13.0,0.4999,1.0,5.0,0.0,False,single_elimination,13,False
30,2,Iman Shumpert,rank,25.0,8.0,6.757351470294059,7.852448497584135,1.0,13.0,0.4999,1.0,6.0,0.0,False,single_elimination,13,False
30,2,Jimmie Allen,rank,27.0,4.0,6.921384276855371,7.724693248199775,1.0,13.0,0.4999,1.0,10.0,0.0,False,single_elimination,13,False
30,2,JoJo Siwa,rank,31.0,2.0,6.934786957391478,7.714347023521237,1.0,13.0,0.4999,1.0,12.0,0.0,False,single_elimination,13,False
30,2,Kenya Moore,rank,24.0,10.0,6.535107021404281,8.028918517039486,1.0,13.0,0.4999,1.0,4.0,0.0,False,single_elimination,13,False
30,2,Martin Kove,rank,15.0,13.0,9.980196039207842,5.689036699975291,6.0,13.0,0.4999,1.0,13.0,0.0,False,single_elimination,13,True
30,2,Matt James,rank,22.0,12.0,6.199639927985597,8.302831057518684,1.0,13.0,0.4999,1.0,2.0,0.0,False,single_elimination,13,False
30,2,Melora Hardin,rank,27.0,5.0,6.885777155431086,7.752247684840944,1.0,13.0,0.4999,1.0,9.0,0.0,False,single_elimination,13,False
30,2,"Mike ""The Miz"" Mizanin",rank,26.0,7.0,6.892178435687137,7.747286841793173,1.0,13.0,0.4999,1.0,7.0,0.0,False,single_elimination,13,False
30,2,Olivia Jade,rank,27.0,6.0,6.7785557111422285,7.835815617277135,1.0,13.0,0.4999,1.0,8.0,0.0,False,single_elimination,13,False
30,2,Suni Lee,rank,28.0,3.0,7.0276055211042205,7.643074843212292,1.0,13.0,0.4999,1.0,11.0,0.0,False,single_elimination,13,False
30,3,Amanda Kloots,rank,24.0,1.0,6.4773,8.353922117788668,1.0,12.0,1.0,1.0,12.0,0.0,False,no_elimination,12,False
30,3,Brian Austin Green,rank,19.0,10.0,6.5136,8.320906001258406,1.0,12.0,1.0,1.0,12.0,0.0,False,no_elimination,12,False
30,3,Cody Rigsby,rank,18.0,12.0,6.5124,8.321995354800157,1.0,12.0,1.0,1.0,12.0,0.0,False,no_elimination,12,False
30,3,Iman Shumpert,rank,19.0,11.0,6.428,8.39897206464713,1.0,12.0,1.0,1.0,12.0,0.0,False,no_elimination,12,False
30,3,Jimmie Allen,rank,20.0,8.0,6.5557,8.282777972172124,1.0,12.0,1.0,1.0,12.0,0.0,False,no_elimination,12,False
30,3,JoJo Siwa,rank,24.0,2.0,6.481,8.350550851471555,1.0,12.0,1.0,1.0,12.0,0.0,False,no_elimination,12,False
30,3,Kenya Moore,rank,21.0,6.0,6.5403,8.296704734370044,1.0,12.0,1.0,1.0,12.0,0.0,False,no_elimination,12,False
30,3,Matt James,rank,20.0,9.0,6.4585,8.371072833872903,1.0,12.0,1.0,1.0,12.0,0.0,False,no_elimination,12,False
30,3,Melora Hardin,rank,23.0,4.0,6.5087,8.325355092753957,1.0,12.0,1.0,1.0,12.0,0.0,False,no_elimination,12,False
30,3,"Mike ""The Miz"" Mizanin",rank,22.0,5.0,6.4538,8.375366011737453,1.0,12.0,1.0,1.0,12.0,0.0,False,no_elimination,12,False
30,3,Olivia Jade,rank,24.0,3.0,6.5422,8.294985231961508,1.0,12.0,1.0,1.0,12.0,0.0,False,no_elimination,12,False
30,3,Suni Lee,rank,21.0,7.0,6.5285,8.307391733166115,1.0,12.0,1.0,1.0,12.0,0.0,False,no_elimination,12,False
30,4,Amanda Kloots,rank,34.0,4.0,6.389626818469323,8.326392333379236,1.0,12.0,0.1581,1.0,12.0,0.0,False,multi_elimination_2,12,False
30,4,Brian Austin Green,rank,26.0,12.0,9.648956356736242,5.834957877520998,6.0,12.0,0.1581,1.0,12.0,0.0,False,multi_elimination_2,12,True
30,4,Cody Rigsby,rank,29.0,10.0,4.574320050600885,10.149898797218038,1.0,10.0,0.1581,1.0,12.0,0.0,False,multi_elimination_2,12,False
30,4,Iman Shumpert,rank,31.5,8.0,5.405439595192916,9.270118364381004,1.0,12.0,0.1581,1.0,12.0,0.0,False,multi_elimination_2,12,False
30,4,Jimmie Allen,rank,32.5,6.0,6.165085388994307,8.532869431170997,1.0,12.0,0.1581,1.0,12.0,0.0,False,multi_elimination_2,12,False
30,4,JoJo Siwa,rank,35.0,2.0,6.337760910815939,8.373637418295639,1.0,12.0,0.1581,1.0,12.0,0.0,False,multi_elimination_2,12,False
30,4,Kenya Moore,rank,29.5,9.0,5.15686274509804,9.524940007747256,1.0,11.0,0.1581,1.0,12.0,0.0,False,multi_elimination_2,12,False
30,4,Matt James,rank,28.5,11.0,9.687539531941807,5.810449724512016,6.0,12.0,0.1581,1.0,12.0,0.0,False,multi_elimination_2,12,True
30,4,Melora Hardin,rank,36.5,1.0,6.444655281467425,8.276557855938146,1.0,12.0,0.1581,1.0,12.0,0.0,False,multi_elimination_2,12,False
30,4,"Mike ""The Miz"" Mizanin",rank,32.5,7.0,5.629348513598988,9.046425619968232,1.0,12.0,0.1581,1.0,12.0,0.0,False,multi_elimination_2,12,False
30,4,Olivia Jade,rank,35.0,3.0,6.379506641366224,8.33558990759961,1.0,12.0,0.1581,1.0,12.0,0.0,False,multi_elimination_2,12,False
30,4,Suni Lee,rank,34.0,5.0,6.1808981657179,8.518162662268832,1.0,12.0,0.1581,1.0,12.0,0.0,False,multi_elimination_2,12,False
30,5,Amanda Kloots,rank,39.0,2.0,5.4736,10.035202545772735,1.0,10.0,1.0,1.0,10.0,0.0,False,no_elimination,10,False
30,5,Cody Rigsby,rank,32.0,8.0,5.4838,10.021563946660043,1.0,10.0,1.0,1.0,10.0,0.0,False,no_elimination,10,False
30,5,Iman Shumpert,rank,28.0,10.0,5.4865,10.01795683295867,1.0,10.0,1.0,1.0,10.0,0.0,False,no_elimination,10,False
30,5,Jimmie Allen,rank,34.0,7.0,5.5129,9.98275561539599,1.0,10.0,1.0,1.0,10.0,0.0,False,no_elimination,10,False
30,5,JoJo Siwa,rank,40.0,1.0,5.4992,10.00100744725145,1.0,10.0,1.0,1.0,10.0,0.0,False,no_elimination,10,False
30,5,Kenya Moore,rank,36.0,3.0,5.5102,9.986350054377729,1.0,10.0,1.0,1.0,10.0,0.0,False,no_elimination,10,False
30,5,Melora Hardin,rank,36.0,4.0,5.4795,10.027311290737332,1.0,10.0,1.0,1.0,10.0,0.0,False,no_elimination,10,False
30,5,"Mike ""The Miz"" Mizanin",rank,32.0,9.0,5.4973,10.003541356753074,1.0,10.0,1.0,1.0,10.0,0.0,False,no_elimination,10,False
30,5,Olivia Jade,rank,36.0,5.0,5.5686,9.908891638094016,1.0,10.0,1.0,1.0,10.0,0.0,False,no_elimination,10,False
30,5,Suni Lee,rank,36.0,6.0,5.4884,10.015419271998946,1.0,10.0,1.0,1.0,10.0,0.0,False,no_elimination,10,False
30,6,Amanda Kloots,rank,38.0,3.0,5.454289732770746,10.014962194358242,1.0,10.0,0.4266,7.0,10.0,0.0,False,single_elimination,10,False
30,6,Cody Rigsby,rank,36.0,5.0,5.3928738865447725,10.097309212066335,1.0,10.0,0.4266,1.0,8.0,0.0,False,single_elimination,10,False
30,6,Iman Shumpert,rank,40.0,1.0,5.453352086263479,10.016214338537448,1.0,10.0,0.4266,1.0,10.0,0.0,False,single_elimination,10,False
30,6,Jimmie Allen,rank,38.0,4.0,5.437412095639944,10.037524758060224,1.0,10.0,0.4266,1.0,9.0,0.0,False,single_elimination,10,False
30,6,JoJo Siwa,rank,40.0,2.0,5.49648382559775,9.958777420985768,1.0,10.0,0.4266,1.0,10.0,0.0,False,single_elimination,10,False
30,6,Kenya Moore,rank,32.0,10.0,7.622128457571495,7.500990143051649,4.0,10.0,0.4266,1.0,10.0,0.0,False,single_elimination,10,True
30,6,Melora Hardin,rank,34.0,8.0,4.823488045007032,10.893726639734096,1.0,10.0,0.4266,1.0,5.0,0.0,False,single_elimination,10,False
30,6,"Mike ""The Miz"" Mizanin",rank,34.0,9.0,4.863103609939053,10.836336857071164,1.0,10.0,0.4266,1.0,4.0,0.0,False,single_elimination,10,False
30,6,Olivia Jade,rank,36.0,6.0,5.329582747304267,10.182879119154425,1.0,10.0,0.4266,1.0,7.0,0.0,False,single_elimination,10,False
30,6,Suni Lee,rank,36.0,7.0,5.127285513361462,10.461279316980656,1.0,10.0,0.4266,1.0,6.0,0.0,False,single_elimination,10,False
30,7,Amanda Kloots,rank,34.0,6.0,4.618485953248982,11.719517850104038,1.0,9.0,0.4663,3.0,9.0,0.0,False,single_elimination,9,False
30,7,Cody Rigsby,rank,36.0,5.0,4.847308599613982,11.324089233795531,1.0,9.0,0.4663,1.0,9.0,0.0,False,single_elimination,9,False
30,7,Iman Shumpert,rank,34.0,7.0,4.457216384301952,12.006474903665724,1.0,9.0,0.4663,1.0,8.0,0.0,False,single_elimination,9,False
30,7,Jimmie Allen,rank,38.0,3.0,4.979841303881622,11.101190353671718,1.0,9.0,0.4663,1.0,9.0,0.0,False,single_elimination,9,False
30,7,JoJo Siwa,rank,39.0,2.0,4.87025520051469,11.28517883338617,1.0,9.0,0.4663,1.0,9.0,0.0,False,single_elimination,9,False
30,7,Melora Hardin,rank,38.0,4.0,4.898563156766031,11.237361374017995,1.0,9.0,0.4663,1.0,9.0,0.0,False,single_elimination,9,False
30,7,"Mike ""The Miz"" Mizanin",rank,32.0,9.0,6.65601544070341,8.633294838054596,3.0,9.0,0.4663,1.0,9.0,0.0,False,single_elimination,9,True
30,7,Olivia Jade,rank,42.0,1.0,4.999356637357924,11.068741356058569,1.0,9.0,0.4663,1.0,9.0,0.0,False,single_elimination,9,False
30,7,Suni Lee,rank,34.0,8.0,4.672957323611409,11.624151257245677,1.0,9.0,0.4663,1.0,7.0,0.0,False,single_elimination,9,False
30,8,Amanda Kloots,rank,42.0,1.0,4.437745098039216,12.391626912884004,1.0,8.0,0.204,1.0,8.0,0.0,False,multi_elimination_2,8,False
30,8,Cody Rigsby,rank,38.0,5.0,3.556372549019608,14.41275289758342,1.0,7.0,0.204,1.0,8.0,0.0,False,multi_elimination_2,8,False
30,8,Iman Shumpert,rank,35.0,7.0,2.9872549019607844,15.88978512420873,1.0,6.0,0.204,1.0,7.0,0.0,False,multi_elimination_2,8,False
30,8,Jimmie Allen,rank,32.0,8.0,5.997058823529412,9.484985467189338,3.0,8.0,0.204,1.0,8.0,0.0,False,multi_elimination_2,8,True
30,8,JoJo Siwa,rank,41.0,4.0,3.849019607843137,13.707530663966695,1.0,8.0,0.204,1.0,8.0,0.0,False,multi_elimination_2,8,False
30,8,Melora Hardin,rank,42.0,2.0,4.333333333333333,12.615423532240532,1.0,8.0,0.204,1.0,8.0,0.0,False,multi_elimination_2,8,False
30,8,Olivia Jade,rank,36.0,6.0,6.758333333333334,8.324524103737634,4.0,8.0,0.204,2.0,8.0,0.0,False,multi_elimination_2,8,True
30,8,Suni Lee,rank,42.0,3.0,4.080882352941177,13.173371298189634,1.0,8.0,0.204,1.0,8.0,0.0,False,multi_elimination_2,8,False
30,9,Amanda Kloots,rank,39.5,2.0,3.373267326732673,16.658181288334145,1.0,6.0,0.202,1.0,6.0,0.0,False,multi_elimination_2,6,False
30,9,Cody Rigsby,rank,35.5,6.0,1.8074257425742573,24.2569565578878,1.0,4.0,0.202,1.0,4.0,0.0,False,multi_elimination_2,6,False
30,9,Iman Shumpert,rank,37.5,3.0,2.953960396039604,18.42180703449208,1.0,6.0,0.202,1.0,6.0,0.0,False,multi_elimination_2,6,False
30,9,JoJo Siwa,rank,40.0,1.0,3.412871287128713,16.500596205461576,1.0,6.0,0.202,1.0,6.0,0.0,False,multi_elimination_2,6,False
30,9,Melora Hardin,rank,36.0,5.0,4.379207920792079,13.08512019748764,2.0,6.0,0.202,2.0,6.0,0.0,False,multi_elimination_2,6,True
30,9,Suni Lee,rank,37.5,4.0,5.073267326732673,11.077338716336754,3.0,6.0,0.202,3.0,6.0,0.0,False,multi_elimination_2,6,True
30,10,Amanda Kloots,rank,39.0,3.0,2.5105,24.89494419289815,1.0,4.0,1.0,1.0,4.0,0.0,False,no_elimination,4,False
30,10,Cody Rigsby,rank,38.0,4.0,2.4944,25.055784984964024,1.0,4.0,1.0,1.0,4.0,0.0,False,no_elimination,4,False
30,10,Iman Shumpert,rank,40.0,1.0,2.5117,24.88299748712432,1.0,4.0,1.0,1.0,4.0,0.0,False,no_elimination,4,False
30,10,JoJo Siwa,rank,40.0,2.0,2.4834,25.166273335013496,1.0,4.0,1.0,1.0,4.0,0.0,False,no_elimination,4,False
31,1,Charli D'Amelio,rank,32.0,1.0,7.945468221135766,6.663545910090048,1.0,15.0,0.2659,15.0,15.0,0.0,False,single_elimination,15,False
31,1,Cheryl Ladd,rank,21.0,10.0,7.76720571643475,6.76614435213112,1.0,15.0,0.2659,2.0,6.0,0.0,False,single_elimination,15,False
31,1,Daniel Durant,rank,27.0,6.0,7.998495675065814,6.633327419061724,1.0,15.0,0.2659,2.0,10.0,0.0,False,single_elimination,15,False
31,1,Gabby Windey,rank,28.0,3.0,8.008649868371569,6.627556551744104,1.0,15.0,0.2659,2.0,13.0,0.0,False,single_elimination,15,False
31,1,Heidi D'Amelio,rank,24.0,8.0,7.9206468597217,6.677737997433721,1.0,15.0,0.2659,2.0,8.0,0.0,False,single_elimination,15,False
31,1,Jason Lewis,rank,18.0,14.0,12.223768333960136,4.6179012341615335,8.0,15.0,0.2659,2.0,14.0,0.0,False,single_elimination,15,True
31,1,Jordin Sparks,rank,26.0,7.0,7.959007145543437,6.655817488633938,1.0,15.0,0.2659,2.0,9.0,0.0,False,single_elimination,15,False
31,1,Joseph Baena,rank,23.0,9.0,7.966904851447913,6.651313382832146,1.0,15.0,0.2659,2.0,7.0,0.0,False,single_elimination,15,False
31,1,Sam Champion,rank,20.0,12.0,7.353140278300112,7.010596066589788,1.0,15.0,0.2659,2.0,4.0,0.0,False,single_elimination,15,False
31,1,Selma Blair,rank,28.0,4.0,8.008649868371569,6.627556551744104,1.0,15.0,0.2659,2.0,12.0,0.0,False,single_elimination,15,False
31,1,Shangela,rank,28.0,5.0,8.060172997367431,6.5983520194925065,1.0,15.0,0.2659,2.0,11.0,0.0,False,single_elimination,15,False
31,1,Teresa Giudice,rank,20.0,13.0,7.264385107183152,7.06413316558744,1.0,15.0,0.2659,2.0,3.0,0.0,False,single_elimination,15,False
31,1,Trevor Donovan,rank,21.0,11.0,7.590071455434374,6.869658126275352,1.0,15.0,0.2659,2.0,5.0,0.0,False,single_elimination,15,False
31,1,Vinny Guadagnino,rank,17.0,15.0,6.068446784505453,7.826687072530826,1.0,14.0,0.2659,1.0,1.0,0.0,False,single_elimination,15,False
31,1,Wayne Brady,rank,29.0,2.0,7.864986837156826,6.709672661691648,1.0,15.0,0.2659,2.0,14.0,0.0,False,single_elimination,15,False
31,2,Charli D'Amelio,rank,32.0,1.0,7.621189024390244,7.027312010737321,1.0,14.0,0.2624,14.0,14.0,0.0,False,single_elimination,14,False
31,2,Cheryl Ladd,rank,21.0,14.0,5.626905487804878,8.447681153394981,1.0,13.0,0.2624,1.0,1.0,0.0,False,single_elimination,14,False
31,2,Daniel Durant,rank,29.0,5.0,7.471798780487805,7.124888960849008,1.0,14.0,0.2624,2.0,10.0,0.0,False,single_elimination,14,False
31,2,Gabby Windey,rank,32.0,2.0,7.411966463414634,7.164348469067022,1.0,14.0,0.2624,2.0,13.0,0.0,False,single_elimination,14,False
31,2,Heidi D'Amelio,rank,28.0,6.0,7.520198170731708,7.093128550076262,1.0,14.0,0.2624,2.0,9.0,0.0,False,single_elimination,14,False
31,2,Jordin Sparks,rank,27.0,9.0,7.3498475609756095,7.205547224584061,1.0,14.0,0.2624,2.0,6.0,0.0,False,single_elimination,14,False
31,2,Joseph Baena,rank,24.0,12.0,6.686356707317073,7.660647320745772,1.0,14.0,0.2624,2.0,3.0,0.0,False,single_elimination,14,False
31,2,Sam Champion,rank,26.0,11.0,7.368140243902439,7.193390525807078,1.0,14.0,0.2624,2.0,4.0,0.0,False,single_elimination,14,False
31,2,Selma Blair,rank,28.0,7.0,7.386432926829267,7.181254336967862,1.0,14.0,0.2624,2.0,8.0,0.0,False,single_elimination,14,False
31,2,Shangela,rank,28.0,8.0,7.357469512195122,7.200479438677983,1.0,14.0,0.2624,2.0,7.0,0.0,False,single_elimination,14,False
31,2,Teresa Giudice,rank,23.0,13.0,11.204268292682928,5.048335042196427,7.0,14.0,0.2624,2.0,13.0,0.0,False,single_elimination,14,True
31,2,Trevor Donovan,rank,30.0,4.0,7.385289634146342,7.182012248548242,1.0,14.0,0.2624,2.0,11.0,0.0,False,single_elimination,14,False
31,2,Vinny Guadagnino,rank,27.0,10.0,7.249618902439025,7.272521395898821,1.0,14.0,0.2624,2.0,5.0,0.0,False,single_elimination,14,False
31,2,Wayne Brady,rank,32.0,3.0,7.360518292682927,7.198453322449169,1.0,14.0,0.2624,2.0,12.0,0.0,False,single_elimination,14,False
31,3,Charli D'Amelio,rank,33.0,1.0,6.900036483035389,7.725810842752094,1.0,13.0,0.2741,13.0,13.0,0.0,False,single_elimination,13,False
31,3,Cheryl Ladd,rank,24.0,12.0,10.507843852608538,5.385908704798326,7.0,13.0,0.2741,2.0,12.0,0.0,False,single_elimination,13,True
31,3,Daniel Durant,rank,31.0,5.0,6.8547975191535935,7.760840786695325,1.0,13.0,0.2741,2.0,9.0,0.0,False,single_elimination,13,False
31,3,Gabby Windey,rank,33.0,2.0,7.01276906238599,7.6392048673153,1.0,13.0,0.2741,2.0,12.0,0.0,False,single_elimination,13,False
31,3,Heidi D'Amelio,rank,32.0,4.0,6.937614009485589,7.6968336353099795,1.0,13.0,0.2741,2.0,10.0,0.0,False,single_elimination,13,False
31,3,Jordin Sparks,rank,29.0,7.0,6.979934330536301,7.664329216642726,1.0,13.0,0.2741,2.0,7.0,0.0,False,single_elimination,13,False
31,3,Joseph Baena,rank,29.0,8.0,6.950747902225465,7.6867313321502015,1.0,13.0,0.2741,2.0,6.0,0.0,False,single_elimination,13,False
31,3,Sam Champion,rank,25.0,11.0,6.207953301714703,8.27943805938999,1.0,13.0,0.2741,2.0,3.0,0.0,False,single_elimination,13,False
31,3,Selma Blair,rank,28.0,9.0,6.739875957679679,7.850544035467745,1.0,13.0,0.2741,2.0,5.0,0.0,False,single_elimination,13,False
31,3,Shangela,rank,30.0,6.0,6.93031740240788,7.702451761801732,1.0,13.0,0.2741,2.0,8.0,0.0,False,single_elimination,13,False
31,3,Trevor Donovan,rank,27.0,10.0,6.629697190806275,7.937518619354406,1.0,13.0,0.2741,2.0,4.0,0.0,False,single_elimination,13,False
31,3,Vinny Guadagnino,rank,23.0,13.0,5.356804086099964,9.01500147644839,1.0,13.0,0.2741,1.0,1.0,0.0,False,single_elimination,13,False
31,3,Wayne Brady,rank,33.0,3.0,6.991608901860634,7.655386661873803,1.0,13.0,0.2741,2.0,11.0,0.0,False,single_elimination,13,False
31,4,Charli D'Amelio,rank,36.0,1.0,6.442821273681808,8.351501402782912,1.0,12.0,0.4381,11.0,12.0,0.0,False,single_elimination,12,False
31,4,Daniel Durant,rank,29.0,8.0,6.262953663547135,8.516992218551158,1.0,12.0,0.4381,1.0,5.0,0.0,False,single_elimination,12,False
31,4,Gabby Windey,rank,36.0,2.0,6.5222551928783385,8.279443971632631,1.0,12.0,0.4381,1.0,11.0,0.0,False,single_elimination,12,False
31,4,Heidi D'Amelio,rank,34.0,4.0,6.459255877653503,8.336541695187655,1.0,12.0,0.4381,1.0,9.0,0.0,False,single_elimination,12,False
31,4,Jordin Sparks,rank,34.0,5.0,6.449440766948185,8.345472738977604,1.0,12.0,0.4381,1.0,8.0,0.0,False,single_elimination,12,False
31,4,Joseph Baena,rank,28.0,10.0,5.84432777904588,8.914966831941094,1.0,12.0,0.4381,1.0,3.0,0.0,False,single_elimination,12,False
31,4,Sam Champion,rank,25.0,12.0,9.22483451266834,6.1653750989828255,5.0,12.0,0.4381,1.0,12.0,0.0,False,single_elimination,12,True
31,4,Selma Blair,rank,32.0,6.0,6.317050901620634,8.466877068353014,1.0,12.0,0.4381,1.0,7.0,0.0,False,single_elimination,12,False
31,4,Shangela,rank,32.0,7.0,6.282355626569276,8.498984406223407,1.0,12.0,0.4381,1.0,6.0,0.0,False,single_elimination,12,False
31,4,Trevor Donovan,rank,28.0,11.0,5.736361561287377,9.020589292261732,1.0,12.0,0.4381,1.0,2.0,0.0,False,single_elimination,12,False
31,4,Vinny Guadagnino,rank,29.0,9.0,5.978771969869893,8.785168411754608,1.0,12.0,0.4381,1.0,4.0,0.0,False,single_elimination,12,False
31,4,Wayne Brady,rank,36.0,3.0,6.479570874229628,8.318086863351365,1.0,12.0,0.4381,1.0,10.0,0.0,False,single_elimination,12,False
31,5,Charli D'Amelio,rank,42.0,1.0,6.076466221232368,8.920725981155234,1.0,11.0,0.1347,11.0,11.0,0.0,False,single_elimination,11,False
31,5,Daniel Durant,rank,33.5,10.0,5.042316258351893,10.099393038542738,1.0,11.0,0.1347,2.0,2.0,0.0,False,single_elimination,11,False
31,5,Gabby Windey,rank,41.0,2.0,6.03637713437268,8.963744222959061,1.0,11.0,0.1347,3.0,10.0,0.0,False,single_elimination,11,False
31,5,Heidi D'Amelio,rank,39.0,5.0,6.095025983667409,8.900880102850877,1.0,11.0,0.1347,3.0,7.0,0.0,False,single_elimination,11,False
31,5,Jordin Sparks,rank,35.5,8.0,5.690423162583519,9.3437016719036,1.0,11.0,0.1347,3.0,4.0,0.0,False,single_elimination,11,False
31,5,Joseph Baena,rank,35.0,9.0,9.18634001484781,6.142258301403278,6.0,11.0,0.1347,3.0,10.0,0.0,False,single_elimination,11,True
31,5,Selma Blair,rank,40.0,4.0,6.181143281365999,8.809371377282737,1.0,11.0,0.1347,3.0,8.0,0.0,False,single_elimination,11,False
31,5,Shangela,rank,38.5,6.0,6.054194506310319,8.944599453048522,1.0,11.0,0.1347,3.0,6.0,0.0,False,single_elimination,11,False
31,5,Trevor Donovan,rank,36.0,7.0,5.791388270230141,9.231178163843095,1.0,11.0,0.1347,3.0,5.0,0.0,False,single_elimination,11,False
31,5,Vinny Guadagnino,rank,31.0,11.0,3.900519673348181,11.58244879086249,1.0,10.0,0.1347,1.0,1.0,0.0,False,single_elimination,11,False
31,5,Wayne Brady,rank,41.0,3.0,5.945805493689681,9.06169889614837,1.0,11.0,0.1347,3.0,9.0,0.0,False,single_elimination,11,False
31,6,Charli D'Amelio,rank,40.0,1.0,4.9988,11.113076331474009,1.0,9.0,1.0,1.0,9.0,0.0,False,no_elimination,9,False
31,6,Daniel Durant,rank,34.0,5.0,5.0013,11.10890970914022,1.0,9.0,1.0,1.0,9.0,0.0,False,no_elimination,9,False
31,6,Gabby Windey,rank,37.0,2.0,4.9972,11.115743789875763,1.0,9.0,1.0,1.0,9.0,0.0,False,no_elimination,9,False
31,6,Heidi D'Amelio,rank,36.0,3.0,4.9768,11.149810060685216,1.0,9.0,1.0,1.0,9.0,0.0,False,no_elimination,9,False
31,6,Jordin Sparks,rank,34.0,6.0,5.0113,11.092258835853512,1.0,9.0,1.0,1.0,9.0,0.0,False,no_elimination,9,False
31,6,Shangela,rank,36.0,4.0,4.9829,11.139612650506308,1.0,9.0,1.0,1.0,9.0,0.0,False,no_elimination,9,False
31,6,Trevor Donovan,rank,34.0,7.0,5.0336,11.055217216693922,1.0,9.0,1.0,1.0,9.0,0.0,False,no_elimination,9,False
31,6,Vinny Guadagnino,rank,28.0,9.0,4.9846,11.136772411426302,1.0,9.0,1.0,1.0,9.0,0.0,False,no_elimination,9,False
31,6,Wayne Brady,rank,34.0,8.0,5.0135,11.088598994344744,1.0,9.0,1.0,1.0,9.0,0.0,False,no_elimination,9,False
31,7,Charli D'Amelio,rank,39.0,1.0,5.0442307692307695,10.942668560346624,1.0,9.0,0.208,9.0,9.0,0.0,False,single_elimination,9,False
31,7,Daniel Durant,rank,36.5,4.0,4.928365384615384,11.134512310340954,1.0,9.0,0.208,2.0,6.0,0.0,False,single_elimination,9,False
31,7,Gabby Windey,rank,35.5,6.0,4.773557692307692,11.396093892678609,1.0,9.0,0.208,2.0,4.0,0.0,False,single_elimination,9,False
31,7,Heidi D'Amelio,rank,35.0,7.0,4.720192307692308,11.487683522354269,1.0,9.0,0.208,2.0,3.0,0.0,False,single_elimination,9,False
31,7,Jordin Sparks,rank,34.5,8.0,7.147596153846154,7.981807475166411,4.0,9.0,0.208,2.0,8.0,0.0,False,single_elimination,9,True
31,7,Shangela,rank,36.5,5.0,5.073076923076923,10.895422763406604,1.0,9.0,0.208,2.0,5.0,0.0,False,single_elimination,9,False
31,7,Trevor Donovan,rank,39.0,2.0,4.9096153846153845,11.165872205394404,1.0,9.0,0.208,2.0,8.0,0.0,False,single_elimination,9,False
31,7,Vinny Guadagnino,rank,31.5,9.0,3.4399038461538463,13.919889722150437,1.0,9.0,0.208,1.0,1.0,0.0,False,single_elimination,9,False
31,7,Wayne Brady,rank,38.0,3.0,4.963461538461538,11.076049548161707,1.0,9.0,0.208,2.0,7.0,0.0,False,single_elimination,9,False
31,8,Charli D'Amelio,rank,45.0,1.0,4.381090909090909,12.569763426310407,1.0,8.0,0.275,1.0,8.0,0.0,False,multi_elimination_2,8,False
31,8,Daniel Durant,rank,39.0,5.0,3.711636363636364,14.098350973185395,1.0,8.0,0.275,1.0,8.0,0.0,False,multi_elimination_2,8,False
31,8,Gabby Windey,rank,40.0,4.0,4.084363636363636,13.2256977250725,1.0,8.0,0.275,1.0,8.0,0.0,False,multi_elimination_2,8,False
31,8,Heidi D'Amelio,rank,35.0,7.0,6.563272727272727,8.646943364567074,4.0,8.0,0.275,1.0,8.0,0.0,False,multi_elimination_2,8,True
31,8,Shangela,rank,42.0,3.0,4.273818181818182,12.803054974282787,1.0,8.0,0.275,1.0,8.0,0.0,False,multi_elimination_2,8,False
31,8,Trevor Donovan,rank,39.0,6.0,3.081090909090909,15.707704819075229,1.0,7.0,0.275,1.0,8.0,0.0,False,multi_elimination_2,8,False
31,8,Vinny Guadagnino,rank,29.0,8.0,5.630545454545454,10.146227830865971,2.0,8.0,0.275,1.0,8.0,0.0,False,multi_elimination_2,8,True
31,8,Wayne Brady,rank,45.0,2.0,4.274181818181818,12.802256886640633,1.0,8.0,0.275,1.0,8.0,0.0,False,multi_elimination_2,8,False
31,9,Charli D'Amelio,rank,40.0,1.0,3.4398285525881964,16.554811210410385,1.0,6.0,0.3033,1.0,6.0,0.0,False,multi_elimination_2,6,False
31,9,Daniel Durant,rank,34.5,5.0,5.017144741180349,11.337557441023597,3.0,6.0,0.3033,1.0,6.0,0.0,False,multi_elimination_2,6,True
31,9,Gabby Windey,rank,40.0,2.0,3.323112429937356,17.025098482318455,1.0,6.0,0.3033,1.0,6.0,0.0,False,multi_elimination_2,6,False
31,9,Shangela,rank,36.5,3.0,2.951862842070557,18.61166505579099,1.0,6.0,0.3033,1.0,6.0,0.0,False,multi_elimination_2,6,False
31,9,Trevor Donovan,rank,32.5,6.0,4.036927134849983,14.344593439446076,1.0,6.0,0.3033,1.0,6.0,0.0,False,multi_elimination_2,6,True
31,9,Wayne Brady,rank,36.5,4.0,2.2311242993735574,22.12627437101048,1.0,5.0,0.3033,1.0,6.0,0.0,False,multi_elimination_2,6,False
31,10,Charli D'Amelio,rank,40.0,1.0,2.4976,25.023871415125143,1.0,4.0,1.0,1.0,4.0,0.0,False,no_elimination,4,False
31,10,Gabby Windey,rank,40.0,2.0,2.497,25.02987786500993,1.0,4.0,1.0,1.0,4.0,0.0,False,no_elimination,4,False
31,10,Shangela,rank,38.0,3.0,2.5139,24.861246506803408,1.0,4.0,1.0,1.0,4.0,0.0,False,no_elimination,4,False
31,10,Wayne Brady,rank,38.0,4.0,2.4915,25.08500421306152,1.0,4.0,1.0,1.0,4.0,0.0,False,no_elimination,4,False
32,1,Adrian Peterson,rank,18.0,4.0,5.943718592964824,9.096701810615055,1.0,11.0,0.2985,8.0,11.0,0.0,False,single_elimination,11,False
32,1,Alyson Hannigan,rank,13.0,9.0,5.330653266331658,9.791158148017978,1.0,11.0,0.2985,1.0,6.0,0.0,False,single_elimination,11,False
32,1,Ariana Madix,rank,21.0,2.0,6.006030150753769,9.028935922968891,1.0,11.0,0.2985,1.0,11.0,0.0,False,single_elimination,11,False
32,1,Barry Williams,rank,16.0,7.0,5.804690117252932,9.249738922372304,1.0,11.0,0.2985,1.0,8.0,0.0,False,single_elimination,11,False
32,1,Charity Lawson,rank,22.0,1.0,6.061306532663316,8.969243686847408,1.0,11.0,0.2985,1.0,11.0,0.0,False,single_elimination,11,False
32,1,Jamie Lynn Spears,rank,15.0,8.0,5.691122278056952,9.376658540733404,1.0,11.0,0.2985,1.0,7.0,0.0,False,single_elimination,11,False
32,1,Jason Mraz,rank,21.0,3.0,5.982244556113903,9.054743769934165,1.0,11.0,0.2985,1.0,11.0,0.0,False,single_elimination,11,False
32,1,Matt Walsh,rank,12.0,10.0,8.751758793969849,6.494444280328046,5.0,11.0,0.2985,2.0,11.0,0.0,False,single_elimination,11,True
32,1,Mira Sorvino,rank,17.0,6.0,5.863986599664992,9.184155294036902,1.0,11.0,0.2985,1.0,9.0,0.0,False,single_elimination,11,False
32,1,Tyson Beckford,rank,12.0,11.0,4.6438860971524285,10.63224972223179,1.0,11.0,0.2985,1.0,4.0,0.0,False,single_elimination,11,False
32,1,Xochitl Gomez,rank,18.0,5.0,5.920603015075377,9.121969901914056,1.0,11.0,0.2985,1.0,10.0,0.0,False,single_elimination,11,False
32,2,Adrian Peterson,rank,15.0,9.0,4.443151771549445,11.412415736430964,1.0,10.0,0.1891,2.0,10.0,0.0,False,single_elimination,10,False
32,2,Alyson Hannigan,rank,19.0,5.0,5.471179270227393,9.9505868496095,1.0,10.0,0.1891,1.0,10.0,0.0,False,single_elimination,10,False
32,2,Ariana Madix,rank,20.0,4.0,5.604970914859862,9.774653359906695,1.0,10.0,0.1891,1.0,10.0,0.0,False,single_elimination,10,False
32,2,Barry Williams,rank,15.0,10.0,4.300898995240614,11.63094128607911,1.0,10.0,0.1891,1.0,8.0,0.0,False,single_elimination,10,False
32,2,Charity Lawson,rank,21.0,3.0,5.479640401903755,9.939367415994232,1.0,10.0,0.1891,1.0,10.0,0.0,False,single_elimination,10,False
32,2,Jamie Lynn Spears,rank,16.0,8.0,8.337387625594923,6.790132227519676,6.0,10.0,0.1891,3.0,10.0,0.0,False,single_elimination,10,True
32,2,Jason Mraz,rank,24.0,1.0,5.413537810682179,10.027356994518374,1.0,10.0,0.1891,1.0,10.0,0.0,False,single_elimination,10,False
32,2,Mira Sorvino,rank,18.0,6.0,5.279217345319936,10.208558658397218,1.0,10.0,0.1891,1.0,10.0,0.0,False,single_elimination,10,False
32,2,Tyson Beckford,rank,18.0,7.0,5.303014278159704,10.176219006525647,1.0,10.0,0.1891,1.0,10.0,0.0,False,single_elimination,10,False
32,2,Xochitl Gomez,rank,24.0,2.0,5.367001586462189,10.089768465018594,1.0,10.0,0.1891,1.0,10.0,0.0,False,single_elimination,10,False
32,3,Adrian Peterson,rank,22.0,8.0,4.262207632334838,12.351099137829095,1.0,9.0,0.4874,1.0,9.0,0.0,False,single_elimination,9,False
32,3,Alyson Hannigan,rank,24.0,7.0,4.584940500615511,11.767425083544682,1.0,9.0,0.4874,1.0,9.0,0.0,False,single_elimination,9,False
32,3,Ariana Madix,rank,34.0,1.0,4.95465736561346,11.132598410875508,1.0,9.0,0.4874,1.0,9.0,0.0,False,single_elimination,9,False
32,3,Barry Williams,rank,25.0,6.0,4.697373820270824,11.570631608872237,1.0,9.0,0.4874,1.0,9.0,0.0,False,single_elimination,9,False
32,3,Charity Lawson,rank,32.0,3.0,4.926754205990973,11.17929125913162,1.0,9.0,0.4874,1.0,9.0,0.0,False,single_elimination,9,False
32,3,Jason Mraz,rank,34.0,2.0,4.93660237997538,11.162789110033843,1.0,9.0,0.4874,1.0,9.0,0.0,False,single_elimination,9,False
32,3,Mira Sorvino,rank,26.0,5.0,4.871768567911366,11.271877622763451,1.0,9.0,0.4874,1.0,9.0,0.0,False,single_elimination,9,False
32,3,Tyson Beckford,rank,20.0,9.0,6.822938038572015,8.411800127805941,4.0,9.0,0.4874,1.0,9.0,0.0,False,single_elimination,9,True
32,3,Xochitl Gomez,rank,32.0,4.0,4.942757488715634,11.152487639143606,1.0,9.0,0.4874,1.0,9.0,0.0,False,single_elimination,9,False
32,4,Adrian Peterson,rank,21.0,5.0,7.220385674931129,7.696584543113512,5.0,8.0,0.0726,4.0,8.0,0.0,False,single_elimination,8,True
32,4,Alyson Hannigan,rank,18.0,7.0,3.43801652892562,14.719642170574554,1.0,8.0,0.0726,2.0,8.0,0.0,False,single_elimination,8,False
32,4,Ariana Madix,rank,25.0,2.0,4.528925619834711,12.208956441312052,1.0,8.0,0.0726,1.0,8.0,0.0,False,single_elimination,8,False
32,4,Barry Williams,rank,18.0,8.0,2.982093663911846,15.916256517171815,1.0,8.0,0.0726,1.0,5.0,0.0,False,single_elimination,8,False
32,4,Charity Lawson,rank,24.0,3.0,4.533057851239669,12.200310892440854,1.0,8.0,0.0726,1.0,8.0,0.0,False,single_elimination,8,False
32,4,Jason Mraz,rank,24.0,4.0,4.50137741046832,12.266750210291097,1.0,8.0,0.0726,1.0,8.0,0.0,False,single_elimination,8,False
32,4,Mira Sorvino,rank,21.0,6.0,4.166666666666667,12.9911889131602,1.0,8.0,0.0726,1.0,7.0,0.0,False,single_elimination,8,False
32,4,Xochitl Gomez,rank,27.0,1.0,4.629476584022038,12.000310311935902,1.0,8.0,0.0726,1.0,8.0,0.0,False,single_elimination,8,False
32,5,Alyson Hannigan,rank,21.0,7.0,2.925170068027211,17.54746417255674,1.0,7.0,0.3087,1.0,7.0,0.0,False,single_elimination,7,False
32,5,Ariana Madix,rank,24.0,4.0,3.868804664723032,14.529521258312558,1.0,7.0,0.3087,1.0,7.0,0.0,False,single_elimination,7,False
32,5,Barry Williams,rank,24.0,5.0,3.69290573372206,15.049764071215,1.0,7.0,0.3087,1.0,7.0,0.0,False,single_elimination,7,False
32,5,Charity Lawson,rank,28.0,1.0,3.917395529640428,14.38900474514515,1.0,7.0,0.3087,1.0,7.0,0.0,False,single_elimination,7,False
32,5,Jason Mraz,rank,27.0,3.0,4.04178814382896,14.035443834497094,1.0,7.0,0.3087,1.0,7.0,0.0,False,single_elimination,7,False
32,5,Mira Sorvino,rank,22.0,6.0,5.444444444444445,10.602126270897314,3.0,7.0,0.3087,1.0,7.0,0.0,False,single_elimination,7,True
32,5,Xochitl Gomez,rank,28.0,2.0,4.109491415613864,13.846675647376138,1.0,7.0,0.3087,1.0,7.0,0.0,False,single_elimination,7,False
32,6,Alyson Hannigan,rank,31.0,6.0,3.4936,16.692108239145416,1.0,6.0,1.0,1.0,6.0,0.0,False,no_elimination,6,False
32,6,Ariana Madix,rank,41.0,2.0,3.4854,16.724990653843257,1.0,6.0,1.0,1.0,6.0,0.0,False,no_elimination,6,False
32,6,Barry Williams,rank,32.0,5.0,3.5121,16.61815956610061,1.0,6.0,1.0,1.0,6.0,0.0,False,no_elimination,6,False
32,6,Charity Lawson,rank,38.0,4.0,3.527,16.55883915560087,1.0,6.0,1.0,1.0,6.0,0.0,False,no_elimination,6,False
32,6,Jason Mraz,rank,39.0,3.0,3.5125,16.61656429935629,1.0,6.0,1.0,1.0,6.0,0.0,False,no_elimination,6,False
32,6,Xochitl Gomez,rank,42.0,1.0,3.4694,16.78933808595356,1.0,6.0,1.0,1.0,6.0,0.0,False,no_elimination,6,False
32,7,Alyson Hannigan,rank,35.0,5.0,3.4841,16.730239347716154,1.0,6.0,1.0,1.0,6.0,0.0,False,no_elimination,6,False
32,7,Ariana Madix,rank,37.0,1.0,3.4956,16.684127550668148,1.0,6.0,1.0,1.0,6.0,0.0,False,no_elimination,6,False
32,7,Barry Williams,rank,32.5,6.0,3.4895,16.708571001642643,1.0,6.0,1.0,1.0,6.0,0.0,False,no_elimination,6,False
32,7,Charity Lawson,rank,36.0,3.0,3.4906,16.704160521107255,1.0,6.0,1.0,1.0,6.0,0.0,False,no_elimination,6,False
32,7,Jason Mraz,rank,36.0,4.0,3.5371,16.518778445711895,1.0,6.0,1.0,1.0,6.0,0.0,False,no_elimination,6,False
32,7,Xochitl Gomez,rank,37.0,2.0,3.5031,16.654123133153902,1.0,6.0,1.0,1.0,6.0,0.0,False,no_elimination,6,False
32,8,Alyson Hannigan,rank,36.0,4.0,3.338746053225079,17.11521050958849,1.0,6.0,0.2217,3.0,6.0,0.0,False,single_elimination,6,False
32,8,Ariana Madix,rank,42.0,1.0,3.4975191700496167,16.475295616758086,1.0,6.0,0.2217,1.0,6.0,0.0,False,single_elimination,6,False
32,8,Barry Williams,rank,35.0,5.0,4.724853405502932,12.27177373644714,3.0,6.0,0.2217,2.0,6.0,0.0,False,single_elimination,6,True
32,8,Charity Lawson,rank,39.0,3.0,3.4510599909788,16.66002648642137,1.0,6.0,0.2217,1.0,6.0,0.0,False,single_elimination,6,False
32,8,Jason Mraz,rank,33.0,6.0,2.4704555705908886,21.080686455629216,1.0,6.0,0.2217,1.0,4.0,0.0,False,single_elimination,6,False
32,8,Xochitl Gomez,rank,40.0,2.0,3.517365809652684,16.397007195155705,1.0,6.0,0.2217,1.0,6.0,0.0,False,single_elimination,6,False
32,9,Alyson Hannigan,rank,32.0,5.0,2.9933,20.040000635181045,1.0,5.0,1.0,1.0,5.0,0.0,False,no_elimination,5,False
32,9,Ariana Madix,rank,37.0,4.0,3.0265,19.8413929370388,1.0,5.0,1.0,1.0,5.0,0.0,False,no_elimination,5,False
32,9,Charity Lawson,rank,38.0,3.0,2.9953,20.02798024127872,1.0,5.0,1.0,1.0,5.0,0.0,False,no_elimination,5,False
32,9,Jason Mraz,rank,43.0,1.0,2.9775,20.13521571967091,1.0,5.0,1.0,1.0,5.0,0.0,False,no_elimination,5,False
32,9,Xochitl Gomez,rank,41.0,2.0,3.0074,19.95541046683054,1.0,5.0,1.0,1.0,5.0,0.0,False,no_elimination,5,False
32,10,Alyson Hannigan,rank,25.5,5.0,2.9923,20.046092418720825,1.0,5.0,1.0,1.0,5.0,0.0,False,no_elimination,5,False
32,10,Ariana Madix,rank,29.0,3.0,3.0249,19.850997205501315,1.0,5.0,1.0,1.0,5.0,0.0,False,no_elimination,5,False
32,10,Charity Lawson,rank,29.5,2.0,3.002,19.98784308366994,1.0,5.0,1.0,1.0,5.0,0.0,False,no_elimination,5,False
32,10,Jason Mraz,rank,28.5,4.0,2.9868,20.07919577396947,1.0,5.0,1.0,1.0,5.0,0.0,False,no_elimination,5,False
32,10,Xochitl Gomez,rank,30.0,1.0,2.994,20.035871518138464,1.0,5.0,1.0,1.0,5.0,0.0,False,no_elimination,5,False
32,11,Alyson Hannigan,rank,26.5,5.0,3.0157,19.90591946284808,1.0,5.0,1.0,1.0,5.0,0.0,False,no_elimination,5,False
32,11,Ariana Madix,rank,29.5,3.0,3.0013,19.992099048806807,1.0,5.0,1.0,1.0,5.0,0.0,False,no_elimination,5,False
32,11,Charity Lawson,rank,29.5,4.0,2.9926,20.04434658069369,1.0,5.0,1.0,1.0,5.0,0.0,False,no_elimination,5,False
32,11,Jason Mraz,rank,30.0,1.0,3.0057,19.965726887518077,1.0,5.0,1.0,1.0,5.0,0.0,False,no_elimination,5,False
32,11,Xochitl Gomez,rank,30.0,2.0,2.9847,20.091908020133356,1.0,5.0,1.0,1.0,5.0,0.0,False,no_elimination,5,False
33,1,Brooks Nader,rank,18.0,8.0,6.4784,8.352937158916662,1.0,12.0,1.0,1.0,12.0,0.0,False,no_elimination,12,False
33,1,Chandler Kinney,rank,23.0,1.0,6.5059,8.327915898097084,1.0,12.0,1.0,1.0,12.0,0.0,False,no_elimination,12,False
33,1,Danny Amendola,rank,20.0,5.0,6.5453,8.292197817791273,1.0,12.0,1.0,1.0,12.0,0.0,False,no_elimination,12,False
33,1,Dwight Howard ,rank,22.0,2.0,6.5596,8.279272073897095,1.0,12.0,1.0,1.0,12.0,0.0,False,no_elimination,12,False
33,1,Eric Roberts,rank,15.0,12.0,6.4578,8.371729594741923,1.0,12.0,1.0,1.0,12.0,0.0,False,no_elimination,12,False
33,1,Ilona Maher,rank,18.0,9.0,6.4656,8.364609043823512,1.0,12.0,1.0,1.0,12.0,0.0,False,no_elimination,12,False
33,1,Jenn Tran,rank,19.0,6.0,6.5086,8.3254633095406,1.0,12.0,1.0,1.0,12.0,0.0,False,no_elimination,12,False
33,1,Joey Graziadei,rank,21.0,3.0,6.4869,8.345195298059517,1.0,12.0,1.0,1.0,12.0,0.0,False,no_elimination,12,False
33,1,Phaedra Parks,rank,19.0,7.0,6.5458,8.291745528427395,1.0,12.0,1.0,1.0,12.0,0.0,False,no_elimination,12,False
33,1,Reginald VelJohnson,rank,16.0,11.0,6.5083,8.325735783707557,1.0,12.0,1.0,1.0,12.0,0.0,False,no_elimination,12,False
33,1,Stephen Nedoroscik,rank,21.0,4.0,6.4732,8.357676896594395,1.0,12.0,1.0,1.0,12.0,0.0,False,no_elimination,12,False
33,1,Tori Spelling,rank,17.0,10.0,6.4646,8.365521596402985,1.0,12.0,1.0,1.0,12.0,0.0,False,no_elimination,12,False
33,2,Brooks Nader,rank,20.0,8.0,6.636925795053004,8.141216532572034,1.0,12.0,0.1132,5.0,12.0,0.0,False,single_elimination,12,False
33,2,Chandler Kinney,rank,24.0,1.0,6.456713780918728,8.302852350681059,1.0,12.0,0.1132,1.0,12.0,0.0,False,single_elimination,12,False
33,2,Danny Amendola,rank,21.0,5.0,6.642226148409894,8.136510476067183,1.0,12.0,0.1132,1.0,12.0,0.0,False,single_elimination,12,False
33,2,Dwight Howard ,rank,22.0,2.0,6.4840989399293285,8.278084827220336,1.0,12.0,0.1132,1.0,12.0,0.0,False,single_elimination,12,False
33,2,Eric Roberts,rank,15.0,11.0,4.931978798586573,9.805405721367352,1.0,11.0,0.1132,1.0,9.0,0.0,False,single_elimination,12,False
33,2,Ilona Maher,rank,21.0,6.0,6.537985865724382,8.22956425089956,1.0,12.0,0.1132,1.0,12.0,0.0,False,single_elimination,12,False
33,2,Jenn Tran,rank,19.0,9.0,6.462897526501767,8.297253214740586,1.0,12.0,0.1132,1.0,11.0,0.0,False,single_elimination,12,False
33,2,Joey Graziadei,rank,22.0,3.0,6.71113074204947,8.075578721975562,1.0,12.0,0.1132,1.0,12.0,0.0,False,single_elimination,12,False
33,2,Phaedra Parks,rank,21.0,7.0,6.644876325088339,8.134158468044744,1.0,12.0,0.1132,1.0,12.0,0.0,False,single_elimination,12,False
33,2,Reginald VelJohnson,rank,15.0,12.0,4.242932862190813,10.570874022341084,1.0,11.0,0.1132,1.0,8.0,0.0,False,single_elimination,12,False
33,2,Stephen Nedoroscik,rank,22.0,4.0,6.628975265017668,8.148280721429837,1.0,12.0,0.1132,1.0,12.0,0.0,False,single_elimination,12,False
33,2,Tori Spelling,rank,19.0,10.0,9.619257950530036,5.880220692660679,6.0,12.0,0.1132,3.0,12.0,0.0,False,single_elimination,12,True
33,3,Brooks Nader,rank,30.5,5.0,5.736423841059603,9.24714529029255,1.0,11.0,0.151,1.0,11.0,0.0,False,multi_elimination_2,11,False
33,3,Chandler Kinney,rank,34.5,2.0,5.818543046357616,9.156468615160469,1.0,11.0,0.151,1.0,11.0,0.0,False,multi_elimination_2,11,False
33,3,Danny Amendola,rank,30.0,6.0,5.312582781456953,9.72962946511821,1.0,11.0,0.151,1.0,11.0,0.0,False,multi_elimination_2,11,False
33,3,Dwight Howard ,rank,26.0,9.0,4.144370860927152,11.193813327874608,1.0,9.0,0.151,1.0,11.0,0.0,False,multi_elimination_2,11,False
33,3,Eric Roberts,rank,23.0,10.0,9.164900662251656,6.128179158652794,6.0,11.0,0.151,1.0,11.0,0.0,False,multi_elimination_2,11,True
33,3,Ilona Maher,rank,28.0,7.0,5.164238410596027,9.904380542165416,1.0,11.0,0.151,1.0,11.0,0.0,False,multi_elimination_2,11,False
33,3,Jenn Tran,rank,31.0,3.0,5.902649006622516,9.064519772156348,1.0,11.0,0.151,1.0,11.0,0.0,False,multi_elimination_2,11,False
33,3,Joey Graziadei,rank,35.0,1.0,5.841721854304636,9.131035678566022,1.0,11.0,0.151,1.0,11.0,0.0,False,multi_elimination_2,11,False
33,3,Phaedra Parks,rank,28.0,8.0,4.464238410596026,10.772290452937035,1.0,10.0,0.151,1.0,11.0,0.0,False,multi_elimination_2,11,False
33,3,Reginald VelJohnson,rank,21.0,11.0,8.57682119205298,6.576266640856499,5.0,11.0,0.151,1.0,11.0,0.0,False,multi_elimination_2,11,True
33,3,Stephen Nedoroscik,rank,31.0,4.0,5.873509933774835,9.096271056220058,1.0,11.0,0.151,1.0,11.0,0.0,False,multi_elimination_2,11,False
33,4,Brooks Nader,rank,32.0,4.0,8.58974358974359,6.353857813872539,7.0,9.0,0.0351,6.0,9.0,0.0,False,single_elimination,9,True
33,4,Chandler Kinney,rank,32.0,5.0,4.481481481481482,11.767029075520387,1.0,8.0,0.0351,5.0,9.0,0.0,False,single_elimination,9,False
33,4,Danny Amendola,rank,36.0,1.0,5.433048433048433,10.201823019079171,1.0,9.0,0.0351,1.0,9.0,0.0,False,single_elimination,9,False
33,4,Dwight Howard ,rank,29.0,9.0,3.116809116809117,14.44000282521969,1.0,9.0,0.0351,1.0,4.0,0.0,False,single_elimination,9,False
33,4,Ilona Maher,rank,32.0,6.0,4.643874643874644,11.483859181739597,1.0,8.0,0.0351,1.0,7.0,0.0,False,single_elimination,9,False
33,4,Jenn Tran,rank,32.0,7.0,4.407407407407407,11.898502900556675,1.0,9.0,0.0351,1.0,6.0,0.0,False,single_elimination,9,False
33,4,Joey Graziadei,rank,36.0,2.0,5.2421652421652425,10.49814852133204,1.0,9.0,0.0351,1.0,9.0,0.0,False,single_elimination,9,False
33,4,Phaedra Parks,rank,32.0,8.0,4.162393162393163,12.343933431684995,1.0,9.0,0.0351,1.0,5.0,0.0,False,single_elimination,9,False
33,4,Stephen Nedoroscik,rank,33.0,3.0,4.923076923076923,11.012843230994909,1.0,8.0,0.0351,1.0,9.0,0.0,False,single_elimination,9,False
33,5,Chandler Kinney,rank,27.0,1.0,4.4565739787161,12.51533684885659,1.0,8.0,0.2913,8.0,8.0,0.0,False,single_elimination,8,False
33,5,Danny Amendola,rank,25.5,4.0,4.333333333333333,12.782560844067634,1.0,8.0,0.2913,2.0,5.0,0.0,False,single_elimination,8,False
33,5,Dwight Howard ,rank,24.0,6.0,3.9220734637830414,13.716280704014332,1.0,8.0,0.2913,2.0,3.0,0.0,False,single_elimination,8,False
33,5,Ilona Maher,rank,26.0,2.0,4.564366632337796,12.286192852014024,1.0,8.0,0.2913,2.0,7.0,0.0,False,single_elimination,8,False
33,5,Jenn Tran,rank,25.5,5.0,4.279780295228287,12.90045173187381,1.0,8.0,0.2913,2.0,4.0,0.0,False,single_elimination,8,False
33,5,Joey Graziadei,rank,26.0,3.0,4.373498111912118,12.69485022706438,1.0,8.0,0.2913,2.0,6.0,0.0,False,single_elimination,8,False
33,5,Phaedra Parks,rank,24.0,7.0,6.179196704428424,9.315205706333902,3.0,8.0,0.2913,2.0,7.0,0.0,False,single_elimination,8,True
33,5,Stephen Nedoroscik,rank,24.0,8.0,3.8911774802608994,13.78912108577533,1.0,8.0,0.2913,1.0,1.0,0.0,False,single_elimination,8,False
33,6,Chandler Kinney,rank,32.0,1.0,4.181578947368421,13.479979637933935,1.0,7.0,0.038,7.0,7.0,0.0,False,single_elimination,7,False
33,6,Danny Amendola,rank,28.0,5.0,3.85,14.404222379758258,1.0,7.0,0.038,3.0,3.0,0.0,False,single_elimination,7,False
33,6,Dwight Howard ,rank,31.0,3.0,3.934210526315789,14.163656454998865,1.0,7.0,0.038,4.0,5.0,0.0,False,single_elimination,7,False
33,6,Ilona Maher,rank,24.0,7.0,2.289473684210526,19.68046752267805,1.0,6.0,0.038,1.0,1.0,0.0,False,single_elimination,7,False
33,6,Jenn Tran,rank,31.0,4.0,6.2026315789473685,8.997934658643851,5.0,7.0,0.038,4.0,6.0,0.0,False,single_elimination,7,True
33,6,Joey Graziadei,rank,32.0,2.0,3.878947368421053,14.32107044856496,1.0,7.0,0.038,4.0,6.0,0.0,False,single_elimination,7,False
33,6,Stephen Nedoroscik,rank,28.0,6.0,3.663157894736842,14.95266889742207,1.0,7.0,0.038,2.0,2.0,0.0,False,single_elimination,7,False
33,7,Chandler Kinney,rank,30.0,1.0,3.510386332750922,16.54882992689479,1.0,6.0,0.5151,5.0,6.0,0.0,False,single_elimination,6,False
33,7,Danny Amendola,rank,25.5,5.0,3.114735002912056,18.197272481601576,1.0,6.0,0.5151,1.0,2.0,0.0,False,single_elimination,6,False
33,7,Dwight Howard ,rank,24.0,6.0,4.36963696369637,13.465020498485398,2.0,6.0,0.5151,1.0,6.0,0.0,False,single_elimination,6,True
33,7,Ilona Maher,rank,26.0,4.0,3.27218015919239,17.52248444535695,1.0,6.0,0.5151,1.0,3.0,0.0,False,single_elimination,6,False
33,7,Joey Graziadei,rank,27.5,2.0,3.444962143273151,16.810727184332357,1.0,6.0,0.5151,1.0,5.0,0.0,False,single_elimination,6,False
33,7,Stephen Nedoroscik,rank,27.0,3.0,3.2880993981751114,17.455665463328927,1.0,6.0,0.5151,1.0,4.0,0.0,False,single_elimination,6,False
33,8,Chandler Kinney,rank,29.0,1.0,2.9705,20.177272888593173,1.0,5.0,1.0,1.0,5.0,0.0,False,no_elimination,5,False
33,8,Danny Amendola,rank,27.0,4.0,2.9845,20.092706057120377,1.0,5.0,1.0,1.0,5.0,0.0,False,no_elimination,5,False
33,8,Ilona Maher,rank,28.5,3.0,3.0399,19.76152502018977,1.0,5.0,1.0,1.0,5.0,0.0,False,no_elimination,5,False
33,8,Joey Graziadei,rank,29.0,2.0,2.9951,20.02891273699636,1.0,5.0,1.0,1.0,5.0,0.0,False,no_elimination,5,False
33,8,Stephen Nedoroscik,rank,26.5,5.0,3.01,19.93958329710032,1.0,5.0,1.0,1.0,5.0,0.0,False,no_elimination,5,False
33,9,Chandler Kinney,rank,30.0,1.0,2.9843,20.09411297749082,1.0,5.0,1.0,1.0,5.0,0.0,False,no_elimination,5,False
33,9,Danny Amendola,rank,28.0,5.0,2.9906,20.0561709704544,1.0,5.0,1.0,1.0,5.0,0.0,False,no_elimination,5,False
33,9,Ilona Maher,rank,28.5,4.0,3.0349,19.79138783940824,1.0,5.0,1.0,1.0,5.0,0.0,False,no_elimination,5,False
33,9,Joey Graziadei,rank,29.5,2.0,2.9876,20.074229649514415,1.0,5.0,1.0,1.0,5.0,0.0,False,no_elimination,5,False
33,9,Stephen Nedoroscik,rank,29.5,3.0,3.0026,19.984098563132125,1.0,5.0,1.0,1.0,5.0,0.0,False,no_elimination,5,False
34,1,Alix Earle,rank,13.0,3.0,6.9797,7.707880276711608,1.0,13.0,1.0,1.0,13.0,0.0,False,no_elimination,13,False
34,1,Andy Richter,rank,9.0,12.0,6.9723,7.713586219054661,1.0,13.0,1.0,1.0,13.0,0.0,False,no_elimination,13,False
34,1,Baron Davis,rank,10.0,8.0,7.0293,7.669743847069366,1.0,13.0,1.0,1.0,13.0,0.0,False,no_elimination,13,False
34,1,Corey Feldman,rank,9.0,13.0,7.0298,7.669360369464032,1.0,13.0,1.0,1.0,13.0,0.0,False,no_elimination,13,False
34,1,Danielle Fishel,rank,12.0,5.0,7.0977,7.6174618075675635,1.0,13.0,1.0,1.0,13.0,0.0,False,no_elimination,13,False
34,1,Dylan Efron,rank,10.0,9.0,6.9971,7.6944802264546865,1.0,13.0,1.0,1.0,13.0,0.0,False,no_elimination,13,False
34,1,Elaine Hendrix,rank,12.0,6.0,6.9477,7.732585000073103,1.0,13.0,1.0,1.0,13.0,0.0,False,no_elimination,13,False
34,1,Hilaria Baldwin,rank,14.0,2.0,7.0088,7.685482949023396,1.0,13.0,1.0,1.0,13.0,0.0,False,no_elimination,13,False
34,1,Jen Affleck,rank,12.0,7.0,7.0386,7.662614301044354,1.0,13.0,1.0,1.0,13.0,0.0,False,no_elimination,13,False
34,1,Jordan Chiles,rank,10.0,10.0,6.9694,7.715823483445843,1.0,13.0,1.0,1.0,13.0,0.0,False,no_elimination,13,False
34,1,Lauren Jauregui,rank,13.0,4.0,6.9888,7.700869296139777,1.0,13.0,1.0,1.0,13.0,0.0,False,no_elimination,13,False
34,1,Scott Hoying,rank,10.0,11.0,6.9808,7.707032456512135,1.0,13.0,1.0,1.0,13.0,0.0,False,no_elimination,13,False
34,1,Whitney Leavitt,rank,15.0,1.0,6.96,7.7230797674394545,1.0,13.0,1.0,1.0,13.0,0.0,False,no_elimination,13,False
34,2,Alix Earle,rank,21.0,4.0,6.7407407407407405,7.774914442327854,1.0,13.0,0.0891,1.0,13.0,0.0,False,multi_elimination_2,13,False
34,2,Andy Richter,rank,16.0,12.0,4.749719416386083,9.487779349473042,1.0,10.0,0.0891,1.0,11.0,0.0,False,multi_elimination_2,13,False
34,2,Baron Davis,rank,18.0,10.0,11.5331088664422,4.8146610165878645,8.0,13.0,0.0891,3.0,13.0,0.0,False,multi_elimination_2,13,True
34,2,Corey Feldman,rank,15.0,13.0,10.18742985409652,5.508176047309243,6.0,13.0,0.0891,1.0,13.0,0.0,False,multi_elimination_2,13,True
34,2,Danielle Fishel,rank,19.0,9.0,5.6341189674523005,8.684715409704655,1.0,11.0,0.0891,1.0,13.0,0.0,False,multi_elimination_2,13,False
34,2,Dylan Efron,rank,20.0,8.0,5.787878787878788,8.552200763686498,1.0,12.0,0.0891,1.0,13.0,0.0,False,multi_elimination_2,13,False
34,2,Elaine Hendrix,rank,21.0,5.0,7.008978675645342,7.569133987510803,1.0,13.0,0.0891,1.0,13.0,0.0,False,multi_elimination_2,13,False
34,2,Hilaria Baldwin,rank,21.0,6.0,6.882154882154882,7.665739917751391,1.0,13.0,0.0891,1.0,13.0,0.0,False,multi_elimination_2,13,False
34,2,Jen Affleck,rank,22.0,1.0,6.878787878787879,7.668321409532942,1.0,13.0,0.0891,1.0,13.0,0.0,False,multi_elimination_2,13,False
34,2,Jordan Chiles,rank,22.0,2.0,7.02581369248036,7.556402057819758,1.0,13.0,0.0891,1.0,13.0,0.0,False,multi_elimination_2,13,False
34,2,Lauren Jauregui,rank,21.0,7.0,6.704826038159371,7.802888019373558,1.0,13.0,0.0891,1.0,13.0,0.0,False,multi_elimination_2,13,False
34,2,Scott Hoying,rank,18.0,11.0,5.107744107744108,9.154102295338491,1.0,11.0,0.0891,1.0,12.0,0.0,False,multi_elimination_2,13,False
34,2,Whitney Leavitt,rank,22.0,3.0,6.758698092031425,7.760965283583898,1.0,13.0,0.0891,1.0,13.0,0.0,False,multi_elimination_2,13,False
34,3,Alix Earle,rank,23.0,3.0,5.909743306651946,9.150744947033616,1.0,11.0,0.3623,8.0,11.0,0.0,False,single_elimination,11,False
34,3,Andy Richter,rank,18.0,10.0,5.022081148219708,10.179284766510472,1.0,11.0,0.3623,1.0,4.0,0.0,False,single_elimination,11,False
34,3,Danielle Fishel,rank,21.0,7.0,5.759315484405189,9.317428043536994,1.0,11.0,0.3623,1.0,7.0,0.0,False,single_elimination,11,False
34,3,Dylan Efron,rank,23.0,4.0,5.892906431134419,9.16925203125424,1.0,11.0,0.3623,1.0,10.0,0.0,False,single_elimination,11,False
34,3,Elaine Hendrix,rank,21.0,8.0,5.73281810654154,9.347101684346791,1.0,11.0,0.3623,1.0,6.0,0.0,False,single_elimination,11,False
34,3,Hilaria Baldwin,rank,22.0,5.0,5.956665746618824,9.099364702318516,1.0,11.0,0.3623,1.0,9.0,0.0,False,single_elimination,11,False
34,3,Jen Affleck,rank,19.0,9.0,5.432514490753519,9.690080649768593,1.0,11.0,0.3623,1.0,5.0,0.0,False,single_elimination,11,False
34,3,Jordan Chiles,rank,24.0,1.0,5.861992823626829,9.203329759116665,1.0,11.0,0.3623,1.0,11.0,0.0,False,single_elimination,11,False
34,3,Lauren Jauregui,rank,18.0,11.0,8.347778084460392,6.829634222520113,4.0,11.0,0.3623,1.0,11.0,0.0,False,single_elimination,11,True
34,3,Scott Hoying,rank,22.0,6.0,6.113165884626,8.930073107570156,1.0,11.0,0.3623,1.0,8.0,0.0,False,single_elimination,11,False
34,3,Whitney Leavitt,rank,24.0,2.0,5.971018492961634,9.083706086023843,1.0,11.0,0.3623,1.0,11.0,0.0,False,single_elimination,11,False
34,4,Alix Earle,rank,24.0,2.0,5.670673076923077,9.621208359256322,1.0,10.0,0.0416,9.0,10.0,0.0,False,single_elimination,10,False
34,4,Andy Richter,rank,18.0,10.0,3.451923076923077,12.933271786746658,1.0,9.0,0.0416,1.0,2.0,0.0,False,single_elimination,10,False
34,4,Danielle Fishel,rank,21.0,8.0,4.920673076923077,10.633079675396406,1.0,10.0,0.0416,1.0,4.0,0.0,False,single_elimination,10,False
34,4,Dylan Efron,rank,23.0,5.0,5.4735576923076925,9.877425660618568,1.0,10.0,0.0416,1.0,7.0,0.0,False,single_elimination,10,False
34,4,Elaine Hendrix,rank,24.0,3.0,5.557692307692308,9.767240387957088,1.0,10.0,0.0416,1.0,9.0,0.0,False,single_elimination,10,False
34,4,Hilaria Baldwin,rank,23.0,6.0,9.177884615384617,6.027556234778126,7.0,10.0,0.0416,5.0,10.0,0.0,False,single_elimination,10,True
34,4,Jen Affleck,rank,23.0,7.0,5.139423076923077,10.327427283340274,1.0,10.0,0.0416,1.0,5.0,0.0,False,single_elimination,10,False
34,4,Jordan Chiles,rank,24.0,4.0,5.6610576923076925,9.633551152124287,1.0,10.0,0.0416,1.0,8.0,0.0,False,single_elimination,10,False
34,4,Scott Hoying,rank,21.0,9.0,4.396634615384615,11.40260297790016,1.0,10.0,0.0416,1.0,3.0,0.0,False,single_elimination,10,False
34,4,Whitney Leavitt,rank,25.0,1.0,5.550480769230769,9.776636481882116,1.0,10.0,0.0416,1.0,10.0,0.0,False,single_elimination,10,False
34,5,Alix Earle,rank,35.0,2.0,4.9784,11.147130634934392,1.0,9.0,1.0,1.0,9.0,0.0,False,no_elimination,9,False
34,5,Andy Richter,rank,24.0,9.0,5.0167,11.083273973329618,1.0,9.0,1.0,1.0,9.0,0.0,False,no_elimination,9,False
34,5,Danielle Fishel,rank,29.0,7.0,4.9843,11.137269788390675,1.0,9.0,1.0,1.0,9.0,0.0,False,no_elimination,9,False
34,5,Dylan Efron,rank,36.0,1.0,5.0083,11.097247700135176,1.0,9.0,1.0,1.0,9.0,0.0,False,no_elimination,9,False
34,5,Elaine Hendrix,rank,30.0,5.0,4.986,11.134430146664345,1.0,9.0,1.0,1.0,9.0,0.0,False,no_elimination,9,False
34,5,Jen Affleck,rank,29.0,8.0,4.9845,11.136935675308743,1.0,9.0,1.0,1.0,9.0,0.0,False,no_elimination,9,False
34,5,Jordan Chiles,rank,32.0,4.0,5.0274,11.065499586363568,1.0,9.0,1.0,1.0,9.0,0.0,False,no_elimination,9,False
34,5,Scott Hoying,rank,30.0,6.0,4.9924,11.123746222827515,1.0,9.0,1.0,1.0,9.0,0.0,False,no_elimination,9,False
34,5,Whitney Leavitt,rank,33.0,3.0,5.022,11.074466272045967,1.0,9.0,1.0,1.0,9.0,0.0,False,no_elimination,9,False
34,6,Alix Earle,rank,35.0,5.0,4.794871794871795,11.364364215831085,1.0,9.0,0.3003,5.0,9.0,0.0,False,single_elimination,9,False
34,6,Andy Richter,rank,27.0,9.0,3.632367632367632,13.529305869799291,1.0,9.0,0.3003,1.0,5.0,0.0,False,single_elimination,9,False
34,6,Danielle Fishel,rank,36.0,3.0,4.936396936396936,11.125655439390693,1.0,9.0,0.3003,1.0,9.0,0.0,False,single_elimination,9,False
34,6,Dylan Efron,rank,32.0,6.0,4.814851814851815,11.330356168781766,1.0,9.0,0.3003,1.0,8.0,0.0,False,single_elimination,9,False
34,6,Elaine Hendrix,rank,36.0,4.0,5.013320013320014,10.998020264856844,1.0,9.0,0.3003,1.0,9.0,0.0,False,single_elimination,9,False
34,6,Jen Affleck,rank,32.0,7.0,4.652347652347652,11.609934277307806,1.0,9.0,0.3003,1.0,7.0,0.0,False,single_elimination,9,False
34,6,Jordan Chiles,rank,39.0,1.0,4.945720945720946,11.11010595843039,1.0,9.0,0.3003,1.0,9.0,0.0,False,single_elimination,9,False
34,6,Scott Hoying,rank,28.0,8.0,7.213786213786213,7.906184889776722,4.0,9.0,0.3003,2.0,9.0,0.0,False,single_elimination,9,True
34,6,Whitney Leavitt,rank,39.0,2.0,4.996336996336996,11.026072915825404,1.0,9.0,0.3003,1.0,9.0,0.0,False,single_elimination,9,False
34,7,Alix Earle,rank,43.0,1.0,4.506430868167203,12.297889921718848,1.0,8.0,0.1244,8.0,8.0,0.0,False,single_elimination,8,False
34,7,Andy Richter,rank,29.0,8.0,2.694533762057878,16.77749875859358,1.0,7.0,0.1244,1.0,1.0,0.0,False,single_elimination,8,False
34,7,Danielle Fishel,rank,35.0,5.0,4.528938906752412,12.25052968541583,1.0,8.0,0.1244,3.0,4.0,0.0,False,single_elimination,8,False
34,7,Dylan Efron,rank,38.0,3.0,4.643890675241158,12.011483592462994,1.0,8.0,0.1244,3.0,6.0,0.0,False,single_elimination,8,False
34,7,Elaine Hendrix,rank,32.0,7.0,3.630225080385852,14.29106337442575,1.0,8.0,0.1244,2.0,2.0,0.0,False,single_elimination,8,False
34,7,Jen Affleck,rank,34.0,6.0,6.552250803858521,8.660008530381631,4.0,8.0,0.1244,3.0,7.0,0.0,False,single_elimination,8,True
34,7,Jordan Chiles,rank,38.0,4.0,4.868971061093248,11.556845544385002,1.0,8.0,0.1244,3.0,5.0,0.0,False,single_elimination,8,False
34,7,Whitney Leavitt,rank,42.0,2.0,4.57475884244373,12.154680592616357,1.0,8.0,0.1244,3.0,7.0,0.0,False,single_elimination,8,False
34,8,Alix Earle,rank,38.5,3.0,3.8987975951903806,14.42344469563461,1.0,7.0,0.1996,5.0,7.0,0.0,False,single_elimination,7,False
34,8,Andy Richter,rank,34.0,7.0,2.68436873747495,18.388781141042976,1.0,7.0,0.1996,1.0,3.0,0.0,False,single_elimination,7,False
34,8,Danielle Fishel,rank,37.0,6.0,5.389779559118236,10.704439840140004,3.0,7.0,0.1996,2.0,7.0,0.0,False,single_elimination,7,True
34,8,Dylan Efron,rank,38.0,4.0,4.226953907815632,13.507211445872104,1.0,7.0,0.1996,1.0,6.0,0.0,False,single_elimination,7,False
34,8,Elaine Hendrix,rank,37.5,5.0,3.8391783567134263,14.596457090272882,1.0,7.0,0.1996,1.0,5.0,0.0,False,single_elimination,7,False
34,8,Jordan Chiles,rank,39.0,2.0,3.993486973947896,14.152865476628588,1.0,7.0,0.1996,1.0,7.0,0.0,False,single_elimination,7,False
34,8,Whitney Leavitt,rank,39.5,1.0,3.967434869739479,14.226800310408828,1.0,7.0,0.1996,1.0,7.0,0.0,False,single_elimination,7,False
34,9,Alix Earle,rank,40.0,3.0,3.3875338753387534,17.040802808006745,1.0,6.0,0.6642,3.0,6.0,0.0,False,single_elimination,6,False
34,9,Andy Richter,rank,29.0,6.0,4.399728997289973,13.365594148643073,2.0,6.0,0.6642,1.0,6.0,0.0,False,single_elimination,6,True
34,9,Dylan Efron,rank,42.0,1.0,3.4444444444444446,16.809632695955187,1.0,6.0,0.6642,1.0,6.0,0.0,False,single_elimination,6,False
34,9,Elaine Hendrix,rank,36.0,5.0,3.2652815417043057,17.54819671779077,1.0,6.0,0.6642,1.0,4.0,0.0,False,single_elimination,6,False
34,9,Jordan Chiles,rank,39.0,4.0,3.1004215597711533,18.25643442592733,1.0,6.0,0.6642,1.0,5.0,0.0,False,single_elimination,6,False
34,9,Whitney Leavitt,rank,42.0,2.0,3.40258958145137,16.979339203676897,1.0,6.0,0.6642,1.0,6.0,0.0,False,single_elimination,6,False
34,10,Alix Earle,rank,29.0,1.0,2.9812206572769955,19.56128805586393,1.0,5.0,0.1065,5.0,5.0,0.0,False,single_elimination,5,False
34,10,Dylan Efron,rank,27.5,5.0,2.431924882629108,23.065575002623163,1.0,5.0,0.1065,1.0,1.0,0.0,False,single_elimination,5,False
34,10,Elaine Hendrix,rank,28.5,3.0,2.5934272300469483,21.974672543364225,1.0,4.399999999999864,0.1065,3.0,3.0,0.0,False,single_elimination,5,False
34,10,Jordan Chiles,rank,28.5,4.0,2.384976525821596,23.39274083250174,1.0,5.0,0.1065,2.0,2.0,0.0,False,single_elimination,5,False
34,10,Whitney Leavitt,rank,29.0,2.0,4.608450704225352,12.005723565646948,4.0,5.0,0.1065,4.0,4.0,0.0,False,single_elimination,5,True
34,11,Alix Earle,rank,30.0,1.0,2.4863,25.13708353715833,1.0,4.0,1.0,1.0,4.0,0.0,False,no_elimination,4,False
34,11,Dylan Efron,rank,29.3332,3.0,2.4912,25.08786310520591,1.0,4.0,1.0,1.0,4.0,0.0,False,no_elimination,4,False
34,11,Elaine Hendrix,rank,28.9998,4.0,2.5056,24.94377239335184,1.0,4.0,1.0,1.0,4.0,0.0,False,no_elimination,4,False
34,11,Jordan Chiles,rank,29.666600000000003,2.0,2.5169,24.831280964283923,1.0,4.0,1.0,1.0,4.0,0.0,False,no_elimination,4,False
