season,week,celebrity_name,ballroom_partner,celebrity_industry,celebrity_homestate,celebrity_homecountry/region,celebrity_age_during_season,results,placement,judge1_score,judge2_score,judge3_score,judge4_score,raw_total_score,is_active,row_valid_judge_count,week_valid_judge_count,max_possible_score,normalized_score
29,1,AJ McLean,Cheryl Burke,Singer/Rapper,Florida,United States,42,Eliminated Week 9,7,6.0,6.0,6.0,,18.0,True,3,3.0,30.0,0.6
29,2,AJ McLean,Cheryl Burke,Singer/Rapper,Florida,United States,42,Eliminated Week 9,7,7.0,6.0,6.0,,19.0,True,3,3.0,30.0,0.6333333333333333
29,3,AJ McLean,Cheryl Burke,Singer/Rapper,Florida,United States,42,Eliminated Week 9,7,7.0,7.0,7.0,,21.0,True,3,3.0,30.0,0.7
29,4,AJ McLean,Cheryl Burke,Singer/Rapper,Florida,United States,42,Eliminated Week 9,7,8.0,8.0,8.0,,24.0,True,3,3.0,30.0,0.8
29,5,AJ McLean,Cheryl Burke,Singer/Rapper,Florida,United States,42,Eliminated Week 9,7,8.0,8.0,8.0,,24.0,True,3,3.0,30.0,0.8
29,6,AJ McLean,Cheryl Burke,Singer/Rapper,Florida,United States,42,Eliminated Week 9,7,9.0,9.0,9.0,,27.0,True,3,3.0,30.0,0.9
29,7,AJ McLean,Cheryl Burke,Singer/Rapper,Florida,United States,42,Eliminated Week 9,7,9.0,8.0,9.0,,26.0,True,3,3.0,30.0,0.8666666666666667
29,8,AJ McLean,Cheryl Burke,Singer/Rapper,Florida,United States,42,Eliminated Week 9,7,9.0,9.0,9.0,,27.0,True,3,3.0,30.0,0.9
29,9,AJ McLean,Cheryl Burke,Singer/Rapper,Florida,United States,42,Eliminated Week 9,7,7.6666,8.6666,8.6666,,24.9998,True,3,3.0,30.0,0.8333266666666667
29,10,AJ McLean,Cheryl Burke,Singer/Rapper,Florida,United States,42,Eliminated Week 9,7,0.0,0.0,0.0,,0.0,False,3,3.0,30.0,
29,11,AJ McLean,Cheryl Burke,Singer/Rapper,Florida,United States,42,Eliminated Week 9,7,0.0,0.0,0.0,,0.0,False,3,3.0,30.0,
9,1,Aaron Carter,Karina Smirnoff,Singer/Rapper,Florida,United States,21,Eliminated Week 8,5,10.3333,11.3333,10.3333,,31.999899999999997,True,3,3.0,30.0,1.0666633333333333
9,2,Aaron Carter,Karina Smirnoff,Singer/Rapper,Florida,United States,21,Eliminated Week 8,5,9.0,9.0,9.0,,27.0,True,3,3.0,30.0,0.9
9,3,Aaron Carter,Karina Smirnoff,Singer/Rapper,Florida,United States,21,Eliminated Week 8,5,8.0,6.0,7.0,,21.0,True,3,3.0,30.0,0.7
9,4,Aaron Carter,Karina Smirnoff,Singer/Rapper,Florida,United States,21,Eliminated Week 8,5,6.0,6.0,6.0,,18.0,True,3,3.0,30.0,0.6
9,5,Aaron Carter,Karina Smirnoff,Singer/Rapper,Florida,United States,21,Eliminated Week 8,5,8.0,8.0,8.0,,24.0,True,3,3.0,30.0,0.8
9,6,Aaron Carter,Karina Smirnoff,Singer/Rapper,Florida,United States,21,Eliminated Week 8,5,10.6666,11.6666,10.6666,,32.9998,True,3,3.0,30.0,1.0999933333333334
9,7,Aaron Carter,Karina Smirnoff,Singer/Rapper,Florida,United States,21,Eliminated Week 8,5,8.5,9.0,9.0,,26.5,True,3,3.0,30.0,0.8833333333333333
9,8,Aaron Carter,Karina Smirnoff,Singer/Rapper,Florida,United States,21,Eliminated Week 8,5,8.0,8.5,8.5,,25.0,True,3,3.0,30.0,0.8333333333333334
9,9,Aaron Carter,Karina Smirnoff,Singer/Rapper,Florida,United States,21,Eliminated Week 8,5,0.0,0.0,0.0,,0.0,False,3,3.0,30.0,
9,10,Aaron Carter,Karina Smirnoff,Singer/Rapper,Florida,United States,21,Eliminated Week 8,5,0.0,0.0,0.0,,0.0,False,3,3.0,30.0,
6,1,Adam Carolla,Julianne Hough,Radio Personality,California,United States,43,Eliminated Week 4,9,5.0,5.0,5.0,,15.0,True,3,3.0,30.0,0.5
6,2,Adam Carolla,Julianne Hough,Radio Personality,California,United States,43,Eliminated Week 4,9,6.0,7.0,6.0,,19.0,True,3,3.0,30.0,0.6333333333333333
6,3,Adam Carolla,Julianne Hough,Radio Personality,California,United States,43,Eliminated Week 4,9,7.0,7.0,7.0,,21.0,True,3,3.0,30.0,0.7
6,4,Adam Carolla,Julianne Hough,Radio Personality,California,United States,43,Eliminated Week 4,9,6.0,7.0,6.0,,19.0,True,3,3.0,30.0,0.6333333333333333
6,5,Adam Carolla,Julianne Hough,Radio Personality,California,United States,43,Eliminated Week 4,9,0.0,0.0,0.0,,0.0,False,3,3.0,30.0,
6,6,Adam Carolla,Julianne Hough,Radio Personality,California,United States,43,Eliminated Week 4,9,0.0,0.0,0.0,,0.0,False,3,3.0,30.0,
6,7,Adam Carolla,Julianne Hough,Radio Personality,California,United States,43,Eliminated Week 4,9,0.0,0.0,0.0,,0.0,False,3,3.0,30.0,
6,8,Adam Carolla,Julianne Hough,Radio Personality,California,United States,43,Eliminated Week 4,9,0.0,0.0,0.0,,0.0,False,3,3.0,30.0,
6,9,Adam Carolla,Julianne Hough,Radio Personality,California,United States,43,Eliminated Week 4,9,0.0,0.0,0.0,,0.0,False,3,3.0,30.0,
6,10,Adam Carolla,Julianne Hough,Radio Personality,California,United States,43,Eliminated Week 4,9,0.0,0.0,0.0,,0.0,False,3,3.0,30.0,
26,1,Adam Rippon,Jenna Johnson,Athlete,Pennsylvania,United States,28,1st Place,1,8.0,8.0,8.0,,24.0,True,3,3.0,30.0,0.8
26,2,Adam Rippon,Jenna Johnson,Athlete,Pennsylvania,United States,28,1st Place,1,9.0,9.5,9.0,9.5,37.0,True,4,4.0,40.0,0.925
26,3,Adam Rippon,Jenna Johnson,Athlete,Pennsylvania,United States,28,1st Place,1,10.5,10.5,9.5,10.5,41.0,True,4,4.0,40.0,1.025
26,4,Adam Rippon,Jenna Johnson,Athlete,Pennsylvania,United States,28,1st Place,1,9.5,9.5,10.0,,29.0,True,3,3.0,30.0,0.9666666666666667
32,1,Adrian Peterson,Britt Stewart,Athlete,Texas,United States,38,Eliminated Week 4,11,6.0,6.0,6.0,,18.0,True,3,3.0,30.0,0.6
32,2,Adrian Peterson,Britt Stewart,Athlete,Texas,United States,38,Eliminated Week 4,11,5.0,5.0,5.0,,15.0,True,3,3.0,30.0,0.5
32,3,Adrian Peterson,Britt Stewart,Athlete,Texas,United States,38,Eliminated Week 4,11,5.0,5.0,6.0,6.0,22.0,True,4,4.0,40.0,0.55
32,4,Adrian Peterson,Britt Stewart,Athlete,Texas,United States,38,Eliminated Week 4,11,7.0,7.0,7.0,,21.0,True,3,3.0,30.0,0.7
32,5,Adrian Peterson,Britt Stewart,Athlete,Texas,United States,38,Eliminated Week 4,11,0.0,0.0,0.0,,0.0,False,3,3.0,30.0,
32,6,Adrian Peterson,Britt Stewart,Athlete,Texas,United States,38,Eliminated Week 4,11,0.0,0.0,0.0,0.0,0.0,False,4,4.0,40.0,
32,7,Adrian Peterson,Britt Stewart,Athlete,Texas,United States,38,Eliminated Week 4,11,0.0,0.0,0.0,0.0,0.0,False,4,4.0,40.0,
32,8,Adrian Peterson,Britt Stewart,Athlete,Texas,United States,38,Eliminated Week 4,11,0.0,0.0,0.0,0.0,0.0,False,4,4.0,40.0,
32,9,Adrian Peterson,Britt Stewart,Athlete,Texas,United States,38,Eliminated Week 4,11,0.0,0.0,0.0,0.0,0.0,False,4,4.0,40.0,
32,10,Adrian Peterson,Britt Stewart,Athlete,Texas,United States,38,Eliminated Week 4,11,0.0,0.0,0.0,,0.0,False,3,3.0,30.0,
32,11,Adrian Peterson,Britt Stewart,Athlete,Texas,United States,38,Eliminated Week 4,11,0.0,0.0,0.0,,0.0,False,3,3.0,30.0,
5,1,Albert Reed,Anna Trebunskaya,Model,Florida,United States,22,Eliminated Week 2,11,7.0,7.0,7.0,,21.0,True,3,3.0,30.0,0.7
5,2,Albert Reed,Anna Trebunskaya,Model,Florida,United States,22,Eliminated Week 2,11,7.0,7.0,7.0,,21.0,True,3,3.0,30.0,0.7
5,3,Albert Reed,Anna Trebunskaya,Model,Florida,United States,22,Eliminated Week 2,11,0.0,0.0,0.0,,0.0,False,3,3.0,30.0,
5,4,Albert Reed,Anna Trebunskaya,Model,Florida,United States,22,Eliminated Week 2,11,0.0,0.0,0.0,,0.0,False,3,3.0,30.0,
5,5,Albert Reed,Anna Trebunskaya,Model,Florida,United States,22,Eliminated Week 2,11,0.0,0.0,0.0,,0.0,False,3,3.0,30.0,
5,6,Albert Reed,Anna Trebunskaya,Model,Florida,United States,22,Eliminated Week 2,11,0.0,0.0,0.0,,0.0,False,3,3.0,30.0,
5,7,Albert Reed,Anna Trebunskaya,Model,Florida,United States,22,Eliminated Week 2,11,0.0,0.0,0.0,,0.0,False,3,3.0,30.0,
5,8,Albert Reed,Anna Trebunskaya,Model,Florida,United States,22,Eliminated Week 2,11,0.0,0.0,0.0,,0.0,False,3,3.0,30.0,
5,9,Albert Reed,Anna Trebunskaya,Model,Florida,United States,22,Eliminated Week 2,11,0.0,0.0,0.0,,0.0,False,3,3.0,30.0,
5,10,Albert Reed,Anna Trebunskaya,Model,Florida,United States,22,Eliminated Week 2,11,0.0,0.0,0.0,,0.0,False,3,3.0,30.0,
21,1,Alek Skarlatos,Lindsay Arnold,Military,California,United States,22,3rd Place,3,8.0,7.0,7.0,,22.0,True,3,3.0,30.0,0.7333333333333333
21,2,Alek Skarlatos,Lindsay Arnold,Military,California,United States,22,3rd Place,3,7.5,7.0,8.0,,22.5,True,3,3.0,30.0,0.75
21,3,Alek Skarlatos,Lindsay Arnold,Military,California,United States,22,3rd Place,3,8.0,8.0,9.0,8.0,33.0,True,4,4.0,40.0,0.825
21,4,Alek Skarlatos,Lindsay Arnold,Military,California,United States,22,3rd Place,3,8.0,8.0,8.0,,24.0,True,3,3.0,30.0,0.8
21,5,Alek Skarlatos,Lindsay Arnold,Military,California,United States,22,3rd Place,3,8.0,7.0,7.0,7.0,29.0,True,4,4.0,40.0,0.725
21,6,Alek Skarlatos,Lindsay Arnold,Military,California,United States,22,3rd Place,3,8.0,8.0,7.0,7.0,30.0,True,4,4.0,40.0,0.75
21,7,Alek Skarlatos,Lindsay Arnold,Military,California,United States,22,3rd Place,3,9.0,9.0,8.5,,26.5,True,3,3.0,30.0,0.8833333333333333
21,8,Alek Skarlatos,Lindsay Arnold,Military,California,United States,22,3rd Place,3,9.0,8.0,8.0,,25.0,True,3,3.0,30.0,0.8333333333333334
21,9,Alek Skarlatos,Lindsay Arnold,Military,California,United States,22,3rd Place,3,8.5,8.5,8.5,,25.5,True,3,3.0,30.0,0.85
21,10,Alek Skarlatos,Lindsay Arnold,Military,California,United States,22,3rd Place,3,9.5,9.5,9.5,,28.5,True,3,3.0,30.0,0.95
21,11,Alek Skarlatos,Lindsay Arnold,Military,California,United States,22,3rd Place,3,9.3333,9.3333,9.3333,,27.999899999999997,True,3,3.0,30.0,0.9333299999999999
21,1,Alexa PenaVega,Mark Ballas,Actor/Actress,Florida,United States,27,Eliminated Week 9,6,7.0,7.0,8.0,,22.0,True,3,3.0,30.0,0.7333333333333333
21,2,Alexa PenaVega,Mark Ballas,Actor/Actress,Florida,United States,27,Eliminated Week 9,6,7.5,7.5,8.0,,23.0,True,3,3.0,30.0,0.7666666666666667
21,3,Alexa PenaVega,Mark Ballas,Actor/Actress,Florida,United States,27,Eliminated Week 9,6,9.0,9.0,9.0,9.0,36.0,True,4,4.0,40.0,0.9
21,4,Alexa PenaVega,Mark Ballas,Actor/Actress,Florida,United States,27,Eliminated Week 9,6,7.0,7.0,7.0,,21.0,True,3,3.0,30.0,0.7
21,5,Alexa PenaVega,Mark Ballas,Actor/Actress,Florida,United States,27,Eliminated Week 9,6,10.0,10.0,10.0,10.0,40.0,True,4,4.0,40.0,1.0
21,6,Alexa PenaVega,Mark Ballas,Actor/Actress,Florida,United States,27,Eliminated Week 9,6,8.0,7.0,7.0,8.0,30.0,True,4,4.0,40.0,0.75
21,7,Alexa PenaVega,Mark Ballas,Actor/Actress,Florida,United States,27,Eliminated Week 9,6,9.0,9.5,9.0,,27.5,True,3,3.0,30.0,0.9166666666666666
21,8,Alexa PenaVega,Mark Ballas,Actor/Actress,Florida,United States,27,Eliminated Week 9,6,9.6666,8.6666,8.6666,,26.9998,True,3,3.0,30.0,0.8999933333333333
21,9,Alexa PenaVega,Mark Ballas,Actor/Actress,Florida,United States,27,Eliminated Week 9,6,10.0,10.0,10.0,,30.0,True,3,3.0,30.0,1.0
21,10,Alexa PenaVega,Mark Ballas,Actor/Actress,Florida,United States,27,Eliminated Week 9,6,0.0,0.0,0.0,,0.0,False,3,3.0,30.0,
21,11,Alexa PenaVega,Mark Ballas,Actor/Actress,Florida,United States,27,Eliminated Week 9,6,0.0,0.0,0.0,,0.0,False,3,3.0,30.0,
16,1,Alexandra Raisman,Mark Ballas,Athlete,Massachusetts,United States,18,Eliminated Week 10,4,7.0,7.0,7.0,,21.0,True,3,3.0,30.0,0.7
16,2,Alexandra Raisman,Mark Ballas,Athlete,Massachusetts,United States,18,Eliminated Week 10,4,8.0,8.0,8.0,,24.0,True,3,3.0,30.0,0.8
16,3,Alexandra Raisman,Mark Ballas,Athlete,Massachusetts,United States,18,Eliminated Week 10,4,7.0,8.0,8.0,,23.0,True,3,3.0,30.0,0.7666666666666667
16,4,Alexandra Raisman,Mark Ballas,Athlete,Massachusetts,United States,18,Eliminated Week 10,4,9.0,9.0,9.0,,27.0,True,3,3.0,30.0,0.9
16,5,Alexandra Raisman,Mark Ballas,Athlete,Massachusetts,United States,18,Eliminated Week 10,4,8.0,8.0,9.0,,25.0,True,3,3.0,30.0,0.8333333333333334
16,6,Alexandra Raisman,Mark Ballas,Athlete,Massachusetts,United States,18,Eliminated Week 10,4,8.5,9.0,8.5,,26.0,True,3,3.0,30.0,0.8666666666666667
16,7,Alexandra Raisman,Mark Ballas,Athlete,Massachusetts,United States,18,Eliminated Week 10,4,11.0,10.0,11.0,,32.0,True,3,3.0,30.0,1.0666666666666667
16,8,Alexandra Raisman,Mark Ballas,Athlete,Massachusetts,United States,18,Eliminated Week 10,4,9.0,9.5,9.5,,28.0,True,3,3.0,30.0,0.9333333333333333
16,9,Alexandra Raisman,Mark Ballas,Athlete,Massachusetts,United States,18,Eliminated Week 10,4,10.0,9.5,10.0,,29.5,True,3,3.0,30.0,0.9833333333333333
16,10,Alexandra Raisman,Mark Ballas,Athlete,Massachusetts,United States,18,Eliminated Week 10,4,9.5,9.5,10.0,,29.0,True,3,3.0,30.0,0.9666666666666667
27,1,Alexis Ren,Alan Bersten,Social Media Personality,California,United States,21,4th Place,4,7.0,7.5,7.5,,22.0,True,3,3.0,30.0,0.7333333333333333
27,2,Alexis Ren,Alan Bersten,Social Media Personality,California,United States,21,4th Place,4,8.0,8.5,8.0,,24.5,True,3,3.0,30.0,0.8166666666666667
27,3,Alexis Ren,Alan Bersten,Social Media Personality,California,United States,21,4th Place,4,9.0,8.0,9.0,,26.0,True,3,3.0,30.0,0.8666666666666667
27,4,Alexis Ren,Alan Bersten,Social Media Personality,California,United States,21,4th Place,4,8.0,8.0,9.0,,25.0,True,3,3.0,30.0,0.8333333333333334
27,5,Alexis Ren,Alan Bersten,Social Media Personality,California,United States,21,4th Place,4,10.0,9.0,10.0,,29.0,True,3,3.0,30.0,0.9666666666666667
27,6,Alexis Ren,Alan Bersten,Social Media Personality,California,United States,21,4th Place,4,9.0,9.0,9.0,,27.0,True,3,3.0,30.0,0.9
27,7,Alexis Ren,Alan Bersten,Social Media Personality,California,United States,21,4th Place,4,9.0,9.0,9.5,,27.5,True,3,3.0,30.0,0.9166666666666666
27,8,Alexis Ren,Alan Bersten,Social Media Personality,California,United States,21,4th Place,4,9.5,9.5,10.0,,29.0,True,3,3.0,30.0,0.9666666666666667
27,9,Alexis Ren,Alan Bersten,Social Media Personality,California,United States,21,4th Place,4,9.5,9.5,9.5,,28.5,True,3,3.0,30.0,0.95
19,1,Alfonso Ribeiro,Witney Carson,Actor/Actress,New York,United States,42,1st Place,1,9.0,9.0,9.0,9.0,36.0,True,4,4.0,40.0,0.9
19,2,Alfonso Ribeiro,Witney Carson,Actor/Actress,New York,United States,42,1st Place,1,8.0,8.0,8.0,8.0,32.0,True,4,4.0,40.0,0.8
19,3,Alfonso Ribeiro,Witney Carson,Actor/Actress,New York,United States,42,1st Place,1,8.0,8.0,8.0,8.0,32.0,True,4,4.0,40.0,0.8
19,4,Alfonso Ribeiro,Witney Carson,Actor/Actress,New York,United States,42,1st Place,1,10.0,10.0,10.0,10.0,40.0,True,4,4.0,40.0,1.0
19,5,Alfonso Ribeiro,Witney Carson,Actor/Actress,New York,United States,42,1st Place,1,8.0,9.0,9.0,8.0,34.0,True,4,4.0,40.0,0.85
19,6,Alfonso Ribeiro,Witney Carson,Actor/Actress,New York,United States,42,1st Place,1,10.0,10.0,9.0,10.0,39.0,True,4,4.0,40.0,0.975
19,7,Alfonso Ribeiro,Witney Carson,Actor/Actress,New York,United States,42,1st Place,1,8.5,8.5,8.5,8.5,34.0,True,4,4.0,40.0,0.85
19,8,Alfonso Ribeiro,Witney Carson,Actor/Actress,New York,United States,42,1st Place,1,10.75,9.75,9.75,10.75,41.0,True,4,4.0,40.0,1.025
19,9,Alfonso Ribeiro,Witney Carson,Actor/Actress,New York,United States,42,1st Place,1,9.5,9.5,9.5,10.0,38.5,True,4,4.0,40.0,0.9625
19,10,Alfonso Ribeiro,Witney Carson,Actor/Actress,New York,United States,42,1st Place,1,9.5,9.0,9.5,9.5,37.5,True,4,4.0,40.0,0.9375
19,11,Alfonso Ribeiro,Witney Carson,Actor/Actress,New York,United States,42,1st Place,1,10.0,10.0,10.0,10.0,40.0,True,4,4.0,40.0,1.0
34,1,Alix Earle,Val Chmerkovskiy (Joey Graziadei week 9),Social media personality,Florida,United States,24,2nd Place,2,7.0,6.0,,,13.0,True,2,2.0,20.0,0.65
34,2,Alix Earle,Val Chmerkovskiy (Joey Graziadei week 9),Social media personality,Florida,United States,24,2nd Place,2,7.0,7.0,7.0,,21.0,True,3,3.0,30.0,0.7
34,3,Alix Earle,Val Chmerkovskiy (Joey Graziadei week 9),Social media personality,Florida,United States,24,2nd Place,2,8.0,7.0,8.0,,23.0,True,3,3.0,30.0,0.7666666666666667
34,4,Alix Earle,Val Chmerkovskiy (Joey Graziadei week 9),Social media personality,Florida,United States,24,2nd Place,2,8.0,8.0,8.0,,24.0,True,3,3.0,30.0,0.8
34,5,Alix Earle,Val Chmerkovskiy (Joey Graziadei week 9),Social media personality,Florida,United States,24,2nd Place,2,8.0,9.0,9.0,9.0,35.0,True,4,4.0,40.0,0.875
34,6,Alix Earle,Val Chmerkovskiy (Joey Graziadei week 9),Social media personality,Florida,United States,24,2nd Place,2,9.0,9.0,8.0,9.0,35.0,True,4,4.0,40.0,0.875
34,7,Alix Earle,Val Chmerkovskiy (Joey Graziadei week 9),Social media personality,Florida,United States,24,2nd Place,2,11.0,11.0,10.0,11.0,43.0,True,4,4.0,40.0,1.075
34,8,Alix Earle,Val Chmerkovskiy (Joey Graziadei week 9),Social media personality,Florida,United States,24,2nd Place,2,9.5,10.0,9.5,9.5,38.5,True,4,4.0,40.0,0.9625
34,9,Alix Earle,Val Chmerkovskiy (Joey Graziadei week 9),Social media personality,Florida,United States,24,2nd Place,2,10.0,10.0,10.0,10.0,40.0,True,4,4.0,40.0,1.0
34,10,Alix Earle,Val Chmerkovskiy (Joey Graziadei week 9),Social media personality,Florida,United States,24,2nd Place,2,9.5,10.0,9.5,,29.0,True,3,3.0,30.0,0.9666666666666667
34,11,Alix Earle,Val Chmerkovskiy (Joey Graziadei week 9),Social media personality,Florida,United States,24,2nd Place,2,10.0,10.0,10.0,,30.0,True,3,3.0,30.0,1.0
28,1,Ally Brooke,Sasha Farber,Singer/Rapper,Texas,United States,26,3rd Place,3,5.0,5.0,6.0,,16.0,True,3,3.0,30.0,0.5333333333333333
28,2,Ally Brooke,Sasha Farber,Singer/Rapper,Texas,United States,26,3rd Place,3,7.0,6.0,7.0,,20.0,True,3,3.0,30.0,0.6666666666666666
28,3,Ally Brooke,Sasha Farber,Singer/Rapper,Texas,United States,26,3rd Place,3,8.0,8.0,8.0,,24.0,True,3,3.0,30.0,0.8
28,4,Ally Brooke,Sasha Farber,Singer/Rapper,Texas,United States,26,3rd Place,3,8.0,8.0,8.0,8.0,32.0,True,4,4.0,40.0,0.8
28,5,Ally Brooke,Sasha Farber,Singer/Rapper,Texas,United States,26,3rd Place,3,9.0,9.0,9.0,,27.0,True,3,3.0,30.0,0.9
28,6,Ally Brooke,Sasha Farber,Singer/Rapper,Texas,United States,26,3rd Place,3,8.0,9.0,8.0,,25.0,True,3,3.0,30.0,0.8333333333333334
28,7,Ally Brooke,Sasha Farber,Singer/Rapper,Texas,United States,26,3rd Place,3,9.0,9.0,9.0,,27.0,True,3,3.0,30.0,0.9
28,8,Ally Brooke,Sasha Farber,Singer/Rapper,Texas,United States,26,3rd Place,3,10.0,10.0,10.0,,30.0,True,3,3.0,30.0,1.0
28,9,Ally Brooke,Sasha Farber,Singer/Rapper,Texas,United States,26,3rd Place,3,10.0,10.0,10.0,10.0,40.0,True,4,4.0,40.0,1.0
28,10,Ally Brooke,Sasha Farber,Singer/Rapper,Texas,United States,26,3rd Place,3,10.0,9.5,10.0,,29.5,True,3,3.0,30.0,0.9833333333333333
28,11,Ally Brooke,Sasha Farber,Singer/Rapper,Texas,United States,26,3rd Place,3,10.0,10.0,10.0,,30.0,True,3,3.0,30.0,1.0
32,1,Alyson Hannigan,Sasha Farber,Actor/Actress,Washington D.C.,United States,49,5th Place,5,5.0,4.0,4.0,,13.0,True,3,3.0,30.0,0.43333333333333335
32,2,Alyson Hannigan,Sasha Farber,Actor/Actress,Washington D.C.,United States,49,5th Place,5,7.0,6.0,6.0,,19.0,True,3,3.0,30.0,0.6333333333333333
32,3,Alyson Hannigan,Sasha Farber,Actor/Actress,Washington D.C.,United States,49,5th Place,5,6.0,6.0,6.0,6.0,24.0,True,4,4.0,40.0,0.6
32,4,Alyson Hannigan,Sasha Farber,Actor/Actress,Washington D.C.,United States,49,5th Place,5,6.0,6.0,6.0,,18.0,True,3,3.0,30.0,0.6
32,5,Alyson Hannigan,Sasha Farber,Actor/Actress,Washington D.C.,United States,49,5th Place,5,7.0,7.0,7.0,,21.0,True,3,3.0,30.0,0.7
32,6,Alyson Hannigan,Sasha Farber,Actor/Actress,Washington D.C.,United States,49,5th Place,5,7.5,7.5,7.5,8.5,31.0,True,4,4.0,40.0,0.775
32,7,Alyson Hannigan,Sasha Farber,Actor/Actress,Washington D.C.,United States,49,5th Place,5,8.5,8.5,9.5,8.5,35.0,True,4,4.0,40.0,0.875
32,8,Alyson Hannigan,Sasha Farber,Actor/Actress,Washington D.C.,United States,49,5th Place,5,8.75,8.75,9.75,8.75,36.0,True,4,4.0,40.0,0.9
32,9,Alyson Hannigan,Sasha Farber,Actor/Actress,Washington D.C.,United States,49,5th Place,5,7.75,7.75,8.75,7.75,32.0,True,4,4.0,40.0,0.8
32,10,Alyson Hannigan,Sasha Farber,Actor/Actress,Washington D.C.,United States,49,5th Place,5,8.5,8.5,8.5,,25.5,True,3,3.0,30.0,0.85
32,11,Alyson Hannigan,Sasha Farber,Actor/Actress,Washington D.C.,United States,49,5th Place,5,9.0,8.5,9.0,,26.5,True,3,3.0,30.0,0.8833333333333333
30,1,Amanda Kloots,Alan Bersten,TV Personality,Ohio,United States,39,4th Place,4,7.0,7.0,7.0,7.0,28.0,True,4,4.0,40.0,0.7
30,2,Amanda Kloots,Alan Bersten,TV Personality,Ohio,United States,39,4th Place,4,8.0,8.0,8.0,8.0,32.0,True,4,4.0,40.0,0.8
30,3,Amanda Kloots,Alan Bersten,TV Personality,Ohio,United States,39,4th Place,4,8.0,8.0,8.0,,24.0,True,3,3.0,30.0,0.8
30,4,Amanda Kloots,Alan Bersten,TV Personality,Ohio,United States,39,4th Place,4,8.5,8.5,8.5,8.5,34.0,True,4,4.0,40.0,0.85
30,5,Amanda Kloots,Alan Bersten,TV Personality,Ohio,United States,39,4th Place,4,10.0,10.0,9.0,10.0,39.0,True,4,4.0,40.0,0.975
30,6,Amanda Kloots,Alan Bersten,TV Personality,Ohio,United States,39,4th Place,4,9.0,9.0,10.0,10.0,38.0,True,4,4.0,40.0,0.95
30,7,Amanda Kloots,Alan Bersten,TV Personality,Ohio,United States,39,4th Place,4,8.25,8.25,8.25,9.25,34.0,True,4,4.0,40.0,0.85
30,8,Amanda Kloots,Alan Bersten,TV Personality,Ohio,United States,39,4th Place,4,10.5,10.5,10.5,10.5,42.0,True,4,4.0,40.0,1.05
30,9,Amanda Kloots,Alan Bersten,TV Personality,Ohio,United States,39,4th Place,4,9.5,10.0,10.0,10.0,39.5,True,4,4.0,40.0,0.9875
30,10,Amanda Kloots,Alan Bersten,TV Personality,Ohio,United States,39,4th Place,4,9.5,10.0,9.5,10.0,39.0,True,4,4.0,40.0,0.975
17,1,Amber Riley,Derek Hough,Actor/Actress,California,United States,27,1st Place,1,9.0,9.0,9.0,,27.0,True,3,3.0,30.0,0.9
17,2,Amber Riley,Derek Hough,Actor/Actress,California,United States,27,1st Place,1,8.0,8.0,8.0,,24.0,True,3,3.0,30.0,0.8
17,3,Amber Riley,Derek Hough,Actor/Actress,California,United States,27,1st Place,1,8.0,8.0,8.0,,24.0,True,3,3.0,30.0,0.8
17,4,Amber Riley,Derek Hough,Actor/Actress,California,United States,27,1st Place,1,9.0,9.0,9.0,,27.0,True,3,3.0,30.0,0.9
17,5,Amber Riley,Derek Hough,Actor/Actress,California,United States,27,1st Place,1,9.0,7.0,10.0,,26.0,True,3,3.0,30.0,0.8666666666666667
17,6,Amber Riley,Derek Hough,Actor/Actress,California,United States,27,1st Place,1,11.3333,9.3333,11.3333,,31.999899999999997,True,3,3.0,30.0,1.0666633333333333
17,7,Amber Riley,Derek Hough,Actor/Actress,California,United States,27,1st Place,1,10.0,10.0,9.5,,29.5,True,3,3.0,30.0,0.9833333333333333
17,8,Amber Riley,Derek Hough,Actor/Actress,California,United States,27,1st Place,1,9.0,9.0,10.0,,28.0,True,3,3.0,30.0,0.9333333333333333
17,9,Amber Riley,Derek Hough,Actor/Actress,California,United States,27,1st Place,1,8.5,8.5,8.5,,25.5,True,3,3.0,30.0,0.85
17,10,Amber Riley,Derek Hough,Actor/Actress,California,United States,27,1st Place,1,10.0,10.0,9.5,10.0,39.5,True,4,4.0,40.0,0.9875
17,11,Amber Riley,Derek Hough,Actor/Actress,California,United States,27,1st Place,1,10.4444,10.4444,10.4444,,31.333199999999998,True,3,3.0,30.0,1.04444
23,1,Amber Rose,Maksim Chmerkoskiy,Model,Pennsylvania,United States,32,Eliminated Week 6,9,6.0,6.0,6.0,6.0,24.0,True,4,4.0,40.0,0.6
23,2,Amber Rose,Maksim Chmerkoskiy,Model,Pennsylvania,United States,32,Eliminated Week 6,9,6.0,6.0,6.0,6.0,24.0,True,4,4.0,40.0,0.6
23,3,Amber Rose,Maksim Chmerkoskiy,Model,Pennsylvania,United States,32,Eliminated Week 6,9,7.0,6.0,6.0,6.0,25.0,True,4,4.0,40.0,0.625
23,4,Amber Rose,Maksim Chmerkoskiy,Model,Pennsylvania,United States,32,Eliminated Week 6,9,8.0,8.0,8.0,,24.0,True,3,3.0,30.0,0.8
23,5,Amber Rose,Maksim Chmerkoskiy,Model,Pennsylvania,United States,32,Eliminated Week 6,9,8.0,8.0,8.0,,24.0,True,3,3.0,30.0,0.8
23,6,Amber Rose,Maksim Chmerkoskiy,Model,Pennsylvania,United States,32,Eliminated Week 6,9,7.0,7.0,7.0,7.0,28.0,True,4,4.0,40.0,0.7
23,7,Amber Rose,Maksim Chmerkoskiy,Model,Pennsylvania,United States,32,Eliminated Week 6,9,0.0,0.0,0.0,0.0,0.0,False,4,4.0,40.0,
23,8,Amber Rose,Maksim Chmerkoskiy,Model,Pennsylvania,United States,32,Eliminated Week 6,9,0.0,0.0,0.0,,0.0,False,3,3.0,30.0,
23,9,Amber Rose,Maksim Chmerkoskiy,Model,Pennsylvania,United States,32,Eliminated Week 6,9,0.0,0.0,0.0,0.0,0.0,False,4,4.0,40.0,
23,10,Amber Rose,Maksim Chmerkoskiy,Model,Pennsylvania,United States,32,Eliminated Week 6,9,0.0,0.0,0.0,,0.0,False,3,3.0,30.0,
23,11,Amber Rose,Maksim Chmerkoskiy,Model,Pennsylvania,United States,32,Eliminated Week 6,9,0.0,0.0,0.0,0.0,0.0,False,4,4.0,40.0,
18,1,Amy Purdy,Derek Hough,Athlete,Nevada,United States,34,2nd Place,2,8.0,8.0,8.0,,24.0,True,3,3.0,30.0,0.8
18,2,Amy Purdy,Derek Hough,Athlete,Nevada,United States,34,2nd Place,2,8.0,8.0,8.0,,24.0,True,3,3.0,30.0,0.8
18,3,Amy Purdy,Derek Hough,Athlete,Nevada,United States,34,2nd Place,2,9.0,9.0,9.0,9.0,36.0,True,4,4.0,40.0,0.9
18,4,Amy Purdy,Derek Hough,Athlete,Nevada,United States,34,2nd Place,2,9.0,8.0,8.0,9.0,34.0,True,4,4.0,40.0,0.85
18,5,Amy Purdy,Derek Hough,Athlete,Nevada,United States,34,2nd Place,2,9.0,9.0,10.0,9.0,37.0,True,4,4.0,40.0,0.925
18,6,Amy Purdy,Derek Hough,Athlete,Nevada,United States,34,2nd Place,2,9.0,10.0,9.0,10.0,38.0,True,4,4.0,40.0,0.95
18,7,Amy Purdy,Derek Hough,Athlete,Nevada,United States,34,2nd Place,2,9.5,9.5,9.0,9.5,37.5,True,4,4.0,40.0,0.9375
18,8,Amy Purdy,Derek Hough,Athlete,Nevada,United States,34,2nd Place,2,10.0,10.0,10.0,10.0,40.0,True,4,4.0,40.0,1.0
18,9,Amy Purdy,Derek Hough,Athlete,Nevada,United States,34,2nd Place,2,9.5,9.5,10.0,10.0,39.0,True,4,4.0,40.0,0.975
18,10,Amy Purdy,Derek Hough,Athlete,Nevada,United States,34,2nd Place,2,10.0,9.6666,10.0,,29.666600000000003,True,3,3.0,30.0,0.9888866666666668
16,1,Andy Dick,Sharna Burgess,Comedian,South Carolina,United States,47,Eliminated Week 7,7,6.0,5.0,6.0,,17.0,True,3,3.0,30.0,0.5666666666666667
16,2,Andy Dick,Sharna Burgess,Comedian,South Carolina,United States,47,Eliminated Week 7,7,7.0,6.0,7.0,,20.0,True,3,3.0,30.0,0.6666666666666666
16,3,Andy Dick,Sharna Burgess,Comedian,South Carolina,United States,47,Eliminated Week 7,7,6.0,6.0,6.0,,18.0,True,3,3.0,30.0,0.6
16,4,Andy Dick,Sharna Burgess,Comedian,South Carolina,United States,47,Eliminated Week 7,7,7.0,7.0,7.0,,21.0,True,3,3.0,30.0,0.7
16,5,Andy Dick,Sharna Burgess,Comedian,South Carolina,United States,47,Eliminated Week 7,7,6.0,6.0,6.0,,18.0,True,3,3.0,30.0,0.6
16,6,Andy Dick,Sharna Burgess,Comedian,South Carolina,United States,47,Eliminated Week 7,7,7.0,7.5,7.0,,21.5,True,3,3.0,30.0,0.7166666666666667
16,7,Andy Dick,Sharna Burgess,Comedian,South Carolina,United States,47,Eliminated Week 7,7,5.0,6.0,6.0,,17.0,True,3,3.0,30.0,0.5666666666666667
16,8,Andy Dick,Sharna Burgess,Comedian,South Carolina,United States,47,Eliminated Week 7,7,0.0,0.0,0.0,,0.0,False,3,3.0,30.0,
16,9,Andy Dick,Sharna Burgess,Comedian,South Carolina,United States,47,Eliminated Week 7,7,0.0,0.0,0.0,,0.0,False,3,3.0,30.0,
16,10,Andy Dick,Sharna Burgess,Comedian,South Carolina,United States,47,Eliminated Week 7,7,0.0,0.0,0.0,,0.0,False,3,3.0,30.0,
21,1,Andy Grammer,Allison Holker,Singer/Rapper,California,United States,31,Eliminated Week 8,7,7.0,7.0,7.0,,21.0,True,3,3.0,30.0,0.7
21,2,Andy Grammer,Allison Holker,Singer/Rapper,California,United States,31,Eliminated Week 8,7,7.5,7.5,7.0,,22.0,True,3,3.0,30.0,0.7333333333333333
21,3,Andy Grammer,Allison Holker,Singer/Rapper,California,United States,31,Eliminated Week 8,7,7.0,7.0,8.0,7.0,29.0,True,4,4.0,40.0,0.725
21,4,Andy Grammer,Allison Holker,Singer/Rapper,California,United States,31,Eliminated Week 8,7,7.0,8.0,8.0,,23.0,True,3,3.0,30.0,0.7666666666666667
21,5,Andy Grammer,Allison Holker,Singer/Rapper,California,United States,31,Eliminated Week 8,7,9.0,9.0,9.0,9.0,36.0,True,4,4.0,40.0,0.9
21,6,Andy Grammer,Allison Holker,Singer/Rapper,California,United States,31,Eliminated Week 8,7,10.0,10.0,10.0,10.0,40.0,True,4,4.0,40.0,1.0
21,7,Andy Grammer,Allison Holker,Singer/Rapper,California,United States,31,Eliminated Week 8,7,9.5,9.5,9.0,,28.0,True,3,3.0,30.0,0.9333333333333333
21,8,Andy Grammer,Allison Holker,Singer/Rapper,California,United States,31,Eliminated Week 8,7,8.6666,7.6666,7.6666,,23.9998,True,3,3.0,30.0,0.7999933333333333
21,9,Andy Grammer,Allison Holker,Singer/Rapper,California,United States,31,Eliminated Week 8,7,0.0,0.0,0.0,,0.0,False,3,3.0,30.0,
21,10,Andy Grammer,Allison Holker,Singer/Rapper,California,United States,31,Eliminated Week 8,7,0.0,0.0,0.0,,0.0,False,3,3.0,30.0,
21,11,Andy Grammer,Allison Holker,Singer/Rapper,California,United States,31,Eliminated Week 8,7,0.0,0.0,0.0,,0.0,False,3,3.0,30.0,
34,1,Andy Richter,Emma Slater/Kaitlyn Bristowe (week 9),Comedian,California,United States,59,Eliminated Week 9,7,5.0,4.0,,,9.0,True,2,2.0,20.0,0.45
34,2,Andy Richter,Emma Slater/Kaitlyn Bristowe (week 9),Comedian,California,United States,59,Eliminated Week 9,7,6.0,5.0,5.0,,16.0,True,3,3.0,30.0,0.5333333333333333
34,3,Andy Richter,Emma Slater/Kaitlyn Bristowe (week 9),Comedian,California,United States,59,Eliminated Week 9,7,6.0,6.0,6.0,,18.0,True,3,3.0,30.0,0.6
34,4,Andy Richter,Emma Slater/Kaitlyn Bristowe (week 9),Comedian,California,United States,59,Eliminated Week 9,7,6.0,6.0,6.0,,18.0,True,3,3.0,30.0,0.6
34,5,Andy Richter,Emma Slater/Kaitlyn Bristowe (week 9),Comedian,California,United States,59,Eliminated Week 9,7,6.0,6.0,6.0,6.0,24.0,True,4,4.0,40.0,0.6
34,6,Andy Richter,Emma Slater/Kaitlyn Bristowe (week 9),Comedian,California,United States,59,Eliminated Week 9,7,7.0,6.0,7.0,7.0,27.0,True,4,4.0,40.0,0.675
34,7,Andy Richter,Emma Slater/Kaitlyn Bristowe (week 9),Comedian,California,United States,59,Eliminated Week 9,7,7.25,7.25,7.25,7.25,29.0,True,4,4.0,40.0,0.725
34,8,Andy Richter,Emma Slater/Kaitlyn Bristowe (week 9),Comedian,California,United States,59,Eliminated Week 9,7,8.0,8.5,9.5,8.0,34.0,True,4,4.0,40.0,0.85
34,9,Andy Richter,Emma Slater/Kaitlyn Bristowe (week 9),Comedian,California,United States,59,Eliminated Week 9,7,8.0,7.0,7.0,7.0,29.0,True,4,4.0,40.0,0.725
34,10,Andy Richter,Emma Slater/Kaitlyn Bristowe (week 9),Comedian,California,United States,59,Eliminated Week 9,7,0.0,0.0,0.0,,0.0,False,3,3.0,30.0,
34,11,Andy Richter,Emma Slater/Kaitlyn Bristowe (week 9),Comedian,California,United States,59,Eliminated Week 9,7,0.0,0.0,0.0,,0.0,False,3,3.0,30.0,
29,1,Anne Heche,Keo Motsepe,Actor/Actress,Ohio,United States,51,Eliminated Week 4,13,6.0,6.0,6.0,,18.0,True,3,3.0,30.0,0.6
29,2,Anne Heche,Keo Motsepe,Actor/Actress,Ohio,United States,51,Eliminated Week 4,13,6.0,6.0,6.0,,18.0,True,3,3.0,30.0,0.6
29,3,Anne Heche,Keo Motsepe,Actor/Actress,Ohio,United States,51,Eliminated Week 4,13,5.0,5.0,5.0,,15.0,True,3,3.0,30.0,0.5
29,4,Anne Heche,Keo Motsepe,Actor/Actress,Ohio,United States,51,Eliminated Week 4,13,7.0,7.0,7.0,,21.0,True,3,3.0,30.0,0.7
29,5,Anne Heche,Keo Motsepe,Actor/Actress,Ohio,United States,51,Eliminated Week 4,13,0.0,0.0,0.0,,0.0,False,3,3.0,30.0,
29,6,Anne Heche,Keo Motsepe,Actor/Actress,Ohio,United States,51,Eliminated Week 4,13,0.0,0.0,0.0,,0.0,False,3,3.0,30.0,
29,7,Anne Heche,Keo Motsepe,Actor/Actress,Ohio,United States,51,Eliminated Week 4,13,0.0,0.0,0.0,,0.0,False,3,3.0,30.0,
29,8,Anne Heche,Keo Motsepe,Actor/Actress,Ohio,United States,51,Eliminated Week 4,13,0.0,0.0,0.0,,0.0,False,3,3.0,30.0,
29,9,Anne Heche,Keo Motsepe,Actor/Actress,Ohio,United States,51,Eliminated Week 4,13,0.0,0.0,0.0,,0.0,False,3,3.0,30.0,
29,10,Anne Heche,Keo Motsepe,Actor/Actress,Ohio,United States,51,Eliminated Week 4,13,0.0,0.0,0.0,,0.0,False,3,3.0,30.0,
29,11,Anne Heche,Keo Motsepe,Actor/Actress,Ohio,United States,51,Eliminated Week 4,13,0.0,0.0,0.0,,0.0,False,3,3.0,30.0,
22,1,Antonio Brown,Sharna Burgess,Athlete,Florida,United States,27,Eliminated Week 9,5,8.0,6.0,7.0,,21.0,True,3,3.0,30.0,0.7
22,2,Antonio Brown,Sharna Burgess,Athlete,Florida,United States,27,Eliminated Week 9,5,6.0,6.0,7.0,,19.0,True,3,3.0,30.0,0.6333333333333333
22,3,Antonio Brown,Sharna Burgess,Athlete,Florida,United States,27,Eliminated Week 9,5,7.0,6.0,7.0,,20.0,True,3,3.0,30.0,0.6666666666666666
22,4,Antonio Brown,Sharna Burgess,Athlete,Florida,United States,27,Eliminated Week 9,5,9.0,8.0,9.0,9.0,35.0,True,4,4.0,40.0,0.875
22,5,Antonio Brown,Sharna Burgess,Athlete,Florida,United States,27,Eliminated Week 9,5,7.0,6.0,6.0,7.0,26.0,True,4,4.0,40.0,0.65
22,6,Antonio Brown,Sharna Burgess,Athlete,Florida,United States,27,Eliminated Week 9,5,9.0,9.0,9.0,,27.0,True,3,3.0,30.0,0.9
22,7,Antonio Brown,Sharna Burgess,Athlete,Florida,United States,27,Eliminated Week 9,5,8.5,8.5,9.0,,26.0,True,3,3.0,30.0,0.8666666666666667
22,8,Antonio Brown,Sharna Burgess,Athlete,Florida,United States,27,Eliminated Week 9,5,9.0,9.0,9.0,,27.0,True,3,3.0,30.0,0.9
22,9,Antonio Brown,Sharna Burgess,Athlete,Florida,United States,27,Eliminated Week 9,5,9.0,9.0,9.5,,27.5,True,3,3.0,30.0,0.9166666666666666
22,10,Antonio Brown,Sharna Burgess,Athlete,Florida,United States,27,Eliminated Week 9,5,0.0,0.0,0.0,,0.0,False,3,3.0,30.0,
15,1,Apolo Anton Ohno,Karina Smirnoff,Athlete,Washington,United States,30,Eliminated Week 9,5,7.5,7.0,7.5,,22.0,True,3,3.0,30.0,0.7333333333333333
15,2,Apolo Anton Ohno,Karina Smirnoff,Athlete,Washington,United States,30,Eliminated Week 9,5,8.5,8.0,8.0,,24.5,True,3,3.0,30.0,0.8166666666666667
15,3,Apolo Anton Ohno,Karina Smirnoff,Athlete,Washington,United States,30,Eliminated Week 9,5,9.0,8.0,8.5,,25.5,True,3,3.0,30.0,0.85
15,4,Apolo Anton Ohno,Karina Smirnoff,Athlete,Washington,United States,30,Eliminated Week 9,5,8.5,9.0,8.5,8.5,34.5,True,4,4.0,40.0,0.8625
15,5,Apolo Anton Ohno,Karina Smirnoff,Athlete,Washington,United States,30,Eliminated Week 9,5,9.0,9.75,9.5,,28.25,True,3,3.0,30.0,0.9416666666666667
15,6,Apolo Anton Ohno,Karina Smirnoff,Athlete,Washington,United States,30,Eliminated Week 9,5,10.0,10.0,10.0,,30.0,True,3,3.0,30.0,1.0
15,7,Apolo Anton Ohno,Karina Smirnoff,Athlete,Washington,United States,30,Eliminated Week 9,5,11.0,11.0,11.0,,33.0,True,3,3.0,30.0,1.1
15,8,Apolo Anton Ohno,Karina Smirnoff,Athlete,Washington,United States,30,Eliminated Week 9,5,9.7777,9.5,10.0,,29.2777,True,3,3.0,30.0,0.9759233333333334
15,9,Apolo Anton Ohno,Karina Smirnoff,Athlete,Washington,United States,30,Eliminated Week 9,5,9.3333,9.5,9.7777,,28.611,True,3,3.0,30.0,0.9537
15,10,Apolo Anton Ohno,Karina Smirnoff,Athlete,Washington,United States,30,Eliminated Week 9,5,0.0,0.0,0.0,,0.0,False,3,3.0,30.0,
4,1,Apolo Anton Ohno,Julianne Hough,Athlete,Washington,United States,24,1st Place,1,7.0,7.0,7.0,,21.0,True,3,3.0,30.0,0.7
4,2,Apolo Anton Ohno,Julianne Hough,Athlete,Washington,United States,24,1st Place,1,8.0,9.0,9.0,,26.0,True,3,3.0,30.0,0.8666666666666667
4,3,Apolo Anton Ohno,Julianne Hough,Athlete,Washington,United States,24,1st Place,1,7.0,8.0,8.0,,23.0,True,3,3.0,30.0,0.7666666666666667
4,4,Apolo Anton Ohno,Julianne Hough,Athlete,Washington,United States,24,1st Place,1,9.0,8.0,9.0,,26.0,True,3,3.0,30.0,0.8666666666666667
4,5,Apolo Anton Ohno,Julianne Hough,Athlete,Washington,United States,24,1st Place,1,10.0,10.0,10.0,,30.0,True,3,3.0,30.0,1.0
4,6,Apolo Anton Ohno,Julianne Hough,Athlete,Washington,United States,24,1st Place,1,9.0,9.0,10.0,,28.0,True,3,3.0,30.0,0.9333333333333333
4,7,Apolo Anton Ohno,Julianne Hough,Athlete,Washington,United States,24,1st Place,1,9.0,8.5,9.5,,27.0,True,3,3.0,30.0,0.9
4,8,Apolo Anton Ohno,Julianne Hough,Athlete,Washington,United States,24,1st Place,1,10.0,9.0,10.0,,29.0,True,3,3.0,30.0,0.9666666666666667
4,9,Apolo Anton Ohno,Julianne Hough,Athlete,Washington,United States,24,1st Place,1,10.0,9.5,10.0,,29.5,True,3,3.0,30.0,0.9833333333333333
4,10,Apolo Anton Ohno,Julianne Hough,Athlete,Washington,United States,24,1st Place,1,9.6666,9.6666,10.0,,29.3332,True,3,3.0,30.0,0.9777733333333334
32,1,Ariana Madix,Pasha Pashkov,TV Personality,Florida,United States,38,3rd Place,3,7.0,7.0,7.0,,21.0,True,3,3.0,30.0,0.7
32,2,Ariana Madix,Pasha Pashkov,TV Personality,Florida,United States,38,3rd Place,3,6.0,7.0,7.0,,20.0,True,3,3.0,30.0,0.6666666666666666
32,3,Ariana Madix,Pasha Pashkov,TV Personality,Florida,United States,38,3rd Place,3,9.0,8.0,9.0,8.0,34.0,True,4,4.0,40.0,0.85
32,4,Ariana Madix,Pasha Pashkov,TV Personality,Florida,United States,38,3rd Place,3,8.0,9.0,8.0,,25.0,True,3,3.0,30.0,0.8333333333333334
32,5,Ariana Madix,Pasha Pashkov,TV Personality,Florida,United States,38,3rd Place,3,8.0,8.0,8.0,,24.0,True,3,3.0,30.0,0.8
32,6,Ariana Madix,Pasha Pashkov,TV Personality,Florida,United States,38,3rd Place,3,10.0,10.0,10.0,11.0,41.0,True,4,4.0,40.0,1.025
32,7,Ariana Madix,Pasha Pashkov,TV Personality,Florida,United States,38,3rd Place,3,9.0,9.0,10.0,9.0,37.0,True,4,4.0,40.0,0.925
32,8,Ariana Madix,Pasha Pashkov,TV Personality,Florida,United States,38,3rd Place,3,9.75,10.75,10.75,10.75,42.0,True,4,4.0,40.0,1.05
32,9,Ariana Madix,Pasha Pashkov,TV Personality,Florida,United States,38,3rd Place,3,9.0,9.0,9.0,10.0,37.0,True,4,4.0,40.0,0.925
32,10,Ariana Madix,Pasha Pashkov,TV Personality,Florida,United States,38,3rd Place,3,9.5,9.5,10.0,,29.0,True,3,3.0,30.0,0.9666666666666667
32,11,Ariana Madix,Pasha Pashkov,TV Personality,Florida,United States,38,3rd Place,3,9.5,10.0,10.0,,29.5,True,3,3.0,30.0,0.9833333333333333
26,1,Arike Ogunbowale,Gleb Savchenko,Athlete,Wisconsin,United States,21,Eliminated Week 2,7,7.0,6.0,7.0,,20.0,True,3,3.0,30.0,0.6666666666666666
26,2,Arike Ogunbowale,Gleb Savchenko,Athlete,Wisconsin,United States,21,Eliminated Week 2,7,8.5,9.5,8.5,8.5,35.0,True,4,4.0,40.0,0.875
26,3,Arike Ogunbowale,Gleb Savchenko,Athlete,Wisconsin,United States,21,Eliminated Week 2,7,0.0,0.0,0.0,0.0,0.0,False,4,4.0,40.0,
26,4,Arike Ogunbowale,Gleb Savchenko,Athlete,Wisconsin,United States,21,Eliminated Week 2,7,0.0,0.0,0.0,,0.0,False,3,3.0,30.0,
9,1,Ashley Hamiliton,Edyta Sliwinska,Actor/Actress,California,United States,34,Eliminated Week 1,16,6.3333,7.3333,5.3333,,18.9999,True,3,3.0,30.0,0.6333300000000001
9,2,Ashley Hamiliton,Edyta Sliwinska,Actor/Actress,California,United States,34,Eliminated Week 1,16,0.0,0.0,0.0,,0.0,False,3,3.0,30.0,
9,3,Ashley Hamiliton,Edyta Sliwinska,Actor/Actress,California,United States,34,Eliminated Week 1,16,0.0,0.0,0.0,,0.0,False,3,3.0,30.0,
9,4,Ashley Hamiliton,Edyta Sliwinska,Actor/Actress,California,United States,34,Eliminated Week 1,16,0.0,0.0,0.0,,0.0,False,3,3.0,30.0,
9,5,Ashley Hamiliton,Edyta Sliwinska,Actor/Actress,California,United States,34,Eliminated Week 1,16,0.0,0.0,0.0,,0.0,False,3,3.0,30.0,
9,6,Ashley Hamiliton,Edyta Sliwinska,Actor/Actress,California,United States,34,Eliminated Week 1,16,0.0,0.0,0.0,,0.0,False,3,3.0,30.0,
9,7,Ashley Hamiliton,Edyta Sliwinska,Actor/Actress,California,United States,34,Eliminated Week 1,16,0.0,0.0,0.0,,0.0,False,3,3.0,30.0,
9,8,Ashley Hamiliton,Edyta Sliwinska,Actor/Actress,California,United States,34,Eliminated Week 1,16,0.0,0.0,0.0,,0.0,False,3,3.0,30.0,
9,9,Ashley Hamiliton,Edyta Sliwinska,Actor/Actress,California,United States,34,Eliminated Week 1,16,0.0,0.0,0.0,,0.0,False,3,3.0,30.0,
9,10,Ashley Hamiliton,Edyta Sliwinska,Actor/Actress,California,United States,34,Eliminated Week 1,16,0.0,0.0,0.0,,0.0,False,3,3.0,30.0,
11,1,Audrina Patridge,Tony Dovolani,TV Personality,California,United States,25,Eliminated Week 6,7,6.0,7.0,6.0,,19.0,True,3,3.0,30.0,0.6333333333333333
11,2,Audrina Patridge,Tony Dovolani,TV Personality,California,United States,25,Eliminated Week 6,7,8.0,8.0,7.0,,23.0,True,3,3.0,30.0,0.7666666666666667
11,3,Audrina Patridge,Tony Dovolani,TV Personality,California,United States,25,Eliminated Week 6,7,8.0,9.0,9.0,,26.0,True,3,3.0,30.0,0.8666666666666667
11,4,Audrina Patridge,Tony Dovolani,TV Personality,California,United States,25,Eliminated Week 6,7,8.0,7.5,7.5,,23.0,True,3,3.0,30.0,0.7666666666666667
11,5,Audrina Patridge,Tony Dovolani,TV Personality,California,United States,25,Eliminated Week 6,7,7.0,8.0,8.0,,23.0,True,3,3.0,30.0,0.7666666666666667
11,6,Audrina Patridge,Tony Dovolani,TV Personality,California,United States,25,Eliminated Week 6,7,10.6666,10.6666,10.6666,,31.9998,True,3,3.0,30.0,1.06666
11,7,Audrina Patridge,Tony Dovolani,TV Personality,California,United States,25,Eliminated Week 6,7,0.0,0.0,0.0,0.0,0.0,False,4,4.0,40.0,
11,8,Audrina Patridge,Tony Dovolani,TV Personality,California,United States,25,Eliminated Week 6,7,0.0,0.0,0.0,,0.0,False,3,3.0,30.0,
11,9,Audrina Patridge,Tony Dovolani,TV Personality,California,United States,25,Eliminated Week 6,7,0.0,0.0,0.0,,0.0,False,3,3.0,30.0,
11,10,Audrina Patridge,Tony Dovolani,TV Personality,California,United States,25,Eliminated Week 6,7,0.0,0.0,0.0,,0.0,False,3,3.0,30.0,
23,1,Babyface,Allison Holker,Singer/Rapper,Indiana,United States,57,Eliminated Week 4,11,7.0,6.0,6.0,7.0,26.0,True,4,4.0,40.0,0.65
23,2,Babyface,Allison Holker,Singer/Rapper,Indiana,United States,57,Eliminated Week 4,11,8.0,7.0,7.0,8.0,30.0,True,4,4.0,40.0,0.75
23,3,Babyface,Allison Holker,Singer/Rapper,Indiana,United States,57,Eliminated Week 4,11,7.0,6.0,6.0,6.0,25.0,True,4,4.0,40.0,0.625
23,4,Babyface,Allison Holker,Singer/Rapper,Indiana,United States,57,Eliminated Week 4,11,6.0,6.0,6.0,,18.0,True,3,3.0,30.0,0.6
23,5,Babyface,Allison Holker,Singer/Rapper,Indiana,United States,57,Eliminated Week 4,11,0.0,0.0,0.0,,0.0,False,3,3.0,30.0,
23,6,Babyface,Allison Holker,Singer/Rapper,Indiana,United States,57,Eliminated Week 4,11,0.0,0.0,0.0,0.0,0.0,False,4,4.0,40.0,
23,7,Babyface,Allison Holker,Singer/Rapper,Indiana,United States,57,Eliminated Week 4,11,0.0,0.0,0.0,0.0,0.0,False,4,4.0,40.0,
23,8,Babyface,Allison Holker,Singer/Rapper,Indiana,United States,57,Eliminated Week 4,11,0.0,0.0,0.0,,0.0,False,3,3.0,30.0,
23,9,Babyface,Allison Holker,Singer/Rapper,Indiana,United States,57,Eliminated Week 4,11,0.0,0.0,0.0,0.0,0.0,False,4,4.0,40.0,
23,10,Babyface,Allison Holker,Singer/Rapper,Indiana,United States,57,Eliminated Week 4,11,0.0,0.0,0.0,,0.0,False,3,3.0,30.0,
23,11,Babyface,Allison Holker,Singer/Rapper,Indiana,United States,57,Eliminated Week 4,11,0.0,0.0,0.0,0.0,0.0,False,4,4.0,40.0,
25,1,Barbara Corcoran,Keo Motsepe,Entrepreneur,New Jersey,United States,68,Eliminated Week 2,13,5.0,4.0,5.0,,14.0,True,3,3.0,30.0,0.4666666666666667
25,2,Barbara Corcoran,Keo Motsepe,Entrepreneur,New Jersey,United States,68,Eliminated Week 2,13,6.0,5.0,6.0,,17.0,True,3,3.0,30.0,0.5666666666666667
25,3,Barbara Corcoran,Keo Motsepe,Entrepreneur,New Jersey,United States,68,Eliminated Week 2,13,0.0,0.0,0.0,,0.0,False,3,3.0,30.0,
25,4,Barbara Corcoran,Keo Motsepe,Entrepreneur,New Jersey,United States,68,Eliminated Week 2,13,0.0,0.0,0.0,,0.0,False,3,3.0,30.0,
25,5,Barbara Corcoran,Keo Motsepe,Entrepreneur,New Jersey,United States,68,Eliminated Week 2,13,0.0,0.0,0.0,,0.0,False,3,3.0,30.0,
25,6,Barbara Corcoran,Keo Motsepe,Entrepreneur,New Jersey,United States,68,Eliminated Week 2,13,0.0,0.0,0.0,0.0,0.0,False,4,4.0,40.0,
25,7,Barbara Corcoran,Keo Motsepe,Entrepreneur,New Jersey,United States,68,Eliminated Week 2,13,0.0,0.0,0.0,,0.0,False,3,3.0,30.0,
25,8,Barbara Corcoran,Keo Motsepe,Entrepreneur,New Jersey,United States,68,Eliminated Week 2,13,0.0,0.0,0.0,,0.0,False,3,3.0,30.0,
25,9,Barbara Corcoran,Keo Motsepe,Entrepreneur,New Jersey,United States,68,Eliminated Week 2,13,0.0,0.0,0.0,,0.0,False,3,3.0,30.0,
25,10,Barbara Corcoran,Keo Motsepe,Entrepreneur,New Jersey,United States,68,Eliminated Week 2,13,0.0,0.0,0.0,0.0,0.0,False,4,4.0,40.0,
34,1,Baron Davis,Britt Stewart,Athlete,California,United States,46,Eliminated Week 2,13,5.0,5.0,,,10.0,True,2,2.0,20.0,0.5
34,2,Baron Davis,Britt Stewart,Athlete,California,United States,46,Eliminated Week 2,13,6.0,6.0,6.0,,18.0,True,3,3.0,30.0,0.6
34,3,Baron Davis,Britt Stewart,Athlete,California,United States,46,Eliminated Week 2,13,0.0,0.0,0.0,,0.0,False,3,3.0,30.0,
34,4,Baron Davis,Britt Stewart,Athlete,California,United States,46,Eliminated Week 2,13,0.0,0.0,0.0,,0.0,False,3,3.0,30.0,
34,5,Baron Davis,Britt Stewart,Athlete,California,United States,46,Eliminated Week 2,13,0.0,0.0,0.0,0.0,0.0,False,4,4.0,40.0,
34,6,Baron Davis,Britt Stewart,Athlete,California,United States,46,Eliminated Week 2,13,0.0,0.0,0.0,0.0,0.0,False,4,4.0,40.0,
34,7,Baron Davis,Britt Stewart,Athlete,California,United States,46,Eliminated Week 2,13,0.0,0.0,0.0,0.0,0.0,False,4,4.0,40.0,
34,8,Baron Davis,Britt Stewart,Athlete,California,United States,46,Eliminated Week 2,13,0.0,0.0,0.0,0.0,0.0,False,4,4.0,40.0,
34,9,Baron Davis,Britt Stewart,Athlete,California,United States,46,Eliminated Week 2,13,0.0,0.0,0.0,0.0,0.0,False,4,4.0,40.0,
34,10,Baron Davis,Britt Stewart,Athlete,California,United States,46,Eliminated Week 2,13,0.0,0.0,0.0,,0.0,False,3,3.0,30.0,
34,11,Baron Davis,Britt Stewart,Athlete,California,United States,46,Eliminated Week 2,13,0.0,0.0,0.0,,0.0,False,3,3.0,30.0,
32,1,Barry Williams,Peta Murgatroyd,Actor/Actress,California,United States,68,Eliminated Week 8,7,6.0,5.0,5.0,,16.0,True,3,3.0,30.0,0.5333333333333333
32,2,Barry Williams,Peta Murgatroyd,Actor/Actress,California,United States,68,Eliminated Week 8,7,5.0,5.0,5.0,,15.0,True,3,3.0,30.0,0.5
32,3,Barry Williams,Peta Murgatroyd,Actor/Actress,California,United States,68,Eliminated Week 8,7,6.0,6.0,7.0,6.0,25.0,True,4,4.0,40.0,0.625
32,4,Barry Williams,Peta Murgatroyd,Actor/Actress,California,United States,68,Eliminated Week 8,7,6.0,6.0,6.0,,18.0,True,3,3.0,30.0,0.6
32,5,Barry Williams,Peta Murgatroyd,Actor/Actress,California,United States,68,Eliminated Week 8,7,8.0,8.0,8.0,,24.0,True,3,3.0,30.0,0.8
32,6,Barry Williams,Peta Murgatroyd,Actor/Actress,California,United States,68,Eliminated Week 8,7,8.25,7.25,8.25,8.25,32.0,True,4,4.0,40.0,0.8
32,7,Barry Williams,Peta Murgatroyd,Actor/Actress,California,United States,68,Eliminated Week 8,7,8.0,8.0,8.5,8.0,32.5,True,4,4.0,40.0,0.8125
32,8,Barry Williams,Peta Murgatroyd,Actor/Actress,California,United States,68,Eliminated Week 8,7,8.75,8.75,8.75,8.75,35.0,True,4,4.0,40.0,0.875
32,9,Barry Williams,Peta Murgatroyd,Actor/Actress,California,United States,68,Eliminated Week 8,7,0.0,0.0,0.0,0.0,0.0,False,4,4.0,40.0,
32,10,Barry Williams,Peta Murgatroyd,Actor/Actress,California,United States,68,Eliminated Week 8,7,0.0,0.0,0.0,,0.0,False,3,3.0,30.0,
32,11,Barry Williams,Peta Murgatroyd,Actor/Actress,California,United States,68,Eliminated Week 8,7,0.0,0.0,0.0,,0.0,False,3,3.0,30.0,
8,1,Belinda Carlisle,Jonathan Roberts,Singer/Rapper,California,United States,50,Eliminated Week 2,13,6.0,6.0,5.0,,17.0,True,3,3.0,30.0,0.5666666666666667
8,2,Belinda Carlisle,Jonathan Roberts,Singer/Rapper,California,United States,50,Eliminated Week 2,13,6.0,6.0,6.0,,18.0,True,3,3.0,30.0,0.6
8,3,Belinda Carlisle,Jonathan Roberts,Singer/Rapper,California,United States,50,Eliminated Week 2,13,0.0,0.0,0.0,,0.0,False,3,3.0,30.0,
8,4,Belinda Carlisle,Jonathan Roberts,Singer/Rapper,California,United States,50,Eliminated Week 2,13,0.0,0.0,0.0,,0.0,False,3,3.0,30.0,
8,5,Belinda Carlisle,Jonathan Roberts,Singer/Rapper,California,United States,50,Eliminated Week 2,13,0.0,0.0,0.0,,0.0,False,3,3.0,30.0,
8,6,Belinda Carlisle,Jonathan Roberts,Singer/Rapper,California,United States,50,Eliminated Week 2,13,0.0,0.0,0.0,,0.0,False,3,3.0,30.0,
8,7,Belinda Carlisle,Jonathan Roberts,Singer/Rapper,California,United States,50,Eliminated Week 2,13,0.0,0.0,0.0,,0.0,False,3,3.0,30.0,
8,8,Belinda Carlisle,Jonathan Roberts,Singer/Rapper,California,United States,50,Eliminated Week 2,13,0.0,0.0,0.0,,0.0,False,3,3.0,30.0,
8,9,Belinda Carlisle,Jonathan Roberts,Singer/Rapper,California,United States,50,Eliminated Week 2,13,0.0,0.0,0.0,,0.0,False,3,3.0,30.0,
8,10,Belinda Carlisle,Jonathan Roberts,Singer/Rapper,California,United States,50,Eliminated Week 2,13,0.0,0.0,0.0,,0.0,False,3,3.0,30.0,
8,11,Belinda Carlisle,Jonathan Roberts,Singer/Rapper,California,United States,50,Eliminated Week 2,13,0.0,0.0,0.0,,0.0,False,3,3.0,30.0,
19,1,Bethany Mota,Derek Hough,Social Media Personality,California,United States,18,Eliminated Week 11,4,8.0,8.0,8.0,8.0,32.0,True,4,4.0,40.0,0.8
19,2,Bethany Mota,Derek Hough,Social Media Personality,California,United States,18,Eliminated Week 11,4,8.0,9.0,8.0,8.0,33.0,True,4,4.0,40.0,0.825
19,3,Bethany Mota,Derek Hough,Social Media Personality,California,United States,18,Eliminated Week 11,4,10.0,10.0,10.0,10.0,40.0,True,4,4.0,40.0,1.0
19,4,Bethany Mota,Derek Hough,Social Media Personality,California,United States,18,Eliminated Week 11,4,8.0,8.0,8.0,9.0,33.0,True,4,4.0,40.0,0.825
19,5,Bethany Mota,Derek Hough,Social Media Personality,California,United States,18,Eliminated Week 11,4,8.0,8.0,8.0,8.0,32.0,True,4,4.0,40.0,0.8
19,6,Bethany Mota,Derek Hough,Social Media Personality,California,United States,18,Eliminated Week 11,4,9.0,9.0,9.0,9.0,36.0,True,4,4.0,40.0,0.9
19,7,Bethany Mota,Derek Hough,Social Media Personality,California,United States,18,Eliminated Week 11,4,9.5,9.0,9.5,9.5,37.5,True,4,4.0,40.0,0.9375
19,8,Bethany Mota,Derek Hough,Social Media Personality,California,United States,18,Eliminated Week 11,4,9.75,9.75,9.75,10.75,40.0,True,4,4.0,40.0,1.0
19,9,Bethany Mota,Derek Hough,Social Media Personality,California,United States,18,Eliminated Week 11,4,9.0,9.5,9.5,9.0,37.0,True,4,4.0,40.0,0.925
19,10,Bethany Mota,Derek Hough,Social Media Personality,California,United States,18,Eliminated Week 11,4,9.5,9.5,9.5,9.5,38.0,True,4,4.0,40.0,0.95
19,11,Bethany Mota,Derek Hough,Social Media Personality,California,United States,18,Eliminated Week 11,4,9.5,9.5,9.5,9.5,38.0,True,4,4.0,40.0,0.95
19,1,Betsey Johnson,Tony Dovolani,Fashion Designer,Connecticut,United States,72,Eliminated Week 4,10,5.0,5.0,5.0,5.0,20.0,True,4,4.0,40.0,0.5
19,2,Betsey Johnson,Tony Dovolani,Fashion Designer,Connecticut,United States,72,Eliminated Week 4,10,7.0,7.0,7.0,7.0,28.0,True,4,4.0,40.0,0.7
19,3,Betsey Johnson,Tony Dovolani,Fashion Designer,Connecticut,United States,72,Eliminated Week 4,10,7.0,9.0,6.0,7.0,29.0,True,4,4.0,40.0,0.725
19,4,Betsey Johnson,Tony Dovolani,Fashion Designer,Connecticut,United States,72,Eliminated Week 4,10,8.0,7.0,7.0,7.0,29.0,True,4,4.0,40.0,0.725
19,5,Betsey Johnson,Tony Dovolani,Fashion Designer,Connecticut,United States,72,Eliminated Week 4,10,0.0,0.0,0.0,0.0,0.0,False,4,4.0,40.0,
19,6,Betsey Johnson,Tony Dovolani,Fashion Designer,Connecticut,United States,72,Eliminated Week 4,10,0.0,0.0,0.0,0.0,0.0,False,4,4.0,40.0,
19,7,Betsey Johnson,Tony Dovolani,Fashion Designer,Connecticut,United States,72,Eliminated Week 4,10,0.0,0.0,0.0,0.0,0.0,False,4,4.0,40.0,
19,8,Betsey Johnson,Tony Dovolani,Fashion Designer,Connecticut,United States,72,Eliminated Week 4,10,0.0,0.0,0.0,0.0,0.0,False,4,4.0,40.0,
19,9,Betsey Johnson,Tony Dovolani,Fashion Designer,Connecticut,United States,72,Eliminated Week 4,10,0.0,0.0,0.0,0.0,0.0,False,4,4.0,40.0,
19,10,Betsey Johnson,Tony Dovolani,Fashion Designer,Connecticut,United States,72,Eliminated Week 4,10,0.0,0.0,0.0,0.0,0.0,False,4,4.0,40.0,
19,11,Betsey Johnson,Tony Dovolani,Fashion Designer,Connecticut,United States,72,Eliminated Week 4,10,0.0,0.0,0.0,0.0,0.0,False,4,4.0,40.0,
17,1,Bill Engvall,Emma Slater,Comedian,Texas,United States,56,Eliminated Week 11,4,6.0,6.0,6.0,,18.0,True,3,3.0,30.0,0.6
17,2,Bill Engvall,Emma Slater,Comedian,Texas,United States,56,Eliminated Week 11,4,7.0,7.0,7.0,,21.0,True,3,3.0,30.0,0.7
17,3,Bill Engvall,Emma Slater,Comedian,Texas,United States,56,Eliminated Week 11,4,8.0,8.0,8.0,,24.0,True,3,3.0,30.0,0.8
17,4,Bill Engvall,Emma Slater,Comedian,Texas,United States,56,Eliminated Week 11,4,7.0,7.0,7.0,,21.0,True,3,3.0,30.0,0.7
17,5,Bill Engvall,Emma Slater,Comedian,Texas,United States,56,Eliminated Week 11,4,8.0,8.0,8.0,,24.0,True,3,3.0,30.0,0.8
17,6,Bill Engvall,Emma Slater,Comedian,Texas,United States,56,Eliminated Week 11,4,8.3333,8.3333,7.3333,,23.9999,True,3,3.0,30.0,0.7999966666666667
17,7,Bill Engvall,Emma Slater,Comedian,Texas,United States,56,Eliminated Week 11,4,8.5,8.0,8.5,,25.0,True,3,3.0,30.0,0.8333333333333334
17,8,Bill Engvall,Emma Slater,Comedian,Texas,United States,56,Eliminated Week 11,4,8.0,8.0,8.0,,24.0,True,3,3.0,30.0,0.8
17,9,Bill Engvall,Emma Slater,Comedian,Texas,United States,56,Eliminated Week 11,4,7.0,7.0,7.0,,21.0,True,3,3.0,30.0,0.7
17,10,Bill Engvall,Emma Slater,Comedian,Texas,United States,56,Eliminated Week 11,4,7.5,7.5,7.5,7.5,30.0,True,4,4.0,40.0,0.75
17,11,Bill Engvall,Emma Slater,Comedian,Texas,United States,56,Eliminated Week 11,4,8.3333,8.8333,8.3333,,25.499899999999997,True,3,3.0,30.0,0.8499966666666665
17,1,Bill Nye,Tyne Stecklein,TV Personality,Washington D.C.,United States,57,Eliminated Week 3,11,5.0,4.0,5.0,,14.0,True,3,3.0,30.0,0.4666666666666667
17,2,Bill Nye,Tyne Stecklein,TV Personality,Washington D.C.,United States,57,Eliminated Week 3,11,6.0,5.0,6.0,,17.0,True,3,3.0,30.0,0.5666666666666667
17,3,Bill Nye,Tyne Stecklein,TV Personality,Washington D.C.,United States,57,Eliminated Week 3,11,6.0,5.0,5.0,,16.0,True,3,3.0,30.0,0.5333333333333333
17,4,Bill Nye,Tyne Stecklein,TV Personality,Washington D.C.,United States,57,Eliminated Week 3,11,0.0,0.0,0.0,,0.0,False,3,3.0,30.0,
17,5,Bill Nye,Tyne Stecklein,TV Personality,Washington D.C.,United States,57,Eliminated Week 3,11,0.0,0.0,0.0,,0.0,False,3,3.0,30.0,
17,6,Bill Nye,Tyne Stecklein,TV Personality,Washington D.C.,United States,57,Eliminated Week 3,11,0.0,0.0,0.0,,0.0,False,3,3.0,30.0,
17,7,Bill Nye,Tyne Stecklein,TV Personality,Washington D.C.,United States,57,Eliminated Week 3,11,0.0,0.0,0.0,,0.0,False,3,3.0,30.0,
17,8,Bill Nye,Tyne Stecklein,TV Personality,Washington D.C.,United States,57,Eliminated Week 3,11,0.0,0.0,0.0,,0.0,False,3,3.0,30.0,
17,9,Bill Nye,Tyne Stecklein,TV Personality,Washington D.C.,United States,57,Eliminated Week 3,11,0.0,0.0,0.0,,0.0,False,3,3.0,30.0,
17,10,Bill Nye,Tyne Stecklein,TV Personality,Washington D.C.,United States,57,Eliminated Week 3,11,0.0,0.0,0.0,0.0,0.0,False,4,4.0,40.0,
17,11,Bill Nye,Tyne Stecklein,TV Personality,Washington D.C.,United States,57,Eliminated Week 3,11,0.0,0.0,0.0,,0.0,False,3,3.0,30.0,
18,1,Billy Dee Williams,Emma Slater,Actor/Actress,New York,United States,76,Withdrew,10,5.0,5.0,5.0,,15.0,True,3,3.0,30.0,0.5
18,2,Billy Dee Williams,Emma Slater,Actor/Actress,New York,United States,76,Withdrew,10,5.0,5.0,5.0,,15.0,True,3,3.0,30.0,0.5
18,3,Billy Dee Williams,Emma Slater,Actor/Actress,New York,United States,76,Withdrew,10,0.0,0.0,0.0,0.0,0.0,False,4,4.0,40.0,
18,4,Billy Dee Williams,Emma Slater,Actor/Actress,New York,United States,76,Withdrew,10,0.0,0.0,0.0,0.0,0.0,False,4,4.0,40.0,
18,5,Billy Dee Williams,Emma Slater,Actor/Actress,New York,United States,76,Withdrew,10,0.0,0.0,0.0,0.0,0.0,False,4,4.0,40.0,
18,6,Billy Dee Williams,Emma Slater,Actor/Actress,New York,United States,76,Withdrew,10,0.0,0.0,0.0,0.0,0.0,False,4,4.0,40.0,
18,7,Billy Dee Williams,Emma Slater,Actor/Actress,New York,United States,76,Withdrew,10,0.0,0.0,0.0,0.0,0.0,False,4,4.0,40.0,
18,8,Billy Dee Williams,Emma Slater,Actor/Actress,New York,United States,76,Withdrew,10,0.0,0.0,0.0,0.0,0.0,False,4,4.0,40.0,
18,9,Billy Dee Williams,Emma Slater,Actor/Actress,New York,United States,76,Withdrew,10,0.0,0.0,0.0,0.0,0.0,False,4,4.0,40.0,
18,10,Billy Dee Williams,Emma Slater,Actor/Actress,New York,United States,76,Withdrew,10,0.0,0.0,0.0,,0.0,False,3,3.0,30.0,
4,1,Billy Ray Cyrus,Karina Smirnoff,Singer/Rapper,Kentucky,United States,45,Eliminated Week 8,5,5.0,4.0,4.0,,13.0,True,3,3.0,30.0,0.43333333333333335
4,2,Billy Ray Cyrus,Karina Smirnoff,Singer/Rapper,Kentucky,United States,45,Eliminated Week 8,5,7.0,7.0,7.0,,21.0,True,3,3.0,30.0,0.7
4,3,Billy Ray Cyrus,Karina Smirnoff,Singer/Rapper,Kentucky,United States,45,Eliminated Week 8,5,7.0,7.0,7.0,,21.0,True,3,3.0,30.0,0.7
4,4,Billy Ray Cyrus,Karina Smirnoff,Singer/Rapper,Kentucky,United States,45,Eliminated Week 8,5,7.0,7.0,7.0,,21.0,True,3,3.0,30.0,0.7
4,5,Billy Ray Cyrus,Karina Smirnoff,Singer/Rapper,Kentucky,United States,45,Eliminated Week 8,5,6.0,6.0,5.0,,17.0,True,3,3.0,30.0,0.5666666666666667
4,6,Billy Ray Cyrus,Karina Smirnoff,Singer/Rapper,Kentucky,United States,45,Eliminated Week 8,5,7.0,7.0,7.0,,21.0,True,3,3.0,30.0,0.7
4,7,Billy Ray Cyrus,Karina Smirnoff,Singer/Rapper,Kentucky,United States,45,Eliminated Week 8,5,6.0,6.5,6.5,,19.0,True,3,3.0,30.0,0.6333333333333333
4,8,Billy Ray Cyrus,Karina Smirnoff,Singer/Rapper,Kentucky,United States,45,Eliminated Week 8,5,6.5,6.5,6.0,,19.0,True,3,3.0,30.0,0.6333333333333333
4,9,Billy Ray Cyrus,Karina Smirnoff,Singer/Rapper,Kentucky,United States,45,Eliminated Week 8,5,0.0,0.0,0.0,,0.0,False,3,3.0,30.0,
4,10,Billy Ray Cyrus,Karina Smirnoff,Singer/Rapper,Kentucky,United States,45,Eliminated Week 8,5,0.0,0.0,0.0,,0.0,False,3,3.0,30.0,
27,1,Bobby Bones,Sharna Burgess,Radio Personality,Arkansas,United States,38,1st Place,1,7.0,6.0,7.0,,20.0,True,3,3.0,30.0,0.6666666666666666
27,2,Bobby Bones,Sharna Burgess,Radio Personality,Arkansas,United States,38,1st Place,1,7.0,6.0,6.5,,19.5,True,3,3.0,30.0,0.65
27,3,Bobby Bones,Sharna Burgess,Radio Personality,Arkansas,United States,38,1st Place,1,8.0,7.0,8.0,,23.0,True,3,3.0,30.0,0.7666666666666667
27,4,Bobby Bones,Sharna Burgess,Radio Personality,Arkansas,United States,38,1st Place,1,7.0,6.0,7.0,,20.0,True,3,3.0,30.0,0.6666666666666666
27,5,Bobby Bones,Sharna Burgess,Radio Personality,Arkansas,United States,38,1st Place,1,7.0,7.0,7.0,,21.0,True,3,3.0,30.0,0.7
27,6,Bobby Bones,Sharna Burgess,Radio Personality,Arkansas,United States,38,1st Place,1,8.0,7.0,7.0,,22.0,True,3,3.0,30.0,0.7333333333333333
27,7,Bobby Bones,Sharna Burgess,Radio Personality,Arkansas,United States,38,1st Place,1,9.0,8.5,9.0,,26.5,True,3,3.0,30.0,0.8833333333333333
27,8,Bobby Bones,Sharna Burgess,Radio Personality,Arkansas,United States,38,1st Place,1,7.5,7.5,7.5,,22.5,True,3,3.0,30.0,0.75
27,9,Bobby Bones,Sharna Burgess,Radio Personality,Arkansas,United States,38,1st Place,1,9.0,9.0,9.0,,27.0,True,3,3.0,30.0,0.9
24,1,Bonner Bolton,Sharna Burgess,Athlete,Texas,United States,29,Eliminated Week 8,5,6.0,5.0,5.0,6.0,22.0,True,4,4.0,40.0,0.55
24,2,Bonner Bolton,Sharna Burgess,Athlete,Texas,United States,29,Eliminated Week 8,5,8.0,5.0,8.0,7.0,28.0,True,4,4.0,40.0,0.7
24,3,Bonner Bolton,Sharna Burgess,Athlete,Texas,United States,29,Eliminated Week 8,5,6.0,6.0,6.0,6.0,24.0,True,4,4.0,40.0,0.6
24,4,Bonner Bolton,Sharna Burgess,Athlete,Texas,United States,29,Eliminated Week 8,5,8.0,8.0,8.0,8.0,32.0,True,4,4.0,40.0,0.8
24,5,Bonner Bolton,Sharna Burgess,Athlete,Texas,United States,29,Eliminated Week 8,5,7.0,8.0,8.0,7.0,30.0,True,4,4.0,40.0,0.75
24,6,Bonner Bolton,Sharna Burgess,Athlete,Texas,United States,29,Eliminated Week 8,5,8.0,8.5,7.5,7.5,31.5,True,4,4.0,40.0,0.7875
24,7,Bonner Bolton,Sharna Burgess,Athlete,Texas,United States,29,Eliminated Week 8,5,7.5,7.5,8.5,7.5,31.0,True,4,4.0,40.0,0.775
24,8,Bonner Bolton,Sharna Burgess,Athlete,Texas,United States,29,Eliminated Week 8,5,7.5,7.0,7.5,7.0,29.0,True,4,4.0,40.0,0.725
24,9,Bonner Bolton,Sharna Burgess,Athlete,Texas,United States,29,Eliminated Week 8,5,0.0,0.0,0.0,0.0,0.0,False,4,4.0,40.0,
24,10,Bonner Bolton,Sharna Burgess,Athlete,Texas,United States,29,Eliminated Week 8,5,0.0,0.0,0.0,0.0,0.0,False,4,4.0,40.0,
11,1,Brandy,Maksim Chmerkoskiy,Singer/Rapper,Mississippi,United States,31,Eliminated Week 9,4,7.0,8.0,8.0,,23.0,True,3,3.0,30.0,0.7666666666666667
11,2,Brandy,Maksim Chmerkoskiy,Singer/Rapper,Mississippi,United States,31,Eliminated Week 9,4,7.0,7.0,7.0,,21.0,True,3,3.0,30.0,0.7
11,3,Brandy,Maksim Chmerkoskiy,Singer/Rapper,Mississippi,United States,31,Eliminated Week 9,4,8.0,8.0,8.0,,24.0,True,3,3.0,30.0,0.8
11,4,Brandy,Maksim Chmerkoskiy,Singer/Rapper,Mississippi,United States,31,Eliminated Week 9,4,8.0,8.0,8.0,,24.0,True,3,3.0,30.0,0.8
11,5,Brandy,Maksim Chmerkoskiy,Singer/Rapper,Mississippi,United States,31,Eliminated Week 9,4,9.0,9.0,9.0,,27.0,True,3,3.0,30.0,0.9
11,6,Brandy,Maksim Chmerkoskiy,Singer/Rapper,Mississippi,United States,31,Eliminated Week 9,4,11.3333,12.3333,12.3333,,35.9999,True,3,3.0,30.0,1.1999966666666666
11,7,Brandy,Maksim Chmerkoskiy,Singer/Rapper,Mississippi,United States,31,Eliminated Week 9,4,9.0,9.0,9.5,9.0,36.5,True,4,4.0,40.0,0.9125
11,8,Brandy,Maksim Chmerkoskiy,Singer/Rapper,Mississippi,United States,31,Eliminated Week 9,4,9.0,9.5,10.0,,28.5,True,3,3.0,30.0,0.95
11,9,Brandy,Maksim Chmerkoskiy,Singer/Rapper,Mississippi,United States,31,Eliminated Week 9,4,9.5,9.5,9.5,,28.5,True,3,3.0,30.0,0.95
11,10,Brandy,Maksim Chmerkoskiy,Singer/Rapper,Mississippi,United States,31,Eliminated Week 9,4,0.0,0.0,0.0,,0.0,False,3,3.0,30.0,
17,1,Brant Daugherty,Peta Murgatroyd,Actor/Actress,Ohio,United States,28,Eliminated Week 8,7,7.0,8.0,7.0,,22.0,True,3,3.0,30.0,0.7333333333333333
17,2,Brant Daugherty,Peta Murgatroyd,Actor/Actress,Ohio,United States,28,Eliminated Week 8,7,8.0,7.0,8.0,,23.0,True,3,3.0,30.0,0.7666666666666667
17,3,Brant Daugherty,Peta Murgatroyd,Actor/Actress,Ohio,United States,28,Eliminated Week 8,7,9.0,9.0,9.0,,27.0,True,3,3.0,30.0,0.9
17,4,Brant Daugherty,Peta Murgatroyd,Actor/Actress,Ohio,United States,28,Eliminated Week 8,7,7.0,7.0,7.0,,21.0,True,3,3.0,30.0,0.7
17,5,Brant Daugherty,Peta Murgatroyd,Actor/Actress,Ohio,United States,28,Eliminated Week 8,7,9.0,9.0,9.0,,27.0,True,3,3.0,30.0,0.9
17,6,Brant Daugherty,Peta Murgatroyd,Actor/Actress,Ohio,United States,28,Eliminated Week 8,7,10.0,11.0,10.0,,31.0,True,3,3.0,30.0,1.0333333333333334
17,7,Brant Daugherty,Peta Murgatroyd,Actor/Actress,Ohio,United States,28,Eliminated Week 8,7,9.5,9.5,9.5,,28.5,True,3,3.0,30.0,0.95
17,8,Brant Daugherty,Peta Murgatroyd,Actor/Actress,Ohio,United States,28,Eliminated Week 8,7,9.0,9.0,9.0,,27.0,True,3,3.0,30.0,0.9
17,9,Brant Daugherty,Peta Murgatroyd,Actor/Actress,Ohio,United States,28,Eliminated Week 8,7,0.0,0.0,0.0,,0.0,False,3,3.0,30.0,
17,10,Brant Daugherty,Peta Murgatroyd,Actor/Actress,Ohio,United States,28,Eliminated Week 8,7,0.0,0.0,0.0,0.0,0.0,False,4,4.0,40.0,
17,11,Brant Daugherty,Peta Murgatroyd,Actor/Actress,Ohio,United States,28,Eliminated Week 8,7,0.0,0.0,0.0,,0.0,False,3,3.0,30.0,
30,1,Brian Austin Green,Sharna Burgess,Actor/Actress,California,United States,48,Eliminated Week 4,13,6.0,6.0,6.0,6.0,24.0,True,4,4.0,40.0,0.6
30,2,Brian Austin Green,Sharna Burgess,Actor/Actress,California,United States,48,Eliminated Week 4,13,6.0,5.0,6.0,6.0,23.0,True,4,4.0,40.0,0.575
30,3,Brian Austin Green,Sharna Burgess,Actor/Actress,California,United States,48,Eliminated Week 4,13,7.0,6.0,6.0,,19.0,True,3,3.0,30.0,0.6333333333333333
30,4,Brian Austin Green,Sharna Burgess,Actor/Actress,California,United States,48,Eliminated Week 4,13,6.5,6.0,7.0,6.5,26.0,True,4,4.0,40.0,0.65
30,5,Brian Austin Green,Sharna Burgess,Actor/Actress,California,United States,48,Eliminated Week 4,13,0.0,0.0,0.0,0.0,0.0,False,4,4.0,40.0,
30,6,Brian Austin Green,Sharna Burgess,Actor/Actress,California,United States,48,Eliminated Week 4,13,0.0,0.0,0.0,0.0,0.0,False,4,4.0,40.0,
30,7,Brian Austin Green,Sharna Burgess,Actor/Actress,California,United States,48,Eliminated Week 4,13,0.0,0.0,0.0,0.0,0.0,False,4,4.0,40.0,
30,8,Brian Austin Green,Sharna Burgess,Actor/Actress,California,United States,48,Eliminated Week 4,13,0.0,0.0,0.0,0.0,0.0,False,4,4.0,40.0,
30,9,Brian Austin Green,Sharna Burgess,Actor/Actress,California,United States,48,Eliminated Week 4,13,0.0,0.0,0.0,0.0,0.0,False,4,4.0,40.0,
30,10,Brian Austin Green,Sharna Burgess,Actor/Actress,California,United States,48,Eliminated Week 4,13,0.0,0.0,0.0,0.0,0.0,False,4,4.0,40.0,
11,1,Bristol Palin,Mark Ballas,TV Personality,Alaska,United States,19,3rd Place,3,6.0,6.0,6.0,,18.0,True,3,3.0,30.0,0.6
11,2,Bristol Palin,Mark Ballas,TV Personality,Alaska,United States,19,3rd Place,3,7.0,8.0,7.0,,22.0,True,3,3.0,30.0,0.7333333333333333
11,3,Bristol Palin,Mark Ballas,TV Personality,Alaska,United States,19,3rd Place,3,6.0,6.0,7.0,,19.0,True,3,3.0,30.0,0.6333333333333333
11,4,Bristol Palin,Mark Ballas,TV Personality,Alaska,United States,19,3rd Place,3,5.0,5.5,5.5,,16.0,True,3,3.0,30.0,0.5333333333333333
11,5,Bristol Palin,Mark Ballas,TV Personality,Alaska,United States,19,3rd Place,3,6.0,6.0,6.0,,18.0,True,3,3.0,30.0,0.6
11,6,Bristol Palin,Mark Ballas,TV Personality,Alaska,United States,19,3rd Place,3,9.6666,8.6666,9.6666,,27.9998,True,3,3.0,30.0,0.9333266666666666
11,7,Bristol Palin,Mark Ballas,TV Personality,Alaska,United States,19,3rd Place,3,8.5,8.0,8.0,8.0,32.5,True,4,4.0,40.0,0.8125
11,8,Bristol Palin,Mark Ballas,TV Personality,Alaska,United States,19,3rd Place,3,7.5,8.0,8.0,,23.5,True,3,3.0,30.0,0.7833333333333333
11,9,Bristol Palin,Mark Ballas,TV Personality,Alaska,United States,19,3rd Place,3,8.5,9.0,9.0,,26.5,True,3,3.0,30.0,0.8833333333333333
11,10,Bristol Palin,Mark Ballas,TV Personality,Alaska,United States,19,3rd Place,3,8.3333,9.0,8.3333,,25.666600000000003,True,3,3.0,30.0,0.8555533333333334
15,1,Bristol Palin,Mark Ballas,TV Personality,Alaska,United States,21,Eliminated Week 4,9,6.5,6.5,6.5,,19.5,True,3,3.0,30.0,0.65
15,2,Bristol Palin,Mark Ballas,TV Personality,Alaska,United States,21,Eliminated Week 4,9,6.0,6.0,6.0,,18.0,True,3,3.0,30.0,0.6
15,3,Bristol Palin,Mark Ballas,TV Personality,Alaska,United States,21,Eliminated Week 4,9,7.5,7.5,7.5,,22.5,True,3,3.0,30.0,0.75
15,4,Bristol Palin,Mark Ballas,TV Personality,Alaska,United States,21,Eliminated Week 4,9,8.0,8.0,8.0,8.0,32.0,True,4,4.0,40.0,0.8
15,5,Bristol Palin,Mark Ballas,TV Personality,Alaska,United States,21,Eliminated Week 4,9,0.0,0.0,0.0,,0.0,False,3,3.0,30.0,
15,6,Bristol Palin,Mark Ballas,TV Personality,Alaska,United States,21,Eliminated Week 4,9,0.0,0.0,0.0,,0.0,False,3,3.0,30.0,
15,7,Bristol Palin,Mark Ballas,TV Personality,Alaska,United States,21,Eliminated Week 4,9,0.0,0.0,0.0,,0.0,False,3,3.0,30.0,
15,8,Bristol Palin,Mark Ballas,TV Personality,Alaska,United States,21,Eliminated Week 4,9,0.0,0.0,0.0,,0.0,False,3,3.0,30.0,
15,9,Bristol Palin,Mark Ballas,TV Personality,Alaska,United States,21,Eliminated Week 4,9,0.0,0.0,0.0,,0.0,False,3,3.0,30.0,
15,10,Bristol Palin,Mark Ballas,TV Personality,Alaska,United States,21,Eliminated Week 4,9,0.0,0.0,0.0,,0.0,False,3,3.0,30.0,
7,1,Brooke Burke,Derek Hough,TV Personality,Connecticut,United States,37,1st Place,1,8.0,8.0,8.5,,24.5,True,3,3.0,30.0,0.8166666666666667
7,2,Brooke Burke,Derek Hough,TV Personality,Connecticut,United States,37,1st Place,1,8.0,8.0,8.0,,24.0,True,3,3.0,30.0,0.8
7,3,Brooke Burke,Derek Hough,TV Personality,Connecticut,United States,37,1st Place,1,9.0,10.0,9.0,,28.0,True,3,3.0,30.0,0.9333333333333333
7,4,Brooke Burke,Derek Hough,TV Personality,Connecticut,United States,37,1st Place,1,9.0,8.0,9.0,,26.0,True,3,3.0,30.0,0.8666666666666667
7,5,Brooke Burke,Derek Hough,TV Personality,Connecticut,United States,37,1st Place,1,10.0,9.0,10.0,,29.0,True,3,3.0,30.0,0.9666666666666667
7,6,Brooke Burke,Derek Hough,TV Personality,Connecticut,United States,37,1st Place,1,8.0,10.0,8.0,,26.0,True,3,3.0,30.0,0.8666666666666667
7,7,Brooke Burke,Derek Hough,TV Personality,Connecticut,United States,37,1st Place,1,10.0,10.0,10.0,,30.0,True,3,3.0,30.0,1.0
7,8,Brooke Burke,Derek Hough,TV Personality,Connecticut,United States,37,1st Place,1,9.5,8.5,9.5,,27.5,True,3,3.0,30.0,0.9166666666666666
7,9,Brooke Burke,Derek Hough,TV Personality,Connecticut,United States,37,1st Place,1,8.0,8.5,8.0,,24.5,True,3,3.0,30.0,0.8166666666666667
7,10,Brooke Burke,Derek Hough,TV Personality,Connecticut,United States,37,1st Place,1,10.0,10.0,10.0,,30.0,True,3,3.0,30.0,1.0
33,1,Brooks Nader,Gleb Savchenko,Model,New York,United States,27,Eliminated Week 4,9,6.0,6.0,6.0,,18.0,True,3,3.0,30.0,0.6
33,2,Brooks Nader,Gleb Savchenko,Model,New York,United States,27,Eliminated Week 4,9,7.0,6.0,7.0,,20.0,True,3,3.0,30.0,0.6666666666666666
33,3,Brooks Nader,Gleb Savchenko,Model,New York,United States,27,Eliminated Week 4,9,7.5,7.5,8.0,7.5,30.5,True,4,4.0,40.0,0.7625
33,4,Brooks Nader,Gleb Savchenko,Model,New York,United States,27,Eliminated Week 4,9,8.0,8.0,8.0,8.0,32.0,True,4,4.0,40.0,0.8
33,5,Brooks Nader,Gleb Savchenko,Model,New York,United States,27,Eliminated Week 4,9,0.0,0.0,0.0,,0.0,False,3,3.0,30.0,
33,6,Brooks Nader,Gleb Savchenko,Model,New York,United States,27,Eliminated Week 4,9,0.0,0.0,0.0,,0.0,False,3,3.0,30.0,
33,7,Brooks Nader,Gleb Savchenko,Model,New York,United States,27,Eliminated Week 4,9,0.0,0.0,0.0,,0.0,False,3,3.0,30.0,
33,8,Brooks Nader,Gleb Savchenko,Model,New York,United States,27,Eliminated Week 4,9,0.0,0.0,0.0,,0.0,False,3,3.0,30.0,
33,9,Brooks Nader,Gleb Savchenko,Model,New York,United States,27,Eliminated Week 4,9,0.0,0.0,0.0,,0.0,False,3,3.0,30.0,
10,1,Buzz Aldrin,Ashly DelGrosso,Astronaut,New Jersey,United States,80,Eliminated Week 3,10,5.0,4.0,5.0,,14.0,True,3,3.0,30.0,0.4666666666666667
10,2,Buzz Aldrin,Ashly DelGrosso,Astronaut,New Jersey,United States,80,Eliminated Week 3,10,4.0,4.0,4.0,,12.0,True,3,3.0,30.0,0.4
10,3,Buzz Aldrin,Ashly DelGrosso,Astronaut,New Jersey,United States,80,Eliminated Week 3,10,5.0,4.0,4.0,,13.0,True,3,3.0,30.0,0.43333333333333335
10,4,Buzz Aldrin,Ashly DelGrosso,Astronaut,New Jersey,United States,80,Eliminated Week 3,10,0.0,0.0,0.0,,0.0,False,3,3.0,30.0,
10,5,Buzz Aldrin,Ashly DelGrosso,Astronaut,New Jersey,United States,80,Eliminated Week 3,10,0.0,0.0,0.0,,0.0,False,3,3.0,30.0,
10,6,Buzz Aldrin,Ashly DelGrosso,Astronaut,New Jersey,United States,80,Eliminated Week 3,10,0.0,0.0,0.0,,0.0,False,3,3.0,30.0,
10,7,Buzz Aldrin,Ashly DelGrosso,Astronaut,New Jersey,United States,80,Eliminated Week 3,10,0.0,0.0,0.0,,0.0,False,3,3.0,30.0,
10,8,Buzz Aldrin,Ashly DelGrosso,Astronaut,New Jersey,United States,80,Eliminated Week 3,10,0.0,0.0,0.0,,0.0,False,3,3.0,30.0,
10,9,Buzz Aldrin,Ashly DelGrosso,Astronaut,New Jersey,United States,80,Eliminated Week 3,10,0.0,0.0,0.0,,0.0,False,3,3.0,30.0,
10,10,Buzz Aldrin,Ashly DelGrosso,Astronaut,New Jersey,United States,80,Eliminated Week 3,10,0.0,0.0,0.0,,0.0,False,3,3.0,30.0,
23,1,Calvin Johnson Jr.,Lindsay Arnold,Athlete,Georgia,United States,30,3rd Place,3,7.0,6.0,6.0,7.0,26.0,True,4,4.0,40.0,0.65
23,2,Calvin Johnson Jr.,Lindsay Arnold,Athlete,Georgia,United States,30,3rd Place,3,7.0,7.0,7.0,7.0,28.0,True,4,4.0,40.0,0.7
23,3,Calvin Johnson Jr.,Lindsay Arnold,Athlete,Georgia,United States,30,3rd Place,3,8.0,8.0,8.0,8.0,32.0,True,4,4.0,40.0,0.8
23,4,Calvin Johnson Jr.,Lindsay Arnold,Athlete,Georgia,United States,30,3rd Place,3,8.0,7.0,8.0,,23.0,True,3,3.0,30.0,0.7666666666666667
23,5,Calvin Johnson Jr.,Lindsay Arnold,Athlete,Georgia,United States,30,3rd Place,3,8.0,8.0,8.0,,24.0,True,3,3.0,30.0,0.8
23,6,Calvin Johnson Jr.,Lindsay Arnold,Athlete,Georgia,United States,30,3rd Place,3,9.0,10.0,9.0,9.0,37.0,True,4,4.0,40.0,0.925
23,7,Calvin Johnson Jr.,Lindsay Arnold,Athlete,Georgia,United States,30,3rd Place,3,9.5,9.0,9.0,9.5,37.0,True,4,4.0,40.0,0.925
23,8,Calvin Johnson Jr.,Lindsay Arnold,Athlete,Georgia,United States,30,3rd Place,3,10.0,10.0,10.0,,30.0,True,3,3.0,30.0,1.0
23,9,Calvin Johnson Jr.,Lindsay Arnold,Athlete,Georgia,United States,30,3rd Place,3,9.0,9.0,10.0,9.0,37.0,True,4,4.0,40.0,0.925
23,10,Calvin Johnson Jr.,Lindsay Arnold,Athlete,Georgia,United States,30,3rd Place,3,9.0,9.5,9.5,,28.0,True,3,3.0,30.0,0.9333333333333333
23,11,Calvin Johnson Jr.,Lindsay Arnold,Athlete,Georgia,United States,30,3rd Place,3,9.3333,9.6666,9.6666,9.6666,38.3331,True,4,4.0,40.0,0.9583275
18,1,Candace Cameron Bure,Mark Ballas,Actor/Actress,California,United States,37,3rd Place,3,9.0,8.0,8.0,,25.0,True,3,3.0,30.0,0.8333333333333334
18,2,Candace Cameron Bure,Mark Ballas,Actor/Actress,California,United States,37,3rd Place,3,7.0,7.0,7.0,,21.0,True,3,3.0,30.0,0.7
18,3,Candace Cameron Bure,Mark Ballas,Actor/Actress,California,United States,37,3rd Place,3,8.0,8.0,8.0,8.0,32.0,True,4,4.0,40.0,0.8
18,4,Candace Cameron Bure,Mark Ballas,Actor/Actress,California,United States,37,3rd Place,3,7.0,7.0,7.0,7.0,28.0,True,4,4.0,40.0,0.7
18,5,Candace Cameron Bure,Mark Ballas,Actor/Actress,California,United States,37,3rd Place,3,8.0,9.0,9.0,9.0,35.0,True,4,4.0,40.0,0.875
18,6,Candace Cameron Bure,Mark Ballas,Actor/Actress,California,United States,37,3rd Place,3,8.0,8.0,8.0,8.0,32.0,True,4,4.0,40.0,0.8
18,7,Candace Cameron Bure,Mark Ballas,Actor/Actress,California,United States,37,3rd Place,3,9.0,9.5,9.0,9.5,37.0,True,4,4.0,40.0,0.925
18,8,Candace Cameron Bure,Mark Ballas,Actor/Actress,California,United States,37,3rd Place,3,9.0,9.0,9.0,9.0,36.0,True,4,4.0,40.0,0.9
18,9,Candace Cameron Bure,Mark Ballas,Actor/Actress,California,United States,37,3rd Place,3,8.5,9.5,9.5,8.5,36.0,True,4,4.0,40.0,0.9
18,10,Candace Cameron Bure,Mark Ballas,Actor/Actress,California,United States,37,3rd Place,3,8.6666,8.6666,8.6666,,25.9998,True,3,3.0,30.0,0.86666
21,1,Carlos PenaVega,Witney Carson,Actor/Actress,Missouri,United States,26,Eliminated Week 11,4,8.0,8.0,7.0,,23.0,True,3,3.0,30.0,0.7666666666666667
21,2,Carlos PenaVega,Witney Carson,Actor/Actress,Missouri,United States,26,Eliminated Week 11,4,7.5,7.5,7.5,,22.5,True,3,3.0,30.0,0.75
21,3,Carlos PenaVega,Witney Carson,Actor/Actress,Missouri,United States,26,Eliminated Week 11,4,7.0,8.0,8.0,8.0,31.0,True,4,4.0,40.0,0.775
21,4,Carlos PenaVega,Witney Carson,Actor/Actress,Missouri,United States,26,Eliminated Week 11,4,9.0,8.0,8.0,,25.0,True,3,3.0,30.0,0.8333333333333334
21,5,Carlos PenaVega,Witney Carson,Actor/Actress,Missouri,United States,26,Eliminated Week 11,4,10.0,10.0,9.0,10.0,39.0,True,4,4.0,40.0,0.975
21,6,Carlos PenaVega,Witney Carson,Actor/Actress,Missouri,United States,26,Eliminated Week 11,4,10.0,9.0,9.0,10.0,38.0,True,4,4.0,40.0,0.95
21,7,Carlos PenaVega,Witney Carson,Actor/Actress,Missouri,United States,26,Eliminated Week 11,4,9.0,10.0,9.0,,28.0,True,3,3.0,30.0,0.9333333333333333
21,8,Carlos PenaVega,Witney Carson,Actor/Actress,Missouri,United States,26,Eliminated Week 11,4,9.6666,9.6666,9.6666,,28.9998,True,3,3.0,30.0,0.96666
21,9,Carlos PenaVega,Witney Carson,Actor/Actress,Missouri,United States,26,Eliminated Week 11,4,9.0,9.0,9.0,,27.0,True,3,3.0,30.0,0.9
21,10,Carlos PenaVega,Witney Carson,Actor/Actress,Missouri,United States,26,Eliminated Week 11,4,10.0,10.5,11.0,,31.5,True,3,3.0,30.0,1.05
21,11,Carlos PenaVega,Witney Carson,Actor/Actress,Missouri,United States,26,Eliminated Week 11,4,10.0,10.0,10.0,,30.0,True,3,3.0,30.0,1.0
29,1,Carole Baskin,Pasha Pashkov,TV Personality,Texas,United States,59,Eliminated Week 3,14,4.0,4.0,3.0,,11.0,True,3,3.0,30.0,0.36666666666666664
29,2,Carole Baskin,Pasha Pashkov,TV Personality,Texas,United States,59,Eliminated Week 3,14,6.0,5.0,5.0,,16.0,True,3,3.0,30.0,0.5333333333333333
29,3,Carole Baskin,Pasha Pashkov,TV Personality,Texas,United States,59,Eliminated Week 3,14,5.0,4.0,3.0,,12.0,True,3,3.0,30.0,0.4
29,4,Carole Baskin,Pasha Pashkov,TV Personality,Texas,United States,59,Eliminated Week 3,14,0.0,0.0,0.0,,0.0,False,3,3.0,30.0,
29,5,Carole Baskin,Pasha Pashkov,TV Personality,Texas,United States,59,Eliminated Week 3,14,0.0,0.0,0.0,,0.0,False,3,3.0,30.0,
29,6,Carole Baskin,Pasha Pashkov,TV Personality,Texas,United States,59,Eliminated Week 3,14,0.0,0.0,0.0,,0.0,False,3,3.0,30.0,
29,7,Carole Baskin,Pasha Pashkov,TV Personality,Texas,United States,59,Eliminated Week 3,14,0.0,0.0,0.0,,0.0,False,3,3.0,30.0,
29,8,Carole Baskin,Pasha Pashkov,TV Personality,Texas,United States,59,Eliminated Week 3,14,0.0,0.0,0.0,,0.0,False,3,3.0,30.0,
29,9,Carole Baskin,Pasha Pashkov,TV Personality,Texas,United States,59,Eliminated Week 3,14,0.0,0.0,0.0,,0.0,False,3,3.0,30.0,
29,10,Carole Baskin,Pasha Pashkov,TV Personality,Texas,United States,59,Eliminated Week 3,14,0.0,0.0,0.0,,0.0,False,3,3.0,30.0,
29,11,Carole Baskin,Pasha Pashkov,TV Personality,Texas,United States,59,Eliminated Week 3,14,0.0,0.0,0.0,,0.0,False,3,3.0,30.0,
13,1,Carson Kressley,Anna Trebunskaya,TV Personality,Pennsylvania,United States,41,Eliminated Week 5,8,6.0,5.0,6.0,,17.0,True,3,3.0,30.0,0.5666666666666667
13,2,Carson Kressley,Anna Trebunskaya,TV Personality,Pennsylvania,United States,41,Eliminated Week 5,8,6.0,6.0,6.0,,18.0,True,3,3.0,30.0,0.6
13,3,Carson Kressley,Anna Trebunskaya,TV Personality,Pennsylvania,United States,41,Eliminated Week 5,8,8.0,7.0,8.0,,23.0,True,3,3.0,30.0,0.7666666666666667
13,4,Carson Kressley,Anna Trebunskaya,TV Personality,Pennsylvania,United States,41,Eliminated Week 5,8,7.0,6.0,7.0,,20.0,True,3,3.0,30.0,0.6666666666666666
13,5,Carson Kressley,Anna Trebunskaya,TV Personality,Pennsylvania,United States,41,Eliminated Week 5,8,6.0,6.0,7.0,,19.0,True,3,3.0,30.0,0.6333333333333333
13,6,Carson Kressley,Anna Trebunskaya,TV Personality,Pennsylvania,United States,41,Eliminated Week 5,8,0.0,0.0,0.0,,0.0,False,3,3.0,30.0,
13,7,Carson Kressley,Anna Trebunskaya,TV Personality,Pennsylvania,United States,41,Eliminated Week 5,8,0.0,0.0,0.0,,0.0,False,3,3.0,30.0,
13,8,Carson Kressley,Anna Trebunskaya,TV Personality,Pennsylvania,United States,41,Eliminated Week 5,8,0.0,0.0,0.0,,0.0,False,3,3.0,30.0,
13,9,Carson Kressley,Anna Trebunskaya,TV Personality,Pennsylvania,United States,41,Eliminated Week 5,8,0.0,0.0,0.0,,0.0,False,3,3.0,30.0,
13,10,Carson Kressley,Anna Trebunskaya,TV Personality,Pennsylvania,United States,41,Eliminated Week 5,8,0.0,0.0,0.0,,0.0,False,3,3.0,30.0,
10,1,Chad Ochocinco,Cheryl Burke,Athlete,Florida,United States,32,Eliminated Week 9,4,6.0,6.0,6.0,,18.0,True,3,3.0,30.0,0.6
10,2,Chad Ochocinco,Cheryl Burke,Athlete,Florida,United States,32,Eliminated Week 9,4,6.0,5.0,5.0,,16.0,True,3,3.0,30.0,0.5333333333333333
10,3,Chad Ochocinco,Cheryl Burke,Athlete,Florida,United States,32,Eliminated Week 9,4,7.0,6.0,7.0,,20.0,True,3,3.0,30.0,0.6666666666666666
10,4,Chad Ochocinco,Cheryl Burke,Athlete,Florida,United States,32,Eliminated Week 9,4,7.5,6.5,8.0,,22.0,True,3,3.0,30.0,0.7333333333333333
10,5,Chad Ochocinco,Cheryl Burke,Athlete,Florida,United States,32,Eliminated Week 9,4,6.0,6.0,6.0,,18.0,True,3,3.0,30.0,0.6
10,6,Chad Ochocinco,Cheryl Burke,Athlete,Florida,United States,32,Eliminated Week 9,4,10.3333,10.3333,10.3333,,30.999899999999997,True,3,3.0,30.0,1.0333299999999999
10,7,Chad Ochocinco,Cheryl Burke,Athlete,Florida,United States,32,Eliminated Week 9,4,8.5,9.0,8.5,,26.0,True,3,3.0,30.0,0.8666666666666667
10,8,Chad Ochocinco,Cheryl Burke,Athlete,Florida,United States,32,Eliminated Week 9,4,7.5,7.5,7.5,,22.5,True,3,3.0,30.0,0.75
10,9,Chad Ochocinco,Cheryl Burke,Athlete,Florida,United States,32,Eliminated Week 9,4,8.5,8.5,9.0,,26.0,True,3,3.0,30.0,0.8666666666666667
10,10,Chad Ochocinco,Cheryl Burke,Athlete,Florida,United States,32,Eliminated Week 9,4,0.0,0.0,0.0,,0.0,False,3,3.0,30.0,
21,1,Chaka Khan,Keo Motsepe,Singer/Rapper,Illinois,United States,62,Eliminated Week 2,13,5.0,4.0,4.0,,13.0,True,3,3.0,30.0,0.43333333333333335
21,2,Chaka Khan,Keo Motsepe,Singer/Rapper,Illinois,United States,62,Eliminated Week 2,13,5.0,5.0,5.0,,15.0,True,3,3.0,30.0,0.5
21,3,Chaka Khan,Keo Motsepe,Singer/Rapper,Illinois,United States,62,Eliminated Week 2,13,0.0,0.0,0.0,0.0,0.0,False,4,4.0,40.0,
21,4,Chaka Khan,Keo Motsepe,Singer/Rapper,Illinois,United States,62,Eliminated Week 2,13,0.0,0.0,0.0,,0.0,False,3,3.0,30.0,
21,5,Chaka Khan,Keo Motsepe,Singer/Rapper,Illinois,United States,62,Eliminated Week 2,13,0.0,0.0,0.0,0.0,0.0,False,4,4.0,40.0,
21,6,Chaka Khan,Keo Motsepe,Singer/Rapper,Illinois,United States,62,Eliminated Week 2,13,0.0,0.0,0.0,0.0,0.0,False,4,4.0,40.0,
21,7,Chaka Khan,Keo Motsepe,Singer/Rapper,Illinois,United States,62,Eliminated Week 2,13,0.0,0.0,0.0,,0.0,False,3,3.0,30.0,
21,8,Chaka Khan,Keo Motsepe,Singer/Rapper,Illinois,United States,62,Eliminated Week 2,13,0.0,0.0,0.0,,0.0,False,3,3.0,30.0,
21,9,Chaka Khan,Keo Motsepe,Singer/Rapper,Illinois,United States,62,Eliminated Week 2,13,0.0,0.0,0.0,,0.0,False,3,3.0,30.0,
21,10,Chaka Khan,Keo Motsepe,Singer/Rapper,Illinois,United States,62,Eliminated Week 2,13,0.0,0.0,0.0,,0.0,False,3,3.0,30.0,
21,11,Chaka Khan,Keo Motsepe,Singer/Rapper,Illinois,United States,62,Eliminated Week 2,13,0.0,0.0,0.0,,0.0,False,3,3.0,30.0,
33,1,Chandler Kinney,Brandon Armstrong,Actor/Actress,California,United States,24,3rd Place,3,8.0,7.0,8.0,,23.0,True,3,3.0,30.0,0.7666666666666667
33,2,Chandler Kinney,Brandon Armstrong,Actor/Actress,California,United States,24,3rd Place,3,8.0,8.0,8.0,,24.0,True,3,3.0,30.0,0.8
33,3,Chandler Kinney,Brandon Armstrong,Actor/Actress,California,United States,24,3rd Place,3,8.5,8.5,9.0,8.5,34.5,True,4,4.0,40.0,0.8625
33,4,Chandler Kinney,Brandon Armstrong,Actor/Actress,California,United States,24,3rd Place,3,8.0,8.0,8.0,8.0,32.0,True,4,4.0,40.0,0.8
33,5,Chandler Kinney,Brandon Armstrong,Actor/Actress,California,United States,24,3rd Place,3,9.0,9.0,9.0,,27.0,True,3,3.0,30.0,0.9
33,6,Chandler Kinney,Brandon Armstrong,Actor/Actress,California,United States,24,3rd Place,3,10.0,11.0,11.0,,32.0,True,3,3.0,30.0,1.0666666666666667
33,7,Chandler Kinney,Brandon Armstrong,Actor/Actress,California,United States,24,3rd Place,3,10.0,10.0,10.0,,30.0,True,3,3.0,30.0,1.0
33,8,Chandler Kinney,Brandon Armstrong,Actor/Actress,California,United States,24,3rd Place,3,9.5,9.5,10.0,,29.0,True,3,3.0,30.0,0.9666666666666667
33,9,Chandler Kinney,Brandon Armstrong,Actor/Actress,California,United States,24,3rd Place,3,10.0,10.0,10.0,,30.0,True,3,3.0,30.0,1.0
32,1,Charity Lawson,Artem Chigvintsev,TV Personality,Georgia,United States,27,4th Place,4,7.0,7.0,8.0,,22.0,True,3,3.0,30.0,0.7333333333333333
32,2,Charity Lawson,Artem Chigvintsev,TV Personality,Georgia,United States,27,4th Place,4,7.0,7.0,7.0,,21.0,True,3,3.0,30.0,0.7
32,3,Charity Lawson,Artem Chigvintsev,TV Personality,Georgia,United States,27,4th Place,4,8.0,8.0,8.0,8.0,32.0,True,4,4.0,40.0,0.8
32,4,Charity Lawson,Artem Chigvintsev,TV Personality,Georgia,United States,27,4th Place,4,8.0,8.0,8.0,,24.0,True,3,3.0,30.0,0.8
32,5,Charity Lawson,Artem Chigvintsev,TV Personality,Georgia,United States,27,4th Place,4,10.0,9.0,9.0,,28.0,True,3,3.0,30.0,0.9333333333333333
32,6,Charity Lawson,Artem Chigvintsev,TV Personality,Georgia,United States,27,4th Place,4,9.75,9.75,8.75,9.75,38.0,True,4,4.0,40.0,0.95
32,7,Charity Lawson,Artem Chigvintsev,TV Personality,Georgia,United States,27,4th Place,4,9.0,9.0,9.0,9.0,36.0,True,4,4.0,40.0,0.9
32,8,Charity Lawson,Artem Chigvintsev,TV Personality,Georgia,United States,27,4th Place,4,9.75,9.75,9.75,9.75,39.0,True,4,4.0,40.0,0.975
32,9,Charity Lawson,Artem Chigvintsev,TV Personality,Georgia,United States,27,4th Place,4,9.0,10.0,9.0,10.0,38.0,True,4,4.0,40.0,0.95
32,10,Charity Lawson,Artem Chigvintsev,TV Personality,Georgia,United States,27,4th Place,4,10.0,9.5,10.0,,29.5,True,3,3.0,30.0,0.9833333333333333
32,11,Charity Lawson,Artem Chigvintsev,TV Personality,Georgia,United States,27,4th Place,4,9.5,10.0,10.0,,29.5,True,3,3.0,30.0,0.9833333333333333
29,1,Charles Oakley,Emma Slater,Athlete,Ohio,United States,56,Eliminated Week 2,15,4.0,4.0,4.0,,12.0,True,3,3.0,30.0,0.4
29,2,Charles Oakley,Emma Slater,Athlete,Ohio,United States,56,Eliminated Week 2,15,5.0,5.0,5.0,,15.0,True,3,3.0,30.0,0.5
29,3,Charles Oakley,Emma Slater,Athlete,Ohio,United States,56,Eliminated Week 2,15,0.0,0.0,0.0,,0.0,False,3,3.0,30.0,
29,4,Charles Oakley,Emma Slater,Athlete,Ohio,United States,56,Eliminated Week 2,15,0.0,0.0,0.0,,0.0,False,3,3.0,30.0,
29,5,Charles Oakley,Emma Slater,Athlete,Ohio,United States,56,Eliminated Week 2,15,0.0,0.0,0.0,,0.0,False,3,3.0,30.0,
29,6,Charles Oakley,Emma Slater,Athlete,Ohio,United States,56,Eliminated Week 2,15,0.0,0.0,0.0,,0.0,False,3,3.0,30.0,
29,7,Charles Oakley,Emma Slater,Athlete,Ohio,United States,56,Eliminated Week 2,15,0.0,0.0,0.0,,0.0,False,3,3.0,30.0,
29,8,Charles Oakley,Emma Slater,Athlete,Ohio,United States,56,Eliminated Week 2,15,0.0,0.0,0.0,,0.0,False,3,3.0,30.0,
29,9,Charles Oakley,Emma Slater,Athlete,Ohio,United States,56,Eliminated Week 2,15,0.0,0.0,0.0,,0.0,False,3,3.0,30.0,
29,10,Charles Oakley,Emma Slater,Athlete,Ohio,United States,56,Eliminated Week 2,15,0.0,0.0,0.0,,0.0,False,3,3.0,30.0,
29,11,Charles Oakley,Emma Slater,Athlete,Ohio,United States,56,Eliminated Week 2,15,0.0,0.0,0.0,,0.0,False,3,3.0,30.0,
31,1,Charli D'Amelio,Mark Ballas,Social Media Personality,Connecticut,United States,18,1st Place,1,8.0,8.0,8.0,8.0,32.0,True,4,4.0,40.0,0.8
31,2,Charli D'Amelio,Mark Ballas,Social Media Personality,Connecticut,United States,18,1st Place,1,8.0,8.0,8.0,8.0,32.0,True,4,4.0,40.0,0.8
31,3,Charli D'Amelio,Mark Ballas,Social Media Personality,Connecticut,United States,18,1st Place,1,8.0,8.0,8.0,9.0,33.0,True,4,4.0,40.0,0.825
31,4,Charli D'Amelio,Mark Ballas,Social Media Personality,Connecticut,United States,18,1st Place,1,9.0,9.0,9.0,9.0,36.0,True,4,4.0,40.0,0.9
31,5,Charli D'Amelio,Mark Ballas,Social Media Personality,Connecticut,United States,18,1st Place,1,10.375,10.375,10.375,10.875,42.0,True,4,4.0,40.0,1.05
31,6,Charli D'Amelio,Mark Ballas,Social Media Personality,Connecticut,United States,18,1st Place,1,10.0,10.0,10.0,10.0,40.0,True,4,4.0,40.0,1.0
31,7,Charli D'Amelio,Mark Ballas,Social Media Personality,Connecticut,United States,18,1st Place,1,9.5,9.5,10.0,10.0,39.0,True,4,4.0,40.0,0.975
31,8,Charli D'Amelio,Mark Ballas,Social Media Personality,Connecticut,United States,18,1st Place,1,11.25,11.25,11.25,11.25,45.0,True,4,4.0,40.0,1.125
31,9,Charli D'Amelio,Mark Ballas,Social Media Personality,Connecticut,United States,18,1st Place,1,10.0,10.0,10.0,10.0,40.0,True,4,4.0,40.0,1.0
31,10,Charli D'Amelio,Mark Ballas,Social Media Personality,Connecticut,United States,18,1st Place,1,10.0,10.0,10.0,10.0,40.0,True,4,4.0,40.0,1.0
18,1,Charlie White,Sharna Burgess,Athlete,Michigan,United States,26,Eliminated Week 9,5,9.0,9.0,9.0,,27.0,True,3,3.0,30.0,0.9
18,2,Charlie White,Sharna Burgess,Athlete,Michigan,United States,26,Eliminated Week 9,5,9.0,7.0,9.0,,25.0,True,3,3.0,30.0,0.8333333333333334
18,3,Charlie White,Sharna Burgess,Athlete,Michigan,United States,26,Eliminated Week 9,5,9.0,9.0,9.0,9.0,36.0,True,4,4.0,40.0,0.9
18,4,Charlie White,Sharna Burgess,Athlete,Michigan,United States,26,Eliminated Week 9,5,7.0,8.0,9.0,9.0,33.0,True,4,4.0,40.0,0.825
18,5,Charlie White,Sharna Burgess,Athlete,Michigan,United States,26,Eliminated Week 9,5,9.0,10.0,9.0,9.0,37.0,True,4,4.0,40.0,0.925
18,6,Charlie White,Sharna Burgess,Athlete,Michigan,United States,26,Eliminated Week 9,5,9.0,9.0,9.0,9.0,36.0,True,4,4.0,40.0,0.9
18,7,Charlie White,Sharna Burgess,Athlete,Michigan,United States,26,Eliminated Week 9,5,8.5,10.0,8.0,9.0,35.5,True,4,4.0,40.0,0.8875
18,8,Charlie White,Sharna Burgess,Athlete,Michigan,United States,26,Eliminated Week 9,5,10.0,10.0,10.0,10.0,40.0,True,4,4.0,40.0,1.0
18,9,Charlie White,Sharna Burgess,Athlete,Michigan,United States,26,Eliminated Week 9,5,9.5,9.5,9.5,9.5,38.0,True,4,4.0,40.0,0.95
18,10,Charlie White,Sharna Burgess,Athlete,Michigan,United States,26,Eliminated Week 9,5,0.0,0.0,0.0,,0.0,False,3,3.0,30.0,
20,1,Charlotte McKinney,Keo Motsepe,Model,Florida,United States,21,Eliminated Week 3,11,6.0,5.0,5.0,6.0,22.0,True,4,4.0,40.0,0.55
20,2,Charlotte McKinney,Keo Motsepe,Model,Florida,United States,21,Eliminated Week 3,11,7.0,6.0,7.0,6.0,26.0,True,4,4.0,40.0,0.65
20,3,Charlotte McKinney,Keo Motsepe,Model,Florida,United States,21,Eliminated Week 3,11,6.0,5.0,5.0,6.0,22.0,True,4,4.0,40.0,0.55
20,4,Charlotte McKinney,Keo Motsepe,Model,Florida,United States,21,Eliminated Week 3,11,0.0,0.0,0.0,0.0,0.0,False,4,4.0,40.0,
20,5,Charlotte McKinney,Keo Motsepe,Model,Florida,United States,21,Eliminated Week 3,11,0.0,0.0,0.0,0.0,0.0,False,4,4.0,40.0,
20,6,Charlotte McKinney,Keo Motsepe,Model,Florida,United States,21,Eliminated Week 3,11,0.0,0.0,0.0,0.0,0.0,False,4,4.0,40.0,
20,7,Charlotte McKinney,Keo Motsepe,Model,Florida,United States,21,Eliminated Week 3,11,0.0,0.0,0.0,0.0,0.0,False,4,4.0,40.0,
20,8,Charlotte McKinney,Keo Motsepe,Model,Florida,United States,21,Eliminated Week 3,11,0.0,0.0,0.0,0.0,0.0,False,4,4.0,40.0,
20,9,Charlotte McKinney,Keo Motsepe,Model,Florida,United States,21,Eliminated Week 3,11,0.0,0.0,0.0,0.0,0.0,False,4,4.0,40.0,
20,10,Charlotte McKinney,Keo Motsepe,Model,Florida,United States,21,Eliminated Week 3,11,0.0,0.0,0.0,0.0,0.0,False,4,4.0,40.0,
13,1,Chaz Bono,Lacey Schwimmer,TV Personality,California,United States,42,Eliminated Week 6,7,6.0,5.0,6.0,,17.0,True,3,3.0,30.0,0.5666666666666667
13,2,Chaz Bono,Lacey Schwimmer,TV Personality,California,United States,42,Eliminated Week 6,7,6.0,5.0,6.0,,17.0,True,3,3.0,30.0,0.5666666666666667
13,3,Chaz Bono,Lacey Schwimmer,TV Personality,California,United States,42,Eliminated Week 6,7,6.0,6.0,6.0,,18.0,True,3,3.0,30.0,0.6
13,4,Chaz Bono,Lacey Schwimmer,TV Personality,California,United States,42,Eliminated Week 6,7,7.0,7.0,7.0,,21.0,True,3,3.0,30.0,0.7
13,5,Chaz Bono,Lacey Schwimmer,TV Personality,California,United States,42,Eliminated Week 6,7,7.0,7.0,7.0,,21.0,True,3,3.0,30.0,0.7
13,6,Chaz Bono,Lacey Schwimmer,TV Personality,California,United States,42,Eliminated Week 6,7,7.0,6.0,6.0,,19.0,True,3,3.0,30.0,0.6333333333333333
13,7,Chaz Bono,Lacey Schwimmer,TV Personality,California,United States,42,Eliminated Week 6,7,0.0,0.0,0.0,,0.0,False,3,3.0,30.0,
13,8,Chaz Bono,Lacey Schwimmer,TV Personality,California,United States,42,Eliminated Week 6,7,0.0,0.0,0.0,,0.0,False,3,3.0,30.0,
13,9,Chaz Bono,Lacey Schwimmer,TV Personality,California,United States,42,Eliminated Week 6,7,0.0,0.0,0.0,,0.0,False,3,3.0,30.0,
13,10,Chaz Bono,Lacey Schwimmer,TV Personality,California,United States,42,Eliminated Week 6,7,0.0,0.0,0.0,,0.0,False,3,3.0,30.0,
12,1,Chelsea Kane,Mark Ballas,Actor/Actress,Arizona,United States,22,3rd Place,3,7.0,7.0,7.0,,21.0,True,3,3.0,30.0,0.7
12,2,Chelsea Kane,Mark Ballas,Actor/Actress,Arizona,United States,22,3rd Place,3,6.0,5.0,7.0,,18.0,True,3,3.0,30.0,0.6
12,3,Chelsea Kane,Mark Ballas,Actor/Actress,Arizona,United States,22,3rd Place,3,7.0,8.0,8.0,,23.0,True,3,3.0,30.0,0.7666666666666667
12,4,Chelsea Kane,Mark Ballas,Actor/Actress,Arizona,United States,22,3rd Place,3,9.0,8.0,9.0,,26.0,True,3,3.0,30.0,0.8666666666666667
12,5,Chelsea Kane,Mark Ballas,Actor/Actress,Arizona,United States,22,3rd Place,3,9.0,8.0,9.0,,26.0,True,3,3.0,30.0,0.8666666666666667
12,6,Chelsea Kane,Mark Ballas,Actor/Actress,Arizona,United States,22,3rd Place,3,10.0,9.0,9.0,,28.0,True,3,3.0,30.0,0.9333333333333333
12,7,Chelsea Kane,Mark Ballas,Actor/Actress,Arizona,United States,22,3rd Place,3,8.0,8.5,7.5,8.0,32.0,True,4,4.0,40.0,0.8
12,8,Chelsea Kane,Mark Ballas,Actor/Actress,Arizona,United States,22,3rd Place,3,9.0,9.0,9.5,,27.5,True,3,3.0,30.0,0.9166666666666666
12,9,Chelsea Kane,Mark Ballas,Actor/Actress,Arizona,United States,22,3rd Place,3,12.0,12.0,12.5,,36.5,True,3,3.0,30.0,1.2166666666666666
12,10,Chelsea Kane,Mark Ballas,Actor/Actress,Arizona,United States,22,3rd Place,3,10.0,9.6666,10.0,,29.666600000000003,True,3,3.0,30.0,0.9888866666666668
31,1,Cheryl Ladd,Louis van Amstel,Actor/Actress,South Dakota,United States,71,Eliminated Week 3,14,6.0,5.0,5.0,5.0,21.0,True,4,4.0,40.0,0.525
31,2,Cheryl Ladd,Louis van Amstel,Actor/Actress,South Dakota,United States,71,Eliminated Week 3,14,5.0,6.0,5.0,5.0,21.0,True,4,4.0,40.0,0.525
31,3,Cheryl Ladd,Louis van Amstel,Actor/Actress,South Dakota,United States,71,Eliminated Week 3,14,6.0,6.0,6.0,6.0,24.0,True,4,4.0,40.0,0.6
31,4,Cheryl Ladd,Louis van Amstel,Actor/Actress,South Dakota,United States,71,Eliminated Week 3,14,0.0,0.0,0.0,0.0,0.0,False,4,4.0,40.0,
31,5,Cheryl Ladd,Louis van Amstel,Actor/Actress,South Dakota,United States,71,Eliminated Week 3,14,0.0,0.0,0.0,0.0,0.0,False,4,4.0,40.0,
31,6,Cheryl Ladd,Louis van Amstel,Actor/Actress,South Dakota,United States,71,Eliminated Week 3,14,0.0,0.0,0.0,0.0,0.0,False,4,4.0,40.0,
31,7,Cheryl Ladd,Louis van Amstel,Actor/Actress,South Dakota,United States,71,Eliminated Week 3,14,0.0,0.0,0.0,0.0,0.0,False,4,4.0,40.0,
31,8,Cheryl Ladd,Louis van Amstel,Actor/Actress,South Dakota,United States,71,Eliminated Week 3,14,0.0,0.0,0.0,0.0,0.0,False,4,4.0,40.0,
31,9,Cheryl Ladd,Louis van Amstel,Actor/Actress,South Dakota,United States,71,Eliminated Week 3,14,0.0,0.0,0.0,0.0,0.0,False,4,4.0,40.0,
31,10,Cheryl Ladd,Louis van Amstel,Actor/Actress,South Dakota,United States,71,Eliminated Week 3,14,0.0,0.0,0.0,0.0,0.0,False,4,4.0,40.0,
12,1,Chris Jericho,Cheryl Burke,Athlete,New York,United States,40,Eliminated Week 6,7,7.0,6.0,6.0,,19.0,True,3,3.0,30.0,0.6333333333333333
12,2,Chris Jericho,Cheryl Burke,Athlete,New York,United States,40,Eliminated Week 6,7,8.0,7.0,8.0,,23.0,True,3,3.0,30.0,0.7666666666666667
12,3,Chris Jericho,Cheryl Burke,Athlete,New York,United States,40,Eliminated Week 6,7,7.0,7.0,7.0,,21.0,True,3,3.0,30.0,0.7
12,4,Chris Jericho,Cheryl Burke,Athlete,New York,United States,40,Eliminated Week 6,7,8.0,7.0,8.0,,23.0,True,3,3.0,30.0,0.7666666666666667
12,5,Chris Jericho,Cheryl Burke,Athlete,New York,United States,40,Eliminated Week 6,7,9.0,8.0,9.0,,26.0,True,3,3.0,30.0,0.8666666666666667
12,6,Chris Jericho,Cheryl Burke,Athlete,New York,United States,40,Eliminated Week 6,7,7.0,8.0,7.0,,22.0,True,3,3.0,30.0,0.7333333333333333
12,7,Chris Jericho,Cheryl Burke,Athlete,New York,United States,40,Eliminated Week 6,7,0.0,0.0,0.0,0.0,0.0,False,4,4.0,40.0,
12,8,Chris Jericho,Cheryl Burke,Athlete,New York,United States,40,Eliminated Week 6,7,0.0,0.0,0.0,,0.0,False,3,3.0,30.0,
12,9,Chris Jericho,Cheryl Burke,Athlete,New York,United States,40,Eliminated Week 6,7,0.0,0.0,0.0,,0.0,False,3,3.0,30.0,
12,10,Chris Jericho,Cheryl Burke,Athlete,New York,United States,40,Eliminated Week 6,7,0.0,0.0,0.0,,0.0,False,3,3.0,30.0,
24,1,Chris Kattan,Witney Carson,Comedian,California,United States,46,Eliminated Week 2,12,5.0,4.0,4.0,4.0,17.0,True,4,4.0,40.0,0.425
24,2,Chris Kattan,Witney Carson,Comedian,California,United States,46,Eliminated Week 2,12,6.0,5.0,6.0,5.0,22.0,True,4,4.0,40.0,0.55
24,3,Chris Kattan,Witney Carson,Comedian,California,United States,46,Eliminated Week 2,12,0.0,0.0,0.0,0.0,0.0,False,4,4.0,40.0,
24,4,Chris Kattan,Witney Carson,Comedian,California,United States,46,Eliminated Week 2,12,0.0,0.0,0.0,0.0,0.0,False,4,4.0,40.0,
24,5,Chris Kattan,Witney Carson,Comedian,California,United States,46,Eliminated Week 2,12,0.0,0.0,0.0,0.0,0.0,False,4,4.0,40.0,
24,6,Chris Kattan,Witney Carson,Comedian,California,United States,46,Eliminated Week 2,12,0.0,0.0,0.0,0.0,0.0,False,4,4.0,40.0,
24,7,Chris Kattan,Witney Carson,Comedian,California,United States,46,Eliminated Week 2,12,0.0,0.0,0.0,0.0,0.0,False,4,4.0,40.0,
24,8,Chris Kattan,Witney Carson,Comedian,California,United States,46,Eliminated Week 2,12,0.0,0.0,0.0,0.0,0.0,False,4,4.0,40.0,
24,9,Chris Kattan,Witney Carson,Comedian,California,United States,46,Eliminated Week 2,12,0.0,0.0,0.0,0.0,0.0,False,4,4.0,40.0,
24,10,Chris Kattan,Witney Carson,Comedian,California,United States,46,Eliminated Week 2,12,0.0,0.0,0.0,0.0,0.0,False,4,4.0,40.0,
26,1,Chris Mazdzer,Witney Carson,Athlete,Massachusetts,United States,29,Eliminated Week 3,5,7.0,7.0,7.0,,21.0,True,3,3.0,30.0,0.7
26,2,Chris Mazdzer,Witney Carson,Athlete,Massachusetts,United States,29,Eliminated Week 3,5,8.5,8.5,8.0,8.0,33.0,True,4,4.0,40.0,0.825
26,3,Chris Mazdzer,Witney Carson,Athlete,Massachusetts,United States,29,Eliminated Week 3,5,8.0,9.0,7.0,9.0,33.0,True,4,4.0,40.0,0.825
26,4,Chris Mazdzer,Witney Carson,Athlete,Massachusetts,United States,29,Eliminated Week 3,5,0.0,0.0,0.0,,0.0,False,3,3.0,30.0,
20,1,Chris Soules,Witney Carson,TV Personality,Iowa,United States,33,Eliminated Week 8,5,7.0,6.0,6.0,7.0,26.0,True,4,4.0,40.0,0.65
20,2,Chris Soules,Witney Carson,TV Personality,Iowa,United States,33,Eliminated Week 8,5,5.0,6.0,5.0,5.0,21.0,True,4,4.0,40.0,0.525
20,3,Chris Soules,Witney Carson,TV Personality,Iowa,United States,33,Eliminated Week 8,5,7.0,7.0,7.0,7.0,28.0,True,4,4.0,40.0,0.7
20,4,Chris Soules,Witney Carson,TV Personality,Iowa,United States,33,Eliminated Week 8,5,7.0,6.0,7.0,7.0,27.0,True,4,4.0,40.0,0.675
20,5,Chris Soules,Witney Carson,TV Personality,Iowa,United States,33,Eliminated Week 8,5,7.0,6.0,7.0,7.0,27.0,True,4,4.0,40.0,0.675
20,6,Chris Soules,Witney Carson,TV Personality,Iowa,United States,33,Eliminated Week 8,5,9.0,8.0,9.0,9.0,35.0,True,4,4.0,40.0,0.875
20,7,Chris Soules,Witney Carson,TV Personality,Iowa,United States,33,Eliminated Week 8,5,8.0,7.0,8.0,8.0,31.0,True,4,4.0,40.0,0.775
20,8,Chris Soules,Witney Carson,TV Personality,Iowa,United States,33,Eliminated Week 8,5,8.0,7.5,8.5,8.0,32.0,True,4,4.0,40.0,0.8
20,9,Chris Soules,Witney Carson,TV Personality,Iowa,United States,33,Eliminated Week 8,5,0.0,0.0,0.0,0.0,0.0,False,4,4.0,40.0,
20,10,Chris Soules,Witney Carson,TV Personality,Iowa,United States,33,Eliminated Week 8,5,0.0,0.0,0.0,0.0,0.0,False,4,4.0,40.0,
29,1,Chrishell Stause,Gleb Savchenko,Actor/Actress,Kentucky,United States,39,Eliminated Week 8,8,4.0,5.0,4.0,,13.0,True,3,3.0,30.0,0.43333333333333335
29,2,Chrishell Stause,Gleb Savchenko,Actor/Actress,Kentucky,United States,39,Eliminated Week 8,8,6.0,6.0,6.0,,18.0,True,3,3.0,30.0,0.6
29,3,Chrishell Stause,Gleb Savchenko,Actor/Actress,Kentucky,United States,39,Eliminated Week 8,8,7.0,7.0,8.0,,22.0,True,3,3.0,30.0,0.7333333333333333
29,4,Chrishell Stause,Gleb Savchenko,Actor/Actress,Kentucky,United States,39,Eliminated Week 8,8,7.0,8.0,7.0,,22.0,True,3,3.0,30.0,0.7333333333333333
29,5,Chrishell Stause,Gleb Savchenko,Actor/Actress,Kentucky,United States,39,Eliminated Week 8,8,6.0,6.0,7.0,,19.0,True,3,3.0,30.0,0.6333333333333333
29,6,Chrishell Stause,Gleb Savchenko,Actor/Actress,Kentucky,United States,39,Eliminated Week 8,8,8.0,8.0,8.0,,24.0,True,3,3.0,30.0,0.8
29,7,Chrishell Stause,Gleb Savchenko,Actor/Actress,Kentucky,United States,39,Eliminated Week 8,8,9.0,9.0,8.0,,26.0,True,3,3.0,30.0,0.8666666666666667
29,8,Chrishell Stause,Gleb Savchenko,Actor/Actress,Kentucky,United States,39,Eliminated Week 8,8,9.0,9.0,9.0,,27.0,True,3,3.0,30.0,0.9
29,9,Chrishell Stause,Gleb Savchenko,Actor/Actress,Kentucky,United States,39,Eliminated Week 8,8,0.0,0.0,0.0,,0.0,False,3,3.0,30.0,
29,10,Chrishell Stause,Gleb Savchenko,Actor/Actress,Kentucky,United States,39,Eliminated Week 8,8,0.0,0.0,0.0,,0.0,False,3,3.0,30.0,
29,11,Chrishell Stause,Gleb Savchenko,Actor/Actress,Kentucky,United States,39,Eliminated Week 8,8,0.0,0.0,0.0,,0.0,False,3,3.0,30.0,
17,1,Christina Milian,Mark Ballas,Singer/Rapper,New Jersey,United States,31,Eliminated Week 5,9,7.0,7.0,8.0,,22.0,True,3,3.0,30.0,0.7333333333333333
17,2,Christina Milian,Mark Ballas,Singer/Rapper,New Jersey,United States,31,Eliminated Week 5,9,9.0,8.0,8.0,,25.0,True,3,3.0,30.0,0.8333333333333334
17,3,Christina Milian,Mark Ballas,Singer/Rapper,New Jersey,United States,31,Eliminated Week 5,9,9.0,8.0,9.0,,26.0,True,3,3.0,30.0,0.8666666666666667
17,4,Christina Milian,Mark Ballas,Singer/Rapper,New Jersey,United States,31,Eliminated Week 5,9,8.0,8.0,8.0,,24.0,True,3,3.0,30.0,0.8
17,5,Christina Milian,Mark Ballas,Singer/Rapper,New Jersey,United States,31,Eliminated Week 5,9,9.0,10.0,9.0,,28.0,True,3,3.0,30.0,0.9333333333333333
17,6,Christina Milian,Mark Ballas,Singer/Rapper,New Jersey,United States,31,Eliminated Week 5,9,0.0,0.0,0.0,,0.0,False,3,3.0,30.0,
17,7,Christina Milian,Mark Ballas,Singer/Rapper,New Jersey,United States,31,Eliminated Week 5,9,0.0,0.0,0.0,,0.0,False,3,3.0,30.0,
17,8,Christina Milian,Mark Ballas,Singer/Rapper,New Jersey,United States,31,Eliminated Week 5,9,0.0,0.0,0.0,,0.0,False,3,3.0,30.0,
17,9,Christina Milian,Mark Ballas,Singer/Rapper,New Jersey,United States,31,Eliminated Week 5,9,0.0,0.0,0.0,,0.0,False,3,3.0,30.0,
17,10,Christina Milian,Mark Ballas,Singer/Rapper,New Jersey,United States,31,Eliminated Week 5,9,0.0,0.0,0.0,0.0,0.0,False,4,4.0,40.0,
17,11,Christina Milian,Mark Ballas,Singer/Rapper,New Jersey,United States,31,Eliminated Week 5,9,0.0,0.0,0.0,,0.0,False,3,3.0,30.0,
9,1,Chuck Liddell,Anna Trebunskaya,Athlete,California,United States,39,Eliminated Week 4,11,8.0,7.0,7.0,,22.0,True,3,3.0,30.0,0.7333333333333333
9,2,Chuck Liddell,Anna Trebunskaya,Athlete,California,United States,39,Eliminated Week 4,11,6.0,7.0,6.0,,19.0,True,3,3.0,30.0,0.6333333333333333
9,3,Chuck Liddell,Anna Trebunskaya,Athlete,California,United States,39,Eliminated Week 4,11,6.0,5.0,6.0,,17.0,True,3,3.0,30.0,0.5666666666666667
9,4,Chuck Liddell,Anna Trebunskaya,Athlete,California,United States,39,Eliminated Week 4,11,6.0,5.0,6.0,,17.0,True,3,3.0,30.0,0.5666666666666667
9,5,Chuck Liddell,Anna Trebunskaya,Athlete,California,United States,39,Eliminated Week 4,11,0.0,0.0,0.0,,0.0,False,3,3.0,30.0,
9,6,Chuck Liddell,Anna Trebunskaya,Athlete,California,United States,39,Eliminated Week 4,11,0.0,0.0,0.0,,0.0,False,3,3.0,30.0,
9,7,Chuck Liddell,Anna Trebunskaya,Athlete,California,United States,39,Eliminated Week 4,11,0.0,0.0,0.0,,0.0,False,3,3.0,30.0,
9,8,Chuck Liddell,Anna Trebunskaya,Athlete,California,United States,39,Eliminated Week 4,11,0.0,0.0,0.0,,0.0,False,3,3.0,30.0,
9,9,Chuck Liddell,Anna Trebunskaya,Athlete,California,United States,39,Eliminated Week 4,11,0.0,0.0,0.0,,0.0,False,3,3.0,30.0,
9,10,Chuck Liddell,Anna Trebunskaya,Athlete,California,United States,39,Eliminated Week 4,11,0.0,0.0,0.0,,0.0,False,3,3.0,30.0,
8,1,Chuck Wicks,Julianne Hough,Singer/Rapper,Delaware,United States,29,Eliminated Week 8,6,6.0,7.0,7.0,,20.0,True,3,3.0,30.0,0.6666666666666666
8,2,Chuck Wicks,Julianne Hough,Singer/Rapper,Delaware,United States,29,Eliminated Week 8,6,6.0,7.0,7.0,,20.0,True,3,3.0,30.0,0.6666666666666666
8,3,Chuck Wicks,Julianne Hough,Singer/Rapper,Delaware,United States,29,Eliminated Week 8,6,8.0,7.0,8.0,,23.0,True,3,3.0,30.0,0.7666666666666667
8,4,Chuck Wicks,Julianne Hough,Singer/Rapper,Delaware,United States,29,Eliminated Week 8,6,8.0,7.0,7.0,,22.0,True,3,3.0,30.0,0.7333333333333333
8,5,Chuck Wicks,Julianne Hough,Singer/Rapper,Delaware,United States,29,Eliminated Week 8,6,7.0,8.0,8.0,,23.0,True,3,3.0,30.0,0.7666666666666667
8,6,Chuck Wicks,Julianne Hough,Singer/Rapper,Delaware,United States,29,Eliminated Week 8,6,8.0,7.0,8.0,,23.0,True,3,3.0,30.0,0.7666666666666667
8,7,Chuck Wicks,Julianne Hough,Singer/Rapper,Delaware,United States,29,Eliminated Week 8,6,9.0,9.0,9.0,,27.0,True,3,3.0,30.0,0.9
8,8,Chuck Wicks,Julianne Hough,Singer/Rapper,Delaware,United States,29,Eliminated Week 8,6,8.5,8.5,8.5,,25.5,True,3,3.0,30.0,0.85
8,9,Chuck Wicks,Julianne Hough,Singer/Rapper,Delaware,United States,29,Eliminated Week 8,6,0.0,0.0,0.0,,0.0,False,3,3.0,30.0,
8,10,Chuck Wicks,Julianne Hough,Singer/Rapper,Delaware,United States,29,Eliminated Week 8,6,0.0,0.0,0.0,,0.0,False,3,3.0,30.0,
8,11,Chuck Wicks,Julianne Hough,Singer/Rapper,Delaware,United States,29,Eliminated Week 8,6,0.0,0.0,0.0,,0.0,False,3,3.0,30.0,
13,1,Chynna Phillips,Tony Dovolani,Singer/Rapper,California,United States,43,Eliminated Week 4,9,8.0,7.0,7.0,,22.0,True,3,3.0,30.0,0.7333333333333333
13,2,Chynna Phillips,Tony Dovolani,Singer/Rapper,California,United States,43,Eliminated Week 4,9,7.0,7.0,7.0,,21.0,True,3,3.0,30.0,0.7
13,3,Chynna Phillips,Tony Dovolani,Singer/Rapper,California,United States,43,Eliminated Week 4,9,8.0,9.0,9.0,,26.0,True,3,3.0,30.0,0.8666666666666667
13,4,Chynna Phillips,Tony Dovolani,Singer/Rapper,California,United States,43,Eliminated Week 4,9,7.0,7.0,7.0,,21.0,True,3,3.0,30.0,0.7
13,5,Chynna Phillips,Tony Dovolani,Singer/Rapper,California,United States,43,Eliminated Week 4,9,0.0,0.0,0.0,,0.0,False,3,3.0,30.0,
13,6,Chynna Phillips,Tony Dovolani,Singer/Rapper,California,United States,43,Eliminated Week 4,9,0.0,0.0,0.0,,0.0,False,3,3.0,30.0,
13,7,Chynna Phillips,Tony Dovolani,Singer/Rapper,California,United States,43,Eliminated Week 4,9,0.0,0.0,0.0,,0.0,False,3,3.0,30.0,
13,8,Chynna Phillips,Tony Dovolani,Singer/Rapper,California,United States,43,Eliminated Week 4,9,0.0,0.0,0.0,,0.0,False,3,3.0,30.0,
13,9,Chynna Phillips,Tony Dovolani,Singer/Rapper,California,United States,43,Eliminated Week 4,9,0.0,0.0,0.0,,0.0,False,3,3.0,30.0,
13,10,Chynna Phillips,Tony Dovolani,Singer/Rapper,California,United States,43,Eliminated Week 4,9,0.0,0.0,0.0,,0.0,False,3,3.0,30.0,
7,1,Cloris Leachman,Corky Ballas,Actor/Actress,Iowa,United States,82,Eliminated Week 6,7,6.0,5.0,5.0,,16.0,True,3,3.0,30.0,0.5333333333333333
7,2,Cloris Leachman,Corky Ballas,Actor/Actress,Iowa,United States,82,Eliminated Week 6,7,5.0,5.0,5.0,,15.0,True,3,3.0,30.0,0.5
7,3,Cloris Leachman,Corky Ballas,Actor/Actress,Iowa,United States,82,Eliminated Week 6,7,6.0,5.0,5.0,,16.0,True,3,3.0,30.0,0.5333333333333333
7,4,Cloris Leachman,Corky Ballas,Actor/Actress,Iowa,United States,82,Eliminated Week 6,7,8.0,7.0,7.0,,22.0,True,3,3.0,30.0,0.7333333333333333
7,5,Cloris Leachman,Corky Ballas,Actor/Actress,Iowa,United States,82,Eliminated Week 6,7,7.0,7.0,7.0,,21.0,True,3,3.0,30.0,0.7
7,6,Cloris Leachman,Corky Ballas,Actor/Actress,Iowa,United States,82,Eliminated Week 6,7,5.0,5.0,5.0,,15.0,True,3,3.0,30.0,0.5
7,7,Cloris Leachman,Corky Ballas,Actor/Actress,Iowa,United States,82,Eliminated Week 6,7,0.0,0.0,0.0,,0.0,False,3,3.0,30.0,
7,8,Cloris Leachman,Corky Ballas,Actor/Actress,Iowa,United States,82,Eliminated Week 6,7,0.0,0.0,0.0,,0.0,False,3,3.0,30.0,
7,9,Cloris Leachman,Corky Ballas,Actor/Actress,Iowa,United States,82,Eliminated Week 6,7,0.0,0.0,0.0,,0.0,False,3,3.0,30.0,
7,10,Cloris Leachman,Corky Ballas,Actor/Actress,Iowa,United States,82,Eliminated Week 6,7,0.0,0.0,0.0,,0.0,False,3,3.0,30.0,
4,1,Clyde Drexler,Elena Grinenko,Athlete,Louisiana,United States,44,Eliminated Week 5,8,6.0,5.0,5.0,,16.0,True,3,3.0,30.0,0.5333333333333333
4,2,Clyde Drexler,Elena Grinenko,Athlete,Louisiana,United States,44,Eliminated Week 5,8,6.0,6.0,6.0,,18.0,True,3,3.0,30.0,0.6
4,3,Clyde Drexler,Elena Grinenko,Athlete,Louisiana,United States,44,Eliminated Week 5,8,6.0,5.0,5.0,,16.0,True,3,3.0,30.0,0.5333333333333333
4,4,Clyde Drexler,Elena Grinenko,Athlete,Louisiana,United States,44,Eliminated Week 5,8,6.0,4.0,5.0,,15.0,True,3,3.0,30.0,0.5
4,5,Clyde Drexler,Elena Grinenko,Athlete,Louisiana,United States,44,Eliminated Week 5,8,4.0,5.0,4.0,,13.0,True,3,3.0,30.0,0.43333333333333335
4,6,Clyde Drexler,Elena Grinenko,Athlete,Louisiana,United States,44,Eliminated Week 5,8,0.0,0.0,0.0,,0.0,False,3,3.0,30.0,
4,7,Clyde Drexler,Elena Grinenko,Athlete,Louisiana,United States,44,Eliminated Week 5,8,0.0,0.0,0.0,,0.0,False,3,3.0,30.0,
4,8,Clyde Drexler,Elena Grinenko,Athlete,Louisiana,United States,44,Eliminated Week 5,8,0.0,0.0,0.0,,0.0,False,3,3.0,30.0,
4,9,Clyde Drexler,Elena Grinenko,Athlete,Louisiana,United States,44,Eliminated Week 5,8,0.0,0.0,0.0,,0.0,False,3,3.0,30.0,
4,10,Clyde Drexler,Elena Grinenko,Athlete,Louisiana,United States,44,Eliminated Week 5,8,0.0,0.0,0.0,,0.0,False,3,3.0,30.0,
7,1,Cody Linley,Julianne Hough,Actor/Actress,Texas,United States,18,Eliminated Week 9,4,7.0,6.5,7.0,,20.5,True,3,3.0,30.0,0.6833333333333333
7,2,Cody Linley,Julianne Hough,Actor/Actress,Texas,United States,18,Eliminated Week 9,4,7.0,7.0,7.0,,21.0,True,3,3.0,30.0,0.7
7,3,Cody Linley,Julianne Hough,Actor/Actress,Texas,United States,18,Eliminated Week 9,4,7.0,7.0,7.0,,21.0,True,3,3.0,30.0,0.7
7,4,Cody Linley,Julianne Hough,Actor/Actress,Texas,United States,18,Eliminated Week 9,4,7.0,8.0,8.0,,23.0,True,3,3.0,30.0,0.7666666666666667
7,5,Cody Linley,Julianne Hough,Actor/Actress,Texas,United States,18,Eliminated Week 9,4,10.0,9.0,9.0,,28.0,True,3,3.0,30.0,0.9333333333333333
7,6,Cody Linley,Julianne Hough,Actor/Actress,Texas,United States,18,Eliminated Week 9,4,8.0,8.0,7.0,,23.0,True,3,3.0,30.0,0.7666666666666667
7,7,Cody Linley,Julianne Hough,Actor/Actress,Texas,United States,18,Eliminated Week 9,4,8.0,7.0,7.0,,22.0,True,3,3.0,30.0,0.7333333333333333
7,8,Cody Linley,Julianne Hough,Actor/Actress,Texas,United States,18,Eliminated Week 9,4,8.0,8.0,8.0,,24.0,True,3,3.0,30.0,0.8
7,9,Cody Linley,Julianne Hough,Actor/Actress,Texas,United States,18,Eliminated Week 9,4,8.0,7.5,7.5,,23.0,True,3,3.0,30.0,0.7666666666666667
7,10,Cody Linley,Julianne Hough,Actor/Actress,Texas,United States,18,Eliminated Week 9,4,0.0,0.0,0.0,,0.0,False,3,3.0,30.0,
30,1,Cody Rigsby,Cheryl Burke,Fitness Instructor,California,United States,34,3rd Place,3,6.0,6.0,6.0,6.0,24.0,True,4,4.0,40.0,0.6
30,2,Cody Rigsby,Cheryl Burke,Fitness Instructor,California,United States,34,3rd Place,3,6.0,6.0,6.0,6.0,24.0,True,4,4.0,40.0,0.6
30,3,Cody Rigsby,Cheryl Burke,Fitness Instructor,California,United States,34,3rd Place,3,6.0,6.0,6.0,,18.0,True,3,3.0,30.0,0.6
30,4,Cody Rigsby,Cheryl Burke,Fitness Instructor,California,United States,34,3rd Place,3,7.5,6.5,7.5,7.5,29.0,True,4,4.0,40.0,0.725
30,5,Cody Rigsby,Cheryl Burke,Fitness Instructor,California,United States,34,3rd Place,3,8.0,8.0,8.0,8.0,32.0,True,4,4.0,40.0,0.8
30,6,Cody Rigsby,Cheryl Burke,Fitness Instructor,California,United States,34,3rd Place,3,9.0,9.0,9.0,9.0,36.0,True,4,4.0,40.0,0.9
30,7,Cody Rigsby,Cheryl Burke,Fitness Instructor,California,United States,34,3rd Place,3,8.5,8.5,9.5,9.5,36.0,True,4,4.0,40.0,0.9
30,8,Cody Rigsby,Cheryl Burke,Fitness Instructor,California,United States,34,3rd Place,3,10.0,10.0,9.0,9.0,38.0,True,4,4.0,40.0,0.95
30,9,Cody Rigsby,Cheryl Burke,Fitness Instructor,California,United States,34,3rd Place,3,9.0,9.0,8.5,9.0,35.5,True,4,4.0,40.0,0.8875
30,10,Cody Rigsby,Cheryl Burke,Fitness Instructor,California,United States,34,3rd Place,3,9.5,9.5,9.5,9.5,38.0,True,4,4.0,40.0,0.95
17,1,Corbin Bleu,Karina Smirnoff,Actor/Actress,New York,United States,24,2nd Place,2,8.0,8.0,8.0,,24.0,True,3,3.0,30.0,0.8
17,2,Corbin Bleu,Karina Smirnoff,Actor/Actress,New York,United States,24,2nd Place,2,9.0,8.0,9.0,,26.0,True,3,3.0,30.0,0.8666666666666667
17,3,Corbin Bleu,Karina Smirnoff,Actor/Actress,New York,United States,24,2nd Place,2,9.0,8.0,9.0,,26.0,True,3,3.0,30.0,0.8666666666666667
17,4,Corbin Bleu,Karina Smirnoff,Actor/Actress,New York,United States,24,2nd Place,2,9.0,9.0,9.0,,27.0,True,3,3.0,30.0,0.9
17,5,Corbin Bleu,Karina Smirnoff,Actor/Actress,New York,United States,24,2nd Place,2,9.0,9.0,10.0,,28.0,True,3,3.0,30.0,0.9333333333333333
17,6,Corbin Bleu,Karina Smirnoff,Actor/Actress,New York,United States,24,2nd Place,2,9.3333,8.3333,9.3333,,26.999899999999997,True,3,3.0,30.0,0.8999966666666666
17,7,Corbin Bleu,Karina Smirnoff,Actor/Actress,New York,United States,24,2nd Place,2,10.0,9.5,10.0,,29.5,True,3,3.0,30.0,0.9833333333333333
17,8,Corbin Bleu,Karina Smirnoff,Actor/Actress,New York,United States,24,2nd Place,2,10.0,10.0,10.0,,30.0,True,3,3.0,30.0,1.0
17,9,Corbin Bleu,Karina Smirnoff,Actor/Actress,New York,United States,24,2nd Place,2,9.5,9.5,10.0,,29.0,True,3,3.0,30.0,0.9666666666666667
17,10,Corbin Bleu,Karina Smirnoff,Actor/Actress,New York,United States,24,2nd Place,2,9.5,9.0,9.5,9.5,37.5,True,4,4.0,40.0,0.9375
17,11,Corbin Bleu,Karina Smirnoff,Actor/Actress,New York,United States,24,2nd Place,2,9.8888,9.8888,9.8888,,29.6664,True,3,3.0,30.0,0.98888
34,1,Corey Feldman,Jenna Johnson,Actor/Actress,California,United States,54,Eliminated Week 2,13,4.0,5.0,,,9.0,True,2,2.0,20.0,0.45
34,2,Corey Feldman,Jenna Johnson,Actor/Actress,California,United States,54,Eliminated Week 2,13,5.0,5.0,5.0,,15.0,True,3,3.0,30.0,0.5
34,3,Corey Feldman,Jenna Johnson,Actor/Actress,California,United States,54,Eliminated Week 2,13,0.0,0.0,0.0,,0.0,False,3,3.0,30.0,
34,4,Corey Feldman,Jenna Johnson,Actor/Actress,California,United States,54,Eliminated Week 2,13,0.0,0.0,0.0,,0.0,False,3,3.0,30.0,
34,5,Corey Feldman,Jenna Johnson,Actor/Actress,California,United States,54,Eliminated Week 2,13,0.0,0.0,0.0,0.0,0.0,False,4,4.0,40.0,
34,6,Corey Feldman,Jenna Johnson,Actor/Actress,California,United States,54,Eliminated Week 2,13,0.0,0.0,0.0,0.0,0.0,False,4,4.0,40.0,
34,7,Corey Feldman,Jenna Johnson,Actor/Actress,California,United States,54,Eliminated Week 2,13,0.0,0.0,0.0,0.0,0.0,False,4,4.0,40.0,
34,8,Corey Feldman,Jenna Johnson,Actor/Actress,California,United States,54,Eliminated Week 2,13,0.0,0.0,0.0,0.0,0.0,False,4,4.0,40.0,
34,9,Corey Feldman,Jenna Johnson,Actor/Actress,California,United States,54,Eliminated Week 2,13,0.0,0.0,0.0,0.0,0.0,False,4,4.0,40.0,
34,10,Corey Feldman,Jenna Johnson,Actor/Actress,California,United States,54,Eliminated Week 2,13,0.0,0.0,0.0,,0.0,False,3,3.0,30.0,
34,11,Corey Feldman,Jenna Johnson,Actor/Actress,California,United States,54,Eliminated Week 2,13,0.0,0.0,0.0,,0.0,False,3,3.0,30.0,
16,1,D. L. Hughley,Cheryl Burke,Comedian,Virginia,United States,50,Eliminated Week 5,9,4.0,4.0,4.0,,12.0,True,3,3.0,30.0,0.4
16,2,D. L. Hughley,Cheryl Burke,Comedian,Virginia,United States,50,Eliminated Week 5,9,5.0,5.0,6.0,,16.0,True,3,3.0,30.0,0.5333333333333333
16,3,D. L. Hughley,Cheryl Burke,Comedian,Virginia,United States,50,Eliminated Week 5,9,6.0,5.0,5.0,,16.0,True,3,3.0,30.0,0.5333333333333333
16,4,D. L. Hughley,Cheryl Burke,Comedian,Virginia,United States,50,Eliminated Week 5,9,7.0,7.0,7.0,,21.0,True,3,3.0,30.0,0.7
16,5,D. L. Hughley,Cheryl Burke,Comedian,Virginia,United States,50,Eliminated Week 5,9,6.0,6.0,6.0,,18.0,True,3,3.0,30.0,0.6
16,6,D. L. Hughley,Cheryl Burke,Comedian,Virginia,United States,50,Eliminated Week 5,9,0.0,0.0,0.0,,0.0,False,3,3.0,30.0,
16,7,D. L. Hughley,Cheryl Burke,Comedian,Virginia,United States,50,Eliminated Week 5,9,0.0,0.0,0.0,,0.0,False,3,3.0,30.0,
16,8,D. L. Hughley,Cheryl Burke,Comedian,Virginia,United States,50,Eliminated Week 5,9,0.0,0.0,0.0,,0.0,False,3,3.0,30.0,
16,9,D. L. Hughley,Cheryl Burke,Comedian,Virginia,United States,50,Eliminated Week 5,9,0.0,0.0,0.0,,0.0,False,3,3.0,30.0,
16,10,D. L. Hughley,Cheryl Burke,Comedian,Virginia,United States,50,Eliminated Week 5,9,0.0,0.0,0.0,,0.0,False,3,3.0,30.0,
27,1,Danelle Umstead,Artem Chigvintsev,Athlete,New Mexico,United States,46,Eliminated Week 2,12,6.0,6.0,6.0,,18.0,True,3,3.0,30.0,0.6
27,2,Danelle Umstead,Artem Chigvintsev,Athlete,New Mexico,United States,46,Eliminated Week 2,12,6.5,6.0,6.0,,18.5,True,3,3.0,30.0,0.6166666666666667
27,3,Danelle Umstead,Artem Chigvintsev,Athlete,New Mexico,United States,46,Eliminated Week 2,12,0.0,0.0,0.0,,0.0,False,3,3.0,30.0,
27,4,Danelle Umstead,Artem Chigvintsev,Athlete,New Mexico,United States,46,Eliminated Week 2,12,0.0,0.0,0.0,,0.0,False,3,3.0,30.0,
27,5,Danelle Umstead,Artem Chigvintsev,Athlete,New Mexico,United States,46,Eliminated Week 2,12,0.0,0.0,0.0,,0.0,False,3,3.0,30.0,
27,6,Danelle Umstead,Artem Chigvintsev,Athlete,New Mexico,United States,46,Eliminated Week 2,12,0.0,0.0,0.0,,0.0,False,3,3.0,30.0,
27,7,Danelle Umstead,Artem Chigvintsev,Athlete,New Mexico,United States,46,Eliminated Week 2,12,0.0,0.0,0.0,,0.0,False,3,3.0,30.0,
27,8,Danelle Umstead,Artem Chigvintsev,Athlete,New Mexico,United States,46,Eliminated Week 2,12,0.0,0.0,0.0,,0.0,False,3,3.0,30.0,
27,9,Danelle Umstead,Artem Chigvintsev,Athlete,New Mexico,United States,46,Eliminated Week 2,12,0.0,0.0,0.0,,0.0,False,3,3.0,30.0,
18,1,Danica McKellar,Valentin Chmerkovskiy,Actor/Actress,California,United States,39,Eliminated Week 8,6,8.0,8.0,8.0,,24.0,True,3,3.0,30.0,0.8
18,2,Danica McKellar,Valentin Chmerkovskiy,Actor/Actress,California,United States,39,Eliminated Week 8,6,8.0,8.0,8.0,,24.0,True,3,3.0,30.0,0.8
18,3,Danica McKellar,Valentin Chmerkovskiy,Actor/Actress,California,United States,39,Eliminated Week 8,6,9.0,9.0,9.0,9.0,36.0,True,4,4.0,40.0,0.9
18,4,Danica McKellar,Valentin Chmerkovskiy,Actor/Actress,California,United States,39,Eliminated Week 8,6,8.0,8.0,8.0,8.0,32.0,True,4,4.0,40.0,0.8
18,5,Danica McKellar,Valentin Chmerkovskiy,Actor/Actress,California,United States,39,Eliminated Week 8,6,10.0,9.0,10.0,10.0,39.0,True,4,4.0,40.0,0.975
18,6,Danica McKellar,Valentin Chmerkovskiy,Actor/Actress,California,United States,39,Eliminated Week 8,6,9.0,9.0,9.0,9.0,36.0,True,4,4.0,40.0,0.9
18,7,Danica McKellar,Valentin Chmerkovskiy,Actor/Actress,California,United States,39,Eliminated Week 8,6,9.0,9.5,8.5,9.0,36.0,True,4,4.0,40.0,0.9
18,8,Danica McKellar,Valentin Chmerkovskiy,Actor/Actress,California,United States,39,Eliminated Week 8,6,10.0,9.0,9.0,10.0,38.0,True,4,4.0,40.0,0.95
18,9,Danica McKellar,Valentin Chmerkovskiy,Actor/Actress,California,United States,39,Eliminated Week 8,6,0.0,0.0,0.0,0.0,0.0,False,4,4.0,40.0,
18,10,Danica McKellar,Valentin Chmerkovskiy,Actor/Actress,California,United States,39,Eliminated Week 8,6,0.0,0.0,0.0,,0.0,False,3,3.0,30.0,
31,1,Daniel Durant,Britt Stewart,Actor/Actress,Michigan,United States,32,Eliminated Week 9,5,7.0,6.0,7.0,7.0,27.0,True,4,4.0,40.0,0.675
31,2,Daniel Durant,Britt Stewart,Actor/Actress,Michigan,United States,32,Eliminated Week 9,5,7.0,7.0,7.0,8.0,29.0,True,4,4.0,40.0,0.725
31,3,Daniel Durant,Britt Stewart,Actor/Actress,Michigan,United States,32,Eliminated Week 9,5,8.0,7.0,8.0,8.0,31.0,True,4,4.0,40.0,0.775
31,4,Daniel Durant,Britt Stewart,Actor/Actress,Michigan,United States,32,Eliminated Week 9,5,7.0,7.0,7.0,8.0,29.0,True,4,4.0,40.0,0.725
31,5,Daniel Durant,Britt Stewart,Actor/Actress,Michigan,United States,32,Eliminated Week 9,5,8.125,8.125,8.625,8.625,33.5,True,4,4.0,40.0,0.8375
31,6,Daniel Durant,Britt Stewart,Actor/Actress,Michigan,United States,32,Eliminated Week 9,5,9.0,8.0,8.0,9.0,34.0,True,4,4.0,40.0,0.85
31,7,Daniel Durant,Britt Stewart,Actor/Actress,Michigan,United States,32,Eliminated Week 9,5,9.0,8.5,9.5,9.5,36.5,True,4,4.0,40.0,0.9125
31,8,Daniel Durant,Britt Stewart,Actor/Actress,Michigan,United States,32,Eliminated Week 9,5,10.0,9.0,10.0,10.0,39.0,True,4,4.0,40.0,0.975
31,9,Daniel Durant,Britt Stewart,Actor/Actress,Michigan,United States,32,Eliminated Week 9,5,9.0,8.0,9.0,8.5,34.5,True,4,4.0,40.0,0.8625
31,10,Daniel Durant,Britt Stewart,Actor/Actress,Michigan,United States,32,Eliminated Week 9,5,0.0,0.0,0.0,0.0,0.0,False,4,4.0,40.0,
34,1,Danielle Fishel,Pasha Pashkov,Actor/Actress,California,United States,44,Eliminated Week 8,8,6.0,6.0,,,12.0,True,2,2.0,20.0,0.6
34,2,Danielle Fishel,Pasha Pashkov,Actor/Actress,California,United States,44,Eliminated Week 8,8,7.0,6.0,6.0,,19.0,True,3,3.0,30.0,0.6333333333333333
34,3,Danielle Fishel,Pasha Pashkov,Actor/Actress,California,United States,44,Eliminated Week 8,8,7.0,7.0,7.0,,21.0,True,3,3.0,30.0,0.7
34,4,Danielle Fishel,Pasha Pashkov,Actor/Actress,California,United States,44,Eliminated Week 8,8,7.0,7.0,7.0,,21.0,True,3,3.0,30.0,0.7
34,5,Danielle Fishel,Pasha Pashkov,Actor/Actress,California,United States,44,Eliminated Week 8,8,7.0,7.0,7.0,8.0,29.0,True,4,4.0,40.0,0.725
34,6,Danielle Fishel,Pasha Pashkov,Actor/Actress,California,United States,44,Eliminated Week 8,8,9.0,9.0,9.0,9.0,36.0,True,4,4.0,40.0,0.9
34,7,Danielle Fishel,Pasha Pashkov,Actor/Actress,California,United States,44,Eliminated Week 8,8,8.5,8.5,8.5,9.5,35.0,True,4,4.0,40.0,0.875
34,8,Danielle Fishel,Pasha Pashkov,Actor/Actress,California,United States,44,Eliminated Week 8,8,9.5,9.0,9.5,9.0,37.0,True,4,4.0,40.0,0.925
34,9,Danielle Fishel,Pasha Pashkov,Actor/Actress,California,United States,44,Eliminated Week 8,8,0.0,0.0,0.0,0.0,0.0,False,4,4.0,40.0,
34,10,Danielle Fishel,Pasha Pashkov,Actor/Actress,California,United States,44,Eliminated Week 8,8,0.0,0.0,0.0,,0.0,False,3,3.0,30.0,
34,11,Danielle Fishel,Pasha Pashkov,Actor/Actress,California,United States,44,Eliminated Week 8,8,0.0,0.0,0.0,,0.0,False,3,3.0,30.0,
33,1,Danny Amendola,Witney Carson,Athlete,Texas,United States,39,5th Place,5,7.0,6.0,7.0,,20.0,True,3,3.0,30.0,0.6666666666666666
33,2,Danny Amendola,Witney Carson,Athlete,Texas,United States,39,5th Place,5,7.0,7.0,7.0,,21.0,True,3,3.0,30.0,0.7
33,3,Danny Amendola,Witney Carson,Athlete,Texas,United States,39,5th Place,5,7.5,7.5,8.0,7.0,30.0,True,4,4.0,40.0,0.75
33,4,Danny Amendola,Witney Carson,Athlete,Texas,United States,39,5th Place,5,9.0,9.0,9.0,9.0,36.0,True,4,4.0,40.0,0.9
33,5,Danny Amendola,Witney Carson,Athlete,Texas,United States,39,5th Place,5,8.5,8.5,8.5,,25.5,True,3,3.0,30.0,0.85
33,6,Danny Amendola,Witney Carson,Athlete,Texas,United States,39,5th Place,5,10.0,9.0,9.0,,28.0,True,3,3.0,30.0,0.9333333333333333
33,7,Danny Amendola,Witney Carson,Athlete,Texas,United States,39,5th Place,5,8.5,8.5,8.5,,25.5,True,3,3.0,30.0,0.85
33,8,Danny Amendola,Witney Carson,Athlete,Texas,United States,39,5th Place,5,9.0,9.0,9.0,,27.0,True,3,3.0,30.0,0.9
33,9,Danny Amendola,Witney Carson,Athlete,Texas,United States,39,5th Place,5,9.0,9.5,9.5,,28.0,True,3,3.0,30.0,0.9333333333333333
8,1,David Alan Grier,Kym Johnson,Actor/Actress,Michigan,United States,52,Eliminated Week 5,9,6.0,7.0,6.0,,19.0,True,3,3.0,30.0,0.6333333333333333
8,2,David Alan Grier,Kym Johnson,Actor/Actress,Michigan,United States,52,Eliminated Week 5,9,6.0,5.0,6.0,,17.0,True,3,3.0,30.0,0.5666666666666667
8,3,David Alan Grier,Kym Johnson,Actor/Actress,Michigan,United States,52,Eliminated Week 5,9,8.0,8.0,8.0,,24.0,True,3,3.0,30.0,0.8
8,4,David Alan Grier,Kym Johnson,Actor/Actress,Michigan,United States,52,Eliminated Week 5,9,8.0,7.0,7.0,,22.0,True,3,3.0,30.0,0.7333333333333333
8,5,David Alan Grier,Kym Johnson,Actor/Actress,Michigan,United States,52,Eliminated Week 5,9,7.0,8.0,7.0,,22.0,True,3,3.0,30.0,0.7333333333333333
8,6,David Alan Grier,Kym Johnson,Actor/Actress,Michigan,United States,52,Eliminated Week 5,9,0.0,0.0,0.0,,0.0,False,3,3.0,30.0,
8,7,David Alan Grier,Kym Johnson,Actor/Actress,Michigan,United States,52,Eliminated Week 5,9,0.0,0.0,0.0,,0.0,False,3,3.0,30.0,
8,8,David Alan Grier,Kym Johnson,Actor/Actress,Michigan,United States,52,Eliminated Week 5,9,0.0,0.0,0.0,,0.0,False,3,3.0,30.0,
8,9,David Alan Grier,Kym Johnson,Actor/Actress,Michigan,United States,52,Eliminated Week 5,9,0.0,0.0,0.0,,0.0,False,3,3.0,30.0,
8,10,David Alan Grier,Kym Johnson,Actor/Actress,Michigan,United States,52,Eliminated Week 5,9,0.0,0.0,0.0,,0.0,False,3,3.0,30.0,
8,11,David Alan Grier,Kym Johnson,Actor/Actress,Michigan,United States,52,Eliminated Week 5,9,0.0,0.0,0.0,,0.0,False,3,3.0,30.0,
13,1,David Arquette,Kym Johnson,Actor/Actress,Virginia,United States,40,Eliminated Week 7,6,6.0,6.0,6.0,,18.0,True,3,3.0,30.0,0.6
13,2,David Arquette,Kym Johnson,Actor/Actress,Virginia,United States,40,Eliminated Week 7,6,6.0,6.0,6.0,,18.0,True,3,3.0,30.0,0.6
13,3,David Arquette,Kym Johnson,Actor/Actress,Virginia,United States,40,Eliminated Week 7,6,8.0,8.0,8.0,,24.0,True,3,3.0,30.0,0.8
13,4,David Arquette,Kym Johnson,Actor/Actress,Virginia,United States,40,Eliminated Week 7,6,8.0,7.0,8.0,,23.0,True,3,3.0,30.0,0.7666666666666667
13,5,David Arquette,Kym Johnson,Actor/Actress,Virginia,United States,40,Eliminated Week 7,6,8.0,9.0,8.0,,25.0,True,3,3.0,30.0,0.8333333333333334
13,6,David Arquette,Kym Johnson,Actor/Actress,Virginia,United States,40,Eliminated Week 7,6,8.0,7.0,8.0,,23.0,True,3,3.0,30.0,0.7666666666666667
13,7,David Arquette,Kym Johnson,Actor/Actress,Virginia,United States,40,Eliminated Week 7,6,8.0,7.5,8.0,,23.5,True,3,3.0,30.0,0.7833333333333333
13,8,David Arquette,Kym Johnson,Actor/Actress,Virginia,United States,40,Eliminated Week 7,6,0.0,0.0,0.0,,0.0,False,3,3.0,30.0,
13,9,David Arquette,Kym Johnson,Actor/Actress,Virginia,United States,40,Eliminated Week 7,6,0.0,0.0,0.0,,0.0,False,3,3.0,30.0,
13,10,David Arquette,Kym Johnson,Actor/Actress,Virginia,United States,40,Eliminated Week 7,6,0.0,0.0,0.0,,0.0,False,3,3.0,30.0,
11,1,David Hasselhoff,Kym Johnson,Actor/Actress,Maryland,United States,58,Eliminated Week 1,12,5.0,5.0,5.0,,15.0,True,3,3.0,30.0,0.5
11,2,David Hasselhoff,Kym Johnson,Actor/Actress,Maryland,United States,58,Eliminated Week 1,12,0.0,0.0,0.0,,0.0,False,3,3.0,30.0,
11,3,David Hasselhoff,Kym Johnson,Actor/Actress,Maryland,United States,58,Eliminated Week 1,12,0.0,0.0,0.0,,0.0,False,3,3.0,30.0,
11,4,David Hasselhoff,Kym Johnson,Actor/Actress,Maryland,United States,58,Eliminated Week 1,12,0.0,0.0,0.0,,0.0,False,3,3.0,30.0,
11,5,David Hasselhoff,Kym Johnson,Actor/Actress,Maryland,United States,58,Eliminated Week 1,12,0.0,0.0,0.0,,0.0,False,3,3.0,30.0,
11,6,David Hasselhoff,Kym Johnson,Actor/Actress,Maryland,United States,58,Eliminated Week 1,12,0.0,0.0,0.0,,0.0,False,3,3.0,30.0,
11,7,David Hasselhoff,Kym Johnson,Actor/Actress,Maryland,United States,58,Eliminated Week 1,12,0.0,0.0,0.0,0.0,0.0,False,4,4.0,40.0,
11,8,David Hasselhoff,Kym Johnson,Actor/Actress,Maryland,United States,58,Eliminated Week 1,12,0.0,0.0,0.0,,0.0,False,3,3.0,30.0,
11,9,David Hasselhoff,Kym Johnson,Actor/Actress,Maryland,United States,58,Eliminated Week 1,12,0.0,0.0,0.0,,0.0,False,3,3.0,30.0,
11,10,David Hasselhoff,Kym Johnson,Actor/Actress,Maryland,United States,58,Eliminated Week 1,12,0.0,0.0,0.0,,0.0,False,3,3.0,30.0,
24,1,David Ross,Lindsay Arnold,Athlete,Georgia,United States,40,2nd Place,2,7.0,7.0,7.0,7.0,28.0,True,4,4.0,40.0,0.7
24,2,David Ross,Lindsay Arnold,Athlete,Georgia,United States,40,2nd Place,2,7.0,6.0,7.0,7.0,27.0,True,4,4.0,40.0,0.675
24,3,David Ross,Lindsay Arnold,Athlete,Georgia,United States,40,2nd Place,2,8.0,7.0,8.0,8.0,31.0,True,4,4.0,40.0,0.775
24,4,David Ross,Lindsay Arnold,Athlete,Georgia,United States,40,2nd Place,2,7.0,8.0,8.0,8.0,31.0,True,4,4.0,40.0,0.775
24,5,David Ross,Lindsay Arnold,Athlete,Georgia,United States,40,2nd Place,2,7.0,7.0,8.0,7.0,29.0,True,4,4.0,40.0,0.725
24,6,David Ross,Lindsay Arnold,Athlete,Georgia,United States,40,2nd Place,2,7.5,8.5,7.5,7.5,31.0,True,4,4.0,40.0,0.775
24,7,David Ross,Lindsay Arnold,Athlete,Georgia,United States,40,2nd Place,2,8.0,8.0,8.0,8.0,32.0,True,4,4.0,40.0,0.8
24,8,David Ross,Lindsay Arnold,Athlete,Georgia,United States,40,2nd Place,2,8.0,8.0,8.5,8.0,32.5,True,4,4.0,40.0,0.8125
24,9,David Ross,Lindsay Arnold,Athlete,Georgia,United States,40,2nd Place,2,9.0,8.5,9.0,8.5,35.0,True,4,4.0,40.0,0.875
24,10,David Ross,Lindsay Arnold,Athlete,Georgia,United States,40,2nd Place,2,9.0,9.0,9.3333,9.0,36.3333,True,4,4.0,40.0,0.9083325
27,1,DeMarcus Ware,Lindsay Arnold,Athlete,Alabama,United States,36,Eliminated Week 7,7,8.0,7.0,8.0,,23.0,True,3,3.0,30.0,0.7666666666666667
27,2,DeMarcus Ware,Lindsay Arnold,Athlete,Alabama,United States,36,Eliminated Week 7,7,8.0,7.5,8.0,,23.5,True,3,3.0,30.0,0.7833333333333333
27,3,DeMarcus Ware,Lindsay Arnold,Athlete,Alabama,United States,36,Eliminated Week 7,7,9.0,8.0,9.0,,26.0,True,3,3.0,30.0,0.8666666666666667
27,4,DeMarcus Ware,Lindsay Arnold,Athlete,Alabama,United States,36,Eliminated Week 7,7,7.0,7.0,8.0,,22.0,True,3,3.0,30.0,0.7333333333333333
27,5,DeMarcus Ware,Lindsay Arnold,Athlete,Alabama,United States,36,Eliminated Week 7,7,9.0,8.0,9.0,,26.0,True,3,3.0,30.0,0.8666666666666667
27,6,DeMarcus Ware,Lindsay Arnold,Athlete,Alabama,United States,36,Eliminated Week 7,7,8.0,9.0,9.0,,26.0,True,3,3.0,30.0,0.8666666666666667
27,7,DeMarcus Ware,Lindsay Arnold,Athlete,Alabama,United States,36,Eliminated Week 7,7,9.0,8.5,9.0,,26.5,True,3,3.0,30.0,0.8833333333333333
27,8,DeMarcus Ware,Lindsay Arnold,Athlete,Alabama,United States,36,Eliminated Week 7,7,0.0,0.0,0.0,,0.0,False,3,3.0,30.0,
27,9,DeMarcus Ware,Lindsay Arnold,Athlete,Alabama,United States,36,Eliminated Week 7,7,0.0,0.0,0.0,,0.0,False,3,3.0,30.0,
25,1,Debbie Gibson,Alan Bersten,Singer/Rapper,New York,United States,47,Eliminated Week 2,12,6.0,5.0,6.0,,17.0,True,3,3.0,30.0,0.5666666666666667
25,2,Debbie Gibson,Alan Bersten,Singer/Rapper,New York,United States,47,Eliminated Week 2,12,7.0,6.5,7.0,,20.5,True,3,3.0,30.0,0.6833333333333333
25,3,Debbie Gibson,Alan Bersten,Singer/Rapper,New York,United States,47,Eliminated Week 2,12,0.0,0.0,0.0,,0.0,False,3,3.0,30.0,
25,4,Debbie Gibson,Alan Bersten,Singer/Rapper,New York,United States,47,Eliminated Week 2,12,0.0,0.0,0.0,,0.0,False,3,3.0,30.0,
25,5,Debbie Gibson,Alan Bersten,Singer/Rapper,New York,United States,47,Eliminated Week 2,12,0.0,0.0,0.0,,0.0,False,3,3.0,30.0,
25,6,Debbie Gibson,Alan Bersten,Singer/Rapper,New York,United States,47,Eliminated Week 2,12,0.0,0.0,0.0,0.0,0.0,False,4,4.0,40.0,
25,7,Debbie Gibson,Alan Bersten,Singer/Rapper,New York,United States,47,Eliminated Week 2,12,0.0,0.0,0.0,,0.0,False,3,3.0,30.0,
25,8,Debbie Gibson,Alan Bersten,Singer/Rapper,New York,United States,47,Eliminated Week 2,12,0.0,0.0,0.0,,0.0,False,3,3.0,30.0,
25,9,Debbie Gibson,Alan Bersten,Singer/Rapper,New York,United States,47,Eliminated Week 2,12,0.0,0.0,0.0,,0.0,False,3,3.0,30.0,
25,10,Debbie Gibson,Alan Bersten,Singer/Rapper,New York,United States,47,Eliminated Week 2,12,0.0,0.0,0.0,0.0,0.0,False,4,4.0,40.0,
9,1,Debi Mazar,Maksim Chmerkoskiy,Actor/Actress,New York,United States,45,Eliminated Week 3,12,8.0,7.0,7.0,,22.0,True,3,3.0,30.0,0.7333333333333333
9,2,Debi Mazar,Maksim Chmerkoskiy,Actor/Actress,New York,United States,45,Eliminated Week 3,12,7.0,7.0,7.0,,21.0,True,3,3.0,30.0,0.7
9,3,Debi Mazar,Maksim Chmerkoskiy,Actor/Actress,New York,United States,45,Eliminated Week 3,12,6.0,5.0,6.0,,17.0,True,3,3.0,30.0,0.5666666666666667
9,4,Debi Mazar,Maksim Chmerkoskiy,Actor/Actress,New York,United States,45,Eliminated Week 3,12,0.0,0.0,0.0,,0.0,False,3,3.0,30.0,
9,5,Debi Mazar,Maksim Chmerkoskiy,Actor/Actress,New York,United States,45,Eliminated Week 3,12,0.0,0.0,0.0,,0.0,False,3,3.0,30.0,
9,6,Debi Mazar,Maksim Chmerkoskiy,Actor/Actress,New York,United States,45,Eliminated Week 3,12,0.0,0.0,0.0,,0.0,False,3,3.0,30.0,
9,7,Debi Mazar,Maksim Chmerkoskiy,Actor/Actress,New York,United States,45,Eliminated Week 3,12,0.0,0.0,0.0,,0.0,False,3,3.0,30.0,
9,8,Debi Mazar,Maksim Chmerkoskiy,Actor/Actress,New York,United States,45,Eliminated Week 3,12,0.0,0.0,0.0,,0.0,False,3,3.0,30.0,
9,9,Debi Mazar,Maksim Chmerkoskiy,Actor/Actress,New York,United States,45,Eliminated Week 3,12,0.0,0.0,0.0,,0.0,False,3,3.0,30.0,
9,10,Debi Mazar,Maksim Chmerkoskiy,Actor/Actress,New York,United States,45,Eliminated Week 3,12,0.0,0.0,0.0,,0.0,False,3,3.0,30.0,
8,1,Denise Richards,Maksim Chmerkoskiy,Actor/Actress,Illinois,United States,38,Eliminated Week 3,12,6.0,6.0,6.0,,18.0,True,3,3.0,30.0,0.6
8,2,Denise Richards,Maksim Chmerkoskiy,Actor/Actress,Illinois,United States,38,Eliminated Week 3,12,7.0,7.0,7.0,,21.0,True,3,3.0,30.0,0.7
8,3,Denise Richards,Maksim Chmerkoskiy,Actor/Actress,Illinois,United States,38,Eliminated Week 3,12,5.0,6.0,5.0,,16.0,True,3,3.0,30.0,0.5333333333333333
8,4,Denise Richards,Maksim Chmerkoskiy,Actor/Actress,Illinois,United States,38,Eliminated Week 3,12,0.0,0.0,0.0,,0.0,False,3,3.0,30.0,
8,5,Denise Richards,Maksim Chmerkoskiy,Actor/Actress,Illinois,United States,38,Eliminated Week 3,12,0.0,0.0,0.0,,0.0,False,3,3.0,30.0,
8,6,Denise Richards,Maksim Chmerkoskiy,Actor/Actress,Illinois,United States,38,Eliminated Week 3,12,0.0,0.0,0.0,,0.0,False,3,3.0,30.0,
8,7,Denise Richards,Maksim Chmerkoskiy,Actor/Actress,Illinois,United States,38,Eliminated Week 3,12,0.0,0.0,0.0,,0.0,False,3,3.0,30.0,
8,8,Denise Richards,Maksim Chmerkoskiy,Actor/Actress,Illinois,United States,38,Eliminated Week 3,12,0.0,0.0,0.0,,0.0,False,3,3.0,30.0,
8,9,Denise Richards,Maksim Chmerkoskiy,Actor/Actress,Illinois,United States,38,Eliminated Week 3,12,0.0,0.0,0.0,,0.0,False,3,3.0,30.0,
8,10,Denise Richards,Maksim Chmerkoskiy,Actor/Actress,Illinois,United States,38,Eliminated Week 3,12,0.0,0.0,0.0,,0.0,False,3,3.0,30.0,
8,11,Denise Richards,Maksim Chmerkoskiy,Actor/Actress,Illinois,United States,38,Eliminated Week 3,12,0.0,0.0,0.0,,0.0,False,3,3.0,30.0,
25,1,Derek Fisher,Sharna Burgess,Athlete,Arkansas,United States,43,Eliminated Week 4,11,6.0,6.0,6.0,,18.0,True,3,3.0,30.0,0.6
25,2,Derek Fisher,Sharna Burgess,Athlete,Arkansas,United States,43,Eliminated Week 4,11,6.5,6.0,6.5,,19.0,True,3,3.0,30.0,0.6333333333333333
25,3,Derek Fisher,Sharna Burgess,Athlete,Arkansas,United States,43,Eliminated Week 4,11,7.0,7.0,7.0,,21.0,True,3,3.0,30.0,0.7
25,4,Derek Fisher,Sharna Burgess,Athlete,Arkansas,United States,43,Eliminated Week 4,11,7.0,8.0,8.0,,23.0,True,3,3.0,30.0,0.7666666666666667
25,5,Derek Fisher,Sharna Burgess,Athlete,Arkansas,United States,43,Eliminated Week 4,11,0.0,0.0,0.0,,0.0,False,3,3.0,30.0,
25,6,Derek Fisher,Sharna Burgess,Athlete,Arkansas,United States,43,Eliminated Week 4,11,0.0,0.0,0.0,0.0,0.0,False,4,4.0,40.0,
25,7,Derek Fisher,Sharna Burgess,Athlete,Arkansas,United States,43,Eliminated Week 4,11,0.0,0.0,0.0,,0.0,False,3,3.0,30.0,
25,8,Derek Fisher,Sharna Burgess,Athlete,Arkansas,United States,43,Eliminated Week 4,11,0.0,0.0,0.0,,0.0,False,3,3.0,30.0,
25,9,Derek Fisher,Sharna Burgess,Athlete,Arkansas,United States,43,Eliminated Week 4,11,0.0,0.0,0.0,,0.0,False,3,3.0,30.0,
25,10,Derek Fisher,Sharna Burgess,Athlete,Arkansas,United States,43,Eliminated Week 4,11,0.0,0.0,0.0,0.0,0.0,False,4,4.0,40.0,
18,1,Diana Nyad,Henry Byalikov,Athlete,New York,United States,64,Eliminated Week 2,12,6.0,6.0,6.0,,18.0,True,3,3.0,30.0,0.6
18,2,Diana Nyad,Henry Byalikov,Athlete,New York,United States,64,Eliminated Week 2,12,0.0,0.0,0.0,,0.0,False,3,3.0,30.0,
18,3,Diana Nyad,Henry Byalikov,Athlete,New York,United States,64,Eliminated Week 2,12,0.0,0.0,0.0,0.0,0.0,False,4,4.0,40.0,
18,4,Diana Nyad,Henry Byalikov,Athlete,New York,United States,64,Eliminated Week 2,12,0.0,0.0,0.0,0.0,0.0,False,4,4.0,40.0,
18,5,Diana Nyad,Henry Byalikov,Athlete,New York,United States,64,Eliminated Week 2,12,0.0,0.0,0.0,0.0,0.0,False,4,4.0,40.0,
18,6,Diana Nyad,Henry Byalikov,Athlete,New York,United States,64,Eliminated Week 2,12,0.0,0.0,0.0,0.0,0.0,False,4,4.0,40.0,
18,7,Diana Nyad,Henry Byalikov,Athlete,New York,United States,64,Eliminated Week 2,12,0.0,0.0,0.0,0.0,0.0,False,4,4.0,40.0,
18,8,Diana Nyad,Henry Byalikov,Athlete,New York,United States,64,Eliminated Week 2,12,0.0,0.0,0.0,0.0,0.0,False,4,4.0,40.0,
18,9,Diana Nyad,Henry Byalikov,Athlete,New York,United States,64,Eliminated Week 2,12,0.0,0.0,0.0,0.0,0.0,False,4,4.0,40.0,
18,10,Diana Nyad,Henry Byalikov,Athlete,New York,United States,64,Eliminated Week 2,12,0.0,0.0,0.0,,0.0,False,3,3.0,30.0,
14,1,Donald Driver,Peta Murgatroyd,Athlete,Texas,United States,37,1st Place,1,7.0,7.0,7.0,,21.0,True,3,3.0,30.0,0.7
14,2,Donald Driver,Peta Murgatroyd,Athlete,Texas,United States,37,1st Place,1,8.0,8.0,8.0,,24.0,True,3,3.0,30.0,0.8
14,3,Donald Driver,Peta Murgatroyd,Athlete,Texas,United States,37,1st Place,1,9.0,8.0,9.0,,26.0,True,3,3.0,30.0,0.8666666666666667
14,4,Donald Driver,Peta Murgatroyd,Athlete,Texas,United States,37,1st Place,1,9.0,9.0,9.0,,27.0,True,3,3.0,30.0,0.9
14,5,Donald Driver,Peta Murgatroyd,Athlete,Texas,United States,37,1st Place,1,10.0,8.0,9.0,,27.0,True,3,3.0,30.0,0.9
14,6,Donald Driver,Peta Murgatroyd,Athlete,Texas,United States,37,1st Place,1,11.3333,11.3333,11.3333,,33.9999,True,3,3.0,30.0,1.13333
14,7,Donald Driver,Peta Murgatroyd,Athlete,Texas,United States,37,1st Place,1,9.0,8.5,9.0,,26.5,True,3,3.0,30.0,0.8833333333333333
14,8,Donald Driver,Peta Murgatroyd,Athlete,Texas,United States,37,1st Place,1,9.5,9.0,9.0,,27.5,True,3,3.0,30.0,0.9166666666666666
14,9,Donald Driver,Peta Murgatroyd,Athlete,Texas,United States,37,1st Place,1,9.5,9.0,10.0,,28.5,True,3,3.0,30.0,0.95
14,10,Donald Driver,Peta Murgatroyd,Athlete,Texas,United States,37,1st Place,1,10.0,9.6666,10.0,,29.666600000000003,True,3,3.0,30.0,0.9888866666666668
9,1,Donny Osmond,Kym Johnson,Singer/Rapper,Utah,United States,51,1st Place,1,10.3333,9.3333,10.3333,,29.999899999999997,True,3,3.0,30.0,0.9999966666666665
9,2,Donny Osmond,Kym Johnson,Singer/Rapper,Utah,United States,51,1st Place,1,8.0,9.0,8.0,,25.0,True,3,3.0,30.0,0.8333333333333334
9,3,Donny Osmond,Kym Johnson,Singer/Rapper,Utah,United States,51,1st Place,1,7.0,7.0,7.0,,21.0,True,3,3.0,30.0,0.7
9,4,Donny Osmond,Kym Johnson,Singer/Rapper,Utah,United States,51,1st Place,1,8.0,8.0,8.0,,24.0,True,3,3.0,30.0,0.8
9,5,Donny Osmond,Kym Johnson,Singer/Rapper,Utah,United States,51,1st Place,1,10.0,9.0,10.0,,29.0,True,3,3.0,30.0,0.9666666666666667
9,6,Donny Osmond,Kym Johnson,Singer/Rapper,Utah,United States,51,1st Place,1,10.3333,10.3333,10.3333,,30.999899999999997,True,3,3.0,30.0,1.0333299999999999
9,7,Donny Osmond,Kym Johnson,Singer/Rapper,Utah,United States,51,1st Place,1,8.5,8.5,9.0,,26.0,True,3,3.0,30.0,0.8666666666666667
9,8,Donny Osmond,Kym Johnson,Singer/Rapper,Utah,United States,51,1st Place,1,8.5,8.0,8.5,,25.0,True,3,3.0,30.0,0.8333333333333334
9,9,Donny Osmond,Kym Johnson,Singer/Rapper,Utah,United States,51,1st Place,1,8.0,8.3333,8.3333,,24.666600000000003,True,3,3.0,30.0,0.8222200000000001
9,10,Donny Osmond,Kym Johnson,Singer/Rapper,Utah,United States,51,1st Place,1,9.6666,9.6666,9.6666,,28.9998,True,3,3.0,30.0,0.96666
16,1,Dorothy Hamill,Tristan MacManus,Athlete,Illinois,United States,56,Withdrew,12,7.0,7.0,7.0,,21.0,True,3,3.0,30.0,0.7
16,2,Dorothy Hamill,Tristan MacManus,Athlete,Illinois,United States,56,Withdrew,12,5.0,5.0,5.0,,15.0,True,3,3.0,30.0,0.5
16,3,Dorothy Hamill,Tristan MacManus,Athlete,Illinois,United States,56,Withdrew,12,0.0,0.0,0.0,,0.0,False,3,3.0,30.0,
16,4,Dorothy Hamill,Tristan MacManus,Athlete,Illinois,United States,56,Withdrew,12,0.0,0.0,0.0,,0.0,False,3,3.0,30.0,
16,5,Dorothy Hamill,Tristan MacManus,Athlete,Illinois,United States,56,Withdrew,12,0.0,0.0,0.0,,0.0,False,3,3.0,30.0,
16,6,Dorothy Hamill,Tristan MacManus,Athlete,Illinois,United States,56,Withdrew,12,0.0,0.0,0.0,,0.0,False,3,3.0,30.0,
16,7,Dorothy Hamill,Tristan MacManus,Athlete,Illinois,United States,56,Withdrew,12,0.0,0.0,0.0,,0.0,False,3,3.0,30.0,
16,8,Dorothy Hamill,Tristan MacManus,Athlete,Illinois,United States,56,Withdrew,12,0.0,0.0,0.0,,0.0,False,3,3.0,30.0,
16,9,Dorothy Hamill,Tristan MacManus,Athlete,Illinois,United States,56,Withdrew,12,0.0,0.0,0.0,,0.0,False,3,3.0,30.0,
16,10,Dorothy Hamill,Tristan MacManus,Athlete,Illinois,United States,56,Withdrew,12,0.0,0.0,0.0,,0.0,False,3,3.0,30.0,
22,1,Doug Flutie,Karina Smirnoff,Athlete,Maryland,United States,53,Eliminated Week 6,9,5.0,5.0,5.0,,15.0,True,3,3.0,30.0,0.5
22,2,Doug Flutie,Karina Smirnoff,Athlete,Maryland,United States,53,Eliminated Week 6,9,7.0,6.0,7.0,,20.0,True,3,3.0,30.0,0.6666666666666666
22,3,Doug Flutie,Karina Smirnoff,Athlete,Maryland,United States,53,Eliminated Week 6,9,7.0,6.0,7.0,,20.0,True,3,3.0,30.0,0.6666666666666666
22,4,Doug Flutie,Karina Smirnoff,Athlete,Maryland,United States,53,Eliminated Week 6,9,6.0,6.0,6.0,6.0,24.0,True,4,4.0,40.0,0.6
22,5,Doug Flutie,Karina Smirnoff,Athlete,Maryland,United States,53,Eliminated Week 6,9,7.0,7.0,7.0,7.0,28.0,True,4,4.0,40.0,0.7
22,6,Doug Flutie,Karina Smirnoff,Athlete,Maryland,United States,53,Eliminated Week 6,9,7.0,7.0,7.0,,21.0,True,3,3.0,30.0,0.7
22,7,Doug Flutie,Karina Smirnoff,Athlete,Maryland,United States,53,Eliminated Week 6,9,0.0,0.0,0.0,,0.0,False,3,3.0,30.0,
22,8,Doug Flutie,Karina Smirnoff,Athlete,Maryland,United States,53,Eliminated Week 6,9,0.0,0.0,0.0,,0.0,False,3,3.0,30.0,
22,9,Doug Flutie,Karina Smirnoff,Athlete,Maryland,United States,53,Eliminated Week 6,9,0.0,0.0,0.0,,0.0,False,3,3.0,30.0,
22,10,Doug Flutie,Karina Smirnoff,Athlete,Maryland,United States,53,Eliminated Week 6,9,0.0,0.0,0.0,,0.0,False,3,3.0,30.0,
18,1,Drew Carey,Cheryl Burke,Comedian,Ohio,United States,55,Eliminated Week 6,8,7.0,7.0,7.0,,21.0,True,3,3.0,30.0,0.7
18,2,Drew Carey,Cheryl Burke,Comedian,Ohio,United States,55,Eliminated Week 6,8,7.0,7.0,7.0,,21.0,True,3,3.0,30.0,0.7
18,3,Drew Carey,Cheryl Burke,Comedian,Ohio,United States,55,Eliminated Week 6,8,7.0,7.0,8.0,8.0,30.0,True,4,4.0,40.0,0.75
18,4,Drew Carey,Cheryl Burke,Comedian,Ohio,United States,55,Eliminated Week 6,8,8.0,8.0,9.0,8.0,33.0,True,4,4.0,40.0,0.825
18,5,Drew Carey,Cheryl Burke,Comedian,Ohio,United States,55,Eliminated Week 6,8,7.0,7.0,7.0,7.0,28.0,True,4,4.0,40.0,0.7
18,6,Drew Carey,Cheryl Burke,Comedian,Ohio,United States,55,Eliminated Week 6,8,8.0,9.0,7.0,8.0,32.0,True,4,4.0,40.0,0.8
18,7,Drew Carey,Cheryl Burke,Comedian,Ohio,United States,55,Eliminated Week 6,8,0.0,0.0,0.0,0.0,0.0,False,4,4.0,40.0,
18,8,Drew Carey,Cheryl Burke,Comedian,Ohio,United States,55,Eliminated Week 6,8,0.0,0.0,0.0,0.0,0.0,False,4,4.0,40.0,
18,9,Drew Carey,Cheryl Burke,Comedian,Ohio,United States,55,Eliminated Week 6,8,0.0,0.0,0.0,0.0,0.0,False,4,4.0,40.0,
18,10,Drew Carey,Cheryl Burke,Comedian,Ohio,United States,55,Eliminated Week 6,8,0.0,0.0,0.0,,0.0,False,3,3.0,30.0,
2,1,Drew Lachey,Cheryl Burke,Singer/Rapper,Ohio,United States,29,1st Place,1,8.0,8.0,8.0,,24.0,True,3,3.0,30.0,0.8
2,2,Drew Lachey,Cheryl Burke,Singer/Rapper,Ohio,United States,29,1st Place,1,9.0,9.0,9.0,,27.0,True,3,3.0,30.0,0.9
2,3,Drew Lachey,Cheryl Burke,Singer/Rapper,Ohio,United States,29,1st Place,1,9.0,9.0,9.0,,27.0,True,3,3.0,30.0,0.9
2,4,Drew Lachey,Cheryl Burke,Singer/Rapper,Ohio,United States,29,1st Place,1,9.0,9.0,10.0,,28.0,True,3,3.0,30.0,0.9333333333333333
2,5,Drew Lachey,Cheryl Burke,Singer/Rapper,Ohio,United States,29,1st Place,1,9.0,9.0,9.0,,27.0,True,3,3.0,30.0,0.9
2,6,Drew Lachey,Cheryl Burke,Singer/Rapper,Ohio,United States,29,1st Place,1,10.0,10.0,10.0,,30.0,True,3,3.0,30.0,1.0
2,7,Drew Lachey,Cheryl Burke,Singer/Rapper,Ohio,United States,29,1st Place,1,9.5,9.0,9.0,,27.5,True,3,3.0,30.0,0.9166666666666666
2,8,Drew Lachey,Cheryl Burke,Singer/Rapper,Ohio,United States,29,1st Place,1,9.6666,9.6666,9.6666,,28.9998,True,3,3.0,30.0,0.96666
15,1,Drew Lachey,Anna Trebunskaya,Singer/Rapper,Ohio,United States,36,Eliminated Week 3,11,7.0,7.0,7.5,,21.5,True,3,3.0,30.0,0.7166666666666667
15,2,Drew Lachey,Anna Trebunskaya,Singer/Rapper,Ohio,United States,36,Eliminated Week 3,11,7.5,7.5,7.5,,22.5,True,3,3.0,30.0,0.75
15,3,Drew Lachey,Anna Trebunskaya,Singer/Rapper,Ohio,United States,36,Eliminated Week 3,11,8.0,8.0,8.0,,24.0,True,3,3.0,30.0,0.8
15,4,Drew Lachey,Anna Trebunskaya,Singer/Rapper,Ohio,United States,36,Eliminated Week 3,11,0.0,0.0,0.0,0.0,0.0,False,4,4.0,40.0,
15,5,Drew Lachey,Anna Trebunskaya,Singer/Rapper,Ohio,United States,36,Eliminated Week 3,11,0.0,0.0,0.0,,0.0,False,3,3.0,30.0,
15,6,Drew Lachey,Anna Trebunskaya,Singer/Rapper,Ohio,United States,36,Eliminated Week 3,11,0.0,0.0,0.0,,0.0,False,3,3.0,30.0,
15,7,Drew Lachey,Anna Trebunskaya,Singer/Rapper,Ohio,United States,36,Eliminated Week 3,11,0.0,0.0,0.0,,0.0,False,3,3.0,30.0,
15,8,Drew Lachey,Anna Trebunskaya,Singer/Rapper,Ohio,United States,36,Eliminated Week 3,11,0.0,0.0,0.0,,0.0,False,3,3.0,30.0,
15,9,Drew Lachey,Anna Trebunskaya,Singer/Rapper,Ohio,United States,36,Eliminated Week 3,11,0.0,0.0,0.0,,0.0,False,3,3.0,30.0,
15,10,Drew Lachey,Anna Trebunskaya,Singer/Rapper,Ohio,United States,36,Eliminated Week 3,11,0.0,0.0,0.0,,0.0,False,3,3.0,30.0,
33,1,Dwight Howard ,Daniella Karagach,Athlete,Georgia,United States,38,Eliminated Week 7,6,8.0,7.0,7.0,,22.0,True,3,3.0,30.0,0.7333333333333333
33,2,Dwight Howard ,Daniella Karagach,Athlete,Georgia,United States,38,Eliminated Week 7,6,8.0,7.0,7.0,,22.0,True,3,3.0,30.0,0.7333333333333333
33,3,Dwight Howard ,Daniella Karagach,Athlete,Georgia,United States,38,Eliminated Week 7,6,7.0,6.5,6.0,6.5,26.0,True,4,4.0,40.0,0.65
33,4,Dwight Howard ,Daniella Karagach,Athlete,Georgia,United States,38,Eliminated Week 7,6,7.0,8.0,7.0,7.0,29.0,True,4,4.0,40.0,0.725
33,5,Dwight Howard ,Daniella Karagach,Athlete,Georgia,United States,38,Eliminated Week 7,6,8.0,8.0,8.0,,24.0,True,3,3.0,30.0,0.8
33,6,Dwight Howard ,Daniella Karagach,Athlete,Georgia,United States,38,Eliminated Week 7,6,11.0,10.0,10.0,,31.0,True,3,3.0,30.0,1.0333333333333334
33,7,Dwight Howard ,Daniella Karagach,Athlete,Georgia,United States,38,Eliminated Week 7,6,8.0,8.0,8.0,,24.0,True,3,3.0,30.0,0.8
33,8,Dwight Howard ,Daniella Karagach,Athlete,Georgia,United States,38,Eliminated Week 7,6,0.0,0.0,0.0,,0.0,False,3,3.0,30.0,
33,9,Dwight Howard ,Daniella Karagach,Athlete,Georgia,United States,38,Eliminated Week 7,6,0.0,0.0,0.0,,0.0,False,3,3.0,30.0,
34,1,Dylan Efron,Daniella Karagach (Rumer Willis week 9),TV Personality,California,United States,33,4th Place,4,5.0,5.0,,,10.0,True,2,2.0,20.0,0.5
34,2,Dylan Efron,Daniella Karagach (Rumer Willis week 9),TV Personality,California,United States,33,4th Place,4,7.0,6.0,7.0,,20.0,True,3,3.0,30.0,0.6666666666666666
34,3,Dylan Efron,Daniella Karagach (Rumer Willis week 9),TV Personality,California,United States,33,4th Place,4,7.0,8.0,8.0,,23.0,True,3,3.0,30.0,0.7666666666666667
34,4,Dylan Efron,Daniella Karagach (Rumer Willis week 9),TV Personality,California,United States,33,4th Place,4,7.0,8.0,8.0,,23.0,True,3,3.0,30.0,0.7666666666666667
34,5,Dylan Efron,Daniella Karagach (Rumer Willis week 9),TV Personality,California,United States,33,4th Place,4,9.0,9.0,9.0,9.0,36.0,True,4,4.0,40.0,0.9
34,6,Dylan Efron,Daniella Karagach (Rumer Willis week 9),TV Personality,California,United States,33,4th Place,4,8.0,8.0,8.0,8.0,32.0,True,4,4.0,40.0,0.8
34,7,Dylan Efron,Daniella Karagach (Rumer Willis week 9),TV Personality,California,United States,33,4th Place,4,9.75,9.75,8.75,9.75,38.0,True,4,4.0,40.0,0.95
34,8,Dylan Efron,Daniella Karagach (Rumer Willis week 9),TV Personality,California,United States,33,4th Place,4,9.0,9.5,10.0,9.5,38.0,True,4,4.0,40.0,0.95
34,9,Dylan Efron,Daniella Karagach (Rumer Willis week 9),TV Personality,California,United States,33,4th Place,4,10.5,10.5,10.5,10.5,42.0,True,4,4.0,40.0,1.05
34,10,Dylan Efron,Daniella Karagach (Rumer Willis week 9),TV Personality,California,United States,33,4th Place,4,9.0,9.0,9.5,,27.5,True,3,3.0,30.0,0.9166666666666666
34,11,Dylan Efron,Daniella Karagach (Rumer Willis week 9),TV Personality,California,United States,33,4th Place,4,9.6666,9.6666,10.0,,29.3332,True,3,3.0,30.0,0.9777733333333334
34,1,Elaine Hendrix,Alan Bersten (Rashad Jennings week 9),Actor/Actress,Georgia,United States,55,5th Place,5,6.0,6.0,,,12.0,True,2,2.0,20.0,0.6
34,2,Elaine Hendrix,Alan Bersten (Rashad Jennings week 9),Actor/Actress,Georgia,United States,55,5th Place,5,7.0,7.0,7.0,,21.0,True,3,3.0,30.0,0.7
34,3,Elaine Hendrix,Alan Bersten (Rashad Jennings week 9),Actor/Actress,Georgia,United States,55,5th Place,5,7.0,7.0,7.0,,21.0,True,3,3.0,30.0,0.7
34,4,Elaine Hendrix,Alan Bersten (Rashad Jennings week 9),Actor/Actress,Georgia,United States,55,5th Place,5,8.0,8.0,8.0,,24.0,True,3,3.0,30.0,0.8
34,5,Elaine Hendrix,Alan Bersten (Rashad Jennings week 9),Actor/Actress,Georgia,United States,55,5th Place,5,8.0,7.0,7.0,8.0,30.0,True,4,4.0,40.0,0.75
34,6,Elaine Hendrix,Alan Bersten (Rashad Jennings week 9),Actor/Actress,Georgia,United States,55,5th Place,5,9.0,9.0,9.0,9.0,36.0,True,4,4.0,40.0,0.9
34,7,Elaine Hendrix,Alan Bersten (Rashad Jennings week 9),Actor/Actress,Georgia,United States,55,5th Place,5,8.0,8.0,8.0,8.0,32.0,True,4,4.0,40.0,0.8
34,8,Elaine Hendrix,Alan Bersten (Rashad Jennings week 9),Actor/Actress,Georgia,United States,55,5th Place,5,9.0,9.5,10.0,9.0,37.5,True,4,4.0,40.0,0.9375
34,9,Elaine Hendrix,Alan Bersten (Rashad Jennings week 9),Actor/Actress,Georgia,United States,55,5th Place,5,9.0,9.0,9.0,9.0,36.0,True,4,4.0,40.0,0.9
34,10,Elaine Hendrix,Alan Bersten (Rashad Jennings week 9),Actor/Actress,Georgia,United States,55,5th Place,5,9.5,9.5,9.5,,28.5,True,3,3.0,30.0,0.95
34,11,Elaine Hendrix,Alan Bersten (Rashad Jennings week 9),Actor/Actress,Georgia,United States,55,5th Place,5,9.6666,9.6666,9.6666,,28.9998,True,3,3.0,30.0,0.96666
17,1,Elizabeth Berkley Lauren,Valentin Chmerkovskiy,Actor/Actress,Michigan,United States,39,Eliminated Week 9,6,8.0,8.0,8.0,,24.0,True,3,3.0,30.0,0.8
17,2,Elizabeth Berkley Lauren,Valentin Chmerkovskiy,Actor/Actress,Michigan,United States,39,Eliminated Week 9,6,8.0,9.0,8.0,,25.0,True,3,3.0,30.0,0.8333333333333334
17,3,Elizabeth Berkley Lauren,Valentin Chmerkovskiy,Actor/Actress,Michigan,United States,39,Eliminated Week 9,6,8.0,9.0,8.0,,25.0,True,3,3.0,30.0,0.8333333333333334
17,4,Elizabeth Berkley Lauren,Valentin Chmerkovskiy,Actor/Actress,Michigan,United States,39,Eliminated Week 9,6,9.0,9.0,9.0,,27.0,True,3,3.0,30.0,0.9
17,5,Elizabeth Berkley Lauren,Valentin Chmerkovskiy,Actor/Actress,Michigan,United States,39,Eliminated Week 9,6,8.0,9.0,9.0,,26.0,True,3,3.0,30.0,0.8666666666666667
17,6,Elizabeth Berkley Lauren,Valentin Chmerkovskiy,Actor/Actress,Michigan,United States,39,Eliminated Week 9,6,10.6666,10.6666,10.6666,,31.9998,True,3,3.0,30.0,1.06666
17,7,Elizabeth Berkley Lauren,Valentin Chmerkovskiy,Actor/Actress,Michigan,United States,39,Eliminated Week 9,6,9.0,9.0,9.0,,27.0,True,3,3.0,30.0,0.9
17,8,Elizabeth Berkley Lauren,Valentin Chmerkovskiy,Actor/Actress,Michigan,United States,39,Eliminated Week 9,6,8.0,9.0,8.0,,25.0,True,3,3.0,30.0,0.8333333333333334
17,9,Elizabeth Berkley Lauren,Valentin Chmerkovskiy,Actor/Actress,Michigan,United States,39,Eliminated Week 9,6,9.5,9.0,9.5,,28.0,True,3,3.0,30.0,0.9333333333333333
17,10,Elizabeth Berkley Lauren,Valentin Chmerkovskiy,Actor/Actress,Michigan,United States,39,Eliminated Week 9,6,0.0,0.0,0.0,0.0,0.0,False,4,4.0,40.0,
17,11,Elizabeth Berkley Lauren,Valentin Chmerkovskiy,Actor/Actress,Michigan,United States,39,Eliminated Week 9,6,0.0,0.0,0.0,,0.0,False,3,3.0,30.0,
3,1,Emmitt Smith,Cheryl Burke,Athlete,Florida,United States,37,1st Place,1,8.0,8.0,8.0,,24.0,True,3,3.0,30.0,0.8
3,2,Emmitt Smith,Cheryl Burke,Athlete,Florida,United States,37,1st Place,1,8.0,8.0,8.0,,24.0,True,3,3.0,30.0,0.8
3,3,Emmitt Smith,Cheryl Burke,Athlete,Florida,United States,37,1st Place,1,7.0,6.0,6.0,,19.0,True,3,3.0,30.0,0.6333333333333333
3,4,Emmitt Smith,Cheryl Burke,Athlete,Florida,United States,37,1st Place,1,8.0,8.0,8.0,,24.0,True,3,3.0,30.0,0.8
3,5,Emmitt Smith,Cheryl Burke,Athlete,Florida,United States,37,1st Place,1,9.0,9.0,9.0,,27.0,True,3,3.0,30.0,0.9
3,6,Emmitt Smith,Cheryl Burke,Athlete,Florida,United States,37,1st Place,1,8.0,8.0,9.0,,25.0,True,3,3.0,30.0,0.8333333333333334
3,7,Emmitt Smith,Cheryl Burke,Athlete,Florida,United States,37,1st Place,1,10.0,9.5,9.0,,28.5,True,3,3.0,30.0,0.95
3,8,Emmitt Smith,Cheryl Burke,Athlete,Florida,United States,37,1st Place,1,8.5,9.0,9.5,,27.0,True,3,3.0,30.0,0.9
3,9,Emmitt Smith,Cheryl Burke,Athlete,Florida,United States,37,1st Place,1,9.5,10.0,10.0,,29.5,True,3,3.0,30.0,0.9833333333333333
3,10,Emmitt Smith,Cheryl Burke,Athlete,Florida,United States,37,1st Place,1,10.0,9.6666,10.0,,29.666600000000003,True,3,3.0,30.0,0.9888866666666668
15,1,Emmitt Smith,Cheryl Burke,Athlete,Florida,United States,43,Eliminated Week 9,4,8.0,8.5,8.0,,24.5,True,3,3.0,30.0,0.8166666666666667
15,2,Emmitt Smith,Cheryl Burke,Athlete,Florida,United States,43,Eliminated Week 9,4,7.5,7.5,7.5,,22.5,True,3,3.0,30.0,0.75
15,3,Emmitt Smith,Cheryl Burke,Athlete,Florida,United States,43,Eliminated Week 9,4,8.5,8.0,8.5,,25.0,True,3,3.0,30.0,0.8333333333333334
15,4,Emmitt Smith,Cheryl Burke,Athlete,Florida,United States,43,Eliminated Week 9,4,9.0,9.0,9.0,9.0,36.0,True,4,4.0,40.0,0.9
15,5,Emmitt Smith,Cheryl Burke,Athlete,Florida,United States,43,Eliminated Week 9,4,9.25,9.25,9.5,,28.0,True,3,3.0,30.0,0.9333333333333333
15,6,Emmitt Smith,Cheryl Burke,Athlete,Florida,United States,43,Eliminated Week 9,4,8.5,8.5,9.5,,26.5,True,3,3.0,30.0,0.8833333333333333
15,7,Emmitt Smith,Cheryl Burke,Athlete,Florida,United States,43,Eliminated Week 9,4,10.8333,11.8333,11.8333,,34.4999,True,3,3.0,30.0,1.1499966666666666
15,8,Emmitt Smith,Cheryl Burke,Athlete,Florida,United States,43,Eliminated Week 9,4,9.5,9.7777,9.7777,,29.0554,True,3,3.0,30.0,0.9685133333333333
15,9,Emmitt Smith,Cheryl Burke,Athlete,Florida,United States,43,Eliminated Week 9,4,9.0,9.0,9.0,,27.0,True,3,3.0,30.0,0.9
15,10,Emmitt Smith,Cheryl Burke,Athlete,Florida,United States,43,Eliminated Week 9,4,0.0,0.0,0.0,,0.0,False,3,3.0,30.0,
33,1,Eric Roberts,Britt Stewart,Actor/Actress,California,United States,68,Eliminated Week 3,10,5.0,5.0,5.0,,15.0,True,3,3.0,30.0,0.5
33,2,Eric Roberts,Britt Stewart,Actor/Actress,California,United States,68,Eliminated Week 3,10,6.0,4.0,5.0,,15.0,True,3,3.0,30.0,0.5
33,3,Eric Roberts,Britt Stewart,Actor/Actress,California,United States,68,Eliminated Week 3,10,6.5,5.5,5.5,5.5,23.0,True,4,4.0,40.0,0.575
33,4,Eric Roberts,Britt Stewart,Actor/Actress,California,United States,68,Eliminated Week 3,10,0.0,0.0,0.0,0.0,0.0,False,4,4.0,40.0,
33,5,Eric Roberts,Britt Stewart,Actor/Actress,California,United States,68,Eliminated Week 3,10,0.0,0.0,0.0,,0.0,False,3,3.0,30.0,
33,6,Eric Roberts,Britt Stewart,Actor/Actress,California,United States,68,Eliminated Week 3,10,0.0,0.0,0.0,,0.0,False,3,3.0,30.0,
33,7,Eric Roberts,Britt Stewart,Actor/Actress,California,United States,68,Eliminated Week 3,10,0.0,0.0,0.0,,0.0,False,3,3.0,30.0,
33,8,Eric Roberts,Britt Stewart,Actor/Actress,California,United States,68,Eliminated Week 3,10,0.0,0.0,0.0,,0.0,False,3,3.0,30.0,
33,9,Eric Roberts,Britt Stewart,Actor/Actress,California,United States,68,Eliminated Week 3,10,0.0,0.0,0.0,,0.0,False,3,3.0,30.0,
24,1,Erika Jayne,Gleb Savchenko,Singer/Rapper,Georgia,United States,45,Eliminated Week 5,9,6.0,6.0,6.0,6.0,24.0,True,4,4.0,40.0,0.6
24,2,Erika Jayne,Gleb Savchenko,Singer/Rapper,Georgia,United States,45,Eliminated Week 5,9,7.0,7.0,7.0,7.0,28.0,True,4,4.0,40.0,0.7
24,3,Erika Jayne,Gleb Savchenko,Singer/Rapper,Georgia,United States,45,Eliminated Week 5,9,6.0,7.0,7.0,6.0,26.0,True,4,4.0,40.0,0.65
24,4,Erika Jayne,Gleb Savchenko,Singer/Rapper,Georgia,United States,45,Eliminated Week 5,9,8.0,7.0,7.0,8.0,30.0,True,4,4.0,40.0,0.75
24,5,Erika Jayne,Gleb Savchenko,Singer/Rapper,Georgia,United States,45,Eliminated Week 5,9,8.0,8.0,8.0,8.0,32.0,True,4,4.0,40.0,0.8
24,6,Erika Jayne,Gleb Savchenko,Singer/Rapper,Georgia,United States,45,Eliminated Week 5,9,0.0,0.0,0.0,0.0,0.0,False,4,4.0,40.0,
24,7,Erika Jayne,Gleb Savchenko,Singer/Rapper,Georgia,United States,45,Eliminated Week 5,9,0.0,0.0,0.0,0.0,0.0,False,4,4.0,40.0,
24,8,Erika Jayne,Gleb Savchenko,Singer/Rapper,Georgia,United States,45,Eliminated Week 5,9,0.0,0.0,0.0,0.0,0.0,False,4,4.0,40.0,
24,9,Erika Jayne,Gleb Savchenko,Singer/Rapper,Georgia,United States,45,Eliminated Week 5,9,0.0,0.0,0.0,0.0,0.0,False,4,4.0,40.0,
24,10,Erika Jayne,Gleb Savchenko,Singer/Rapper,Georgia,United States,45,Eliminated Week 5,9,0.0,0.0,0.0,0.0,0.0,False,4,4.0,40.0,
10,1,Erin Andrews,Maksim Chmerkoskiy,Sports Broadcaster,Maine,United States,32,3rd Place,3,7.0,7.0,7.0,,21.0,True,3,3.0,30.0,0.7
10,2,Erin Andrews,Maksim Chmerkoskiy,Sports Broadcaster,Maine,United States,32,3rd Place,3,8.0,7.0,8.0,,23.0,True,3,3.0,30.0,0.7666666666666667
10,3,Erin Andrews,Maksim Chmerkoskiy,Sports Broadcaster,Maine,United States,32,3rd Place,3,8.0,7.0,8.0,,23.0,True,3,3.0,30.0,0.7666666666666667
10,4,Erin Andrews,Maksim Chmerkoskiy,Sports Broadcaster,Maine,United States,32,3rd Place,3,6.5,6.5,6.5,,19.5,True,3,3.0,30.0,0.65
10,5,Erin Andrews,Maksim Chmerkoskiy,Sports Broadcaster,Maine,United States,32,3rd Place,3,7.0,7.0,8.0,,22.0,True,3,3.0,30.0,0.7333333333333333
10,6,Erin Andrews,Maksim Chmerkoskiy,Sports Broadcaster,Maine,United States,32,3rd Place,3,12.0,10.0,12.0,,34.0,True,3,3.0,30.0,1.1333333333333333
10,7,Erin Andrews,Maksim Chmerkoskiy,Sports Broadcaster,Maine,United States,32,3rd Place,3,8.5,8.5,8.5,,25.5,True,3,3.0,30.0,0.85
10,8,Erin Andrews,Maksim Chmerkoskiy,Sports Broadcaster,Maine,United States,32,3rd Place,3,8.5,9.0,9.0,,26.5,True,3,3.0,30.0,0.8833333333333333
10,9,Erin Andrews,Maksim Chmerkoskiy,Sports Broadcaster,Maine,United States,32,3rd Place,3,9.5,9.0,9.5,,28.0,True,3,3.0,30.0,0.9333333333333333
10,10,Erin Andrews,Maksim Chmerkoskiy,Sports Broadcaster,Maine,United States,32,3rd Place,3,9.2222,8.8888,8.8888,,26.9998,True,3,3.0,30.0,0.8999933333333333
10,1,Evan Lysacek,Anna Trebunskaya,Athlete,Illinois,United States,24,2nd Place,2,8.0,7.0,8.0,,23.0,True,3,3.0,30.0,0.7666666666666667
10,2,Evan Lysacek,Anna Trebunskaya,Athlete,Illinois,United States,24,2nd Place,2,8.0,8.0,8.0,,24.0,True,3,3.0,30.0,0.8
10,3,Evan Lysacek,Anna Trebunskaya,Athlete,Illinois,United States,24,2nd Place,2,9.0,8.0,9.0,,26.0,True,3,3.0,30.0,0.8666666666666667
10,4,Evan Lysacek,Anna Trebunskaya,Athlete,Illinois,United States,24,2nd Place,2,9.0,8.0,9.0,,26.0,True,3,3.0,30.0,0.8666666666666667
10,5,Evan Lysacek,Anna Trebunskaya,Athlete,Illinois,United States,24,2nd Place,2,9.0,9.0,9.0,,27.0,True,3,3.0,30.0,0.9
10,6,Evan Lysacek,Anna Trebunskaya,Athlete,Illinois,United States,24,2nd Place,2,9.0,9.0,9.0,,27.0,True,3,3.0,30.0,0.9
10,7,Evan Lysacek,Anna Trebunskaya,Athlete,Illinois,United States,24,2nd Place,2,9.0,9.0,9.0,,27.0,True,3,3.0,30.0,0.9
10,8,Evan Lysacek,Anna Trebunskaya,Athlete,Illinois,United States,24,2nd Place,2,9.0,8.5,9.0,,26.5,True,3,3.0,30.0,0.8833333333333333
10,9,Evan Lysacek,Anna Trebunskaya,Athlete,Illinois,United States,24,2nd Place,2,10.0,9.5,10.0,,29.5,True,3,3.0,30.0,0.9833333333333333
10,10,Evan Lysacek,Anna Trebunskaya,Athlete,Illinois,United States,24,2nd Place,2,9.3333,8.7777,8.7777,,26.888699999999996,True,3,3.0,30.0,0.8962899999999999
1,1,Evander Holyfield,Edyta Sliwinska,Athlete,Alabama,United States,42,Eliminated Week 3,5,5.0,7.0,6.0,,18.0,True,3,3.0,30.0,0.6
1,2,Evander Holyfield,Edyta Sliwinska,Athlete,Alabama,United States,42,Eliminated Week 3,5,5.0,4.0,5.0,,14.0,True,3,3.0,30.0,0.4666666666666667
1,3,Evander Holyfield,Edyta Sliwinska,Athlete,Alabama,United States,42,Eliminated Week 3,5,5.0,4.0,4.0,,13.0,True,3,3.0,30.0,0.43333333333333335
1,4,Evander Holyfield,Edyta Sliwinska,Athlete,Alabama,United States,42,Eliminated Week 3,5,0.0,0.0,0.0,,0.0,False,3,3.0,30.0,
1,5,Evander Holyfield,Edyta Sliwinska,Athlete,Alabama,United States,42,Eliminated Week 3,5,0.0,0.0,0.0,,0.0,False,3,3.0,30.0,
1,6,Evander Holyfield,Edyta Sliwinska,Athlete,Alabama,United States,42,Eliminated Week 3,5,0.0,0.0,0.0,,0.0,False,3,3.0,30.0,
11,1,Florence Henderson,Corky Ballas,Actor/Actress,Indiana,United States,76,Eliminated Week 5,8,6.0,6.0,6.0,,18.0,True,3,3.0,30.0,0.6
11,2,Florence Henderson,Corky Ballas,Actor/Actress,Indiana,United States,76,Eliminated Week 5,8,7.0,6.0,6.0,,19.0,True,3,3.0,30.0,0.6333333333333333
11,3,Florence Henderson,Corky Ballas,Actor/Actress,Indiana,United States,76,Eliminated Week 5,8,7.0,6.0,7.0,,20.0,True,3,3.0,30.0,0.6666666666666666
11,4,Florence Henderson,Corky Ballas,Actor/Actress,Indiana,United States,76,Eliminated Week 5,8,6.0,6.0,5.5,,17.5,True,3,3.0,30.0,0.5833333333333334
11,5,Florence Henderson,Corky Ballas,Actor/Actress,Indiana,United States,76,Eliminated Week 5,8,7.0,7.0,7.0,,21.0,True,3,3.0,30.0,0.7
11,6,Florence Henderson,Corky Ballas,Actor/Actress,Indiana,United States,76,Eliminated Week 5,8,0.0,0.0,0.0,,0.0,False,3,3.0,30.0,
11,7,Florence Henderson,Corky Ballas,Actor/Actress,Indiana,United States,76,Eliminated Week 5,8,0.0,0.0,0.0,0.0,0.0,False,4,4.0,40.0,
11,8,Florence Henderson,Corky Ballas,Actor/Actress,Indiana,United States,76,Eliminated Week 5,8,0.0,0.0,0.0,,0.0,False,3,3.0,30.0,
11,9,Florence Henderson,Corky Ballas,Actor/Actress,Indiana,United States,76,Eliminated Week 5,8,0.0,0.0,0.0,,0.0,False,3,3.0,30.0,
11,10,Florence Henderson,Corky Ballas,Actor/Actress,Indiana,United States,76,Eliminated Week 5,8,0.0,0.0,0.0,,0.0,False,3,3.0,30.0,
5,1,Floyd Mayweather Jr. ,Karina Smirnoff,Athlete,Michigan,United States,30,Eliminated Week 4,9,6.0,6.0,6.0,,18.0,True,3,3.0,30.0,0.6
5,2,Floyd Mayweather Jr. ,Karina Smirnoff,Athlete,Michigan,United States,30,Eliminated Week 4,9,7.0,7.0,7.0,,21.0,True,3,3.0,30.0,0.7
5,3,Floyd Mayweather Jr. ,Karina Smirnoff,Athlete,Michigan,United States,30,Eliminated Week 4,9,7.0,7.0,7.0,,21.0,True,3,3.0,30.0,0.7
5,4,Floyd Mayweather Jr. ,Karina Smirnoff,Athlete,Michigan,United States,30,Eliminated Week 4,9,7.0,8.0,8.0,,23.0,True,3,3.0,30.0,0.7666666666666667
5,5,Floyd Mayweather Jr. ,Karina Smirnoff,Athlete,Michigan,United States,30,Eliminated Week 4,9,0.0,0.0,0.0,,0.0,False,3,3.0,30.0,
5,6,Floyd Mayweather Jr. ,Karina Smirnoff,Athlete,Michigan,United States,30,Eliminated Week 4,9,0.0,0.0,0.0,,0.0,False,3,3.0,30.0,
5,7,Floyd Mayweather Jr. ,Karina Smirnoff,Athlete,Michigan,United States,30,Eliminated Week 4,9,0.0,0.0,0.0,,0.0,False,3,3.0,30.0,
5,8,Floyd Mayweather Jr. ,Karina Smirnoff,Athlete,Michigan,United States,30,Eliminated Week 4,9,0.0,0.0,0.0,,0.0,False,3,3.0,30.0,
5,9,Floyd Mayweather Jr. ,Karina Smirnoff,Athlete,Michigan,United States,30,Eliminated Week 4,9,0.0,0.0,0.0,,0.0,False,3,3.0,30.0,
5,10,Floyd Mayweather Jr. ,Karina Smirnoff,Athlete,Michigan,United States,30,Eliminated Week 4,9,0.0,0.0,0.0,,0.0,False,3,3.0,30.0,
25,1,Frankie Muniz,Witney Carson,Actor/Actress,New Jersey,United States,31,3rd Place,3,7.0,6.0,6.0,,19.0,True,3,3.0,30.0,0.6333333333333333
25,2,Frankie Muniz,Witney Carson,Actor/Actress,New Jersey,United States,31,3rd Place,3,8.0,7.5,8.5,,24.0,True,3,3.0,30.0,0.8
25,3,Frankie Muniz,Witney Carson,Actor/Actress,New Jersey,United States,31,3rd Place,3,7.0,7.0,7.0,,21.0,True,3,3.0,30.0,0.7
25,4,Frankie Muniz,Witney Carson,Actor/Actress,New Jersey,United States,31,3rd Place,3,8.0,8.0,8.0,,24.0,True,3,3.0,30.0,0.8
25,5,Frankie Muniz,Witney Carson,Actor/Actress,New Jersey,United States,31,3rd Place,3,10.0,9.0,10.0,,29.0,True,3,3.0,30.0,0.9666666666666667
25,6,Frankie Muniz,Witney Carson,Actor/Actress,New Jersey,United States,31,3rd Place,3,7.0,8.0,8.0,8.0,31.0,True,4,4.0,40.0,0.775
25,7,Frankie Muniz,Witney Carson,Actor/Actress,New Jersey,United States,31,3rd Place,3,10.0,10.0,10.0,,30.0,True,3,3.0,30.0,1.0
25,8,Frankie Muniz,Witney Carson,Actor/Actress,New Jersey,United States,31,3rd Place,3,9.0,8.5,9.0,,26.5,True,3,3.0,30.0,0.8833333333333333
25,9,Frankie Muniz,Witney Carson,Actor/Actress,New Jersey,United States,31,3rd Place,3,8.5,8.0,9.0,,25.5,True,3,3.0,30.0,0.85
25,10,Frankie Muniz,Witney Carson,Actor/Actress,New Jersey,United States,31,3rd Place,3,9.7777,9.3333,9.7777,10.0,38.8887,True,4,4.0,40.0,0.9722175
31,1,Gabby Windey,Valentin Chmerkovskiy,TV Personality,Illinois,United States,31,2nd Place,2,7.0,7.0,7.0,7.0,28.0,True,4,4.0,40.0,0.7
31,2,Gabby Windey,Valentin Chmerkovskiy,TV Personality,Illinois,United States,31,2nd Place,2,8.0,8.0,8.0,8.0,32.0,True,4,4.0,40.0,0.8
31,3,Gabby Windey,Valentin Chmerkovskiy,TV Personality,Illinois,United States,31,2nd Place,2,8.0,8.0,8.0,9.0,33.0,True,4,4.0,40.0,0.825
31,4,Gabby Windey,Valentin Chmerkovskiy,TV Personality,Illinois,United States,31,2nd Place,2,9.0,9.0,9.0,9.0,36.0,True,4,4.0,40.0,0.9
31,5,Gabby Windey,Valentin Chmerkovskiy,TV Personality,Illinois,United States,31,2nd Place,2,10.25,10.25,10.25,10.25,41.0,True,4,4.0,40.0,1.025
31,6,Gabby Windey,Valentin Chmerkovskiy,TV Personality,Illinois,United States,31,2nd Place,2,9.0,9.0,9.0,10.0,37.0,True,4,4.0,40.0,0.925
31,7,Gabby Windey,Valentin Chmerkovskiy,TV Personality,Illinois,United States,31,2nd Place,2,9.0,9.0,8.5,9.0,35.5,True,4,4.0,40.0,0.8875
31,8,Gabby Windey,Valentin Chmerkovskiy,TV Personality,Illinois,United States,31,2nd Place,2,10.0,10.0,10.0,10.0,40.0,True,4,4.0,40.0,1.0
31,9,Gabby Windey,Valentin Chmerkovskiy,TV Personality,Illinois,United States,31,2nd Place,2,10.0,10.0,10.0,10.0,40.0,True,4,4.0,40.0,1.0
31,10,Gabby Windey,Valentin Chmerkovskiy,TV Personality,Illinois,United States,31,2nd Place,2,10.0,10.0,10.0,10.0,40.0,True,4,4.0,40.0,1.0
21,1,Gary Busey,Anna Trebunskaya,Actor/Actress,Texas,United States,71,Eliminated Week 4,10,5.0,5.0,5.0,,15.0,True,3,3.0,30.0,0.5
21,2,Gary Busey,Anna Trebunskaya,Actor/Actress,Texas,United States,71,Eliminated Week 4,10,5.5,5.5,5.5,,16.5,True,3,3.0,30.0,0.55
21,3,Gary Busey,Anna Trebunskaya,Actor/Actress,Texas,United States,71,Eliminated Week 4,10,6.0,7.0,6.0,6.0,25.0,True,4,4.0,40.0,0.625
21,4,Gary Busey,Anna Trebunskaya,Actor/Actress,Texas,United States,71,Eliminated Week 4,10,5.0,6.0,5.0,,16.0,True,3,3.0,30.0,0.5333333333333333
21,5,Gary Busey,Anna Trebunskaya,Actor/Actress,Texas,United States,71,Eliminated Week 4,10,0.0,0.0,0.0,0.0,0.0,False,4,4.0,40.0,
21,6,Gary Busey,Anna Trebunskaya,Actor/Actress,Texas,United States,71,Eliminated Week 4,10,0.0,0.0,0.0,0.0,0.0,False,4,4.0,40.0,
21,7,Gary Busey,Anna Trebunskaya,Actor/Actress,Texas,United States,71,Eliminated Week 4,10,0.0,0.0,0.0,,0.0,False,3,3.0,30.0,
21,8,Gary Busey,Anna Trebunskaya,Actor/Actress,Texas,United States,71,Eliminated Week 4,10,0.0,0.0,0.0,,0.0,False,3,3.0,30.0,
21,9,Gary Busey,Anna Trebunskaya,Actor/Actress,Texas,United States,71,Eliminated Week 4,10,0.0,0.0,0.0,,0.0,False,3,3.0,30.0,
21,10,Gary Busey,Anna Trebunskaya,Actor/Actress,Texas,United States,71,Eliminated Week 4,10,0.0,0.0,0.0,,0.0,False,3,3.0,30.0,
21,11,Gary Busey,Anna Trebunskaya,Actor/Actress,Texas,United States,71,Eliminated Week 4,10,0.0,0.0,0.0,,0.0,False,3,3.0,30.0,
14,1,Gavin DeGraw,Karina Smirnoff,Singer/Rapper,New York,United States,35,Eliminated Week 5,9,7.0,6.0,7.0,,20.0,True,3,3.0,30.0,0.6666666666666666
14,2,Gavin DeGraw,Karina Smirnoff,Singer/Rapper,New York,United States,35,Eliminated Week 5,9,7.0,7.0,7.0,,21.0,True,3,3.0,30.0,0.7
14,3,Gavin DeGraw,Karina Smirnoff,Singer/Rapper,New York,United States,35,Eliminated Week 5,9,8.0,8.0,8.0,,24.0,True,3,3.0,30.0,0.8
14,4,Gavin DeGraw,Karina Smirnoff,Singer/Rapper,New York,United States,35,Eliminated Week 5,9,8.0,8.0,7.0,,23.0,True,3,3.0,30.0,0.7666666666666667
14,5,Gavin DeGraw,Karina Smirnoff,Singer/Rapper,New York,United States,35,Eliminated Week 5,9,6.0,6.0,7.0,,19.0,True,3,3.0,30.0,0.6333333333333333
14,6,Gavin DeGraw,Karina Smirnoff,Singer/Rapper,New York,United States,35,Eliminated Week 5,9,0.0,0.0,0.0,,0.0,False,3,3.0,30.0,
14,7,Gavin DeGraw,Karina Smirnoff,Singer/Rapper,New York,United States,35,Eliminated Week 5,9,0.0,0.0,0.0,,0.0,False,3,3.0,30.0,
14,8,Gavin DeGraw,Karina Smirnoff,Singer/Rapper,New York,United States,35,Eliminated Week 5,9,0.0,0.0,0.0,,0.0,False,3,3.0,30.0,
14,9,Gavin DeGraw,Karina Smirnoff,Singer/Rapper,New York,United States,35,Eliminated Week 5,9,0.0,0.0,0.0,,0.0,False,3,3.0,30.0,
14,10,Gavin DeGraw,Karina Smirnoff,Singer/Rapper,New York,United States,35,Eliminated Week 5,9,0.0,0.0,0.0,,0.0,False,3,3.0,30.0,
2,1,George Hamilton,Edyta Sliwinska,Actor/Actress,Tennessee,United States,66,Eliminated Week 6,5,7.0,5.0,6.0,,18.0,True,3,3.0,30.0,0.6
2,2,George Hamilton,Edyta Sliwinska,Actor/Actress,Tennessee,United States,66,Eliminated Week 6,5,8.0,7.0,7.0,,22.0,True,3,3.0,30.0,0.7333333333333333
2,3,George Hamilton,Edyta Sliwinska,Actor/Actress,Tennessee,United States,66,Eliminated Week 6,5,7.0,7.0,8.0,,22.0,True,3,3.0,30.0,0.7333333333333333
2,4,George Hamilton,Edyta Sliwinska,Actor/Actress,Tennessee,United States,66,Eliminated Week 6,5,7.0,7.0,7.0,,21.0,True,3,3.0,30.0,0.7
2,5,George Hamilton,Edyta Sliwinska,Actor/Actress,Tennessee,United States,66,Eliminated Week 6,5,8.0,8.0,8.0,,24.0,True,3,3.0,30.0,0.8
2,6,George Hamilton,Edyta Sliwinska,Actor/Actress,Tennessee,United States,66,Eliminated Week 6,5,8.0,7.0,8.0,,23.0,True,3,3.0,30.0,0.7666666666666667
2,7,George Hamilton,Edyta Sliwinska,Actor/Actress,Tennessee,United States,66,Eliminated Week 6,5,0.0,0.0,0.0,,0.0,False,3,3.0,30.0,
2,8,George Hamilton,Edyta Sliwinska,Actor/Actress,Tennessee,United States,66,Eliminated Week 6,5,0.0,0.0,0.0,,0.0,False,3,3.0,30.0,
22,1,Geraldo Rivera,Edyta Sliwinska,Journalist,New York,United States,72,Eliminated Week 2,12,5.0,4.0,4.0,,13.0,True,3,3.0,30.0,0.43333333333333335
22,2,Geraldo Rivera,Edyta Sliwinska,Journalist,New York,United States,72,Eliminated Week 2,12,5.0,4.0,4.0,,13.0,True,3,3.0,30.0,0.43333333333333335
22,3,Geraldo Rivera,Edyta Sliwinska,Journalist,New York,United States,72,Eliminated Week 2,12,0.0,0.0,0.0,,0.0,False,3,3.0,30.0,
22,4,Geraldo Rivera,Edyta Sliwinska,Journalist,New York,United States,72,Eliminated Week 2,12,0.0,0.0,0.0,0.0,0.0,False,4,4.0,40.0,
22,5,Geraldo Rivera,Edyta Sliwinska,Journalist,New York,United States,72,Eliminated Week 2,12,0.0,0.0,0.0,0.0,0.0,False,4,4.0,40.0,
22,6,Geraldo Rivera,Edyta Sliwinska,Journalist,New York,United States,72,Eliminated Week 2,12,0.0,0.0,0.0,,0.0,False,3,3.0,30.0,
22,7,Geraldo Rivera,Edyta Sliwinska,Journalist,New York,United States,72,Eliminated Week 2,12,0.0,0.0,0.0,,0.0,False,3,3.0,30.0,
22,8,Geraldo Rivera,Edyta Sliwinska,Journalist,New York,United States,72,Eliminated Week 2,12,0.0,0.0,0.0,,0.0,False,3,3.0,30.0,
22,9,Geraldo Rivera,Edyta Sliwinska,Journalist,New York,United States,72,Eliminated Week 2,12,0.0,0.0,0.0,,0.0,False,3,3.0,30.0,
22,10,Geraldo Rivera,Edyta Sliwinska,Journalist,New York,United States,72,Eliminated Week 2,12,0.0,0.0,0.0,,0.0,False,3,3.0,30.0,
22,1,Ginger Zee,Valentin Chmerkovskiy,News Anchor,California,United States,35,3rd Place,3,8.0,7.0,8.0,,23.0,True,3,3.0,30.0,0.7666666666666667
22,2,Ginger Zee,Valentin Chmerkovskiy,News Anchor,California,United States,35,3rd Place,3,7.0,7.0,7.0,,21.0,True,3,3.0,30.0,0.7
22,3,Ginger Zee,Valentin Chmerkovskiy,News Anchor,California,United States,35,3rd Place,3,7.0,7.0,7.0,,21.0,True,3,3.0,30.0,0.7
22,4,Ginger Zee,Valentin Chmerkovskiy,News Anchor,California,United States,35,3rd Place,3,9.0,9.0,9.0,9.0,36.0,True,4,4.0,40.0,0.9
22,5,Ginger Zee,Valentin Chmerkovskiy,News Anchor,California,United States,35,3rd Place,3,8.0,8.0,8.0,8.0,32.0,True,4,4.0,40.0,0.8
22,6,Ginger Zee,Valentin Chmerkovskiy,News Anchor,California,United States,35,3rd Place,3,8.0,8.0,8.0,,24.0,True,3,3.0,30.0,0.8
22,7,Ginger Zee,Valentin Chmerkovskiy,News Anchor,California,United States,35,3rd Place,3,9.0,9.0,9.5,,27.5,True,3,3.0,30.0,0.9166666666666666
22,8,Ginger Zee,Valentin Chmerkovskiy,News Anchor,California,United States,35,3rd Place,3,10.0,10.0,10.0,,30.0,True,3,3.0,30.0,1.0
22,9,Ginger Zee,Valentin Chmerkovskiy,News Anchor,California,United States,35,3rd Place,3,9.0,9.5,9.5,,28.0,True,3,3.0,30.0,0.9333333333333333
22,10,Ginger Zee,Valentin Chmerkovskiy,News Anchor,California,United States,35,3rd Place,3,9.3333,9.6666,9.3333,,28.333199999999998,True,3,3.0,30.0,0.94444
14,1,Gladys Knight,Tristan MacManus,Singer/Rapper,Georgia,United States,67,Eliminated Week 6,8,8.0,7.0,8.0,,23.0,True,3,3.0,30.0,0.7666666666666667
14,2,Gladys Knight,Tristan MacManus,Singer/Rapper,Georgia,United States,67,Eliminated Week 6,8,7.0,5.0,7.0,,19.0,True,3,3.0,30.0,0.6333333333333333
14,3,Gladys Knight,Tristan MacManus,Singer/Rapper,Georgia,United States,67,Eliminated Week 6,8,8.0,8.0,8.0,,24.0,True,3,3.0,30.0,0.8
14,4,Gladys Knight,Tristan MacManus,Singer/Rapper,Georgia,United States,67,Eliminated Week 6,8,7.0,6.0,7.0,,20.0,True,3,3.0,30.0,0.6666666666666666
14,5,Gladys Knight,Tristan MacManus,Singer/Rapper,Georgia,United States,67,Eliminated Week 6,8,7.0,7.0,8.0,,22.0,True,3,3.0,30.0,0.7333333333333333
14,6,Gladys Knight,Tristan MacManus,Singer/Rapper,Georgia,United States,67,Eliminated Week 6,8,8.0,8.0,8.0,,24.0,True,3,3.0,30.0,0.8
14,7,Gladys Knight,Tristan MacManus,Singer/Rapper,Georgia,United States,67,Eliminated Week 6,8,0.0,0.0,0.0,,0.0,False,3,3.0,30.0,
14,8,Gladys Knight,Tristan MacManus,Singer/Rapper,Georgia,United States,67,Eliminated Week 6,8,0.0,0.0,0.0,,0.0,False,3,3.0,30.0,
14,9,Gladys Knight,Tristan MacManus,Singer/Rapper,Georgia,United States,67,Eliminated Week 6,8,0.0,0.0,0.0,,0.0,False,3,3.0,30.0,
14,10,Gladys Knight,Tristan MacManus,Singer/Rapper,Georgia,United States,67,Eliminated Week 6,8,0.0,0.0,0.0,,0.0,False,3,3.0,30.0,
28,1,Hannah Brown,Alan Bersten,TV Personality,Alabama,United States,24,1st Place,1,7.0,7.0,6.0,,20.0,True,3,3.0,30.0,0.6666666666666666
28,2,Hannah Brown,Alan Bersten,TV Personality,Alabama,United States,24,1st Place,1,8.0,8.0,8.0,,24.0,True,3,3.0,30.0,0.8
28,3,Hannah Brown,Alan Bersten,TV Personality,Alabama,United States,24,1st Place,1,7.0,7.0,7.0,,21.0,True,3,3.0,30.0,0.7
28,4,Hannah Brown,Alan Bersten,TV Personality,Alabama,United States,24,1st Place,1,8.0,8.0,8.0,8.0,32.0,True,4,4.0,40.0,0.8
28,5,Hannah Brown,Alan Bersten,TV Personality,Alabama,United States,24,1st Place,1,9.0,7.0,9.0,,25.0,True,3,3.0,30.0,0.8333333333333334
28,6,Hannah Brown,Alan Bersten,TV Personality,Alabama,United States,24,1st Place,1,8.0,8.0,8.0,,24.0,True,3,3.0,30.0,0.8
28,7,Hannah Brown,Alan Bersten,TV Personality,Alabama,United States,24,1st Place,1,8.5,9.0,8.5,,26.0,True,3,3.0,30.0,0.8666666666666667
28,8,Hannah Brown,Alan Bersten,TV Personality,Alabama,United States,24,1st Place,1,10.6666,9.6666,10.6666,,30.9998,True,3,3.0,30.0,1.0333266666666667
28,9,Hannah Brown,Alan Bersten,TV Personality,Alabama,United States,24,1st Place,1,9.0,8.5,9.0,9.0,35.5,True,4,4.0,40.0,0.8875
28,10,Hannah Brown,Alan Bersten,TV Personality,Alabama,United States,24,1st Place,1,9.0,9.0,9.0,,27.0,True,3,3.0,30.0,0.9
28,11,Hannah Brown,Alan Bersten,TV Personality,Alabama,United States,24,1st Place,1,10.0,9.5,9.5,,29.0,True,3,3.0,30.0,0.9666666666666667
3,1,Harry Hamlin,Ashly DelGrosso,Actor/Actress,California,United States,54,Eliminated Week 3,9,5.0,6.0,6.0,,17.0,True,3,3.0,30.0,0.5666666666666667
3,2,Harry Hamlin,Ashly DelGrosso,Actor/Actress,California,United States,54,Eliminated Week 3,9,7.0,7.0,7.0,,21.0,True,3,3.0,30.0,0.7
3,3,Harry Hamlin,Ashly DelGrosso,Actor/Actress,California,United States,54,Eliminated Week 3,9,7.0,8.0,7.0,,22.0,True,3,3.0,30.0,0.7333333333333333
3,4,Harry Hamlin,Ashly DelGrosso,Actor/Actress,California,United States,54,Eliminated Week 3,9,0.0,0.0,0.0,,0.0,False,3,3.0,30.0,
3,5,Harry Hamlin,Ashly DelGrosso,Actor/Actress,California,United States,54,Eliminated Week 3,9,0.0,0.0,0.0,,0.0,False,3,3.0,30.0,
3,6,Harry Hamlin,Ashly DelGrosso,Actor/Actress,California,United States,54,Eliminated Week 3,9,0.0,0.0,0.0,,0.0,False,3,3.0,30.0,
3,7,Harry Hamlin,Ashly DelGrosso,Actor/Actress,California,United States,54,Eliminated Week 3,9,0.0,0.0,0.0,,0.0,False,3,3.0,30.0,
3,8,Harry Hamlin,Ashly DelGrosso,Actor/Actress,California,United States,54,Eliminated Week 3,9,0.0,0.0,0.0,,0.0,False,3,3.0,30.0,
3,9,Harry Hamlin,Ashly DelGrosso,Actor/Actress,California,United States,54,Eliminated Week 3,9,0.0,0.0,0.0,,0.0,False,3,3.0,30.0,
3,10,Harry Hamlin,Ashly DelGrosso,Actor/Actress,California,United States,54,Eliminated Week 3,9,0.0,0.0,0.0,,0.0,False,3,3.0,30.0,
21,1,Hayes Grier,Emma Slater,Social Media Personality,North Carolina,United States,15,Eliminated Week 7,8,7.0,7.0,7.0,,21.0,True,3,3.0,30.0,0.7
21,2,Hayes Grier,Emma Slater,Social Media Personality,North Carolina,United States,15,Eliminated Week 7,8,8.0,7.0,7.5,,22.5,True,3,3.0,30.0,0.75
21,3,Hayes Grier,Emma Slater,Social Media Personality,North Carolina,United States,15,Eliminated Week 7,8,7.0,8.0,7.0,8.0,30.0,True,4,4.0,40.0,0.75
21,4,Hayes Grier,Emma Slater,Social Media Personality,North Carolina,United States,15,Eliminated Week 7,8,9.0,9.0,9.0,,27.0,True,3,3.0,30.0,0.9
21,5,Hayes Grier,Emma Slater,Social Media Personality,North Carolina,United States,15,Eliminated Week 7,8,8.0,8.0,7.0,7.0,30.0,True,4,4.0,40.0,0.75
21,6,Hayes Grier,Emma Slater,Social Media Personality,North Carolina,United States,15,Eliminated Week 7,8,8.0,8.0,8.0,8.0,32.0,True,4,4.0,40.0,0.8
21,7,Hayes Grier,Emma Slater,Social Media Personality,North Carolina,United States,15,Eliminated Week 7,8,9.0,9.5,9.5,,28.0,True,3,3.0,30.0,0.9333333333333333
21,8,Hayes Grier,Emma Slater,Social Media Personality,North Carolina,United States,15,Eliminated Week 7,8,0.0,0.0,0.0,,0.0,False,3,3.0,30.0,
21,9,Hayes Grier,Emma Slater,Social Media Personality,North Carolina,United States,15,Eliminated Week 7,8,0.0,0.0,0.0,,0.0,False,3,3.0,30.0,
21,10,Hayes Grier,Emma Slater,Social Media Personality,North Carolina,United States,15,Eliminated Week 7,8,0.0,0.0,0.0,,0.0,False,3,3.0,30.0,
21,11,Hayes Grier,Emma Slater,Social Media Personality,North Carolina,United States,15,Eliminated Week 7,8,0.0,0.0,0.0,,0.0,False,3,3.0,30.0,
24,1,Heather Morris,Maksim Chmerkoskiy,Actor/Actress,California,United States,30,Eliminated Week 6,8,7.0,7.0,7.0,7.0,28.0,True,4,4.0,40.0,0.7
24,2,Heather Morris,Maksim Chmerkoskiy,Actor/Actress,California,United States,30,Eliminated Week 6,8,8.0,6.0,8.0,8.0,30.0,True,4,4.0,40.0,0.75
24,3,Heather Morris,Maksim Chmerkoskiy,Actor/Actress,California,United States,30,Eliminated Week 6,8,9.0,8.0,8.0,8.0,33.0,True,4,4.0,40.0,0.825
24,4,Heather Morris,Maksim Chmerkoskiy,Actor/Actress,California,United States,30,Eliminated Week 6,8,8.0,9.0,9.0,9.0,35.0,True,4,4.0,40.0,0.875
24,5,Heather Morris,Maksim Chmerkoskiy,Actor/Actress,California,United States,30,Eliminated Week 6,8,8.0,8.0,9.0,9.0,34.0,True,4,4.0,40.0,0.85
24,6,Heather Morris,Maksim Chmerkoskiy,Actor/Actress,California,United States,30,Eliminated Week 6,8,9.0,9.5,9.0,9.5,37.0,True,4,4.0,40.0,0.925
24,7,Heather Morris,Maksim Chmerkoskiy,Actor/Actress,California,United States,30,Eliminated Week 6,8,0.0,0.0,0.0,0.0,0.0,False,4,4.0,40.0,
24,8,Heather Morris,Maksim Chmerkoskiy,Actor/Actress,California,United States,30,Eliminated Week 6,8,0.0,0.0,0.0,0.0,0.0,False,4,4.0,40.0,
24,9,Heather Morris,Maksim Chmerkoskiy,Actor/Actress,California,United States,30,Eliminated Week 6,8,0.0,0.0,0.0,0.0,0.0,False,4,4.0,40.0,
24,10,Heather Morris,Maksim Chmerkoskiy,Actor/Actress,California,United States,30,Eliminated Week 6,8,0.0,0.0,0.0,0.0,0.0,False,4,4.0,40.0,
31,1,Heidi D'Amelio,Artem Chigvintsev,Social Media Personality,Louisiana,United States,50,Eliminated Week 8,8,6.0,6.0,6.0,6.0,24.0,True,4,4.0,40.0,0.6
31,2,Heidi D'Amelio,Artem Chigvintsev,Social Media Personality,Louisiana,United States,50,Eliminated Week 8,8,7.0,7.0,7.0,7.0,28.0,True,4,4.0,40.0,0.7
31,3,Heidi D'Amelio,Artem Chigvintsev,Social Media Personality,Louisiana,United States,50,Eliminated Week 8,8,8.0,8.0,8.0,8.0,32.0,True,4,4.0,40.0,0.8
31,4,Heidi D'Amelio,Artem Chigvintsev,Social Media Personality,Louisiana,United States,50,Eliminated Week 8,8,9.0,8.0,8.0,9.0,34.0,True,4,4.0,40.0,0.85
31,5,Heidi D'Amelio,Artem Chigvintsev,Social Media Personality,Louisiana,United States,50,Eliminated Week 8,8,9.625,10.125,9.625,9.625,39.0,True,4,4.0,40.0,0.975
31,6,Heidi D'Amelio,Artem Chigvintsev,Social Media Personality,Louisiana,United States,50,Eliminated Week 8,8,9.0,9.0,9.0,9.0,36.0,True,4,4.0,40.0,0.9
31,7,Heidi D'Amelio,Artem Chigvintsev,Social Media Personality,Louisiana,United States,50,Eliminated Week 8,8,8.5,9.0,9.0,8.5,35.0,True,4,4.0,40.0,0.875
31,8,Heidi D'Amelio,Artem Chigvintsev,Social Media Personality,Louisiana,United States,50,Eliminated Week 8,8,9.0,8.0,9.0,9.0,35.0,True,4,4.0,40.0,0.875
31,9,Heidi D'Amelio,Artem Chigvintsev,Social Media Personality,Louisiana,United States,50,Eliminated Week 8,8,0.0,0.0,0.0,0.0,0.0,False,4,4.0,40.0,
31,10,Heidi D'Amelio,Artem Chigvintsev,Social Media Personality,Louisiana,United States,50,Eliminated Week 8,8,0.0,0.0,0.0,0.0,0.0,False,4,4.0,40.0,
34,1,Hilaria Baldwin,Gleb Savchenko,Entrepreneur,New York,United States,41,Eliminated Week 4,11,7.0,7.0,,,14.0,True,2,2.0,20.0,0.7
34,2,Hilaria Baldwin,Gleb Savchenko,Entrepreneur,New York,United States,41,Eliminated Week 4,11,7.0,7.0,7.0,,21.0,True,3,3.0,30.0,0.7
34,3,Hilaria Baldwin,Gleb Savchenko,Entrepreneur,New York,United States,41,Eliminated Week 4,11,7.0,8.0,7.0,,22.0,True,3,3.0,30.0,0.7333333333333333
34,4,Hilaria Baldwin,Gleb Savchenko,Entrepreneur,New York,United States,41,Eliminated Week 4,11,8.0,7.0,8.0,,23.0,True,3,3.0,30.0,0.7666666666666667
34,5,Hilaria Baldwin,Gleb Savchenko,Entrepreneur,New York,United States,41,Eliminated Week 4,11,0.0,0.0,0.0,0.0,0.0,False,4,4.0,40.0,
34,6,Hilaria Baldwin,Gleb Savchenko,Entrepreneur,New York,United States,41,Eliminated Week 4,11,0.0,0.0,0.0,0.0,0.0,False,4,4.0,40.0,
34,7,Hilaria Baldwin,Gleb Savchenko,Entrepreneur,New York,United States,41,Eliminated Week 4,11,0.0,0.0,0.0,0.0,0.0,False,4,4.0,40.0,
34,8,Hilaria Baldwin,Gleb Savchenko,Entrepreneur,New York,United States,41,Eliminated Week 4,11,0.0,0.0,0.0,0.0,0.0,False,4,4.0,40.0,
34,9,Hilaria Baldwin,Gleb Savchenko,Entrepreneur,New York,United States,41,Eliminated Week 4,11,0.0,0.0,0.0,0.0,0.0,False,4,4.0,40.0,
34,10,Hilaria Baldwin,Gleb Savchenko,Entrepreneur,New York,United States,41,Eliminated Week 4,11,0.0,0.0,0.0,,0.0,False,3,3.0,30.0,
34,11,Hilaria Baldwin,Gleb Savchenko,Entrepreneur,New York,United States,41,Eliminated Week 4,11,0.0,0.0,0.0,,0.0,False,3,3.0,30.0,
8,1,Holly Madison,Dmitry Chaplin,TV Personality,Oregon,United States,30,Eliminated Week 4,11,6.0,6.0,6.0,,18.0,True,3,3.0,30.0,0.6
8,2,Holly Madison,Dmitry Chaplin,TV Personality,Oregon,United States,30,Eliminated Week 4,11,6.0,6.0,6.0,,18.0,True,3,3.0,30.0,0.6
8,3,Holly Madison,Dmitry Chaplin,TV Personality,Oregon,United States,30,Eliminated Week 4,11,5.0,6.0,6.0,,17.0,True,3,3.0,30.0,0.5666666666666667
8,4,Holly Madison,Dmitry Chaplin,TV Personality,Oregon,United States,30,Eliminated Week 4,11,5.0,6.0,5.0,,16.0,True,3,3.0,30.0,0.5333333333333333
8,5,Holly Madison,Dmitry Chaplin,TV Personality,Oregon,United States,30,Eliminated Week 4,11,0.0,0.0,0.0,,0.0,False,3,3.0,30.0,
8,6,Holly Madison,Dmitry Chaplin,TV Personality,Oregon,United States,30,Eliminated Week 4,11,0.0,0.0,0.0,,0.0,False,3,3.0,30.0,
8,7,Holly Madison,Dmitry Chaplin,TV Personality,Oregon,United States,30,Eliminated Week 4,11,0.0,0.0,0.0,,0.0,False,3,3.0,30.0,
8,8,Holly Madison,Dmitry Chaplin,TV Personality,Oregon,United States,30,Eliminated Week 4,11,0.0,0.0,0.0,,0.0,False,3,3.0,30.0,
8,9,Holly Madison,Dmitry Chaplin,TV Personality,Oregon,United States,30,Eliminated Week 4,11,0.0,0.0,0.0,,0.0,False,3,3.0,30.0,
8,10,Holly Madison,Dmitry Chaplin,TV Personality,Oregon,United States,30,Eliminated Week 4,11,0.0,0.0,0.0,,0.0,False,3,3.0,30.0,
8,11,Holly Madison,Dmitry Chaplin,TV Personality,Oregon,United States,30,Eliminated Week 4,11,0.0,0.0,0.0,,0.0,False,3,3.0,30.0,
13,1,Hope Solo,Maksim Chmerkoskiy,Athlete,Washington,United States,30,Eliminated Week 9,4,7.0,7.0,7.0,,21.0,True,3,3.0,30.0,0.7
13,2,Hope Solo,Maksim Chmerkoskiy,Athlete,Washington,United States,30,Eliminated Week 9,4,6.0,7.0,6.0,,19.0,True,3,3.0,30.0,0.6333333333333333
13,3,Hope Solo,Maksim Chmerkoskiy,Athlete,Washington,United States,30,Eliminated Week 9,4,8.0,8.0,8.0,,24.0,True,3,3.0,30.0,0.8
13,4,Hope Solo,Maksim Chmerkoskiy,Athlete,Washington,United States,30,Eliminated Week 9,4,8.0,8.0,8.0,,24.0,True,3,3.0,30.0,0.8
13,5,Hope Solo,Maksim Chmerkoskiy,Athlete,Washington,United States,30,Eliminated Week 9,4,8.0,8.0,8.0,,24.0,True,3,3.0,30.0,0.8
13,6,Hope Solo,Maksim Chmerkoskiy,Athlete,Washington,United States,30,Eliminated Week 9,4,7.0,6.0,7.0,,20.0,True,3,3.0,30.0,0.6666666666666666
13,7,Hope Solo,Maksim Chmerkoskiy,Athlete,Washington,United States,30,Eliminated Week 9,4,8.5,8.0,8.5,,25.0,True,3,3.0,30.0,0.8333333333333334
13,8,Hope Solo,Maksim Chmerkoskiy,Athlete,Washington,United States,30,Eliminated Week 9,4,8.5,9.0,8.5,,26.0,True,3,3.0,30.0,0.8666666666666667
13,9,Hope Solo,Maksim Chmerkoskiy,Athlete,Washington,United States,30,Eliminated Week 9,4,8.1666,8.1666,8.1666,,24.4998,True,3,3.0,30.0,0.81666
13,10,Hope Solo,Maksim Chmerkoskiy,Athlete,Washington,United States,30,Eliminated Week 9,4,0.0,0.0,0.0,,0.0,False,3,3.0,30.0,
4,1,Ian Ziering,Cheryl Burke,Actor/Actress,New Jersey,United States,42,Eliminated Week 9,4,7.0,7.0,7.0,,21.0,True,3,3.0,30.0,0.7
4,2,Ian Ziering,Cheryl Burke,Actor/Actress,New Jersey,United States,42,Eliminated Week 9,4,7.0,8.0,7.0,,22.0,True,3,3.0,30.0,0.7333333333333333
4,3,Ian Ziering,Cheryl Burke,Actor/Actress,New Jersey,United States,42,Eliminated Week 9,4,8.0,8.0,8.0,,24.0,True,3,3.0,30.0,0.8
4,4,Ian Ziering,Cheryl Burke,Actor/Actress,New Jersey,United States,42,Eliminated Week 9,4,7.0,9.0,8.0,,24.0,True,3,3.0,30.0,0.8
4,5,Ian Ziering,Cheryl Burke,Actor/Actress,New Jersey,United States,42,Eliminated Week 9,4,8.0,8.0,8.0,,24.0,True,3,3.0,30.0,0.8
4,6,Ian Ziering,Cheryl Burke,Actor/Actress,New Jersey,United States,42,Eliminated Week 9,4,8.0,8.0,8.0,,24.0,True,3,3.0,30.0,0.8
4,7,Ian Ziering,Cheryl Burke,Actor/Actress,New Jersey,United States,42,Eliminated Week 9,4,9.0,9.0,9.0,,27.0,True,3,3.0,30.0,0.9
4,8,Ian Ziering,Cheryl Burke,Actor/Actress,New Jersey,United States,42,Eliminated Week 9,4,8.0,7.5,8.0,,23.5,True,3,3.0,30.0,0.7833333333333333
4,9,Ian Ziering,Cheryl Burke,Actor/Actress,New Jersey,United States,42,Eliminated Week 9,4,9.5,10.0,9.5,,29.0,True,3,3.0,30.0,0.9666666666666667
4,10,Ian Ziering,Cheryl Burke,Actor/Actress,New Jersey,United States,42,Eliminated Week 9,4,0.0,0.0,0.0,,0.0,False,3,3.0,30.0,
33,1,Ilona Maher,Alan Bersten,Athlete,California,United States,28,2nd Place,2,6.0,6.0,6.0,,18.0,True,3,3.0,30.0,0.6
33,2,Ilona Maher,Alan Bersten,Athlete,California,United States,28,2nd Place,2,7.0,7.0,7.0,,21.0,True,3,3.0,30.0,0.7
33,3,Ilona Maher,Alan Bersten,Athlete,California,United States,28,2nd Place,2,7.5,7.0,7.0,6.5,28.0,True,4,4.0,40.0,0.7
33,4,Ilona Maher,Alan Bersten,Athlete,California,United States,28,2nd Place,2,8.0,8.0,8.0,8.0,32.0,True,4,4.0,40.0,0.8
33,5,Ilona Maher,Alan Bersten,Athlete,California,United States,28,2nd Place,2,9.0,8.5,8.5,,26.0,True,3,3.0,30.0,0.8666666666666667
33,6,Ilona Maher,Alan Bersten,Athlete,California,United States,28,2nd Place,2,8.0,8.0,8.0,,24.0,True,3,3.0,30.0,0.8
33,7,Ilona Maher,Alan Bersten,Athlete,California,United States,28,2nd Place,2,9.0,8.5,8.5,,26.0,True,3,3.0,30.0,0.8666666666666667
33,8,Ilona Maher,Alan Bersten,Athlete,California,United States,28,2nd Place,2,9.5,9.5,9.5,,28.5,True,3,3.0,30.0,0.95
33,9,Ilona Maher,Alan Bersten,Athlete,California,United States,28,2nd Place,2,9.5,9.5,9.5,,28.5,True,3,3.0,30.0,0.95
30,1,Iman Shumpert,Daniella Karagach,Athlete,Illinois,United States,31,1st Place,1,7.0,4.0,5.0,5.0,21.0,True,4,4.0,40.0,0.525
30,2,Iman Shumpert,Daniella Karagach,Athlete,Illinois,United States,31,1st Place,1,7.0,6.0,6.0,6.0,25.0,True,4,4.0,40.0,0.625
30,3,Iman Shumpert,Daniella Karagach,Athlete,Illinois,United States,31,1st Place,1,7.0,6.0,6.0,,19.0,True,3,3.0,30.0,0.6333333333333333
30,4,Iman Shumpert,Daniella Karagach,Athlete,Illinois,United States,31,1st Place,1,8.5,6.5,8.5,8.0,31.5,True,4,4.0,40.0,0.7875
30,5,Iman Shumpert,Daniella Karagach,Athlete,Illinois,United States,31,1st Place,1,7.0,7.0,7.0,7.0,28.0,True,4,4.0,40.0,0.7
30,6,Iman Shumpert,Daniella Karagach,Athlete,Illinois,United States,31,1st Place,1,10.0,10.0,10.0,10.0,40.0,True,4,4.0,40.0,1.0
30,7,Iman Shumpert,Daniella Karagach,Athlete,Illinois,United States,31,1st Place,1,9.5,7.5,8.5,8.5,34.0,True,4,4.0,40.0,0.85
30,8,Iman Shumpert,Daniella Karagach,Athlete,Illinois,United States,31,1st Place,1,9.0,8.0,9.0,9.0,35.0,True,4,4.0,40.0,0.875
30,9,Iman Shumpert,Daniella Karagach,Athlete,Illinois,United States,31,1st Place,1,9.5,9.0,10.0,9.0,37.5,True,4,4.0,40.0,0.9375
30,10,Iman Shumpert,Daniella Karagach,Athlete,Illinois,United States,31,1st Place,1,10.0,10.0,10.0,10.0,40.0,True,4,4.0,40.0,1.0
13,1,J.R. Martinez,Karina Smirnoff,Actor/Actress,Louisiana,United States,28,1st Place,1,8.0,7.0,7.0,,22.0,True,3,3.0,30.0,0.7333333333333333
13,2,J.R. Martinez,Karina Smirnoff,Actor/Actress,Louisiana,United States,28,1st Place,1,7.0,7.0,8.0,,22.0,True,3,3.0,30.0,0.7333333333333333
13,3,J.R. Martinez,Karina Smirnoff,Actor/Actress,Louisiana,United States,28,1st Place,1,9.0,8.0,9.0,,26.0,True,3,3.0,30.0,0.8666666666666667
13,4,J.R. Martinez,Karina Smirnoff,Actor/Actress,Louisiana,United States,28,1st Place,1,8.0,9.0,9.0,,26.0,True,3,3.0,30.0,0.8666666666666667
13,5,J.R. Martinez,Karina Smirnoff,Actor/Actress,Louisiana,United States,28,1st Place,1,9.0,9.0,10.0,,28.0,True,3,3.0,30.0,0.9333333333333333
13,6,J.R. Martinez,Karina Smirnoff,Actor/Actress,Louisiana,United States,28,1st Place,1,10.0,9.0,10.0,,29.0,True,3,3.0,30.0,0.9666666666666667
13,7,J.R. Martinez,Karina Smirnoff,Actor/Actress,Louisiana,United States,28,1st Place,1,8.5,7.5,8.0,,24.0,True,3,3.0,30.0,0.8
13,8,J.R. Martinez,Karina Smirnoff,Actor/Actress,Louisiana,United States,28,1st Place,1,10.0,10.0,10.0,,30.0,True,3,3.0,30.0,1.0
13,9,J.R. Martinez,Karina Smirnoff,Actor/Actress,Louisiana,United States,28,1st Place,1,9.5,9.0,9.5,,28.0,True,3,3.0,30.0,0.9333333333333333
13,10,J.R. Martinez,Karina Smirnoff,Actor/Actress,Louisiana,United States,28,1st Place,1,9.3333,9.1666,9.6666,,28.1665,True,3,3.0,30.0,0.9388833333333333
14,1,Jack Wagner,Anna Trebunskaya,Actor/Actress,Missouri,United States,52,Eliminated Week 3,11,8.0,7.0,8.0,,23.0,True,3,3.0,30.0,0.7666666666666667
14,2,Jack Wagner,Anna Trebunskaya,Actor/Actress,Missouri,United States,52,Eliminated Week 3,11,7.0,7.0,7.0,,21.0,True,3,3.0,30.0,0.7
14,3,Jack Wagner,Anna Trebunskaya,Actor/Actress,Missouri,United States,52,Eliminated Week 3,11,8.0,8.0,8.0,,24.0,True,3,3.0,30.0,0.8
14,4,Jack Wagner,Anna Trebunskaya,Actor/Actress,Missouri,United States,52,Eliminated Week 3,11,0.0,0.0,0.0,,0.0,False,3,3.0,30.0,
14,5,Jack Wagner,Anna Trebunskaya,Actor/Actress,Missouri,United States,52,Eliminated Week 3,11,0.0,0.0,0.0,,0.0,False,3,3.0,30.0,
14,6,Jack Wagner,Anna Trebunskaya,Actor/Actress,Missouri,United States,52,Eliminated Week 3,11,0.0,0.0,0.0,,0.0,False,3,3.0,30.0,
14,7,Jack Wagner,Anna Trebunskaya,Actor/Actress,Missouri,United States,52,Eliminated Week 3,11,0.0,0.0,0.0,,0.0,False,3,3.0,30.0,
14,8,Jack Wagner,Anna Trebunskaya,Actor/Actress,Missouri,United States,52,Eliminated Week 3,11,0.0,0.0,0.0,,0.0,False,3,3.0,30.0,
14,9,Jack Wagner,Anna Trebunskaya,Actor/Actress,Missouri,United States,52,Eliminated Week 3,11,0.0,0.0,0.0,,0.0,False,3,3.0,30.0,
14,10,Jack Wagner,Anna Trebunskaya,Actor/Actress,Missouri,United States,52,Eliminated Week 3,11,0.0,0.0,0.0,,0.0,False,3,3.0,30.0,
16,1,Jacoby Jones,Karina Smirnoff,Athlete,Louisiana,United States,28,3rd Place,3,7.0,6.0,7.0,,20.0,True,3,3.0,30.0,0.6666666666666666
16,2,Jacoby Jones,Karina Smirnoff,Athlete,Louisiana,United States,28,3rd Place,3,8.0,7.0,8.0,,23.0,True,3,3.0,30.0,0.7666666666666667
16,3,Jacoby Jones,Karina Smirnoff,Athlete,Louisiana,United States,28,3rd Place,3,8.6666,8.6666,8.6666,,25.9998,True,3,3.0,30.0,0.86666
16,4,Jacoby Jones,Karina Smirnoff,Athlete,Louisiana,United States,28,3rd Place,3,8.0,8.0,8.0,,24.0,True,3,3.0,30.0,0.8
16,5,Jacoby Jones,Karina Smirnoff,Athlete,Louisiana,United States,28,3rd Place,3,9.0,8.0,9.0,,26.0,True,3,3.0,30.0,0.8666666666666667
16,6,Jacoby Jones,Karina Smirnoff,Athlete,Louisiana,United States,28,3rd Place,3,7.5,7.5,7.5,,22.5,True,3,3.0,30.0,0.75
16,7,Jacoby Jones,Karina Smirnoff,Athlete,Louisiana,United States,28,3rd Place,3,9.0,9.0,9.0,,27.0,True,3,3.0,30.0,0.9
16,8,Jacoby Jones,Karina Smirnoff,Athlete,Louisiana,United States,28,3rd Place,3,8.5,9.0,8.5,,26.0,True,3,3.0,30.0,0.8666666666666667
16,9,Jacoby Jones,Karina Smirnoff,Athlete,Louisiana,United States,28,3rd Place,3,10.0,9.5,10.0,,29.5,True,3,3.0,30.0,0.9833333333333333
16,10,Jacoby Jones,Karina Smirnoff,Athlete,Louisiana,United States,28,3rd Place,3,9.3333,9.3333,9.3333,,27.999899999999997,True,3,3.0,30.0,0.9333299999999999
10,1,Jake Pavelka,Chelsie Hightower,TV Personality,Texas,United States,32,Eliminated Week 6,7,7.0,6.0,7.0,,20.0,True,3,3.0,30.0,0.6666666666666666
10,2,Jake Pavelka,Chelsie Hightower,TV Personality,Texas,United States,32,Eliminated Week 6,7,6.0,7.0,7.0,,20.0,True,3,3.0,30.0,0.6666666666666666
10,3,Jake Pavelka,Chelsie Hightower,TV Personality,Texas,United States,32,Eliminated Week 6,7,7.0,7.0,7.0,,21.0,True,3,3.0,30.0,0.7
10,4,Jake Pavelka,Chelsie Hightower,TV Personality,Texas,United States,32,Eliminated Week 6,7,6.5,6.5,6.0,,19.0,True,3,3.0,30.0,0.6333333333333333
10,5,Jake Pavelka,Chelsie Hightower,TV Personality,Texas,United States,32,Eliminated Week 6,7,8.0,7.0,8.0,,23.0,True,3,3.0,30.0,0.7666666666666667
10,6,Jake Pavelka,Chelsie Hightower,TV Personality,Texas,United States,32,Eliminated Week 6,7,8.3333,8.3333,8.3333,,24.999899999999997,True,3,3.0,30.0,0.8333299999999999
10,7,Jake Pavelka,Chelsie Hightower,TV Personality,Texas,United States,32,Eliminated Week 6,7,0.0,0.0,0.0,,0.0,False,3,3.0,30.0,
10,8,Jake Pavelka,Chelsie Hightower,TV Personality,Texas,United States,32,Eliminated Week 6,7,0.0,0.0,0.0,,0.0,False,3,3.0,30.0,
10,9,Jake Pavelka,Chelsie Hightower,TV Personality,Texas,United States,32,Eliminated Week 6,7,0.0,0.0,0.0,,0.0,False,3,3.0,30.0,
10,10,Jake Pavelka,Chelsie Hightower,TV Personality,Texas,United States,32,Eliminated Week 6,7,0.0,0.0,0.0,,0.0,False,3,3.0,30.0,
23,1,Jake T. Austin,Jenna Johnson,Actor/Actress,New York,United States,21,Eliminated Week 2,13,5.0,6.0,5.0,6.0,22.0,True,4,4.0,40.0,0.55
23,2,Jake T. Austin,Jenna Johnson,Actor/Actress,New York,United States,21,Eliminated Week 2,13,6.0,6.0,6.0,6.0,24.0,True,4,4.0,40.0,0.6
23,3,Jake T. Austin,Jenna Johnson,Actor/Actress,New York,United States,21,Eliminated Week 2,13,0.0,0.0,0.0,0.0,0.0,False,4,4.0,40.0,
23,4,Jake T. Austin,Jenna Johnson,Actor/Actress,New York,United States,21,Eliminated Week 2,13,0.0,0.0,0.0,,0.0,False,3,3.0,30.0,
23,5,Jake T. Austin,Jenna Johnson,Actor/Actress,New York,United States,21,Eliminated Week 2,13,0.0,0.0,0.0,,0.0,False,3,3.0,30.0,
23,6,Jake T. Austin,Jenna Johnson,Actor/Actress,New York,United States,21,Eliminated Week 2,13,0.0,0.0,0.0,0.0,0.0,False,4,4.0,40.0,
23,7,Jake T. Austin,Jenna Johnson,Actor/Actress,New York,United States,21,Eliminated Week 2,13,0.0,0.0,0.0,0.0,0.0,False,4,4.0,40.0,
23,8,Jake T. Austin,Jenna Johnson,Actor/Actress,New York,United States,21,Eliminated Week 2,13,0.0,0.0,0.0,,0.0,False,3,3.0,30.0,
23,9,Jake T. Austin,Jenna Johnson,Actor/Actress,New York,United States,21,Eliminated Week 2,13,0.0,0.0,0.0,0.0,0.0,False,4,4.0,40.0,
23,10,Jake T. Austin,Jenna Johnson,Actor/Actress,New York,United States,21,Eliminated Week 2,13,0.0,0.0,0.0,,0.0,False,3,3.0,30.0,
23,11,Jake T. Austin,Jenna Johnson,Actor/Actress,New York,United States,21,Eliminated Week 2,13,0.0,0.0,0.0,0.0,0.0,False,4,4.0,40.0,
14,1,Jaleel White,Kym Johnson,Actor/Actress,California,United States,35,Eliminated Week 7,7,9.0,8.0,9.0,,26.0,True,3,3.0,30.0,0.8666666666666667
14,2,Jaleel White,Kym Johnson,Actor/Actress,California,United States,35,Eliminated Week 7,7,7.0,7.0,8.0,,22.0,True,3,3.0,30.0,0.7333333333333333
14,3,Jaleel White,Kym Johnson,Actor/Actress,California,United States,35,Eliminated Week 7,7,9.0,8.0,8.0,,25.0,True,3,3.0,30.0,0.8333333333333334
14,4,Jaleel White,Kym Johnson,Actor/Actress,California,United States,35,Eliminated Week 7,7,8.0,7.0,7.0,,22.0,True,3,3.0,30.0,0.7333333333333333
14,5,Jaleel White,Kym Johnson,Actor/Actress,California,United States,35,Eliminated Week 7,7,8.0,8.0,8.0,,24.0,True,3,3.0,30.0,0.8
14,6,Jaleel White,Kym Johnson,Actor/Actress,California,United States,35,Eliminated Week 7,7,12.6666,11.6666,12.6666,,36.9998,True,3,3.0,30.0,1.2333266666666667
14,7,Jaleel White,Kym Johnson,Actor/Actress,California,United States,35,Eliminated Week 7,7,9.0,8.0,8.5,,25.5,True,3,3.0,30.0,0.85
14,8,Jaleel White,Kym Johnson,Actor/Actress,California,United States,35,Eliminated Week 7,7,0.0,0.0,0.0,,0.0,False,3,3.0,30.0,
14,9,Jaleel White,Kym Johnson,Actor/Actress,California,United States,35,Eliminated Week 7,7,0.0,0.0,0.0,,0.0,False,3,3.0,30.0,
14,10,Jaleel White,Kym Johnson,Actor/Actress,California,United States,35,Eliminated Week 7,7,0.0,0.0,0.0,,0.0,False,3,3.0,30.0,
18,1,James Maslow,Peta Murgatroyd,Actor/Actress,New York,United States,23,Eliminated Week 10,4,7.0,7.0,7.0,,21.0,True,3,3.0,30.0,0.7
18,2,James Maslow,Peta Murgatroyd,Actor/Actress,New York,United States,23,Eliminated Week 10,4,9.0,8.0,8.0,,25.0,True,3,3.0,30.0,0.8333333333333334
18,3,James Maslow,Peta Murgatroyd,Actor/Actress,New York,United States,23,Eliminated Week 10,4,9.0,9.0,9.0,9.0,36.0,True,4,4.0,40.0,0.9
18,4,James Maslow,Peta Murgatroyd,Actor/Actress,New York,United States,23,Eliminated Week 10,4,9.0,8.0,9.0,9.0,35.0,True,4,4.0,40.0,0.875
18,5,James Maslow,Peta Murgatroyd,Actor/Actress,New York,United States,23,Eliminated Week 10,4,10.0,10.0,10.0,10.0,40.0,True,4,4.0,40.0,1.0
18,6,James Maslow,Peta Murgatroyd,Actor/Actress,New York,United States,23,Eliminated Week 10,4,9.0,9.0,8.0,9.0,35.0,True,4,4.0,40.0,0.875
18,7,James Maslow,Peta Murgatroyd,Actor/Actress,New York,United States,23,Eliminated Week 10,4,8.5,9.5,8.0,9.0,35.0,True,4,4.0,40.0,0.875
18,8,James Maslow,Peta Murgatroyd,Actor/Actress,New York,United States,23,Eliminated Week 10,4,8.0,9.0,10.0,9.0,36.0,True,4,4.0,40.0,0.9
18,9,James Maslow,Peta Murgatroyd,Actor/Actress,New York,United States,23,Eliminated Week 10,4,9.5,9.5,9.5,9.5,38.0,True,4,4.0,40.0,0.95
18,10,James Maslow,Peta Murgatroyd,Actor/Actress,New York,United States,23,Eliminated Week 10,4,9.5,9.5,10.0,,29.0,True,3,3.0,30.0,0.9666666666666667
28,1,James Van Der Beek,Emma Slater,Actor/Actress,Connecticut,United States,42,Eliminated Week 10,5,7.0,7.0,7.0,,21.0,True,3,3.0,30.0,0.7
28,2,James Van Der Beek,Emma Slater,Actor/Actress,Connecticut,United States,42,Eliminated Week 10,5,7.0,6.0,7.0,,20.0,True,3,3.0,30.0,0.6666666666666666
28,3,James Van Der Beek,Emma Slater,Actor/Actress,Connecticut,United States,42,Eliminated Week 10,5,8.0,7.0,8.0,,23.0,True,3,3.0,30.0,0.7666666666666667
28,4,James Van Der Beek,Emma Slater,Actor/Actress,Connecticut,United States,42,Eliminated Week 10,5,7.0,7.0,7.0,7.0,28.0,True,4,4.0,40.0,0.7
28,5,James Van Der Beek,Emma Slater,Actor/Actress,Connecticut,United States,42,Eliminated Week 10,5,9.0,8.0,9.0,,26.0,True,3,3.0,30.0,0.8666666666666667
28,6,James Van Der Beek,Emma Slater,Actor/Actress,Connecticut,United States,42,Eliminated Week 10,5,9.0,9.0,9.0,,27.0,True,3,3.0,30.0,0.9
28,7,James Van Der Beek,Emma Slater,Actor/Actress,Connecticut,United States,42,Eliminated Week 10,5,9.0,9.0,9.0,,27.0,True,3,3.0,30.0,0.9
28,8,James Van Der Beek,Emma Slater,Actor/Actress,Connecticut,United States,42,Eliminated Week 10,5,10.6666,10.6666,10.6666,,31.9998,True,3,3.0,30.0,1.06666
28,9,James Van Der Beek,Emma Slater,Actor/Actress,Connecticut,United States,42,Eliminated Week 10,5,9.0,8.5,9.5,9.0,36.0,True,4,4.0,40.0,0.9
28,10,James Van Der Beek,Emma Slater,Actor/Actress,Connecticut,United States,42,Eliminated Week 10,5,8.5,8.5,8.5,,25.5,True,3,3.0,30.0,0.85
28,11,James Van Der Beek,Emma Slater,Actor/Actress,Connecticut,United States,42,Eliminated Week 10,5,0.0,0.0,0.0,,0.0,False,3,3.0,30.0,
26,1,Jamie Anderson,Artem Chigvintsev,Athlete,California,United States,27,Eliminated Week 1,10,6.0,7.0,6.0,,19.0,True,3,3.0,30.0,0.6333333333333333
26,2,Jamie Anderson,Artem Chigvintsev,Athlete,California,United States,27,Eliminated Week 1,10,0.0,0.0,0.0,0.0,0.0,False,4,4.0,40.0,
26,3,Jamie Anderson,Artem Chigvintsev,Athlete,California,United States,27,Eliminated Week 1,10,0.0,0.0,0.0,0.0,0.0,False,4,4.0,40.0,
26,4,Jamie Anderson,Artem Chigvintsev,Athlete,California,United States,27,Eliminated Week 1,10,0.0,0.0,0.0,,0.0,False,3,3.0,30.0,
32,1,Jamie Lynn Spears,Alan Bersten,Actor/Actress,Mississippi,United States,32,Eliminated Week 2,13,5.0,5.0,5.0,,15.0,True,3,3.0,30.0,0.5
32,2,Jamie Lynn Spears,Alan Bersten,Actor/Actress,Mississippi,United States,32,Eliminated Week 2,13,6.0,5.0,5.0,,16.0,True,3,3.0,30.0,0.5333333333333333
32,3,Jamie Lynn Spears,Alan Bersten,Actor/Actress,Mississippi,United States,32,Eliminated Week 2,13,0.0,0.0,0.0,0.0,0.0,False,4,4.0,40.0,
32,4,Jamie Lynn Spears,Alan Bersten,Actor/Actress,Mississippi,United States,32,Eliminated Week 2,13,0.0,0.0,0.0,,0.0,False,3,3.0,30.0,
32,5,Jamie Lynn Spears,Alan Bersten,Actor/Actress,Mississippi,United States,32,Eliminated Week 2,13,0.0,0.0,0.0,,0.0,False,3,3.0,30.0,
32,6,Jamie Lynn Spears,Alan Bersten,Actor/Actress,Mississippi,United States,32,Eliminated Week 2,13,0.0,0.0,0.0,0.0,0.0,False,4,4.0,40.0,
32,7,Jamie Lynn Spears,Alan Bersten,Actor/Actress,Mississippi,United States,32,Eliminated Week 2,13,0.0,0.0,0.0,0.0,0.0,False,4,4.0,40.0,
32,8,Jamie Lynn Spears,Alan Bersten,Actor/Actress,Mississippi,United States,32,Eliminated Week 2,13,0.0,0.0,0.0,0.0,0.0,False,4,4.0,40.0,
32,9,Jamie Lynn Spears,Alan Bersten,Actor/Actress,Mississippi,United States,32,Eliminated Week 2,13,0.0,0.0,0.0,0.0,0.0,False,4,4.0,40.0,
32,10,Jamie Lynn Spears,Alan Bersten,Actor/Actress,Mississippi,United States,32,Eliminated Week 2,13,0.0,0.0,0.0,,0.0,False,3,3.0,30.0,
32,11,Jamie Lynn Spears,Alan Bersten,Actor/Actress,Mississippi,United States,32,Eliminated Week 2,13,0.0,0.0,0.0,,0.0,False,3,3.0,30.0,
23,1,Jana Kramer,Gleb Savchenko,Singer/Rapper,Michigan,United States,32,Eliminated Week 11,4,7.0,6.0,6.0,8.0,27.0,True,4,4.0,40.0,0.675
23,2,Jana Kramer,Gleb Savchenko,Singer/Rapper,Michigan,United States,32,Eliminated Week 11,4,7.0,8.0,7.0,7.0,29.0,True,4,4.0,40.0,0.725
23,3,Jana Kramer,Gleb Savchenko,Singer/Rapper,Michigan,United States,32,Eliminated Week 11,4,6.0,7.0,6.0,7.0,26.0,True,4,4.0,40.0,0.65
23,4,Jana Kramer,Gleb Savchenko,Singer/Rapper,Michigan,United States,32,Eliminated Week 11,4,8.0,7.0,8.0,,23.0,True,3,3.0,30.0,0.7666666666666667
23,5,Jana Kramer,Gleb Savchenko,Singer/Rapper,Michigan,United States,32,Eliminated Week 11,4,9.0,8.0,9.0,,26.0,True,3,3.0,30.0,0.8666666666666667
23,6,Jana Kramer,Gleb Savchenko,Singer/Rapper,Michigan,United States,32,Eliminated Week 11,4,10.0,10.0,10.0,10.0,40.0,True,4,4.0,40.0,1.0
23,7,Jana Kramer,Gleb Savchenko,Singer/Rapper,Michigan,United States,32,Eliminated Week 11,4,8.0,8.5,9.0,9.0,34.5,True,4,4.0,40.0,0.8625
23,8,Jana Kramer,Gleb Savchenko,Singer/Rapper,Michigan,United States,32,Eliminated Week 11,4,10.0,10.0,10.0,,30.0,True,3,3.0,30.0,1.0
23,9,Jana Kramer,Gleb Savchenko,Singer/Rapper,Michigan,United States,32,Eliminated Week 11,4,10.0,10.0,10.0,10.0,40.0,True,4,4.0,40.0,1.0
23,10,Jana Kramer,Gleb Savchenko,Singer/Rapper,Michigan,United States,32,Eliminated Week 11,4,9.5,9.5,10.0,,29.0,True,3,3.0,30.0,0.9666666666666667
23,11,Jana Kramer,Gleb Savchenko,Singer/Rapper,Michigan,United States,32,Eliminated Week 11,4,8.5,9.0,9.0,9.0,35.5,True,4,4.0,40.0,0.8875
19,1,Janel Parrish,Valentin Chmerkovskiy,Actor/Actress,Hawaii,United States,25,3rd Place,3,7.0,7.0,7.0,8.0,29.0,True,4,4.0,40.0,0.725
19,2,Janel Parrish,Valentin Chmerkovskiy,Actor/Actress,Hawaii,United States,25,3rd Place,3,9.0,8.0,8.0,9.0,34.0,True,4,4.0,40.0,0.85
19,3,Janel Parrish,Valentin Chmerkovskiy,Actor/Actress,Hawaii,United States,25,3rd Place,3,10.0,10.0,10.0,10.0,40.0,True,4,4.0,40.0,1.0
19,4,Janel Parrish,Valentin Chmerkovskiy,Actor/Actress,Hawaii,United States,25,3rd Place,3,9.0,9.0,9.0,9.0,36.0,True,4,4.0,40.0,0.9
19,5,Janel Parrish,Valentin Chmerkovskiy,Actor/Actress,Hawaii,United States,25,3rd Place,3,8.0,8.0,8.0,9.0,33.0,True,4,4.0,40.0,0.825
19,6,Janel Parrish,Valentin Chmerkovskiy,Actor/Actress,Hawaii,United States,25,3rd Place,3,8.0,7.0,9.0,9.0,33.0,True,4,4.0,40.0,0.825
19,7,Janel Parrish,Valentin Chmerkovskiy,Actor/Actress,Hawaii,United States,25,3rd Place,3,8.5,8.0,8.5,8.5,33.5,True,4,4.0,40.0,0.8375
19,8,Janel Parrish,Valentin Chmerkovskiy,Actor/Actress,Hawaii,United States,25,3rd Place,3,10.75,10.75,10.75,10.75,43.0,True,4,4.0,40.0,1.075
19,9,Janel Parrish,Valentin Chmerkovskiy,Actor/Actress,Hawaii,United States,25,3rd Place,3,9.5,9.5,10.0,9.5,38.5,True,4,4.0,40.0,0.9625
19,10,Janel Parrish,Valentin Chmerkovskiy,Actor/Actress,Hawaii,United States,25,3rd Place,3,9.5,9.5,10.0,10.0,39.0,True,4,4.0,40.0,0.975
19,11,Janel Parrish,Valentin Chmerkovskiy,Actor/Actress,Hawaii,United States,25,3rd Place,3,9.6666,10.0,9.6666,9.6666,38.99980000000001,True,4,4.0,40.0,0.9749950000000002
31,1,Jason Lewis,Peta Murgatroyd,Actor/Actress,California,United States,51,Eliminated Week 1,16,5.0,4.0,4.0,5.0,18.0,True,4,4.0,40.0,0.45
31,2,Jason Lewis,Peta Murgatroyd,Actor/Actress,California,United States,51,Eliminated Week 1,16,0.0,0.0,0.0,0.0,0.0,False,4,4.0,40.0,
31,3,Jason Lewis,Peta Murgatroyd,Actor/Actress,California,United States,51,Eliminated Week 1,16,0.0,0.0,0.0,0.0,0.0,False,4,4.0,40.0,
31,4,Jason Lewis,Peta Murgatroyd,Actor/Actress,California,United States,51,Eliminated Week 1,16,0.0,0.0,0.0,0.0,0.0,False,4,4.0,40.0,
31,5,Jason Lewis,Peta Murgatroyd,Actor/Actress,California,United States,51,Eliminated Week 1,16,0.0,0.0,0.0,0.0,0.0,False,4,4.0,40.0,
31,6,Jason Lewis,Peta Murgatroyd,Actor/Actress,California,United States,51,Eliminated Week 1,16,0.0,0.0,0.0,0.0,0.0,False,4,4.0,40.0,
31,7,Jason Lewis,Peta Murgatroyd,Actor/Actress,California,United States,51,Eliminated Week 1,16,0.0,0.0,0.0,0.0,0.0,False,4,4.0,40.0,
31,8,Jason Lewis,Peta Murgatroyd,Actor/Actress,California,United States,51,Eliminated Week 1,16,0.0,0.0,0.0,0.0,0.0,False,4,4.0,40.0,
31,9,Jason Lewis,Peta Murgatroyd,Actor/Actress,California,United States,51,Eliminated Week 1,16,0.0,0.0,0.0,0.0,0.0,False,4,4.0,40.0,
31,10,Jason Lewis,Peta Murgatroyd,Actor/Actress,California,United States,51,Eliminated Week 1,16,0.0,0.0,0.0,0.0,0.0,False,4,4.0,40.0,
32,1,Jason Mraz,Daniella Karagach,Singer/Rapper,Virginia,United States,46,2nd Place,2,7.0,7.0,7.0,,21.0,True,3,3.0,30.0,0.7
32,2,Jason Mraz,Daniella Karagach,Singer/Rapper,Virginia,United States,46,2nd Place,2,8.0,8.0,8.0,,24.0,True,3,3.0,30.0,0.8
32,3,Jason Mraz,Daniella Karagach,Singer/Rapper,Virginia,United States,46,2nd Place,2,9.0,8.0,9.0,8.0,34.0,True,4,4.0,40.0,0.85
32,4,Jason Mraz,Daniella Karagach,Singer/Rapper,Virginia,United States,46,2nd Place,2,8.0,8.0,8.0,,24.0,True,3,3.0,30.0,0.8
32,5,Jason Mraz,Daniella Karagach,Singer/Rapper,Virginia,United States,46,2nd Place,2,9.0,9.0,9.0,,27.0,True,3,3.0,30.0,0.9
32,6,Jason Mraz,Daniella Karagach,Singer/Rapper,Virginia,United States,46,2nd Place,2,9.75,9.75,9.75,9.75,39.0,True,4,4.0,40.0,0.975
32,7,Jason Mraz,Daniella Karagach,Singer/Rapper,Virginia,United States,46,2nd Place,2,8.5,8.5,10.0,9.0,36.0,True,4,4.0,40.0,0.9
32,8,Jason Mraz,Daniella Karagach,Singer/Rapper,Virginia,United States,46,2nd Place,2,8.0,9.0,8.0,8.0,33.0,True,4,4.0,40.0,0.825
32,9,Jason Mraz,Daniella Karagach,Singer/Rapper,Virginia,United States,46,2nd Place,2,10.75,10.75,10.75,10.75,43.0,True,4,4.0,40.0,1.075
32,10,Jason Mraz,Daniella Karagach,Singer/Rapper,Virginia,United States,46,2nd Place,2,9.5,9.5,9.5,,28.5,True,3,3.0,30.0,0.95
32,11,Jason Mraz,Daniella Karagach,Singer/Rapper,Virginia,United States,46,2nd Place,2,10.0,10.0,10.0,,30.0,True,3,3.0,30.0,1.0
6,1,Jason Taylor,Edyta Sliwinska,Athlete,Pennsylvania,United States,33,2nd Place,2,7.0,8.0,7.0,,22.0,True,3,3.0,30.0,0.7333333333333333
6,2,Jason Taylor,Edyta Sliwinska,Athlete,Pennsylvania,United States,33,2nd Place,2,9.0,9.0,9.0,,27.0,True,3,3.0,30.0,0.9
6,3,Jason Taylor,Edyta Sliwinska,Athlete,Pennsylvania,United States,33,2nd Place,2,8.0,7.0,8.0,,23.0,True,3,3.0,30.0,0.7666666666666667
6,4,Jason Taylor,Edyta Sliwinska,Athlete,Pennsylvania,United States,33,2nd Place,2,10.0,9.0,10.0,,29.0,True,3,3.0,30.0,0.9666666666666667
6,5,Jason Taylor,Edyta Sliwinska,Athlete,Pennsylvania,United States,33,2nd Place,2,9.0,9.0,9.0,,27.0,True,3,3.0,30.0,0.9
6,6,Jason Taylor,Edyta Sliwinska,Athlete,Pennsylvania,United States,33,2nd Place,2,8.0,8.0,8.0,,24.0,True,3,3.0,30.0,0.8
6,7,Jason Taylor,Edyta Sliwinska,Athlete,Pennsylvania,United States,33,2nd Place,2,9.5,8.5,9.5,,27.5,True,3,3.0,30.0,0.9166666666666666
6,8,Jason Taylor,Edyta Sliwinska,Athlete,Pennsylvania,United States,33,2nd Place,2,9.0,8.0,9.0,,26.0,True,3,3.0,30.0,0.8666666666666667
6,9,Jason Taylor,Edyta Sliwinska,Athlete,Pennsylvania,United States,33,2nd Place,2,9.0,9.5,9.0,,27.5,True,3,3.0,30.0,0.9166666666666666
6,10,Jason Taylor,Edyta Sliwinska,Athlete,Pennsylvania,United States,33,2nd Place,2,9.5,9.5,9.5,,28.5,True,3,3.0,30.0,0.95
29,1,Jeannie Mai,Brandon Armstrong,TV Personality,California,United States,41,Withdrew,9,6.0,6.0,6.0,,18.0,True,3,3.0,30.0,0.6
29,2,Jeannie Mai,Brandon Armstrong,TV Personality,California,United States,41,Withdrew,9,6.0,6.0,6.0,,18.0,True,3,3.0,30.0,0.6
29,3,Jeannie Mai,Brandon Armstrong,TV Personality,California,United States,41,Withdrew,9,7.0,7.0,8.0,,22.0,True,3,3.0,30.0,0.7333333333333333
29,4,Jeannie Mai,Brandon Armstrong,TV Personality,California,United States,41,Withdrew,9,7.0,7.0,7.0,,21.0,True,3,3.0,30.0,0.7
29,5,Jeannie Mai,Brandon Armstrong,TV Personality,California,United States,41,Withdrew,9,8.0,8.0,8.0,,24.0,True,3,3.0,30.0,0.8
29,6,Jeannie Mai,Brandon Armstrong,TV Personality,California,United States,41,Withdrew,9,8.0,8.0,9.0,,25.0,True,3,3.0,30.0,0.8333333333333334
29,7,Jeannie Mai,Brandon Armstrong,TV Personality,California,United States,41,Withdrew,9,8.0,9.0,8.0,,25.0,True,3,3.0,30.0,0.8333333333333334
29,8,Jeannie Mai,Brandon Armstrong,TV Personality,California,United States,41,Withdrew,9,0.0,0.0,0.0,,0.0,False,3,3.0,30.0,
29,9,Jeannie Mai,Brandon Armstrong,TV Personality,California,United States,41,Withdrew,9,0.0,0.0,0.0,,0.0,False,3,3.0,30.0,
29,10,Jeannie Mai,Brandon Armstrong,TV Personality,California,United States,41,Withdrew,9,0.0,0.0,0.0,,0.0,False,3,3.0,30.0,
29,11,Jeannie Mai,Brandon Armstrong,TV Personality,California,United States,41,Withdrew,9,0.0,0.0,0.0,,0.0,False,3,3.0,30.0,
7,1,Jeffrey Ross,Edyta Sliwinska,Comedian,New Jersey,United States,43,Eliminated Week 1,13,4.0,4.0,4.0,,12.0,True,3,3.0,30.0,0.4
7,2,Jeffrey Ross,Edyta Sliwinska,Comedian,New Jersey,United States,43,Eliminated Week 1,13,0.0,0.0,0.0,,0.0,False,3,3.0,30.0,
7,3,Jeffrey Ross,Edyta Sliwinska,Comedian,New Jersey,United States,43,Eliminated Week 1,13,0.0,0.0,0.0,,0.0,False,3,3.0,30.0,
7,4,Jeffrey Ross,Edyta Sliwinska,Comedian,New Jersey,United States,43,Eliminated Week 1,13,0.0,0.0,0.0,,0.0,False,3,3.0,30.0,
7,5,Jeffrey Ross,Edyta Sliwinska,Comedian,New Jersey,United States,43,Eliminated Week 1,13,0.0,0.0,0.0,,0.0,False,3,3.0,30.0,
7,6,Jeffrey Ross,Edyta Sliwinska,Comedian,New Jersey,United States,43,Eliminated Week 1,13,0.0,0.0,0.0,,0.0,False,3,3.0,30.0,
7,7,Jeffrey Ross,Edyta Sliwinska,Comedian,New Jersey,United States,43,Eliminated Week 1,13,0.0,0.0,0.0,,0.0,False,3,3.0,30.0,
7,8,Jeffrey Ross,Edyta Sliwinska,Comedian,New Jersey,United States,43,Eliminated Week 1,13,0.0,0.0,0.0,,0.0,False,3,3.0,30.0,
7,9,Jeffrey Ross,Edyta Sliwinska,Comedian,New Jersey,United States,43,Eliminated Week 1,13,0.0,0.0,0.0,,0.0,False,3,3.0,30.0,
7,10,Jeffrey Ross,Edyta Sliwinska,Comedian,New Jersey,United States,43,Eliminated Week 1,13,0.0,0.0,0.0,,0.0,False,3,3.0,30.0,
34,1,Jen Affleck,Jan Ravnik,TV Personality,Utah,United States,26,Eliminated Week 7,9,6.0,6.0,,,12.0,True,2,2.0,20.0,0.6
34,2,Jen Affleck,Jan Ravnik,TV Personality,Utah,United States,26,Eliminated Week 7,9,8.0,7.0,7.0,,22.0,True,3,3.0,30.0,0.7333333333333333
34,3,Jen Affleck,Jan Ravnik,TV Personality,Utah,United States,26,Eliminated Week 7,9,7.0,6.0,6.0,,19.0,True,3,3.0,30.0,0.6333333333333333
34,4,Jen Affleck,Jan Ravnik,TV Personality,Utah,United States,26,Eliminated Week 7,9,7.0,8.0,8.0,,23.0,True,3,3.0,30.0,0.7666666666666667
34,5,Jen Affleck,Jan Ravnik,TV Personality,Utah,United States,26,Eliminated Week 7,9,8.0,7.0,7.0,7.0,29.0,True,4,4.0,40.0,0.725
34,6,Jen Affleck,Jan Ravnik,TV Personality,Utah,United States,26,Eliminated Week 7,9,8.0,8.0,8.0,8.0,32.0,True,4,4.0,40.0,0.8
34,7,Jen Affleck,Jan Ravnik,TV Personality,Utah,United States,26,Eliminated Week 7,9,8.5,8.5,8.5,8.5,34.0,True,4,4.0,40.0,0.85
34,8,Jen Affleck,Jan Ravnik,TV Personality,Utah,United States,26,Eliminated Week 7,9,0.0,0.0,0.0,0.0,0.0,False,4,4.0,40.0,
34,9,Jen Affleck,Jan Ravnik,TV Personality,Utah,United States,26,Eliminated Week 7,9,0.0,0.0,0.0,0.0,0.0,False,4,4.0,40.0,
34,10,Jen Affleck,Jan Ravnik,TV Personality,Utah,United States,26,Eliminated Week 7,9,0.0,0.0,0.0,,0.0,False,3,3.0,30.0,
34,11,Jen Affleck,Jan Ravnik,TV Personality,Utah,United States,26,Eliminated Week 7,9,0.0,0.0,0.0,,0.0,False,3,3.0,30.0,
33,1,Jenn Tran,Sasha Farber,TV Personality,Florida,United States,26,Eliminated Week 6,7,7.0,6.0,6.0,,19.0,True,3,3.0,30.0,0.6333333333333333
33,2,Jenn Tran,Sasha Farber,TV Personality,Florida,United States,26,Eliminated Week 6,7,6.0,6.0,7.0,,19.0,True,3,3.0,30.0,0.6333333333333333
33,3,Jenn Tran,Sasha Farber,TV Personality,Florida,United States,26,Eliminated Week 6,7,8.0,8.0,7.0,8.0,31.0,True,4,4.0,40.0,0.775
33,4,Jenn Tran,Sasha Farber,TV Personality,Florida,United States,26,Eliminated Week 6,7,8.0,8.0,8.0,8.0,32.0,True,4,4.0,40.0,0.8
33,5,Jenn Tran,Sasha Farber,TV Personality,Florida,United States,26,Eliminated Week 6,7,8.5,8.5,8.5,,25.5,True,3,3.0,30.0,0.85
33,6,Jenn Tran,Sasha Farber,TV Personality,Florida,United States,26,Eliminated Week 6,7,11.0,10.0,10.0,,31.0,True,3,3.0,30.0,1.0333333333333334
33,7,Jenn Tran,Sasha Farber,TV Personality,Florida,United States,26,Eliminated Week 6,7,0.0,0.0,0.0,,0.0,False,3,3.0,30.0,
33,8,Jenn Tran,Sasha Farber,TV Personality,Florida,United States,26,Eliminated Week 6,7,0.0,0.0,0.0,,0.0,False,3,3.0,30.0,
33,9,Jenn Tran,Sasha Farber,TV Personality,Florida,United States,26,Eliminated Week 6,7,0.0,0.0,0.0,,0.0,False,3,3.0,30.0,
26,1,Jennie Finch Daigle,Keo Motsepe,Athlete,California,United States,37,Eliminated Week 3,6,7.0,7.0,7.0,,21.0,True,3,3.0,30.0,0.7
26,2,Jennie Finch Daigle,Keo Motsepe,Athlete,California,United States,37,Eliminated Week 3,6,7.5,8.5,8.0,7.5,31.5,True,4,4.0,40.0,0.7875
26,3,Jennie Finch Daigle,Keo Motsepe,Athlete,California,United States,37,Eliminated Week 3,6,7.0,8.0,7.0,7.0,29.0,True,4,4.0,40.0,0.725
26,4,Jennie Finch Daigle,Keo Motsepe,Athlete,California,United States,37,Eliminated Week 3,6,0.0,0.0,0.0,,0.0,False,3,3.0,30.0,
5,1,Jennie Garth,Derek Hough,Actor/Actress,Illinois,United States,35,Eliminated Week 9,4,7.0,7.0,7.0,,21.0,True,3,3.0,30.0,0.7
5,2,Jennie Garth,Derek Hough,Actor/Actress,Illinois,United States,35,Eliminated Week 9,4,7.0,7.0,7.0,,21.0,True,3,3.0,30.0,0.7
5,3,Jennie Garth,Derek Hough,Actor/Actress,Illinois,United States,35,Eliminated Week 9,4,9.0,8.0,9.0,,26.0,True,3,3.0,30.0,0.8666666666666667
5,4,Jennie Garth,Derek Hough,Actor/Actress,Illinois,United States,35,Eliminated Week 9,4,8.0,10.0,9.0,,27.0,True,3,3.0,30.0,0.9
5,5,Jennie Garth,Derek Hough,Actor/Actress,Illinois,United States,35,Eliminated Week 9,4,8.0,9.0,8.0,,25.0,True,3,3.0,30.0,0.8333333333333334
5,6,Jennie Garth,Derek Hough,Actor/Actress,Illinois,United States,35,Eliminated Week 9,4,9.0,9.0,9.0,,27.0,True,3,3.0,30.0,0.9
5,7,Jennie Garth,Derek Hough,Actor/Actress,Illinois,United States,35,Eliminated Week 9,4,8.5,8.5,9.5,,26.5,True,3,3.0,30.0,0.8833333333333333
5,8,Jennie Garth,Derek Hough,Actor/Actress,Illinois,United States,35,Eliminated Week 9,4,8.5,8.5,8.0,,25.0,True,3,3.0,30.0,0.8333333333333334
5,9,Jennie Garth,Derek Hough,Actor/Actress,Illinois,United States,35,Eliminated Week 9,4,9.5,10.0,9.5,,29.0,True,3,3.0,30.0,0.9666666666666667
5,10,Jennie Garth,Derek Hough,Actor/Actress,Illinois,United States,35,Eliminated Week 9,4,0.0,0.0,0.0,,0.0,False,3,3.0,30.0,
11,1,Jennifer Grey,Derek Hough,Actor/Actress,New York,United States,50,1st Place,1,8.0,8.0,8.0,,24.0,True,3,3.0,30.0,0.8
11,2,Jennifer Grey,Derek Hough,Actor/Actress,New York,United States,50,1st Place,1,8.0,8.0,8.0,,24.0,True,3,3.0,30.0,0.8
11,3,Jennifer Grey,Derek Hough,Actor/Actress,New York,United States,50,1st Place,1,8.0,8.0,8.0,,24.0,True,3,3.0,30.0,0.8
11,4,Jennifer Grey,Derek Hough,Actor/Actress,New York,United States,50,1st Place,1,9.5,9.0,9.5,,28.0,True,3,3.0,30.0,0.9333333333333333
11,5,Jennifer Grey,Derek Hough,Actor/Actress,New York,United States,50,1st Place,1,8.0,8.0,9.0,,25.0,True,3,3.0,30.0,0.8333333333333334
11,6,Jennifer Grey,Derek Hough,Actor/Actress,New York,United States,50,1st Place,1,9.0,10.0,10.0,,29.0,True,3,3.0,30.0,0.9666666666666667
11,7,Jennifer Grey,Derek Hough,Actor/Actress,New York,United States,50,1st Place,1,9.5,9.0,9.0,9.0,36.5,True,4,4.0,40.0,0.9125
11,8,Jennifer Grey,Derek Hough,Actor/Actress,New York,United States,50,1st Place,1,9.5,9.5,9.5,,28.5,True,3,3.0,30.0,0.95
11,9,Jennifer Grey,Derek Hough,Actor/Actress,New York,United States,50,1st Place,1,10.0,10.0,10.0,,30.0,True,3,3.0,30.0,1.0
11,10,Jennifer Grey,Derek Hough,Actor/Actress,New York,United States,50,1st Place,1,10.0,10.0,10.0,,30.0,True,3,3.0,30.0,1.0
2,1,Jerry Rice,Anna Trebunskaya,Athlete,Mississippi,United States,43,2nd Place,2,7.0,7.0,7.0,,21.0,True,3,3.0,30.0,0.7
2,2,Jerry Rice,Anna Trebunskaya,Athlete,Mississippi,United States,43,2nd Place,2,7.0,8.0,8.0,,23.0,True,3,3.0,30.0,0.7666666666666667
2,3,Jerry Rice,Anna Trebunskaya,Athlete,Mississippi,United States,43,2nd Place,2,7.0,6.0,6.0,,19.0,True,3,3.0,30.0,0.6333333333333333
2,4,Jerry Rice,Anna Trebunskaya,Athlete,Mississippi,United States,43,2nd Place,2,8.0,8.0,8.0,,24.0,True,3,3.0,30.0,0.8
2,5,Jerry Rice,Anna Trebunskaya,Athlete,Mississippi,United States,43,2nd Place,2,7.0,8.0,8.0,,23.0,True,3,3.0,30.0,0.7666666666666667
2,6,Jerry Rice,Anna Trebunskaya,Athlete,Mississippi,United States,43,2nd Place,2,8.0,7.0,8.0,,23.0,True,3,3.0,30.0,0.7666666666666667
2,7,Jerry Rice,Anna Trebunskaya,Athlete,Mississippi,United States,43,2nd Place,2,7.0,7.0,6.5,,20.5,True,3,3.0,30.0,0.6833333333333333
2,8,Jerry Rice,Anna Trebunskaya,Athlete,Mississippi,United States,43,2nd Place,2,9.0,9.0,8.6666,,26.666600000000003,True,3,3.0,30.0,0.8888866666666667
29,1,Jesse Metcalfe,Sharna Burgess,Actor/Actress,California,United States,41,Eliminated Week 5,12,6.0,6.0,6.0,,18.0,True,3,3.0,30.0,0.6
29,2,Jesse Metcalfe,Sharna Burgess,Actor/Actress,California,United States,41,Eliminated Week 5,12,7.0,7.0,6.0,,20.0,True,3,3.0,30.0,0.6666666666666666
29,3,Jesse Metcalfe,Sharna Burgess,Actor/Actress,California,United States,41,Eliminated Week 5,12,7.0,6.0,7.0,,20.0,True,3,3.0,30.0,0.6666666666666666
29,4,Jesse Metcalfe,Sharna Burgess,Actor/Actress,California,United States,41,Eliminated Week 5,12,7.0,7.0,7.0,,21.0,True,3,3.0,30.0,0.7
29,5,Jesse Metcalfe,Sharna Burgess,Actor/Actress,California,United States,41,Eliminated Week 5,12,7.0,6.0,6.0,,19.0,True,3,3.0,30.0,0.6333333333333333
29,6,Jesse Metcalfe,Sharna Burgess,Actor/Actress,California,United States,41,Eliminated Week 5,12,0.0,0.0,0.0,,0.0,False,3,3.0,30.0,
29,7,Jesse Metcalfe,Sharna Burgess,Actor/Actress,California,United States,41,Eliminated Week 5,12,0.0,0.0,0.0,,0.0,False,3,3.0,30.0,
29,8,Jesse Metcalfe,Sharna Burgess,Actor/Actress,California,United States,41,Eliminated Week 5,12,0.0,0.0,0.0,,0.0,False,3,3.0,30.0,
29,9,Jesse Metcalfe,Sharna Burgess,Actor/Actress,California,United States,41,Eliminated Week 5,12,0.0,0.0,0.0,,0.0,False,3,3.0,30.0,
29,10,Jesse Metcalfe,Sharna Burgess,Actor/Actress,California,United States,41,Eliminated Week 5,12,0.0,0.0,0.0,,0.0,False,3,3.0,30.0,
29,11,Jesse Metcalfe,Sharna Burgess,Actor/Actress,California,United States,41,Eliminated Week 5,12,0.0,0.0,0.0,,0.0,False,3,3.0,30.0,
30,1,Jimmie Allen,Emma Slater,Singer/Rapper,Delaware,United States,36,Eliminated Week 8,7,6.0,5.0,6.0,5.0,22.0,True,4,4.0,40.0,0.55
30,2,Jimmie Allen,Emma Slater,Singer/Rapper,Delaware,United States,36,Eliminated Week 8,7,7.0,6.0,7.0,7.0,27.0,True,4,4.0,40.0,0.675
30,3,Jimmie Allen,Emma Slater,Singer/Rapper,Delaware,United States,36,Eliminated Week 8,7,6.0,6.0,8.0,,20.0,True,3,3.0,30.0,0.6666666666666666
30,4,Jimmie Allen,Emma Slater,Singer/Rapper,Delaware,United States,36,Eliminated Week 8,7,8.5,7.5,8.5,8.0,32.5,True,4,4.0,40.0,0.8125
30,5,Jimmie Allen,Emma Slater,Singer/Rapper,Delaware,United States,36,Eliminated Week 8,7,8.0,8.0,9.0,9.0,34.0,True,4,4.0,40.0,0.85
30,6,Jimmie Allen,Emma Slater,Singer/Rapper,Delaware,United States,36,Eliminated Week 8,7,10.0,9.0,10.0,9.0,38.0,True,4,4.0,40.0,0.95
30,7,Jimmie Allen,Emma Slater,Singer/Rapper,Delaware,United States,36,Eliminated Week 8,7,9.0,9.0,10.0,10.0,38.0,True,4,4.0,40.0,0.95
30,8,Jimmie Allen,Emma Slater,Singer/Rapper,Delaware,United States,36,Eliminated Week 8,7,8.0,8.0,8.0,8.0,32.0,True,4,4.0,40.0,0.8
30,9,Jimmie Allen,Emma Slater,Singer/Rapper,Delaware,United States,36,Eliminated Week 8,7,0.0,0.0,0.0,0.0,0.0,False,4,4.0,40.0,
30,10,Jimmie Allen,Emma Slater,Singer/Rapper,Delaware,United States,36,Eliminated Week 8,7,0.0,0.0,0.0,0.0,0.0,False,4,4.0,40.0,
30,1,JoJo Siwa,Jenna Johnson,Social Media Personality,Nebraska,United States,18,2nd Place,2,8.0,7.0,7.0,7.0,29.0,True,4,4.0,40.0,0.725
30,2,JoJo Siwa,Jenna Johnson,Social Media Personality,Nebraska,United States,18,2nd Place,2,8.0,8.0,7.0,8.0,31.0,True,4,4.0,40.0,0.775
30,3,JoJo Siwa,Jenna Johnson,Social Media Personality,Nebraska,United States,18,2nd Place,2,8.0,8.0,8.0,,24.0,True,3,3.0,30.0,0.8
30,4,JoJo Siwa,Jenna Johnson,Social Media Personality,Nebraska,United States,18,2nd Place,2,8.5,8.5,9.0,9.0,35.0,True,4,4.0,40.0,0.875
30,5,JoJo Siwa,Jenna Johnson,Social Media Personality,Nebraska,United States,18,2nd Place,2,10.0,10.0,10.0,10.0,40.0,True,4,4.0,40.0,1.0
30,6,JoJo Siwa,Jenna Johnson,Social Media Personality,Nebraska,United States,18,2nd Place,2,10.0,10.0,10.0,10.0,40.0,True,4,4.0,40.0,1.0
30,7,JoJo Siwa,Jenna Johnson,Social Media Personality,Nebraska,United States,18,2nd Place,2,10.0,9.0,10.0,10.0,39.0,True,4,4.0,40.0,0.975
30,8,JoJo Siwa,Jenna Johnson,Social Media Personality,Nebraska,United States,18,2nd Place,2,10.5,9.5,10.5,10.5,41.0,True,4,4.0,40.0,1.025
30,9,JoJo Siwa,Jenna Johnson,Social Media Personality,Nebraska,United States,18,2nd Place,2,10.0,10.0,10.0,10.0,40.0,True,4,4.0,40.0,1.0
30,10,JoJo Siwa,Jenna Johnson,Social Media Personality,Nebraska,United States,18,2nd Place,2,10.0,10.0,10.0,10.0,40.0,True,4,4.0,40.0,1.0
22,1,Jodie Sweetin,Keo Motsepe,Actor/Actress,California,United States,34,Eliminated Week 8,6,7.0,6.0,7.0,,20.0,True,3,3.0,30.0,0.6666666666666666
22,2,Jodie Sweetin,Keo Motsepe,Actor/Actress,California,United States,34,Eliminated Week 8,6,7.0,7.0,7.0,,21.0,True,3,3.0,30.0,0.7
22,3,Jodie Sweetin,Keo Motsepe,Actor/Actress,California,United States,34,Eliminated Week 8,6,8.0,7.0,8.0,,23.0,True,3,3.0,30.0,0.7666666666666667
22,4,Jodie Sweetin,Keo Motsepe,Actor/Actress,California,United States,34,Eliminated Week 8,6,7.0,6.0,7.0,7.0,27.0,True,4,4.0,40.0,0.675
22,5,Jodie Sweetin,Keo Motsepe,Actor/Actress,California,United States,34,Eliminated Week 8,6,9.0,8.0,9.0,9.0,35.0,True,4,4.0,40.0,0.875
22,6,Jodie Sweetin,Keo Motsepe,Actor/Actress,California,United States,34,Eliminated Week 8,6,9.0,8.0,8.0,,25.0,True,3,3.0,30.0,0.8333333333333334
22,7,Jodie Sweetin,Keo Motsepe,Actor/Actress,California,United States,34,Eliminated Week 8,6,8.0,8.5,9.0,,25.5,True,3,3.0,30.0,0.85
22,8,Jodie Sweetin,Keo Motsepe,Actor/Actress,California,United States,34,Eliminated Week 8,6,10.0,10.0,10.0,,30.0,True,3,3.0,30.0,1.0
22,9,Jodie Sweetin,Keo Motsepe,Actor/Actress,California,United States,34,Eliminated Week 8,6,0.0,0.0,0.0,,0.0,False,3,3.0,30.0,
22,10,Jodie Sweetin,Keo Motsepe,Actor/Actress,California,United States,34,Eliminated Week 8,6,0.0,0.0,0.0,,0.0,False,3,3.0,30.0,
27,1,Joe Amabile,Jenna Johnson,TV Personality,Illinois,United States,32,Eliminated Week 8,6,5.0,4.0,5.0,,14.0,True,3,3.0,30.0,0.4666666666666667
27,2,Joe Amabile,Jenna Johnson,TV Personality,Illinois,United States,32,Eliminated Week 8,6,5.5,6.0,6.0,,17.5,True,3,3.0,30.0,0.5833333333333334
27,3,Joe Amabile,Jenna Johnson,TV Personality,Illinois,United States,32,Eliminated Week 8,6,6.0,6.0,6.0,,18.0,True,3,3.0,30.0,0.6
27,4,Joe Amabile,Jenna Johnson,TV Personality,Illinois,United States,32,Eliminated Week 8,6,5.0,5.0,5.0,,15.0,True,3,3.0,30.0,0.5
27,5,Joe Amabile,Jenna Johnson,TV Personality,Illinois,United States,32,Eliminated Week 8,6,6.0,5.0,6.0,,17.0,True,3,3.0,30.0,0.5666666666666667
27,6,Joe Amabile,Jenna Johnson,TV Personality,Illinois,United States,32,Eliminated Week 8,6,8.0,7.0,7.0,,22.0,True,3,3.0,30.0,0.7333333333333333
27,7,Joe Amabile,Jenna Johnson,TV Personality,Illinois,United States,32,Eliminated Week 8,6,8.0,7.5,8.0,,23.5,True,3,3.0,30.0,0.7833333333333333
27,8,Joe Amabile,Jenna Johnson,TV Personality,Illinois,United States,32,Eliminated Week 8,6,8.0,7.5,7.5,,23.0,True,3,3.0,30.0,0.7666666666666667
27,9,Joe Amabile,Jenna Johnson,TV Personality,Illinois,United States,32,Eliminated Week 8,6,0.0,0.0,0.0,,0.0,False,3,3.0,30.0,
4,1,Joey Fatone,Kym Johnson,Singer/Rapper,New York,United States,30,2nd Place,2,8.0,8.0,8.0,,24.0,True,3,3.0,30.0,0.8
4,2,Joey Fatone,Kym Johnson,Singer/Rapper,New York,United States,30,2nd Place,2,8.0,8.0,8.0,,24.0,True,3,3.0,30.0,0.8
4,3,Joey Fatone,Kym Johnson,Singer/Rapper,New York,United States,30,2nd Place,2,8.0,8.0,8.0,,24.0,True,3,3.0,30.0,0.8
4,4,Joey Fatone,Kym Johnson,Singer/Rapper,New York,United States,30,2nd Place,2,10.0,9.0,9.0,,28.0,True,3,3.0,30.0,0.9333333333333333
4,5,Joey Fatone,Kym Johnson,Singer/Rapper,New York,United States,30,2nd Place,2,8.0,8.0,9.0,,25.0,True,3,3.0,30.0,0.8333333333333334
4,6,Joey Fatone,Kym Johnson,Singer/Rapper,New York,United States,30,2nd Place,2,9.0,9.0,9.0,,27.0,True,3,3.0,30.0,0.9
4,7,Joey Fatone,Kym Johnson,Singer/Rapper,New York,United States,30,2nd Place,2,10.0,9.5,10.0,,29.5,True,3,3.0,30.0,0.9833333333333333
4,8,Joey Fatone,Kym Johnson,Singer/Rapper,New York,United States,30,2nd Place,2,9.5,9.0,9.0,,27.5,True,3,3.0,30.0,0.9166666666666666
4,9,Joey Fatone,Kym Johnson,Singer/Rapper,New York,United States,30,2nd Place,2,10.0,10.0,10.0,,30.0,True,3,3.0,30.0,1.0
4,10,Joey Fatone,Kym Johnson,Singer/Rapper,New York,United States,30,2nd Place,2,9.6666,9.3333,9.6666,,28.6665,True,3,3.0,30.0,0.95555
15,1,Joey Fatone,Kym Johnson,Singer/Rapper,New York,United States,35,Eliminated Week 2,12,6.5,7.0,7.0,,20.5,True,3,3.0,30.0,0.6833333333333333
15,2,Joey Fatone,Kym Johnson,Singer/Rapper,New York,United States,35,Eliminated Week 2,12,7.5,7.5,7.5,,22.5,True,3,3.0,30.0,0.75
15,3,Joey Fatone,Kym Johnson,Singer/Rapper,New York,United States,35,Eliminated Week 2,12,0.0,0.0,0.0,,0.0,False,3,3.0,30.0,
15,4,Joey Fatone,Kym Johnson,Singer/Rapper,New York,United States,35,Eliminated Week 2,12,0.0,0.0,0.0,0.0,0.0,False,4,4.0,40.0,
15,5,Joey Fatone,Kym Johnson,Singer/Rapper,New York,United States,35,Eliminated Week 2,12,0.0,0.0,0.0,,0.0,False,3,3.0,30.0,
15,6,Joey Fatone,Kym Johnson,Singer/Rapper,New York,United States,35,Eliminated Week 2,12,0.0,0.0,0.0,,0.0,False,3,3.0,30.0,
15,7,Joey Fatone,Kym Johnson,Singer/Rapper,New York,United States,35,Eliminated Week 2,12,0.0,0.0,0.0,,0.0,False,3,3.0,30.0,
15,8,Joey Fatone,Kym Johnson,Singer/Rapper,New York,United States,35,Eliminated Week 2,12,0.0,0.0,0.0,,0.0,False,3,3.0,30.0,
15,9,Joey Fatone,Kym Johnson,Singer/Rapper,New York,United States,35,Eliminated Week 2,12,0.0,0.0,0.0,,0.0,False,3,3.0,30.0,
15,10,Joey Fatone,Kym Johnson,Singer/Rapper,New York,United States,35,Eliminated Week 2,12,0.0,0.0,0.0,,0.0,False,3,3.0,30.0,
33,1,Joey Graziadei,Jenna Johnson,TV Personality,Louisiana,United States,29,1st Place,1,7.0,7.0,7.0,,21.0,True,3,3.0,30.0,0.7
33,2,Joey Graziadei,Jenna Johnson,TV Personality,Louisiana,United States,29,1st Place,1,8.0,7.0,7.0,,22.0,True,3,3.0,30.0,0.7333333333333333
33,3,Joey Graziadei,Jenna Johnson,TV Personality,Louisiana,United States,29,1st Place,1,9.0,9.0,8.5,8.5,35.0,True,4,4.0,40.0,0.875
33,4,Joey Graziadei,Jenna Johnson,TV Personality,Louisiana,United States,29,1st Place,1,9.0,9.0,9.0,9.0,36.0,True,4,4.0,40.0,0.9
33,5,Joey Graziadei,Jenna Johnson,TV Personality,Louisiana,United States,29,1st Place,1,8.5,8.5,9.0,,26.0,True,3,3.0,30.0,0.8666666666666667
33,6,Joey Graziadei,Jenna Johnson,TV Personality,Louisiana,United States,29,1st Place,1,11.0,10.0,11.0,,32.0,True,3,3.0,30.0,1.0666666666666667
33,7,Joey Graziadei,Jenna Johnson,TV Personality,Louisiana,United States,29,1st Place,1,9.0,9.5,9.0,,27.5,True,3,3.0,30.0,0.9166666666666666
33,8,Joey Graziadei,Jenna Johnson,TV Personality,Louisiana,United States,29,1st Place,1,9.5,10.0,9.5,,29.0,True,3,3.0,30.0,0.9666666666666667
33,9,Joey Graziadei,Jenna Johnson,TV Personality,Louisiana,United States,29,1st Place,1,9.5,10.0,10.0,,29.5,True,3,3.0,30.0,0.9833333333333333
3,1,Joey Lawrence,Edyta Sliwinska,Actor/Actress,Pennsylvania,United States,30,3rd Place,3,7.0,7.0,7.0,,21.0,True,3,3.0,30.0,0.7
3,2,Joey Lawrence,Edyta Sliwinska,Actor/Actress,Pennsylvania,United States,30,3rd Place,3,10.0,9.0,10.0,,29.0,True,3,3.0,30.0,0.9666666666666667
3,3,Joey Lawrence,Edyta Sliwinska,Actor/Actress,Pennsylvania,United States,30,3rd Place,3,8.0,6.0,8.0,,22.0,True,3,3.0,30.0,0.7333333333333333
3,4,Joey Lawrence,Edyta Sliwinska,Actor/Actress,Pennsylvania,United States,30,3rd Place,3,9.0,9.0,9.0,,27.0,True,3,3.0,30.0,0.9
3,5,Joey Lawrence,Edyta Sliwinska,Actor/Actress,Pennsylvania,United States,30,3rd Place,3,8.0,8.0,9.0,,25.0,True,3,3.0,30.0,0.8333333333333334
3,6,Joey Lawrence,Edyta Sliwinska,Actor/Actress,Pennsylvania,United States,30,3rd Place,3,8.0,8.0,8.0,,24.0,True,3,3.0,30.0,0.8
3,7,Joey Lawrence,Edyta Sliwinska,Actor/Actress,Pennsylvania,United States,30,3rd Place,3,9.5,9.0,10.0,,28.5,True,3,3.0,30.0,0.95
3,8,Joey Lawrence,Edyta Sliwinska,Actor/Actress,Pennsylvania,United States,30,3rd Place,3,9.5,8.5,9.0,,27.0,True,3,3.0,30.0,0.9
3,9,Joey Lawrence,Edyta Sliwinska,Actor/Actress,Pennsylvania,United States,30,3rd Place,3,9.5,10.0,10.0,,29.5,True,3,3.0,30.0,0.9833333333333333
3,10,Joey Lawrence,Edyta Sliwinska,Actor/Actress,Pennsylvania,United States,30,3rd Place,3,0.0,0.0,0.0,,0.0,False,3,3.0,30.0,
1,1,Joey McIntyre,Ashly DelGrosso,Singer/Rapper,Massachusetts,United States,32,3rd Place,3,7.0,7.0,6.0,,20.0,True,3,3.0,30.0,0.6666666666666666
1,2,Joey McIntyre,Ashly DelGrosso,Singer/Rapper,Massachusetts,United States,32,3rd Place,3,8.0,7.0,6.0,,21.0,True,3,3.0,30.0,0.7
1,3,Joey McIntyre,Ashly DelGrosso,Singer/Rapper,Massachusetts,United States,32,3rd Place,3,7.0,7.0,8.0,,22.0,True,3,3.0,30.0,0.7333333333333333
1,4,Joey McIntyre,Ashly DelGrosso,Singer/Rapper,Massachusetts,United States,32,3rd Place,3,7.0,6.0,7.0,,20.0,True,3,3.0,30.0,0.6666666666666666
1,5,Joey McIntyre,Ashly DelGrosso,Singer/Rapper,Massachusetts,United States,32,3rd Place,3,8.5,7.0,7.0,,22.5,True,3,3.0,30.0,0.75
1,6,Joey McIntyre,Ashly DelGrosso,Singer/Rapper,Massachusetts,United States,32,3rd Place,3,0.0,0.0,0.0,,0.0,False,3,3.0,30.0,
1,1,John O'Hurley,Charlotte Jorgensen,Actor/Actress,Maine,United States,50,2nd Place,2,7.0,7.0,6.0,,20.0,True,3,3.0,30.0,0.6666666666666666
1,2,John O'Hurley,Charlotte Jorgensen,Actor/Actress,Maine,United States,50,2nd Place,2,8.0,9.0,9.0,,26.0,True,3,3.0,30.0,0.8666666666666667
1,3,John O'Hurley,Charlotte Jorgensen,Actor/Actress,Maine,United States,50,2nd Place,2,9.0,8.0,7.0,,24.0,True,3,3.0,30.0,0.8
1,4,John O'Hurley,Charlotte Jorgensen,Actor/Actress,Maine,United States,50,2nd Place,2,7.0,8.0,6.0,,21.0,True,3,3.0,30.0,0.7
1,5,John O'Hurley,Charlotte Jorgensen,Actor/Actress,Maine,United States,50,2nd Place,2,9.0,9.0,9.0,,27.0,True,3,3.0,30.0,0.9
1,6,John O'Hurley,Charlotte Jorgensen,Actor/Actress,Maine,United States,50,2nd Place,2,9.0,9.0,9.0,,27.0,True,3,3.0,30.0,0.9
4,1,John Ratzenberger,Edyta Sliwinska,Actor/Actress,Connecticut,United States,59,Eliminated Week 7,6,6.0,5.0,6.0,,17.0,True,3,3.0,30.0,0.5666666666666667
4,2,John Ratzenberger,Edyta Sliwinska,Actor/Actress,Connecticut,United States,59,Eliminated Week 7,6,7.0,7.0,7.0,,21.0,True,3,3.0,30.0,0.7
4,3,John Ratzenberger,Edyta Sliwinska,Actor/Actress,Connecticut,United States,59,Eliminated Week 7,6,7.0,6.0,7.0,,20.0,True,3,3.0,30.0,0.6666666666666666
4,4,John Ratzenberger,Edyta Sliwinska,Actor/Actress,Connecticut,United States,59,Eliminated Week 7,6,6.0,5.0,5.0,,16.0,True,3,3.0,30.0,0.5333333333333333
4,5,John Ratzenberger,Edyta Sliwinska,Actor/Actress,Connecticut,United States,59,Eliminated Week 7,6,6.0,6.0,6.0,,18.0,True,3,3.0,30.0,0.6
4,6,John Ratzenberger,Edyta Sliwinska,Actor/Actress,Connecticut,United States,59,Eliminated Week 7,6,7.0,6.0,6.0,,19.0,True,3,3.0,30.0,0.6333333333333333
4,7,John Ratzenberger,Edyta Sliwinska,Actor/Actress,Connecticut,United States,59,Eliminated Week 7,6,7.5,7.5,7.5,,22.5,True,3,3.0,30.0,0.75
4,8,John Ratzenberger,Edyta Sliwinska,Actor/Actress,Connecticut,United States,59,Eliminated Week 7,6,0.0,0.0,0.0,,0.0,False,3,3.0,30.0,
4,9,John Ratzenberger,Edyta Sliwinska,Actor/Actress,Connecticut,United States,59,Eliminated Week 7,6,0.0,0.0,0.0,,0.0,False,3,3.0,30.0,
4,10,John Ratzenberger,Edyta Sliwinska,Actor/Actress,Connecticut,United States,59,Eliminated Week 7,6,0.0,0.0,0.0,,0.0,False,3,3.0,30.0,
27,1,John Schneider,Emma Slater,Actor/Actress,New York,United States,58,Eliminated Week 7,8,7.0,5.0,6.0,,18.0,True,3,3.0,30.0,0.6
27,2,John Schneider,Emma Slater,Actor/Actress,New York,United States,58,Eliminated Week 7,8,7.5,6.5,7.5,,21.5,True,3,3.0,30.0,0.7166666666666667
27,3,John Schneider,Emma Slater,Actor/Actress,New York,United States,58,Eliminated Week 7,8,7.0,7.0,7.0,,21.0,True,3,3.0,30.0,0.7
27,4,John Schneider,Emma Slater,Actor/Actress,New York,United States,58,Eliminated Week 7,8,7.0,7.0,7.0,,21.0,True,3,3.0,30.0,0.7
27,5,John Schneider,Emma Slater,Actor/Actress,New York,United States,58,Eliminated Week 7,8,8.0,8.0,8.0,,24.0,True,3,3.0,30.0,0.8
27,6,John Schneider,Emma Slater,Actor/Actress,New York,United States,58,Eliminated Week 7,8,6.0,7.0,6.0,,19.0,True,3,3.0,30.0,0.6333333333333333
27,7,John Schneider,Emma Slater,Actor/Actress,New York,United States,58,Eliminated Week 7,8,9.0,9.0,9.0,,27.0,True,3,3.0,30.0,0.9
27,8,John Schneider,Emma Slater,Actor/Actress,New York,United States,58,Eliminated Week 7,8,0.0,0.0,0.0,,0.0,False,3,3.0,30.0,
27,9,John Schneider,Emma Slater,Actor/Actress,New York,United States,58,Eliminated Week 7,8,0.0,0.0,0.0,,0.0,False,3,3.0,30.0,
26,1,Johnny Damon,Emma Slater,Athlete,Kansas,United States,44,Eliminated Week 1,9,6.0,6.0,6.0,,18.0,True,3,3.0,30.0,0.6
26,2,Johnny Damon,Emma Slater,Athlete,Kansas,United States,44,Eliminated Week 1,9,0.0,0.0,0.0,0.0,0.0,False,4,4.0,40.0,
26,3,Johnny Damon,Emma Slater,Athlete,Kansas,United States,44,Eliminated Week 1,9,0.0,0.0,0.0,0.0,0.0,False,4,4.0,40.0,
26,4,Johnny Damon,Emma Slater,Athlete,Kansas,United States,44,Eliminated Week 1,9,0.0,0.0,0.0,,0.0,False,3,3.0,30.0,
29,1,Johnny Weir,Britt Stewart,Athlete,Pennsylvania,United States,36,Eliminated Week 10,6,6.0,6.0,6.0,,18.0,True,3,3.0,30.0,0.6
29,2,Johnny Weir,Britt Stewart,Athlete,Pennsylvania,United States,36,Eliminated Week 10,6,6.0,6.0,6.0,,18.0,True,3,3.0,30.0,0.6
29,3,Johnny Weir,Britt Stewart,Athlete,Pennsylvania,United States,36,Eliminated Week 10,6,8.0,8.0,8.0,,24.0,True,3,3.0,30.0,0.8
29,4,Johnny Weir,Britt Stewart,Athlete,Pennsylvania,United States,36,Eliminated Week 10,6,8.0,8.0,8.0,,24.0,True,3,3.0,30.0,0.8
29,5,Johnny Weir,Britt Stewart,Athlete,Pennsylvania,United States,36,Eliminated Week 10,6,10.0,10.0,9.0,,29.0,True,3,3.0,30.0,0.9666666666666667
29,6,Johnny Weir,Britt Stewart,Athlete,Pennsylvania,United States,36,Eliminated Week 10,6,7.0,8.0,7.0,,22.0,True,3,3.0,30.0,0.7333333333333333
29,7,Johnny Weir,Britt Stewart,Athlete,Pennsylvania,United States,36,Eliminated Week 10,6,9.0,9.0,9.0,,27.0,True,3,3.0,30.0,0.9
29,8,Johnny Weir,Britt Stewart,Athlete,Pennsylvania,United States,36,Eliminated Week 10,6,10.0,10.0,10.0,,30.0,True,3,3.0,30.0,1.0
29,9,Johnny Weir,Britt Stewart,Athlete,Pennsylvania,United States,36,Eliminated Week 10,6,10.0,10.0,10.0,,30.0,True,3,3.0,30.0,1.0
29,10,Johnny Weir,Britt Stewart,Athlete,Pennsylvania,United States,36,Eliminated Week 10,6,9.5,9.5,9.5,,28.5,True,3,3.0,30.0,0.95
29,11,Johnny Weir,Britt Stewart,Athlete,Pennsylvania,United States,36,Eliminated Week 10,6,0.0,0.0,0.0,,0.0,False,3,3.0,30.0,
19,1,Jonathan Bennett,Allison Holker,Actor/Actress,Ohio,United States,33,Eliminated Week 6,9,8.0,7.0,7.0,8.0,30.0,True,4,4.0,40.0,0.75
19,2,Jonathan Bennett,Allison Holker,Actor/Actress,Ohio,United States,33,Eliminated Week 6,9,7.0,7.0,8.0,8.0,30.0,True,4,4.0,40.0,0.75
19,3,Jonathan Bennett,Allison Holker,Actor/Actress,Ohio,United States,33,Eliminated Week 6,9,8.0,8.0,8.0,8.0,32.0,True,4,4.0,40.0,0.8
19,4,Jonathan Bennett,Allison Holker,Actor/Actress,Ohio,United States,33,Eliminated Week 6,9,6.0,6.0,6.0,6.0,24.0,True,4,4.0,40.0,0.6
19,5,Jonathan Bennett,Allison Holker,Actor/Actress,Ohio,United States,33,Eliminated Week 6,9,6.0,6.0,6.0,6.0,24.0,True,4,4.0,40.0,0.6
19,6,Jonathan Bennett,Allison Holker,Actor/Actress,Ohio,United States,33,Eliminated Week 6,9,8.0,8.0,8.0,8.0,32.0,True,4,4.0,40.0,0.8
19,7,Jonathan Bennett,Allison Holker,Actor/Actress,Ohio,United States,33,Eliminated Week 6,9,0.0,0.0,0.0,0.0,0.0,False,4,4.0,40.0,
19,8,Jonathan Bennett,Allison Holker,Actor/Actress,Ohio,United States,33,Eliminated Week 6,9,0.0,0.0,0.0,0.0,0.0,False,4,4.0,40.0,
19,9,Jonathan Bennett,Allison Holker,Actor/Actress,Ohio,United States,33,Eliminated Week 6,9,0.0,0.0,0.0,0.0,0.0,False,4,4.0,40.0,
19,10,Jonathan Bennett,Allison Holker,Actor/Actress,Ohio,United States,33,Eliminated Week 6,9,0.0,0.0,0.0,0.0,0.0,False,4,4.0,40.0,
19,11,Jonathan Bennett,Allison Holker,Actor/Actress,Ohio,United States,33,Eliminated Week 6,9,0.0,0.0,0.0,0.0,0.0,False,4,4.0,40.0,
34,1,Jordan Chiles,Ezra Sosa (Apolo Anton Ohno week 9),Athlete,Texas,United States,24,3rd Place,3,5.0,5.0,,,10.0,True,2,2.0,20.0,0.5
34,2,Jordan Chiles,Ezra Sosa (Apolo Anton Ohno week 9),Athlete,Texas,United States,24,3rd Place,3,8.0,7.0,7.0,,22.0,True,3,3.0,30.0,0.7333333333333333
34,3,Jordan Chiles,Ezra Sosa (Apolo Anton Ohno week 9),Athlete,Texas,United States,24,3rd Place,3,8.0,8.0,8.0,,24.0,True,3,3.0,30.0,0.8
34,4,Jordan Chiles,Ezra Sosa (Apolo Anton Ohno week 9),Athlete,Texas,United States,24,3rd Place,3,8.0,8.0,8.0,,24.0,True,3,3.0,30.0,0.8
34,5,Jordan Chiles,Ezra Sosa (Apolo Anton Ohno week 9),Athlete,Texas,United States,24,3rd Place,3,8.0,8.0,8.0,8.0,32.0,True,4,4.0,40.0,0.8
34,6,Jordan Chiles,Ezra Sosa (Apolo Anton Ohno week 9),Athlete,Texas,United States,24,3rd Place,3,10.0,9.0,10.0,10.0,39.0,True,4,4.0,40.0,0.975
34,7,Jordan Chiles,Ezra Sosa (Apolo Anton Ohno week 9),Athlete,Texas,United States,24,3rd Place,3,10.0,9.0,9.0,10.0,38.0,True,4,4.0,40.0,0.95
34,8,Jordan Chiles,Ezra Sosa (Apolo Anton Ohno week 9),Athlete,Texas,United States,24,3rd Place,3,10.0,9.5,10.0,9.5,39.0,True,4,4.0,40.0,0.975
34,9,Jordan Chiles,Ezra Sosa (Apolo Anton Ohno week 9),Athlete,Texas,United States,24,3rd Place,3,9.5,10.5,9.5,9.5,39.0,True,4,4.0,40.0,0.975
34,10,Jordan Chiles,Ezra Sosa (Apolo Anton Ohno week 9),Athlete,Texas,United States,24,3rd Place,3,9.5,9.5,9.5,,28.5,True,3,3.0,30.0,0.95
34,11,Jordan Chiles,Ezra Sosa (Apolo Anton Ohno week 9),Athlete,Texas,United States,24,3rd Place,3,9.6666,10.0,10.0,,29.666600000000003,True,3,3.0,30.0,0.9888866666666668
25,1,Jordan Fisher,Lindsay Arnold,Actor/Actress,Alabama,United States,23,1st Place,1,8.0,7.0,7.0,,22.0,True,3,3.0,30.0,0.7333333333333333
25,2,Jordan Fisher,Lindsay Arnold,Actor/Actress,Alabama,United States,23,1st Place,1,8.0,8.0,8.0,,24.0,True,3,3.0,30.0,0.8
25,3,Jordan Fisher,Lindsay Arnold,Actor/Actress,Alabama,United States,23,1st Place,1,9.0,7.0,9.0,,25.0,True,3,3.0,30.0,0.8333333333333334
25,4,Jordan Fisher,Lindsay Arnold,Actor/Actress,Alabama,United States,23,1st Place,1,10.0,9.0,10.0,,29.0,True,3,3.0,30.0,0.9666666666666667
25,5,Jordan Fisher,Lindsay Arnold,Actor/Actress,Alabama,United States,23,1st Place,1,10.0,10.0,10.0,,30.0,True,3,3.0,30.0,1.0
25,6,Jordan Fisher,Lindsay Arnold,Actor/Actress,Alabama,United States,23,1st Place,1,10.0,9.0,10.0,10.0,39.0,True,4,4.0,40.0,0.975
25,7,Jordan Fisher,Lindsay Arnold,Actor/Actress,Alabama,United States,23,1st Place,1,9.0,9.0,9.0,,27.0,True,3,3.0,30.0,0.9
25,8,Jordan Fisher,Lindsay Arnold,Actor/Actress,Alabama,United States,23,1st Place,1,10.0,10.0,10.0,,30.0,True,3,3.0,30.0,1.0
25,9,Jordan Fisher,Lindsay Arnold,Actor/Actress,Alabama,United States,23,1st Place,1,9.5,9.5,10.0,,29.0,True,3,3.0,30.0,0.9666666666666667
25,10,Jordan Fisher,Lindsay Arnold,Actor/Actress,Alabama,United States,23,1st Place,1,10.0,10.0,10.0,10.0,40.0,True,4,4.0,40.0,1.0
31,1,Jordin Sparks,Brandon Armstrong,Singer/Rapper,Arizona,United States,32,Eliminated Week 7,9,7.0,6.0,6.0,7.0,26.0,True,4,4.0,40.0,0.65
31,2,Jordin Sparks,Brandon Armstrong,Singer/Rapper,Arizona,United States,32,Eliminated Week 7,9,7.0,6.0,7.0,7.0,27.0,True,4,4.0,40.0,0.675
31,3,Jordin Sparks,Brandon Armstrong,Singer/Rapper,Arizona,United States,32,Eliminated Week 7,9,7.0,7.0,7.0,8.0,29.0,True,4,4.0,40.0,0.725
31,4,Jordin Sparks,Brandon Armstrong,Singer/Rapper,Arizona,United States,32,Eliminated Week 7,9,9.0,8.0,8.0,9.0,34.0,True,4,4.0,40.0,0.85
31,5,Jordin Sparks,Brandon Armstrong,Singer/Rapper,Arizona,United States,32,Eliminated Week 7,9,8.875,8.375,8.875,9.375,35.5,True,4,4.0,40.0,0.8875
31,6,Jordin Sparks,Brandon Armstrong,Singer/Rapper,Arizona,United States,32,Eliminated Week 7,9,9.0,8.0,8.0,9.0,34.0,True,4,4.0,40.0,0.85
31,7,Jordin Sparks,Brandon Armstrong,Singer/Rapper,Arizona,United States,32,Eliminated Week 7,9,8.5,9.0,8.5,8.5,34.5,True,4,4.0,40.0,0.8625
31,8,Jordin Sparks,Brandon Armstrong,Singer/Rapper,Arizona,United States,32,Eliminated Week 7,9,0.0,0.0,0.0,0.0,0.0,False,4,4.0,40.0,
31,9,Jordin Sparks,Brandon Armstrong,Singer/Rapper,Arizona,United States,32,Eliminated Week 7,9,0.0,0.0,0.0,0.0,0.0,False,4,4.0,40.0,
31,10,Jordin Sparks,Brandon Armstrong,Singer/Rapper,Arizona,United States,32,Eliminated Week 7,9,0.0,0.0,0.0,0.0,0.0,False,4,4.0,40.0,
31,1,Joseph Baena,Daniella Karagach,Actor/Actress,California,United States,24,Eliminated Week 5,11,6.0,5.0,6.0,6.0,23.0,True,4,4.0,40.0,0.575
31,2,Joseph Baena,Daniella Karagach,Actor/Actress,California,United States,24,Eliminated Week 5,11,6.0,6.0,6.0,6.0,24.0,True,4,4.0,40.0,0.6
31,3,Joseph Baena,Daniella Karagach,Actor/Actress,California,United States,24,Eliminated Week 5,11,8.0,7.0,7.0,7.0,29.0,True,4,4.0,40.0,0.725
31,4,Joseph Baena,Daniella Karagach,Actor/Actress,California,United States,24,Eliminated Week 5,11,7.0,7.0,7.0,7.0,28.0,True,4,4.0,40.0,0.7
31,5,Joseph Baena,Daniella Karagach,Actor/Actress,California,United States,24,Eliminated Week 5,11,9.0,8.5,9.0,8.5,35.0,True,4,4.0,40.0,0.875
31,6,Joseph Baena,Daniella Karagach,Actor/Actress,California,United States,24,Eliminated Week 5,11,0.0,0.0,0.0,0.0,0.0,False,4,4.0,40.0,
31,7,Joseph Baena,Daniella Karagach,Actor/Actress,California,United States,24,Eliminated Week 5,11,0.0,0.0,0.0,0.0,0.0,False,4,4.0,40.0,
31,8,Joseph Baena,Daniella Karagach,Actor/Actress,California,United States,24,Eliminated Week 5,11,0.0,0.0,0.0,0.0,0.0,False,4,4.0,40.0,
31,9,Joseph Baena,Daniella Karagach,Actor/Actress,California,United States,24,Eliminated Week 5,11,0.0,0.0,0.0,0.0,0.0,False,4,4.0,40.0,
31,10,Joseph Baena,Daniella Karagach,Actor/Actress,California,United States,24,Eliminated Week 5,11,0.0,0.0,0.0,0.0,0.0,False,4,4.0,40.0,
26,1,Josh Norman,Sharna Burgess,Athlete,South Carolina,United States,30,2nd Place,2,8.0,8.0,8.0,,24.0,True,3,3.0,30.0,0.8
26,2,Josh Norman,Sharna Burgess,Athlete,South Carolina,United States,30,2nd Place,2,7.5,8.0,8.0,8.0,31.5,True,4,4.0,40.0,0.7875
26,3,Josh Norman,Sharna Burgess,Athlete,South Carolina,United States,30,2nd Place,2,9.5,9.5,9.5,9.5,38.0,True,4,4.0,40.0,0.95
26,4,Josh Norman,Sharna Burgess,Athlete,South Carolina,United States,30,2nd Place,2,9.5,9.5,9.5,,28.5,True,3,3.0,30.0,0.95
5,1,Josie Maran,Alec Mazo,Model,California,United States,29,Eliminated Week 1,12,6.0,5.0,5.0,,16.0,True,3,3.0,30.0,0.5333333333333333
5,2,Josie Maran,Alec Mazo,Model,California,United States,29,Eliminated Week 1,12,0.0,0.0,0.0,,0.0,False,3,3.0,30.0,
5,3,Josie Maran,Alec Mazo,Model,California,United States,29,Eliminated Week 1,12,0.0,0.0,0.0,,0.0,False,3,3.0,30.0,
5,4,Josie Maran,Alec Mazo,Model,California,United States,29,Eliminated Week 1,12,0.0,0.0,0.0,,0.0,False,3,3.0,30.0,
5,5,Josie Maran,Alec Mazo,Model,California,United States,29,Eliminated Week 1,12,0.0,0.0,0.0,,0.0,False,3,3.0,30.0,
5,6,Josie Maran,Alec Mazo,Model,California,United States,29,Eliminated Week 1,12,0.0,0.0,0.0,,0.0,False,3,3.0,30.0,
5,7,Josie Maran,Alec Mazo,Model,California,United States,29,Eliminated Week 1,12,0.0,0.0,0.0,,0.0,False,3,3.0,30.0,
5,8,Josie Maran,Alec Mazo,Model,California,United States,29,Eliminated Week 1,12,0.0,0.0,0.0,,0.0,False,3,3.0,30.0,
5,9,Josie Maran,Alec Mazo,Model,California,United States,29,Eliminated Week 1,12,0.0,0.0,0.0,,0.0,False,3,3.0,30.0,
5,10,Josie Maran,Alec Mazo,Model,California,United States,29,Eliminated Week 1,12,0.0,0.0,0.0,,0.0,False,3,3.0,30.0,
29,1,Justina Machado,Sasha Farber,Actor/Actress,Illinois,United States,48,4th Place,4,7.0,7.0,7.0,,21.0,True,3,3.0,30.0,0.7
29,2,Justina Machado,Sasha Farber,Actor/Actress,Illinois,United States,48,4th Place,4,7.0,7.0,7.0,,21.0,True,3,3.0,30.0,0.7
29,3,Justina Machado,Sasha Farber,Actor/Actress,Illinois,United States,48,4th Place,4,7.0,6.0,6.0,,19.0,True,3,3.0,30.0,0.6333333333333333
29,4,Justina Machado,Sasha Farber,Actor/Actress,Illinois,United States,48,4th Place,4,8.0,8.0,8.0,,24.0,True,3,3.0,30.0,0.8
29,5,Justina Machado,Sasha Farber,Actor/Actress,Illinois,United States,48,4th Place,4,8.0,8.0,8.0,,24.0,True,3,3.0,30.0,0.8
29,6,Justina Machado,Sasha Farber,Actor/Actress,Illinois,United States,48,4th Place,4,9.0,9.0,9.0,,27.0,True,3,3.0,30.0,0.9
29,7,Justina Machado,Sasha Farber,Actor/Actress,Illinois,United States,48,4th Place,4,9.0,9.0,8.0,,26.0,True,3,3.0,30.0,0.8666666666666667
29,8,Justina Machado,Sasha Farber,Actor/Actress,Illinois,United States,48,4th Place,4,9.6666,9.6666,9.6666,,28.9998,True,3,3.0,30.0,0.96666
29,9,Justina Machado,Sasha Farber,Actor/Actress,Illinois,United States,48,4th Place,4,8.6666,8.6666,8.6666,,25.9998,True,3,3.0,30.0,0.86666
29,10,Justina Machado,Sasha Farber,Actor/Actress,Illinois,United States,48,4th Place,4,9.5,10.0,9.5,,29.0,True,3,3.0,30.0,0.9666666666666667
29,11,Justina Machado,Sasha Farber,Actor/Actress,Illinois,United States,48,4th Place,4,10.0,10.0,10.0,,30.0,True,3,3.0,30.0,1.0
28,1,Karamo Brown,Jenna Johnson,TV Personality,Texas,United States,38,Eliminated Week 7,8,6.0,5.0,6.0,,17.0,True,3,3.0,30.0,0.5666666666666667
28,2,Karamo Brown,Jenna Johnson,TV Personality,Texas,United States,38,Eliminated Week 7,8,7.0,5.0,7.0,,19.0,True,3,3.0,30.0,0.6333333333333333
28,3,Karamo Brown,Jenna Johnson,TV Personality,Texas,United States,38,Eliminated Week 7,8,5.0,5.0,6.0,,16.0,True,3,3.0,30.0,0.5333333333333333
28,4,Karamo Brown,Jenna Johnson,TV Personality,Texas,United States,38,Eliminated Week 7,8,7.0,7.0,7.0,7.0,28.0,True,4,4.0,40.0,0.7
28,5,Karamo Brown,Jenna Johnson,TV Personality,Texas,United States,38,Eliminated Week 7,8,7.0,7.0,7.0,,21.0,True,3,3.0,30.0,0.7
28,6,Karamo Brown,Jenna Johnson,TV Personality,Texas,United States,38,Eliminated Week 7,8,9.0,8.0,8.0,,25.0,True,3,3.0,30.0,0.8333333333333334
28,7,Karamo Brown,Jenna Johnson,TV Personality,Texas,United States,38,Eliminated Week 7,8,8.5,8.0,8.0,,24.5,True,3,3.0,30.0,0.8166666666666667
28,8,Karamo Brown,Jenna Johnson,TV Personality,Texas,United States,38,Eliminated Week 7,8,0.0,0.0,0.0,,0.0,False,3,3.0,30.0,
28,9,Karamo Brown,Jenna Johnson,TV Personality,Texas,United States,38,Eliminated Week 7,8,0.0,0.0,0.0,0.0,0.0,False,4,4.0,40.0,
28,10,Karamo Brown,Jenna Johnson,TV Personality,Texas,United States,38,Eliminated Week 7,8,0.0,0.0,0.0,,0.0,False,3,3.0,30.0,
28,11,Karamo Brown,Jenna Johnson,TV Personality,Texas,United States,38,Eliminated Week 7,8,0.0,0.0,0.0,,0.0,False,3,3.0,30.0,
26,1,Kareem Abdul-Jabbar,Lindsay Arnold,Athlete,New York,United States,71,Eliminated Week 2,8,6.0,5.0,6.0,,17.0,True,3,3.0,30.0,0.5666666666666667
26,2,Kareem Abdul-Jabbar,Lindsay Arnold,Athlete,New York,United States,71,Eliminated Week 2,8,7.5,8.0,7.0,7.0,29.5,True,4,4.0,40.0,0.7375
26,3,Kareem Abdul-Jabbar,Lindsay Arnold,Athlete,New York,United States,71,Eliminated Week 2,8,0.0,0.0,0.0,0.0,0.0,False,4,4.0,40.0,
26,4,Kareem Abdul-Jabbar,Lindsay Arnold,Athlete,New York,United States,71,Eliminated Week 2,8,0.0,0.0,0.0,,0.0,False,3,3.0,30.0,
28,1,Kate Flannery,Pasha Pashkov,Actor/Actress,Pennsylvania,United States,55,Eliminated Week 8,7,5.0,5.0,5.0,,15.0,True,3,3.0,30.0,0.5
28,2,Kate Flannery,Pasha Pashkov,Actor/Actress,Pennsylvania,United States,55,Eliminated Week 8,7,7.0,7.0,7.0,,21.0,True,3,3.0,30.0,0.7
28,3,Kate Flannery,Pasha Pashkov,Actor/Actress,Pennsylvania,United States,55,Eliminated Week 8,7,8.0,8.0,8.0,,24.0,True,3,3.0,30.0,0.8
28,4,Kate Flannery,Pasha Pashkov,Actor/Actress,Pennsylvania,United States,55,Eliminated Week 8,7,7.0,7.0,6.0,6.0,26.0,True,4,4.0,40.0,0.65
28,5,Kate Flannery,Pasha Pashkov,Actor/Actress,Pennsylvania,United States,55,Eliminated Week 8,7,8.0,8.0,8.0,,24.0,True,3,3.0,30.0,0.8
28,6,Kate Flannery,Pasha Pashkov,Actor/Actress,Pennsylvania,United States,55,Eliminated Week 8,7,9.0,9.0,9.0,,27.0,True,3,3.0,30.0,0.9
28,7,Kate Flannery,Pasha Pashkov,Actor/Actress,Pennsylvania,United States,55,Eliminated Week 8,7,8.0,8.0,8.0,,24.0,True,3,3.0,30.0,0.8
28,8,Kate Flannery,Pasha Pashkov,Actor/Actress,Pennsylvania,United States,55,Eliminated Week 8,7,8.6666,8.6666,8.6666,,25.9998,True,3,3.0,30.0,0.86666
28,9,Kate Flannery,Pasha Pashkov,Actor/Actress,Pennsylvania,United States,55,Eliminated Week 8,7,0.0,0.0,0.0,0.0,0.0,False,4,4.0,40.0,
28,10,Kate Flannery,Pasha Pashkov,Actor/Actress,Pennsylvania,United States,55,Eliminated Week 8,7,0.0,0.0,0.0,,0.0,False,3,3.0,30.0,
28,11,Kate Flannery,Pasha Pashkov,Actor/Actress,Pennsylvania,United States,55,Eliminated Week 8,7,0.0,0.0,0.0,,0.0,False,3,3.0,30.0,
10,1,Kate Gosselin,Tony Dovolani,TV Personality,Pennsylvania,United States,35,Eliminated Week 5,8,6.0,5.0,5.0,,16.0,True,3,3.0,30.0,0.5333333333333333
10,2,Kate Gosselin,Tony Dovolani,TV Personality,Pennsylvania,United States,35,Eliminated Week 5,8,5.0,5.0,5.0,,15.0,True,3,3.0,30.0,0.5
10,3,Kate Gosselin,Tony Dovolani,TV Personality,Pennsylvania,United States,35,Eliminated Week 5,8,5.0,5.0,5.0,,15.0,True,3,3.0,30.0,0.5
10,4,Kate Gosselin,Tony Dovolani,TV Personality,Pennsylvania,United States,35,Eliminated Week 5,8,5.0,5.5,5.5,,16.0,True,3,3.0,30.0,0.5333333333333333
10,5,Kate Gosselin,Tony Dovolani,TV Personality,Pennsylvania,United States,35,Eliminated Week 5,8,5.0,5.0,5.0,,15.0,True,3,3.0,30.0,0.5
10,6,Kate Gosselin,Tony Dovolani,TV Personality,Pennsylvania,United States,35,Eliminated Week 5,8,0.0,0.0,0.0,,0.0,False,3,3.0,30.0,
10,7,Kate Gosselin,Tony Dovolani,TV Personality,Pennsylvania,United States,35,Eliminated Week 5,8,0.0,0.0,0.0,,0.0,False,3,3.0,30.0,
10,8,Kate Gosselin,Tony Dovolani,TV Personality,Pennsylvania,United States,35,Eliminated Week 5,8,0.0,0.0,0.0,,0.0,False,3,3.0,30.0,
10,9,Kate Gosselin,Tony Dovolani,TV Personality,Pennsylvania,United States,35,Eliminated Week 5,8,0.0,0.0,0.0,,0.0,False,3,3.0,30.0,
10,10,Kate Gosselin,Tony Dovolani,TV Personality,Pennsylvania,United States,35,Eliminated Week 5,8,0.0,0.0,0.0,,0.0,False,3,3.0,30.0,
9,1,Kathy Ireland,Tony Dovolani,Model,California,United States,46,Eliminated Week 2,14,7.3333,6.3333,6.3333,,19.9999,True,3,3.0,30.0,0.6666633333333334
9,2,Kathy Ireland,Tony Dovolani,Model,California,United States,46,Eliminated Week 2,14,6.0,6.0,6.0,,18.0,True,3,3.0,30.0,0.6
9,3,Kathy Ireland,Tony Dovolani,Model,California,United States,46,Eliminated Week 2,14,0.0,0.0,0.0,,0.0,False,3,3.0,30.0,
9,4,Kathy Ireland,Tony Dovolani,Model,California,United States,46,Eliminated Week 2,14,0.0,0.0,0.0,,0.0,False,3,3.0,30.0,
9,5,Kathy Ireland,Tony Dovolani,Model,California,United States,46,Eliminated Week 2,14,0.0,0.0,0.0,,0.0,False,3,3.0,30.0,
9,6,Kathy Ireland,Tony Dovolani,Model,California,United States,46,Eliminated Week 2,14,0.0,0.0,0.0,,0.0,False,3,3.0,30.0,
9,7,Kathy Ireland,Tony Dovolani,Model,California,United States,46,Eliminated Week 2,14,0.0,0.0,0.0,,0.0,False,3,3.0,30.0,
9,8,Kathy Ireland,Tony Dovolani,Model,California,United States,46,Eliminated Week 2,14,0.0,0.0,0.0,,0.0,False,3,3.0,30.0,
9,9,Kathy Ireland,Tony Dovolani,Model,California,United States,46,Eliminated Week 2,14,0.0,0.0,0.0,,0.0,False,3,3.0,30.0,
9,10,Kathy Ireland,Tony Dovolani,Model,California,United States,46,Eliminated Week 2,14,0.0,0.0,0.0,,0.0,False,3,3.0,30.0,
28,1,Kel Mitchell,Witney Carson,Actor/Actress,Illinois,United States,41,2nd Place,2,6.0,5.0,5.0,,16.0,True,3,3.0,30.0,0.5333333333333333
28,2,Kel Mitchell,Witney Carson,Actor/Actress,Illinois,United States,41,2nd Place,2,7.0,6.0,7.0,,20.0,True,3,3.0,30.0,0.6666666666666666
28,3,Kel Mitchell,Witney Carson,Actor/Actress,Illinois,United States,41,2nd Place,2,7.0,6.0,7.0,,20.0,True,3,3.0,30.0,0.6666666666666666
28,4,Kel Mitchell,Witney Carson,Actor/Actress,Illinois,United States,41,2nd Place,2,8.0,8.0,8.0,8.0,32.0,True,4,4.0,40.0,0.8
28,5,Kel Mitchell,Witney Carson,Actor/Actress,Illinois,United States,41,2nd Place,2,9.0,8.0,9.0,,26.0,True,3,3.0,30.0,0.8666666666666667
28,6,Kel Mitchell,Witney Carson,Actor/Actress,Illinois,United States,41,2nd Place,2,9.0,8.0,9.0,,26.0,True,3,3.0,30.0,0.8666666666666667
28,7,Kel Mitchell,Witney Carson,Actor/Actress,Illinois,United States,41,2nd Place,2,8.5,8.5,8.5,,25.5,True,3,3.0,30.0,0.85
28,8,Kel Mitchell,Witney Carson,Actor/Actress,Illinois,United States,41,2nd Place,2,9.6666,9.6666,10.6666,,29.9998,True,3,3.0,30.0,0.9999933333333334
28,9,Kel Mitchell,Witney Carson,Actor/Actress,Illinois,United States,41,2nd Place,2,9.0,9.0,9.5,9.5,37.0,True,4,4.0,40.0,0.925
28,10,Kel Mitchell,Witney Carson,Actor/Actress,Illinois,United States,41,2nd Place,2,9.5,9.5,9.5,,28.5,True,3,3.0,30.0,0.95
28,11,Kel Mitchell,Witney Carson,Actor/Actress,Illinois,United States,41,2nd Place,2,10.0,9.5,10.0,,29.5,True,3,3.0,30.0,0.9833333333333333
16,1,Kellie Pickler,Derek Hough,Singer/Rapper,North Carolina,United States,26,1st Place,1,7.0,7.0,7.0,,21.0,True,3,3.0,30.0,0.7
16,2,Kellie Pickler,Derek Hough,Singer/Rapper,North Carolina,United States,26,1st Place,1,9.0,8.0,9.0,,26.0,True,3,3.0,30.0,0.8666666666666667
16,3,Kellie Pickler,Derek Hough,Singer/Rapper,North Carolina,United States,26,1st Place,1,8.0,9.0,8.0,,25.0,True,3,3.0,30.0,0.8333333333333334
16,4,Kellie Pickler,Derek Hough,Singer/Rapper,North Carolina,United States,26,1st Place,1,9.0,8.0,9.0,,26.0,True,3,3.0,30.0,0.8666666666666667
16,5,Kellie Pickler,Derek Hough,Singer/Rapper,North Carolina,United States,26,1st Place,1,9.0,9.0,9.0,,27.0,True,3,3.0,30.0,0.9
16,6,Kellie Pickler,Derek Hough,Singer/Rapper,North Carolina,United States,26,1st Place,1,8.5,9.5,9.0,,27.0,True,3,3.0,30.0,0.9
16,7,Kellie Pickler,Derek Hough,Singer/Rapper,North Carolina,United States,26,1st Place,1,9.0,10.0,10.0,,29.0,True,3,3.0,30.0,0.9666666666666667
16,8,Kellie Pickler,Derek Hough,Singer/Rapper,North Carolina,United States,26,1st Place,1,9.5,8.0,10.0,,27.5,True,3,3.0,30.0,0.9166666666666666
16,9,Kellie Pickler,Derek Hough,Singer/Rapper,North Carolina,United States,26,1st Place,1,9.5,10.0,9.5,,29.0,True,3,3.0,30.0,0.9666666666666667
16,10,Kellie Pickler,Derek Hough,Singer/Rapper,North Carolina,United States,26,1st Place,1,10.0,10.0,10.0,,30.0,True,3,3.0,30.0,1.0
15,1,Kelly Monaco,Valentin Chmerkovskiy,Actor/Actress,Pennsylvania,United States,36,3rd Place,3,7.0,7.0,7.5,,21.5,True,3,3.0,30.0,0.7166666666666667
15,2,Kelly Monaco,Valentin Chmerkovskiy,Actor/Actress,Pennsylvania,United States,36,3rd Place,3,7.5,7.0,7.5,,22.0,True,3,3.0,30.0,0.7333333333333333
15,3,Kelly Monaco,Valentin Chmerkovskiy,Actor/Actress,Pennsylvania,United States,36,3rd Place,3,9.0,9.0,9.0,,27.0,True,3,3.0,30.0,0.9
15,4,Kelly Monaco,Valentin Chmerkovskiy,Actor/Actress,Pennsylvania,United States,36,3rd Place,3,9.0,9.5,9.5,9.5,37.5,True,4,4.0,40.0,0.9375
15,5,Kelly Monaco,Valentin Chmerkovskiy,Actor/Actress,Pennsylvania,United States,36,3rd Place,3,8.5,8.5,8.75,,25.75,True,3,3.0,30.0,0.8583333333333333
15,6,Kelly Monaco,Valentin Chmerkovskiy,Actor/Actress,Pennsylvania,United States,36,3rd Place,3,9.0,9.0,9.0,,27.0,True,3,3.0,30.0,0.9
15,7,Kelly Monaco,Valentin Chmerkovskiy,Actor/Actress,Pennsylvania,United States,36,3rd Place,3,12.0,12.0,12.0,,36.0,True,3,3.0,30.0,1.2
15,8,Kelly Monaco,Valentin Chmerkovskiy,Actor/Actress,Pennsylvania,United States,36,3rd Place,3,9.5,9.3333,9.5,,28.3333,True,3,3.0,30.0,0.9444433333333334
15,9,Kelly Monaco,Valentin Chmerkovskiy,Actor/Actress,Pennsylvania,United States,36,3rd Place,3,8.7777,9.3333,9.0,,27.110999999999997,True,3,3.0,30.0,0.9037
15,10,Kelly Monaco,Valentin Chmerkovskiy,Actor/Actress,Pennsylvania,United States,36,3rd Place,3,9.6666,9.6666,9.7777,,29.1109,True,3,3.0,30.0,0.9703633333333334
1,1,Kelly Monaco,Alec Mazo,Actor/Actress,Pennsylvania,United States,29,1st Place,1,5.0,4.0,4.0,,13.0,True,3,3.0,30.0,0.43333333333333335
1,2,Kelly Monaco,Alec Mazo,Actor/Actress,Pennsylvania,United States,29,1st Place,1,5.0,6.0,6.0,,17.0,True,3,3.0,30.0,0.5666666666666667
1,3,Kelly Monaco,Alec Mazo,Actor/Actress,Pennsylvania,United States,29,1st Place,1,6.0,7.0,8.0,,21.0,True,3,3.0,30.0,0.7
1,4,Kelly Monaco,Alec Mazo,Actor/Actress,Pennsylvania,United States,29,1st Place,1,9.0,9.0,8.0,,26.0,True,3,3.0,30.0,0.8666666666666667
1,5,Kelly Monaco,Alec Mazo,Actor/Actress,Pennsylvania,United States,29,1st Place,1,8.5,7.5,7.5,,23.5,True,3,3.0,30.0,0.7833333333333333
1,6,Kelly Monaco,Alec Mazo,Actor/Actress,Pennsylvania,United States,29,1st Place,1,8.5,9.5,9.5,,27.5,True,3,3.0,30.0,0.9166666666666666
12,1,Kendra Wilkinson,Louis van Amstel,TV Personality,California,United States,25,Eliminated Week 7,6,6.0,6.0,6.0,,18.0,True,3,3.0,30.0,0.6
12,2,Kendra Wilkinson,Louis van Amstel,TV Personality,California,United States,25,Eliminated Week 7,6,7.0,6.0,6.0,,19.0,True,3,3.0,30.0,0.6333333333333333
12,3,Kendra Wilkinson,Louis van Amstel,TV Personality,California,United States,25,Eliminated Week 7,6,8.0,7.0,8.0,,23.0,True,3,3.0,30.0,0.7666666666666667
12,4,Kendra Wilkinson,Louis van Amstel,TV Personality,California,United States,25,Eliminated Week 7,6,6.0,6.0,6.0,,18.0,True,3,3.0,30.0,0.6
12,5,Kendra Wilkinson,Louis van Amstel,TV Personality,California,United States,25,Eliminated Week 7,6,8.0,7.0,7.0,,22.0,True,3,3.0,30.0,0.7333333333333333
12,6,Kendra Wilkinson,Louis van Amstel,TV Personality,California,United States,25,Eliminated Week 7,6,8.0,8.0,9.0,,25.0,True,3,3.0,30.0,0.8333333333333334
12,7,Kendra Wilkinson,Louis van Amstel,TV Personality,California,United States,25,Eliminated Week 7,6,7.5,7.5,7.5,8.0,30.5,True,4,4.0,40.0,0.7625
12,8,Kendra Wilkinson,Louis van Amstel,TV Personality,California,United States,25,Eliminated Week 7,6,0.0,0.0,0.0,,0.0,False,3,3.0,30.0,
12,9,Kendra Wilkinson,Louis van Amstel,TV Personality,California,United States,25,Eliminated Week 7,6,0.0,0.0,0.0,,0.0,False,3,3.0,30.0,
12,10,Kendra Wilkinson,Louis van Amstel,TV Personality,California,United States,25,Eliminated Week 7,6,0.0,0.0,0.0,,0.0,False,3,3.0,30.0,
2,1,Kenny Mayne,Andrea Hale,Sports Broadcaster,Washington,United States,46,Eliminated Week 1,10,4.0,5.0,4.0,,13.0,True,3,3.0,30.0,0.43333333333333335
2,2,Kenny Mayne,Andrea Hale,Sports Broadcaster,Washington,United States,46,Eliminated Week 1,10,0.0,0.0,0.0,,0.0,False,3,3.0,30.0,
2,3,Kenny Mayne,Andrea Hale,Sports Broadcaster,Washington,United States,46,Eliminated Week 1,10,0.0,0.0,0.0,,0.0,False,3,3.0,30.0,
2,4,Kenny Mayne,Andrea Hale,Sports Broadcaster,Washington,United States,46,Eliminated Week 1,10,0.0,0.0,0.0,,0.0,False,3,3.0,30.0,
2,5,Kenny Mayne,Andrea Hale,Sports Broadcaster,Washington,United States,46,Eliminated Week 1,10,0.0,0.0,0.0,,0.0,False,3,3.0,30.0,
2,6,Kenny Mayne,Andrea Hale,Sports Broadcaster,Washington,United States,46,Eliminated Week 1,10,0.0,0.0,0.0,,0.0,False,3,3.0,30.0,
2,7,Kenny Mayne,Andrea Hale,Sports Broadcaster,Washington,United States,46,Eliminated Week 1,10,0.0,0.0,0.0,,0.0,False,3,3.0,30.0,
2,8,Kenny Mayne,Andrea Hale,Sports Broadcaster,Washington,United States,46,Eliminated Week 1,10,0.0,0.0,0.0,,0.0,False,3,3.0,30.0,
30,1,Kenya Moore,Brandon Armstrong,TV Personality,Michigan,United States,50,Eliminated Week 6,10,7.0,6.0,6.0,7.0,26.0,True,4,4.0,40.0,0.65
30,2,Kenya Moore,Brandon Armstrong,TV Personality,Michigan,United States,50,Eliminated Week 6,10,6.0,6.0,6.0,6.0,24.0,True,4,4.0,40.0,0.6
30,3,Kenya Moore,Brandon Armstrong,TV Personality,Michigan,United States,50,Eliminated Week 6,10,7.0,7.0,7.0,,21.0,True,3,3.0,30.0,0.7
30,4,Kenya Moore,Brandon Armstrong,TV Personality,Michigan,United States,50,Eliminated Week 6,10,7.0,7.0,8.0,7.5,29.5,True,4,4.0,40.0,0.7375
30,5,Kenya Moore,Brandon Armstrong,TV Personality,Michigan,United States,50,Eliminated Week 6,10,9.0,9.0,9.0,9.0,36.0,True,4,4.0,40.0,0.9
30,6,Kenya Moore,Brandon Armstrong,TV Personality,Michigan,United States,50,Eliminated Week 6,10,8.0,8.0,8.0,8.0,32.0,True,4,4.0,40.0,0.8
30,7,Kenya Moore,Brandon Armstrong,TV Personality,Michigan,United States,50,Eliminated Week 6,10,0.0,0.0,0.0,0.0,0.0,False,4,4.0,40.0,
30,8,Kenya Moore,Brandon Armstrong,TV Personality,Michigan,United States,50,Eliminated Week 6,10,0.0,0.0,0.0,0.0,0.0,False,4,4.0,40.0,
30,9,Kenya Moore,Brandon Armstrong,TV Personality,Michigan,United States,50,Eliminated Week 6,10,0.0,0.0,0.0,0.0,0.0,False,4,4.0,40.0,
30,10,Kenya Moore,Brandon Armstrong,TV Personality,Michigan,United States,50,Eliminated Week 6,10,0.0,0.0,0.0,0.0,0.0,False,4,4.0,40.0,
17,1,Keyshawn Johnson,Sharna Burgess,Athlete,California,United States,41,Eliminated Week 2,12,6.0,5.0,6.0,,17.0,True,3,3.0,30.0,0.5666666666666667
17,2,Keyshawn Johnson,Sharna Burgess,Athlete,California,United States,41,Eliminated Week 2,12,6.0,6.0,6.0,,18.0,True,3,3.0,30.0,0.6
17,3,Keyshawn Johnson,Sharna Burgess,Athlete,California,United States,41,Eliminated Week 2,12,0.0,0.0,0.0,,0.0,False,3,3.0,30.0,
17,4,Keyshawn Johnson,Sharna Burgess,Athlete,California,United States,41,Eliminated Week 2,12,0.0,0.0,0.0,,0.0,False,3,3.0,30.0,
17,5,Keyshawn Johnson,Sharna Burgess,Athlete,California,United States,41,Eliminated Week 2,12,0.0,0.0,0.0,,0.0,False,3,3.0,30.0,
17,6,Keyshawn Johnson,Sharna Burgess,Athlete,California,United States,41,Eliminated Week 2,12,0.0,0.0,0.0,,0.0,False,3,3.0,30.0,
17,7,Keyshawn Johnson,Sharna Burgess,Athlete,California,United States,41,Eliminated Week 2,12,0.0,0.0,0.0,,0.0,False,3,3.0,30.0,
17,8,Keyshawn Johnson,Sharna Burgess,Athlete,California,United States,41,Eliminated Week 2,12,0.0,0.0,0.0,,0.0,False,3,3.0,30.0,
17,9,Keyshawn Johnson,Sharna Burgess,Athlete,California,United States,41,Eliminated Week 2,12,0.0,0.0,0.0,,0.0,False,3,3.0,30.0,
17,10,Keyshawn Johnson,Sharna Burgess,Athlete,California,United States,41,Eliminated Week 2,12,0.0,0.0,0.0,0.0,0.0,False,4,4.0,40.0,
17,11,Keyshawn Johnson,Sharna Burgess,Athlete,California,United States,41,Eliminated Week 2,12,0.0,0.0,0.0,,0.0,False,3,3.0,30.0,
22,1,Kim Fields,Sasha Farber,Actor/Actress,New York,United States,46,Eliminated Week 7,8,7.0,6.0,7.0,,20.0,True,3,3.0,30.0,0.6666666666666666
22,2,Kim Fields,Sasha Farber,Actor/Actress,New York,United States,46,Eliminated Week 7,8,7.0,6.0,6.0,,19.0,True,3,3.0,30.0,0.6333333333333333
22,3,Kim Fields,Sasha Farber,Actor/Actress,New York,United States,46,Eliminated Week 7,8,8.0,7.0,7.0,,22.0,True,3,3.0,30.0,0.7333333333333333
22,4,Kim Fields,Sasha Farber,Actor/Actress,New York,United States,46,Eliminated Week 7,8,8.0,8.0,8.0,8.0,32.0,True,4,4.0,40.0,0.8
22,5,Kim Fields,Sasha Farber,Actor/Actress,New York,United States,46,Eliminated Week 7,8,8.0,6.0,6.0,8.0,28.0,True,4,4.0,40.0,0.7
22,6,Kim Fields,Sasha Farber,Actor/Actress,New York,United States,46,Eliminated Week 7,8,8.0,8.0,8.0,,24.0,True,3,3.0,30.0,0.8
22,7,Kim Fields,Sasha Farber,Actor/Actress,New York,United States,46,Eliminated Week 7,8,8.5,8.5,9.0,,26.0,True,3,3.0,30.0,0.8666666666666667
22,8,Kim Fields,Sasha Farber,Actor/Actress,New York,United States,46,Eliminated Week 7,8,0.0,0.0,0.0,,0.0,False,3,3.0,30.0,
22,9,Kim Fields,Sasha Farber,Actor/Actress,New York,United States,46,Eliminated Week 7,8,0.0,0.0,0.0,,0.0,False,3,3.0,30.0,
22,10,Kim Fields,Sasha Farber,Actor/Actress,New York,United States,46,Eliminated Week 7,8,0.0,0.0,0.0,,0.0,False,3,3.0,30.0,
7,1,Kim Kardashian,Mark Ballas,TV Personality,California,United States,27,Eliminated Week 2,11,6.0,6.5,6.0,,18.5,True,3,3.0,30.0,0.6166666666666667
7,2,Kim Kardashian,Mark Ballas,TV Personality,California,United States,27,Eliminated Week 2,11,6.0,6.0,5.0,,17.0,True,3,3.0,30.0,0.5666666666666667
7,3,Kim Kardashian,Mark Ballas,TV Personality,California,United States,27,Eliminated Week 2,11,0.0,0.0,0.0,,0.0,False,3,3.0,30.0,
7,4,Kim Kardashian,Mark Ballas,TV Personality,California,United States,27,Eliminated Week 2,11,0.0,0.0,0.0,,0.0,False,3,3.0,30.0,
7,5,Kim Kardashian,Mark Ballas,TV Personality,California,United States,27,Eliminated Week 2,11,0.0,0.0,0.0,,0.0,False,3,3.0,30.0,
7,6,Kim Kardashian,Mark Ballas,TV Personality,California,United States,27,Eliminated Week 2,11,0.0,0.0,0.0,,0.0,False,3,3.0,30.0,
7,7,Kim Kardashian,Mark Ballas,TV Personality,California,United States,27,Eliminated Week 2,11,0.0,0.0,0.0,,0.0,False,3,3.0,30.0,
7,8,Kim Kardashian,Mark Ballas,TV Personality,California,United States,27,Eliminated Week 2,11,0.0,0.0,0.0,,0.0,False,3,3.0,30.0,
7,9,Kim Kardashian,Mark Ballas,TV Personality,California,United States,27,Eliminated Week 2,11,0.0,0.0,0.0,,0.0,False,3,3.0,30.0,
7,10,Kim Kardashian,Mark Ballas,TV Personality,California,United States,27,Eliminated Week 2,11,0.0,0.0,0.0,,0.0,False,3,3.0,30.0,
21,1,Kim Zolciak-Biermann,Tony Dovolani,TV Personality,Florida,United States,37,Withdrew,11,4.0,4.0,4.0,,12.0,True,3,3.0,30.0,0.4
21,2,Kim Zolciak-Biermann,Tony Dovolani,TV Personality,Florida,United States,37,Withdrew,11,6.5,6.0,6.0,,18.5,True,3,3.0,30.0,0.6166666666666667
21,3,Kim Zolciak-Biermann,Tony Dovolani,TV Personality,Florida,United States,37,Withdrew,11,0.0,0.0,0.0,0.0,0.0,False,4,4.0,40.0,
21,4,Kim Zolciak-Biermann,Tony Dovolani,TV Personality,Florida,United States,37,Withdrew,11,0.0,0.0,0.0,,0.0,False,3,3.0,30.0,
21,5,Kim Zolciak-Biermann,Tony Dovolani,TV Personality,Florida,United States,37,Withdrew,11,0.0,0.0,0.0,0.0,0.0,False,4,4.0,40.0,
21,6,Kim Zolciak-Biermann,Tony Dovolani,TV Personality,Florida,United States,37,Withdrew,11,0.0,0.0,0.0,0.0,0.0,False,4,4.0,40.0,
21,7,Kim Zolciak-Biermann,Tony Dovolani,TV Personality,Florida,United States,37,Withdrew,11,0.0,0.0,0.0,,0.0,False,3,3.0,30.0,
21,8,Kim Zolciak-Biermann,Tony Dovolani,TV Personality,Florida,United States,37,Withdrew,11,0.0,0.0,0.0,,0.0,False,3,3.0,30.0,
21,9,Kim Zolciak-Biermann,Tony Dovolani,TV Personality,Florida,United States,37,Withdrew,11,0.0,0.0,0.0,,0.0,False,3,3.0,30.0,
21,10,Kim Zolciak-Biermann,Tony Dovolani,TV Personality,Florida,United States,37,Withdrew,11,0.0,0.0,0.0,,0.0,False,3,3.0,30.0,
21,11,Kim Zolciak-Biermann,Tony Dovolani,TV Personality,Florida,United States,37,Withdrew,11,0.0,0.0,0.0,,0.0,False,3,3.0,30.0,
12,1,Kirstie Alley,Maksim Chmerkoskiy,Actor/Actress,Kansas,United States,60,2nd Place,2,8.0,7.0,8.0,,23.0,True,3,3.0,30.0,0.7666666666666667
12,2,Kirstie Alley,Maksim Chmerkoskiy,Actor/Actress,Kansas,United States,60,2nd Place,2,7.0,6.0,7.0,,20.0,True,3,3.0,30.0,0.6666666666666666
12,3,Kirstie Alley,Maksim Chmerkoskiy,Actor/Actress,Kansas,United States,60,2nd Place,2,7.0,7.0,7.0,,21.0,True,3,3.0,30.0,0.7
12,4,Kirstie Alley,Maksim Chmerkoskiy,Actor/Actress,Kansas,United States,60,2nd Place,2,7.0,7.0,8.0,,22.0,True,3,3.0,30.0,0.7333333333333333
12,5,Kirstie Alley,Maksim Chmerkoskiy,Actor/Actress,Kansas,United States,60,2nd Place,2,8.0,7.0,8.0,,23.0,True,3,3.0,30.0,0.7666666666666667
12,6,Kirstie Alley,Maksim Chmerkoskiy,Actor/Actress,Kansas,United States,60,2nd Place,2,8.0,9.0,9.0,,26.0,True,3,3.0,30.0,0.8666666666666667
12,7,Kirstie Alley,Maksim Chmerkoskiy,Actor/Actress,Kansas,United States,60,2nd Place,2,8.0,7.0,7.0,8.0,30.0,True,4,4.0,40.0,0.75
12,8,Kirstie Alley,Maksim Chmerkoskiy,Actor/Actress,Kansas,United States,60,2nd Place,2,8.5,9.0,9.0,,26.5,True,3,3.0,30.0,0.8833333333333333
12,9,Kirstie Alley,Maksim Chmerkoskiy,Actor/Actress,Kansas,United States,60,2nd Place,2,9.0,9.0,9.0,,27.0,True,3,3.0,30.0,0.9
12,10,Kirstie Alley,Maksim Chmerkoskiy,Actor/Actress,Kansas,United States,60,2nd Place,2,9.3333,9.3333,9.3333,,27.999899999999997,True,3,3.0,30.0,0.9333299999999999
15,1,Kirstie Alley,Maksim Chmerkoskiy,Actor/Actress,Kansas,United States,61,Eliminated Week 8,7,6.5,6.0,6.5,,19.0,True,3,3.0,30.0,0.6333333333333333
15,2,Kirstie Alley,Maksim Chmerkoskiy,Actor/Actress,Kansas,United States,61,Eliminated Week 8,7,7.0,7.0,7.0,,21.0,True,3,3.0,30.0,0.7
15,3,Kirstie Alley,Maksim Chmerkoskiy,Actor/Actress,Kansas,United States,61,Eliminated Week 8,7,8.0,8.0,8.0,,24.0,True,3,3.0,30.0,0.8
15,4,Kirstie Alley,Maksim Chmerkoskiy,Actor/Actress,Kansas,United States,61,Eliminated Week 8,7,7.5,7.5,7.5,7.5,30.0,True,4,4.0,40.0,0.75
15,5,Kirstie Alley,Maksim Chmerkoskiy,Actor/Actress,Kansas,United States,61,Eliminated Week 8,7,8.75,8.75,8.75,,26.25,True,3,3.0,30.0,0.875
15,6,Kirstie Alley,Maksim Chmerkoskiy,Actor/Actress,Kansas,United States,61,Eliminated Week 8,7,9.5,8.5,9.5,,27.5,True,3,3.0,30.0,0.9166666666666666
15,7,Kirstie Alley,Maksim Chmerkoskiy,Actor/Actress,Kansas,United States,61,Eliminated Week 8,7,9.3333,9.3333,9.3333,,27.999899999999997,True,3,3.0,30.0,0.9333299999999999
15,8,Kirstie Alley,Maksim Chmerkoskiy,Actor/Actress,Kansas,United States,61,Eliminated Week 8,7,8.5,8.5,8.5,,25.5,True,3,3.0,30.0,0.85
15,9,Kirstie Alley,Maksim Chmerkoskiy,Actor/Actress,Kansas,United States,61,Eliminated Week 8,7,0.0,0.0,0.0,,0.0,False,3,3.0,30.0,
15,10,Kirstie Alley,Maksim Chmerkoskiy,Actor/Actress,Kansas,United States,61,Eliminated Week 8,7,0.0,0.0,0.0,,0.0,False,3,3.0,30.0,
6,1,Kristi Yamaguchi,Mark Ballas,Athlete,California,United States,36,1st Place,1,9.0,9.0,9.0,,27.0,True,3,3.0,30.0,0.9
6,2,Kristi Yamaguchi,Mark Ballas,Athlete,California,United States,36,1st Place,1,9.0,9.0,9.0,,27.0,True,3,3.0,30.0,0.9
6,3,Kristi Yamaguchi,Mark Ballas,Athlete,California,United States,36,1st Place,1,9.0,9.0,9.0,,27.0,True,3,3.0,30.0,0.9
6,4,Kristi Yamaguchi,Mark Ballas,Athlete,California,United States,36,1st Place,1,10.0,9.0,10.0,,29.0,True,3,3.0,30.0,0.9666666666666667
6,5,Kristi Yamaguchi,Mark Ballas,Athlete,California,United States,36,1st Place,1,9.0,10.0,10.0,,29.0,True,3,3.0,30.0,0.9666666666666667
6,6,Kristi Yamaguchi,Mark Ballas,Athlete,California,United States,36,1st Place,1,10.0,10.0,10.0,,30.0,True,3,3.0,30.0,1.0
6,7,Kristi Yamaguchi,Mark Ballas,Athlete,California,United States,36,1st Place,1,9.5,8.0,9.5,,27.0,True,3,3.0,30.0,0.9
6,8,Kristi Yamaguchi,Mark Ballas,Athlete,California,United States,36,1st Place,1,8.5,9.5,9.5,,27.5,True,3,3.0,30.0,0.9166666666666666
6,9,Kristi Yamaguchi,Mark Ballas,Athlete,California,United States,36,1st Place,1,9.5,9.0,10.0,,28.5,True,3,3.0,30.0,0.95
6,10,Kristi Yamaguchi,Mark Ballas,Athlete,California,United States,36,1st Place,1,10.0,10.0,10.0,,30.0,True,3,3.0,30.0,1.0
13,1,Kristin Cavallari,Mark Ballas,TV Personality,Colorado,United States,24,Eliminated Week 3,10,7.0,6.0,6.0,,19.0,True,3,3.0,30.0,0.6333333333333333
13,2,Kristin Cavallari,Mark Ballas,TV Personality,Colorado,United States,24,Eliminated Week 3,10,8.0,7.0,7.0,,22.0,True,3,3.0,30.0,0.7333333333333333
13,3,Kristin Cavallari,Mark Ballas,TV Personality,Colorado,United States,24,Eliminated Week 3,10,8.0,8.0,8.0,,24.0,True,3,3.0,30.0,0.8
13,4,Kristin Cavallari,Mark Ballas,TV Personality,Colorado,United States,24,Eliminated Week 3,10,0.0,0.0,0.0,,0.0,False,3,3.0,30.0,
13,5,Kristin Cavallari,Mark Ballas,TV Personality,Colorado,United States,24,Eliminated Week 3,10,0.0,0.0,0.0,,0.0,False,3,3.0,30.0,
13,6,Kristin Cavallari,Mark Ballas,TV Personality,Colorado,United States,24,Eliminated Week 3,10,0.0,0.0,0.0,,0.0,False,3,3.0,30.0,
13,7,Kristin Cavallari,Mark Ballas,TV Personality,Colorado,United States,24,Eliminated Week 3,10,0.0,0.0,0.0,,0.0,False,3,3.0,30.0,
13,8,Kristin Cavallari,Mark Ballas,TV Personality,Colorado,United States,24,Eliminated Week 3,10,0.0,0.0,0.0,,0.0,False,3,3.0,30.0,
13,9,Kristin Cavallari,Mark Ballas,TV Personality,Colorado,United States,24,Eliminated Week 3,10,0.0,0.0,0.0,,0.0,False,3,3.0,30.0,
13,10,Kristin Cavallari,Mark Ballas,TV Personality,Colorado,United States,24,Eliminated Week 3,10,0.0,0.0,0.0,,0.0,False,3,3.0,30.0,
11,1,Kurt Warner,Anna Trebunskaya,Athlete,Iowa,United States,39,Eliminated Week 8,5,7.0,5.0,7.0,,19.0,True,3,3.0,30.0,0.6333333333333333
11,2,Kurt Warner,Anna Trebunskaya,Athlete,Iowa,United States,39,Eliminated Week 8,5,7.0,7.0,7.0,,21.0,True,3,3.0,30.0,0.7
11,3,Kurt Warner,Anna Trebunskaya,Athlete,Iowa,United States,39,Eliminated Week 8,5,8.0,8.0,7.0,,23.0,True,3,3.0,30.0,0.7666666666666667
11,4,Kurt Warner,Anna Trebunskaya,Athlete,Iowa,United States,39,Eliminated Week 8,5,6.0,5.5,5.5,,17.0,True,3,3.0,30.0,0.5666666666666667
11,5,Kurt Warner,Anna Trebunskaya,Athlete,Iowa,United States,39,Eliminated Week 8,5,8.0,8.0,8.0,,24.0,True,3,3.0,30.0,0.8
11,6,Kurt Warner,Anna Trebunskaya,Athlete,Iowa,United States,39,Eliminated Week 8,5,7.3333,7.3333,7.3333,,21.9999,True,3,3.0,30.0,0.73333
11,7,Kurt Warner,Anna Trebunskaya,Athlete,Iowa,United States,39,Eliminated Week 8,5,9.5,8.5,8.5,8.5,35.0,True,4,4.0,40.0,0.875
11,8,Kurt Warner,Anna Trebunskaya,Athlete,Iowa,United States,39,Eliminated Week 8,5,8.0,8.0,8.0,,24.0,True,3,3.0,30.0,0.8
11,9,Kurt Warner,Anna Trebunskaya,Athlete,Iowa,United States,39,Eliminated Week 8,5,0.0,0.0,0.0,,0.0,False,3,3.0,30.0,
11,10,Kurt Warner,Anna Trebunskaya,Athlete,Iowa,United States,39,Eliminated Week 8,5,0.0,0.0,0.0,,0.0,False,3,3.0,30.0,
11,1,Kyle Massey,Lacey Schwimmer,Actor/Actress,Georgia,United States,19,2nd Place,2,8.0,7.0,8.0,,23.0,True,3,3.0,30.0,0.7666666666666667
11,2,Kyle Massey,Lacey Schwimmer,Actor/Actress,Georgia,United States,19,2nd Place,2,8.0,7.0,7.0,,22.0,True,3,3.0,30.0,0.7333333333333333
11,3,Kyle Massey,Lacey Schwimmer,Actor/Actress,Georgia,United States,19,2nd Place,2,8.0,7.0,8.0,,23.0,True,3,3.0,30.0,0.7666666666666667
11,4,Kyle Massey,Lacey Schwimmer,Actor/Actress,Georgia,United States,19,2nd Place,2,7.0,6.5,6.5,,20.0,True,3,3.0,30.0,0.6666666666666666
11,5,Kyle Massey,Lacey Schwimmer,Actor/Actress,Georgia,United States,19,2nd Place,2,8.0,5.0,7.0,,20.0,True,3,3.0,30.0,0.6666666666666666
11,6,Kyle Massey,Lacey Schwimmer,Actor/Actress,Georgia,United States,19,2nd Place,2,10.3333,9.3333,10.3333,,29.999899999999997,True,3,3.0,30.0,0.9999966666666665
11,7,Kyle Massey,Lacey Schwimmer,Actor/Actress,Georgia,United States,19,2nd Place,2,9.0,8.5,8.0,8.0,33.5,True,4,4.0,40.0,0.8375
11,8,Kyle Massey,Lacey Schwimmer,Actor/Actress,Georgia,United States,19,2nd Place,2,9.5,9.0,9.5,,28.0,True,3,3.0,30.0,0.9333333333333333
11,9,Kyle Massey,Lacey Schwimmer,Actor/Actress,Georgia,United States,19,2nd Place,2,10.0,9.0,10.0,,29.0,True,3,3.0,30.0,0.9666666666666667
11,10,Kyle Massey,Lacey Schwimmer,Actor/Actress,Georgia,United States,19,2nd Place,2,9.3333,8.6666,9.3333,,27.333199999999998,True,3,3.0,30.0,0.9111066666666666
4,1,Laila Ali,Maksim Chmerkoskiy,Athlete,Florida,United States,29,3rd Place,3,7.0,8.0,8.0,,23.0,True,3,3.0,30.0,0.7666666666666667
4,2,Laila Ali,Maksim Chmerkoskiy,Athlete,Florida,United States,29,3rd Place,3,9.0,9.0,9.0,,27.0,True,3,3.0,30.0,0.9
4,3,Laila Ali,Maksim Chmerkoskiy,Athlete,Florida,United States,29,3rd Place,3,7.0,7.0,7.0,,21.0,True,3,3.0,30.0,0.7
4,4,Laila Ali,Maksim Chmerkoskiy,Athlete,Florida,United States,29,3rd Place,3,7.0,7.0,7.0,,21.0,True,3,3.0,30.0,0.7
4,5,Laila Ali,Maksim Chmerkoskiy,Athlete,Florida,United States,29,3rd Place,3,9.0,10.0,9.0,,28.0,True,3,3.0,30.0,0.9333333333333333
4,6,Laila Ali,Maksim Chmerkoskiy,Athlete,Florida,United States,29,3rd Place,3,9.0,9.0,10.0,,28.0,True,3,3.0,30.0,0.9333333333333333
4,7,Laila Ali,Maksim Chmerkoskiy,Athlete,Florida,United States,29,3rd Place,3,10.0,9.5,10.0,,29.5,True,3,3.0,30.0,0.9833333333333333
4,8,Laila Ali,Maksim Chmerkoskiy,Athlete,Florida,United States,29,3rd Place,3,9.0,8.5,9.0,,26.5,True,3,3.0,30.0,0.8833333333333333
4,9,Laila Ali,Maksim Chmerkoskiy,Athlete,Florida,United States,29,3rd Place,3,10.0,10.0,10.0,,30.0,True,3,3.0,30.0,1.0
4,10,Laila Ali,Maksim Chmerkoskiy,Athlete,Florida,United States,29,3rd Place,3,9.6666,9.0,9.6666,,28.333200000000005,True,3,3.0,30.0,0.9444400000000002
28,1,Lamar Odom,Peta Murgatroyd,Athlete,New York,United States,39,Eliminated Week 4,10,5.0,3.0,3.0,,11.0,True,3,3.0,30.0,0.36666666666666664
28,2,Lamar Odom,Peta Murgatroyd,Athlete,New York,United States,39,Eliminated Week 4,10,4.0,4.0,4.0,,12.0,True,3,3.0,30.0,0.4
28,3,Lamar Odom,Peta Murgatroyd,Athlete,New York,United States,39,Eliminated Week 4,10,4.0,4.0,4.0,,12.0,True,3,3.0,30.0,0.4
28,4,Lamar Odom,Peta Murgatroyd,Athlete,New York,United States,39,Eliminated Week 4,10,5.0,7.0,4.0,4.0,20.0,True,4,4.0,40.0,0.5
28,5,Lamar Odom,Peta Murgatroyd,Athlete,New York,United States,39,Eliminated Week 4,10,0.0,0.0,0.0,,0.0,False,3,3.0,30.0,
28,6,Lamar Odom,Peta Murgatroyd,Athlete,New York,United States,39,Eliminated Week 4,10,0.0,0.0,0.0,,0.0,False,3,3.0,30.0,
28,7,Lamar Odom,Peta Murgatroyd,Athlete,New York,United States,39,Eliminated Week 4,10,0.0,0.0,0.0,,0.0,False,3,3.0,30.0,
28,8,Lamar Odom,Peta Murgatroyd,Athlete,New York,United States,39,Eliminated Week 4,10,0.0,0.0,0.0,,0.0,False,3,3.0,30.0,
28,9,Lamar Odom,Peta Murgatroyd,Athlete,New York,United States,39,Eliminated Week 4,10,0.0,0.0,0.0,0.0,0.0,False,4,4.0,40.0,
28,10,Lamar Odom,Peta Murgatroyd,Athlete,New York,United States,39,Eliminated Week 4,10,0.0,0.0,0.0,,0.0,False,3,3.0,30.0,
28,11,Lamar Odom,Peta Murgatroyd,Athlete,New York,United States,39,Eliminated Week 4,10,0.0,0.0,0.0,,0.0,False,3,3.0,30.0,
7,1,Lance Bass,Lacey Schwimmer,Singer/Rapper,Mississippi,United States,29,3rd Place,3,7.5,6.0,8.0,,21.5,True,3,3.0,30.0,0.7166666666666667
7,2,Lance Bass,Lacey Schwimmer,Singer/Rapper,Mississippi,United States,29,3rd Place,3,7.0,6.0,7.0,,20.0,True,3,3.0,30.0,0.6666666666666666
7,3,Lance Bass,Lacey Schwimmer,Singer/Rapper,Mississippi,United States,29,3rd Place,3,8.0,7.0,7.0,,22.0,True,3,3.0,30.0,0.7333333333333333
7,4,Lance Bass,Lacey Schwimmer,Singer/Rapper,Mississippi,United States,29,3rd Place,3,9.0,8.0,9.0,,26.0,True,3,3.0,30.0,0.8666666666666667
7,5,Lance Bass,Lacey Schwimmer,Singer/Rapper,Mississippi,United States,29,3rd Place,3,7.0,7.0,7.0,,21.0,True,3,3.0,30.0,0.7
7,6,Lance Bass,Lacey Schwimmer,Singer/Rapper,Mississippi,United States,29,3rd Place,3,9.0,9.0,9.0,,27.0,True,3,3.0,30.0,0.9
7,7,Lance Bass,Lacey Schwimmer,Singer/Rapper,Mississippi,United States,29,3rd Place,3,9.0,7.0,9.0,,25.0,True,3,3.0,30.0,0.8333333333333334
7,8,Lance Bass,Lacey Schwimmer,Singer/Rapper,Mississippi,United States,29,3rd Place,3,8.5,7.5,9.0,,25.0,True,3,3.0,30.0,0.8333333333333334
7,9,Lance Bass,Lacey Schwimmer,Singer/Rapper,Mississippi,United States,29,3rd Place,3,10.0,9.0,9.5,,28.5,True,3,3.0,30.0,0.95
7,10,Lance Bass,Lacey Schwimmer,Singer/Rapper,Mississippi,United States,29,3rd Place,3,9.0,9.0,9.5,,27.5,True,3,3.0,30.0,0.9166666666666666
28,1,Lauren Alaina,Gleb Savchenko,Singer/Rapper,Georgia,United States,24,4th Place,4,7.0,6.0,6.0,,19.0,True,3,3.0,30.0,0.6333333333333333
28,2,Lauren Alaina,Gleb Savchenko,Singer/Rapper,Georgia,United States,24,4th Place,4,6.0,6.0,7.0,,19.0,True,3,3.0,30.0,0.6333333333333333
28,3,Lauren Alaina,Gleb Savchenko,Singer/Rapper,Georgia,United States,24,4th Place,4,6.0,7.0,7.0,,20.0,True,3,3.0,30.0,0.6666666666666666
28,4,Lauren Alaina,Gleb Savchenko,Singer/Rapper,Georgia,United States,24,4th Place,4,8.0,8.0,8.0,8.0,32.0,True,4,4.0,40.0,0.8
28,5,Lauren Alaina,Gleb Savchenko,Singer/Rapper,Georgia,United States,24,4th Place,4,8.0,7.0,8.0,,23.0,True,3,3.0,30.0,0.7666666666666667
28,6,Lauren Alaina,Gleb Savchenko,Singer/Rapper,Georgia,United States,24,4th Place,4,9.0,8.0,9.0,,26.0,True,3,3.0,30.0,0.8666666666666667
28,7,Lauren Alaina,Gleb Savchenko,Singer/Rapper,Georgia,United States,24,4th Place,4,9.0,9.0,9.0,,27.0,True,3,3.0,30.0,0.9
28,8,Lauren Alaina,Gleb Savchenko,Singer/Rapper,Georgia,United States,24,4th Place,4,8.0,8.0,8.0,,24.0,True,3,3.0,30.0,0.8
28,9,Lauren Alaina,Gleb Savchenko,Singer/Rapper,Georgia,United States,24,4th Place,4,9.0,9.0,8.5,8.5,35.0,True,4,4.0,40.0,0.875
28,10,Lauren Alaina,Gleb Savchenko,Singer/Rapper,Georgia,United States,24,4th Place,4,9.0,9.0,9.0,,27.0,True,3,3.0,30.0,0.9
28,11,Lauren Alaina,Gleb Savchenko,Singer/Rapper,Georgia,United States,24,4th Place,4,9.5,9.5,9.5,,28.5,True,3,3.0,30.0,0.95
34,1,Lauren Jauregui,Brandon Armstrong,Singer/Rapper,Florida,United States,29,Eliminated Week 3,12,7.0,6.0,,,13.0,True,2,2.0,20.0,0.65
34,2,Lauren Jauregui,Brandon Armstrong,Singer/Rapper,Florida,United States,29,Eliminated Week 3,12,7.0,7.0,7.0,,21.0,True,3,3.0,30.0,0.7
34,3,Lauren Jauregui,Brandon Armstrong,Singer/Rapper,Florida,United States,29,Eliminated Week 3,12,6.0,6.0,6.0,,18.0,True,3,3.0,30.0,0.6
34,4,Lauren Jauregui,Brandon Armstrong,Singer/Rapper,Florida,United States,29,Eliminated Week 3,12,0.0,0.0,0.0,,0.0,False,3,3.0,30.0,
34,5,Lauren Jauregui,Brandon Armstrong,Singer/Rapper,Florida,United States,29,Eliminated Week 3,12,0.0,0.0,0.0,0.0,0.0,False,4,4.0,40.0,
34,6,Lauren Jauregui,Brandon Armstrong,Singer/Rapper,Florida,United States,29,Eliminated Week 3,12,0.0,0.0,0.0,0.0,0.0,False,4,4.0,40.0,
34,7,Lauren Jauregui,Brandon Armstrong,Singer/Rapper,Florida,United States,29,Eliminated Week 3,12,0.0,0.0,0.0,0.0,0.0,False,4,4.0,40.0,
34,8,Lauren Jauregui,Brandon Armstrong,Singer/Rapper,Florida,United States,29,Eliminated Week 3,12,0.0,0.0,0.0,0.0,0.0,False,4,4.0,40.0,
34,9,Lauren Jauregui,Brandon Armstrong,Singer/Rapper,Florida,United States,29,Eliminated Week 3,12,0.0,0.0,0.0,0.0,0.0,False,4,4.0,40.0,
34,10,Lauren Jauregui,Brandon Armstrong,Singer/Rapper,Florida,United States,29,Eliminated Week 3,12,0.0,0.0,0.0,,0.0,False,3,3.0,30.0,
34,11,Lauren Jauregui,Brandon Armstrong,Singer/Rapper,Florida,United States,29,Eliminated Week 3,12,0.0,0.0,0.0,,0.0,False,3,3.0,30.0,
23,1,Laurie Hernandez,Valentin Chmerkovskiy,Athlete,New Jersey,United States,16,1st Place,1,8.0,8.0,7.0,8.0,31.0,True,4,4.0,40.0,0.775
23,2,Laurie Hernandez,Valentin Chmerkovskiy,Athlete,New Jersey,United States,16,1st Place,1,8.0,8.0,8.0,8.0,32.0,True,4,4.0,40.0,0.8
23,3,Laurie Hernandez,Valentin Chmerkovskiy,Athlete,New Jersey,United States,16,1st Place,1,7.0,8.0,8.0,8.0,31.0,True,4,4.0,40.0,0.775
23,4,Laurie Hernandez,Valentin Chmerkovskiy,Athlete,New Jersey,United States,16,1st Place,1,10.0,10.0,10.0,,30.0,True,3,3.0,30.0,1.0
23,5,Laurie Hernandez,Valentin Chmerkovskiy,Athlete,New Jersey,United States,16,1st Place,1,8.0,9.0,8.0,,25.0,True,3,3.0,30.0,0.8333333333333334
23,6,Laurie Hernandez,Valentin Chmerkovskiy,Athlete,New Jersey,United States,16,1st Place,1,9.0,9.0,9.0,10.0,37.0,True,4,4.0,40.0,0.925
23,7,Laurie Hernandez,Valentin Chmerkovskiy,Athlete,New Jersey,United States,16,1st Place,1,8.0,8.5,9.0,9.0,34.5,True,4,4.0,40.0,0.8625
23,8,Laurie Hernandez,Valentin Chmerkovskiy,Athlete,New Jersey,United States,16,1st Place,1,11.0,11.0,11.0,,33.0,True,3,3.0,30.0,1.1
23,9,Laurie Hernandez,Valentin Chmerkovskiy,Athlete,New Jersey,United States,16,1st Place,1,10.0,10.0,10.0,10.0,40.0,True,4,4.0,40.0,1.0
23,10,Laurie Hernandez,Valentin Chmerkovskiy,Athlete,New Jersey,United States,16,1st Place,1,10.0,10.0,10.0,,30.0,True,3,3.0,30.0,1.0
23,11,Laurie Hernandez,Valentin Chmerkovskiy,Athlete,New Jersey,United States,16,1st Place,1,9.6666,10.0,9.6666,10.0,39.333200000000005,True,4,4.0,40.0,0.9833300000000001
8,1,Lawrence Taylor,Edyta Sliwinska,Athlete,Virginia,United States,50,Eliminated Week 7,7,6.0,5.0,5.0,,16.0,True,3,3.0,30.0,0.5333333333333333
8,2,Lawrence Taylor,Edyta Sliwinska,Athlete,Virginia,United States,50,Eliminated Week 7,7,7.0,6.0,7.0,,20.0,True,3,3.0,30.0,0.6666666666666666
8,3,Lawrence Taylor,Edyta Sliwinska,Athlete,Virginia,United States,50,Eliminated Week 7,7,7.0,6.0,7.0,,20.0,True,3,3.0,30.0,0.6666666666666666
8,4,Lawrence Taylor,Edyta Sliwinska,Athlete,Virginia,United States,50,Eliminated Week 7,7,7.0,5.0,7.0,,19.0,True,3,3.0,30.0,0.6333333333333333
8,5,Lawrence Taylor,Edyta Sliwinska,Athlete,Virginia,United States,50,Eliminated Week 7,7,6.0,7.0,7.0,,20.0,True,3,3.0,30.0,0.6666666666666666
8,6,Lawrence Taylor,Edyta Sliwinska,Athlete,Virginia,United States,50,Eliminated Week 7,7,7.0,7.0,8.0,,22.0,True,3,3.0,30.0,0.7333333333333333
8,7,Lawrence Taylor,Edyta Sliwinska,Athlete,Virginia,United States,50,Eliminated Week 7,7,7.0,7.0,7.0,,21.0,True,3,3.0,30.0,0.7
8,8,Lawrence Taylor,Edyta Sliwinska,Athlete,Virginia,United States,50,Eliminated Week 7,7,0.0,0.0,0.0,,0.0,False,3,3.0,30.0,
8,9,Lawrence Taylor,Edyta Sliwinska,Athlete,Virginia,United States,50,Eliminated Week 7,7,0.0,0.0,0.0,,0.0,False,3,3.0,30.0,
8,10,Lawrence Taylor,Edyta Sliwinska,Athlete,Virginia,United States,50,Eliminated Week 7,7,0.0,0.0,0.0,,0.0,False,3,3.0,30.0,
8,11,Lawrence Taylor,Edyta Sliwinska,Athlete,Virginia,United States,50,Eliminated Week 7,7,0.0,0.0,0.0,,0.0,False,3,3.0,30.0,
19,1,Lea Thompson,Artem Chigvintsev,Actor/Actress,Minnesota,United States,53,Eliminated Week 9,6,8.0,8.0,8.0,8.0,32.0,True,4,4.0,40.0,0.8
19,2,Lea Thompson,Artem Chigvintsev,Actor/Actress,Minnesota,United States,53,Eliminated Week 9,6,9.0,8.0,9.0,9.0,35.0,True,4,4.0,40.0,0.875
19,3,Lea Thompson,Artem Chigvintsev,Actor/Actress,Minnesota,United States,53,Eliminated Week 9,6,7.0,8.0,8.0,8.0,31.0,True,4,4.0,40.0,0.775
19,4,Lea Thompson,Artem Chigvintsev,Actor/Actress,Minnesota,United States,53,Eliminated Week 9,6,10.0,10.0,10.0,9.0,39.0,True,4,4.0,40.0,0.975
19,5,Lea Thompson,Artem Chigvintsev,Actor/Actress,Minnesota,United States,53,Eliminated Week 9,6,9.0,8.0,8.0,9.0,34.0,True,4,4.0,40.0,0.85
19,6,Lea Thompson,Artem Chigvintsev,Actor/Actress,Minnesota,United States,53,Eliminated Week 9,6,8.0,8.0,8.0,8.0,32.0,True,4,4.0,40.0,0.8
19,7,Lea Thompson,Artem Chigvintsev,Actor/Actress,Minnesota,United States,53,Eliminated Week 9,6,8.5,8.5,9.0,9.0,35.0,True,4,4.0,40.0,0.875
19,8,Lea Thompson,Artem Chigvintsev,Actor/Actress,Minnesota,United States,53,Eliminated Week 9,6,8.0,8.0,8.0,8.0,32.0,True,4,4.0,40.0,0.8
19,9,Lea Thompson,Artem Chigvintsev,Actor/Actress,Minnesota,United States,53,Eliminated Week 9,6,8.5,9.0,8.5,9.0,35.0,True,4,4.0,40.0,0.875
19,10,Lea Thompson,Artem Chigvintsev,Actor/Actress,Minnesota,United States,53,Eliminated Week 9,6,0.0,0.0,0.0,0.0,0.0,False,4,4.0,40.0,
19,11,Lea Thompson,Artem Chigvintsev,Actor/Actress,Minnesota,United States,53,Eliminated Week 9,6,0.0,0.0,0.0,0.0,0.0,False,4,4.0,40.0,
17,1,Leah Remini,Tony Dovolani,Actor/Actress,New York,United States,43,Eliminated Week 10,5,7.0,7.0,7.0,,21.0,True,3,3.0,30.0,0.7
17,2,Leah Remini,Tony Dovolani,Actor/Actress,New York,United States,43,Eliminated Week 10,5,8.0,8.0,8.0,,24.0,True,3,3.0,30.0,0.8
17,3,Leah Remini,Tony Dovolani,Actor/Actress,New York,United States,43,Eliminated Week 10,5,8.0,8.0,8.0,,24.0,True,3,3.0,30.0,0.8
17,4,Leah Remini,Tony Dovolani,Actor/Actress,New York,United States,43,Eliminated Week 10,5,8.0,8.0,8.0,,24.0,True,3,3.0,30.0,0.8
17,5,Leah Remini,Tony Dovolani,Actor/Actress,New York,United States,43,Eliminated Week 10,5,7.0,7.0,8.0,,22.0,True,3,3.0,30.0,0.7333333333333333
17,6,Leah Remini,Tony Dovolani,Actor/Actress,New York,United States,43,Eliminated Week 10,5,9.3333,9.3333,9.3333,,27.999899999999997,True,3,3.0,30.0,0.9333299999999999
17,7,Leah Remini,Tony Dovolani,Actor/Actress,New York,United States,43,Eliminated Week 10,5,9.0,8.5,9.0,,26.5,True,3,3.0,30.0,0.8833333333333333
17,8,Leah Remini,Tony Dovolani,Actor/Actress,New York,United States,43,Eliminated Week 10,5,9.0,10.0,9.0,,28.0,True,3,3.0,30.0,0.9333333333333333
17,9,Leah Remini,Tony Dovolani,Actor/Actress,New York,United States,43,Eliminated Week 10,5,9.0,9.0,9.0,,27.0,True,3,3.0,30.0,0.9
17,10,Leah Remini,Tony Dovolani,Actor/Actress,New York,United States,43,Eliminated Week 10,5,8.0,8.0,8.0,8.5,32.5,True,4,4.0,40.0,0.8125
17,11,Leah Remini,Tony Dovolani,Actor/Actress,New York,United States,43,Eliminated Week 10,5,0.0,0.0,0.0,,0.0,False,3,3.0,30.0,
4,1,Leeza Gibbons,Tony Dovolani,TV Personality,South Carolina,United States,50,Eliminated Week 4,9,5.0,5.0,5.0,,15.0,True,3,3.0,30.0,0.5
4,2,Leeza Gibbons,Tony Dovolani,TV Personality,South Carolina,United States,50,Eliminated Week 4,9,7.0,7.0,7.0,,21.0,True,3,3.0,30.0,0.7
4,3,Leeza Gibbons,Tony Dovolani,TV Personality,South Carolina,United States,50,Eliminated Week 4,9,8.0,8.0,8.0,,24.0,True,3,3.0,30.0,0.8
4,4,Leeza Gibbons,Tony Dovolani,TV Personality,South Carolina,United States,50,Eliminated Week 4,9,6.0,5.0,5.0,,16.0,True,3,3.0,30.0,0.5333333333333333
4,5,Leeza Gibbons,Tony Dovolani,TV Personality,South Carolina,United States,50,Eliminated Week 4,9,0.0,0.0,0.0,,0.0,False,3,3.0,30.0,
4,6,Leeza Gibbons,Tony Dovolani,TV Personality,South Carolina,United States,50,Eliminated Week 4,9,0.0,0.0,0.0,,0.0,False,3,3.0,30.0,
4,7,Leeza Gibbons,Tony Dovolani,TV Personality,South Carolina,United States,50,Eliminated Week 4,9,0.0,0.0,0.0,,0.0,False,3,3.0,30.0,
4,8,Leeza Gibbons,Tony Dovolani,TV Personality,South Carolina,United States,50,Eliminated Week 4,9,0.0,0.0,0.0,,0.0,False,3,3.0,30.0,
4,9,Leeza Gibbons,Tony Dovolani,TV Personality,South Carolina,United States,50,Eliminated Week 4,9,0.0,0.0,0.0,,0.0,False,3,3.0,30.0,
4,10,Leeza Gibbons,Tony Dovolani,TV Personality,South Carolina,United States,50,Eliminated Week 4,9,0.0,0.0,0.0,,0.0,False,3,3.0,30.0,
8,1,Lil' Kim,Derek Hough,Singer/Rapper,New York,United States,34,Eliminated Week 9,5,7.0,7.0,7.0,,21.0,True,3,3.0,30.0,0.7
8,2,Lil' Kim,Derek Hough,Singer/Rapper,New York,United States,34,Eliminated Week 9,5,8.0,7.0,8.0,,23.0,True,3,3.0,30.0,0.7666666666666667
8,3,Lil' Kim,Derek Hough,Singer/Rapper,New York,United States,34,Eliminated Week 9,5,8.0,8.0,9.0,,25.0,True,3,3.0,30.0,0.8333333333333334
8,4,Lil' Kim,Derek Hough,Singer/Rapper,New York,United States,34,Eliminated Week 9,5,9.0,8.0,10.0,,27.0,True,3,3.0,30.0,0.9
8,5,Lil' Kim,Derek Hough,Singer/Rapper,New York,United States,34,Eliminated Week 9,5,9.0,8.0,9.0,,26.0,True,3,3.0,30.0,0.8666666666666667
8,6,Lil' Kim,Derek Hough,Singer/Rapper,New York,United States,34,Eliminated Week 9,5,10.0,8.0,10.0,,28.0,True,3,3.0,30.0,0.9333333333333333
8,7,Lil' Kim,Derek Hough,Singer/Rapper,New York,United States,34,Eliminated Week 9,5,9.0,8.0,9.0,,26.0,True,3,3.0,30.0,0.8666666666666667
8,8,Lil' Kim,Derek Hough,Singer/Rapper,New York,United States,34,Eliminated Week 9,5,9.0,9.0,10.0,,28.0,True,3,3.0,30.0,0.9333333333333333
8,9,Lil' Kim,Derek Hough,Singer/Rapper,New York,United States,34,Eliminated Week 9,5,8.5,9.0,8.5,,26.0,True,3,3.0,30.0,0.8666666666666667
8,10,Lil' Kim,Derek Hough,Singer/Rapper,New York,United States,34,Eliminated Week 9,5,0.0,0.0,0.0,,0.0,False,3,3.0,30.0,
8,11,Lil' Kim,Derek Hough,Singer/Rapper,New York,United States,34,Eliminated Week 9,5,0.0,0.0,0.0,,0.0,False,3,3.0,30.0,
25,1,Lindsey Stirling,Mark Ballas,Musician,California,United States,31,2nd Place,2,7.0,8.0,7.0,,22.0,True,3,3.0,30.0,0.7333333333333333
25,2,Lindsey Stirling,Mark Ballas,Musician,California,United States,31,2nd Place,2,7.5,7.5,7.5,,22.5,True,3,3.0,30.0,0.75
25,3,Lindsey Stirling,Mark Ballas,Musician,California,United States,31,2nd Place,2,9.0,9.0,9.0,,27.0,True,3,3.0,30.0,0.9
25,4,Lindsey Stirling,Mark Ballas,Musician,California,United States,31,2nd Place,2,9.0,8.0,9.0,,26.0,True,3,3.0,30.0,0.8666666666666667
25,5,Lindsey Stirling,Mark Ballas,Musician,California,United States,31,2nd Place,2,9.0,10.0,9.0,,28.0,True,3,3.0,30.0,0.9333333333333333
25,6,Lindsey Stirling,Mark Ballas,Musician,California,United States,31,2nd Place,2,10.0,10.0,10.0,10.0,40.0,True,4,4.0,40.0,1.0
25,7,Lindsey Stirling,Mark Ballas,Musician,California,United States,31,2nd Place,2,8.5,8.5,8.5,,25.5,True,3,3.0,30.0,0.85
25,8,Lindsey Stirling,Mark Ballas,Musician,California,United States,31,2nd Place,2,9.5,8.5,9.0,,27.0,True,3,3.0,30.0,0.9
25,9,Lindsey Stirling,Mark Ballas,Musician,California,United States,31,2nd Place,2,9.5,9.0,10.0,,28.5,True,3,3.0,30.0,0.95
25,10,Lindsey Stirling,Mark Ballas,Musician,California,United States,31,2nd Place,2,10.0,10.0,10.0,10.0,40.0,True,4,4.0,40.0,1.0
2,1,Lisa Rinna,Louis van Amstel,Actor/Actress,California,United States,42,Eliminated Week 7,4,5.0,7.0,7.0,,19.0,True,3,3.0,30.0,0.6333333333333333
2,2,Lisa Rinna,Louis van Amstel,Actor/Actress,California,United States,42,Eliminated Week 7,4,6.0,7.0,7.0,,20.0,True,3,3.0,30.0,0.6666666666666666
2,3,Lisa Rinna,Louis van Amstel,Actor/Actress,California,United States,42,Eliminated Week 7,4,8.0,8.0,9.0,,25.0,True,3,3.0,30.0,0.8333333333333334
2,4,Lisa Rinna,Louis van Amstel,Actor/Actress,California,United States,42,Eliminated Week 7,4,9.0,9.0,8.0,,26.0,True,3,3.0,30.0,0.8666666666666667
2,5,Lisa Rinna,Louis van Amstel,Actor/Actress,California,United States,42,Eliminated Week 7,4,7.0,9.0,9.0,,25.0,True,3,3.0,30.0,0.8333333333333334
2,6,Lisa Rinna,Louis van Amstel,Actor/Actress,California,United States,42,Eliminated Week 7,4,9.0,9.0,9.0,,27.0,True,3,3.0,30.0,0.9
2,7,Lisa Rinna,Louis van Amstel,Actor/Actress,California,United States,42,Eliminated Week 7,4,8.5,9.0,9.0,,26.5,True,3,3.0,30.0,0.8833333333333333
2,8,Lisa Rinna,Louis van Amstel,Actor/Actress,California,United States,42,Eliminated Week 7,4,0.0,0.0,0.0,,0.0,False,3,3.0,30.0,
19,1,Lolo Jones,Keo Motsepe,Athlete,Iowa,United States,32,Eliminated Week 1,13,6.0,6.0,5.0,5.0,22.0,True,4,4.0,40.0,0.55
19,2,Lolo Jones,Keo Motsepe,Athlete,Iowa,United States,32,Eliminated Week 1,13,0.0,0.0,0.0,0.0,0.0,False,4,4.0,40.0,
19,3,Lolo Jones,Keo Motsepe,Athlete,Iowa,United States,32,Eliminated Week 1,13,0.0,0.0,0.0,0.0,0.0,False,4,4.0,40.0,
19,4,Lolo Jones,Keo Motsepe,Athlete,Iowa,United States,32,Eliminated Week 1,13,0.0,0.0,0.0,0.0,0.0,False,4,4.0,40.0,
19,5,Lolo Jones,Keo Motsepe,Athlete,Iowa,United States,32,Eliminated Week 1,13,0.0,0.0,0.0,0.0,0.0,False,4,4.0,40.0,
19,6,Lolo Jones,Keo Motsepe,Athlete,Iowa,United States,32,Eliminated Week 1,13,0.0,0.0,0.0,0.0,0.0,False,4,4.0,40.0,
19,7,Lolo Jones,Keo Motsepe,Athlete,Iowa,United States,32,Eliminated Week 1,13,0.0,0.0,0.0,0.0,0.0,False,4,4.0,40.0,
19,8,Lolo Jones,Keo Motsepe,Athlete,Iowa,United States,32,Eliminated Week 1,13,0.0,0.0,0.0,0.0,0.0,False,4,4.0,40.0,
19,9,Lolo Jones,Keo Motsepe,Athlete,Iowa,United States,32,Eliminated Week 1,13,0.0,0.0,0.0,0.0,0.0,False,4,4.0,40.0,
19,10,Lolo Jones,Keo Motsepe,Athlete,Iowa,United States,32,Eliminated Week 1,13,0.0,0.0,0.0,0.0,0.0,False,4,4.0,40.0,
19,11,Lolo Jones,Keo Motsepe,Athlete,Iowa,United States,32,Eliminated Week 1,13,0.0,0.0,0.0,0.0,0.0,False,4,4.0,40.0,
9,1,Louie Vito,Chelsie Hightower,Athlete,Ohio,United States,21,Eliminated Week 6,8,8.6666,9.6666,8.6666,,26.9998,True,3,3.0,30.0,0.8999933333333333
9,2,Louie Vito,Chelsie Hightower,Athlete,Ohio,United States,21,Eliminated Week 6,8,6.0,7.0,6.0,,19.0,True,3,3.0,30.0,0.6333333333333333
9,3,Louie Vito,Chelsie Hightower,Athlete,Ohio,United States,21,Eliminated Week 6,8,8.0,5.0,7.0,,20.0,True,3,3.0,30.0,0.6666666666666666
9,4,Louie Vito,Chelsie Hightower,Athlete,Ohio,United States,21,Eliminated Week 6,8,5.0,5.0,6.0,,16.0,True,3,3.0,30.0,0.5333333333333333
9,5,Louie Vito,Chelsie Hightower,Athlete,Ohio,United States,21,Eliminated Week 6,8,7.0,8.0,7.0,,22.0,True,3,3.0,30.0,0.7333333333333333
9,6,Louie Vito,Chelsie Hightower,Athlete,Ohio,United States,21,Eliminated Week 6,8,8.0,8.0,8.0,,24.0,True,3,3.0,30.0,0.8
9,7,Louie Vito,Chelsie Hightower,Athlete,Ohio,United States,21,Eliminated Week 6,8,0.0,0.0,0.0,,0.0,False,3,3.0,30.0,
9,8,Louie Vito,Chelsie Hightower,Athlete,Ohio,United States,21,Eliminated Week 6,8,0.0,0.0,0.0,,0.0,False,3,3.0,30.0,
9,9,Louie Vito,Chelsie Hightower,Athlete,Ohio,United States,21,Eliminated Week 6,8,0.0,0.0,0.0,,0.0,False,3,3.0,30.0,
9,10,Louie Vito,Chelsie Hightower,Athlete,Ohio,United States,21,Eliminated Week 6,8,0.0,0.0,0.0,,0.0,False,3,3.0,30.0,
9,1,Macy Gray,Jonathan Roberts,Singer/Rapper,Ohio,United States,42,Eliminated Week 1,15,7.3333,5.3333,6.3333,,18.9999,True,3,3.0,30.0,0.6333300000000001
9,2,Macy Gray,Jonathan Roberts,Singer/Rapper,Ohio,United States,42,Eliminated Week 1,15,0.0,0.0,0.0,,0.0,False,3,3.0,30.0,
9,3,Macy Gray,Jonathan Roberts,Singer/Rapper,Ohio,United States,42,Eliminated Week 1,15,0.0,0.0,0.0,,0.0,False,3,3.0,30.0,
9,4,Macy Gray,Jonathan Roberts,Singer/Rapper,Ohio,United States,42,Eliminated Week 1,15,0.0,0.0,0.0,,0.0,False,3,3.0,30.0,
9,5,Macy Gray,Jonathan Roberts,Singer/Rapper,Ohio,United States,42,Eliminated Week 1,15,0.0,0.0,0.0,,0.0,False,3,3.0,30.0,
9,6,Macy Gray,Jonathan Roberts,Singer/Rapper,Ohio,United States,42,Eliminated Week 1,15,0.0,0.0,0.0,,0.0,False,3,3.0,30.0,
9,7,Macy Gray,Jonathan Roberts,Singer/Rapper,Ohio,United States,42,Eliminated Week 1,15,0.0,0.0,0.0,,0.0,False,3,3.0,30.0,
9,8,Macy Gray,Jonathan Roberts,Singer/Rapper,Ohio,United States,42,Eliminated Week 1,15,0.0,0.0,0.0,,0.0,False,3,3.0,30.0,
9,9,Macy Gray,Jonathan Roberts,Singer/Rapper,Ohio,United States,42,Eliminated Week 1,15,0.0,0.0,0.0,,0.0,False,3,3.0,30.0,
9,10,Macy Gray,Jonathan Roberts,Singer/Rapper,Ohio,United States,42,Eliminated Week 1,15,0.0,0.0,0.0,,0.0,False,3,3.0,30.0,
11,1,Margaret Cho,Louis van Amstel,Comedian,California,United States,41,Eliminated Week 3,10,5.0,5.0,5.0,,15.0,True,3,3.0,30.0,0.5
11,2,Margaret Cho,Louis van Amstel,Comedian,California,United States,41,Eliminated Week 3,10,6.0,6.0,6.0,,18.0,True,3,3.0,30.0,0.6
11,3,Margaret Cho,Louis van Amstel,Comedian,California,United States,41,Eliminated Week 3,10,6.0,6.0,6.0,,18.0,True,3,3.0,30.0,0.6
11,4,Margaret Cho,Louis van Amstel,Comedian,California,United States,41,Eliminated Week 3,10,0.0,0.0,0.0,,0.0,False,3,3.0,30.0,
11,5,Margaret Cho,Louis van Amstel,Comedian,California,United States,41,Eliminated Week 3,10,0.0,0.0,0.0,,0.0,False,3,3.0,30.0,
11,6,Margaret Cho,Louis van Amstel,Comedian,California,United States,41,Eliminated Week 3,10,0.0,0.0,0.0,,0.0,False,3,3.0,30.0,
11,7,Margaret Cho,Louis van Amstel,Comedian,California,United States,41,Eliminated Week 3,10,0.0,0.0,0.0,0.0,0.0,False,4,4.0,40.0,
11,8,Margaret Cho,Louis van Amstel,Comedian,California,United States,41,Eliminated Week 3,10,0.0,0.0,0.0,,0.0,False,3,3.0,30.0,
11,9,Margaret Cho,Louis van Amstel,Comedian,California,United States,41,Eliminated Week 3,10,0.0,0.0,0.0,,0.0,False,3,3.0,30.0,
11,10,Margaret Cho,Louis van Amstel,Comedian,California,United States,41,Eliminated Week 3,10,0.0,0.0,0.0,,0.0,False,3,3.0,30.0,
14,1,Maria Menounos,Derek Hough,TV Personality,Massachusetts,United States,33,Eliminated Week 9,4,7.0,7.0,7.0,,21.0,True,3,3.0,30.0,0.7
14,2,Maria Menounos,Derek Hough,TV Personality,Massachusetts,United States,33,Eliminated Week 9,4,8.0,8.0,9.0,,25.0,True,3,3.0,30.0,0.8333333333333334
14,3,Maria Menounos,Derek Hough,TV Personality,Massachusetts,United States,33,Eliminated Week 9,4,9.0,9.0,9.0,,27.0,True,3,3.0,30.0,0.9
14,4,Maria Menounos,Derek Hough,TV Personality,Massachusetts,United States,33,Eliminated Week 9,4,9.0,8.0,9.0,,26.0,True,3,3.0,30.0,0.8666666666666667
14,5,Maria Menounos,Derek Hough,TV Personality,Massachusetts,United States,33,Eliminated Week 9,4,9.0,9.0,9.0,,27.0,True,3,3.0,30.0,0.9
14,6,Maria Menounos,Derek Hough,TV Personality,Massachusetts,United States,33,Eliminated Week 9,4,9.3333,10.3333,10.3333,,29.999899999999997,True,3,3.0,30.0,0.9999966666666665
14,7,Maria Menounos,Derek Hough,TV Personality,Massachusetts,United States,33,Eliminated Week 9,4,10.0,9.0,9.5,,28.5,True,3,3.0,30.0,0.95
14,8,Maria Menounos,Derek Hough,TV Personality,Massachusetts,United States,33,Eliminated Week 9,4,9.5,7.5,9.5,,26.5,True,3,3.0,30.0,0.8833333333333333
14,9,Maria Menounos,Derek Hough,TV Personality,Massachusetts,United States,33,Eliminated Week 9,4,10.0,9.5,10.0,,29.5,True,3,3.0,30.0,0.9833333333333333
14,10,Maria Menounos,Derek Hough,TV Personality,Massachusetts,United States,33,Eliminated Week 9,4,0.0,0.0,0.0,,0.0,False,3,3.0,30.0,
5,1,Marie Osmond,Jonathan Roberts,Singer/Rapper,Utah,United States,47,3rd Place,3,7.0,7.0,7.0,,21.0,True,3,3.0,30.0,0.7
5,2,Marie Osmond,Jonathan Roberts,Singer/Rapper,Utah,United States,47,3rd Place,3,8.0,8.0,8.0,,24.0,True,3,3.0,30.0,0.8
5,3,Marie Osmond,Jonathan Roberts,Singer/Rapper,Utah,United States,47,3rd Place,3,9.0,8.0,9.0,,26.0,True,3,3.0,30.0,0.8666666666666667
5,4,Marie Osmond,Jonathan Roberts,Singer/Rapper,Utah,United States,47,3rd Place,3,9.0,9.0,8.0,,26.0,True,3,3.0,30.0,0.8666666666666667
5,5,Marie Osmond,Jonathan Roberts,Singer/Rapper,Utah,United States,47,3rd Place,3,7.0,7.0,7.0,,21.0,True,3,3.0,30.0,0.7
5,6,Marie Osmond,Jonathan Roberts,Singer/Rapper,Utah,United States,47,3rd Place,3,8.0,8.0,7.0,,23.0,True,3,3.0,30.0,0.7666666666666667
5,7,Marie Osmond,Jonathan Roberts,Singer/Rapper,Utah,United States,47,3rd Place,3,9.0,8.5,8.5,,26.0,True,3,3.0,30.0,0.8666666666666667
5,8,Marie Osmond,Jonathan Roberts,Singer/Rapper,Utah,United States,47,3rd Place,3,8.0,8.5,8.0,,24.5,True,3,3.0,30.0,0.8166666666666667
5,9,Marie Osmond,Jonathan Roberts,Singer/Rapper,Utah,United States,47,3rd Place,3,9.5,9.5,9.0,,28.0,True,3,3.0,30.0,0.9333333333333333
5,10,Marie Osmond,Jonathan Roberts,Singer/Rapper,Utah,United States,47,3rd Place,3,8.0,7.5,7.5,,23.0,True,3,3.0,30.0,0.7666666666666667
23,1,Marilu Henner,Derek Hough,Actor/Actress,Illinois,United States,64,Eliminated Week 9,6,7.0,7.0,6.0,7.0,27.0,True,4,4.0,40.0,0.675
23,2,Marilu Henner,Derek Hough,Actor/Actress,Illinois,United States,64,Eliminated Week 9,6,7.0,6.0,7.0,7.0,27.0,True,4,4.0,40.0,0.675
23,3,Marilu Henner,Derek Hough,Actor/Actress,Illinois,United States,64,Eliminated Week 9,6,7.0,7.0,7.0,7.0,28.0,True,4,4.0,40.0,0.7
23,4,Marilu Henner,Derek Hough,Actor/Actress,Illinois,United States,64,Eliminated Week 9,6,7.0,7.0,7.0,,21.0,True,3,3.0,30.0,0.7
23,5,Marilu Henner,Derek Hough,Actor/Actress,Illinois,United States,64,Eliminated Week 9,6,9.0,9.0,9.0,,27.0,True,3,3.0,30.0,0.9
23,6,Marilu Henner,Derek Hough,Actor/Actress,Illinois,United States,64,Eliminated Week 9,6,8.0,9.0,9.0,8.0,34.0,True,4,4.0,40.0,0.85
23,7,Marilu Henner,Derek Hough,Actor/Actress,Illinois,United States,64,Eliminated Week 9,6,7.5,8.0,8.5,8.0,32.0,True,4,4.0,40.0,0.8
23,8,Marilu Henner,Derek Hough,Actor/Actress,Illinois,United States,64,Eliminated Week 9,6,7.0,8.0,8.0,,23.0,True,3,3.0,30.0,0.7666666666666667
23,9,Marilu Henner,Derek Hough,Actor/Actress,Illinois,United States,64,Eliminated Week 9,6,9.0,9.0,9.0,9.0,36.0,True,4,4.0,40.0,0.9
23,10,Marilu Henner,Derek Hough,Actor/Actress,Illinois,United States,64,Eliminated Week 9,6,0.0,0.0,0.0,,0.0,False,3,3.0,30.0,
23,11,Marilu Henner,Derek Hough,Actor/Actress,Illinois,United States,64,Eliminated Week 9,6,0.0,0.0,0.0,0.0,0.0,False,4,4.0,40.0,
6,1,Mario,Karina Smirnoff,Singer/Rapper,Maryland,United States,21,Eliminated Week 8,5,8.0,8.0,8.0,,24.0,True,3,3.0,30.0,0.8
6,2,Mario,Karina Smirnoff,Singer/Rapper,Maryland,United States,21,Eliminated Week 8,5,9.0,8.0,9.0,,26.0,True,3,3.0,30.0,0.8666666666666667
6,3,Mario,Karina Smirnoff,Singer/Rapper,Maryland,United States,21,Eliminated Week 8,5,7.0,6.0,8.0,,21.0,True,3,3.0,30.0,0.7
6,4,Mario,Karina Smirnoff,Singer/Rapper,Maryland,United States,21,Eliminated Week 8,5,8.0,7.0,9.0,,24.0,True,3,3.0,30.0,0.8
6,5,Mario,Karina Smirnoff,Singer/Rapper,Maryland,United States,21,Eliminated Week 8,5,9.0,9.0,9.0,,27.0,True,3,3.0,30.0,0.9
6,6,Mario,Karina Smirnoff,Singer/Rapper,Maryland,United States,21,Eliminated Week 8,5,9.0,9.0,10.0,,28.0,True,3,3.0,30.0,0.9333333333333333
6,7,Mario,Karina Smirnoff,Singer/Rapper,Maryland,United States,21,Eliminated Week 8,5,8.5,8.5,8.5,,25.5,True,3,3.0,30.0,0.85
6,8,Mario,Karina Smirnoff,Singer/Rapper,Maryland,United States,21,Eliminated Week 8,5,9.0,8.5,9.0,,26.5,True,3,3.0,30.0,0.8833333333333333
6,9,Mario,Karina Smirnoff,Singer/Rapper,Maryland,United States,21,Eliminated Week 8,5,0.0,0.0,0.0,,0.0,False,3,3.0,30.0,
6,10,Mario,Karina Smirnoff,Singer/Rapper,Maryland,United States,21,Eliminated Week 8,5,0.0,0.0,0.0,,0.0,False,3,3.0,30.0,
3,1,Mario Lopez,Karina Smirnoff,Actor/Actress,California,United States,32,2nd Place,2,9.0,8.0,9.0,,26.0,True,3,3.0,30.0,0.8666666666666667
3,2,Mario Lopez,Karina Smirnoff,Actor/Actress,California,United States,32,2nd Place,2,7.0,6.0,8.0,,21.0,True,3,3.0,30.0,0.7
3,3,Mario Lopez,Karina Smirnoff,Actor/Actress,California,United States,32,2nd Place,2,8.0,6.0,8.0,,22.0,True,3,3.0,30.0,0.7333333333333333
3,4,Mario Lopez,Karina Smirnoff,Actor/Actress,California,United States,32,2nd Place,2,10.0,9.0,10.0,,29.0,True,3,3.0,30.0,0.9666666666666667
3,5,Mario Lopez,Karina Smirnoff,Actor/Actress,California,United States,32,2nd Place,2,9.0,9.0,9.0,,27.0,True,3,3.0,30.0,0.9
3,6,Mario Lopez,Karina Smirnoff,Actor/Actress,California,United States,32,2nd Place,2,9.0,9.0,10.0,,28.0,True,3,3.0,30.0,0.9333333333333333
3,7,Mario Lopez,Karina Smirnoff,Actor/Actress,California,United States,32,2nd Place,2,9.5,9.0,9.5,,28.0,True,3,3.0,30.0,0.9333333333333333
3,8,Mario Lopez,Karina Smirnoff,Actor/Actress,California,United States,32,2nd Place,2,9.5,9.0,10.0,,28.5,True,3,3.0,30.0,0.95
3,9,Mario Lopez,Karina Smirnoff,Actor/Actress,California,United States,32,2nd Place,2,10.0,9.5,10.0,,29.5,True,3,3.0,30.0,0.9833333333333333
3,10,Mario Lopez,Karina Smirnoff,Actor/Actress,California,United States,32,2nd Place,2,10.0,10.0,9.6666,,29.666600000000003,True,3,3.0,30.0,0.9888866666666668
6,1,Marissa Jaret Winokur,Tony Dovolani,Actor/Actress,New York,United States,35,Eliminated Week 9,4,6.0,6.0,6.0,,18.0,True,3,3.0,30.0,0.6
6,2,Marissa Jaret Winokur,Tony Dovolani,Actor/Actress,New York,United States,35,Eliminated Week 9,4,7.0,7.0,7.0,,21.0,True,3,3.0,30.0,0.7
6,3,Marissa Jaret Winokur,Tony Dovolani,Actor/Actress,New York,United States,35,Eliminated Week 9,4,6.0,7.0,6.0,,19.0,True,3,3.0,30.0,0.6333333333333333
6,4,Marissa Jaret Winokur,Tony Dovolani,Actor/Actress,New York,United States,35,Eliminated Week 9,4,8.0,8.0,8.0,,24.0,True,3,3.0,30.0,0.8
6,5,Marissa Jaret Winokur,Tony Dovolani,Actor/Actress,New York,United States,35,Eliminated Week 9,4,8.0,8.0,8.0,,24.0,True,3,3.0,30.0,0.8
6,6,Marissa Jaret Winokur,Tony Dovolani,Actor/Actress,New York,United States,35,Eliminated Week 9,4,9.0,8.0,9.0,,26.0,True,3,3.0,30.0,0.8666666666666667
6,7,Marissa Jaret Winokur,Tony Dovolani,Actor/Actress,New York,United States,35,Eliminated Week 9,4,9.0,8.5,8.5,,26.0,True,3,3.0,30.0,0.8666666666666667
6,8,Marissa Jaret Winokur,Tony Dovolani,Actor/Actress,New York,United States,35,Eliminated Week 9,4,8.5,8.0,8.5,,25.0,True,3,3.0,30.0,0.8333333333333334
6,9,Marissa Jaret Winokur,Tony Dovolani,Actor/Actress,New York,United States,35,Eliminated Week 9,4,8.5,9.0,8.5,,26.0,True,3,3.0,30.0,0.8666666666666667
6,10,Marissa Jaret Winokur,Tony Dovolani,Actor/Actress,New York,United States,35,Eliminated Week 9,4,0.0,0.0,0.0,,0.0,False,3,3.0,30.0,
5,1,Mark Cuban,Kym Johnson,TV Personality,Pennsylvania,United States,49,Eliminated Week 5,8,7.0,7.0,7.0,,21.0,True,3,3.0,30.0,0.7
5,2,Mark Cuban,Kym Johnson,TV Personality,Pennsylvania,United States,49,Eliminated Week 5,8,6.0,6.0,6.0,,18.0,True,3,3.0,30.0,0.6
5,3,Mark Cuban,Kym Johnson,TV Personality,Pennsylvania,United States,49,Eliminated Week 5,8,6.0,7.0,7.0,,20.0,True,3,3.0,30.0,0.6666666666666666
5,4,Mark Cuban,Kym Johnson,TV Personality,Pennsylvania,United States,49,Eliminated Week 5,8,7.0,8.0,7.0,,22.0,True,3,3.0,30.0,0.7333333333333333
5,5,Mark Cuban,Kym Johnson,TV Personality,Pennsylvania,United States,49,Eliminated Week 5,8,7.0,7.0,7.0,,21.0,True,3,3.0,30.0,0.7
5,6,Mark Cuban,Kym Johnson,TV Personality,Pennsylvania,United States,49,Eliminated Week 5,8,0.0,0.0,0.0,,0.0,False,3,3.0,30.0,
5,7,Mark Cuban,Kym Johnson,TV Personality,Pennsylvania,United States,49,Eliminated Week 5,8,0.0,0.0,0.0,,0.0,False,3,3.0,30.0,
5,8,Mark Cuban,Kym Johnson,TV Personality,Pennsylvania,United States,49,Eliminated Week 5,8,0.0,0.0,0.0,,0.0,False,3,3.0,30.0,
5,9,Mark Cuban,Kym Johnson,TV Personality,Pennsylvania,United States,49,Eliminated Week 5,8,0.0,0.0,0.0,,0.0,False,3,3.0,30.0,
5,10,Mark Cuban,Kym Johnson,TV Personality,Pennsylvania,United States,49,Eliminated Week 5,8,0.0,0.0,0.0,,0.0,False,3,3.0,30.0,
9,1,Mark Dacascos,Lacey Schwimmer,Actor/Actress,Hawaii,United States,45,Eliminated Week 7,6,9.6666,9.6666,9.6666,,28.9998,True,3,3.0,30.0,0.96666
9,2,Mark Dacascos,Lacey Schwimmer,Actor/Actress,Hawaii,United States,45,Eliminated Week 7,6,7.0,7.0,7.0,,21.0,True,3,3.0,30.0,0.7
9,3,Mark Dacascos,Lacey Schwimmer,Actor/Actress,Hawaii,United States,45,Eliminated Week 7,6,6.0,6.0,6.0,,18.0,True,3,3.0,30.0,0.6
9,4,Mark Dacascos,Lacey Schwimmer,Actor/Actress,Hawaii,United States,45,Eliminated Week 7,6,8.0,7.0,7.0,,22.0,True,3,3.0,30.0,0.7333333333333333
9,5,Mark Dacascos,Lacey Schwimmer,Actor/Actress,Hawaii,United States,45,Eliminated Week 7,6,9.0,9.0,8.0,,26.0,True,3,3.0,30.0,0.8666666666666667
9,6,Mark Dacascos,Lacey Schwimmer,Actor/Actress,Hawaii,United States,45,Eliminated Week 7,6,11.0,11.0,10.0,,32.0,True,3,3.0,30.0,1.0666666666666667
9,7,Mark Dacascos,Lacey Schwimmer,Actor/Actress,Hawaii,United States,45,Eliminated Week 7,6,7.0,7.5,7.0,,21.5,True,3,3.0,30.0,0.7166666666666667
9,8,Mark Dacascos,Lacey Schwimmer,Actor/Actress,Hawaii,United States,45,Eliminated Week 7,6,0.0,0.0,0.0,,0.0,False,3,3.0,30.0,
9,9,Mark Dacascos,Lacey Schwimmer,Actor/Actress,Hawaii,United States,45,Eliminated Week 7,6,0.0,0.0,0.0,,0.0,False,3,3.0,30.0,
9,10,Mark Dacascos,Lacey Schwimmer,Actor/Actress,Hawaii,United States,45,Eliminated Week 7,6,0.0,0.0,0.0,,0.0,False,3,3.0,30.0,
22,1,Marla Maples,Tony Dovolani,TV Personality,Georgia,United States,52,Eliminated Week 4,10,7.0,7.0,7.0,,21.0,True,3,3.0,30.0,0.7
22,2,Marla Maples,Tony Dovolani,TV Personality,Georgia,United States,52,Eliminated Week 4,10,7.0,6.0,7.0,,20.0,True,3,3.0,30.0,0.6666666666666666
22,3,Marla Maples,Tony Dovolani,TV Personality,Georgia,United States,52,Eliminated Week 4,10,7.0,7.0,7.0,,21.0,True,3,3.0,30.0,0.7
22,4,Marla Maples,Tony Dovolani,TV Personality,Georgia,United States,52,Eliminated Week 4,10,7.0,7.0,7.0,7.0,28.0,True,4,4.0,40.0,0.7
22,5,Marla Maples,Tony Dovolani,TV Personality,Georgia,United States,52,Eliminated Week 4,10,0.0,0.0,0.0,0.0,0.0,False,4,4.0,40.0,
22,6,Marla Maples,Tony Dovolani,TV Personality,Georgia,United States,52,Eliminated Week 4,10,0.0,0.0,0.0,,0.0,False,3,3.0,30.0,
22,7,Marla Maples,Tony Dovolani,TV Personality,Georgia,United States,52,Eliminated Week 4,10,0.0,0.0,0.0,,0.0,False,3,3.0,30.0,
22,8,Marla Maples,Tony Dovolani,TV Personality,Georgia,United States,52,Eliminated Week 4,10,0.0,0.0,0.0,,0.0,False,3,3.0,30.0,
22,9,Marla Maples,Tony Dovolani,TV Personality,Georgia,United States,52,Eliminated Week 4,10,0.0,0.0,0.0,,0.0,False,3,3.0,30.0,
22,10,Marla Maples,Tony Dovolani,TV Personality,Georgia,United States,52,Eliminated Week 4,10,0.0,0.0,0.0,,0.0,False,3,3.0,30.0,
6,1,Marlee Matlin,Fabian Sanchez,Actor/Actress,Illinois,United States,42,Eliminated Week 6,7,7.0,7.0,8.0,,22.0,True,3,3.0,30.0,0.7333333333333333
6,2,Marlee Matlin,Fabian Sanchez,Actor/Actress,Illinois,United States,42,Eliminated Week 6,7,8.0,8.0,8.0,,24.0,True,3,3.0,30.0,0.8
6,3,Marlee Matlin,Fabian Sanchez,Actor/Actress,Illinois,United States,42,Eliminated Week 6,7,7.0,7.0,7.0,,21.0,True,3,3.0,30.0,0.7
6,4,Marlee Matlin,Fabian Sanchez,Actor/Actress,Illinois,United States,42,Eliminated Week 6,7,8.0,8.0,8.0,,24.0,True,3,3.0,30.0,0.8
6,5,Marlee Matlin,Fabian Sanchez,Actor/Actress,Illinois,United States,42,Eliminated Week 6,7,7.0,7.0,8.0,,22.0,True,3,3.0,30.0,0.7333333333333333
6,6,Marlee Matlin,Fabian Sanchez,Actor/Actress,Illinois,United States,42,Eliminated Week 6,7,7.0,7.0,7.0,,21.0,True,3,3.0,30.0,0.7
6,7,Marlee Matlin,Fabian Sanchez,Actor/Actress,Illinois,United States,42,Eliminated Week 6,7,0.0,0.0,0.0,,0.0,False,3,3.0,30.0,
6,8,Marlee Matlin,Fabian Sanchez,Actor/Actress,Illinois,United States,42,Eliminated Week 6,7,0.0,0.0,0.0,,0.0,False,3,3.0,30.0,
6,9,Marlee Matlin,Fabian Sanchez,Actor/Actress,Illinois,United States,42,Eliminated Week 6,7,0.0,0.0,0.0,,0.0,False,3,3.0,30.0,
6,10,Marlee Matlin,Fabian Sanchez,Actor/Actress,Illinois,United States,42,Eliminated Week 6,7,0.0,0.0,0.0,,0.0,False,3,3.0,30.0,
30,1,Martin Kove,Britt Stewart,Actor/Actress,New York,United States,75,Eliminated Week 2,15,4.0,3.0,3.0,3.0,13.0,True,4,4.0,40.0,0.325
30,2,Martin Kove,Britt Stewart,Actor/Actress,New York,United States,75,Eliminated Week 2,15,4.0,3.0,4.0,4.0,15.0,True,4,4.0,40.0,0.375
30,3,Martin Kove,Britt Stewart,Actor/Actress,New York,United States,75,Eliminated Week 2,15,0.0,0.0,0.0,,0.0,False,3,3.0,30.0,
30,4,Martin Kove,Britt Stewart,Actor/Actress,New York,United States,75,Eliminated Week 2,15,0.0,0.0,0.0,0.0,0.0,False,4,4.0,40.0,
30,5,Martin Kove,Britt Stewart,Actor/Actress,New York,United States,75,Eliminated Week 2,15,0.0,0.0,0.0,0.0,0.0,False,4,4.0,40.0,
30,6,Martin Kove,Britt Stewart,Actor/Actress,New York,United States,75,Eliminated Week 2,15,0.0,0.0,0.0,0.0,0.0,False,4,4.0,40.0,
30,7,Martin Kove,Britt Stewart,Actor/Actress,New York,United States,75,Eliminated Week 2,15,0.0,0.0,0.0,0.0,0.0,False,4,4.0,40.0,
30,8,Martin Kove,Britt Stewart,Actor/Actress,New York,United States,75,Eliminated Week 2,15,0.0,0.0,0.0,0.0,0.0,False,4,4.0,40.0,
30,9,Martin Kove,Britt Stewart,Actor/Actress,New York,United States,75,Eliminated Week 2,15,0.0,0.0,0.0,0.0,0.0,False,4,4.0,40.0,
30,10,Martin Kove,Britt Stewart,Actor/Actress,New York,United States,75,Eliminated Week 2,15,0.0,0.0,0.0,0.0,0.0,False,4,4.0,40.0,
27,1,Mary Lou Retton,Sasha Farber,Athlete,West Virginia,United States,50,Eliminated Week 6,9,6.5,7.0,6.5,,20.0,True,3,3.0,30.0,0.6666666666666666
27,2,Mary Lou Retton,Sasha Farber,Athlete,West Virginia,United States,50,Eliminated Week 6,9,8.0,7.5,7.5,,23.0,True,3,3.0,30.0,0.7666666666666667
27,3,Mary Lou Retton,Sasha Farber,Athlete,West Virginia,United States,50,Eliminated Week 6,9,8.0,8.0,8.0,,24.0,True,3,3.0,30.0,0.8
27,4,Mary Lou Retton,Sasha Farber,Athlete,West Virginia,United States,50,Eliminated Week 6,9,9.0,8.0,9.0,,26.0,True,3,3.0,30.0,0.8666666666666667
27,5,Mary Lou Retton,Sasha Farber,Athlete,West Virginia,United States,50,Eliminated Week 6,9,9.0,8.0,8.0,,25.0,True,3,3.0,30.0,0.8333333333333334
27,6,Mary Lou Retton,Sasha Farber,Athlete,West Virginia,United States,50,Eliminated Week 6,9,8.0,8.0,8.0,,24.0,True,3,3.0,30.0,0.8
27,7,Mary Lou Retton,Sasha Farber,Athlete,West Virginia,United States,50,Eliminated Week 6,9,0.0,0.0,0.0,,0.0,False,3,3.0,30.0,
27,8,Mary Lou Retton,Sasha Farber,Athlete,West Virginia,United States,50,Eliminated Week 6,9,0.0,0.0,0.0,,0.0,False,3,3.0,30.0,
27,9,Mary Lou Retton,Sasha Farber,Athlete,West Virginia,United States,50,Eliminated Week 6,9,0.0,0.0,0.0,,0.0,False,3,3.0,30.0,
28,1,Mary Wilson,Brandon Armstrong,Singer/Rapper,Nevada,United States,75,Eliminated Week 2,12,6.0,5.0,6.0,,17.0,True,3,3.0,30.0,0.5666666666666667
28,2,Mary Wilson,Brandon Armstrong,Singer/Rapper,Nevada,United States,75,Eliminated Week 2,12,5.0,5.0,5.0,,15.0,True,3,3.0,30.0,0.5
28,3,Mary Wilson,Brandon Armstrong,Singer/Rapper,Nevada,United States,75,Eliminated Week 2,12,0.0,0.0,0.0,,0.0,False,3,3.0,30.0,
28,4,Mary Wilson,Brandon Armstrong,Singer/Rapper,Nevada,United States,75,Eliminated Week 2,12,0.0,0.0,0.0,0.0,0.0,False,4,4.0,40.0,
28,5,Mary Wilson,Brandon Armstrong,Singer/Rapper,Nevada,United States,75,Eliminated Week 2,12,0.0,0.0,0.0,,0.0,False,3,3.0,30.0,
28,6,Mary Wilson,Brandon Armstrong,Singer/Rapper,Nevada,United States,75,Eliminated Week 2,12,0.0,0.0,0.0,,0.0,False,3,3.0,30.0,
28,7,Mary Wilson,Brandon Armstrong,Singer/Rapper,Nevada,United States,75,Eliminated Week 2,12,0.0,0.0,0.0,,0.0,False,3,3.0,30.0,
28,8,Mary Wilson,Brandon Armstrong,Singer/Rapper,Nevada,United States,75,Eliminated Week 2,12,0.0,0.0,0.0,,0.0,False,3,3.0,30.0,
28,9,Mary Wilson,Brandon Armstrong,Singer/Rapper,Nevada,United States,75,Eliminated Week 2,12,0.0,0.0,0.0,0.0,0.0,False,4,4.0,40.0,
28,10,Mary Wilson,Brandon Armstrong,Singer/Rapper,Nevada,United States,75,Eliminated Week 2,12,0.0,0.0,0.0,,0.0,False,3,3.0,30.0,
28,11,Mary Wilson,Brandon Armstrong,Singer/Rapper,Nevada,United States,75,Eliminated Week 2,12,0.0,0.0,0.0,,0.0,False,3,3.0,30.0,
2,1,Master P,Ashly DelGrosso,Singer/Rapper,Louisiana,United States,35,Eliminated Week 4,7,4.0,4.0,4.0,,12.0,True,3,3.0,30.0,0.4
2,2,Master P,Ashly DelGrosso,Singer/Rapper,Louisiana,United States,35,Eliminated Week 4,7,6.0,5.0,5.0,,16.0,True,3,3.0,30.0,0.5333333333333333
2,3,Master P,Ashly DelGrosso,Singer/Rapper,Louisiana,United States,35,Eliminated Week 4,7,6.0,4.0,4.0,,14.0,True,3,3.0,30.0,0.4666666666666667
2,4,Master P,Ashly DelGrosso,Singer/Rapper,Louisiana,United States,35,Eliminated Week 4,7,4.0,2.0,2.0,,8.0,True,3,3.0,30.0,0.26666666666666666
2,5,Master P,Ashly DelGrosso,Singer/Rapper,Louisiana,United States,35,Eliminated Week 4,7,0.0,0.0,0.0,,0.0,False,3,3.0,30.0,
2,6,Master P,Ashly DelGrosso,Singer/Rapper,Louisiana,United States,35,Eliminated Week 4,7,0.0,0.0,0.0,,0.0,False,3,3.0,30.0,
2,7,Master P,Ashly DelGrosso,Singer/Rapper,Louisiana,United States,35,Eliminated Week 4,7,0.0,0.0,0.0,,0.0,False,3,3.0,30.0,
2,8,Master P,Ashly DelGrosso,Singer/Rapper,Louisiana,United States,35,Eliminated Week 4,7,0.0,0.0,0.0,,0.0,False,3,3.0,30.0,
30,1,Matt James,Lindsay Arnold,Athlete,North Carolina,United States,29,Eliminated Week 4,12,6.0,6.0,6.0,6.0,24.0,True,4,4.0,40.0,0.6
30,2,Matt James,Lindsay Arnold,Athlete,North Carolina,United States,29,Eliminated Week 4,12,5.0,5.0,6.0,6.0,22.0,True,4,4.0,40.0,0.55
30,3,Matt James,Lindsay Arnold,Athlete,North Carolina,United States,29,Eliminated Week 4,12,7.0,6.0,7.0,,20.0,True,3,3.0,30.0,0.6666666666666666
30,4,Matt James,Lindsay Arnold,Athlete,North Carolina,United States,29,Eliminated Week 4,12,7.0,6.5,7.5,7.5,28.5,True,4,4.0,40.0,0.7125
30,5,Matt James,Lindsay Arnold,Athlete,North Carolina,United States,29,Eliminated Week 4,12,0.0,0.0,0.0,0.0,0.0,False,4,4.0,40.0,
30,6,Matt James,Lindsay Arnold,Athlete,North Carolina,United States,29,Eliminated Week 4,12,0.0,0.0,0.0,0.0,0.0,False,4,4.0,40.0,
30,7,Matt James,Lindsay Arnold,Athlete,North Carolina,United States,29,Eliminated Week 4,12,0.0,0.0,0.0,0.0,0.0,False,4,4.0,40.0,
30,8,Matt James,Lindsay Arnold,Athlete,North Carolina,United States,29,Eliminated Week 4,12,0.0,0.0,0.0,0.0,0.0,False,4,4.0,40.0,
30,9,Matt James,Lindsay Arnold,Athlete,North Carolina,United States,29,Eliminated Week 4,12,0.0,0.0,0.0,0.0,0.0,False,4,4.0,40.0,
30,10,Matt James,Lindsay Arnold,Athlete,North Carolina,United States,29,Eliminated Week 4,12,0.0,0.0,0.0,0.0,0.0,False,4,4.0,40.0,
32,1,Matt Walsh,Koko Iwasaki,Comedian,Illinois,United States,58,Eliminated Week 1,14,4.0,4.0,4.0,,12.0,True,3,3.0,30.0,0.4
32,2,Matt Walsh,Koko Iwasaki,Comedian,Illinois,United States,58,Eliminated Week 1,14,0.0,0.0,0.0,,0.0,False,3,3.0,30.0,
32,3,Matt Walsh,Koko Iwasaki,Comedian,Illinois,United States,58,Eliminated Week 1,14,0.0,0.0,0.0,0.0,0.0,False,4,4.0,40.0,
32,4,Matt Walsh,Koko Iwasaki,Comedian,Illinois,United States,58,Eliminated Week 1,14,0.0,0.0,0.0,,0.0,False,3,3.0,30.0,
32,5,Matt Walsh,Koko Iwasaki,Comedian,Illinois,United States,58,Eliminated Week 1,14,0.0,0.0,0.0,,0.0,False,3,3.0,30.0,
32,6,Matt Walsh,Koko Iwasaki,Comedian,Illinois,United States,58,Eliminated Week 1,14,0.0,0.0,0.0,0.0,0.0,False,4,4.0,40.0,
32,7,Matt Walsh,Koko Iwasaki,Comedian,Illinois,United States,58,Eliminated Week 1,14,0.0,0.0,0.0,0.0,0.0,False,4,4.0,40.0,
32,8,Matt Walsh,Koko Iwasaki,Comedian,Illinois,United States,58,Eliminated Week 1,14,0.0,0.0,0.0,0.0,0.0,False,4,4.0,40.0,
32,9,Matt Walsh,Koko Iwasaki,Comedian,Illinois,United States,58,Eliminated Week 1,14,0.0,0.0,0.0,0.0,0.0,False,4,4.0,40.0,
32,10,Matt Walsh,Koko Iwasaki,Comedian,Illinois,United States,58,Eliminated Week 1,14,0.0,0.0,0.0,,0.0,False,3,3.0,30.0,
32,11,Matt Walsh,Koko Iwasaki,Comedian,Illinois,United States,58,Eliminated Week 1,14,0.0,0.0,0.0,,0.0,False,3,3.0,30.0,
23,1,Maureen McCormick,Artem Chigvintsev,Actor/Actress,California,United States,60,Eliminated Week 7,8,6.0,5.0,5.0,6.0,22.0,True,4,4.0,40.0,0.55
23,2,Maureen McCormick,Artem Chigvintsev,Actor/Actress,California,United States,60,Eliminated Week 7,8,7.0,6.0,6.0,7.0,26.0,True,4,4.0,40.0,0.65
23,3,Maureen McCormick,Artem Chigvintsev,Actor/Actress,California,United States,60,Eliminated Week 7,8,7.0,7.0,7.0,7.0,28.0,True,4,4.0,40.0,0.7
23,4,Maureen McCormick,Artem Chigvintsev,Actor/Actress,California,United States,60,Eliminated Week 7,8,8.0,8.0,8.0,,24.0,True,3,3.0,30.0,0.8
23,5,Maureen McCormick,Artem Chigvintsev,Actor/Actress,California,United States,60,Eliminated Week 7,8,8.0,8.0,8.0,,24.0,True,3,3.0,30.0,0.8
23,6,Maureen McCormick,Artem Chigvintsev,Actor/Actress,California,United States,60,Eliminated Week 7,8,8.0,7.0,8.0,8.0,31.0,True,4,4.0,40.0,0.775
23,7,Maureen McCormick,Artem Chigvintsev,Actor/Actress,California,United States,60,Eliminated Week 7,8,8.5,8.0,8.0,8.5,33.0,True,4,4.0,40.0,0.825
23,8,Maureen McCormick,Artem Chigvintsev,Actor/Actress,California,United States,60,Eliminated Week 7,8,0.0,0.0,0.0,,0.0,False,3,3.0,30.0,
23,9,Maureen McCormick,Artem Chigvintsev,Actor/Actress,California,United States,60,Eliminated Week 7,8,0.0,0.0,0.0,0.0,0.0,False,4,4.0,40.0,
23,10,Maureen McCormick,Artem Chigvintsev,Actor/Actress,California,United States,60,Eliminated Week 7,8,0.0,0.0,0.0,,0.0,False,3,3.0,30.0,
23,11,Maureen McCormick,Artem Chigvintsev,Actor/Actress,California,United States,60,Eliminated Week 7,8,0.0,0.0,0.0,0.0,0.0,False,4,4.0,40.0,
7,1,Maurice Greene,Cheryl Burke,Athlete,Kansas,United States,34,Eliminated Week 8,5,6.5,6.5,6.5,,19.5,True,3,3.0,30.0,0.65
7,2,Maurice Greene,Cheryl Burke,Athlete,Kansas,United States,34,Eliminated Week 8,5,7.0,6.0,6.0,,19.0,True,3,3.0,30.0,0.6333333333333333
7,3,Maurice Greene,Cheryl Burke,Athlete,Kansas,United States,34,Eliminated Week 8,5,8.0,8.0,8.0,,24.0,True,3,3.0,30.0,0.8
7,4,Maurice Greene,Cheryl Burke,Athlete,Kansas,United States,34,Eliminated Week 8,5,6.0,7.0,7.0,,20.0,True,3,3.0,30.0,0.6666666666666666
7,5,Maurice Greene,Cheryl Burke,Athlete,Kansas,United States,34,Eliminated Week 8,5,9.0,9.0,9.0,,27.0,True,3,3.0,30.0,0.9
7,6,Maurice Greene,Cheryl Burke,Athlete,Kansas,United States,34,Eliminated Week 8,5,7.0,7.0,7.0,,21.0,True,3,3.0,30.0,0.7
7,7,Maurice Greene,Cheryl Burke,Athlete,Kansas,United States,34,Eliminated Week 8,5,8.0,9.0,8.0,,25.0,True,3,3.0,30.0,0.8333333333333334
7,8,Maurice Greene,Cheryl Burke,Athlete,Kansas,United States,34,Eliminated Week 8,5,8.0,8.0,8.0,,24.0,True,3,3.0,30.0,0.8
7,9,Maurice Greene,Cheryl Burke,Athlete,Kansas,United States,34,Eliminated Week 8,5,0.0,0.0,0.0,,0.0,False,3,3.0,30.0,
7,10,Maurice Greene,Cheryl Burke,Athlete,Kansas,United States,34,Eliminated Week 8,5,0.0,0.0,0.0,,0.0,False,3,3.0,30.0,
14,1,Melissa Gilbert,Maksim Chmerkoskiy,Actor/Actress,California,United States,47,Eliminated Week 8,5,7.0,6.0,7.0,,20.0,True,3,3.0,30.0,0.6666666666666666
14,2,Melissa Gilbert,Maksim Chmerkoskiy,Actor/Actress,California,United States,47,Eliminated Week 8,5,7.0,6.0,7.0,,20.0,True,3,3.0,30.0,0.6666666666666666
14,3,Melissa Gilbert,Maksim Chmerkoskiy,Actor/Actress,California,United States,47,Eliminated Week 8,5,8.0,8.0,8.0,,24.0,True,3,3.0,30.0,0.8
14,4,Melissa Gilbert,Maksim Chmerkoskiy,Actor/Actress,California,United States,47,Eliminated Week 8,5,7.0,8.0,7.0,,22.0,True,3,3.0,30.0,0.7333333333333333
14,5,Melissa Gilbert,Maksim Chmerkoskiy,Actor/Actress,California,United States,47,Eliminated Week 8,5,7.0,7.0,7.0,,21.0,True,3,3.0,30.0,0.7
14,6,Melissa Gilbert,Maksim Chmerkoskiy,Actor/Actress,California,United States,47,Eliminated Week 8,5,10.0,10.0,10.0,,30.0,True,3,3.0,30.0,1.0
14,7,Melissa Gilbert,Maksim Chmerkoskiy,Actor/Actress,California,United States,47,Eliminated Week 8,5,8.0,7.5,8.0,,23.5,True,3,3.0,30.0,0.7833333333333333
14,8,Melissa Gilbert,Maksim Chmerkoskiy,Actor/Actress,California,United States,47,Eliminated Week 8,5,8.5,8.5,8.5,,25.5,True,3,3.0,30.0,0.85
14,9,Melissa Gilbert,Maksim Chmerkoskiy,Actor/Actress,California,United States,47,Eliminated Week 8,5,0.0,0.0,0.0,,0.0,False,3,3.0,30.0,
14,10,Melissa Gilbert,Maksim Chmerkoskiy,Actor/Actress,California,United States,47,Eliminated Week 8,5,0.0,0.0,0.0,,0.0,False,3,3.0,30.0,
9,1,Melissa Joan Hart,Mark Ballas,Actor/Actress,New York,United States,33,Eliminated Week 6,9,8.0,8.0,8.0,,24.0,True,3,3.0,30.0,0.8
9,2,Melissa Joan Hart,Mark Ballas,Actor/Actress,New York,United States,33,Eliminated Week 6,9,7.0,6.0,6.0,,19.0,True,3,3.0,30.0,0.6333333333333333
9,3,Melissa Joan Hart,Mark Ballas,Actor/Actress,New York,United States,33,Eliminated Week 6,9,6.0,6.0,7.0,,19.0,True,3,3.0,30.0,0.6333333333333333
9,4,Melissa Joan Hart,Mark Ballas,Actor/Actress,New York,United States,33,Eliminated Week 6,9,9.0,9.0,10.0,,28.0,True,3,3.0,30.0,0.9333333333333333
9,5,Melissa Joan Hart,Mark Ballas,Actor/Actress,New York,United States,33,Eliminated Week 6,9,8.0,8.0,7.0,,23.0,True,3,3.0,30.0,0.7666666666666667
9,6,Melissa Joan Hart,Mark Ballas,Actor/Actress,New York,United States,33,Eliminated Week 6,9,8.3333,8.3333,7.3333,,23.9999,True,3,3.0,30.0,0.7999966666666667
9,7,Melissa Joan Hart,Mark Ballas,Actor/Actress,New York,United States,33,Eliminated Week 6,9,0.0,0.0,0.0,,0.0,False,3,3.0,30.0,
9,8,Melissa Joan Hart,Mark Ballas,Actor/Actress,New York,United States,33,Eliminated Week 6,9,0.0,0.0,0.0,,0.0,False,3,3.0,30.0,
9,9,Melissa Joan Hart,Mark Ballas,Actor/Actress,New York,United States,33,Eliminated Week 6,9,0.0,0.0,0.0,,0.0,False,3,3.0,30.0,
9,10,Melissa Joan Hart,Mark Ballas,Actor/Actress,New York,United States,33,Eliminated Week 6,9,0.0,0.0,0.0,,0.0,False,3,3.0,30.0,
8,1,Melissa Rycroft,Tony Dovolani,TV Personality,Texas,United States,26,3rd Place,3,8.0,7.0,8.0,,23.0,True,3,3.0,30.0,0.7666666666666667
8,2,Melissa Rycroft,Tony Dovolani,TV Personality,Texas,United States,26,3rd Place,3,9.0,8.0,9.0,,26.0,True,3,3.0,30.0,0.8666666666666667
8,3,Melissa Rycroft,Tony Dovolani,TV Personality,Texas,United States,26,3rd Place,3,9.0,9.0,9.0,,27.0,True,3,3.0,30.0,0.9
8,4,Melissa Rycroft,Tony Dovolani,TV Personality,Texas,United States,26,3rd Place,3,10.0,9.0,10.0,,29.0,True,3,3.0,30.0,0.9666666666666667
8,5,Melissa Rycroft,Tony Dovolani,TV Personality,Texas,United States,26,3rd Place,3,8.0,8.0,9.0,,25.0,True,3,3.0,30.0,0.8333333333333334
8,6,Melissa Rycroft,Tony Dovolani,TV Personality,Texas,United States,26,3rd Place,3,9.0,9.0,9.0,,27.0,True,3,3.0,30.0,0.9
8,7,Melissa Rycroft,Tony Dovolani,TV Personality,Texas,United States,26,3rd Place,3,10.0,9.0,10.0,,29.0,True,3,3.0,30.0,0.9666666666666667
8,8,Melissa Rycroft,Tony Dovolani,TV Personality,Texas,United States,26,3rd Place,3,7.5,7.5,8.0,,23.0,True,3,3.0,30.0,0.7666666666666667
8,9,Melissa Rycroft,Tony Dovolani,TV Personality,Texas,United States,26,3rd Place,3,9.5,9.5,9.5,,28.5,True,3,3.0,30.0,0.95
8,10,Melissa Rycroft,Tony Dovolani,TV Personality,Texas,United States,26,3rd Place,3,9.0,9.5,9.0,,27.5,True,3,3.0,30.0,0.9166666666666666
8,11,Melissa Rycroft,Tony Dovolani,TV Personality,Texas,United States,26,3rd Place,3,9.5,9.5,9.5,,28.5,True,3,3.0,30.0,0.95
15,1,Melissa Rycroft,Tony Dovolani,TV Personality,Texas,United States,29,1st Place,1,7.0,7.0,7.0,,21.0,True,3,3.0,30.0,0.7
15,2,Melissa Rycroft,Tony Dovolani,TV Personality,Texas,United States,29,1st Place,1,8.0,8.0,7.5,,23.5,True,3,3.0,30.0,0.7833333333333333
15,3,Melissa Rycroft,Tony Dovolani,TV Personality,Texas,United States,29,1st Place,1,9.0,9.0,9.0,,27.0,True,3,3.0,30.0,0.9
15,4,Melissa Rycroft,Tony Dovolani,TV Personality,Texas,United States,29,1st Place,1,9.0,9.0,9.5,9.5,37.0,True,4,4.0,40.0,0.925
15,5,Melissa Rycroft,Tony Dovolani,TV Personality,Texas,United States,29,1st Place,1,9.25,9.5,9.5,,28.25,True,3,3.0,30.0,0.9416666666666667
15,6,Melissa Rycroft,Tony Dovolani,TV Personality,Texas,United States,29,1st Place,1,9.5,10.0,10.0,,29.5,True,3,3.0,30.0,0.9833333333333333
15,7,Melissa Rycroft,Tony Dovolani,TV Personality,Texas,United States,29,1st Place,1,13.3333,12.8333,12.8333,,38.9999,True,3,3.0,30.0,1.2999966666666665
15,8,Melissa Rycroft,Tony Dovolani,TV Personality,Texas,United States,29,1st Place,1,10.0,10.0,10.0,,30.0,True,3,3.0,30.0,1.0
15,9,Melissa Rycroft,Tony Dovolani,TV Personality,Texas,United States,29,1st Place,1,9.5,9.7777,9.5,,28.7777,True,3,3.0,30.0,0.9592566666666666
15,10,Melissa Rycroft,Tony Dovolani,TV Personality,Texas,United States,29,1st Place,1,9.7777,9.7777,9.7777,,29.333099999999998,True,3,3.0,30.0,0.9777699999999999
30,1,Melora Hardin,Artem Chigvintsev,Actor/Actress,Texas,United States,54,Eliminated Week 9,6,7.0,6.0,7.0,6.0,26.0,True,4,4.0,40.0,0.65
30,2,Melora Hardin,Artem Chigvintsev,Actor/Actress,Texas,United States,54,Eliminated Week 9,6,7.0,6.0,7.0,7.0,27.0,True,4,4.0,40.0,0.675
30,3,Melora Hardin,Artem Chigvintsev,Actor/Actress,Texas,United States,54,Eliminated Week 9,6,8.0,7.0,8.0,,23.0,True,3,3.0,30.0,0.7666666666666667
30,4,Melora Hardin,Artem Chigvintsev,Actor/Actress,Texas,United States,54,Eliminated Week 9,6,9.0,9.5,9.0,9.0,36.5,True,4,4.0,40.0,0.9125
30,5,Melora Hardin,Artem Chigvintsev,Actor/Actress,Texas,United States,54,Eliminated Week 9,6,9.0,9.0,9.0,9.0,36.0,True,4,4.0,40.0,0.9
30,6,Melora Hardin,Artem Chigvintsev,Actor/Actress,Texas,United States,54,Eliminated Week 9,6,8.0,9.0,8.0,9.0,34.0,True,4,4.0,40.0,0.85
30,7,Melora Hardin,Artem Chigvintsev,Actor/Actress,Texas,United States,54,Eliminated Week 9,6,9.5,9.5,9.5,9.5,38.0,True,4,4.0,40.0,0.95
30,8,Melora Hardin,Artem Chigvintsev,Actor/Actress,Texas,United States,54,Eliminated Week 9,6,10.5,10.5,10.5,10.5,42.0,True,4,4.0,40.0,1.05
30,9,Melora Hardin,Artem Chigvintsev,Actor/Actress,Texas,United States,54,Eliminated Week 9,6,8.5,9.5,9.0,9.0,36.0,True,4,4.0,40.0,0.9
30,10,Melora Hardin,Artem Chigvintsev,Actor/Actress,Texas,United States,54,Eliminated Week 9,6,0.0,0.0,0.0,0.0,0.0,False,4,4.0,40.0,
18,1,Meryl Davis,Maksim Chmerkoskiy,Athlete,Michigan,United States,27,1st Place,1,8.0,8.0,8.0,,24.0,True,3,3.0,30.0,0.8
18,2,Meryl Davis,Maksim Chmerkoskiy,Athlete,Michigan,United States,27,1st Place,1,8.0,9.0,8.0,,25.0,True,3,3.0,30.0,0.8333333333333334
18,3,Meryl Davis,Maksim Chmerkoskiy,Athlete,Michigan,United States,27,1st Place,1,10.0,9.0,10.0,10.0,39.0,True,4,4.0,40.0,0.975
18,4,Meryl Davis,Maksim Chmerkoskiy,Athlete,Michigan,United States,27,1st Place,1,10.0,9.0,10.0,10.0,39.0,True,4,4.0,40.0,0.975
18,5,Meryl Davis,Maksim Chmerkoskiy,Athlete,Michigan,United States,27,1st Place,1,9.0,9.0,9.0,9.0,36.0,True,4,4.0,40.0,0.9
18,6,Meryl Davis,Maksim Chmerkoskiy,Athlete,Michigan,United States,27,1st Place,1,10.0,10.0,10.0,10.0,40.0,True,4,4.0,40.0,1.0
18,7,Meryl Davis,Maksim Chmerkoskiy,Athlete,Michigan,United States,27,1st Place,1,10.0,10.0,9.0,10.0,39.0,True,4,4.0,40.0,0.975
18,8,Meryl Davis,Maksim Chmerkoskiy,Athlete,Michigan,United States,27,1st Place,1,9.0,9.0,8.0,10.0,36.0,True,4,4.0,40.0,0.9
18,9,Meryl Davis,Maksim Chmerkoskiy,Athlete,Michigan,United States,27,1st Place,1,10.0,10.0,10.0,10.0,40.0,True,4,4.0,40.0,1.0
18,10,Meryl Davis,Maksim Chmerkoskiy,Athlete,Michigan,United States,27,1st Place,1,10.0,10.0,10.0,,30.0,True,3,3.0,30.0,1.0
13,1,Metta World Peace (Ron),Peta Murgatroyd,Athlete,New York,United States,31,Eliminated Week 1,12,5.0,4.0,5.0,,14.0,True,3,3.0,30.0,0.4666666666666667
13,2,Metta World Peace (Ron),Peta Murgatroyd,Athlete,New York,United States,31,Eliminated Week 1,12,0.0,0.0,0.0,,0.0,False,3,3.0,30.0,
13,3,Metta World Peace (Ron),Peta Murgatroyd,Athlete,New York,United States,31,Eliminated Week 1,12,0.0,0.0,0.0,,0.0,False,3,3.0,30.0,
13,4,Metta World Peace (Ron),Peta Murgatroyd,Athlete,New York,United States,31,Eliminated Week 1,12,0.0,0.0,0.0,,0.0,False,3,3.0,30.0,
13,5,Metta World Peace (Ron),Peta Murgatroyd,Athlete,New York,United States,31,Eliminated Week 1,12,0.0,0.0,0.0,,0.0,False,3,3.0,30.0,
13,6,Metta World Peace (Ron),Peta Murgatroyd,Athlete,New York,United States,31,Eliminated Week 1,12,0.0,0.0,0.0,,0.0,False,3,3.0,30.0,
13,7,Metta World Peace (Ron),Peta Murgatroyd,Athlete,New York,United States,31,Eliminated Week 1,12,0.0,0.0,0.0,,0.0,False,3,3.0,30.0,
13,8,Metta World Peace (Ron),Peta Murgatroyd,Athlete,New York,United States,31,Eliminated Week 1,12,0.0,0.0,0.0,,0.0,False,3,3.0,30.0,
13,9,Metta World Peace (Ron),Peta Murgatroyd,Athlete,New York,United States,31,Eliminated Week 1,12,0.0,0.0,0.0,,0.0,False,3,3.0,30.0,
13,10,Metta World Peace (Ron),Peta Murgatroyd,Athlete,New York,United States,31,Eliminated Week 1,12,0.0,0.0,0.0,,0.0,False,3,3.0,30.0,
11,1,Michael Bolton,Chelsie Hightower,Singer/Rapper,Connecticut,United States,57,Eliminated Week 2,11,6.0,5.0,5.0,,16.0,True,3,3.0,30.0,0.5333333333333333
11,2,Michael Bolton,Chelsie Hightower,Singer/Rapper,Connecticut,United States,57,Eliminated Week 2,11,4.0,5.0,3.0,,12.0,True,3,3.0,30.0,0.4
11,3,Michael Bolton,Chelsie Hightower,Singer/Rapper,Connecticut,United States,57,Eliminated Week 2,11,0.0,0.0,0.0,,0.0,False,3,3.0,30.0,
11,4,Michael Bolton,Chelsie Hightower,Singer/Rapper,Connecticut,United States,57,Eliminated Week 2,11,0.0,0.0,0.0,,0.0,False,3,3.0,30.0,
11,5,Michael Bolton,Chelsie Hightower,Singer/Rapper,Connecticut,United States,57,Eliminated Week 2,11,0.0,0.0,0.0,,0.0,False,3,3.0,30.0,
11,6,Michael Bolton,Chelsie Hightower,Singer/Rapper,Connecticut,United States,57,Eliminated Week 2,11,0.0,0.0,0.0,,0.0,False,3,3.0,30.0,
11,7,Michael Bolton,Chelsie Hightower,Singer/Rapper,Connecticut,United States,57,Eliminated Week 2,11,0.0,0.0,0.0,0.0,0.0,False,4,4.0,40.0,
11,8,Michael Bolton,Chelsie Hightower,Singer/Rapper,Connecticut,United States,57,Eliminated Week 2,11,0.0,0.0,0.0,,0.0,False,3,3.0,30.0,
11,9,Michael Bolton,Chelsie Hightower,Singer/Rapper,Connecticut,United States,57,Eliminated Week 2,11,0.0,0.0,0.0,,0.0,False,3,3.0,30.0,
11,10,Michael Bolton,Chelsie Hightower,Singer/Rapper,Connecticut,United States,57,Eliminated Week 2,11,0.0,0.0,0.0,,0.0,False,3,3.0,30.0,
9,1,Michael Irvin,Anna Demidova,Athlete,Florida,United States,43,Eliminated Week 7,7,7.0,6.0,6.0,,19.0,True,3,3.0,30.0,0.6333333333333333
9,2,Michael Irvin,Anna Demidova,Athlete,Florida,United States,43,Eliminated Week 7,7,7.0,7.0,6.0,,20.0,True,3,3.0,30.0,0.6666666666666666
9,3,Michael Irvin,Anna Demidova,Athlete,Florida,United States,43,Eliminated Week 7,7,5.0,4.0,5.0,,14.0,True,3,3.0,30.0,0.4666666666666667
9,4,Michael Irvin,Anna Demidova,Athlete,Florida,United States,43,Eliminated Week 7,7,5.0,6.0,5.0,,16.0,True,3,3.0,30.0,0.5333333333333333
9,5,Michael Irvin,Anna Demidova,Athlete,Florida,United States,43,Eliminated Week 7,7,7.0,7.0,7.0,,21.0,True,3,3.0,30.0,0.7
9,6,Michael Irvin,Anna Demidova,Athlete,Florida,United States,43,Eliminated Week 7,7,6.6666,8.6666,6.6666,,21.9998,True,3,3.0,30.0,0.7333266666666667
9,7,Michael Irvin,Anna Demidova,Athlete,Florida,United States,43,Eliminated Week 7,7,8.0,8.0,7.5,,23.5,True,3,3.0,30.0,0.7833333333333333
9,8,Michael Irvin,Anna Demidova,Athlete,Florida,United States,43,Eliminated Week 7,7,0.0,0.0,0.0,,0.0,False,3,3.0,30.0,
9,9,Michael Irvin,Anna Demidova,Athlete,Florida,United States,43,Eliminated Week 7,7,0.0,0.0,0.0,,0.0,False,3,3.0,30.0,
9,10,Michael Irvin,Anna Demidova,Athlete,Florida,United States,43,Eliminated Week 7,7,0.0,0.0,0.0,,0.0,False,3,3.0,30.0,
20,1,Michael Sam,Peta Murgatroyd,Athlete,Texas,United States,25,Eliminated Week 4,10,6.0,6.0,7.0,7.0,26.0,True,4,4.0,40.0,0.65
20,2,Michael Sam,Peta Murgatroyd,Athlete,Texas,United States,25,Eliminated Week 4,10,7.0,7.0,7.0,7.0,28.0,True,4,4.0,40.0,0.7
20,3,Michael Sam,Peta Murgatroyd,Athlete,Texas,United States,25,Eliminated Week 4,10,6.0,6.0,6.0,6.0,24.0,True,4,4.0,40.0,0.6
20,4,Michael Sam,Peta Murgatroyd,Athlete,Texas,United States,25,Eliminated Week 4,10,7.0,7.0,8.0,8.0,30.0,True,4,4.0,40.0,0.75
20,5,Michael Sam,Peta Murgatroyd,Athlete,Texas,United States,25,Eliminated Week 4,10,0.0,0.0,0.0,0.0,0.0,False,4,4.0,40.0,
20,6,Michael Sam,Peta Murgatroyd,Athlete,Texas,United States,25,Eliminated Week 4,10,0.0,0.0,0.0,0.0,0.0,False,4,4.0,40.0,
20,7,Michael Sam,Peta Murgatroyd,Athlete,Texas,United States,25,Eliminated Week 4,10,0.0,0.0,0.0,0.0,0.0,False,4,4.0,40.0,
20,8,Michael Sam,Peta Murgatroyd,Athlete,Texas,United States,25,Eliminated Week 4,10,0.0,0.0,0.0,0.0,0.0,False,4,4.0,40.0,
20,9,Michael Sam,Peta Murgatroyd,Athlete,Texas,United States,25,Eliminated Week 4,10,0.0,0.0,0.0,0.0,0.0,False,4,4.0,40.0,
20,10,Michael Sam,Peta Murgatroyd,Athlete,Texas,United States,25,Eliminated Week 4,10,0.0,0.0,0.0,0.0,0.0,False,4,4.0,40.0,
19,1,Michael Waltrip,Emma Slater,Racing Driver,Kentucky,United States,51,Eliminated Week 8,7,7.0,6.0,6.0,6.0,25.0,True,4,4.0,40.0,0.625
19,2,Michael Waltrip,Emma Slater,Racing Driver,Kentucky,United States,51,Eliminated Week 8,7,6.0,6.0,6.0,6.0,24.0,True,4,4.0,40.0,0.6
19,3,Michael Waltrip,Emma Slater,Racing Driver,Kentucky,United States,51,Eliminated Week 8,7,7.0,7.0,7.0,7.0,28.0,True,4,4.0,40.0,0.7
19,4,Michael Waltrip,Emma Slater,Racing Driver,Kentucky,United States,51,Eliminated Week 8,7,6.0,6.0,6.0,7.0,25.0,True,4,4.0,40.0,0.625
19,5,Michael Waltrip,Emma Slater,Racing Driver,Kentucky,United States,51,Eliminated Week 8,7,5.0,5.0,5.0,5.0,20.0,True,4,4.0,40.0,0.5
19,6,Michael Waltrip,Emma Slater,Racing Driver,Kentucky,United States,51,Eliminated Week 8,7,8.0,7.0,8.0,7.0,30.0,True,4,4.0,40.0,0.75
19,7,Michael Waltrip,Emma Slater,Racing Driver,Kentucky,United States,51,Eliminated Week 8,7,7.0,7.0,7.0,7.0,28.0,True,4,4.0,40.0,0.7
19,8,Michael Waltrip,Emma Slater,Racing Driver,Kentucky,United States,51,Eliminated Week 8,7,6.0,7.0,6.0,6.0,25.0,True,4,4.0,40.0,0.625
19,9,Michael Waltrip,Emma Slater,Racing Driver,Kentucky,United States,51,Eliminated Week 8,7,0.0,0.0,0.0,0.0,0.0,False,4,4.0,40.0,
19,10,Michael Waltrip,Emma Slater,Racing Driver,Kentucky,United States,51,Eliminated Week 8,7,0.0,0.0,0.0,0.0,0.0,False,4,4.0,40.0,
19,11,Michael Waltrip,Emma Slater,Racing Driver,Kentucky,United States,51,Eliminated Week 8,7,0.0,0.0,0.0,0.0,0.0,False,4,4.0,40.0,
30,1,"Mike ""The Miz"" Mizanin",Witney Carson,Athlete,Ohio,United States,40,Eliminated Week 7,9,6.0,6.0,6.0,6.0,24.0,True,4,4.0,40.0,0.6
30,2,"Mike ""The Miz"" Mizanin",Witney Carson,Athlete,Ohio,United States,40,Eliminated Week 7,9,7.0,5.0,7.0,7.0,26.0,True,4,4.0,40.0,0.65
30,3,"Mike ""The Miz"" Mizanin",Witney Carson,Athlete,Ohio,United States,40,Eliminated Week 7,9,7.0,7.0,8.0,,22.0,True,3,3.0,30.0,0.7333333333333333
30,4,"Mike ""The Miz"" Mizanin",Witney Carson,Athlete,Ohio,United States,40,Eliminated Week 7,9,8.5,7.5,8.5,8.0,32.5,True,4,4.0,40.0,0.8125
30,5,"Mike ""The Miz"" Mizanin",Witney Carson,Athlete,Ohio,United States,40,Eliminated Week 7,9,8.0,8.0,8.0,8.0,32.0,True,4,4.0,40.0,0.8
30,6,"Mike ""The Miz"" Mizanin",Witney Carson,Athlete,Ohio,United States,40,Eliminated Week 7,9,9.0,8.0,9.0,8.0,34.0,True,4,4.0,40.0,0.85
30,7,"Mike ""The Miz"" Mizanin",Witney Carson,Athlete,Ohio,United States,40,Eliminated Week 7,9,8.0,8.0,8.0,8.0,32.0,True,4,4.0,40.0,0.8
30,8,"Mike ""The Miz"" Mizanin",Witney Carson,Athlete,Ohio,United States,40,Eliminated Week 7,9,0.0,0.0,0.0,0.0,0.0,False,4,4.0,40.0,
30,9,"Mike ""The Miz"" Mizanin",Witney Carson,Athlete,Ohio,United States,40,Eliminated Week 7,9,0.0,0.0,0.0,0.0,0.0,False,4,4.0,40.0,
30,10,"Mike ""The Miz"" Mizanin",Witney Carson,Athlete,Ohio,United States,40,Eliminated Week 7,9,0.0,0.0,0.0,0.0,0.0,False,4,4.0,40.0,
12,1,Mike Catherwood,Lacey Schwimmer,Radio Personality,California,United States,32,Eliminated Week 2,11,5.0,4.0,4.0,,13.0,True,3,3.0,30.0,0.43333333333333335
12,2,Mike Catherwood,Lacey Schwimmer,Radio Personality,California,United States,32,Eliminated Week 2,11,6.0,5.0,6.0,,17.0,True,3,3.0,30.0,0.5666666666666667
12,3,Mike Catherwood,Lacey Schwimmer,Radio Personality,California,United States,32,Eliminated Week 2,11,0.0,0.0,0.0,,0.0,False,3,3.0,30.0,
12,4,Mike Catherwood,Lacey Schwimmer,Radio Personality,California,United States,32,Eliminated Week 2,11,0.0,0.0,0.0,,0.0,False,3,3.0,30.0,
12,5,Mike Catherwood,Lacey Schwimmer,Radio Personality,California,United States,32,Eliminated Week 2,11,0.0,0.0,0.0,,0.0,False,3,3.0,30.0,
12,6,Mike Catherwood,Lacey Schwimmer,Radio Personality,California,United States,32,Eliminated Week 2,11,0.0,0.0,0.0,,0.0,False,3,3.0,30.0,
12,7,Mike Catherwood,Lacey Schwimmer,Radio Personality,California,United States,32,Eliminated Week 2,11,0.0,0.0,0.0,0.0,0.0,False,4,4.0,40.0,
12,8,Mike Catherwood,Lacey Schwimmer,Radio Personality,California,United States,32,Eliminated Week 2,11,0.0,0.0,0.0,,0.0,False,3,3.0,30.0,
12,9,Mike Catherwood,Lacey Schwimmer,Radio Personality,California,United States,32,Eliminated Week 2,11,0.0,0.0,0.0,,0.0,False,3,3.0,30.0,
12,10,Mike Catherwood,Lacey Schwimmer,Radio Personality,California,United States,32,Eliminated Week 2,11,0.0,0.0,0.0,,0.0,False,3,3.0,30.0,
27,1,Milo Manheim,Witney Carson,Actor/Actress,California,United States,17,2nd Place,2,7.0,6.0,7.0,,20.0,True,3,3.0,30.0,0.6666666666666666
27,2,Milo Manheim,Witney Carson,Actor/Actress,California,United States,17,2nd Place,2,9.0,8.0,9.0,,26.0,True,3,3.0,30.0,0.8666666666666667
27,3,Milo Manheim,Witney Carson,Actor/Actress,California,United States,17,2nd Place,2,9.0,9.0,9.0,,27.0,True,3,3.0,30.0,0.9
27,4,Milo Manheim,Witney Carson,Actor/Actress,California,United States,17,2nd Place,2,10.0,9.0,10.0,,29.0,True,3,3.0,30.0,0.9666666666666667
27,5,Milo Manheim,Witney Carson,Actor/Actress,California,United States,17,2nd Place,2,9.0,8.0,10.0,,27.0,True,3,3.0,30.0,0.9
27,6,Milo Manheim,Witney Carson,Actor/Actress,California,United States,17,2nd Place,2,10.0,10.0,10.0,,30.0,True,3,3.0,30.0,1.0
27,7,Milo Manheim,Witney Carson,Actor/Actress,California,United States,17,2nd Place,2,10.0,9.0,10.0,,29.0,True,3,3.0,30.0,0.9666666666666667
27,8,Milo Manheim,Witney Carson,Actor/Actress,California,United States,17,2nd Place,2,9.0,9.0,9.5,,27.5,True,3,3.0,30.0,0.9166666666666666
27,9,Milo Manheim,Witney Carson,Actor/Actress,California,United States,17,2nd Place,2,10.0,10.0,10.0,,30.0,True,3,3.0,30.0,1.0
32,1,Mira Sorvino,Gleb Savchenko,Actor/Actress,New York,United States,55,Eliminated Week 5,10,6.0,5.0,6.0,,17.0,True,3,3.0,30.0,0.5666666666666667
32,2,Mira Sorvino,Gleb Savchenko,Actor/Actress,New York,United States,55,Eliminated Week 5,10,6.0,6.0,6.0,,18.0,True,3,3.0,30.0,0.6
32,3,Mira Sorvino,Gleb Savchenko,Actor/Actress,New York,United States,55,Eliminated Week 5,10,6.0,6.0,7.0,7.0,26.0,True,4,4.0,40.0,0.65
32,4,Mira Sorvino,Gleb Savchenko,Actor/Actress,New York,United States,55,Eliminated Week 5,10,7.0,7.0,7.0,,21.0,True,3,3.0,30.0,0.7
32,5,Mira Sorvino,Gleb Savchenko,Actor/Actress,New York,United States,55,Eliminated Week 5,10,7.0,8.0,7.0,,22.0,True,3,3.0,30.0,0.7333333333333333
32,6,Mira Sorvino,Gleb Savchenko,Actor/Actress,New York,United States,55,Eliminated Week 5,10,0.0,0.0,0.0,0.0,0.0,False,4,4.0,40.0,
32,7,Mira Sorvino,Gleb Savchenko,Actor/Actress,New York,United States,55,Eliminated Week 5,10,0.0,0.0,0.0,0.0,0.0,False,4,4.0,40.0,
32,8,Mira Sorvino,Gleb Savchenko,Actor/Actress,New York,United States,55,Eliminated Week 5,10,0.0,0.0,0.0,0.0,0.0,False,4,4.0,40.0,
32,9,Mira Sorvino,Gleb Savchenko,Actor/Actress,New York,United States,55,Eliminated Week 5,10,0.0,0.0,0.0,0.0,0.0,False,4,4.0,40.0,
32,10,Mira Sorvino,Gleb Savchenko,Actor/Actress,New York,United States,55,Eliminated Week 5,10,0.0,0.0,0.0,,0.0,False,3,3.0,30.0,
32,11,Mira Sorvino,Gleb Savchenko,Actor/Actress,New York,United States,55,Eliminated Week 5,10,0.0,0.0,0.0,,0.0,False,3,3.0,30.0,
26,1,Mirai Nagasu,Alan Bersten,Athlete,California,United States,25,Eliminated Week 3,4,7.0,8.0,8.0,,23.0,True,3,3.0,30.0,0.7666666666666667
26,2,Mirai Nagasu,Alan Bersten,Athlete,California,United States,25,Eliminated Week 3,4,9.0,10.0,9.0,9.0,37.0,True,4,4.0,40.0,0.925
26,3,Mirai Nagasu,Alan Bersten,Athlete,California,United States,25,Eliminated Week 3,4,9.0,9.0,8.0,9.0,35.0,True,4,4.0,40.0,0.875
26,4,Mirai Nagasu,Alan Bersten,Athlete,California,United States,25,Eliminated Week 3,4,0.0,0.0,0.0,,0.0,False,3,3.0,30.0,
7,1,Misty May-Treanor,Maksim Chmerkoskiy,Athlete,California,United States,31,Withdrew,10,6.5,7.5,7.0,,21.0,True,3,3.0,30.0,0.7
7,2,Misty May-Treanor,Maksim Chmerkoskiy,Athlete,California,United States,31,Withdrew,10,7.0,7.0,7.0,,21.0,True,3,3.0,30.0,0.7
7,3,Misty May-Treanor,Maksim Chmerkoskiy,Athlete,California,United States,31,Withdrew,10,0.0,0.0,0.0,,0.0,False,3,3.0,30.0,
7,4,Misty May-Treanor,Maksim Chmerkoskiy,Athlete,California,United States,31,Withdrew,10,0.0,0.0,0.0,,0.0,False,3,3.0,30.0,
7,5,Misty May-Treanor,Maksim Chmerkoskiy,Athlete,California,United States,31,Withdrew,10,0.0,0.0,0.0,,0.0,False,3,3.0,30.0,
7,6,Misty May-Treanor,Maksim Chmerkoskiy,Athlete,California,United States,31,Withdrew,10,0.0,0.0,0.0,,0.0,False,3,3.0,30.0,
7,7,Misty May-Treanor,Maksim Chmerkoskiy,Athlete,California,United States,31,Withdrew,10,0.0,0.0,0.0,,0.0,False,3,3.0,30.0,
7,8,Misty May-Treanor,Maksim Chmerkoskiy,Athlete,California,United States,31,Withdrew,10,0.0,0.0,0.0,,0.0,False,3,3.0,30.0,
7,9,Misty May-Treanor,Maksim Chmerkoskiy,Athlete,California,United States,31,Withdrew,10,0.0,0.0,0.0,,0.0,False,3,3.0,30.0,
7,10,Misty May-Treanor,Maksim Chmerkoskiy,Athlete,California,United States,31,Withdrew,10,0.0,0.0,0.0,,0.0,False,3,3.0,30.0,
29,1,Monica Aldama,Valentin Chmerkovskiy,TV Personality,Alabama,United States,48,Eliminated Week 7,10,6.0,7.0,6.0,,19.0,True,3,3.0,30.0,0.6333333333333333
29,2,Monica Aldama,Valentin Chmerkovskiy,TV Personality,Alabama,United States,48,Eliminated Week 7,10,5.0,6.0,5.0,,16.0,True,3,3.0,30.0,0.5333333333333333
29,3,Monica Aldama,Valentin Chmerkovskiy,TV Personality,Alabama,United States,48,Eliminated Week 7,10,7.0,7.0,7.0,,21.0,True,3,3.0,30.0,0.7
29,4,Monica Aldama,Valentin Chmerkovskiy,TV Personality,Alabama,United States,48,Eliminated Week 7,10,8.0,8.0,8.0,,24.0,True,3,3.0,30.0,0.8
29,5,Monica Aldama,Valentin Chmerkovskiy,TV Personality,Alabama,United States,48,Eliminated Week 7,10,9.0,9.0,8.0,,26.0,True,3,3.0,30.0,0.8666666666666667
29,6,Monica Aldama,Valentin Chmerkovskiy,TV Personality,Alabama,United States,48,Eliminated Week 7,10,9.0,9.0,9.0,,27.0,True,3,3.0,30.0,0.9
29,7,Monica Aldama,Valentin Chmerkovskiy,TV Personality,Alabama,United States,48,Eliminated Week 7,10,7.0,8.0,7.0,,22.0,True,3,3.0,30.0,0.7333333333333333
29,8,Monica Aldama,Valentin Chmerkovskiy,TV Personality,Alabama,United States,48,Eliminated Week 7,10,0.0,0.0,0.0,,0.0,False,3,3.0,30.0,
29,9,Monica Aldama,Valentin Chmerkovskiy,TV Personality,Alabama,United States,48,Eliminated Week 7,10,0.0,0.0,0.0,,0.0,False,3,3.0,30.0,
29,10,Monica Aldama,Valentin Chmerkovskiy,TV Personality,Alabama,United States,48,Eliminated Week 7,10,0.0,0.0,0.0,,0.0,False,3,3.0,30.0,
29,11,Monica Aldama,Valentin Chmerkovskiy,TV Personality,Alabama,United States,48,Eliminated Week 7,10,0.0,0.0,0.0,,0.0,False,3,3.0,30.0,
3,1,Monique Coleman,Louis van Amstel,Actor/Actress,South Carolina,United States,25,Eliminated Week 8,4,6.0,6.0,7.0,,19.0,True,3,3.0,30.0,0.6333333333333333
3,2,Monique Coleman,Louis van Amstel,Actor/Actress,South Carolina,United States,25,Eliminated Week 8,4,9.0,8.0,9.0,,26.0,True,3,3.0,30.0,0.8666666666666667
3,3,Monique Coleman,Louis van Amstel,Actor/Actress,South Carolina,United States,25,Eliminated Week 8,4,9.0,9.0,9.0,,27.0,True,3,3.0,30.0,0.9
3,4,Monique Coleman,Louis van Amstel,Actor/Actress,South Carolina,United States,25,Eliminated Week 8,4,8.0,8.0,8.0,,24.0,True,3,3.0,30.0,0.8
3,5,Monique Coleman,Louis van Amstel,Actor/Actress,South Carolina,United States,25,Eliminated Week 8,4,9.0,9.0,9.0,,27.0,True,3,3.0,30.0,0.9
3,6,Monique Coleman,Louis van Amstel,Actor/Actress,South Carolina,United States,25,Eliminated Week 8,4,9.0,7.0,7.0,,23.0,True,3,3.0,30.0,0.7666666666666667
3,7,Monique Coleman,Louis van Amstel,Actor/Actress,South Carolina,United States,25,Eliminated Week 8,4,9.0,9.0,9.0,,27.0,True,3,3.0,30.0,0.9
3,8,Monique Coleman,Louis van Amstel,Actor/Actress,South Carolina,United States,25,Eliminated Week 8,4,8.5,9.0,9.0,,26.5,True,3,3.0,30.0,0.8833333333333333
3,9,Monique Coleman,Louis van Amstel,Actor/Actress,South Carolina,United States,25,Eliminated Week 8,4,0.0,0.0,0.0,,0.0,False,3,3.0,30.0,
3,10,Monique Coleman,Louis van Amstel,Actor/Actress,South Carolina,United States,25,Eliminated Week 8,4,0.0,0.0,0.0,,0.0,False,3,3.0,30.0,
24,1,Mr. T,Kym Herjavec,Actor/Actress,Illinois,United States,64,Eliminated Week 4,10,5.0,5.0,5.0,5.0,20.0,True,4,4.0,40.0,0.5
24,2,Mr. T,Kym Herjavec,Actor/Actress,Illinois,United States,64,Eliminated Week 4,10,6.0,5.0,6.0,5.0,22.0,True,4,4.0,40.0,0.55
24,3,Mr. T,Kym Herjavec,Actor/Actress,Illinois,United States,64,Eliminated Week 4,10,6.0,6.0,6.0,6.0,24.0,True,4,4.0,40.0,0.6
24,4,Mr. T,Kym Herjavec,Actor/Actress,Illinois,United States,64,Eliminated Week 4,10,7.0,7.0,7.0,7.0,28.0,True,4,4.0,40.0,0.7
24,5,Mr. T,Kym Herjavec,Actor/Actress,Illinois,United States,64,Eliminated Week 4,10,0.0,0.0,0.0,0.0,0.0,False,4,4.0,40.0,
24,6,Mr. T,Kym Herjavec,Actor/Actress,Illinois,United States,64,Eliminated Week 4,10,0.0,0.0,0.0,0.0,0.0,False,4,4.0,40.0,
24,7,Mr. T,Kym Herjavec,Actor/Actress,Illinois,United States,64,Eliminated Week 4,10,0.0,0.0,0.0,0.0,0.0,False,4,4.0,40.0,
24,8,Mr. T,Kym Herjavec,Actor/Actress,Illinois,United States,64,Eliminated Week 4,10,0.0,0.0,0.0,0.0,0.0,False,4,4.0,40.0,
24,9,Mr. T,Kym Herjavec,Actor/Actress,Illinois,United States,64,Eliminated Week 4,10,0.0,0.0,0.0,0.0,0.0,False,4,4.0,40.0,
24,10,Mr. T,Kym Herjavec,Actor/Actress,Illinois,United States,64,Eliminated Week 4,10,0.0,0.0,0.0,0.0,0.0,False,4,4.0,40.0,
9,1,Mya,Dmitry Chaplin,Singer/Rapper,Washington D.C.,United States,29,2nd Place,2,11.3333,8.3333,11.3333,,30.999899999999997,True,3,3.0,30.0,1.0333299999999999
9,2,Mya,Dmitry Chaplin,Singer/Rapper,Washington D.C.,United States,29,2nd Place,2,9.0,9.0,9.0,,27.0,True,3,3.0,30.0,0.9
9,3,Mya,Dmitry Chaplin,Singer/Rapper,Washington D.C.,United States,29,2nd Place,2,10.0,7.0,10.0,,27.0,True,3,3.0,30.0,0.9
9,4,Mya,Dmitry Chaplin,Singer/Rapper,Washington D.C.,United States,29,2nd Place,2,10.0,8.0,10.0,,28.0,True,3,3.0,30.0,0.9333333333333333
9,5,Mya,Dmitry Chaplin,Singer/Rapper,Washington D.C.,United States,29,2nd Place,2,9.0,9.0,9.0,,27.0,True,3,3.0,30.0,0.9
9,6,Mya,Dmitry Chaplin,Singer/Rapper,Washington D.C.,United States,29,2nd Place,2,11.0,10.0,12.0,,33.0,True,3,3.0,30.0,1.1
9,7,Mya,Dmitry Chaplin,Singer/Rapper,Washington D.C.,United States,29,2nd Place,2,8.5,7.5,8.5,,24.5,True,3,3.0,30.0,0.8166666666666667
9,8,Mya,Dmitry Chaplin,Singer/Rapper,Washington D.C.,United States,29,2nd Place,2,9.5,10.0,10.0,,29.5,True,3,3.0,30.0,0.9833333333333333
9,9,Mya,Dmitry Chaplin,Singer/Rapper,Washington D.C.,United States,29,2nd Place,2,9.3333,9.6666,10.0,,28.9999,True,3,3.0,30.0,0.9666633333333333
9,10,Mya,Dmitry Chaplin,Singer/Rapper,Washington D.C.,United States,29,2nd Place,2,9.4444,9.4444,9.4444,,28.333199999999998,True,3,3.0,30.0,0.94444
13,1,Nancy Grace,Tristan MacManus,TV Personality,Georgia,United States,51,Eliminated Week 8,5,5.0,5.0,6.0,,16.0,True,3,3.0,30.0,0.5333333333333333
13,2,Nancy Grace,Tristan MacManus,TV Personality,Georgia,United States,51,Eliminated Week 8,5,6.0,8.0,7.0,,21.0,True,3,3.0,30.0,0.7
13,3,Nancy Grace,Tristan MacManus,TV Personality,Georgia,United States,51,Eliminated Week 8,5,7.0,7.0,7.0,,21.0,True,3,3.0,30.0,0.7
13,4,Nancy Grace,Tristan MacManus,TV Personality,Georgia,United States,51,Eliminated Week 8,5,7.0,7.0,7.0,,21.0,True,3,3.0,30.0,0.7
13,5,Nancy Grace,Tristan MacManus,TV Personality,Georgia,United States,51,Eliminated Week 8,5,7.0,7.0,8.0,,22.0,True,3,3.0,30.0,0.7333333333333333
13,6,Nancy Grace,Tristan MacManus,TV Personality,Georgia,United States,51,Eliminated Week 8,5,9.0,7.0,8.0,,24.0,True,3,3.0,30.0,0.8
13,7,Nancy Grace,Tristan MacManus,TV Personality,Georgia,United States,51,Eliminated Week 8,5,7.5,7.0,7.5,,22.0,True,3,3.0,30.0,0.7333333333333333
13,8,Nancy Grace,Tristan MacManus,TV Personality,Georgia,United States,51,Eliminated Week 8,5,7.5,7.0,7.5,,22.0,True,3,3.0,30.0,0.7333333333333333
13,9,Nancy Grace,Tristan MacManus,TV Personality,Georgia,United States,51,Eliminated Week 8,5,0.0,0.0,0.0,,0.0,False,3,3.0,30.0,
13,10,Nancy Grace,Tristan MacManus,TV Personality,Georgia,United States,51,Eliminated Week 8,5,0.0,0.0,0.0,,0.0,False,3,3.0,30.0,
24,1,Nancy Kerrigan,Artem Chigvintsev,Athlete,Massachusetts,United States,47,Eliminated Week 7,7,7.0,7.0,7.0,7.0,28.0,True,4,4.0,40.0,0.7
24,2,Nancy Kerrigan,Artem Chigvintsev,Athlete,Massachusetts,United States,47,Eliminated Week 7,7,7.0,7.0,7.0,7.0,28.0,True,4,4.0,40.0,0.7
24,3,Nancy Kerrigan,Artem Chigvintsev,Athlete,Massachusetts,United States,47,Eliminated Week 7,7,8.0,9.0,8.0,8.0,33.0,True,4,4.0,40.0,0.825
24,4,Nancy Kerrigan,Artem Chigvintsev,Athlete,Massachusetts,United States,47,Eliminated Week 7,7,8.0,9.0,8.0,8.0,33.0,True,4,4.0,40.0,0.825
24,5,Nancy Kerrigan,Artem Chigvintsev,Athlete,Massachusetts,United States,47,Eliminated Week 7,7,9.0,9.0,9.0,9.0,36.0,True,4,4.0,40.0,0.9
24,6,Nancy Kerrigan,Artem Chigvintsev,Athlete,Massachusetts,United States,47,Eliminated Week 7,7,8.5,8.5,8.0,8.5,33.5,True,4,4.0,40.0,0.8375
24,7,Nancy Kerrigan,Artem Chigvintsev,Athlete,Massachusetts,United States,47,Eliminated Week 7,7,9.0,9.0,9.0,9.0,36.0,True,4,4.0,40.0,0.9
24,8,Nancy Kerrigan,Artem Chigvintsev,Athlete,Massachusetts,United States,47,Eliminated Week 7,7,0.0,0.0,0.0,0.0,0.0,False,4,4.0,40.0,
24,9,Nancy Kerrigan,Artem Chigvintsev,Athlete,Massachusetts,United States,47,Eliminated Week 7,7,0.0,0.0,0.0,0.0,0.0,False,4,4.0,40.0,
24,10,Nancy Kerrigan,Artem Chigvintsev,Athlete,Massachusetts,United States,47,Eliminated Week 7,7,0.0,0.0,0.0,0.0,0.0,False,4,4.0,40.0,
27,1,Nancy McKeon,Valentin Chmerkovskiy,Actor/Actress,New York,United States,52,Eliminated Week 3,11,6.5,6.5,6.5,,19.5,True,3,3.0,30.0,0.65
27,2,Nancy McKeon,Valentin Chmerkovskiy,Actor/Actress,New York,United States,52,Eliminated Week 3,11,7.0,6.5,7.0,,20.5,True,3,3.0,30.0,0.6833333333333333
27,3,Nancy McKeon,Valentin Chmerkovskiy,Actor/Actress,New York,United States,52,Eliminated Week 3,11,8.0,7.0,7.0,,22.0,True,3,3.0,30.0,0.7333333333333333
27,4,Nancy McKeon,Valentin Chmerkovskiy,Actor/Actress,New York,United States,52,Eliminated Week 3,11,0.0,0.0,0.0,,0.0,False,3,3.0,30.0,
27,5,Nancy McKeon,Valentin Chmerkovskiy,Actor/Actress,New York,United States,52,Eliminated Week 3,11,0.0,0.0,0.0,,0.0,False,3,3.0,30.0,
27,6,Nancy McKeon,Valentin Chmerkovskiy,Actor/Actress,New York,United States,52,Eliminated Week 3,11,0.0,0.0,0.0,,0.0,False,3,3.0,30.0,
27,7,Nancy McKeon,Valentin Chmerkovskiy,Actor/Actress,New York,United States,52,Eliminated Week 3,11,0.0,0.0,0.0,,0.0,False,3,3.0,30.0,
27,8,Nancy McKeon,Valentin Chmerkovskiy,Actor/Actress,New York,United States,52,Eliminated Week 3,11,0.0,0.0,0.0,,0.0,False,3,3.0,30.0,
27,9,Nancy McKeon,Valentin Chmerkovskiy,Actor/Actress,New York,United States,52,Eliminated Week 3,11,0.0,0.0,0.0,,0.0,False,3,3.0,30.0,
9,1,Natalie Coughlin,Alec Mazo,Athlete,California,United States,27,Eliminated Week 5,10,9.6666,8.6666,8.6666,,26.9998,True,3,3.0,30.0,0.8999933333333333
9,2,Natalie Coughlin,Alec Mazo,Athlete,California,United States,27,Eliminated Week 5,10,7.0,7.0,7.0,,21.0,True,3,3.0,30.0,0.7
9,3,Natalie Coughlin,Alec Mazo,Athlete,California,United States,27,Eliminated Week 5,10,9.0,8.0,9.0,,26.0,True,3,3.0,30.0,0.8666666666666667
9,4,Natalie Coughlin,Alec Mazo,Athlete,California,United States,27,Eliminated Week 5,10,8.0,8.0,8.0,,24.0,True,3,3.0,30.0,0.8
9,5,Natalie Coughlin,Alec Mazo,Athlete,California,United States,27,Eliminated Week 5,10,7.0,8.0,7.0,,22.0,True,3,3.0,30.0,0.7333333333333333
9,6,Natalie Coughlin,Alec Mazo,Athlete,California,United States,27,Eliminated Week 5,10,0.0,0.0,0.0,,0.0,False,3,3.0,30.0,
9,7,Natalie Coughlin,Alec Mazo,Athlete,California,United States,27,Eliminated Week 5,10,0.0,0.0,0.0,,0.0,False,3,3.0,30.0,
9,8,Natalie Coughlin,Alec Mazo,Athlete,California,United States,27,Eliminated Week 5,10,0.0,0.0,0.0,,0.0,False,3,3.0,30.0,
9,9,Natalie Coughlin,Alec Mazo,Athlete,California,United States,27,Eliminated Week 5,10,0.0,0.0,0.0,,0.0,False,3,3.0,30.0,
9,10,Natalie Coughlin,Alec Mazo,Athlete,California,United States,27,Eliminated Week 5,10,0.0,0.0,0.0,,0.0,False,3,3.0,30.0,
18,1,NeNe Leakes,Tony Dovolani,TV Personality,New York,United States,46,Eliminated Week 7,7,7.0,7.0,7.0,,21.0,True,3,3.0,30.0,0.7
18,2,NeNe Leakes,Tony Dovolani,TV Personality,New York,United States,46,Eliminated Week 7,7,7.0,7.0,7.0,,21.0,True,3,3.0,30.0,0.7
18,3,NeNe Leakes,Tony Dovolani,TV Personality,New York,United States,46,Eliminated Week 7,7,8.0,7.0,8.0,8.0,31.0,True,4,4.0,40.0,0.775
18,4,NeNe Leakes,Tony Dovolani,TV Personality,New York,United States,46,Eliminated Week 7,7,8.0,8.0,8.0,8.0,32.0,True,4,4.0,40.0,0.8
18,5,NeNe Leakes,Tony Dovolani,TV Personality,New York,United States,46,Eliminated Week 7,7,9.0,9.0,9.0,9.0,36.0,True,4,4.0,40.0,0.9
18,6,NeNe Leakes,Tony Dovolani,TV Personality,New York,United States,46,Eliminated Week 7,7,8.0,9.0,8.0,8.0,33.0,True,4,4.0,40.0,0.825
18,7,NeNe Leakes,Tony Dovolani,TV Personality,New York,United States,46,Eliminated Week 7,7,8.0,9.0,7.5,8.5,33.0,True,4,4.0,40.0,0.825
18,8,NeNe Leakes,Tony Dovolani,TV Personality,New York,United States,46,Eliminated Week 7,7,0.0,0.0,0.0,0.0,0.0,False,4,4.0,40.0,
18,9,NeNe Leakes,Tony Dovolani,TV Personality,New York,United States,46,Eliminated Week 7,7,0.0,0.0,0.0,0.0,0.0,False,4,4.0,40.0,
18,10,NeNe Leakes,Tony Dovolani,TV Personality,New York,United States,46,Eliminated Week 7,7,0.0,0.0,0.0,,0.0,False,3,3.0,30.0,
29,1,Nelly,Daniella Karagach,Singer/Rapper,Texas,United States,45,3rd Place,3,5.0,5.0,6.0,,16.0,True,3,3.0,30.0,0.5333333333333333
29,2,Nelly,Daniella Karagach,Singer/Rapper,Texas,United States,45,3rd Place,3,6.0,6.0,6.0,,18.0,True,3,3.0,30.0,0.6
29,3,Nelly,Daniella Karagach,Singer/Rapper,Texas,United States,45,3rd Place,3,6.0,6.0,6.0,,18.0,True,3,3.0,30.0,0.6
29,4,Nelly,Daniella Karagach,Singer/Rapper,Texas,United States,45,3rd Place,3,7.0,7.0,7.0,,21.0,True,3,3.0,30.0,0.7
29,5,Nelly,Daniella Karagach,Singer/Rapper,Texas,United States,45,3rd Place,3,8.0,8.0,8.0,,24.0,True,3,3.0,30.0,0.8
29,6,Nelly,Daniella Karagach,Singer/Rapper,Texas,United States,45,3rd Place,3,8.0,8.0,8.0,,24.0,True,3,3.0,30.0,0.8
29,7,Nelly,Daniella Karagach,Singer/Rapper,Texas,United States,45,3rd Place,3,9.0,9.0,9.0,,27.0,True,3,3.0,30.0,0.9
29,8,Nelly,Daniella Karagach,Singer/Rapper,Texas,United States,45,3rd Place,3,8.0,8.0,8.0,,24.0,True,3,3.0,30.0,0.8
29,9,Nelly,Daniella Karagach,Singer/Rapper,Texas,United States,45,3rd Place,3,8.0,8.0,8.0,,24.0,True,3,3.0,30.0,0.8
29,10,Nelly,Daniella Karagach,Singer/Rapper,Texas,United States,45,3rd Place,3,9.5,9.0,9.5,,28.0,True,3,3.0,30.0,0.9333333333333333
29,11,Nelly,Daniella Karagach,Singer/Rapper,Texas,United States,45,3rd Place,3,9.5,9.5,9.5,,28.5,True,3,3.0,30.0,0.95
29,1,Nev Schulman,Jenna Johnson,Producer,New York,United States,35,2nd Place,2,7.0,7.0,6.0,,20.0,True,3,3.0,30.0,0.6666666666666666
29,2,Nev Schulman,Jenna Johnson,Producer,New York,United States,35,2nd Place,2,7.0,7.0,7.0,,21.0,True,3,3.0,30.0,0.7
29,3,Nev Schulman,Jenna Johnson,Producer,New York,United States,35,2nd Place,2,8.0,8.0,8.0,,24.0,True,3,3.0,30.0,0.8
29,4,Nev Schulman,Jenna Johnson,Producer,New York,United States,35,2nd Place,2,8.0,8.0,8.0,,24.0,True,3,3.0,30.0,0.8
29,5,Nev Schulman,Jenna Johnson,Producer,New York,United States,35,2nd Place,2,8.0,9.0,9.0,,26.0,True,3,3.0,30.0,0.8666666666666667
29,6,Nev Schulman,Jenna Johnson,Producer,New York,United States,35,2nd Place,2,9.0,9.0,8.0,,26.0,True,3,3.0,30.0,0.8666666666666667
29,7,Nev Schulman,Jenna Johnson,Producer,New York,United States,35,2nd Place,2,10.0,10.0,10.0,,30.0,True,3,3.0,30.0,1.0
29,8,Nev Schulman,Jenna Johnson,Producer,New York,United States,35,2nd Place,2,10.0,10.0,10.0,,30.0,True,3,3.0,30.0,1.0
29,9,Nev Schulman,Jenna Johnson,Producer,New York,United States,35,2nd Place,2,9.6666,9.6666,9.6666,,28.9998,True,3,3.0,30.0,0.96666
29,10,Nev Schulman,Jenna Johnson,Producer,New York,United States,35,2nd Place,2,10.0,10.0,10.0,,30.0,True,3,3.0,30.0,1.0
29,11,Nev Schulman,Jenna Johnson,Producer,New York,United States,35,2nd Place,2,10.0,10.0,10.0,,30.0,True,3,3.0,30.0,1.0
21,1,Nick Carter,Sharna Burgess,Singer/Rapper,New York,United States,35,2nd Place,2,8.0,8.0,8.0,,24.0,True,3,3.0,30.0,0.8
21,2,Nick Carter,Sharna Burgess,Singer/Rapper,New York,United States,35,2nd Place,2,7.5,7.5,7.5,,22.5,True,3,3.0,30.0,0.75
21,3,Nick Carter,Sharna Burgess,Singer/Rapper,New York,United States,35,2nd Place,2,9.0,9.0,9.0,9.0,36.0,True,4,4.0,40.0,0.9
21,4,Nick Carter,Sharna Burgess,Singer/Rapper,New York,United States,35,2nd Place,2,9.0,9.0,9.0,,27.0,True,3,3.0,30.0,0.9
21,5,Nick Carter,Sharna Burgess,Singer/Rapper,New York,United States,35,2nd Place,2,9.0,9.0,8.0,9.0,35.0,True,4,4.0,40.0,0.875
21,6,Nick Carter,Sharna Burgess,Singer/Rapper,New York,United States,35,2nd Place,2,9.0,10.0,10.0,10.0,39.0,True,4,4.0,40.0,0.975
21,7,Nick Carter,Sharna Burgess,Singer/Rapper,New York,United States,35,2nd Place,2,9.0,9.0,9.0,,27.0,True,3,3.0,30.0,0.9
21,8,Nick Carter,Sharna Burgess,Singer/Rapper,New York,United States,35,2nd Place,2,11.0,11.0,11.0,,33.0,True,3,3.0,30.0,1.1
21,9,Nick Carter,Sharna Burgess,Singer/Rapper,New York,United States,35,2nd Place,2,9.0,9.0,9.5,,27.5,True,3,3.0,30.0,0.9166666666666666
21,10,Nick Carter,Sharna Burgess,Singer/Rapper,New York,United States,35,2nd Place,2,9.0,9.0,9.0,,27.0,True,3,3.0,30.0,0.9
21,11,Nick Carter,Sharna Burgess,Singer/Rapper,New York,United States,35,2nd Place,2,10.0,10.0,10.0,,30.0,True,3,3.0,30.0,1.0
25,1,Nick Lachey,Peta Murgatroyd,Singer/Rapper,Kentucky,United States,43,Eliminated Week 6,9,6.0,6.0,6.0,,18.0,True,3,3.0,30.0,0.6
25,2,Nick Lachey,Peta Murgatroyd,Singer/Rapper,Kentucky,United States,43,Eliminated Week 6,9,7.0,6.0,6.0,,19.0,True,3,3.0,30.0,0.6333333333333333
25,3,Nick Lachey,Peta Murgatroyd,Singer/Rapper,Kentucky,United States,43,Eliminated Week 6,9,7.0,7.0,7.0,,21.0,True,3,3.0,30.0,0.7
25,4,Nick Lachey,Peta Murgatroyd,Singer/Rapper,Kentucky,United States,43,Eliminated Week 6,9,8.0,7.0,7.0,,22.0,True,3,3.0,30.0,0.7333333333333333
25,5,Nick Lachey,Peta Murgatroyd,Singer/Rapper,Kentucky,United States,43,Eliminated Week 6,9,7.0,8.0,7.0,,22.0,True,3,3.0,30.0,0.7333333333333333
25,6,Nick Lachey,Peta Murgatroyd,Singer/Rapper,Kentucky,United States,43,Eliminated Week 6,9,7.0,6.0,7.0,6.0,26.0,True,4,4.0,40.0,0.65
25,7,Nick Lachey,Peta Murgatroyd,Singer/Rapper,Kentucky,United States,43,Eliminated Week 6,9,0.0,0.0,0.0,,0.0,False,3,3.0,30.0,
25,8,Nick Lachey,Peta Murgatroyd,Singer/Rapper,Kentucky,United States,43,Eliminated Week 6,9,0.0,0.0,0.0,,0.0,False,3,3.0,30.0,
25,9,Nick Lachey,Peta Murgatroyd,Singer/Rapper,Kentucky,United States,43,Eliminated Week 6,9,0.0,0.0,0.0,,0.0,False,3,3.0,30.0,
25,10,Nick Lachey,Peta Murgatroyd,Singer/Rapper,Kentucky,United States,43,Eliminated Week 6,9,0.0,0.0,0.0,0.0,0.0,False,4,4.0,40.0,
24,1,Nick Viall,Peta Murgatroyd,TV Personality,Wisconsin,United States,36,Eliminated Week 7,6,6.0,6.0,6.0,6.0,24.0,True,4,4.0,40.0,0.6
24,2,Nick Viall,Peta Murgatroyd,TV Personality,Wisconsin,United States,36,Eliminated Week 7,6,7.0,5.0,7.0,6.0,25.0,True,4,4.0,40.0,0.625
24,3,Nick Viall,Peta Murgatroyd,TV Personality,Wisconsin,United States,36,Eliminated Week 7,6,7.0,6.0,7.0,6.0,26.0,True,4,4.0,40.0,0.65
24,4,Nick Viall,Peta Murgatroyd,TV Personality,Wisconsin,United States,36,Eliminated Week 7,6,8.0,7.0,8.0,7.0,30.0,True,4,4.0,40.0,0.75
24,5,Nick Viall,Peta Murgatroyd,TV Personality,Wisconsin,United States,36,Eliminated Week 7,6,9.0,8.0,9.0,8.0,34.0,True,4,4.0,40.0,0.85
24,6,Nick Viall,Peta Murgatroyd,TV Personality,Wisconsin,United States,36,Eliminated Week 7,6,7.5,8.0,7.5,7.5,30.5,True,4,4.0,40.0,0.7625
24,7,Nick Viall,Peta Murgatroyd,TV Personality,Wisconsin,United States,36,Eliminated Week 7,6,8.0,8.0,9.0,9.0,34.0,True,4,4.0,40.0,0.85
24,8,Nick Viall,Peta Murgatroyd,TV Personality,Wisconsin,United States,36,Eliminated Week 7,6,0.0,0.0,0.0,0.0,0.0,False,4,4.0,40.0,
24,9,Nick Viall,Peta Murgatroyd,TV Personality,Wisconsin,United States,36,Eliminated Week 7,6,0.0,0.0,0.0,0.0,0.0,False,4,4.0,40.0,
24,10,Nick Viall,Peta Murgatroyd,TV Personality,Wisconsin,United States,36,Eliminated Week 7,6,0.0,0.0,0.0,0.0,0.0,False,4,4.0,40.0,
10,1,Nicole Scherzinger,Derek Hough,Singer/Rapper,Hawaii,United States,31,1st Place,1,9.0,7.0,9.0,,25.0,True,3,3.0,30.0,0.8333333333333334
10,2,Nicole Scherzinger,Derek Hough,Singer/Rapper,Hawaii,United States,31,1st Place,1,10.0,8.0,10.0,,28.0,True,3,3.0,30.0,0.9333333333333333
10,3,Nicole Scherzinger,Derek Hough,Singer/Rapper,Hawaii,United States,31,1st Place,1,8.0,6.0,9.0,,23.0,True,3,3.0,30.0,0.7666666666666667
10,4,Nicole Scherzinger,Derek Hough,Singer/Rapper,Hawaii,United States,31,1st Place,1,8.5,8.0,8.5,,25.0,True,3,3.0,30.0,0.8333333333333334
10,5,Nicole Scherzinger,Derek Hough,Singer/Rapper,Hawaii,United States,31,1st Place,1,10.0,9.0,10.0,,29.0,True,3,3.0,30.0,0.9666666666666667
10,6,Nicole Scherzinger,Derek Hough,Singer/Rapper,Hawaii,United States,31,1st Place,1,12.3333,10.3333,13.3333,,35.9999,True,3,3.0,30.0,1.1999966666666666
10,7,Nicole Scherzinger,Derek Hough,Singer/Rapper,Hawaii,United States,31,1st Place,1,9.0,9.0,9.0,,27.0,True,3,3.0,30.0,0.9
10,8,Nicole Scherzinger,Derek Hough,Singer/Rapper,Hawaii,United States,31,1st Place,1,10.0,9.5,10.0,,29.5,True,3,3.0,30.0,0.9833333333333333
10,9,Nicole Scherzinger,Derek Hough,Singer/Rapper,Hawaii,United States,31,1st Place,1,10.0,9.5,10.0,,29.5,True,3,3.0,30.0,0.9833333333333333
10,10,Nicole Scherzinger,Derek Hough,Singer/Rapper,Hawaii,United States,31,1st Place,1,9.5,9.5,9.7777,,28.7777,True,3,3.0,30.0,0.9592566666666666
10,1,Niecy Nash,Louis van Amstel,Actor/Actress,California,United States,40,Eliminated Week 8,5,7.0,5.0,6.0,,18.0,True,3,3.0,30.0,0.6
10,2,Niecy Nash,Louis van Amstel,Actor/Actress,California,United States,40,Eliminated Week 8,5,7.0,7.0,7.0,,21.0,True,3,3.0,30.0,0.7
10,3,Niecy Nash,Louis van Amstel,Actor/Actress,California,United States,40,Eliminated Week 8,5,7.0,7.0,7.0,,21.0,True,3,3.0,30.0,0.7
10,4,Niecy Nash,Louis van Amstel,Actor/Actress,California,United States,40,Eliminated Week 8,5,6.0,6.0,6.0,,18.0,True,3,3.0,30.0,0.6
10,5,Niecy Nash,Louis van Amstel,Actor/Actress,California,United States,40,Eliminated Week 8,5,6.0,6.0,6.0,,18.0,True,3,3.0,30.0,0.6
10,6,Niecy Nash,Louis van Amstel,Actor/Actress,California,United States,40,Eliminated Week 8,5,8.6666,8.6666,8.6666,,25.9998,True,3,3.0,30.0,0.86666
10,7,Niecy Nash,Louis van Amstel,Actor/Actress,California,United States,40,Eliminated Week 8,5,8.5,8.0,8.0,,24.5,True,3,3.0,30.0,0.8166666666666667
10,8,Niecy Nash,Louis van Amstel,Actor/Actress,California,United States,40,Eliminated Week 8,5,7.0,7.0,7.5,,21.5,True,3,3.0,30.0,0.7166666666666667
10,9,Niecy Nash,Louis van Amstel,Actor/Actress,California,United States,40,Eliminated Week 8,5,0.0,0.0,0.0,,0.0,False,3,3.0,30.0,
10,10,Niecy Nash,Louis van Amstel,Actor/Actress,California,United States,40,Eliminated Week 8,5,0.0,0.0,0.0,,0.0,False,3,3.0,30.0,
25,1,Nikki Bella,Artem Chigvintsev,Athlete,California,United States,33,Eliminated Week 7,8,7.0,7.0,6.0,,20.0,True,3,3.0,30.0,0.6666666666666666
25,2,Nikki Bella,Artem Chigvintsev,Athlete,California,United States,33,Eliminated Week 7,8,6.5,6.5,6.5,,19.5,True,3,3.0,30.0,0.65
25,3,Nikki Bella,Artem Chigvintsev,Athlete,California,United States,33,Eliminated Week 7,8,7.0,7.0,7.0,,21.0,True,3,3.0,30.0,0.7
25,4,Nikki Bella,Artem Chigvintsev,Athlete,California,United States,33,Eliminated Week 7,8,8.0,8.0,8.0,,24.0,True,3,3.0,30.0,0.8
25,5,Nikki Bella,Artem Chigvintsev,Athlete,California,United States,33,Eliminated Week 7,8,9.0,9.0,9.0,,27.0,True,3,3.0,30.0,0.9
25,6,Nikki Bella,Artem Chigvintsev,Athlete,California,United States,33,Eliminated Week 7,8,9.0,9.0,9.0,9.0,36.0,True,4,4.0,40.0,0.9
25,7,Nikki Bella,Artem Chigvintsev,Athlete,California,United States,33,Eliminated Week 7,8,8.0,8.0,8.0,,24.0,True,3,3.0,30.0,0.8
25,8,Nikki Bella,Artem Chigvintsev,Athlete,California,United States,33,Eliminated Week 7,8,0.0,0.0,0.0,,0.0,False,3,3.0,30.0,
25,9,Nikki Bella,Artem Chigvintsev,Athlete,California,United States,33,Eliminated Week 7,8,0.0,0.0,0.0,,0.0,False,3,3.0,30.0,
25,10,Nikki Bella,Artem Chigvintsev,Athlete,California,United States,33,Eliminated Week 7,8,0.0,0.0,0.0,0.0,0.0,False,4,4.0,40.0,
27,1,Nikki Glaser,Gleb Savchenko,Comedian,Ohio,United States,34,Eliminated Week 1,13,6.0,5.5,6.0,,17.5,True,3,3.0,30.0,0.5833333333333334
27,2,Nikki Glaser,Gleb Savchenko,Comedian,Ohio,United States,34,Eliminated Week 1,13,0.0,0.0,0.0,,0.0,False,3,3.0,30.0,
27,3,Nikki Glaser,Gleb Savchenko,Comedian,Ohio,United States,34,Eliminated Week 1,13,0.0,0.0,0.0,,0.0,False,3,3.0,30.0,
27,4,Nikki Glaser,Gleb Savchenko,Comedian,Ohio,United States,34,Eliminated Week 1,13,0.0,0.0,0.0,,0.0,False,3,3.0,30.0,
27,5,Nikki Glaser,Gleb Savchenko,Comedian,Ohio,United States,34,Eliminated Week 1,13,0.0,0.0,0.0,,0.0,False,3,3.0,30.0,
27,6,Nikki Glaser,Gleb Savchenko,Comedian,Ohio,United States,34,Eliminated Week 1,13,0.0,0.0,0.0,,0.0,False,3,3.0,30.0,
27,7,Nikki Glaser,Gleb Savchenko,Comedian,Ohio,United States,34,Eliminated Week 1,13,0.0,0.0,0.0,,0.0,False,3,3.0,30.0,
27,8,Nikki Glaser,Gleb Savchenko,Comedian,Ohio,United States,34,Eliminated Week 1,13,0.0,0.0,0.0,,0.0,False,3,3.0,30.0,
27,9,Nikki Glaser,Gleb Savchenko,Comedian,Ohio,United States,34,Eliminated Week 1,13,0.0,0.0,0.0,,0.0,False,3,3.0,30.0,
20,1,Noah Galloway,Sharna Burgess,Motivational Speaker,Alabama,United States,33,3rd Place,3,7.0,6.0,6.0,7.0,26.0,True,4,4.0,40.0,0.65
20,2,Noah Galloway,Sharna Burgess,Motivational Speaker,Alabama,United States,33,3rd Place,3,7.0,6.0,7.0,7.0,27.0,True,4,4.0,40.0,0.675
20,3,Noah Galloway,Sharna Burgess,Motivational Speaker,Alabama,United States,33,3rd Place,3,7.0,7.0,8.0,8.0,30.0,True,4,4.0,40.0,0.75
20,4,Noah Galloway,Sharna Burgess,Motivational Speaker,Alabama,United States,33,3rd Place,3,8.0,8.0,8.0,8.0,32.0,True,4,4.0,40.0,0.8
20,5,Noah Galloway,Sharna Burgess,Motivational Speaker,Alabama,United States,33,3rd Place,3,7.0,7.0,7.0,7.0,28.0,True,4,4.0,40.0,0.7
20,6,Noah Galloway,Sharna Burgess,Motivational Speaker,Alabama,United States,33,3rd Place,3,8.5,8.0,8.5,9.0,34.0,True,4,4.0,40.0,0.85
20,7,Noah Galloway,Sharna Burgess,Motivational Speaker,Alabama,United States,33,3rd Place,3,10.5,8.5,9.5,9.5,38.0,True,4,4.0,40.0,0.95
20,8,Noah Galloway,Sharna Burgess,Motivational Speaker,Alabama,United States,33,3rd Place,3,8.0,7.5,8.0,8.0,31.5,True,4,4.0,40.0,0.7875
20,9,Noah Galloway,Sharna Burgess,Motivational Speaker,Alabama,United States,33,3rd Place,3,9.5,9.5,9.5,9.5,38.0,True,4,4.0,40.0,0.95
20,10,Noah Galloway,Sharna Burgess,Motivational Speaker,Alabama,United States,33,3rd Place,3,9.0,9.0,9.0,9.0,36.0,True,4,4.0,40.0,0.9
24,1,Normani,Valentin Chmerkovskiy,Singer/Rapper,Georgia,United States,20,3rd Place,3,7.0,6.0,7.0,7.0,27.0,True,4,4.0,40.0,0.675
24,2,Normani,Valentin Chmerkovskiy,Singer/Rapper,Georgia,United States,20,3rd Place,3,8.0,8.0,8.0,8.0,32.0,True,4,4.0,40.0,0.8
24,3,Normani,Valentin Chmerkovskiy,Singer/Rapper,Georgia,United States,20,3rd Place,3,8.0,8.0,9.0,9.0,34.0,True,4,4.0,40.0,0.85
24,4,Normani,Valentin Chmerkovskiy,Singer/Rapper,Georgia,United States,20,3rd Place,3,8.0,7.0,8.0,9.0,32.0,True,4,4.0,40.0,0.8
24,5,Normani,Valentin Chmerkovskiy,Singer/Rapper,Georgia,United States,20,3rd Place,3,10.0,9.0,10.0,10.0,39.0,True,4,4.0,40.0,0.975
24,6,Normani,Valentin Chmerkovskiy,Singer/Rapper,Georgia,United States,20,3rd Place,3,9.0,9.5,8.0,9.5,36.0,True,4,4.0,40.0,0.9
24,7,Normani,Valentin Chmerkovskiy,Singer/Rapper,Georgia,United States,20,3rd Place,3,10.5,10.5,10.5,10.5,42.0,True,4,4.0,40.0,1.05
24,8,Normani,Valentin Chmerkovskiy,Singer/Rapper,Georgia,United States,20,3rd Place,3,10.0,9.5,10.0,10.0,39.5,True,4,4.0,40.0,0.9875
24,9,Normani,Valentin Chmerkovskiy,Singer/Rapper,Georgia,United States,20,3rd Place,3,9.5,9.5,9.5,9.5,38.0,True,4,4.0,40.0,0.95
24,10,Normani,Valentin Chmerkovskiy,Singer/Rapper,Georgia,United States,20,3rd Place,3,10.0,9.6666,9.6666,10.0,39.333200000000005,True,4,4.0,40.0,0.9833300000000001
22,1,Nyle DiMarco,Peta Murgatroyd,Model,New York,United States,26,1st Place,1,8.0,7.0,8.0,,23.0,True,3,3.0,30.0,0.7666666666666667
22,2,Nyle DiMarco,Peta Murgatroyd,Model,New York,United States,26,1st Place,1,7.0,6.0,7.0,,20.0,True,3,3.0,30.0,0.6666666666666666
22,3,Nyle DiMarco,Peta Murgatroyd,Model,New York,United States,26,1st Place,1,8.0,8.0,9.0,,25.0,True,3,3.0,30.0,0.8333333333333334
22,4,Nyle DiMarco,Peta Murgatroyd,Model,New York,United States,26,1st Place,1,8.0,8.0,9.0,9.0,34.0,True,4,4.0,40.0,0.85
22,5,Nyle DiMarco,Peta Murgatroyd,Model,New York,United States,26,1st Place,1,9.0,10.0,9.0,9.0,37.0,True,4,4.0,40.0,0.925
22,6,Nyle DiMarco,Peta Murgatroyd,Model,New York,United States,26,1st Place,1,8.0,8.0,9.0,,25.0,True,3,3.0,30.0,0.8333333333333334
22,7,Nyle DiMarco,Peta Murgatroyd,Model,New York,United States,26,1st Place,1,9.5,9.0,9.5,,28.0,True,3,3.0,30.0,0.9333333333333333
22,8,Nyle DiMarco,Peta Murgatroyd,Model,New York,United States,26,1st Place,1,10.0,9.0,10.0,,29.0,True,3,3.0,30.0,0.9666666666666667
22,9,Nyle DiMarco,Peta Murgatroyd,Model,New York,United States,26,1st Place,1,9.5,9.5,9.5,,28.5,True,3,3.0,30.0,0.95
22,10,Nyle DiMarco,Peta Murgatroyd,Model,New York,United States,26,1st Place,1,9.6666,9.6666,9.6666,,28.9998,True,3,3.0,30.0,0.96666
30,1,Olivia Jade,Valentin Chmerkovskiy,Social Media Personality,California,United States,21,Eliminated Week 8,8,7.0,6.0,6.0,6.0,25.0,True,4,4.0,40.0,0.625
30,2,Olivia Jade,Valentin Chmerkovskiy,Social Media Personality,California,United States,21,Eliminated Week 8,8,7.0,6.0,7.0,7.0,27.0,True,4,4.0,40.0,0.675
30,3,Olivia Jade,Valentin Chmerkovskiy,Social Media Personality,California,United States,21,Eliminated Week 8,8,8.0,8.0,8.0,,24.0,True,3,3.0,30.0,0.8
30,4,Olivia Jade,Valentin Chmerkovskiy,Social Media Personality,California,United States,21,Eliminated Week 8,8,8.0,9.0,9.0,9.0,35.0,True,4,4.0,40.0,0.875
30,5,Olivia Jade,Valentin Chmerkovskiy,Social Media Personality,California,United States,21,Eliminated Week 8,8,9.0,9.0,9.0,9.0,36.0,True,4,4.0,40.0,0.9
30,6,Olivia Jade,Valentin Chmerkovskiy,Social Media Personality,California,United States,21,Eliminated Week 8,8,9.0,9.0,9.0,9.0,36.0,True,4,4.0,40.0,0.9
30,7,Olivia Jade,Valentin Chmerkovskiy,Social Media Personality,California,United States,21,Eliminated Week 8,8,11.0,9.0,11.0,11.0,42.0,True,4,4.0,40.0,1.05
30,8,Olivia Jade,Valentin Chmerkovskiy,Social Media Personality,California,United States,21,Eliminated Week 8,8,9.0,9.0,9.0,9.0,36.0,True,4,4.0,40.0,0.9
30,9,Olivia Jade,Valentin Chmerkovskiy,Social Media Personality,California,United States,21,Eliminated Week 8,8,0.0,0.0,0.0,0.0,0.0,False,4,4.0,40.0,
30,10,Olivia Jade,Valentin Chmerkovskiy,Social Media Personality,California,United States,21,Eliminated Week 8,8,0.0,0.0,0.0,0.0,0.0,False,4,4.0,40.0,
22,1,Paige VanZant,Mark Ballas,Athlete,Oregon,United States,22,2nd Place,2,7.0,7.0,7.0,,21.0,True,3,3.0,30.0,0.7
22,2,Paige VanZant,Mark Ballas,Athlete,Oregon,United States,22,2nd Place,2,8.0,8.0,8.0,,24.0,True,3,3.0,30.0,0.8
22,3,Paige VanZant,Mark Ballas,Athlete,Oregon,United States,22,2nd Place,2,8.0,7.0,8.0,,23.0,True,3,3.0,30.0,0.7666666666666667
22,4,Paige VanZant,Mark Ballas,Athlete,Oregon,United States,22,2nd Place,2,9.0,9.0,9.0,9.0,36.0,True,4,4.0,40.0,0.9
22,5,Paige VanZant,Mark Ballas,Athlete,Oregon,United States,22,2nd Place,2,8.0,8.0,7.0,8.0,31.0,True,4,4.0,40.0,0.775
22,6,Paige VanZant,Mark Ballas,Athlete,Oregon,United States,22,2nd Place,2,9.0,10.0,9.0,,28.0,True,3,3.0,30.0,0.9333333333333333
22,7,Paige VanZant,Mark Ballas,Athlete,Oregon,United States,22,2nd Place,2,9.0,9.0,9.5,,27.5,True,3,3.0,30.0,0.9166666666666666
22,8,Paige VanZant,Mark Ballas,Athlete,Oregon,United States,22,2nd Place,2,10.0,9.0,9.0,,28.0,True,3,3.0,30.0,0.9333333333333333
22,9,Paige VanZant,Mark Ballas,Athlete,Oregon,United States,22,2nd Place,2,10.0,9.5,10.0,,29.5,True,3,3.0,30.0,0.9833333333333333
22,10,Paige VanZant,Mark Ballas,Athlete,Oregon,United States,22,2nd Place,2,10.0,9.6666,10.0,,29.666600000000003,True,3,3.0,30.0,0.9888866666666668
20,1,Patti LaBelle,Artem Chigvintsev,Singer/Rapper,Pennsylvania,United States,70,Eliminated Week 6,8,7.0,6.0,6.0,6.0,25.0,True,4,4.0,40.0,0.625
20,2,Patti LaBelle,Artem Chigvintsev,Singer/Rapper,Pennsylvania,United States,70,Eliminated Week 6,8,7.0,7.0,7.0,7.0,28.0,True,4,4.0,40.0,0.7
20,3,Patti LaBelle,Artem Chigvintsev,Singer/Rapper,Pennsylvania,United States,70,Eliminated Week 6,8,6.0,5.0,5.0,6.0,22.0,True,4,4.0,40.0,0.55
20,4,Patti LaBelle,Artem Chigvintsev,Singer/Rapper,Pennsylvania,United States,70,Eliminated Week 6,8,8.0,7.0,7.0,8.0,30.0,True,4,4.0,40.0,0.75
20,5,Patti LaBelle,Artem Chigvintsev,Singer/Rapper,Pennsylvania,United States,70,Eliminated Week 6,8,7.0,6.0,7.0,7.0,27.0,True,4,4.0,40.0,0.675
20,6,Patti LaBelle,Artem Chigvintsev,Singer/Rapper,Pennsylvania,United States,70,Eliminated Week 6,8,9.0,8.0,8.5,8.5,34.0,True,4,4.0,40.0,0.85
20,7,Patti LaBelle,Artem Chigvintsev,Singer/Rapper,Pennsylvania,United States,70,Eliminated Week 6,8,0.0,0.0,0.0,0.0,0.0,False,4,4.0,40.0,
20,8,Patti LaBelle,Artem Chigvintsev,Singer/Rapper,Pennsylvania,United States,70,Eliminated Week 6,8,0.0,0.0,0.0,0.0,0.0,False,4,4.0,40.0,
20,9,Patti LaBelle,Artem Chigvintsev,Singer/Rapper,Pennsylvania,United States,70,Eliminated Week 6,8,0.0,0.0,0.0,0.0,0.0,False,4,4.0,40.0,
20,10,Patti LaBelle,Artem Chigvintsev,Singer/Rapper,Pennsylvania,United States,70,Eliminated Week 6,8,0.0,0.0,0.0,0.0,0.0,False,4,4.0,40.0,
21,1,Paula Deen,Louis van Amstel,TV Personality,Georgia,United States,68,Eliminated Week 6,9,5.0,5.0,5.0,,15.0,True,3,3.0,30.0,0.5
21,2,Paula Deen,Louis van Amstel,TV Personality,Georgia,United States,68,Eliminated Week 6,9,6.5,6.0,6.0,,18.5,True,3,3.0,30.0,0.6166666666666667
21,3,Paula Deen,Louis van Amstel,TV Personality,Georgia,United States,68,Eliminated Week 6,9,5.0,5.0,5.0,5.0,20.0,True,4,4.0,40.0,0.5
21,4,Paula Deen,Louis van Amstel,TV Personality,Georgia,United States,68,Eliminated Week 6,9,6.0,6.0,6.0,,18.0,True,3,3.0,30.0,0.6
21,5,Paula Deen,Louis van Amstel,TV Personality,Georgia,United States,68,Eliminated Week 6,9,7.0,7.0,6.0,6.0,26.0,True,4,4.0,40.0,0.65
21,6,Paula Deen,Louis van Amstel,TV Personality,Georgia,United States,68,Eliminated Week 6,9,6.0,6.0,6.0,6.0,24.0,True,4,4.0,40.0,0.6
21,7,Paula Deen,Louis van Amstel,TV Personality,Georgia,United States,68,Eliminated Week 6,9,0.0,0.0,0.0,,0.0,False,3,3.0,30.0,
21,8,Paula Deen,Louis van Amstel,TV Personality,Georgia,United States,68,Eliminated Week 6,9,0.0,0.0,0.0,,0.0,False,3,3.0,30.0,
21,9,Paula Deen,Louis van Amstel,TV Personality,Georgia,United States,68,Eliminated Week 6,9,0.0,0.0,0.0,,0.0,False,3,3.0,30.0,
21,10,Paula Deen,Louis van Amstel,TV Personality,Georgia,United States,68,Eliminated Week 6,9,0.0,0.0,0.0,,0.0,False,3,3.0,30.0,
21,11,Paula Deen,Louis van Amstel,TV Personality,Georgia,United States,68,Eliminated Week 6,9,0.0,0.0,0.0,,0.0,False,3,3.0,30.0,
6,1,Penn Jillette,Kym Johnson,Magician,Massachusetts,United States,53,Eliminated Week 2,12,5.0,6.0,5.0,,16.0,True,3,3.0,30.0,0.5333333333333333
6,2,Penn Jillette,Kym Johnson,Magician,Massachusetts,United States,53,Eliminated Week 2,12,6.0,6.0,5.0,,17.0,True,3,3.0,30.0,0.5666666666666667
6,3,Penn Jillette,Kym Johnson,Magician,Massachusetts,United States,53,Eliminated Week 2,12,0.0,0.0,0.0,,0.0,False,3,3.0,30.0,
6,4,Penn Jillette,Kym Johnson,Magician,Massachusetts,United States,53,Eliminated Week 2,12,0.0,0.0,0.0,,0.0,False,3,3.0,30.0,
6,5,Penn Jillette,Kym Johnson,Magician,Massachusetts,United States,53,Eliminated Week 2,12,0.0,0.0,0.0,,0.0,False,3,3.0,30.0,
6,6,Penn Jillette,Kym Johnson,Magician,Massachusetts,United States,53,Eliminated Week 2,12,0.0,0.0,0.0,,0.0,False,3,3.0,30.0,
6,7,Penn Jillette,Kym Johnson,Magician,Massachusetts,United States,53,Eliminated Week 2,12,0.0,0.0,0.0,,0.0,False,3,3.0,30.0,
6,8,Penn Jillette,Kym Johnson,Magician,Massachusetts,United States,53,Eliminated Week 2,12,0.0,0.0,0.0,,0.0,False,3,3.0,30.0,
6,9,Penn Jillette,Kym Johnson,Magician,Massachusetts,United States,53,Eliminated Week 2,12,0.0,0.0,0.0,,0.0,False,3,3.0,30.0,
6,10,Penn Jillette,Kym Johnson,Magician,Massachusetts,United States,53,Eliminated Week 2,12,0.0,0.0,0.0,,0.0,False,3,3.0,30.0,
33,1,Phaedra Parks,Val Chmerkovskiy,TV Personality,Georgia,United States,51,Eliminated Week 5,8,7.0,6.0,6.0,,19.0,True,3,3.0,30.0,0.6333333333333333
33,2,Phaedra Parks,Val Chmerkovskiy,TV Personality,Georgia,United States,51,Eliminated Week 5,8,7.0,7.0,7.0,,21.0,True,3,3.0,30.0,0.7
33,3,Phaedra Parks,Val Chmerkovskiy,TV Personality,Georgia,United States,51,Eliminated Week 5,8,7.5,7.5,6.0,7.0,28.0,True,4,4.0,40.0,0.7
33,4,Phaedra Parks,Val Chmerkovskiy,TV Personality,Georgia,United States,51,Eliminated Week 5,8,8.0,8.0,8.0,8.0,32.0,True,4,4.0,40.0,0.8
33,5,Phaedra Parks,Val Chmerkovskiy,TV Personality,Georgia,United States,51,Eliminated Week 5,8,8.0,8.0,8.0,,24.0,True,3,3.0,30.0,0.8
33,6,Phaedra Parks,Val Chmerkovskiy,TV Personality,Georgia,United States,51,Eliminated Week 5,8,0.0,0.0,0.0,,0.0,False,3,3.0,30.0,
33,7,Phaedra Parks,Val Chmerkovskiy,TV Personality,Georgia,United States,51,Eliminated Week 5,8,0.0,0.0,0.0,,0.0,False,3,3.0,30.0,
33,8,Phaedra Parks,Val Chmerkovskiy,TV Personality,Georgia,United States,51,Eliminated Week 5,8,0.0,0.0,0.0,,0.0,False,3,3.0,30.0,
33,9,Phaedra Parks,Val Chmerkovskiy,TV Personality,Georgia,United States,51,Eliminated Week 5,8,0.0,0.0,0.0,,0.0,False,3,3.0,30.0,
6,1,Priscilla Presley,Louis van Amstel,Actor/Actress,New York,United States,62,Eliminated Week 5,8,8.0,8.0,8.0,,24.0,True,3,3.0,30.0,0.8
6,2,Priscilla Presley,Louis van Amstel,Actor/Actress,New York,United States,62,Eliminated Week 5,8,7.0,7.0,7.0,,21.0,True,3,3.0,30.0,0.7
6,3,Priscilla Presley,Louis van Amstel,Actor/Actress,New York,United States,62,Eliminated Week 5,8,8.0,9.0,9.0,,26.0,True,3,3.0,30.0,0.8666666666666667
6,4,Priscilla Presley,Louis van Amstel,Actor/Actress,New York,United States,62,Eliminated Week 5,8,7.0,7.0,8.0,,22.0,True,3,3.0,30.0,0.7333333333333333
6,5,Priscilla Presley,Louis van Amstel,Actor/Actress,New York,United States,62,Eliminated Week 5,8,7.0,7.0,7.0,,21.0,True,3,3.0,30.0,0.7
6,6,Priscilla Presley,Louis van Amstel,Actor/Actress,New York,United States,62,Eliminated Week 5,8,0.0,0.0,0.0,,0.0,False,3,3.0,30.0,
6,7,Priscilla Presley,Louis van Amstel,Actor/Actress,New York,United States,62,Eliminated Week 5,8,0.0,0.0,0.0,,0.0,False,3,3.0,30.0,
6,8,Priscilla Presley,Louis van Amstel,Actor/Actress,New York,United States,62,Eliminated Week 5,8,0.0,0.0,0.0,,0.0,False,3,3.0,30.0,
6,9,Priscilla Presley,Louis van Amstel,Actor/Actress,New York,United States,62,Eliminated Week 5,8,0.0,0.0,0.0,,0.0,False,3,3.0,30.0,
6,10,Priscilla Presley,Louis van Amstel,Actor/Actress,New York,United States,62,Eliminated Week 5,8,0.0,0.0,0.0,,0.0,False,3,3.0,30.0,
12,1,Ralph Macchio,Karina Smirnoff,Actor/Actress,New York,United States,49,Eliminated Week 9,4,8.0,8.0,8.0,,24.0,True,3,3.0,30.0,0.8
12,2,Ralph Macchio,Karina Smirnoff,Actor/Actress,New York,United States,49,Eliminated Week 9,4,7.0,7.0,7.0,,21.0,True,3,3.0,30.0,0.7
12,3,Ralph Macchio,Karina Smirnoff,Actor/Actress,New York,United States,49,Eliminated Week 9,4,7.0,7.0,7.0,,21.0,True,3,3.0,30.0,0.7
12,4,Ralph Macchio,Karina Smirnoff,Actor/Actress,New York,United States,49,Eliminated Week 9,4,8.0,8.0,9.0,,25.0,True,3,3.0,30.0,0.8333333333333334
12,5,Ralph Macchio,Karina Smirnoff,Actor/Actress,New York,United States,49,Eliminated Week 9,4,8.0,7.0,7.0,,22.0,True,3,3.0,30.0,0.7333333333333333
12,6,Ralph Macchio,Karina Smirnoff,Actor/Actress,New York,United States,49,Eliminated Week 9,4,8.0,8.0,8.0,,24.0,True,3,3.0,30.0,0.8
12,7,Ralph Macchio,Karina Smirnoff,Actor/Actress,New York,United States,49,Eliminated Week 9,4,9.0,8.5,7.5,8.0,33.0,True,4,4.0,40.0,0.825
12,8,Ralph Macchio,Karina Smirnoff,Actor/Actress,New York,United States,49,Eliminated Week 9,4,7.5,7.5,8.0,,23.0,True,3,3.0,30.0,0.7666666666666667
12,9,Ralph Macchio,Karina Smirnoff,Actor/Actress,New York,United States,49,Eliminated Week 9,4,8.0,8.0,8.0,,24.0,True,3,3.0,30.0,0.8
12,10,Ralph Macchio,Karina Smirnoff,Actor/Actress,New York,United States,49,Eliminated Week 9,4,0.0,0.0,0.0,,0.0,False,3,3.0,30.0,
19,1,Randy Couture,Karina Smirnoff,Athlete,Washington,United States,51,Eliminated Week 3,11,8.0,7.0,8.0,8.0,31.0,True,4,4.0,40.0,0.775
19,2,Randy Couture,Karina Smirnoff,Athlete,Washington,United States,51,Eliminated Week 3,11,7.0,7.0,7.0,7.0,28.0,True,4,4.0,40.0,0.7
19,3,Randy Couture,Karina Smirnoff,Athlete,Washington,United States,51,Eliminated Week 3,11,7.0,7.0,6.0,6.0,26.0,True,4,4.0,40.0,0.65
19,4,Randy Couture,Karina Smirnoff,Athlete,Washington,United States,51,Eliminated Week 3,11,0.0,0.0,0.0,0.0,0.0,False,4,4.0,40.0,
19,5,Randy Couture,Karina Smirnoff,Athlete,Washington,United States,51,Eliminated Week 3,11,0.0,0.0,0.0,0.0,0.0,False,4,4.0,40.0,
19,6,Randy Couture,Karina Smirnoff,Athlete,Washington,United States,51,Eliminated Week 3,11,0.0,0.0,0.0,0.0,0.0,False,4,4.0,40.0,
19,7,Randy Couture,Karina Smirnoff,Athlete,Washington,United States,51,Eliminated Week 3,11,0.0,0.0,0.0,0.0,0.0,False,4,4.0,40.0,
19,8,Randy Couture,Karina Smirnoff,Athlete,Washington,United States,51,Eliminated Week 3,11,0.0,0.0,0.0,0.0,0.0,False,4,4.0,40.0,
19,9,Randy Couture,Karina Smirnoff,Athlete,Washington,United States,51,Eliminated Week 3,11,0.0,0.0,0.0,0.0,0.0,False,4,4.0,40.0,
19,10,Randy Couture,Karina Smirnoff,Athlete,Washington,United States,51,Eliminated Week 3,11,0.0,0.0,0.0,0.0,0.0,False,4,4.0,40.0,
19,11,Randy Couture,Karina Smirnoff,Athlete,Washington,United States,51,Eliminated Week 3,11,0.0,0.0,0.0,0.0,0.0,False,4,4.0,40.0,
24,1,Rashad Jennings,Emma Slater,Athlete,Virginia,United States,32,1st Place,1,8.0,7.0,8.0,8.0,31.0,True,4,4.0,40.0,0.775
24,2,Rashad Jennings,Emma Slater,Athlete,Virginia,United States,32,1st Place,1,8.0,8.0,8.0,8.0,32.0,True,4,4.0,40.0,0.8
24,3,Rashad Jennings,Emma Slater,Athlete,Virginia,United States,32,1st Place,1,7.0,7.0,7.0,7.0,28.0,True,4,4.0,40.0,0.7
24,4,Rashad Jennings,Emma Slater,Athlete,Virginia,United States,32,1st Place,1,10.0,9.0,10.0,10.0,39.0,True,4,4.0,40.0,0.975
24,5,Rashad Jennings,Emma Slater,Athlete,Virginia,United States,32,1st Place,1,7.0,8.0,9.0,8.0,32.0,True,4,4.0,40.0,0.8
24,6,Rashad Jennings,Emma Slater,Athlete,Virginia,United States,32,1st Place,1,8.5,9.5,8.5,8.5,35.0,True,4,4.0,40.0,0.875
24,7,Rashad Jennings,Emma Slater,Athlete,Virginia,United States,32,1st Place,1,9.5,9.5,10.5,9.5,39.0,True,4,4.0,40.0,0.975
24,8,Rashad Jennings,Emma Slater,Athlete,Virginia,United States,32,1st Place,1,9.5,9.0,9.5,9.5,37.5,True,4,4.0,40.0,0.9375
24,9,Rashad Jennings,Emma Slater,Athlete,Virginia,United States,32,1st Place,1,9.5,9.0,10.0,10.0,38.5,True,4,4.0,40.0,0.9625
24,10,Rashad Jennings,Emma Slater,Athlete,Virginia,United States,32,1st Place,1,10.0,9.6666,10.0,10.0,39.6666,True,4,4.0,40.0,0.991665
28,1,Ray Lewis,Cheryl Burke,Athlete,Florida,United States,44,Withdrew,11,5.0,5.0,5.0,,15.0,True,3,3.0,30.0,0.5
28,2,Ray Lewis,Cheryl Burke,Athlete,Florida,United States,44,Withdrew,11,5.0,5.0,5.0,,15.0,True,3,3.0,30.0,0.5
28,3,Ray Lewis,Cheryl Burke,Athlete,Florida,United States,44,Withdrew,11,0.0,0.0,0.0,,0.0,False,3,3.0,30.0,
28,4,Ray Lewis,Cheryl Burke,Athlete,Florida,United States,44,Withdrew,11,0.0,0.0,0.0,0.0,0.0,False,4,4.0,40.0,
28,5,Ray Lewis,Cheryl Burke,Athlete,Florida,United States,44,Withdrew,11,0.0,0.0,0.0,,0.0,False,3,3.0,30.0,
28,6,Ray Lewis,Cheryl Burke,Athlete,Florida,United States,44,Withdrew,11,0.0,0.0,0.0,,0.0,False,3,3.0,30.0,
28,7,Ray Lewis,Cheryl Burke,Athlete,Florida,United States,44,Withdrew,11,0.0,0.0,0.0,,0.0,False,3,3.0,30.0,
28,8,Ray Lewis,Cheryl Burke,Athlete,Florida,United States,44,Withdrew,11,0.0,0.0,0.0,,0.0,False,3,3.0,30.0,
28,9,Ray Lewis,Cheryl Burke,Athlete,Florida,United States,44,Withdrew,11,0.0,0.0,0.0,0.0,0.0,False,4,4.0,40.0,
28,10,Ray Lewis,Cheryl Burke,Athlete,Florida,United States,44,Withdrew,11,0.0,0.0,0.0,,0.0,False,3,3.0,30.0,
28,11,Ray Lewis,Cheryl Burke,Athlete,Florida,United States,44,Withdrew,11,0.0,0.0,0.0,,0.0,False,3,3.0,30.0,
20,1,Redfoo,Emma Slater,Singer/Rapper,California,United States,39,Eliminated Week 2,12,6.0,5.0,5.0,6.0,22.0,True,4,4.0,40.0,0.55
20,2,Redfoo,Emma Slater,Singer/Rapper,California,United States,39,Eliminated Week 2,12,8.0,7.0,8.0,8.0,31.0,True,4,4.0,40.0,0.775
20,3,Redfoo,Emma Slater,Singer/Rapper,California,United States,39,Eliminated Week 2,12,0.0,0.0,0.0,0.0,0.0,False,4,4.0,40.0,
20,4,Redfoo,Emma Slater,Singer/Rapper,California,United States,39,Eliminated Week 2,12,0.0,0.0,0.0,0.0,0.0,False,4,4.0,40.0,
20,5,Redfoo,Emma Slater,Singer/Rapper,California,United States,39,Eliminated Week 2,12,0.0,0.0,0.0,0.0,0.0,False,4,4.0,40.0,
20,6,Redfoo,Emma Slater,Singer/Rapper,California,United States,39,Eliminated Week 2,12,0.0,0.0,0.0,0.0,0.0,False,4,4.0,40.0,
20,7,Redfoo,Emma Slater,Singer/Rapper,California,United States,39,Eliminated Week 2,12,0.0,0.0,0.0,0.0,0.0,False,4,4.0,40.0,
20,8,Redfoo,Emma Slater,Singer/Rapper,California,United States,39,Eliminated Week 2,12,0.0,0.0,0.0,0.0,0.0,False,4,4.0,40.0,
20,9,Redfoo,Emma Slater,Singer/Rapper,California,United States,39,Eliminated Week 2,12,0.0,0.0,0.0,0.0,0.0,False,4,4.0,40.0,
20,10,Redfoo,Emma Slater,Singer/Rapper,California,United States,39,Eliminated Week 2,12,0.0,0.0,0.0,0.0,0.0,False,4,4.0,40.0,
33,1,Reginald VelJohnson,Emma Slater,Actor/Actress,New York,United States,74,Eliminated Week 3,10,6.0,5.0,5.0,,16.0,True,3,3.0,30.0,0.5333333333333333
33,2,Reginald VelJohnson,Emma Slater,Actor/Actress,New York,United States,74,Eliminated Week 3,10,6.0,4.0,5.0,,15.0,True,3,3.0,30.0,0.5
33,3,Reginald VelJohnson,Emma Slater,Actor/Actress,New York,United States,74,Eliminated Week 3,10,6.0,5.0,5.0,5.0,21.0,True,4,4.0,40.0,0.525
33,4,Reginald VelJohnson,Emma Slater,Actor/Actress,New York,United States,74,Eliminated Week 3,10,0.0,0.0,0.0,0.0,0.0,False,4,4.0,40.0,
33,5,Reginald VelJohnson,Emma Slater,Actor/Actress,New York,United States,74,Eliminated Week 3,10,0.0,0.0,0.0,,0.0,False,3,3.0,30.0,
33,6,Reginald VelJohnson,Emma Slater,Actor/Actress,New York,United States,74,Eliminated Week 3,10,0.0,0.0,0.0,,0.0,False,3,3.0,30.0,
33,7,Reginald VelJohnson,Emma Slater,Actor/Actress,New York,United States,74,Eliminated Week 3,10,0.0,0.0,0.0,,0.0,False,3,3.0,30.0,
33,8,Reginald VelJohnson,Emma Slater,Actor/Actress,New York,United States,74,Eliminated Week 3,10,0.0,0.0,0.0,,0.0,False,3,3.0,30.0,
33,9,Reginald VelJohnson,Emma Slater,Actor/Actress,New York,United States,74,Eliminated Week 3,10,0.0,0.0,0.0,,0.0,False,3,3.0,30.0,
23,1,Rick Perry,Emma Slater,Politician,Texas,United States,66,Eliminated Week 3,12,5.0,5.0,5.0,5.0,20.0,True,4,4.0,40.0,0.5
23,2,Rick Perry,Emma Slater,Politician,Texas,United States,66,Eliminated Week 3,12,6.0,5.0,6.0,5.0,22.0,True,4,4.0,40.0,0.55
23,3,Rick Perry,Emma Slater,Politician,Texas,United States,66,Eliminated Week 3,12,6.0,5.0,6.0,6.0,23.0,True,4,4.0,40.0,0.575
23,4,Rick Perry,Emma Slater,Politician,Texas,United States,66,Eliminated Week 3,12,0.0,0.0,0.0,,0.0,False,3,3.0,30.0,
23,5,Rick Perry,Emma Slater,Politician,Texas,United States,66,Eliminated Week 3,12,0.0,0.0,0.0,,0.0,False,3,3.0,30.0,
23,6,Rick Perry,Emma Slater,Politician,Texas,United States,66,Eliminated Week 3,12,0.0,0.0,0.0,0.0,0.0,False,4,4.0,40.0,
23,7,Rick Perry,Emma Slater,Politician,Texas,United States,66,Eliminated Week 3,12,0.0,0.0,0.0,0.0,0.0,False,4,4.0,40.0,
23,8,Rick Perry,Emma Slater,Politician,Texas,United States,66,Eliminated Week 3,12,0.0,0.0,0.0,,0.0,False,3,3.0,30.0,
23,9,Rick Perry,Emma Slater,Politician,Texas,United States,66,Eliminated Week 3,12,0.0,0.0,0.0,0.0,0.0,False,4,4.0,40.0,
23,10,Rick Perry,Emma Slater,Politician,Texas,United States,66,Eliminated Week 3,12,0.0,0.0,0.0,,0.0,False,3,3.0,30.0,
23,11,Rick Perry,Emma Slater,Politician,Texas,United States,66,Eliminated Week 3,12,0.0,0.0,0.0,0.0,0.0,False,4,4.0,40.0,
13,1,Ricki Lake,Derek Hough,Actor/Actress,New York,United States,42,3rd Place,3,7.0,6.0,7.0,,20.0,True,3,3.0,30.0,0.6666666666666666
13,2,Ricki Lake,Derek Hough,Actor/Actress,New York,United States,42,3rd Place,3,8.0,7.0,8.0,,23.0,True,3,3.0,30.0,0.7666666666666667
13,3,Ricki Lake,Derek Hough,Actor/Actress,New York,United States,42,3rd Place,3,9.0,9.0,9.0,,27.0,True,3,3.0,30.0,0.9
13,4,Ricki Lake,Derek Hough,Actor/Actress,New York,United States,42,3rd Place,3,10.0,9.0,10.0,,29.0,True,3,3.0,30.0,0.9666666666666667
13,5,Ricki Lake,Derek Hough,Actor/Actress,New York,United States,42,3rd Place,3,8.0,8.0,8.0,,24.0,True,3,3.0,30.0,0.8
13,6,Ricki Lake,Derek Hough,Actor/Actress,New York,United States,42,3rd Place,3,10.0,9.0,10.0,,29.0,True,3,3.0,30.0,0.9666666666666667
13,7,Ricki Lake,Derek Hough,Actor/Actress,New York,United States,42,3rd Place,3,9.0,8.5,9.0,,26.5,True,3,3.0,30.0,0.8833333333333333
13,8,Ricki Lake,Derek Hough,Actor/Actress,New York,United States,42,3rd Place,3,8.5,8.5,9.0,,26.0,True,3,3.0,30.0,0.8666666666666667
13,9,Ricki Lake,Derek Hough,Actor/Actress,New York,United States,42,3rd Place,3,10.8333,11.3333,11.3333,,33.4999,True,3,3.0,30.0,1.1166633333333331
13,10,Ricki Lake,Derek Hough,Actor/Actress,New York,United States,42,3rd Place,3,9.3333,9.3333,9.3333,,27.999899999999997,True,3,3.0,30.0,0.9333299999999999
20,1,Riker Lynch,Allison Holker,Actor/Actress,Colorado,United States,23,2nd Place,2,8.0,7.0,8.0,8.0,31.0,True,4,4.0,40.0,0.775
20,2,Riker Lynch,Allison Holker,Actor/Actress,Colorado,United States,23,2nd Place,2,8.0,8.0,8.0,8.0,32.0,True,4,4.0,40.0,0.8
20,3,Riker Lynch,Allison Holker,Actor/Actress,Colorado,United States,23,2nd Place,2,9.0,7.0,9.0,9.0,34.0,True,4,4.0,40.0,0.85
20,4,Riker Lynch,Allison Holker,Actor/Actress,Colorado,United States,23,2nd Place,2,8.0,8.0,9.0,9.0,34.0,True,4,4.0,40.0,0.85
20,5,Riker Lynch,Allison Holker,Actor/Actress,Colorado,United States,23,2nd Place,2,10.0,9.0,9.0,10.0,38.0,True,4,4.0,40.0,0.95
20,6,Riker Lynch,Allison Holker,Actor/Actress,Colorado,United States,23,2nd Place,2,10.0,8.5,9.5,10.0,38.0,True,4,4.0,40.0,0.95
20,7,Riker Lynch,Allison Holker,Actor/Actress,Colorado,United States,23,2nd Place,2,9.0,10.0,9.0,9.0,37.0,True,4,4.0,40.0,0.925
20,8,Riker Lynch,Allison Holker,Actor/Actress,Colorado,United States,23,2nd Place,2,10.0,9.0,10.0,10.0,39.0,True,4,4.0,40.0,0.975
20,9,Riker Lynch,Allison Holker,Actor/Actress,Colorado,United States,23,2nd Place,2,10.0,10.0,10.0,10.0,40.0,True,4,4.0,40.0,1.0
20,10,Riker Lynch,Allison Holker,Actor/Actress,Colorado,United States,23,2nd Place,2,10.0,10.0,10.0,10.0,40.0,True,4,4.0,40.0,1.0
13,1,Rob Kardashian,Cheryl Burke,TV Personality,California,United States,24,2nd Place,2,6.0,5.0,5.0,,16.0,True,3,3.0,30.0,0.5333333333333333
13,2,Rob Kardashian,Cheryl Burke,TV Personality,California,United States,24,2nd Place,2,7.0,7.0,7.0,,21.0,True,3,3.0,30.0,0.7
13,3,Rob Kardashian,Cheryl Burke,TV Personality,California,United States,24,2nd Place,2,8.0,8.0,8.0,,24.0,True,3,3.0,30.0,0.8
13,4,Rob Kardashian,Cheryl Burke,TV Personality,California,United States,24,2nd Place,2,8.0,8.0,8.0,,24.0,True,3,3.0,30.0,0.8
13,5,Rob Kardashian,Cheryl Burke,TV Personality,California,United States,24,2nd Place,2,9.0,8.0,8.0,,25.0,True,3,3.0,30.0,0.8333333333333334
13,6,Rob Kardashian,Cheryl Burke,TV Personality,California,United States,24,2nd Place,2,8.0,7.0,7.0,,22.0,True,3,3.0,30.0,0.7333333333333333
13,7,Rob Kardashian,Cheryl Burke,TV Personality,California,United States,24,2nd Place,2,9.0,8.0,8.5,,25.5,True,3,3.0,30.0,0.85
13,8,Rob Kardashian,Cheryl Burke,TV Personality,California,United States,24,2nd Place,2,8.5,8.5,8.5,,25.5,True,3,3.0,30.0,0.85
13,9,Rob Kardashian,Cheryl Burke,TV Personality,California,United States,24,2nd Place,2,11.1666,10.6666,10.6666,,32.4998,True,3,3.0,30.0,1.0833266666666668
13,10,Rob Kardashian,Cheryl Burke,TV Personality,California,United States,24,2nd Place,2,9.4444,9.4444,9.4444,,28.333199999999998,True,3,3.0,30.0,0.94444
7,1,Rocco DiSpirito,Karina Smirnoff,TV Personality,New York,United States,41,Eliminated Week 4,9,6.0,5.5,6.0,,17.5,True,3,3.0,30.0,0.5833333333333334
7,2,Rocco DiSpirito,Karina Smirnoff,TV Personality,New York,United States,41,Eliminated Week 4,9,5.0,6.0,5.0,,16.0,True,3,3.0,30.0,0.5333333333333333
7,3,Rocco DiSpirito,Karina Smirnoff,TV Personality,New York,United States,41,Eliminated Week 4,9,7.0,7.0,6.0,,20.0,True,3,3.0,30.0,0.6666666666666666
7,4,Rocco DiSpirito,Karina Smirnoff,TV Personality,New York,United States,41,Eliminated Week 4,9,6.0,6.0,6.0,,18.0,True,3,3.0,30.0,0.6
7,5,Rocco DiSpirito,Karina Smirnoff,TV Personality,New York,United States,41,Eliminated Week 4,9,0.0,0.0,0.0,,0.0,False,3,3.0,30.0,
7,6,Rocco DiSpirito,Karina Smirnoff,TV Personality,New York,United States,41,Eliminated Week 4,9,0.0,0.0,0.0,,0.0,False,3,3.0,30.0,
7,7,Rocco DiSpirito,Karina Smirnoff,TV Personality,New York,United States,41,Eliminated Week 4,9,0.0,0.0,0.0,,0.0,False,3,3.0,30.0,
7,8,Rocco DiSpirito,Karina Smirnoff,TV Personality,New York,United States,41,Eliminated Week 4,9,0.0,0.0,0.0,,0.0,False,3,3.0,30.0,
7,9,Rocco DiSpirito,Karina Smirnoff,TV Personality,New York,United States,41,Eliminated Week 4,9,0.0,0.0,0.0,,0.0,False,3,3.0,30.0,
7,10,Rocco DiSpirito,Karina Smirnoff,TV Personality,New York,United States,41,Eliminated Week 4,9,0.0,0.0,0.0,,0.0,False,3,3.0,30.0,
12,1,Romeo,Chelsie Hightower,Singer/Rapper,Louisiana,United States,21,Eliminated Week 8,5,7.0,6.0,6.0,,19.0,True,3,3.0,30.0,0.6333333333333333
12,2,Romeo,Chelsie Hightower,Singer/Rapper,Louisiana,United States,21,Eliminated Week 8,5,7.0,8.0,8.0,,23.0,True,3,3.0,30.0,0.7666666666666667
12,3,Romeo,Chelsie Hightower,Singer/Rapper,Louisiana,United States,21,Eliminated Week 8,5,7.0,6.0,7.0,,20.0,True,3,3.0,30.0,0.6666666666666666
12,4,Romeo,Chelsie Hightower,Singer/Rapper,Louisiana,United States,21,Eliminated Week 8,5,7.0,8.0,8.0,,23.0,True,3,3.0,30.0,0.7666666666666667
12,5,Romeo,Chelsie Hightower,Singer/Rapper,Louisiana,United States,21,Eliminated Week 8,5,9.0,8.0,9.0,,26.0,True,3,3.0,30.0,0.8666666666666667
12,6,Romeo,Chelsie Hightower,Singer/Rapper,Louisiana,United States,21,Eliminated Week 8,5,10.0,9.0,9.0,,28.0,True,3,3.0,30.0,0.9333333333333333
12,7,Romeo,Chelsie Hightower,Singer/Rapper,Louisiana,United States,21,Eliminated Week 8,5,7.5,8.0,7.0,7.5,30.0,True,4,4.0,40.0,0.75
12,8,Romeo,Chelsie Hightower,Singer/Rapper,Louisiana,United States,21,Eliminated Week 8,5,8.5,9.0,8.5,,26.0,True,3,3.0,30.0,0.8666666666666667
12,9,Romeo,Chelsie Hightower,Singer/Rapper,Louisiana,United States,21,Eliminated Week 8,5,0.0,0.0,0.0,,0.0,False,3,3.0,30.0,
12,10,Romeo,Chelsie Hightower,Singer/Rapper,Louisiana,United States,21,Eliminated Week 8,5,0.0,0.0,0.0,,0.0,False,3,3.0,30.0,
14,1,Roshon Fegan,Chelsie Hightower,Actor/Actress,California,United States,20,Eliminated Week 8,6,8.0,7.0,8.0,,23.0,True,3,3.0,30.0,0.7666666666666667
14,2,Roshon Fegan,Chelsie Hightower,Actor/Actress,California,United States,20,Eliminated Week 8,6,9.0,8.0,9.0,,26.0,True,3,3.0,30.0,0.8666666666666667
14,3,Roshon Fegan,Chelsie Hightower,Actor/Actress,California,United States,20,Eliminated Week 8,6,8.0,8.0,9.0,,25.0,True,3,3.0,30.0,0.8333333333333334
14,4,Roshon Fegan,Chelsie Hightower,Actor/Actress,California,United States,20,Eliminated Week 8,6,9.0,8.0,9.0,,26.0,True,3,3.0,30.0,0.8666666666666667
14,5,Roshon Fegan,Chelsie Hightower,Actor/Actress,California,United States,20,Eliminated Week 8,6,9.0,8.0,9.0,,26.0,True,3,3.0,30.0,0.8666666666666667
14,6,Roshon Fegan,Chelsie Hightower,Actor/Actress,California,United States,20,Eliminated Week 8,6,8.6666,9.6666,9.6666,,27.9998,True,3,3.0,30.0,0.9333266666666666
14,7,Roshon Fegan,Chelsie Hightower,Actor/Actress,California,United States,20,Eliminated Week 8,6,9.5,8.0,8.5,,26.0,True,3,3.0,30.0,0.8666666666666667
14,8,Roshon Fegan,Chelsie Hightower,Actor/Actress,California,United States,20,Eliminated Week 8,6,9.5,9.0,9.5,,28.0,True,3,3.0,30.0,0.9333333333333333
14,9,Roshon Fegan,Chelsie Hightower,Actor/Actress,California,United States,20,Eliminated Week 8,6,0.0,0.0,0.0,,0.0,False,3,3.0,30.0,
14,10,Roshon Fegan,Chelsie Hightower,Actor/Actress,California,United States,20,Eliminated Week 8,6,0.0,0.0,0.0,,0.0,False,3,3.0,30.0,
20,1,Rumer Willis,Valentin Chmerkovskiy,Actor/Actress,Kentucky,United States,26,1st Place,1,8.0,8.0,8.0,8.0,32.0,True,4,4.0,40.0,0.8
20,2,Rumer Willis,Valentin Chmerkovskiy,Actor/Actress,Kentucky,United States,26,1st Place,1,8.0,8.0,8.0,8.0,32.0,True,4,4.0,40.0,0.8
20,3,Rumer Willis,Valentin Chmerkovskiy,Actor/Actress,Kentucky,United States,26,1st Place,1,8.0,9.0,8.0,8.0,33.0,True,4,4.0,40.0,0.825
20,4,Rumer Willis,Valentin Chmerkovskiy,Actor/Actress,Kentucky,United States,26,1st Place,1,9.0,8.0,9.0,9.0,35.0,True,4,4.0,40.0,0.875
20,5,Rumer Willis,Valentin Chmerkovskiy,Actor/Actress,Kentucky,United States,26,1st Place,1,10.0,9.0,10.0,10.0,39.0,True,4,4.0,40.0,0.975
20,6,Rumer Willis,Valentin Chmerkovskiy,Actor/Actress,Kentucky,United States,26,1st Place,1,9.0,8.5,8.5,9.5,35.5,True,4,4.0,40.0,0.8875
20,7,Rumer Willis,Valentin Chmerkovskiy,Actor/Actress,Kentucky,United States,26,1st Place,1,8.5,9.5,9.5,9.5,37.0,True,4,4.0,40.0,0.925
20,8,Rumer Willis,Valentin Chmerkovskiy,Actor/Actress,Kentucky,United States,26,1st Place,1,10.0,10.0,10.0,10.0,40.0,True,4,4.0,40.0,1.0
20,9,Rumer Willis,Valentin Chmerkovskiy,Actor/Actress,Kentucky,United States,26,1st Place,1,10.0,9.5,9.5,10.0,39.0,True,4,4.0,40.0,0.975
20,10,Rumer Willis,Valentin Chmerkovskiy,Actor/Actress,Kentucky,United States,26,1st Place,1,10.0,10.0,10.0,10.0,40.0,True,4,4.0,40.0,1.0
23,1,Ryan Lochte,Cheryl Burke,Athlete,New York,United States,32,Eliminated Week 8,7,6.0,6.0,6.0,6.0,24.0,True,4,4.0,40.0,0.6
23,2,Ryan Lochte,Cheryl Burke,Athlete,New York,United States,32,Eliminated Week 8,7,6.0,6.0,6.0,6.0,24.0,True,4,4.0,40.0,0.6
23,3,Ryan Lochte,Cheryl Burke,Athlete,New York,United States,32,Eliminated Week 8,7,6.0,7.0,6.0,6.0,25.0,True,4,4.0,40.0,0.625
23,4,Ryan Lochte,Cheryl Burke,Athlete,New York,United States,32,Eliminated Week 8,7,7.0,7.0,8.0,,22.0,True,3,3.0,30.0,0.7333333333333333
23,5,Ryan Lochte,Cheryl Burke,Athlete,New York,United States,32,Eliminated Week 8,7,8.0,8.0,8.0,,24.0,True,3,3.0,30.0,0.8
23,6,Ryan Lochte,Cheryl Burke,Athlete,New York,United States,32,Eliminated Week 8,7,7.0,8.0,8.0,7.0,30.0,True,4,4.0,40.0,0.75
23,7,Ryan Lochte,Cheryl Burke,Athlete,New York,United States,32,Eliminated Week 8,7,8.5,8.0,8.0,8.5,33.0,True,4,4.0,40.0,0.825
23,8,Ryan Lochte,Cheryl Burke,Athlete,New York,United States,32,Eliminated Week 8,7,8.0,9.0,9.0,,26.0,True,3,3.0,30.0,0.8666666666666667
23,9,Ryan Lochte,Cheryl Burke,Athlete,New York,United States,32,Eliminated Week 8,7,0.0,0.0,0.0,0.0,0.0,False,4,4.0,40.0,
23,10,Ryan Lochte,Cheryl Burke,Athlete,New York,United States,32,Eliminated Week 8,7,0.0,0.0,0.0,,0.0,False,3,3.0,30.0,
23,11,Ryan Lochte,Cheryl Burke,Athlete,New York,United States,32,Eliminated Week 8,7,0.0,0.0,0.0,0.0,0.0,False,4,4.0,40.0,
5,1,Sabrina Bryan,Mark Ballas,Actor/Actress,California,United States,23,Eliminated Week 6,7,9.0,8.0,9.0,,26.0,True,3,3.0,30.0,0.8666666666666667
5,2,Sabrina Bryan,Mark Ballas,Actor/Actress,California,United States,23,Eliminated Week 6,7,9.0,8.0,9.0,,26.0,True,3,3.0,30.0,0.8666666666666667
5,3,Sabrina Bryan,Mark Ballas,Actor/Actress,California,United States,23,Eliminated Week 6,7,9.0,9.0,9.0,,27.0,True,3,3.0,30.0,0.9
5,4,Sabrina Bryan,Mark Ballas,Actor/Actress,California,United States,23,Eliminated Week 6,7,10.0,10.0,10.0,,30.0,True,3,3.0,30.0,1.0
5,5,Sabrina Bryan,Mark Ballas,Actor/Actress,California,United States,23,Eliminated Week 6,7,9.0,9.0,10.0,,28.0,True,3,3.0,30.0,0.9333333333333333
5,6,Sabrina Bryan,Mark Ballas,Actor/Actress,California,United States,23,Eliminated Week 6,7,9.0,8.0,8.0,,25.0,True,3,3.0,30.0,0.8333333333333334
5,7,Sabrina Bryan,Mark Ballas,Actor/Actress,California,United States,23,Eliminated Week 6,7,0.0,0.0,0.0,,0.0,False,3,3.0,30.0,
5,8,Sabrina Bryan,Mark Ballas,Actor/Actress,California,United States,23,Eliminated Week 6,7,0.0,0.0,0.0,,0.0,False,3,3.0,30.0,
5,9,Sabrina Bryan,Mark Ballas,Actor/Actress,California,United States,23,Eliminated Week 6,7,0.0,0.0,0.0,,0.0,False,3,3.0,30.0,
5,10,Sabrina Bryan,Mark Ballas,Actor/Actress,California,United States,23,Eliminated Week 6,7,0.0,0.0,0.0,,0.0,False,3,3.0,30.0,
15,1,Sabrina Bryan,Louis van Amstel,Actor/Actress,California,United States,28,Eliminated Week 6,8,7.5,7.5,7.5,,22.5,True,3,3.0,30.0,0.75
15,2,Sabrina Bryan,Louis van Amstel,Actor/Actress,California,United States,28,Eliminated Week 6,8,9.0,8.5,8.5,,26.0,True,3,3.0,30.0,0.8666666666666667
15,3,Sabrina Bryan,Louis van Amstel,Actor/Actress,California,United States,28,Eliminated Week 6,8,8.5,8.5,8.5,,25.5,True,3,3.0,30.0,0.85
15,4,Sabrina Bryan,Louis van Amstel,Actor/Actress,California,United States,28,Eliminated Week 6,8,9.0,9.0,8.5,9.0,35.5,True,4,4.0,40.0,0.8875
15,5,Sabrina Bryan,Louis van Amstel,Actor/Actress,California,United States,28,Eliminated Week 6,8,9.75,9.75,9.75,,29.25,True,3,3.0,30.0,0.975
15,6,Sabrina Bryan,Louis van Amstel,Actor/Actress,California,United States,28,Eliminated Week 6,8,10.0,10.0,10.0,,30.0,True,3,3.0,30.0,1.0
15,7,Sabrina Bryan,Louis van Amstel,Actor/Actress,California,United States,28,Eliminated Week 6,8,0.0,0.0,0.0,,0.0,False,3,3.0,30.0,
15,8,Sabrina Bryan,Louis van Amstel,Actor/Actress,California,United States,28,Eliminated Week 6,8,0.0,0.0,0.0,,0.0,False,3,3.0,30.0,
15,9,Sabrina Bryan,Louis van Amstel,Actor/Actress,California,United States,28,Eliminated Week 6,8,0.0,0.0,0.0,,0.0,False,3,3.0,30.0,
15,10,Sabrina Bryan,Louis van Amstel,Actor/Actress,California,United States,28,Eliminated Week 6,8,0.0,0.0,0.0,,0.0,False,3,3.0,30.0,
19,1,Sadie Robertson,Mark Ballas,TV Personality,Louisiana,United States,17,2nd Place,2,8.0,8.0,9.0,9.0,34.0,True,4,4.0,40.0,0.85
19,2,Sadie Robertson,Mark Ballas,TV Personality,Louisiana,United States,17,2nd Place,2,8.0,7.0,8.0,8.0,31.0,True,4,4.0,40.0,0.775
19,3,Sadie Robertson,Mark Ballas,TV Personality,Louisiana,United States,17,2nd Place,2,8.0,8.0,8.0,8.0,32.0,True,4,4.0,40.0,0.8
19,4,Sadie Robertson,Mark Ballas,TV Personality,Louisiana,United States,17,2nd Place,2,9.0,10.0,9.0,9.0,37.0,True,4,4.0,40.0,0.925
19,5,Sadie Robertson,Mark Ballas,TV Personality,Louisiana,United States,17,2nd Place,2,9.0,9.0,9.0,9.0,36.0,True,4,4.0,40.0,0.9
19,6,Sadie Robertson,Mark Ballas,TV Personality,Louisiana,United States,17,2nd Place,2,9.0,10.0,8.0,8.0,35.0,True,4,4.0,40.0,0.875
19,7,Sadie Robertson,Mark Ballas,TV Personality,Louisiana,United States,17,2nd Place,2,7.5,7.5,8.0,8.0,31.0,True,4,4.0,40.0,0.775
19,8,Sadie Robertson,Mark Ballas,TV Personality,Louisiana,United States,17,2nd Place,2,9.0,9.0,10.0,10.0,38.0,True,4,4.0,40.0,0.95
19,9,Sadie Robertson,Mark Ballas,TV Personality,Louisiana,United States,17,2nd Place,2,9.0,9.5,9.0,9.0,36.5,True,4,4.0,40.0,0.9125
19,10,Sadie Robertson,Mark Ballas,TV Personality,Louisiana,United States,17,2nd Place,2,9.0,9.5,9.5,9.0,37.0,True,4,4.0,40.0,0.925
19,11,Sadie Robertson,Mark Ballas,TV Personality,Louisiana,United States,17,2nd Place,2,10.0,9.6666,10.0,9.6666,39.333200000000005,True,4,4.0,40.0,0.9833300000000001
28,1,Sailor Brinkley-Cook,Valentin Chmerkovskiy,Model,New York,United States,21,Eliminated Week 6,9,6.0,6.0,6.0,,18.0,True,3,3.0,30.0,0.6
28,2,Sailor Brinkley-Cook,Valentin Chmerkovskiy,Model,New York,United States,21,Eliminated Week 6,9,6.0,6.0,6.0,,18.0,True,3,3.0,30.0,0.6
28,3,Sailor Brinkley-Cook,Valentin Chmerkovskiy,Model,New York,United States,21,Eliminated Week 6,9,7.0,8.0,8.0,,23.0,True,3,3.0,30.0,0.7666666666666667
28,4,Sailor Brinkley-Cook,Valentin Chmerkovskiy,Model,New York,United States,21,Eliminated Week 6,9,7.0,8.0,8.0,8.0,31.0,True,4,4.0,40.0,0.775
28,5,Sailor Brinkley-Cook,Valentin Chmerkovskiy,Model,New York,United States,21,Eliminated Week 6,9,8.0,8.0,8.0,,24.0,True,3,3.0,30.0,0.8
28,6,Sailor Brinkley-Cook,Valentin Chmerkovskiy,Model,New York,United States,21,Eliminated Week 6,9,9.0,9.0,9.0,,27.0,True,3,3.0,30.0,0.9
28,7,Sailor Brinkley-Cook,Valentin Chmerkovskiy,Model,New York,United States,21,Eliminated Week 6,9,0.0,0.0,0.0,,0.0,False,3,3.0,30.0,
28,8,Sailor Brinkley-Cook,Valentin Chmerkovskiy,Model,New York,United States,21,Eliminated Week 6,9,0.0,0.0,0.0,,0.0,False,3,3.0,30.0,
28,9,Sailor Brinkley-Cook,Valentin Chmerkovskiy,Model,New York,United States,21,Eliminated Week 6,9,0.0,0.0,0.0,0.0,0.0,False,4,4.0,40.0,
28,10,Sailor Brinkley-Cook,Valentin Chmerkovskiy,Model,New York,United States,21,Eliminated Week 6,9,0.0,0.0,0.0,,0.0,False,3,3.0,30.0,
28,11,Sailor Brinkley-Cook,Valentin Chmerkovskiy,Model,New York,United States,21,Eliminated Week 6,9,0.0,0.0,0.0,,0.0,False,3,3.0,30.0,
31,1,Sam Champion,Cheryl Burke,News Anchor,Kentucky,United States,61,Eliminated Week 4,13,5.0,5.0,5.0,5.0,20.0,True,4,4.0,40.0,0.5
31,2,Sam Champion,Cheryl Burke,News Anchor,Kentucky,United States,61,Eliminated Week 4,13,6.0,6.0,7.0,7.0,26.0,True,4,4.0,40.0,0.65
31,3,Sam Champion,Cheryl Burke,News Anchor,Kentucky,United States,61,Eliminated Week 4,13,6.0,6.0,6.0,7.0,25.0,True,4,4.0,40.0,0.625
31,4,Sam Champion,Cheryl Burke,News Anchor,Kentucky,United States,61,Eliminated Week 4,13,7.0,6.0,6.0,6.0,25.0,True,4,4.0,40.0,0.625
31,5,Sam Champion,Cheryl Burke,News Anchor,Kentucky,United States,61,Eliminated Week 4,13,0.0,0.0,0.0,0.0,0.0,False,4,4.0,40.0,
31,6,Sam Champion,Cheryl Burke,News Anchor,Kentucky,United States,61,Eliminated Week 4,13,0.0,0.0,0.0,0.0,0.0,False,4,4.0,40.0,
31,7,Sam Champion,Cheryl Burke,News Anchor,Kentucky,United States,61,Eliminated Week 4,13,0.0,0.0,0.0,0.0,0.0,False,4,4.0,40.0,
31,8,Sam Champion,Cheryl Burke,News Anchor,Kentucky,United States,61,Eliminated Week 4,13,0.0,0.0,0.0,0.0,0.0,False,4,4.0,40.0,
31,9,Sam Champion,Cheryl Burke,News Anchor,Kentucky,United States,61,Eliminated Week 4,13,0.0,0.0,0.0,0.0,0.0,False,4,4.0,40.0,
31,10,Sam Champion,Cheryl Burke,News Anchor,Kentucky,United States,61,Eliminated Week 4,13,0.0,0.0,0.0,0.0,0.0,False,4,4.0,40.0,
3,1,Sara Evans,Tony Dovolani,Singer/Rapper,Missouri,United States,35,Withdrew,6,5.0,5.0,5.0,,15.0,True,3,3.0,30.0,0.5
3,2,Sara Evans,Tony Dovolani,Singer/Rapper,Missouri,United States,35,Withdrew,6,7.0,7.0,7.0,,21.0,True,3,3.0,30.0,0.7
3,3,Sara Evans,Tony Dovolani,Singer/Rapper,Missouri,United States,35,Withdrew,6,8.0,9.0,8.0,,25.0,True,3,3.0,30.0,0.8333333333333334
3,4,Sara Evans,Tony Dovolani,Singer/Rapper,Missouri,United States,35,Withdrew,6,6.0,7.0,7.0,,20.0,True,3,3.0,30.0,0.6666666666666666
3,5,Sara Evans,Tony Dovolani,Singer/Rapper,Missouri,United States,35,Withdrew,6,8.0,8.0,8.0,,24.0,True,3,3.0,30.0,0.8
3,6,Sara Evans,Tony Dovolani,Singer/Rapper,Missouri,United States,35,Withdrew,6,0.0,0.0,0.0,,0.0,False,3,3.0,30.0,
3,7,Sara Evans,Tony Dovolani,Singer/Rapper,Missouri,United States,35,Withdrew,6,0.0,0.0,0.0,,0.0,False,3,3.0,30.0,
3,8,Sara Evans,Tony Dovolani,Singer/Rapper,Missouri,United States,35,Withdrew,6,0.0,0.0,0.0,,0.0,False,3,3.0,30.0,
3,9,Sara Evans,Tony Dovolani,Singer/Rapper,Missouri,United States,35,Withdrew,6,0.0,0.0,0.0,,0.0,False,3,3.0,30.0,
3,10,Sara Evans,Tony Dovolani,Singer/Rapper,Missouri,United States,35,Withdrew,6,0.0,0.0,0.0,,0.0,False,3,3.0,30.0,
34,1,Scott Hoying,Rylee Arnold,Singer/Rapper,California,United States,34,Eliminated Week 6,10,5.0,5.0,,,10.0,True,2,2.0,20.0,0.5
34,2,Scott Hoying,Rylee Arnold,Singer/Rapper,California,United States,34,Eliminated Week 6,10,6.0,6.0,6.0,,18.0,True,3,3.0,30.0,0.6
34,3,Scott Hoying,Rylee Arnold,Singer/Rapper,California,United States,34,Eliminated Week 6,10,8.0,7.0,7.0,,22.0,True,3,3.0,30.0,0.7333333333333333
34,4,Scott Hoying,Rylee Arnold,Singer/Rapper,California,United States,34,Eliminated Week 6,10,7.0,7.0,7.0,,21.0,True,3,3.0,30.0,0.7
34,5,Scott Hoying,Rylee Arnold,Singer/Rapper,California,United States,34,Eliminated Week 6,10,7.0,8.0,7.0,8.0,30.0,True,4,4.0,40.0,0.75
34,6,Scott Hoying,Rylee Arnold,Singer/Rapper,California,United States,34,Eliminated Week 6,10,7.0,7.0,7.0,7.0,28.0,True,4,4.0,40.0,0.7
34,7,Scott Hoying,Rylee Arnold,Singer/Rapper,California,United States,34,Eliminated Week 6,10,0.0,0.0,0.0,0.0,0.0,False,4,4.0,40.0,
34,8,Scott Hoying,Rylee Arnold,Singer/Rapper,California,United States,34,Eliminated Week 6,10,0.0,0.0,0.0,0.0,0.0,False,4,4.0,40.0,
34,9,Scott Hoying,Rylee Arnold,Singer/Rapper,California,United States,34,Eliminated Week 6,10,0.0,0.0,0.0,0.0,0.0,False,4,4.0,40.0,
34,10,Scott Hoying,Rylee Arnold,Singer/Rapper,California,United States,34,Eliminated Week 6,10,0.0,0.0,0.0,,0.0,False,3,3.0,30.0,
34,11,Scott Hoying,Rylee Arnold,Singer/Rapper,California,United States,34,Eliminated Week 6,10,0.0,0.0,0.0,,0.0,False,3,3.0,30.0,
16,1,Sean Lowe,Peta Murgatroyd,TV Personality,Texas,United States,29,Eliminated Week 8,6,7.0,6.0,6.0,,19.0,True,3,3.0,30.0,0.6333333333333333
16,2,Sean Lowe,Peta Murgatroyd,TV Personality,Texas,United States,29,Eliminated Week 8,6,7.0,6.0,7.0,,20.0,True,3,3.0,30.0,0.6666666666666666
16,3,Sean Lowe,Peta Murgatroyd,TV Personality,Texas,United States,29,Eliminated Week 8,6,7.0,7.0,7.0,,21.0,True,3,3.0,30.0,0.7
16,4,Sean Lowe,Peta Murgatroyd,TV Personality,Texas,United States,29,Eliminated Week 8,6,6.0,7.0,7.0,,20.0,True,3,3.0,30.0,0.6666666666666666
16,5,Sean Lowe,Peta Murgatroyd,TV Personality,Texas,United States,29,Eliminated Week 8,6,8.0,8.0,8.0,,24.0,True,3,3.0,30.0,0.8
16,6,Sean Lowe,Peta Murgatroyd,TV Personality,Texas,United States,29,Eliminated Week 8,6,7.5,8.0,7.5,,23.0,True,3,3.0,30.0,0.7666666666666667
16,7,Sean Lowe,Peta Murgatroyd,TV Personality,Texas,United States,29,Eliminated Week 8,6,8.0,8.0,8.0,,24.0,True,3,3.0,30.0,0.8
16,8,Sean Lowe,Peta Murgatroyd,TV Personality,Texas,United States,29,Eliminated Week 8,6,7.0,7.0,7.0,,21.0,True,3,3.0,30.0,0.7
16,9,Sean Lowe,Peta Murgatroyd,TV Personality,Texas,United States,29,Eliminated Week 8,6,0.0,0.0,0.0,,0.0,False,3,3.0,30.0,
16,10,Sean Lowe,Peta Murgatroyd,TV Personality,Texas,United States,29,Eliminated Week 8,6,0.0,0.0,0.0,,0.0,False,3,3.0,30.0,
28,1,Sean Spicer,Lindsay Arnold,Politician,New York,United States,48,Eliminated Week 9,6,4.0,4.0,4.0,,12.0,True,3,3.0,30.0,0.4
28,2,Sean Spicer,Lindsay Arnold,Politician,New York,United States,48,Eliminated Week 9,6,6.0,5.0,5.0,,16.0,True,3,3.0,30.0,0.5333333333333333
28,3,Sean Spicer,Lindsay Arnold,Politician,New York,United States,48,Eliminated Week 9,6,5.0,5.0,5.0,,15.0,True,3,3.0,30.0,0.5
28,4,Sean Spicer,Lindsay Arnold,Politician,New York,United States,48,Eliminated Week 9,6,5.0,6.0,5.0,5.0,21.0,True,4,4.0,40.0,0.525
28,5,Sean Spicer,Lindsay Arnold,Politician,New York,United States,48,Eliminated Week 9,6,7.0,6.0,6.0,,19.0,True,3,3.0,30.0,0.6333333333333333
28,6,Sean Spicer,Lindsay Arnold,Politician,New York,United States,48,Eliminated Week 9,6,7.0,7.0,7.0,,21.0,True,3,3.0,30.0,0.7
28,7,Sean Spicer,Lindsay Arnold,Politician,New York,United States,48,Eliminated Week 9,6,7.0,7.0,7.0,,21.0,True,3,3.0,30.0,0.7
28,8,Sean Spicer,Lindsay Arnold,Politician,New York,United States,48,Eliminated Week 9,6,7.0,7.0,6.0,,20.0,True,3,3.0,30.0,0.6666666666666666
28,9,Sean Spicer,Lindsay Arnold,Politician,New York,United States,48,Eliminated Week 9,6,6.5,6.0,6.5,6.0,25.0,True,4,4.0,40.0,0.625
28,10,Sean Spicer,Lindsay Arnold,Politician,New York,United States,48,Eliminated Week 9,6,0.0,0.0,0.0,,0.0,False,3,3.0,30.0,
28,11,Sean Spicer,Lindsay Arnold,Politician,New York,United States,48,Eliminated Week 9,6,0.0,0.0,0.0,,0.0,False,3,3.0,30.0,
31,1,Selma Blair,Sasha Farber,Actor/Actress,Michigan,United States,50,Withdrew,12,7.0,7.0,7.0,7.0,28.0,True,4,4.0,40.0,0.7
31,2,Selma Blair,Sasha Farber,Actor/Actress,Michigan,United States,50,Withdrew,12,7.0,7.0,7.0,7.0,28.0,True,4,4.0,40.0,0.7
31,3,Selma Blair,Sasha Farber,Actor/Actress,Michigan,United States,50,Withdrew,12,7.0,7.0,7.0,7.0,28.0,True,4,4.0,40.0,0.7
31,4,Selma Blair,Sasha Farber,Actor/Actress,Michigan,United States,50,Withdrew,12,8.0,8.0,8.0,8.0,32.0,True,4,4.0,40.0,0.8
31,5,Selma Blair,Sasha Farber,Actor/Actress,Michigan,United States,50,Withdrew,12,10.0,10.0,10.0,10.0,40.0,True,4,4.0,40.0,1.0
31,6,Selma Blair,Sasha Farber,Actor/Actress,Michigan,United States,50,Withdrew,12,0.0,0.0,0.0,0.0,0.0,False,4,4.0,40.0,
31,7,Selma Blair,Sasha Farber,Actor/Actress,Michigan,United States,50,Withdrew,12,0.0,0.0,0.0,0.0,0.0,False,4,4.0,40.0,
31,8,Selma Blair,Sasha Farber,Actor/Actress,Michigan,United States,50,Withdrew,12,0.0,0.0,0.0,0.0,0.0,False,4,4.0,40.0,
31,9,Selma Blair,Sasha Farber,Actor/Actress,Michigan,United States,50,Withdrew,12,0.0,0.0,0.0,0.0,0.0,False,4,4.0,40.0,
31,10,Selma Blair,Sasha Farber,Actor/Actress,Michigan,United States,50,Withdrew,12,0.0,0.0,0.0,0.0,0.0,False,4,4.0,40.0,
4,1,Shandi Finnessey,Brian Fortuna,Beauty Pagent,Missouri,United States,28,Eliminated Week 3,10,6.0,6.0,7.0,,19.0,True,3,3.0,30.0,0.6333333333333333
4,2,Shandi Finnessey,Brian Fortuna,Beauty Pagent,Missouri,United States,28,Eliminated Week 3,10,6.0,7.0,7.0,,20.0,True,3,3.0,30.0,0.6666666666666666
4,3,Shandi Finnessey,Brian Fortuna,Beauty Pagent,Missouri,United States,28,Eliminated Week 3,10,7.0,7.0,7.0,,21.0,True,3,3.0,30.0,0.7
4,4,Shandi Finnessey,Brian Fortuna,Beauty Pagent,Missouri,United States,28,Eliminated Week 3,10,0.0,0.0,0.0,,0.0,False,3,3.0,30.0,
4,5,Shandi Finnessey,Brian Fortuna,Beauty Pagent,Missouri,United States,28,Eliminated Week 3,10,0.0,0.0,0.0,,0.0,False,3,3.0,30.0,
4,6,Shandi Finnessey,Brian Fortuna,Beauty Pagent,Missouri,United States,28,Eliminated Week 3,10,0.0,0.0,0.0,,0.0,False,3,3.0,30.0,
4,7,Shandi Finnessey,Brian Fortuna,Beauty Pagent,Missouri,United States,28,Eliminated Week 3,10,0.0,0.0,0.0,,0.0,False,3,3.0,30.0,
4,8,Shandi Finnessey,Brian Fortuna,Beauty Pagent,Missouri,United States,28,Eliminated Week 3,10,0.0,0.0,0.0,,0.0,False,3,3.0,30.0,
4,9,Shandi Finnessey,Brian Fortuna,Beauty Pagent,Missouri,United States,28,Eliminated Week 3,10,0.0,0.0,0.0,,0.0,False,3,3.0,30.0,
4,10,Shandi Finnessey,Brian Fortuna,Beauty Pagent,Missouri,United States,28,Eliminated Week 3,10,0.0,0.0,0.0,,0.0,False,3,3.0,30.0,
31,1,Shangela,Gleb Savchenko,TV Personality,Texas,United States,40,4th Place,4,7.0,7.0,7.0,7.0,28.0,True,4,4.0,40.0,0.7
31,2,Shangela,Gleb Savchenko,TV Personality,Texas,United States,40,4th Place,4,7.0,7.0,7.0,7.0,28.0,True,4,4.0,40.0,0.7
31,3,Shangela,Gleb Savchenko,TV Personality,Texas,United States,40,4th Place,4,8.0,7.0,7.0,8.0,30.0,True,4,4.0,40.0,0.75
31,4,Shangela,Gleb Savchenko,TV Personality,Texas,United States,40,4th Place,4,8.0,8.0,8.0,8.0,32.0,True,4,4.0,40.0,0.8
31,5,Shangela,Gleb Savchenko,TV Personality,Texas,United States,40,4th Place,4,9.75,9.25,9.75,9.75,38.5,True,4,4.0,40.0,0.9625
31,6,Shangela,Gleb Savchenko,TV Personality,Texas,United States,40,4th Place,4,9.0,9.0,9.0,9.0,36.0,True,4,4.0,40.0,0.9
31,7,Shangela,Gleb Savchenko,TV Personality,Texas,United States,40,4th Place,4,9.0,9.5,9.0,9.0,36.5,True,4,4.0,40.0,0.9125
31,8,Shangela,Gleb Savchenko,TV Personality,Texas,United States,40,4th Place,4,11.25,10.25,10.25,10.25,42.0,True,4,4.0,40.0,1.05
31,9,Shangela,Gleb Savchenko,TV Personality,Texas,United States,40,4th Place,4,9.5,9.0,9.0,9.0,36.5,True,4,4.0,40.0,0.9125
31,10,Shangela,Gleb Savchenko,TV Personality,Texas,United States,40,4th Place,4,9.5,9.5,9.5,9.5,38.0,True,4,4.0,40.0,0.95
3,1,Shanna Moakler,Jesse DeSoto,Model,Rhode Island,United States,31,Eliminated Week 2,10,7.0,5.0,6.0,,18.0,True,3,3.0,30.0,0.6
3,2,Shanna Moakler,Jesse DeSoto,Model,Rhode Island,United States,31,Eliminated Week 2,10,8.0,7.0,7.0,,22.0,True,3,3.0,30.0,0.7333333333333333
3,3,Shanna Moakler,Jesse DeSoto,Model,Rhode Island,United States,31,Eliminated Week 2,10,0.0,0.0,0.0,,0.0,False,3,3.0,30.0,
3,4,Shanna Moakler,Jesse DeSoto,Model,Rhode Island,United States,31,Eliminated Week 2,10,0.0,0.0,0.0,,0.0,False,3,3.0,30.0,
3,5,Shanna Moakler,Jesse DeSoto,Model,Rhode Island,United States,31,Eliminated Week 2,10,0.0,0.0,0.0,,0.0,False,3,3.0,30.0,
3,6,Shanna Moakler,Jesse DeSoto,Model,Rhode Island,United States,31,Eliminated Week 2,10,0.0,0.0,0.0,,0.0,False,3,3.0,30.0,
3,7,Shanna Moakler,Jesse DeSoto,Model,Rhode Island,United States,31,Eliminated Week 2,10,0.0,0.0,0.0,,0.0,False,3,3.0,30.0,
3,8,Shanna Moakler,Jesse DeSoto,Model,Rhode Island,United States,31,Eliminated Week 2,10,0.0,0.0,0.0,,0.0,False,3,3.0,30.0,
3,9,Shanna Moakler,Jesse DeSoto,Model,Rhode Island,United States,31,Eliminated Week 2,10,0.0,0.0,0.0,,0.0,False,3,3.0,30.0,
3,10,Shanna Moakler,Jesse DeSoto,Model,Rhode Island,United States,31,Eliminated Week 2,10,0.0,0.0,0.0,,0.0,False,3,3.0,30.0,
10,1,Shannen Doherty,Mark Ballas,Actor/Actress,Tennessee,United States,38,Eliminated Week 2,11,6.0,6.0,6.0,,18.0,True,3,3.0,30.0,0.6
10,2,Shannen Doherty,Mark Ballas,Actor/Actress,Tennessee,United States,38,Eliminated Week 2,11,7.0,6.0,7.0,,20.0,True,3,3.0,30.0,0.6666666666666666
10,3,Shannen Doherty,Mark Ballas,Actor/Actress,Tennessee,United States,38,Eliminated Week 2,11,0.0,0.0,0.0,,0.0,False,3,3.0,30.0,
10,4,Shannen Doherty,Mark Ballas,Actor/Actress,Tennessee,United States,38,Eliminated Week 2,11,0.0,0.0,0.0,,0.0,False,3,3.0,30.0,
10,5,Shannen Doherty,Mark Ballas,Actor/Actress,Tennessee,United States,38,Eliminated Week 2,11,0.0,0.0,0.0,,0.0,False,3,3.0,30.0,
10,6,Shannen Doherty,Mark Ballas,Actor/Actress,Tennessee,United States,38,Eliminated Week 2,11,0.0,0.0,0.0,,0.0,False,3,3.0,30.0,
10,7,Shannen Doherty,Mark Ballas,Actor/Actress,Tennessee,United States,38,Eliminated Week 2,11,0.0,0.0,0.0,,0.0,False,3,3.0,30.0,
10,8,Shannen Doherty,Mark Ballas,Actor/Actress,Tennessee,United States,38,Eliminated Week 2,11,0.0,0.0,0.0,,0.0,False,3,3.0,30.0,
10,9,Shannen Doherty,Mark Ballas,Actor/Actress,Tennessee,United States,38,Eliminated Week 2,11,0.0,0.0,0.0,,0.0,False,3,3.0,30.0,
10,10,Shannen Doherty,Mark Ballas,Actor/Actress,Tennessee,United States,38,Eliminated Week 2,11,0.0,0.0,0.0,,0.0,False,3,3.0,30.0,
6,1,Shannon Elizabeth,Derek Hough,Actor/Actress,Texas,United States,34,Eliminated Week 7,6,7.0,7.0,7.0,,21.0,True,3,3.0,30.0,0.7
6,2,Shannon Elizabeth,Derek Hough,Actor/Actress,Texas,United States,34,Eliminated Week 7,6,8.0,8.0,8.0,,24.0,True,3,3.0,30.0,0.8
6,3,Shannon Elizabeth,Derek Hough,Actor/Actress,Texas,United States,34,Eliminated Week 7,6,8.0,8.0,8.0,,24.0,True,3,3.0,30.0,0.8
6,4,Shannon Elizabeth,Derek Hough,Actor/Actress,Texas,United States,34,Eliminated Week 7,6,9.0,10.0,9.0,,28.0,True,3,3.0,30.0,0.9333333333333333
6,5,Shannon Elizabeth,Derek Hough,Actor/Actress,Texas,United States,34,Eliminated Week 7,6,8.0,8.0,7.0,,23.0,True,3,3.0,30.0,0.7666666666666667
6,6,Shannon Elizabeth,Derek Hough,Actor/Actress,Texas,United States,34,Eliminated Week 7,6,8.0,8.0,8.0,,24.0,True,3,3.0,30.0,0.8
6,7,Shannon Elizabeth,Derek Hough,Actor/Actress,Texas,United States,34,Eliminated Week 7,6,8.5,8.5,8.5,,25.5,True,3,3.0,30.0,0.85
6,8,Shannon Elizabeth,Derek Hough,Actor/Actress,Texas,United States,34,Eliminated Week 7,6,0.0,0.0,0.0,,0.0,False,3,3.0,30.0,
6,9,Shannon Elizabeth,Derek Hough,Actor/Actress,Texas,United States,34,Eliminated Week 7,6,0.0,0.0,0.0,,0.0,False,3,3.0,30.0,
6,10,Shannon Elizabeth,Derek Hough,Actor/Actress,Texas,United States,34,Eliminated Week 7,6,0.0,0.0,0.0,,0.0,False,3,3.0,30.0,
8,1,Shawn Johnson,Mark Ballas,Athlete,Iowa,United States,17,1st Place,1,8.0,8.0,7.0,,23.0,True,3,3.0,30.0,0.7666666666666667
8,2,Shawn Johnson,Mark Ballas,Athlete,Iowa,United States,17,1st Place,1,8.0,8.0,8.0,,24.0,True,3,3.0,30.0,0.8
8,3,Shawn Johnson,Mark Ballas,Athlete,Iowa,United States,17,1st Place,1,9.0,9.0,9.0,,27.0,True,3,3.0,30.0,0.9
8,4,Shawn Johnson,Mark Ballas,Athlete,Iowa,United States,17,1st Place,1,8.0,8.0,9.0,,25.0,True,3,3.0,30.0,0.8333333333333334
8,5,Shawn Johnson,Mark Ballas,Athlete,Iowa,United States,17,1st Place,1,9.0,8.0,9.0,,26.0,True,3,3.0,30.0,0.8666666666666667
8,6,Shawn Johnson,Mark Ballas,Athlete,Iowa,United States,17,1st Place,1,8.0,9.0,9.0,,26.0,True,3,3.0,30.0,0.8666666666666667
8,7,Shawn Johnson,Mark Ballas,Athlete,Iowa,United States,17,1st Place,1,9.0,9.0,10.0,,28.0,True,3,3.0,30.0,0.9333333333333333
8,8,Shawn Johnson,Mark Ballas,Athlete,Iowa,United States,17,1st Place,1,9.0,8.0,9.0,,26.0,True,3,3.0,30.0,0.8666666666666667
8,9,Shawn Johnson,Mark Ballas,Athlete,Iowa,United States,17,1st Place,1,9.5,9.0,9.5,,28.0,True,3,3.0,30.0,0.9333333333333333
8,10,Shawn Johnson,Mark Ballas,Athlete,Iowa,United States,17,1st Place,1,9.5,9.0,9.5,,28.0,True,3,3.0,30.0,0.9333333333333333
8,11,Shawn Johnson,Mark Ballas,Athlete,Iowa,United States,17,1st Place,1,10.0,10.0,10.0,,30.0,True,3,3.0,30.0,1.0
15,1,Shawn Johnson,Derek Hough,Athlete,Iowa,United States,20,2nd Place,2,8.0,6.5,7.5,,22.0,True,3,3.0,30.0,0.7333333333333333
15,2,Shawn Johnson,Derek Hough,Athlete,Iowa,United States,20,2nd Place,2,8.5,8.0,8.5,,25.0,True,3,3.0,30.0,0.8333333333333334
15,3,Shawn Johnson,Derek Hough,Athlete,Iowa,United States,20,2nd Place,2,9.0,8.0,9.5,,26.5,True,3,3.0,30.0,0.8833333333333333
15,4,Shawn Johnson,Derek Hough,Athlete,Iowa,United States,20,2nd Place,2,10.0,9.5,10.0,10.0,39.5,True,4,4.0,40.0,0.9875
15,5,Shawn Johnson,Derek Hough,Athlete,Iowa,United States,20,2nd Place,2,9.25,9.0,10.0,,28.25,True,3,3.0,30.0,0.9416666666666667
15,6,Shawn Johnson,Derek Hough,Athlete,Iowa,United States,20,2nd Place,2,9.5,8.5,10.0,,28.0,True,3,3.0,30.0,0.9333333333333333
15,7,Shawn Johnson,Derek Hough,Athlete,Iowa,United States,20,2nd Place,2,12.6666,12.6666,12.6666,,37.9998,True,3,3.0,30.0,1.2666600000000001
15,8,Shawn Johnson,Derek Hough,Athlete,Iowa,United States,20,2nd Place,2,10.0,8.3333,9.5,,27.8333,True,3,3.0,30.0,0.9277766666666667
15,9,Shawn Johnson,Derek Hough,Athlete,Iowa,United States,20,2nd Place,2,9.5,10.0,10.0,,29.5,True,3,3.0,30.0,0.9833333333333333
15,10,Shawn Johnson,Derek Hough,Athlete,Iowa,United States,20,2nd Place,2,9.6666,9.5,9.7777,,28.944300000000002,True,3,3.0,30.0,0.9648100000000001
14,1,Sherri Sheperd,Valentin Chmerkovskiy,Actor/Actress,Illinois,United States,44,Eliminated Week 4,10,8.0,7.0,8.0,,23.0,True,3,3.0,30.0,0.7666666666666667
14,2,Sherri Sheperd,Valentin Chmerkovskiy,Actor/Actress,Illinois,United States,44,Eliminated Week 4,10,8.0,7.0,8.0,,23.0,True,3,3.0,30.0,0.7666666666666667
14,3,Sherri Sheperd,Valentin Chmerkovskiy,Actor/Actress,Illinois,United States,44,Eliminated Week 4,10,8.0,8.0,8.0,,24.0,True,3,3.0,30.0,0.8
14,4,Sherri Sheperd,Valentin Chmerkovskiy,Actor/Actress,Illinois,United States,44,Eliminated Week 4,10,7.0,7.0,7.0,,21.0,True,3,3.0,30.0,0.7
14,5,Sherri Sheperd,Valentin Chmerkovskiy,Actor/Actress,Illinois,United States,44,Eliminated Week 4,10,0.0,0.0,0.0,,0.0,False,3,3.0,30.0,
14,6,Sherri Sheperd,Valentin Chmerkovskiy,Actor/Actress,Illinois,United States,44,Eliminated Week 4,10,0.0,0.0,0.0,,0.0,False,3,3.0,30.0,
14,7,Sherri Sheperd,Valentin Chmerkovskiy,Actor/Actress,Illinois,United States,44,Eliminated Week 4,10,0.0,0.0,0.0,,0.0,False,3,3.0,30.0,
14,8,Sherri Sheperd,Valentin Chmerkovskiy,Actor/Actress,Illinois,United States,44,Eliminated Week 4,10,0.0,0.0,0.0,,0.0,False,3,3.0,30.0,
14,9,Sherri Sheperd,Valentin Chmerkovskiy,Actor/Actress,Illinois,United States,44,Eliminated Week 4,10,0.0,0.0,0.0,,0.0,False,3,3.0,30.0,
14,10,Sherri Sheperd,Valentin Chmerkovskiy,Actor/Actress,Illinois,United States,44,Eliminated Week 4,10,0.0,0.0,0.0,,0.0,False,3,3.0,30.0,
24,1,Simone Biles,Sasha Farber,Athlete,Ohio,United States,20,Eliminated Week 9,4,8.0,8.0,8.0,8.0,32.0,True,4,4.0,40.0,0.8
24,2,Simone Biles,Sasha Farber,Athlete,Ohio,United States,20,Eliminated Week 9,4,7.0,7.0,7.0,8.0,29.0,True,4,4.0,40.0,0.725
24,3,Simone Biles,Sasha Farber,Athlete,Ohio,United States,20,Eliminated Week 9,4,7.0,8.0,9.0,8.0,32.0,True,4,4.0,40.0,0.8
24,4,Simone Biles,Sasha Farber,Athlete,Ohio,United States,20,Eliminated Week 9,4,9.0,9.0,9.0,9.0,36.0,True,4,4.0,40.0,0.9
24,5,Simone Biles,Sasha Farber,Athlete,Ohio,United States,20,Eliminated Week 9,4,9.0,9.0,10.0,10.0,38.0,True,4,4.0,40.0,0.95
24,6,Simone Biles,Sasha Farber,Athlete,Ohio,United States,20,Eliminated Week 9,4,8.5,8.5,8.5,9.0,34.5,True,4,4.0,40.0,0.8625
24,7,Simone Biles,Sasha Farber,Athlete,Ohio,United States,20,Eliminated Week 9,4,10.5,9.5,9.5,9.5,39.0,True,4,4.0,40.0,0.975
24,8,Simone Biles,Sasha Farber,Athlete,Ohio,United States,20,Eliminated Week 9,4,9.0,9.0,9.0,9.0,36.0,True,4,4.0,40.0,0.9
24,9,Simone Biles,Sasha Farber,Athlete,Ohio,United States,20,Eliminated Week 9,4,10.0,10.0,10.0,10.0,40.0,True,4,4.0,40.0,1.0
24,10,Simone Biles,Sasha Farber,Athlete,Ohio,United States,20,Eliminated Week 9,4,0.0,0.0,0.0,0.0,0.0,False,4,4.0,40.0,
29,1,Skai Jackson,Alan Bersten,Actor/Actress,New York,United States,18,Eliminated Week 10,5,7.0,7.0,7.0,,21.0,True,3,3.0,30.0,0.7
29,2,Skai Jackson,Alan Bersten,Actor/Actress,New York,United States,18,Eliminated Week 10,5,5.0,5.0,5.0,,15.0,True,3,3.0,30.0,0.5
29,3,Skai Jackson,Alan Bersten,Actor/Actress,New York,United States,18,Eliminated Week 10,5,6.0,6.0,6.0,,18.0,True,3,3.0,30.0,0.6
29,4,Skai Jackson,Alan Bersten,Actor/Actress,New York,United States,18,Eliminated Week 10,5,10.0,9.0,9.0,,28.0,True,3,3.0,30.0,0.9333333333333333
29,5,Skai Jackson,Alan Bersten,Actor/Actress,New York,United States,18,Eliminated Week 10,5,8.0,8.0,8.0,,24.0,True,3,3.0,30.0,0.8
29,6,Skai Jackson,Alan Bersten,Actor/Actress,New York,United States,18,Eliminated Week 10,5,6.0,6.0,6.0,,18.0,True,3,3.0,30.0,0.6
29,7,Skai Jackson,Alan Bersten,Actor/Actress,New York,United States,18,Eliminated Week 10,5,9.0,9.0,9.0,,27.0,True,3,3.0,30.0,0.9
29,8,Skai Jackson,Alan Bersten,Actor/Actress,New York,United States,18,Eliminated Week 10,5,8.6666,9.6666,8.6666,,26.9998,True,3,3.0,30.0,0.8999933333333333
29,9,Skai Jackson,Alan Bersten,Actor/Actress,New York,United States,18,Eliminated Week 10,5,9.6666,9.6666,9.6666,,28.9998,True,3,3.0,30.0,0.96666
29,10,Skai Jackson,Alan Bersten,Actor/Actress,New York,United States,18,Eliminated Week 10,5,9.5,9.5,9.5,,28.5,True,3,3.0,30.0,0.95
29,11,Skai Jackson,Alan Bersten,Actor/Actress,New York,United States,18,Eliminated Week 10,5,0.0,0.0,0.0,,0.0,False,3,3.0,30.0,
2,1,Stacy Keibler,Tony Dovolani,Athlete,Maryland,United States,26,3rd Place,3,8.0,6.0,8.0,,22.0,True,3,3.0,30.0,0.7333333333333333
2,2,Stacy Keibler,Tony Dovolani,Athlete,Maryland,United States,26,3rd Place,3,9.0,10.0,10.0,,29.0,True,3,3.0,30.0,0.9666666666666667
2,3,Stacy Keibler,Tony Dovolani,Athlete,Maryland,United States,26,3rd Place,3,9.0,9.0,9.0,,27.0,True,3,3.0,30.0,0.9
2,4,Stacy Keibler,Tony Dovolani,Athlete,Maryland,United States,26,3rd Place,3,8.0,9.0,9.0,,26.0,True,3,3.0,30.0,0.8666666666666667
2,5,Stacy Keibler,Tony Dovolani,Athlete,Maryland,United States,26,3rd Place,3,10.0,10.0,10.0,,30.0,True,3,3.0,30.0,1.0
2,6,Stacy Keibler,Tony Dovolani,Athlete,Maryland,United States,26,3rd Place,3,10.0,10.0,10.0,,30.0,True,3,3.0,30.0,1.0
2,7,Stacy Keibler,Tony Dovolani,Athlete,Maryland,United States,26,3rd Place,3,9.0,9.0,9.5,,27.5,True,3,3.0,30.0,0.9166666666666666
2,8,Stacy Keibler,Tony Dovolani,Athlete,Maryland,United States,26,3rd Place,3,9.3333,9.6666,9.6666,,28.6665,True,3,3.0,30.0,0.95555
33,1,Stephen Nedoroscik,Rylee Arnold,Athlete,Florida,United States,26,4th Place,4,7.0,7.0,7.0,,21.0,True,3,3.0,30.0,0.7
33,2,Stephen Nedoroscik,Rylee Arnold,Athlete,Florida,United States,26,4th Place,4,8.0,7.0,7.0,,22.0,True,3,3.0,30.0,0.7333333333333333
33,3,Stephen Nedoroscik,Rylee Arnold,Athlete,Florida,United States,26,4th Place,4,8.0,8.0,7.5,7.5,31.0,True,4,4.0,40.0,0.775
33,4,Stephen Nedoroscik,Rylee Arnold,Athlete,Florida,United States,26,4th Place,4,8.0,9.0,8.0,8.0,33.0,True,4,4.0,40.0,0.825
33,5,Stephen Nedoroscik,Rylee Arnold,Athlete,Florida,United States,26,4th Place,4,8.0,8.0,8.0,,24.0,True,3,3.0,30.0,0.8
33,6,Stephen Nedoroscik,Rylee Arnold,Athlete,Florida,United States,26,4th Place,4,10.0,9.0,9.0,,28.0,True,3,3.0,30.0,0.9333333333333333
33,7,Stephen Nedoroscik,Rylee Arnold,Athlete,Florida,United States,26,4th Place,4,9.5,9.0,8.5,,27.0,True,3,3.0,30.0,0.9
33,8,Stephen Nedoroscik,Rylee Arnold,Athlete,Florida,United States,26,4th Place,4,9.0,8.5,9.0,,26.5,True,3,3.0,30.0,0.8833333333333333
33,9,Stephen Nedoroscik,Rylee Arnold,Athlete,Florida,United States,26,4th Place,4,10.0,9.5,10.0,,29.5,True,3,3.0,30.0,0.9833333333333333
6,1,Steve Guttenberg,Anna Trebunskaya,Actor/Actress,New York,United States,49,Eliminated Week 3,10,6.0,6.0,6.0,,18.0,True,3,3.0,30.0,0.6
6,2,Steve Guttenberg,Anna Trebunskaya,Actor/Actress,New York,United States,49,Eliminated Week 3,10,6.0,5.0,5.0,,16.0,True,3,3.0,30.0,0.5333333333333333
6,3,Steve Guttenberg,Anna Trebunskaya,Actor/Actress,New York,United States,49,Eliminated Week 3,10,7.0,7.0,7.0,,21.0,True,3,3.0,30.0,0.7
6,4,Steve Guttenberg,Anna Trebunskaya,Actor/Actress,New York,United States,49,Eliminated Week 3,10,0.0,0.0,0.0,,0.0,False,3,3.0,30.0,
6,5,Steve Guttenberg,Anna Trebunskaya,Actor/Actress,New York,United States,49,Eliminated Week 3,10,0.0,0.0,0.0,,0.0,False,3,3.0,30.0,
6,6,Steve Guttenberg,Anna Trebunskaya,Actor/Actress,New York,United States,49,Eliminated Week 3,10,0.0,0.0,0.0,,0.0,False,3,3.0,30.0,
6,7,Steve Guttenberg,Anna Trebunskaya,Actor/Actress,New York,United States,49,Eliminated Week 3,10,0.0,0.0,0.0,,0.0,False,3,3.0,30.0,
6,8,Steve Guttenberg,Anna Trebunskaya,Actor/Actress,New York,United States,49,Eliminated Week 3,10,0.0,0.0,0.0,,0.0,False,3,3.0,30.0,
6,9,Steve Guttenberg,Anna Trebunskaya,Actor/Actress,New York,United States,49,Eliminated Week 3,10,0.0,0.0,0.0,,0.0,False,3,3.0,30.0,
6,10,Steve Guttenberg,Anna Trebunskaya,Actor/Actress,New York,United States,49,Eliminated Week 3,10,0.0,0.0,0.0,,0.0,False,3,3.0,30.0,
8,1,Steve Wozniak,Karina Smirnoff,Entrepreneur,California,United States,58,Eliminated Week 4,10,5.0,4.0,4.0,,13.0,True,3,3.0,30.0,0.43333333333333335
8,2,Steve Wozniak,Karina Smirnoff,Entrepreneur,California,United States,58,Eliminated Week 4,10,6.0,5.0,6.0,,17.0,True,3,3.0,30.0,0.5666666666666667
8,3,Steve Wozniak,Karina Smirnoff,Entrepreneur,California,United States,58,Eliminated Week 4,10,4.0,3.0,3.0,,10.0,True,3,3.0,30.0,0.3333333333333333
8,4,Steve Wozniak,Karina Smirnoff,Entrepreneur,California,United States,58,Eliminated Week 4,10,4.0,4.0,4.0,,12.0,True,3,3.0,30.0,0.4
8,5,Steve Wozniak,Karina Smirnoff,Entrepreneur,California,United States,58,Eliminated Week 4,10,0.0,0.0,0.0,,0.0,False,3,3.0,30.0,
8,6,Steve Wozniak,Karina Smirnoff,Entrepreneur,California,United States,58,Eliminated Week 4,10,0.0,0.0,0.0,,0.0,False,3,3.0,30.0,
8,7,Steve Wozniak,Karina Smirnoff,Entrepreneur,California,United States,58,Eliminated Week 4,10,0.0,0.0,0.0,,0.0,False,3,3.0,30.0,
8,8,Steve Wozniak,Karina Smirnoff,Entrepreneur,California,United States,58,Eliminated Week 4,10,0.0,0.0,0.0,,0.0,False,3,3.0,30.0,
8,9,Steve Wozniak,Karina Smirnoff,Entrepreneur,California,United States,58,Eliminated Week 4,10,0.0,0.0,0.0,,0.0,False,3,3.0,30.0,
8,10,Steve Wozniak,Karina Smirnoff,Entrepreneur,California,United States,58,Eliminated Week 4,10,0.0,0.0,0.0,,0.0,False,3,3.0,30.0,
8,11,Steve Wozniak,Karina Smirnoff,Entrepreneur,California,United States,58,Eliminated Week 4,10,0.0,0.0,0.0,,0.0,False,3,3.0,30.0,
12,1,Sugar Ray Leonard,Anna Trebunskaya,Athlete,North Carolina,United States,54,Eliminated Week 4,9,6.0,5.0,6.0,,17.0,True,3,3.0,30.0,0.5666666666666667
12,2,Sugar Ray Leonard,Anna Trebunskaya,Athlete,North Carolina,United States,54,Eliminated Week 4,9,6.0,5.0,6.0,,17.0,True,3,3.0,30.0,0.5666666666666667
12,3,Sugar Ray Leonard,Anna Trebunskaya,Athlete,North Carolina,United States,54,Eliminated Week 4,9,7.0,6.0,7.0,,20.0,True,3,3.0,30.0,0.6666666666666666
12,4,Sugar Ray Leonard,Anna Trebunskaya,Athlete,North Carolina,United States,54,Eliminated Week 4,9,7.0,7.0,7.0,,21.0,True,3,3.0,30.0,0.7
12,5,Sugar Ray Leonard,Anna Trebunskaya,Athlete,North Carolina,United States,54,Eliminated Week 4,9,0.0,0.0,0.0,,0.0,False,3,3.0,30.0,
12,6,Sugar Ray Leonard,Anna Trebunskaya,Athlete,North Carolina,United States,54,Eliminated Week 4,9,0.0,0.0,0.0,,0.0,False,3,3.0,30.0,
12,7,Sugar Ray Leonard,Anna Trebunskaya,Athlete,North Carolina,United States,54,Eliminated Week 4,9,0.0,0.0,0.0,0.0,0.0,False,4,4.0,40.0,
12,8,Sugar Ray Leonard,Anna Trebunskaya,Athlete,North Carolina,United States,54,Eliminated Week 4,9,0.0,0.0,0.0,,0.0,False,3,3.0,30.0,
12,9,Sugar Ray Leonard,Anna Trebunskaya,Athlete,North Carolina,United States,54,Eliminated Week 4,9,0.0,0.0,0.0,,0.0,False,3,3.0,30.0,
12,10,Sugar Ray Leonard,Anna Trebunskaya,Athlete,North Carolina,United States,54,Eliminated Week 4,9,0.0,0.0,0.0,,0.0,False,3,3.0,30.0,
30,1,Suni Lee,Sasha Farber,Athlete,Minnesota,United States,18,Eliminated Week 9,5,7.0,7.0,7.0,7.0,28.0,True,4,4.0,40.0,0.7
30,2,Suni Lee,Sasha Farber,Athlete,Minnesota,United States,18,Eliminated Week 9,5,7.0,7.0,7.0,7.0,28.0,True,4,4.0,40.0,0.7
30,3,Suni Lee,Sasha Farber,Athlete,Minnesota,United States,18,Eliminated Week 9,5,7.0,7.0,7.0,,21.0,True,3,3.0,30.0,0.7
30,4,Suni Lee,Sasha Farber,Athlete,Minnesota,United States,18,Eliminated Week 9,5,8.5,8.0,9.0,8.5,34.0,True,4,4.0,40.0,0.85
30,5,Suni Lee,Sasha Farber,Athlete,Minnesota,United States,18,Eliminated Week 9,5,9.0,9.0,9.0,9.0,36.0,True,4,4.0,40.0,0.9
30,6,Suni Lee,Sasha Farber,Athlete,Minnesota,United States,18,Eliminated Week 9,5,9.0,9.0,9.0,9.0,36.0,True,4,4.0,40.0,0.9
30,7,Suni Lee,Sasha Farber,Athlete,Minnesota,United States,18,Eliminated Week 9,5,8.25,8.25,8.25,9.25,34.0,True,4,4.0,40.0,0.85
30,8,Suni Lee,Sasha Farber,Athlete,Minnesota,United States,18,Eliminated Week 9,5,10.5,10.5,10.5,10.5,42.0,True,4,4.0,40.0,1.05
30,9,Suni Lee,Sasha Farber,Athlete,Minnesota,United States,18,Eliminated Week 9,5,10.0,9.0,9.5,9.0,37.5,True,4,4.0,40.0,0.9375
30,10,Suni Lee,Sasha Farber,Athlete,Minnesota,United States,18,Eliminated Week 9,5,0.0,0.0,0.0,0.0,0.0,False,4,4.0,40.0,
7,1,Susan Lucci,Tony Dovolani,Actor/Actress,New York,United States,61,Eliminated Week 7,6,6.0,6.0,6.5,,18.5,True,3,3.0,30.0,0.6166666666666667
7,2,Susan Lucci,Tony Dovolani,Actor/Actress,New York,United States,61,Eliminated Week 7,6,7.0,7.0,7.0,,21.0,True,3,3.0,30.0,0.7
7,3,Susan Lucci,Tony Dovolani,Actor/Actress,New York,United States,61,Eliminated Week 7,6,7.0,7.0,7.0,,21.0,True,3,3.0,30.0,0.7
7,4,Susan Lucci,Tony Dovolani,Actor/Actress,New York,United States,61,Eliminated Week 7,6,8.0,8.0,8.0,,24.0,True,3,3.0,30.0,0.8
7,5,Susan Lucci,Tony Dovolani,Actor/Actress,New York,United States,61,Eliminated Week 7,6,7.0,7.0,8.0,,22.0,True,3,3.0,30.0,0.7333333333333333
7,6,Susan Lucci,Tony Dovolani,Actor/Actress,New York,United States,61,Eliminated Week 7,6,8.0,8.0,7.0,,23.0,True,3,3.0,30.0,0.7666666666666667
7,7,Susan Lucci,Tony Dovolani,Actor/Actress,New York,United States,61,Eliminated Week 7,6,8.0,8.0,8.0,,24.0,True,3,3.0,30.0,0.8
7,8,Susan Lucci,Tony Dovolani,Actor/Actress,New York,United States,61,Eliminated Week 7,6,0.0,0.0,0.0,,0.0,False,3,3.0,30.0,
7,9,Susan Lucci,Tony Dovolani,Actor/Actress,New York,United States,61,Eliminated Week 7,6,0.0,0.0,0.0,,0.0,False,3,3.0,30.0,
7,10,Susan Lucci,Tony Dovolani,Actor/Actress,New York,United States,61,Eliminated Week 7,6,0.0,0.0,0.0,,0.0,False,3,3.0,30.0,
20,1,Suzanne Somers,Tony Dovolani,Actor/Actress,California,United States,68,Eliminated Week 5,9,6.0,6.0,6.0,7.0,25.0,True,4,4.0,40.0,0.625
20,2,Suzanne Somers,Tony Dovolani,Actor/Actress,California,United States,68,Eliminated Week 5,9,7.0,7.0,7.0,7.0,28.0,True,4,4.0,40.0,0.7
20,3,Suzanne Somers,Tony Dovolani,Actor/Actress,California,United States,68,Eliminated Week 5,9,6.0,6.0,6.0,7.0,25.0,True,4,4.0,40.0,0.625
20,4,Suzanne Somers,Tony Dovolani,Actor/Actress,California,United States,68,Eliminated Week 5,9,7.0,7.0,7.0,7.0,28.0,True,4,4.0,40.0,0.7
20,5,Suzanne Somers,Tony Dovolani,Actor/Actress,California,United States,68,Eliminated Week 5,9,7.0,7.0,7.0,7.0,28.0,True,4,4.0,40.0,0.7
20,6,Suzanne Somers,Tony Dovolani,Actor/Actress,California,United States,68,Eliminated Week 5,9,0.0,0.0,0.0,0.0,0.0,False,4,4.0,40.0,
20,7,Suzanne Somers,Tony Dovolani,Actor/Actress,California,United States,68,Eliminated Week 5,9,0.0,0.0,0.0,0.0,0.0,False,4,4.0,40.0,
20,8,Suzanne Somers,Tony Dovolani,Actor/Actress,California,United States,68,Eliminated Week 5,9,0.0,0.0,0.0,0.0,0.0,False,4,4.0,40.0,
20,9,Suzanne Somers,Tony Dovolani,Actor/Actress,California,United States,68,Eliminated Week 5,9,0.0,0.0,0.0,0.0,0.0,False,4,4.0,40.0,
20,10,Suzanne Somers,Tony Dovolani,Actor/Actress,California,United States,68,Eliminated Week 5,9,0.0,0.0,0.0,0.0,0.0,False,4,4.0,40.0,
21,1,Tamar Braxton,Valentin Chmerkovskiy,Singer/Rapper,Maryland,United States,38,Withdrew,5,8.0,7.0,8.0,,23.0,True,3,3.0,30.0,0.7666666666666667
21,2,Tamar Braxton,Valentin Chmerkovskiy,Singer/Rapper,Maryland,United States,38,Withdrew,5,8.0,8.0,8.5,,24.5,True,3,3.0,30.0,0.8166666666666667
21,3,Tamar Braxton,Valentin Chmerkovskiy,Singer/Rapper,Maryland,United States,38,Withdrew,5,8.0,9.0,8.0,8.0,33.0,True,4,4.0,40.0,0.825
21,4,Tamar Braxton,Valentin Chmerkovskiy,Singer/Rapper,Maryland,United States,38,Withdrew,5,9.0,9.0,9.0,,27.0,True,3,3.0,30.0,0.9
21,5,Tamar Braxton,Valentin Chmerkovskiy,Singer/Rapper,Maryland,United States,38,Withdrew,5,7.0,7.0,8.0,7.0,29.0,True,4,4.0,40.0,0.725
21,6,Tamar Braxton,Valentin Chmerkovskiy,Singer/Rapper,Maryland,United States,38,Withdrew,5,10.0,10.0,10.0,10.0,40.0,True,4,4.0,40.0,1.0
21,7,Tamar Braxton,Valentin Chmerkovskiy,Singer/Rapper,Maryland,United States,38,Withdrew,5,9.0,9.0,9.0,,27.0,True,3,3.0,30.0,0.9
21,8,Tamar Braxton,Valentin Chmerkovskiy,Singer/Rapper,Maryland,United States,38,Withdrew,5,9.0,9.0,10.0,,28.0,True,3,3.0,30.0,0.9333333333333333
21,9,Tamar Braxton,Valentin Chmerkovskiy,Singer/Rapper,Maryland,United States,38,Withdrew,5,8.5,8.0,8.0,,24.5,True,3,3.0,30.0,0.8166666666666667
21,10,Tamar Braxton,Valentin Chmerkovskiy,Singer/Rapper,Maryland,United States,38,Withdrew,5,0.0,0.0,0.0,,0.0,False,3,3.0,30.0,
21,11,Tamar Braxton,Valentin Chmerkovskiy,Singer/Rapper,Maryland,United States,38,Withdrew,5,0.0,0.0,0.0,,0.0,False,3,3.0,30.0,
2,1,Tatum O'Neal,Nick Kosovich,Actor/Actress,California,United States,42,Eliminated Week 2,9,7.0,8.0,8.0,,23.0,True,3,3.0,30.0,0.7666666666666667
2,2,Tatum O'Neal,Nick Kosovich,Actor/Actress,California,United States,42,Eliminated Week 2,9,5.0,6.0,6.0,,17.0,True,3,3.0,30.0,0.5666666666666667
2,3,Tatum O'Neal,Nick Kosovich,Actor/Actress,California,United States,42,Eliminated Week 2,9,0.0,0.0,0.0,,0.0,False,3,3.0,30.0,
2,4,Tatum O'Neal,Nick Kosovich,Actor/Actress,California,United States,42,Eliminated Week 2,9,0.0,0.0,0.0,,0.0,False,3,3.0,30.0,
2,5,Tatum O'Neal,Nick Kosovich,Actor/Actress,California,United States,42,Eliminated Week 2,9,0.0,0.0,0.0,,0.0,False,3,3.0,30.0,
2,6,Tatum O'Neal,Nick Kosovich,Actor/Actress,California,United States,42,Eliminated Week 2,9,0.0,0.0,0.0,,0.0,False,3,3.0,30.0,
2,7,Tatum O'Neal,Nick Kosovich,Actor/Actress,California,United States,42,Eliminated Week 2,9,0.0,0.0,0.0,,0.0,False,3,3.0,30.0,
2,8,Tatum O'Neal,Nick Kosovich,Actor/Actress,California,United States,42,Eliminated Week 2,9,0.0,0.0,0.0,,0.0,False,3,3.0,30.0,
19,1,Tavis Smiley,Sharna Burgess,Radio Personality,Mississippi,United States,50,Eliminated Week 2,12,7.0,7.0,8.0,7.0,29.0,True,4,4.0,40.0,0.725
19,2,Tavis Smiley,Sharna Burgess,Radio Personality,Mississippi,United States,50,Eliminated Week 2,12,7.0,7.0,7.0,7.0,28.0,True,4,4.0,40.0,0.7
19,3,Tavis Smiley,Sharna Burgess,Radio Personality,Mississippi,United States,50,Eliminated Week 2,12,0.0,0.0,0.0,0.0,0.0,False,4,4.0,40.0,
19,4,Tavis Smiley,Sharna Burgess,Radio Personality,Mississippi,United States,50,Eliminated Week 2,12,0.0,0.0,0.0,0.0,0.0,False,4,4.0,40.0,
19,5,Tavis Smiley,Sharna Burgess,Radio Personality,Mississippi,United States,50,Eliminated Week 2,12,0.0,0.0,0.0,0.0,0.0,False,4,4.0,40.0,
19,6,Tavis Smiley,Sharna Burgess,Radio Personality,Mississippi,United States,50,Eliminated Week 2,12,0.0,0.0,0.0,0.0,0.0,False,4,4.0,40.0,
19,7,Tavis Smiley,Sharna Burgess,Radio Personality,Mississippi,United States,50,Eliminated Week 2,12,0.0,0.0,0.0,0.0,0.0,False,4,4.0,40.0,
19,8,Tavis Smiley,Sharna Burgess,Radio Personality,Mississippi,United States,50,Eliminated Week 2,12,0.0,0.0,0.0,0.0,0.0,False,4,4.0,40.0,
19,9,Tavis Smiley,Sharna Burgess,Radio Personality,Mississippi,United States,50,Eliminated Week 2,12,0.0,0.0,0.0,0.0,0.0,False,4,4.0,40.0,
19,10,Tavis Smiley,Sharna Burgess,Radio Personality,Mississippi,United States,50,Eliminated Week 2,12,0.0,0.0,0.0,0.0,0.0,False,4,4.0,40.0,
19,11,Tavis Smiley,Sharna Burgess,Radio Personality,Mississippi,United States,50,Eliminated Week 2,12,0.0,0.0,0.0,0.0,0.0,False,4,4.0,40.0,
7,1,Ted McGinley,Inna Brayer,Actor/Actress,California,United States,50,Eliminated Week 1,12,6.0,6.0,6.5,,18.5,True,3,3.0,30.0,0.6166666666666667
7,2,Ted McGinley,Inna Brayer,Actor/Actress,California,United States,50,Eliminated Week 1,12,0.0,0.0,0.0,,0.0,False,3,3.0,30.0,
7,3,Ted McGinley,Inna Brayer,Actor/Actress,California,United States,50,Eliminated Week 1,12,0.0,0.0,0.0,,0.0,False,3,3.0,30.0,
7,4,Ted McGinley,Inna Brayer,Actor/Actress,California,United States,50,Eliminated Week 1,12,0.0,0.0,0.0,,0.0,False,3,3.0,30.0,
7,5,Ted McGinley,Inna Brayer,Actor/Actress,California,United States,50,Eliminated Week 1,12,0.0,0.0,0.0,,0.0,False,3,3.0,30.0,
7,6,Ted McGinley,Inna Brayer,Actor/Actress,California,United States,50,Eliminated Week 1,12,0.0,0.0,0.0,,0.0,False,3,3.0,30.0,
7,7,Ted McGinley,Inna Brayer,Actor/Actress,California,United States,50,Eliminated Week 1,12,0.0,0.0,0.0,,0.0,False,3,3.0,30.0,
7,8,Ted McGinley,Inna Brayer,Actor/Actress,California,United States,50,Eliminated Week 1,12,0.0,0.0,0.0,,0.0,False,3,3.0,30.0,
7,9,Ted McGinley,Inna Brayer,Actor/Actress,California,United States,50,Eliminated Week 1,12,0.0,0.0,0.0,,0.0,False,3,3.0,30.0,
7,10,Ted McGinley,Inna Brayer,Actor/Actress,California,United States,50,Eliminated Week 1,12,0.0,0.0,0.0,,0.0,False,3,3.0,30.0,
31,1,Teresa Giudice,Pasha Pashkov,TV Personality,New Jersey,United States,50,Eliminated Week 2,15,5.0,5.0,5.0,5.0,20.0,True,4,4.0,40.0,0.5
31,2,Teresa Giudice,Pasha Pashkov,TV Personality,New Jersey,United States,50,Eliminated Week 2,15,6.0,5.0,6.0,6.0,23.0,True,4,4.0,40.0,0.575
31,3,Teresa Giudice,Pasha Pashkov,TV Personality,New Jersey,United States,50,Eliminated Week 2,15,0.0,0.0,0.0,0.0,0.0,False,4,4.0,40.0,
31,4,Teresa Giudice,Pasha Pashkov,TV Personality,New Jersey,United States,50,Eliminated Week 2,15,0.0,0.0,0.0,0.0,0.0,False,4,4.0,40.0,
31,5,Teresa Giudice,Pasha Pashkov,TV Personality,New Jersey,United States,50,Eliminated Week 2,15,0.0,0.0,0.0,0.0,0.0,False,4,4.0,40.0,
31,6,Teresa Giudice,Pasha Pashkov,TV Personality,New Jersey,United States,50,Eliminated Week 2,15,0.0,0.0,0.0,0.0,0.0,False,4,4.0,40.0,
31,7,Teresa Giudice,Pasha Pashkov,TV Personality,New Jersey,United States,50,Eliminated Week 2,15,0.0,0.0,0.0,0.0,0.0,False,4,4.0,40.0,
31,8,Teresa Giudice,Pasha Pashkov,TV Personality,New Jersey,United States,50,Eliminated Week 2,15,0.0,0.0,0.0,0.0,0.0,False,4,4.0,40.0,
31,9,Teresa Giudice,Pasha Pashkov,TV Personality,New Jersey,United States,50,Eliminated Week 2,15,0.0,0.0,0.0,0.0,0.0,False,4,4.0,40.0,
31,10,Teresa Giudice,Pasha Pashkov,TV Personality,New Jersey,United States,50,Eliminated Week 2,15,0.0,0.0,0.0,0.0,0.0,False,4,4.0,40.0,
23,1,Terra Jole,Sasha Farber,TV Personality,Texas,United States,36,Eliminated Week 10,5,7.0,6.0,6.0,6.0,25.0,True,4,4.0,40.0,0.625
23,2,Terra Jole,Sasha Farber,TV Personality,Texas,United States,36,Eliminated Week 10,5,8.0,7.0,8.0,8.0,31.0,True,4,4.0,40.0,0.775
23,3,Terra Jole,Sasha Farber,TV Personality,Texas,United States,36,Eliminated Week 10,5,8.0,7.0,8.0,7.0,30.0,True,4,4.0,40.0,0.75
23,4,Terra Jole,Sasha Farber,TV Personality,Texas,United States,36,Eliminated Week 10,5,9.0,8.0,8.0,,25.0,True,3,3.0,30.0,0.8333333333333334
23,5,Terra Jole,Sasha Farber,TV Personality,Texas,United States,36,Eliminated Week 10,5,9.0,9.0,9.0,,27.0,True,3,3.0,30.0,0.9
23,6,Terra Jole,Sasha Farber,TV Personality,Texas,United States,36,Eliminated Week 10,5,7.0,8.0,8.0,7.0,30.0,True,4,4.0,40.0,0.75
23,7,Terra Jole,Sasha Farber,TV Personality,Texas,United States,36,Eliminated Week 10,5,8.5,8.5,9.0,8.5,34.5,True,4,4.0,40.0,0.8625
23,8,Terra Jole,Sasha Farber,TV Personality,Texas,United States,36,Eliminated Week 10,5,8.0,8.0,8.0,,24.0,True,3,3.0,30.0,0.8
23,9,Terra Jole,Sasha Farber,TV Personality,Texas,United States,36,Eliminated Week 10,5,10.0,10.0,9.0,9.0,38.0,True,4,4.0,40.0,0.95
23,10,Terra Jole,Sasha Farber,TV Personality,Texas,United States,36,Eliminated Week 10,5,10.0,10.0,10.0,,30.0,True,3,3.0,30.0,1.0
23,11,Terra Jole,Sasha Farber,TV Personality,Texas,United States,36,Eliminated Week 10,5,0.0,0.0,0.0,0.0,0.0,False,4,4.0,40.0,
25,1,Terrell Owens,Cheryl Burke,Athlete,Alabama,United States,43,Eliminated Week 8,6,5.0,5.0,5.0,,15.0,True,3,3.0,30.0,0.5
25,2,Terrell Owens,Cheryl Burke,Athlete,Alabama,United States,43,Eliminated Week 8,6,6.5,6.0,7.0,,19.5,True,3,3.0,30.0,0.65
25,3,Terrell Owens,Cheryl Burke,Athlete,Alabama,United States,43,Eliminated Week 8,6,7.0,7.0,7.0,,21.0,True,3,3.0,30.0,0.7
25,4,Terrell Owens,Cheryl Burke,Athlete,Alabama,United States,43,Eliminated Week 8,6,8.0,8.0,8.0,,24.0,True,3,3.0,30.0,0.8
25,5,Terrell Owens,Cheryl Burke,Athlete,Alabama,United States,43,Eliminated Week 8,6,9.0,8.0,8.0,,25.0,True,3,3.0,30.0,0.8333333333333334
25,6,Terrell Owens,Cheryl Burke,Athlete,Alabama,United States,43,Eliminated Week 8,6,9.0,9.0,10.0,9.0,37.0,True,4,4.0,40.0,0.925
25,7,Terrell Owens,Cheryl Burke,Athlete,Alabama,United States,43,Eliminated Week 8,6,8.0,8.0,8.5,,24.5,True,3,3.0,30.0,0.8166666666666667
25,8,Terrell Owens,Cheryl Burke,Athlete,Alabama,United States,43,Eliminated Week 8,6,8.5,8.5,8.5,,25.5,True,3,3.0,30.0,0.85
25,9,Terrell Owens,Cheryl Burke,Athlete,Alabama,United States,43,Eliminated Week 8,6,0.0,0.0,0.0,,0.0,False,3,3.0,30.0,
25,10,Terrell Owens,Cheryl Burke,Athlete,Alabama,United States,43,Eliminated Week 8,6,0.0,0.0,0.0,0.0,0.0,False,4,4.0,40.0,
11,1,The Situation,Karina Smirnoff,TV Personality,New York,United States,28,Eliminated Week 4,9,5.0,5.0,5.0,,15.0,True,3,3.0,30.0,0.5
11,2,The Situation,Karina Smirnoff,TV Personality,New York,United States,28,Eliminated Week 4,9,6.0,6.0,6.0,,18.0,True,3,3.0,30.0,0.6
11,3,The Situation,Karina Smirnoff,TV Personality,New York,United States,28,Eliminated Week 4,9,7.0,6.0,7.0,,20.0,True,3,3.0,30.0,0.6666666666666666
11,4,The Situation,Karina Smirnoff,TV Personality,New York,United States,28,Eliminated Week 4,9,5.0,4.5,4.5,,14.0,True,3,3.0,30.0,0.4666666666666667
11,5,The Situation,Karina Smirnoff,TV Personality,New York,United States,28,Eliminated Week 4,9,0.0,0.0,0.0,,0.0,False,3,3.0,30.0,
11,6,The Situation,Karina Smirnoff,TV Personality,New York,United States,28,Eliminated Week 4,9,0.0,0.0,0.0,,0.0,False,3,3.0,30.0,
11,7,The Situation,Karina Smirnoff,TV Personality,New York,United States,28,Eliminated Week 4,9,0.0,0.0,0.0,0.0,0.0,False,4,4.0,40.0,
11,8,The Situation,Karina Smirnoff,TV Personality,New York,United States,28,Eliminated Week 4,9,0.0,0.0,0.0,,0.0,False,3,3.0,30.0,
11,9,The Situation,Karina Smirnoff,TV Personality,New York,United States,28,Eliminated Week 4,9,0.0,0.0,0.0,,0.0,False,3,3.0,30.0,
11,10,The Situation,Karina Smirnoff,TV Personality,New York,United States,28,Eliminated Week 4,9,0.0,0.0,0.0,,0.0,False,3,3.0,30.0,
2,1,Tia Carrere,Maksim Chmerkoskiy,Actor/Actress,Hawaii,United States,39,Eliminated Week 5,6,6.0,7.0,7.0,,20.0,True,3,3.0,30.0,0.6666666666666666
2,2,Tia Carrere,Maksim Chmerkoskiy,Actor/Actress,Hawaii,United States,39,Eliminated Week 5,6,7.0,8.0,7.0,,22.0,True,3,3.0,30.0,0.7333333333333333
2,3,Tia Carrere,Maksim Chmerkoskiy,Actor/Actress,Hawaii,United States,39,Eliminated Week 5,6,9.0,8.0,9.0,,26.0,True,3,3.0,30.0,0.8666666666666667
2,4,Tia Carrere,Maksim Chmerkoskiy,Actor/Actress,Hawaii,United States,39,Eliminated Week 5,6,9.0,8.0,8.0,,25.0,True,3,3.0,30.0,0.8333333333333334
2,5,Tia Carrere,Maksim Chmerkoskiy,Actor/Actress,Hawaii,United States,39,Eliminated Week 5,6,7.0,7.0,8.0,,22.0,True,3,3.0,30.0,0.7333333333333333
2,6,Tia Carrere,Maksim Chmerkoskiy,Actor/Actress,Hawaii,United States,39,Eliminated Week 5,6,0.0,0.0,0.0,,0.0,False,3,3.0,30.0,
2,7,Tia Carrere,Maksim Chmerkoskiy,Actor/Actress,Hawaii,United States,39,Eliminated Week 5,6,0.0,0.0,0.0,,0.0,False,3,3.0,30.0,
2,8,Tia Carrere,Maksim Chmerkoskiy,Actor/Actress,Hawaii,United States,39,Eliminated Week 5,6,0.0,0.0,0.0,,0.0,False,3,3.0,30.0,
27,1,Tinashe,Brandon Armstrong,Singer/Rapper,Kentucky,United States,25,Eliminated Week 4,10,8.0,7.0,8.0,,23.0,True,3,3.0,30.0,0.7666666666666667
27,2,Tinashe,Brandon Armstrong,Singer/Rapper,Kentucky,United States,25,Eliminated Week 4,10,9.0,8.0,9.0,,26.0,True,3,3.0,30.0,0.8666666666666667
27,3,Tinashe,Brandon Armstrong,Singer/Rapper,Kentucky,United States,25,Eliminated Week 4,10,9.0,9.0,9.0,,27.0,True,3,3.0,30.0,0.9
27,4,Tinashe,Brandon Armstrong,Singer/Rapper,Kentucky,United States,25,Eliminated Week 4,10,9.0,8.0,9.0,,26.0,True,3,3.0,30.0,0.8666666666666667
27,5,Tinashe,Brandon Armstrong,Singer/Rapper,Kentucky,United States,25,Eliminated Week 4,10,0.0,0.0,0.0,,0.0,False,3,3.0,30.0,
27,6,Tinashe,Brandon Armstrong,Singer/Rapper,Kentucky,United States,25,Eliminated Week 4,10,0.0,0.0,0.0,,0.0,False,3,3.0,30.0,
27,7,Tinashe,Brandon Armstrong,Singer/Rapper,Kentucky,United States,25,Eliminated Week 4,10,0.0,0.0,0.0,,0.0,False,3,3.0,30.0,
27,8,Tinashe,Brandon Armstrong,Singer/Rapper,Kentucky,United States,25,Eliminated Week 4,10,0.0,0.0,0.0,,0.0,False,3,3.0,30.0,
27,9,Tinashe,Brandon Armstrong,Singer/Rapper,Kentucky,United States,25,Eliminated Week 4,10,0.0,0.0,0.0,,0.0,False,3,3.0,30.0,
9,1,Tom DeLay,Cheryl Burke,Politician,Texas,United States,62,Withdrew,13,7.3333,6.3333,6.3333,,19.9999,True,3,3.0,30.0,0.6666633333333334
9,2,Tom DeLay,Cheryl Burke,Politician,Texas,United States,62,Withdrew,13,6.0,6.0,6.0,,18.0,True,3,3.0,30.0,0.6
9,3,Tom DeLay,Cheryl Burke,Politician,Texas,United States,62,Withdrew,13,6.0,4.0,5.0,,15.0,True,3,3.0,30.0,0.5
9,4,Tom DeLay,Cheryl Burke,Politician,Texas,United States,62,Withdrew,13,0.0,0.0,0.0,,0.0,False,3,3.0,30.0,
9,5,Tom DeLay,Cheryl Burke,Politician,Texas,United States,62,Withdrew,13,0.0,0.0,0.0,,0.0,False,3,3.0,30.0,
9,6,Tom DeLay,Cheryl Burke,Politician,Texas,United States,62,Withdrew,13,0.0,0.0,0.0,,0.0,False,3,3.0,30.0,
9,7,Tom DeLay,Cheryl Burke,Politician,Texas,United States,62,Withdrew,13,0.0,0.0,0.0,,0.0,False,3,3.0,30.0,
9,8,Tom DeLay,Cheryl Burke,Politician,Texas,United States,62,Withdrew,13,0.0,0.0,0.0,,0.0,False,3,3.0,30.0,
9,9,Tom DeLay,Cheryl Burke,Politician,Texas,United States,62,Withdrew,13,0.0,0.0,0.0,,0.0,False,3,3.0,30.0,
9,10,Tom DeLay,Cheryl Burke,Politician,Texas,United States,62,Withdrew,13,0.0,0.0,0.0,,0.0,False,3,3.0,30.0,
7,1,Toni Braxton,Alec Mazo,Singer/Rapper,Maryland,United States,40,Eliminated Week 5,8,7.5,7.0,8.0,,22.5,True,3,3.0,30.0,0.75
7,2,Toni Braxton,Alec Mazo,Singer/Rapper,Maryland,United States,40,Eliminated Week 5,8,7.0,8.0,8.0,,23.0,True,3,3.0,30.0,0.7666666666666667
7,3,Toni Braxton,Alec Mazo,Singer/Rapper,Maryland,United States,40,Eliminated Week 5,8,8.0,7.0,7.0,,22.0,True,3,3.0,30.0,0.7333333333333333
7,4,Toni Braxton,Alec Mazo,Singer/Rapper,Maryland,United States,40,Eliminated Week 5,8,7.0,7.0,8.0,,22.0,True,3,3.0,30.0,0.7333333333333333
7,5,Toni Braxton,Alec Mazo,Singer/Rapper,Maryland,United States,40,Eliminated Week 5,8,7.0,7.0,8.0,,22.0,True,3,3.0,30.0,0.7333333333333333
7,6,Toni Braxton,Alec Mazo,Singer/Rapper,Maryland,United States,40,Eliminated Week 5,8,0.0,0.0,0.0,,0.0,False,3,3.0,30.0,
7,7,Toni Braxton,Alec Mazo,Singer/Rapper,Maryland,United States,40,Eliminated Week 5,8,0.0,0.0,0.0,,0.0,False,3,3.0,30.0,
7,8,Toni Braxton,Alec Mazo,Singer/Rapper,Maryland,United States,40,Eliminated Week 5,8,0.0,0.0,0.0,,0.0,False,3,3.0,30.0,
7,9,Toni Braxton,Alec Mazo,Singer/Rapper,Maryland,United States,40,Eliminated Week 5,8,0.0,0.0,0.0,,0.0,False,3,3.0,30.0,
7,10,Toni Braxton,Alec Mazo,Singer/Rapper,Maryland,United States,40,Eliminated Week 5,8,0.0,0.0,0.0,,0.0,False,3,3.0,30.0,
26,1,Tonya Harding,Sasha Farber,Athlete,Oregon,United States,47,3rd Place,3,8.0,8.0,7.0,,23.0,True,3,3.0,30.0,0.7666666666666667
26,2,Tonya Harding,Sasha Farber,Athlete,Oregon,United States,47,3rd Place,3,8.0,9.0,8.0,8.0,33.0,True,4,4.0,40.0,0.825
26,3,Tonya Harding,Sasha Farber,Athlete,Oregon,United States,47,3rd Place,3,8.5,9.5,8.5,8.5,35.0,True,4,4.0,40.0,0.875
26,4,Tonya Harding,Sasha Farber,Athlete,Oregon,United States,47,3rd Place,3,9.0,9.5,9.5,,28.0,True,3,3.0,30.0,0.9333333333333333
33,1,Tori Spelling,Pasha Pashkov,Actor/Actress,California,United States,51,Eliminated Week 2,12,6.0,6.0,5.0,,17.0,True,3,3.0,30.0,0.5666666666666667
33,2,Tori Spelling,Pasha Pashkov,Actor/Actress,California,United States,51,Eliminated Week 2,12,7.0,6.0,6.0,,19.0,True,3,3.0,30.0,0.6333333333333333
33,3,Tori Spelling,Pasha Pashkov,Actor/Actress,California,United States,51,Eliminated Week 2,12,0.0,0.0,0.0,0.0,0.0,False,4,4.0,40.0,
33,4,Tori Spelling,Pasha Pashkov,Actor/Actress,California,United States,51,Eliminated Week 2,12,0.0,0.0,0.0,0.0,0.0,False,4,4.0,40.0,
33,5,Tori Spelling,Pasha Pashkov,Actor/Actress,California,United States,51,Eliminated Week 2,12,0.0,0.0,0.0,,0.0,False,3,3.0,30.0,
33,6,Tori Spelling,Pasha Pashkov,Actor/Actress,California,United States,51,Eliminated Week 2,12,0.0,0.0,0.0,,0.0,False,3,3.0,30.0,
33,7,Tori Spelling,Pasha Pashkov,Actor/Actress,California,United States,51,Eliminated Week 2,12,0.0,0.0,0.0,,0.0,False,3,3.0,30.0,
33,8,Tori Spelling,Pasha Pashkov,Actor/Actress,California,United States,51,Eliminated Week 2,12,0.0,0.0,0.0,,0.0,False,3,3.0,30.0,
33,9,Tori Spelling,Pasha Pashkov,Actor/Actress,California,United States,51,Eliminated Week 2,12,0.0,0.0,0.0,,0.0,False,3,3.0,30.0,
31,1,Trevor Donovan,Emma Slater,Actor/Actress,California,United States,39,Eliminated Week 9,6,5.0,5.0,5.0,6.0,21.0,True,4,4.0,40.0,0.525
31,2,Trevor Donovan,Emma Slater,Actor/Actress,California,United States,39,Eliminated Week 9,6,7.0,7.0,8.0,8.0,30.0,True,4,4.0,40.0,0.75
31,3,Trevor Donovan,Emma Slater,Actor/Actress,California,United States,39,Eliminated Week 9,6,7.0,6.0,7.0,7.0,27.0,True,4,4.0,40.0,0.675
31,4,Trevor Donovan,Emma Slater,Actor/Actress,California,United States,39,Eliminated Week 9,6,7.0,7.0,7.0,7.0,28.0,True,4,4.0,40.0,0.7
31,5,Trevor Donovan,Emma Slater,Actor/Actress,California,United States,39,Eliminated Week 9,6,9.0,9.0,9.0,9.0,36.0,True,4,4.0,40.0,0.9
31,6,Trevor Donovan,Emma Slater,Actor/Actress,California,United States,39,Eliminated Week 9,6,9.0,8.0,8.0,9.0,34.0,True,4,4.0,40.0,0.85
31,7,Trevor Donovan,Emma Slater,Actor/Actress,California,United States,39,Eliminated Week 9,6,10.0,9.0,10.0,10.0,39.0,True,4,4.0,40.0,0.975
31,8,Trevor Donovan,Emma Slater,Actor/Actress,California,United States,39,Eliminated Week 9,6,9.25,10.25,9.25,10.25,39.0,True,4,4.0,40.0,0.975
31,9,Trevor Donovan,Emma Slater,Actor/Actress,California,United States,39,Eliminated Week 9,6,8.5,8.0,8.0,8.0,32.5,True,4,4.0,40.0,0.8125
31,10,Trevor Donovan,Emma Slater,Actor/Actress,California,United States,39,Eliminated Week 9,6,0.0,0.0,0.0,0.0,0.0,False,4,4.0,40.0,
1,1,Trista Sutter,Louis van Amstel,TV Personality,Indiana,United States,32,Eliminated Week 2,6,6.0,6.0,6.0,,18.0,True,3,3.0,30.0,0.6
1,2,Trista Sutter,Louis van Amstel,TV Personality,Indiana,United States,32,Eliminated Week 2,6,6.0,7.0,6.0,,19.0,True,3,3.0,30.0,0.6333333333333333
1,3,Trista Sutter,Louis van Amstel,TV Personality,Indiana,United States,32,Eliminated Week 2,6,0.0,0.0,0.0,,0.0,False,3,3.0,30.0,
1,4,Trista Sutter,Louis van Amstel,TV Personality,Indiana,United States,32,Eliminated Week 2,6,0.0,0.0,0.0,,0.0,False,3,3.0,30.0,
1,5,Trista Sutter,Louis van Amstel,TV Personality,Indiana,United States,32,Eliminated Week 2,6,0.0,0.0,0.0,,0.0,False,3,3.0,30.0,
1,6,Trista Sutter,Louis van Amstel,TV Personality,Indiana,United States,32,Eliminated Week 2,6,0.0,0.0,0.0,,0.0,False,3,3.0,30.0,
3,1,Tucker Carlson,Elena Grinenko,TV Personality,California,United States,37,Eliminated Week 1,11,5.0,4.0,3.0,,12.0,True,3,3.0,30.0,0.4
3,2,Tucker Carlson,Elena Grinenko,TV Personality,California,United States,37,Eliminated Week 1,11,0.0,0.0,0.0,,0.0,False,3,3.0,30.0,
3,3,Tucker Carlson,Elena Grinenko,TV Personality,California,United States,37,Eliminated Week 1,11,0.0,0.0,0.0,,0.0,False,3,3.0,30.0,
3,4,Tucker Carlson,Elena Grinenko,TV Personality,California,United States,37,Eliminated Week 1,11,0.0,0.0,0.0,,0.0,False,3,3.0,30.0,
3,5,Tucker Carlson,Elena Grinenko,TV Personality,California,United States,37,Eliminated Week 1,11,0.0,0.0,0.0,,0.0,False,3,3.0,30.0,
3,6,Tucker Carlson,Elena Grinenko,TV Personality,California,United States,37,Eliminated Week 1,11,0.0,0.0,0.0,,0.0,False,3,3.0,30.0,
3,7,Tucker Carlson,Elena Grinenko,TV Personality,California,United States,37,Eliminated Week 1,11,0.0,0.0,0.0,,0.0,False,3,3.0,30.0,
3,8,Tucker Carlson,Elena Grinenko,TV Personality,California,United States,37,Eliminated Week 1,11,0.0,0.0,0.0,,0.0,False,3,3.0,30.0,
3,9,Tucker Carlson,Elena Grinenko,TV Personality,California,United States,37,Eliminated Week 1,11,0.0,0.0,0.0,,0.0,False,3,3.0,30.0,
3,10,Tucker Carlson,Elena Grinenko,TV Personality,California,United States,37,Eliminated Week 1,11,0.0,0.0,0.0,,0.0,False,3,3.0,30.0,
8,1,Ty Murray,Chelsie Hightower,Athlete,Arizona,United States,39,Eliminated Week 10,4,5.0,4.0,5.0,,14.0,True,3,3.0,30.0,0.4666666666666667
8,2,Ty Murray,Chelsie Hightower,Athlete,Arizona,United States,39,Eliminated Week 10,4,7.0,6.0,7.0,,20.0,True,3,3.0,30.0,0.6666666666666666
8,3,Ty Murray,Chelsie Hightower,Athlete,Arizona,United States,39,Eliminated Week 10,4,8.0,8.0,7.0,,23.0,True,3,3.0,30.0,0.7666666666666667
8,4,Ty Murray,Chelsie Hightower,Athlete,Arizona,United States,39,Eliminated Week 10,4,9.0,8.0,8.0,,25.0,True,3,3.0,30.0,0.8333333333333334
8,5,Ty Murray,Chelsie Hightower,Athlete,Arizona,United States,39,Eliminated Week 10,4,7.0,7.0,7.0,,21.0,True,3,3.0,30.0,0.7
8,6,Ty Murray,Chelsie Hightower,Athlete,Arizona,United States,39,Eliminated Week 10,4,6.0,6.0,6.0,,18.0,True,3,3.0,30.0,0.6
8,7,Ty Murray,Chelsie Hightower,Athlete,Arizona,United States,39,Eliminated Week 10,4,8.0,8.0,8.0,,24.0,True,3,3.0,30.0,0.8
8,8,Ty Murray,Chelsie Hightower,Athlete,Arizona,United States,39,Eliminated Week 10,4,9.0,8.0,9.0,,26.0,True,3,3.0,30.0,0.8666666666666667
8,9,Ty Murray,Chelsie Hightower,Athlete,Arizona,United States,39,Eliminated Week 10,4,7.5,8.0,7.5,,23.0,True,3,3.0,30.0,0.7666666666666667
8,10,Ty Murray,Chelsie Hightower,Athlete,Arizona,United States,39,Eliminated Week 10,4,8.0,8.0,8.0,,24.0,True,3,3.0,30.0,0.8
8,11,Ty Murray,Chelsie Hightower,Athlete,Arizona,United States,39,Eliminated Week 10,4,0.0,0.0,0.0,,0.0,False,3,3.0,30.0,
32,1,Tyson Beckford,Jenna Johnson,Model,New York,United States,52,Eliminated Week 3,12,4.0,4.0,4.0,,12.0,True,3,3.0,30.0,0.4
32,2,Tyson Beckford,Jenna Johnson,Model,New York,United States,52,Eliminated Week 3,12,6.0,6.0,6.0,,18.0,True,3,3.0,30.0,0.6
32,3,Tyson Beckford,Jenna Johnson,Model,New York,United States,52,Eliminated Week 3,12,5.0,5.0,5.0,5.0,20.0,True,4,4.0,40.0,0.5
32,4,Tyson Beckford,Jenna Johnson,Model,New York,United States,52,Eliminated Week 3,12,0.0,0.0,0.0,,0.0,False,3,3.0,30.0,
32,5,Tyson Beckford,Jenna Johnson,Model,New York,United States,52,Eliminated Week 3,12,0.0,0.0,0.0,,0.0,False,3,3.0,30.0,
32,6,Tyson Beckford,Jenna Johnson,Model,New York,United States,52,Eliminated Week 3,12,0.0,0.0,0.0,0.0,0.0,False,4,4.0,40.0,
32,7,Tyson Beckford,Jenna Johnson,Model,New York,United States,52,Eliminated Week 3,12,0.0,0.0,0.0,0.0,0.0,False,4,4.0,40.0,
32,8,Tyson Beckford,Jenna Johnson,Model,New York,United States,52,Eliminated Week 3,12,0.0,0.0,0.0,0.0,0.0,False,4,4.0,40.0,
32,9,Tyson Beckford,Jenna Johnson,Model,New York,United States,52,Eliminated Week 3,12,0.0,0.0,0.0,0.0,0.0,False,4,4.0,40.0,
32,10,Tyson Beckford,Jenna Johnson,Model,New York,United States,52,Eliminated Week 3,12,0.0,0.0,0.0,,0.0,False,3,3.0,30.0,
32,11,Tyson Beckford,Jenna Johnson,Model,New York,United States,52,Eliminated Week 3,12,0.0,0.0,0.0,,0.0,False,3,3.0,30.0,
17,1,Valerie Harper,Tristan MacManus,Actor/Actress,New York,United States,74,Eliminated Week 4,10,7.0,7.0,7.0,,21.0,True,3,3.0,30.0,0.7
17,2,Valerie Harper,Tristan MacManus,Actor/Actress,New York,United States,74,Eliminated Week 4,10,6.0,6.0,7.0,,19.0,True,3,3.0,30.0,0.6333333333333333
17,3,Valerie Harper,Tristan MacManus,Actor/Actress,New York,United States,74,Eliminated Week 4,10,6.0,5.0,5.0,,16.0,True,3,3.0,30.0,0.5333333333333333
17,4,Valerie Harper,Tristan MacManus,Actor/Actress,New York,United States,74,Eliminated Week 4,10,6.0,6.0,6.0,,18.0,True,3,3.0,30.0,0.6
17,5,Valerie Harper,Tristan MacManus,Actor/Actress,New York,United States,74,Eliminated Week 4,10,0.0,0.0,0.0,,0.0,False,3,3.0,30.0,
17,6,Valerie Harper,Tristan MacManus,Actor/Actress,New York,United States,74,Eliminated Week 4,10,0.0,0.0,0.0,,0.0,False,3,3.0,30.0,
17,7,Valerie Harper,Tristan MacManus,Actor/Actress,New York,United States,74,Eliminated Week 4,10,0.0,0.0,0.0,,0.0,False,3,3.0,30.0,
17,8,Valerie Harper,Tristan MacManus,Actor/Actress,New York,United States,74,Eliminated Week 4,10,0.0,0.0,0.0,,0.0,False,3,3.0,30.0,
17,9,Valerie Harper,Tristan MacManus,Actor/Actress,New York,United States,74,Eliminated Week 4,10,0.0,0.0,0.0,,0.0,False,3,3.0,30.0,
17,10,Valerie Harper,Tristan MacManus,Actor/Actress,New York,United States,74,Eliminated Week 4,10,0.0,0.0,0.0,0.0,0.0,False,4,4.0,40.0,
17,11,Valerie Harper,Tristan MacManus,Actor/Actress,New York,United States,74,Eliminated Week 4,10,0.0,0.0,0.0,,0.0,False,3,3.0,30.0,
23,1,Vanilla Ice,Witney Carson,Singer/Rapper,Texas,United States,48,Eliminated Week 4,10,7.0,5.0,6.0,7.0,25.0,True,4,4.0,40.0,0.625
23,2,Vanilla Ice,Witney Carson,Singer/Rapper,Texas,United States,48,Eliminated Week 4,10,6.0,7.0,6.0,7.0,26.0,True,4,4.0,40.0,0.65
23,3,Vanilla Ice,Witney Carson,Singer/Rapper,Texas,United States,48,Eliminated Week 4,10,6.0,6.0,5.0,6.0,23.0,True,4,4.0,40.0,0.575
23,4,Vanilla Ice,Witney Carson,Singer/Rapper,Texas,United States,48,Eliminated Week 4,10,8.0,7.0,8.0,,23.0,True,3,3.0,30.0,0.7666666666666667
23,5,Vanilla Ice,Witney Carson,Singer/Rapper,Texas,United States,48,Eliminated Week 4,10,0.0,0.0,0.0,,0.0,False,3,3.0,30.0,
23,6,Vanilla Ice,Witney Carson,Singer/Rapper,Texas,United States,48,Eliminated Week 4,10,0.0,0.0,0.0,0.0,0.0,False,4,4.0,40.0,
23,7,Vanilla Ice,Witney Carson,Singer/Rapper,Texas,United States,48,Eliminated Week 4,10,0.0,0.0,0.0,0.0,0.0,False,4,4.0,40.0,
23,8,Vanilla Ice,Witney Carson,Singer/Rapper,Texas,United States,48,Eliminated Week 4,10,0.0,0.0,0.0,,0.0,False,3,3.0,30.0,
23,9,Vanilla Ice,Witney Carson,Singer/Rapper,Texas,United States,48,Eliminated Week 4,10,0.0,0.0,0.0,0.0,0.0,False,4,4.0,40.0,
23,10,Vanilla Ice,Witney Carson,Singer/Rapper,Texas,United States,48,Eliminated Week 4,10,0.0,0.0,0.0,,0.0,False,3,3.0,30.0,
23,11,Vanilla Ice,Witney Carson,Singer/Rapper,Texas,United States,48,Eliminated Week 4,10,0.0,0.0,0.0,0.0,0.0,False,4,4.0,40.0,
29,1,Veron Davis,Peta Murgatroyd,Athlete,Washington D.C.,United States,36,Eliminated Week 6,11,5.0,6.0,6.0,,17.0,True,3,3.0,30.0,0.5666666666666667
29,2,Veron Davis,Peta Murgatroyd,Athlete,Washington D.C.,United States,36,Eliminated Week 6,11,6.0,6.0,6.0,,18.0,True,3,3.0,30.0,0.6
29,3,Veron Davis,Peta Murgatroyd,Athlete,Washington D.C.,United States,36,Eliminated Week 6,11,8.0,7.0,7.0,,22.0,True,3,3.0,30.0,0.7333333333333333
29,4,Veron Davis,Peta Murgatroyd,Athlete,Washington D.C.,United States,36,Eliminated Week 6,11,8.0,7.0,7.0,,22.0,True,3,3.0,30.0,0.7333333333333333
29,5,Veron Davis,Peta Murgatroyd,Athlete,Washington D.C.,United States,36,Eliminated Week 6,11,7.0,7.0,7.0,,21.0,True,3,3.0,30.0,0.7
29,6,Veron Davis,Peta Murgatroyd,Athlete,Washington D.C.,United States,36,Eliminated Week 6,11,7.0,7.0,7.0,,21.0,True,3,3.0,30.0,0.7
29,7,Veron Davis,Peta Murgatroyd,Athlete,Washington D.C.,United States,36,Eliminated Week 6,11,0.0,0.0,0.0,,0.0,False,3,3.0,30.0,
29,8,Veron Davis,Peta Murgatroyd,Athlete,Washington D.C.,United States,36,Eliminated Week 6,11,0.0,0.0,0.0,,0.0,False,3,3.0,30.0,
29,9,Veron Davis,Peta Murgatroyd,Athlete,Washington D.C.,United States,36,Eliminated Week 6,11,0.0,0.0,0.0,,0.0,False,3,3.0,30.0,
29,10,Veron Davis,Peta Murgatroyd,Athlete,Washington D.C.,United States,36,Eliminated Week 6,11,0.0,0.0,0.0,,0.0,False,3,3.0,30.0,
29,11,Veron Davis,Peta Murgatroyd,Athlete,Washington D.C.,United States,36,Eliminated Week 6,11,0.0,0.0,0.0,,0.0,False,3,3.0,30.0,
16,1,Victor Ortiz,Lindsay Arnold,Athlete,Kansas,United States,26,Eliminated Week 6,8,6.0,6.0,6.0,,18.0,True,3,3.0,30.0,0.6
16,2,Victor Ortiz,Lindsay Arnold,Athlete,Kansas,United States,26,Eliminated Week 6,8,6.0,6.0,6.0,,18.0,True,3,3.0,30.0,0.6
16,3,Victor Ortiz,Lindsay Arnold,Athlete,Kansas,United States,26,Eliminated Week 6,8,8.0,7.0,8.0,,23.0,True,3,3.0,30.0,0.7666666666666667
16,4,Victor Ortiz,Lindsay Arnold,Athlete,Kansas,United States,26,Eliminated Week 6,8,6.0,6.0,6.0,,18.0,True,3,3.0,30.0,0.6
16,5,Victor Ortiz,Lindsay Arnold,Athlete,Kansas,United States,26,Eliminated Week 6,8,7.0,7.0,7.0,,21.0,True,3,3.0,30.0,0.7
16,6,Victor Ortiz,Lindsay Arnold,Athlete,Kansas,United States,26,Eliminated Week 6,8,6.5,7.0,6.5,,20.0,True,3,3.0,30.0,0.6666666666666666
16,7,Victor Ortiz,Lindsay Arnold,Athlete,Kansas,United States,26,Eliminated Week 6,8,0.0,0.0,0.0,,0.0,False,3,3.0,30.0,
16,8,Victor Ortiz,Lindsay Arnold,Athlete,Kansas,United States,26,Eliminated Week 6,8,0.0,0.0,0.0,,0.0,False,3,3.0,30.0,
16,9,Victor Ortiz,Lindsay Arnold,Athlete,Kansas,United States,26,Eliminated Week 6,8,0.0,0.0,0.0,,0.0,False,3,3.0,30.0,
16,10,Victor Ortiz,Lindsay Arnold,Athlete,Kansas,United States,26,Eliminated Week 6,8,0.0,0.0,0.0,,0.0,False,3,3.0,30.0,
25,1,Victoria Arlen,Valentin Chmerkovskiy,Athlete,New Hamshire,United States,22,Eliminated Week 9,5,7.0,6.0,6.0,,19.0,True,3,3.0,30.0,0.6333333333333333
25,2,Victoria Arlen,Valentin Chmerkovskiy,Athlete,New Hamshire,United States,22,Eliminated Week 9,5,7.5,7.0,7.5,,22.0,True,3,3.0,30.0,0.7333333333333333
25,3,Victoria Arlen,Valentin Chmerkovskiy,Athlete,New Hamshire,United States,22,Eliminated Week 9,5,8.0,7.0,7.0,,22.0,True,3,3.0,30.0,0.7333333333333333
25,4,Victoria Arlen,Valentin Chmerkovskiy,Athlete,New Hamshire,United States,22,Eliminated Week 9,5,9.0,9.0,9.0,,27.0,True,3,3.0,30.0,0.9
25,5,Victoria Arlen,Valentin Chmerkovskiy,Athlete,New Hamshire,United States,22,Eliminated Week 9,5,9.0,9.0,9.0,,27.0,True,3,3.0,30.0,0.9
25,6,Victoria Arlen,Valentin Chmerkovskiy,Athlete,New Hamshire,United States,22,Eliminated Week 9,5,8.0,8.0,7.0,8.0,31.0,True,4,4.0,40.0,0.775
25,7,Victoria Arlen,Valentin Chmerkovskiy,Athlete,New Hamshire,United States,22,Eliminated Week 9,5,9.5,9.5,9.5,,28.5,True,3,3.0,30.0,0.95
25,8,Victoria Arlen,Valentin Chmerkovskiy,Athlete,New Hamshire,United States,22,Eliminated Week 9,5,8.0,8.0,8.0,,24.0,True,3,3.0,30.0,0.8
25,9,Victoria Arlen,Valentin Chmerkovskiy,Athlete,New Hamshire,United States,22,Eliminated Week 9,5,9.0,9.5,9.5,,28.0,True,3,3.0,30.0,0.9333333333333333
25,10,Victoria Arlen,Valentin Chmerkovskiy,Athlete,New Hamshire,United States,22,Eliminated Week 9,5,0.0,0.0,0.0,0.0,0.0,False,4,4.0,40.0,
31,1,Vinny Guadagnino,Koko Iwasaki,TV Personality,New York,United States,34,Eliminated Week 8,7,4.0,4.0,5.0,4.0,17.0,True,4,4.0,40.0,0.425
31,2,Vinny Guadagnino,Koko Iwasaki,TV Personality,New York,United States,34,Eliminated Week 8,7,7.0,6.0,7.0,7.0,27.0,True,4,4.0,40.0,0.675
31,3,Vinny Guadagnino,Koko Iwasaki,TV Personality,New York,United States,34,Eliminated Week 8,7,6.0,5.0,6.0,6.0,23.0,True,4,4.0,40.0,0.575
31,4,Vinny Guadagnino,Koko Iwasaki,TV Personality,New York,United States,34,Eliminated Week 8,7,8.0,7.0,7.0,7.0,29.0,True,4,4.0,40.0,0.725
31,5,Vinny Guadagnino,Koko Iwasaki,TV Personality,New York,United States,34,Eliminated Week 8,7,7.75,7.75,7.75,7.75,31.0,True,4,4.0,40.0,0.775
31,6,Vinny Guadagnino,Koko Iwasaki,TV Personality,New York,United States,34,Eliminated Week 8,7,7.0,7.0,7.0,7.0,28.0,True,4,4.0,40.0,0.7
31,7,Vinny Guadagnino,Koko Iwasaki,TV Personality,New York,United States,34,Eliminated Week 8,7,7.5,8.0,8.0,8.0,31.5,True,4,4.0,40.0,0.7875
31,8,Vinny Guadagnino,Koko Iwasaki,TV Personality,New York,United States,34,Eliminated Week 8,7,8.0,7.0,7.0,7.0,29.0,True,4,4.0,40.0,0.725
31,9,Vinny Guadagnino,Koko Iwasaki,TV Personality,New York,United States,34,Eliminated Week 8,7,0.0,0.0,0.0,0.0,0.0,False,4,4.0,40.0,
31,10,Vinny Guadagnino,Koko Iwasaki,TV Personality,New York,United States,34,Eliminated Week 8,7,0.0,0.0,0.0,0.0,0.0,False,4,4.0,40.0,
3,1,Vivica A. Fox,Nick Kosovich,Actor/Actress,Indiana,United States,42,Eliminated Week 4,8,6.0,8.0,8.0,,22.0,True,3,3.0,30.0,0.7333333333333333
3,2,Vivica A. Fox,Nick Kosovich,Actor/Actress,Indiana,United States,42,Eliminated Week 4,8,8.0,8.0,8.0,,24.0,True,3,3.0,30.0,0.8
3,3,Vivica A. Fox,Nick Kosovich,Actor/Actress,Indiana,United States,42,Eliminated Week 4,8,9.0,9.0,9.0,,27.0,True,3,3.0,30.0,0.9
3,4,Vivica A. Fox,Nick Kosovich,Actor/Actress,Indiana,United States,42,Eliminated Week 4,8,8.0,8.0,8.0,,24.0,True,3,3.0,30.0,0.8
3,5,Vivica A. Fox,Nick Kosovich,Actor/Actress,Indiana,United States,42,Eliminated Week 4,8,0.0,0.0,0.0,,0.0,False,3,3.0,30.0,
3,6,Vivica A. Fox,Nick Kosovich,Actor/Actress,Indiana,United States,42,Eliminated Week 4,8,0.0,0.0,0.0,,0.0,False,3,3.0,30.0,
3,7,Vivica A. Fox,Nick Kosovich,Actor/Actress,Indiana,United States,42,Eliminated Week 4,8,0.0,0.0,0.0,,0.0,False,3,3.0,30.0,
3,8,Vivica A. Fox,Nick Kosovich,Actor/Actress,Indiana,United States,42,Eliminated Week 4,8,0.0,0.0,0.0,,0.0,False,3,3.0,30.0,
3,9,Vivica A. Fox,Nick Kosovich,Actor/Actress,Indiana,United States,42,Eliminated Week 4,8,0.0,0.0,0.0,,0.0,False,3,3.0,30.0,
3,10,Vivica A. Fox,Nick Kosovich,Actor/Actress,Indiana,United States,42,Eliminated Week 4,8,0.0,0.0,0.0,,0.0,False,3,3.0,30.0,
22,1,Von Miller,Witney Carson,Athlete,Texas,United States,27,Eliminated Week 7,7,8.0,6.0,7.0,,21.0,True,3,3.0,30.0,0.7
22,2,Von Miller,Witney Carson,Athlete,Texas,United States,27,Eliminated Week 7,7,7.0,6.0,7.0,,20.0,True,3,3.0,30.0,0.6666666666666666
22,3,Von Miller,Witney Carson,Athlete,Texas,United States,27,Eliminated Week 7,7,7.0,6.0,7.0,,20.0,True,3,3.0,30.0,0.6666666666666666
22,4,Von Miller,Witney Carson,Athlete,Texas,United States,27,Eliminated Week 7,7,8.0,8.0,8.0,8.0,32.0,True,4,4.0,40.0,0.8
22,5,Von Miller,Witney Carson,Athlete,Texas,United States,27,Eliminated Week 7,7,8.0,7.0,7.0,7.0,29.0,True,4,4.0,40.0,0.725
22,6,Von Miller,Witney Carson,Athlete,Texas,United States,27,Eliminated Week 7,7,8.0,8.0,8.0,,24.0,True,3,3.0,30.0,0.8
22,7,Von Miller,Witney Carson,Athlete,Texas,United States,27,Eliminated Week 7,7,8.5,8.5,9.0,,26.0,True,3,3.0,30.0,0.8666666666666667
22,8,Von Miller,Witney Carson,Athlete,Texas,United States,27,Eliminated Week 7,7,0.0,0.0,0.0,,0.0,False,3,3.0,30.0,
22,9,Von Miller,Witney Carson,Athlete,Texas,United States,27,Eliminated Week 7,7,0.0,0.0,0.0,,0.0,False,3,3.0,30.0,
22,10,Von Miller,Witney Carson,Athlete,Texas,United States,27,Eliminated Week 7,7,0.0,0.0,0.0,,0.0,False,3,3.0,30.0,
22,1,Wanya Morris,Lindsay Arnold,Singer/Rapper,Pennsylvania,United States,42,Eliminated Week 9,4,8.0,7.0,8.0,,23.0,True,3,3.0,30.0,0.7666666666666667
22,2,Wanya Morris,Lindsay Arnold,Singer/Rapper,Pennsylvania,United States,42,Eliminated Week 9,4,8.0,8.0,8.0,,24.0,True,3,3.0,30.0,0.8
22,3,Wanya Morris,Lindsay Arnold,Singer/Rapper,Pennsylvania,United States,42,Eliminated Week 9,4,8.0,8.0,8.0,,24.0,True,3,3.0,30.0,0.8
22,4,Wanya Morris,Lindsay Arnold,Singer/Rapper,Pennsylvania,United States,42,Eliminated Week 9,4,8.0,9.0,9.0,9.0,35.0,True,4,4.0,40.0,0.875
22,5,Wanya Morris,Lindsay Arnold,Singer/Rapper,Pennsylvania,United States,42,Eliminated Week 9,4,8.0,7.0,7.0,8.0,30.0,True,4,4.0,40.0,0.75
22,6,Wanya Morris,Lindsay Arnold,Singer/Rapper,Pennsylvania,United States,42,Eliminated Week 9,4,10.0,9.0,10.0,,29.0,True,3,3.0,30.0,0.9666666666666667
22,7,Wanya Morris,Lindsay Arnold,Singer/Rapper,Pennsylvania,United States,42,Eliminated Week 9,4,9.0,9.0,9.5,,27.5,True,3,3.0,30.0,0.9166666666666666
22,8,Wanya Morris,Lindsay Arnold,Singer/Rapper,Pennsylvania,United States,42,Eliminated Week 9,4,8.0,8.0,9.0,,25.0,True,3,3.0,30.0,0.8333333333333334
22,9,Wanya Morris,Lindsay Arnold,Singer/Rapper,Pennsylvania,United States,42,Eliminated Week 9,4,10.0,10.0,10.0,,30.0,True,3,3.0,30.0,1.0
22,10,Wanya Morris,Lindsay Arnold,Singer/Rapper,Pennsylvania,United States,42,Eliminated Week 9,4,0.0,0.0,0.0,,0.0,False,3,3.0,30.0,
7,1,Warren Sapp,Kym Johnson,Athlete,Florida,United States,35,2nd Place,2,7.0,7.0,7.5,,21.5,True,3,3.0,30.0,0.7166666666666667
7,2,Warren Sapp,Kym Johnson,Athlete,Florida,United States,35,2nd Place,2,8.0,8.0,8.0,,24.0,True,3,3.0,30.0,0.8
7,3,Warren Sapp,Kym Johnson,Athlete,Florida,United States,35,2nd Place,2,9.0,8.0,8.0,,25.0,True,3,3.0,30.0,0.8333333333333334
7,4,Warren Sapp,Kym Johnson,Athlete,Florida,United States,35,2nd Place,2,8.0,7.0,7.0,,22.0,True,3,3.0,30.0,0.7333333333333333
7,5,Warren Sapp,Kym Johnson,Athlete,Florida,United States,35,2nd Place,2,8.0,8.0,9.0,,25.0,True,3,3.0,30.0,0.8333333333333334
7,6,Warren Sapp,Kym Johnson,Athlete,Florida,United States,35,2nd Place,2,8.0,9.0,8.0,,25.0,True,3,3.0,30.0,0.8333333333333334
7,7,Warren Sapp,Kym Johnson,Athlete,Florida,United States,35,2nd Place,2,7.0,7.0,7.0,,21.0,True,3,3.0,30.0,0.7
7,8,Warren Sapp,Kym Johnson,Athlete,Florida,United States,35,2nd Place,2,9.5,8.5,9.0,,27.0,True,3,3.0,30.0,0.9
7,9,Warren Sapp,Kym Johnson,Athlete,Florida,United States,35,2nd Place,2,8.5,8.0,8.0,,24.5,True,3,3.0,30.0,0.8166666666666667
7,10,Warren Sapp,Kym Johnson,Athlete,Florida,United States,35,2nd Place,2,9.0,9.5,9.0,,27.5,True,3,3.0,30.0,0.9166666666666666
31,1,Wayne Brady,Witney Carson,Comedian,Georgia,United States,50,3rd Place,3,7.0,7.0,7.0,8.0,29.0,True,4,4.0,40.0,0.725
31,2,Wayne Brady,Witney Carson,Comedian,Georgia,United States,50,3rd Place,3,8.0,8.0,8.0,8.0,32.0,True,4,4.0,40.0,0.8
31,3,Wayne Brady,Witney Carson,Comedian,Georgia,United States,50,3rd Place,3,8.0,8.0,8.0,9.0,33.0,True,4,4.0,40.0,0.825
31,4,Wayne Brady,Witney Carson,Comedian,Georgia,United States,50,3rd Place,3,9.0,9.0,9.0,9.0,36.0,True,4,4.0,40.0,0.9
31,5,Wayne Brady,Witney Carson,Comedian,Georgia,United States,50,3rd Place,3,10.125,10.125,10.125,10.625,41.0,True,4,4.0,40.0,1.025
31,6,Wayne Brady,Witney Carson,Comedian,Georgia,United States,50,3rd Place,3,8.0,9.0,8.0,9.0,34.0,True,4,4.0,40.0,0.85
31,7,Wayne Brady,Witney Carson,Comedian,Georgia,United States,50,3rd Place,3,9.5,9.0,9.5,10.0,38.0,True,4,4.0,40.0,0.95
31,8,Wayne Brady,Witney Carson,Comedian,Georgia,United States,50,3rd Place,3,11.25,11.25,11.25,11.25,45.0,True,4,4.0,40.0,1.125
31,9,Wayne Brady,Witney Carson,Comedian,Georgia,United States,50,3rd Place,3,9.5,9.0,9.0,9.0,36.5,True,4,4.0,40.0,0.9125
31,10,Wayne Brady,Witney Carson,Comedian,Georgia,United States,50,3rd Place,3,9.5,9.5,9.5,9.5,38.0,True,4,4.0,40.0,0.95
5,1,Wayne Newton,Cheryl Burke,Singer/Rapper,Virginia,United States,65,Eliminated Week 3,10,6.0,7.0,6.0,,19.0,True,3,3.0,30.0,0.6333333333333333
5,2,Wayne Newton,Cheryl Burke,Singer/Rapper,Virginia,United States,65,Eliminated Week 3,10,5.0,5.0,5.0,,15.0,True,3,3.0,30.0,0.5
5,3,Wayne Newton,Cheryl Burke,Singer/Rapper,Virginia,United States,65,Eliminated Week 3,10,6.0,6.0,6.0,,18.0,True,3,3.0,30.0,0.6
5,4,Wayne Newton,Cheryl Burke,Singer/Rapper,Virginia,United States,65,Eliminated Week 3,10,0.0,0.0,0.0,,0.0,False,3,3.0,30.0,
5,5,Wayne Newton,Cheryl Burke,Singer/Rapper,Virginia,United States,65,Eliminated Week 3,10,0.0,0.0,0.0,,0.0,False,3,3.0,30.0,
5,6,Wayne Newton,Cheryl Burke,Singer/Rapper,Virginia,United States,65,Eliminated Week 3,10,0.0,0.0,0.0,,0.0,False,3,3.0,30.0,
5,7,Wayne Newton,Cheryl Burke,Singer/Rapper,Virginia,United States,65,Eliminated Week 3,10,0.0,0.0,0.0,,0.0,False,3,3.0,30.0,
5,8,Wayne Newton,Cheryl Burke,Singer/Rapper,Virginia,United States,65,Eliminated Week 3,10,0.0,0.0,0.0,,0.0,False,3,3.0,30.0,
5,9,Wayne Newton,Cheryl Burke,Singer/Rapper,Virginia,United States,65,Eliminated Week 3,10,0.0,0.0,0.0,,0.0,False,3,3.0,30.0,
5,10,Wayne Newton,Cheryl Burke,Singer/Rapper,Virginia,United States,65,Eliminated Week 3,10,0.0,0.0,0.0,,0.0,False,3,3.0,30.0,
12,1,Wendy Williams,Tony Dovolani,TV Personality,New Jersey,United States,46,Eliminated Week 3,10,5.0,4.0,5.0,,14.0,True,3,3.0,30.0,0.4666666666666667
12,2,Wendy Williams,Tony Dovolani,TV Personality,New Jersey,United States,46,Eliminated Week 3,10,6.0,5.0,6.0,,17.0,True,3,3.0,30.0,0.5666666666666667
12,3,Wendy Williams,Tony Dovolani,TV Personality,New Jersey,United States,46,Eliminated Week 3,10,5.0,5.0,5.0,,15.0,True,3,3.0,30.0,0.5
12,4,Wendy Williams,Tony Dovolani,TV Personality,New Jersey,United States,46,Eliminated Week 3,10,0.0,0.0,0.0,,0.0,False,3,3.0,30.0,
12,5,Wendy Williams,Tony Dovolani,TV Personality,New Jersey,United States,46,Eliminated Week 3,10,0.0,0.0,0.0,,0.0,False,3,3.0,30.0,
12,6,Wendy Williams,Tony Dovolani,TV Personality,New Jersey,United States,46,Eliminated Week 3,10,0.0,0.0,0.0,,0.0,False,3,3.0,30.0,
12,7,Wendy Williams,Tony Dovolani,TV Personality,New Jersey,United States,46,Eliminated Week 3,10,0.0,0.0,0.0,0.0,0.0,False,4,4.0,40.0,
12,8,Wendy Williams,Tony Dovolani,TV Personality,New Jersey,United States,46,Eliminated Week 3,10,0.0,0.0,0.0,,0.0,False,3,3.0,30.0,
12,9,Wendy Williams,Tony Dovolani,TV Personality,New Jersey,United States,46,Eliminated Week 3,10,0.0,0.0,0.0,,0.0,False,3,3.0,30.0,
12,10,Wendy Williams,Tony Dovolani,TV Personality,New Jersey,United States,46,Eliminated Week 3,10,0.0,0.0,0.0,,0.0,False,3,3.0,30.0,
34,1,Whitney Leavitt,Mark Ballas,TV Personality,Utah,United States,32,Eliminated Week 10,6,7.0,8.0,,,15.0,True,2,2.0,20.0,0.75
34,2,Whitney Leavitt,Mark Ballas,TV Personality,Utah,United States,32,Eliminated Week 10,6,7.0,7.0,8.0,,22.0,True,3,3.0,30.0,0.7333333333333333
34,3,Whitney Leavitt,Mark Ballas,TV Personality,Utah,United States,32,Eliminated Week 10,6,8.0,8.0,8.0,,24.0,True,3,3.0,30.0,0.8
34,4,Whitney Leavitt,Mark Ballas,TV Personality,Utah,United States,32,Eliminated Week 10,6,9.0,8.0,8.0,,25.0,True,3,3.0,30.0,0.8333333333333334
34,5,Whitney Leavitt,Mark Ballas,TV Personality,Utah,United States,32,Eliminated Week 10,6,9.0,8.0,8.0,8.0,33.0,True,4,4.0,40.0,0.825
34,6,Whitney Leavitt,Mark Ballas,TV Personality,Utah,United States,32,Eliminated Week 10,6,10.0,9.0,10.0,10.0,39.0,True,4,4.0,40.0,0.975
34,7,Whitney Leavitt,Mark Ballas,TV Personality,Utah,United States,32,Eliminated Week 10,6,10.25,10.25,10.25,11.25,42.0,True,4,4.0,40.0,1.05
34,8,Whitney Leavitt,Mark Ballas,TV Personality,Utah,United States,32,Eliminated Week 10,6,9.5,10.0,10.0,10.0,39.5,True,4,4.0,40.0,0.9875
34,9,Whitney Leavitt,Mark Ballas,TV Personality,Utah,United States,32,Eliminated Week 10,6,10.5,10.5,10.5,10.5,42.0,True,4,4.0,40.0,1.05
34,10,Whitney Leavitt,Mark Ballas,TV Personality,Utah,United States,32,Eliminated Week 10,6,9.0,10.0,10.0,,29.0,True,3,3.0,30.0,0.9666666666666667
34,11,Whitney Leavitt,Mark Ballas,TV Personality,Utah,United States,32,Eliminated Week 10,6,0.0,0.0,0.0,,0.0,False,3,3.0,30.0,
3,1,Willa Ford,Maksim Chmerkoskiy,Singer/Rapper,Florida,United States,25,Eliminated Week 5,7,7.0,7.0,8.0,,22.0,True,3,3.0,30.0,0.7333333333333333
3,2,Willa Ford,Maksim Chmerkoskiy,Singer/Rapper,Florida,United States,25,Eliminated Week 5,7,7.0,8.0,8.0,,23.0,True,3,3.0,30.0,0.7666666666666667
3,3,Willa Ford,Maksim Chmerkoskiy,Singer/Rapper,Florida,United States,25,Eliminated Week 5,7,7.0,7.0,8.0,,22.0,True,3,3.0,30.0,0.7333333333333333
3,4,Willa Ford,Maksim Chmerkoskiy,Singer/Rapper,Florida,United States,25,Eliminated Week 5,7,9.0,9.0,10.0,,28.0,True,3,3.0,30.0,0.9333333333333333
3,5,Willa Ford,Maksim Chmerkoskiy,Singer/Rapper,Florida,United States,25,Eliminated Week 5,7,9.0,9.0,9.0,,27.0,True,3,3.0,30.0,0.9
3,6,Willa Ford,Maksim Chmerkoskiy,Singer/Rapper,Florida,United States,25,Eliminated Week 5,7,0.0,0.0,0.0,,0.0,False,3,3.0,30.0,
3,7,Willa Ford,Maksim Chmerkoskiy,Singer/Rapper,Florida,United States,25,Eliminated Week 5,7,0.0,0.0,0.0,,0.0,False,3,3.0,30.0,
3,8,Willa Ford,Maksim Chmerkoskiy,Singer/Rapper,Florida,United States,25,Eliminated Week 5,7,0.0,0.0,0.0,,0.0,False,3,3.0,30.0,
3,9,Willa Ford,Maksim Chmerkoskiy,Singer/Rapper,Florida,United States,25,Eliminated Week 5,7,0.0,0.0,0.0,,0.0,False,3,3.0,30.0,
3,10,Willa Ford,Maksim Chmerkoskiy,Singer/Rapper,Florida,United States,25,Eliminated Week 5,7,0.0,0.0,0.0,,0.0,False,3,3.0,30.0,
20,1,Willow Shields,Mark Ballas,Actor/Actress,New Mexico,United States,14,Eliminated Week 7,7,6.0,6.0,6.0,7.0,25.0,True,4,4.0,40.0,0.625
20,2,Willow Shields,Mark Ballas,Actor/Actress,New Mexico,United States,14,Eliminated Week 7,7,8.0,8.0,8.0,8.0,32.0,True,4,4.0,40.0,0.8
20,3,Willow Shields,Mark Ballas,Actor/Actress,New Mexico,United States,14,Eliminated Week 7,7,8.0,8.0,8.0,8.0,32.0,True,4,4.0,40.0,0.8
20,4,Willow Shields,Mark Ballas,Actor/Actress,New Mexico,United States,14,Eliminated Week 7,7,10.0,9.0,10.0,10.0,39.0,True,4,4.0,40.0,0.975
20,5,Willow Shields,Mark Ballas,Actor/Actress,New Mexico,United States,14,Eliminated Week 7,7,8.0,8.0,9.0,9.0,34.0,True,4,4.0,40.0,0.85
20,6,Willow Shields,Mark Ballas,Actor/Actress,New Mexico,United States,14,Eliminated Week 7,7,9.5,8.5,9.0,9.5,36.5,True,4,4.0,40.0,0.9125
20,7,Willow Shields,Mark Ballas,Actor/Actress,New Mexico,United States,14,Eliminated Week 7,7,9.5,9.5,9.5,10.5,39.0,True,4,4.0,40.0,0.975
20,8,Willow Shields,Mark Ballas,Actor/Actress,New Mexico,United States,14,Eliminated Week 7,7,0.0,0.0,0.0,0.0,0.0,False,4,4.0,40.0,
20,9,Willow Shields,Mark Ballas,Actor/Actress,New Mexico,United States,14,Eliminated Week 7,7,0.0,0.0,0.0,0.0,0.0,False,4,4.0,40.0,
20,10,Willow Shields,Mark Ballas,Actor/Actress,New Mexico,United States,14,Eliminated Week 7,7,0.0,0.0,0.0,0.0,0.0,False,4,4.0,40.0,
16,1,Wynonna Judd,Tony Dovolani,Singer/Rapper,Kentucky,United States,48,Eliminated Week 3,11,6.0,6.0,6.0,,18.0,True,3,3.0,30.0,0.6
16,2,Wynonna Judd,Tony Dovolani,Singer/Rapper,Kentucky,United States,48,Eliminated Week 3,11,6.0,6.0,6.0,,18.0,True,3,3.0,30.0,0.6
16,3,Wynonna Judd,Tony Dovolani,Singer/Rapper,Kentucky,United States,48,Eliminated Week 3,11,5.0,5.0,5.0,,15.0,True,3,3.0,30.0,0.5
16,4,Wynonna Judd,Tony Dovolani,Singer/Rapper,Kentucky,United States,48,Eliminated Week 3,11,0.0,0.0,0.0,,0.0,False,3,3.0,30.0,
16,5,Wynonna Judd,Tony Dovolani,Singer/Rapper,Kentucky,United States,48,Eliminated Week 3,11,0.0,0.0,0.0,,0.0,False,3,3.0,30.0,
16,6,Wynonna Judd,Tony Dovolani,Singer/Rapper,Kentucky,United States,48,Eliminated Week 3,11,0.0,0.0,0.0,,0.0,False,3,3.0,30.0,
16,7,Wynonna Judd,Tony Dovolani,Singer/Rapper,Kentucky,United States,48,Eliminated Week 3,11,0.0,0.0,0.0,,0.0,False,3,3.0,30.0,
16,8,Wynonna Judd,Tony Dovolani,Singer/Rapper,Kentucky,United States,48,Eliminated Week 3,11,0.0,0.0,0.0,,0.0,False,3,3.0,30.0,
16,9,Wynonna Judd,Tony Dovolani,Singer/Rapper,Kentucky,United States,48,Eliminated Week 3,11,0.0,0.0,0.0,,0.0,False,3,3.0,30.0,
16,10,Wynonna Judd,Tony Dovolani,Singer/Rapper,Kentucky,United States,48,Eliminated Week 3,11,0.0,0.0,0.0,,0.0,False,3,3.0,30.0,
32,1,Xochitl Gomez,Valentin Chmerkovskiy,Actor/Actress,California,United States,17,1st Place,1,6.0,6.0,6.0,,18.0,True,3,3.0,30.0,0.6
32,2,Xochitl Gomez,Valentin Chmerkovskiy,Actor/Actress,California,United States,17,1st Place,1,8.0,8.0,8.0,,24.0,True,3,3.0,30.0,0.8
32,3,Xochitl Gomez,Valentin Chmerkovskiy,Actor/Actress,California,United States,17,1st Place,1,8.0,8.0,8.0,8.0,32.0,True,4,4.0,40.0,0.8
32,4,Xochitl Gomez,Valentin Chmerkovskiy,Actor/Actress,California,United States,17,1st Place,1,9.0,9.0,9.0,,27.0,True,3,3.0,30.0,0.9
32,5,Xochitl Gomez,Valentin Chmerkovskiy,Actor/Actress,California,United States,17,1st Place,1,9.0,10.0,9.0,,28.0,True,3,3.0,30.0,0.9333333333333333
32,6,Xochitl Gomez,Valentin Chmerkovskiy,Actor/Actress,California,United States,17,1st Place,1,10.25,10.25,11.25,10.25,42.0,True,4,4.0,40.0,1.05
32,7,Xochitl Gomez,Valentin Chmerkovskiy,Actor/Actress,California,United States,17,1st Place,1,9.5,9.0,9.5,9.0,37.0,True,4,4.0,40.0,0.925
32,8,Xochitl Gomez,Valentin Chmerkovskiy,Actor/Actress,California,United States,17,1st Place,1,10.0,10.0,10.0,10.0,40.0,True,4,4.0,40.0,1.0
32,9,Xochitl Gomez,Valentin Chmerkovskiy,Actor/Actress,California,United States,17,1st Place,1,9.75,9.75,10.75,10.75,41.0,True,4,4.0,40.0,1.025
32,10,Xochitl Gomez,Valentin Chmerkovskiy,Actor/Actress,California,United States,17,1st Place,1,10.0,10.0,10.0,,30.0,True,3,3.0,30.0,1.0
32,11,Xochitl Gomez,Valentin Chmerkovskiy,Actor/Actress,California,United States,17,1st Place,1,10.0,10.0,10.0,,30.0,True,3,3.0,30.0,1.0
16,1,Zendaya,Valentin Chmerkovskiy,Actor/Actress,California,United States,16,2nd Place,2,8.0,8.0,8.0,,24.0,True,3,3.0,30.0,0.8
16,2,Zendaya,Valentin Chmerkovskiy,Actor/Actress,California,United States,16,2nd Place,2,9.0,8.0,9.0,,26.0,True,3,3.0,30.0,0.8666666666666667
16,3,Zendaya,Valentin Chmerkovskiy,Actor/Actress,California,United States,16,2nd Place,2,8.6666,8.6666,8.6666,,25.9998,True,3,3.0,30.0,0.86666
16,4,Zendaya,Valentin Chmerkovskiy,Actor/Actress,California,United States,16,2nd Place,2,9.0,8.0,9.0,,26.0,True,3,3.0,30.0,0.8666666666666667
16,5,Zendaya,Valentin Chmerkovskiy,Actor/Actress,California,United States,16,2nd Place,2,10.0,9.0,10.0,,29.0,True,3,3.0,30.0,0.9666666666666667
16,6,Zendaya,Valentin Chmerkovskiy,Actor/Actress,California,United States,16,2nd Place,2,8.5,8.5,8.5,,25.5,True,3,3.0,30.0,0.85
16,7,Zendaya,Valentin Chmerkovskiy,Actor/Actress,California,United States,16,2nd Place,2,10.0,10.0,10.0,,30.0,True,3,3.0,30.0,1.0
16,8,Zendaya,Valentin Chmerkovskiy,Actor/Actress,California,United States,16,2nd Place,2,9.5,10.0,9.5,,29.0,True,3,3.0,30.0,0.9666666666666667
16,9,Zendaya,Valentin Chmerkovskiy,Actor/Actress,California,United States,16,2nd Place,2,9.0,9.0,9.5,,27.5,True,3,3.0,30.0,0.9166666666666666
16,10,Zendaya,Valentin Chmerkovskiy,Actor/Actress,California,United States,16,2nd Place,2,10.0,10.0,10.0,,30.0,True,3,3.0,30.0,1.0
