season,week,celebrity_name,rule_type,judge_raw,judge_metric,fan_vote_mean,fan_vote_share_pct,ci_low,ci_high,abc_accept_rate,feasible_min,feasible_max,slack_min,is_noisy,week_type,n_active,is_eliminated_this_week
1,1,Evander Holyfield,rank,18.0,4.0,3.503,16.654662925153616,1.0,6.0,1.0,1.0,6.0,0.0,False,no_elimination,6,False
1,1,Joey McIntyre,rank,20.0,1.0,3.4951,16.686270120212118,1.0,6.0,1.0,1.0,6.0,0.0,False,no_elimination,6,False
1,1,John O'Hurley,rank,20.0,1.0,3.4962,16.681865526332356,1.0,6.0,1.0,1.0,6.0,0.0,False,no_elimination,6,False
1,1,Kelly Monaco,rank,13.0,6.0,3.4975,16.676661596143465,1.0,6.0,1.0,1.0,6.0,0.0,False,no_elimination,6,False
1,1,Rachel Hunter,rank,20.0,1.0,3.5015,16.660659683158343,1.0,6.0,1.0,1.0,6.0,0.0,False,no_elimination,6,False
1,1,Trista Sutter,rank,18.0,4.0,3.5067,16.639880149000096,1.0,6.0,1.0,1.0,6.0,0.0,False,no_elimination,6,False
1,2,Evander Holyfield,rank,14.0,6.0,1.8993089832181638,23.544058943570104,1.0,3.0,0.1013,1.0,4.0,0.0,False,single_elimination,6,False
1,2,Joey McIntyre,rank,21.0,3.0,3.409674234945706,16.385320688919283,1.0,5.0,0.1013,1.0,6.0,0.0,False,single_elimination,6,False
1,2,John O'Hurley,rank,26.0,1.0,3.684106614017769,15.34089415088659,1.0,6.0,0.1013,1.0,6.0,0.0,False,single_elimination,6,False
1,2,Kelly Monaco,rank,17.0,5.0,2.588351431391905,19.955470712376403,1.0,4.0,0.1013,1.0,5.0,0.0,False,single_elimination,6,False
1,2,Rachel Hunter,rank,24.0,2.0,3.646594274432379,15.479631215445302,1.0,6.0,0.1013,1.0,6.0,0.0,False,single_elimination,6,False
1,2,Trista Sutter,rank,19.0,4.0,5.771964461994077,9.294624288802328,5.0,6.0,0.1013,3.0,6.0,0.0,False,single_elimination,6,True
1,3,Evander Holyfield,rank,13.0,5.0,3.832208293153327,15.445745009136875,2.0,5.0,0.6222,1.0,5.0,0.0,False,single_elimination,5,True
1,3,Joey McIntyre,rank,22.0,3.0,2.831565413050466,20.85359646101204,1.0,5.0,0.6222,1.0,5.0,0.0,False,single_elimination,5,False
1,3,John O'Hurley,rank,24.0,2.0,2.918836387013822,20.31470754484455,1.0,5.0,0.6222,1.0,5.0,0.0,False,single_elimination,5,False
1,3,Kelly Monaco,rank,21.0,4.0,2.4681774349083896,23.25552687755493,1.0,5.0,0.6222,1.0,5.0,0.0,False,single_elimination,5,False
1,3,Rachel Hunter,rank,26.0,1.0,2.9492124718739956,20.13042410745161,1.0,5.0,0.6222,1.0,5.0,0.0,False,single_elimination,5,False
1,4,Joey McIntyre,rank,20.0,4.0,1.0,41.30792076435934,1.0,1.0,0.0411,1.0,2.0,0.0,False,single_elimination,4,False
1,4,John O'Hurley,rank,21.0,3.0,2.0,27.689527348401892,2.0,2.0,0.0411,1.0,3.0,0.0,False,single_elimination,4,False
1,4,Kelly Monaco,rank,26.0,1.0,3.0,18.56084524688585,3.0,3.0,0.0411,1.0,4.0,0.0,False,single_elimination,4,False
1,4,Rachel Hunter,rank,25.0,2.0,4.0,12.441706640352903,4.0,4.0,0.0411,3.0,4.0,0.0,False,single_elimination,4,True
1,5,Joey McIntyre,rank,22.5,3.0,1.989,33.55369316406089,1.0,3.0,1.0,1.0,3.0,0.0,False,no_elimination,3,False
1,5,John O'Hurley,rank,27.0,1.0,2.0048,33.23710714158462,1.0,3.0,1.0,1.0,3.0,0.0,False,no_elimination,3,False
1,5,Kelly Monaco,rank,23.5,2.0,2.0062,33.20919969435449,1.0,3.0,1.0,1.0,3.0,0.0,False,no_elimination,3,False
1,6,John O'Hurley,rank,27.0,2.0,1.4915,50.50998231393602,1.0,2.0,1.0,1.0,2.0,0.0,False,no_elimination,2,False
1,6,Kelly Monaco,rank,27.5,1.0,1.5085,49.49001768606397,1.0,2.0,1.0,1.0,2.0,0.0,False,no_elimination,2,False
2,1,Drew Lachey,rank,24.0,1.0,5.3811914323962515,10.054332501755804,1.0,10.0,0.2988,1.0,10.0,0.0,False,single_elimination,10,False
2,1,George Hamilton,rank,18.0,8.0,4.382195448460509,11.486852274385468,1.0,9.0,0.2988,1.0,10.0,0.0,False,single_elimination,10,False
2,1,Giselle Fernandez,rank,23.0,2.0,5.502342704149933,9.89322454467119,1.0,10.0,0.2988,1.0,10.0,0.0,False,single_elimination,10,False
2,1,Jerry Rice,rank,21.0,5.0,5.337684069611781,10.112826999370657,1.0,10.0,0.2988,1.0,10.0,0.0,False,single_elimination,10,False
2,1,Kenny Mayne,rank,13.0,9.0,8.68607764390897,6.4711390333166365,6.0,10.0,0.2988,2.0,10.0,0.0,False,single_elimination,10,True
2,1,Lisa Rinna,rank,19.0,7.0,5.158299866131191,10.357620322172194,1.0,10.0,0.2988,1.0,10.0,0.0,False,single_elimination,10,False
2,1,Master P,rank,12.0,10.0,4.345716198125837,11.542859271477731,1.0,9.0,0.2988,1.0,9.0,0.0,False,single_elimination,10,False
2,1,Stacy Keibler,rank,22.0,4.0,5.403279785809906,10.024764909803908,1.0,10.0,0.2988,1.0,10.0,0.0,False,single_elimination,10,False
2,1,Tatum O'Neal,rank,23.0,2.0,5.517068273092369,9.873819153254335,1.0,10.0,0.2988,1.0,10.0,0.0,False,single_elimination,10,False
2,1,Tia Carrere,rank,20.0,6.0,5.286144578313253,10.182560989792076,1.0,10.0,0.2988,1.0,10.0,0.0,False,single_elimination,10,False
2,2,Drew Lachey,rank,27.0,2.0,4.970327552986513,11.00868753781325,1.0,9.0,0.2595,1.0,9.0,0.0,False,single_elimination,9,False
2,2,George Hamilton,rank,22.0,5.0,4.794219653179191,11.303370122982773,1.0,9.0,0.2595,1.0,9.0,0.0,False,single_elimination,9,False
2,2,Giselle Fernandez,rank,24.0,3.0,4.976493256262042,10.998510799423162,1.0,9.0,0.2595,1.0,9.0,0.0,False,single_elimination,9,False
2,2,Jerry Rice,rank,23.0,4.0,4.973795761078998,11.002961964372448,1.0,9.0,0.2595,1.0,9.0,0.0,False,single_elimination,9,False
2,2,Lisa Rinna,rank,20.0,7.0,4.025433526011561,12.684982853051716,1.0,8.0,0.2595,1.0,9.0,0.0,False,single_elimination,9,False
2,2,Master P,rank,16.0,9.0,3.3830443159922927,13.968114869197903,1.0,7.0,0.2595,1.0,8.0,0.0,False,single_elimination,9,False
2,2,Stacy Keibler,rank,29.0,1.0,4.923314065510597,11.086595438153562,1.0,9.0,0.2595,1.0,9.0,0.0,False,single_elimination,9,False
2,2,Tatum O'Neal,rank,17.0,8.0,7.865125240847784,7.131097032382307,5.0,9.0,0.2595,2.0,9.0,0.0,False,single_elimination,9,True
2,2,Tia Carrere,rank,22.0,5.0,5.088246628131021,10.815679382622898,1.0,9.0,0.2595,1.0,9.0,0.0,False,single_elimination,9,False
2,3,Drew Lachey,rank,27.0,1.0,4.668562144597888,11.87237750737043,1.0,8.0,0.1231,1.0,8.0,0.0,False,single_elimination,8,False
2,3,George Hamilton,rank,22.0,5.0,4.064175467099918,13.168447519796613,1.0,7.0,0.1231,1.0,7.0,0.0,False,single_elimination,8,False
2,3,Giselle Fernandez,rank,22.0,5.0,7.521527213647441,7.280028360865269,6.0,8.0,0.1231,4.0,8.0,0.0,False,single_elimination,8,True
2,3,Jerry Rice,rank,19.0,7.0,3.393988627132413,14.771694286822509,1.0,6.0,0.1231,1.0,6.0,0.0,False,single_elimination,8,False
2,3,Lisa Rinna,rank,25.0,4.0,4.413484971567831,12.403044906264359,1.0,8.0,0.1231,1.0,8.0,0.0,False,single_elimination,8,False
2,3,Master P,rank,14.0,8.0,2.8050365556458163,16.34097918994636,1.0,5.0,0.1231,1.0,5.0,0.0,False,single_elimination,8,False
2,3,Stacy Keibler,rank,27.0,1.0,4.5564581640942325,12.102745277130287,1.0,8.0,0.1231,1.0,8.0,0.0,False,single_elimination,8,False
2,3,Tia Carrere,rank,26.0,3.0,4.5767668562144594,12.06068295180417,1.0,8.0,0.1231,1.0,8.0,0.0,False,single_elimination,8,False
2,4,Drew Lachey,rank,28.0,1.0,3.974448897795591,14.173441926262337,1.0,7.0,0.3992,1.0,7.0,0.0,False,single_elimination,7,False
2,4,George Hamilton,rank,21.0,6.0,2.9140781563126255,17.521769422622274,1.0,6.0,0.3992,1.0,7.0,0.0,False,single_elimination,7,False
2,4,Jerry Rice,rank,24.0,5.0,3.466182364729459,15.689994766166016,1.0,7.0,0.3992,1.0,7.0,0.0,False,single_elimination,7,False
2,4,Lisa Rinna,rank,26.0,2.0,3.9230961923847696,14.319760945399395,1.0,7.0,0.3992,1.0,7.0,0.0,False,single_elimination,7,False
2,4,Master P,rank,8.0,7.0,5.838426853707415,9.76275207301338,3.0,7.0,0.3992,1.0,7.0,0.0,False,single_elimination,7,True
2,4,Stacy Keibler,rank,26.0,2.0,3.9245991983967934,14.31545705495079,1.0,7.0,0.3992,1.0,7.0,0.0,False,single_elimination,7,False
2,4,Tia Carrere,rank,25.0,4.0,3.9591683366733466,14.216823811585813,1.0,7.0,0.3992,1.0,7.0,0.0,False,single_elimination,7,False
2,5,Drew Lachey,rank,27.0,2.0,3.4273204903677756,16.686238678870087,1.0,6.0,0.3997,1.0,6.0,0.0,False,single_elimination,6,False
2,5,George Hamilton,rank,24.0,4.0,3.0800600450337754,18.136506766672625,1.0,6.0,0.3997,1.0,6.0,0.0,False,single_elimination,6,False
2,5,Jerry Rice,rank,23.0,5.0,2.6014510883162374,20.344141938335817,1.0,5.0,0.3997,1.0,6.0,0.0,False,single_elimination,6,False
2,5,Lisa Rinna,rank,25.0,3.0,3.3400050037528146,17.03960031280157,1.0,6.0,0.3997,1.0,6.0,0.0,False,single_elimination,6,False
2,5,Stacy Keibler,rank,30.0,1.0,3.4258193645233925,16.692251316482473,1.0,6.0,0.3997,1.0,6.0,0.0,False,single_elimination,6,False
2,5,Tia Carrere,rank,22.0,6.0,5.125344008006005,11.10126098683742,3.0,6.0,0.3997,1.0,6.0,0.0,False,single_elimination,6,True
2,6,Drew Lachey,rank,30.0,1.0,2.9746685606060606,19.740667643572106,1.0,5.0,0.4224,1.0,5.0,0.0,False,single_elimination,5,False
2,6,George Hamilton,rank,23.0,4.0,4.272964015151516,13.372391141731283,3.0,5.0,0.4224,2.0,5.0,0.0,False,single_elimination,5,True
2,6,Jerry Rice,rank,23.0,4.0,2.162405303030303,25.187802072023903,1.0,4.0,0.4224,1.0,4.0,0.0,False,single_elimination,5,False
2,6,Lisa Rinna,rank,27.0,3.0,2.6661931818181817,21.6547205281333,1.0,5.0,0.4224,1.0,5.0,0.0,False,single_elimination,5,False
2,6,Stacy Keibler,rank,30.0,1.0,2.9237689393939394,20.044418614539403,1.0,5.0,0.4224,1.0,5.0,0.0,False,single_elimination,5,False
2,7,Drew Lachey,rank,27.5,1.0,2.48390989541432,23.840132462649542,1.0,4.0,0.2486,1.0,4.0,0.0,False,single_elimination,4,False
2,7,Jerry Rice,rank,20.5,4.0,1.33869670152856,37.69229421399595,1.0,2.0,0.2486,1.0,3.0,0.0,False,single_elimination,4,False
2,7,Lisa Rinna,rank,26.5,3.0,3.674577634754626,14.807048283309962,3.0,4.0,0.2486,2.0,4.0,0.0,False,single_elimination,4,True
2,7,Stacy Keibler,rank,27.5,1.0,2.502815768302494,23.660525040044543,1.0,4.0,0.2486,1.0,4.0,0.0,False,single_elimination,4,False
2,8,Drew Lachey,rank,28.9998,1.0,2.0107,33.11892410351395,1.0,3.0,1.0,1.0,3.0,0.0,False,no_elimination,3,False
2,8,Jerry Rice,rank,26.666600000000003,3.0,2.0084,33.164659769127816,1.0,3.0,1.0,1.0,3.0,0.0,False,no_elimination,3,False
2,8,Stacy Keibler,rank,28.6665,2.0,1.9809,33.71641612735824,1.0,3.0,1.0,1.0,3.0,0.0,False,no_elimination,3,False
3,1,Emmitt Smith,percent,24.0,0.11320754716981132,0.09442521470234891,9.442521470234897,0.002369704877200766,0.3175567093448325,0.3301,0.0,1.0,0.0,False,single_elimination,11,False
3,1,Harry Hamlin,percent,17.0,0.08018867924528301,0.10131450639036575,10.131450639036583,0.004239692800201629,0.32896664104039985,0.3301,0.0,1.0,0.0,False,single_elimination,11,False
3,1,Jerry Springer,percent,16.0,0.07547169811320754,0.10033051587686591,10.033051587686598,0.004981541199059801,0.3306283504957747,0.3301,0.0,1.0,0.0,False,single_elimination,11,False
3,1,Joey Lawrence,percent,21.0,0.09905660377358491,0.09662514061867276,9.662514061867283,0.002969494030260785,0.32900880364361396,0.3301,0.0,1.0,0.0,False,single_elimination,11,False
3,1,Mario Lopez,percent,26.0,0.12264150943396226,0.0941888459843544,9.418884598435447,0.00269901786617274,0.3236472171177348,0.3301,0.0,1.0,0.0,False,single_elimination,11,False
3,1,Monique Coleman,percent,19.0,0.08962264150943396,0.09753679009486776,9.753679009486783,0.002936471876991106,0.32694006301237744,0.3301,0.0,1.0,0.0,False,single_elimination,11,False
3,1,Sara Evans,percent,15.0,0.07075471698113207,0.1045803679910092,10.458036799100928,0.0057711802138781035,0.34161234708396426,0.3301,0.0,1.0,0.0,False,single_elimination,11,False
3,1,Shanna Moakler,percent,18.0,0.08490566037735849,0.09781168916091598,9.781168916091605,0.003552252480807255,0.3245345151944803,0.3301,0.0,1.0,0.0,False,single_elimination,11,False
3,1,Tucker Carlson,percent,12.0,0.05660377358490566,0.019852987667169,1.9852987667169013,0.0007265422072759295,0.053319542182480945,0.3301,0.0,0.12521440823327618,0.0,False,single_elimination,11,True
3,1,Vivica A. Fox,percent,22.0,0.10377358490566038,0.09463406653437753,9.46340665343776,0.0021929735184034183,0.3190807248929466,0.3301,0.0,1.0,0.0,False,single_elimination,11,False
3,1,Willa Ford,percent,22.0,0.10377358490566038,0.0986998749790521,9.869987497905216,0.002722471626144712,0.3320501685659289,0.3301,0.0,1.0,0.0,False,single_elimination,11,False
3,2,Emmitt Smith,percent,24.0,0.10434782608695652,0.10826169175653834,10.82616917565383,0.004741019783025317,0.3466528566657213,0.1106,0.0,0.9739130434782609,0.0,False,single_elimination,10,False
3,2,Harry Hamlin,percent,21.0,0.09130434782608696,0.11562808436123122,11.562808436123117,0.014323024847621497,0.3454715253397797,0.1106,0.004347826086956524,0.9782608695652174,0.0,False,single_elimination,10,False
3,2,Jerry Springer,percent,19.0,0.08260869565217391,0.1226447353130394,12.264473531303935,0.023022250951709962,0.3415928656932799,0.1106,0.013043478260869573,0.9869565217391305,0.0,False,single_elimination,10,False
3,2,Joey Lawrence,percent,29.0,0.12608695652173912,0.10203549964909911,10.203549964909907,0.0024213682413009104,0.3429625370631262,0.1106,0.0,0.9739130434782609,0.0,False,single_elimination,10,False
3,2,Mario Lopez,percent,21.0,0.09130434782608696,0.11714786010147848,11.714786010147844,0.015231017825433471,0.37340735976905726,0.1106,0.004347826086956524,0.9782608695652174,0.0,False,single_elimination,10,False
3,2,Monique Coleman,percent,26.0,0.11304347826086956,0.1017956250055512,10.179562500555116,0.0036796827616282107,0.33935773663623114,0.1106,0.0,0.9739130434782609,0.0,False,single_elimination,10,False
3,2,Sara Evans,percent,21.0,0.09130434782608696,0.11184826454858625,11.18482645485862,0.014270876007057759,0.33441135401003125,0.1106,0.004347826086956524,0.9782608695652174,0.0,False,single_elimination,10,False
3,2,Shanna Moakler,percent,22.0,0.09565217391304348,0.011667153337640505,1.1667153337640501,0.000332061584079136,0.03648847401835913,0.1106,0.0,0.10434782608695653,0.0,False,single_elimination,10,True
3,2,Vivica A. Fox,percent,24.0,0.10434782608695652,0.1026146740129597,10.261467401295967,0.005489436313090337,0.3379219235662096,0.1106,0.0,0.9739130434782609,0.0,False,single_elimination,10,False
3,2,Willa Ford,percent,23.0,0.1,0.10635641191387617,10.635641191387613,0.006336612655140177,0.35168299398755604,0.1106,0.0,0.9739130434782609,0.0,False,single_elimination,10,False
3,3,Emmitt Smith,percent,19.0,0.09178743961352658,0.14006493040895465,14.006493040895457,0.02615619385015115,0.41741969583794214,0.1243,0.0144927536231884,0.9951690821256038,0.0,False,single_elimination,9,False
3,3,Harry Hamlin,percent,22.0,0.10628019323671498,0.014504411138410707,1.4504411138410696,0.00048515551916037205,0.04486729403300781,0.1243,0.0,0.11594202898550728,0.0,False,single_elimination,9,True
3,3,Jerry Springer,percent,21.0,0.10144927536231885,0.13073710582339984,13.073710582339976,0.01654540618846445,0.36885466279812273,0.1243,0.004830917874396129,0.9855072463768116,0.0,False,single_elimination,9,False
3,3,Joey Lawrence,percent,22.0,0.10628019323671498,0.12431029788514014,12.431029788514007,0.012010521444009417,0.3680393795750917,0.1243,0.0,0.9806763285024155,0.0,False,single_elimination,9,False
3,3,Mario Lopez,percent,22.0,0.10628019323671498,0.12486681572099434,12.486681572099426,0.01313400966690526,0.3716169077907164,0.1243,0.0,0.9806763285024155,0.0,False,single_elimination,9,False
3,3,Monique Coleman,percent,27.0,0.13043478260869565,0.1125049157852564,11.250491578525633,0.003535005214578157,0.3677240147182286,0.1243,0.0,0.9806763285024155,0.0,False,single_elimination,9,False
3,3,Sara Evans,percent,25.0,0.12077294685990338,0.11470810069128971,11.470810069128962,0.00624321613345916,0.35881813031476534,0.1243,0.0,0.9806763285024155,0.0,False,single_elimination,9,False
3,3,Vivica A. Fox,percent,27.0,0.13043478260869565,0.1133180746749294,11.331807467492933,0.003581271740143871,0.38255596694187566,0.1243,0.0,0.9806763285024155,0.0,False,single_elimination,9,False
3,3,Willa Ford,percent,22.0,0.10628019323671498,0.12498534787162556,12.498534787162548,0.010942566842068934,0.37779390345661923,0.1243,0.0,0.9806763285024155,0.0,False,single_elimination,9,False
3,4,Emmitt Smith,percent,24.0,0.12121212121212122,0.14046195966887134,14.04619596688713,0.01540648997559533,0.4030468195622853,0.1302,-0.0,0.9696969696969697,0.0,False,single_elimination,8,False
3,4,Jerry Springer,percent,22.0,0.1111111111111111,0.15478841088885542,15.478841088885536,0.025561816297549243,0.4168402560480694,0.1302,0.01010101010101011,0.9797979797979798,0.0,False,single_elimination,8,False
3,4,Joey Lawrence,percent,27.0,0.13636363636363635,0.13402340700141505,13.4023407001415,0.005053011133370703,0.41040588670579864,0.1302,0.0,0.9696969696969696,0.0,False,single_elimination,8,False
3,4,Mario Lopez,percent,29.0,0.14646464646464646,0.12819318203277655,12.81931820327765,0.005523136666961709,0.430351827137344,0.1302,0.0,0.9696969696969696,0.0,False,single_elimination,8,False
3,4,Monique Coleman,percent,24.0,0.12121212121212122,0.1394750118735561,13.947501187355604,0.012586153435570794,0.3978084817603217,0.1302,0.0,0.9696969696969696,0.0,False,single_elimination,8,False
3,4,Sara Evans,percent,20.0,0.10101010101010101,0.16210934712818842,16.210934712818833,0.035995232333293284,0.4402570240121176,0.1302,0.020202020202020207,0.9898989898989898,0.0,False,single_elimination,8,False
3,4,Vivica A. Fox,percent,24.0,0.12121212121212122,0.017658911594463183,1.7658911594463176,0.000607708029389049,0.05682884077418391,0.1302,0.0,0.12878787878787876,0.0,False,single_elimination,8,True
3,4,Willa Ford,percent,28.0,0.1414141414141414,0.12328976981187421,12.328976981187417,0.004895230542735308,0.39991418263271966,0.1302,0.0,0.9696969696969696,0.0,False,single_elimination,8,False
3,5,Emmitt Smith,percent,27.0,0.14917127071823205,0.15331667637334814,15.331667637334812,0.020342753490154533,0.42132308104806,0.1033,-0.0,0.9558011049723756,0.0,False,single_elimination,7,False
3,5,Jerry Springer,percent,24.0,0.13259668508287292,0.1767306141189649,17.673061411896487,0.0343212470289843,0.43432125095195373,0.1033,0.01657458563535913,0.9723756906077348,0.0,False,single_elimination,7,False
3,5,Joey Lawrence,percent,25.0,0.13812154696132597,0.16177009077592755,16.177009077592754,0.02751005792030889,0.44850337395783557,0.1033,0.011049723756906077,0.9668508287292816,0.0,False,single_elimination,7,False
3,5,Mario Lopez,percent,27.0,0.14917127071823205,0.16254459112349898,16.254459112349895,0.022427835026822957,0.46397900390406627,0.1033,0.0,0.9558011049723756,0.0,False,single_elimination,7,False
3,5,Monique Coleman,percent,27.0,0.14917127071823205,0.1537527463016846,15.375274630168455,0.01762807665849404,0.43494023685853683,0.1033,0.0,0.9558011049723756,0.0,False,single_elimination,7,False
3,5,Sara Evans,percent,24.0,0.13259668508287292,0.17118131654738503,17.118131654738498,0.03211641770453884,0.4455462565922571,0.1033,0.01657458563535913,0.9723756906077348,0.0,False,single_elimination,7,False
3,5,Willa Ford,percent,27.0,0.14917127071823205,0.020703964759191118,2.0703964759191114,0.0007169808398288046,0.06803317710540766,0.1033,0.0,0.13654301499605365,0.0,False,single_elimination,7,True
3,6,Emmitt Smith,percent,25.0,0.211864406779661,0.20211103408730802,20.211103408730786,0.006749991804580243,0.6098787187108159,1.0,0.0,1.0,0.0,False,no_elimination,5,False
3,6,Jerry Springer,percent,18.0,0.15254237288135594,0.19779252718814433,19.779252718814416,0.006470928777620259,0.592545912843386,1.0,0.0,1.0,0.0,False,no_elimination,5,False
3,6,Joey Lawrence,percent,24.0,0.2033898305084746,0.1988761957554524,19.887619575545223,0.006387889950581982,0.6041567392902634,1.0,0.0,1.0,0.0,False,no_elimination,5,False
3,6,Mario Lopez,percent,28.0,0.23728813559322035,0.20083439008171666,20.08343900817165,0.006112414125201348,0.605554041181598,1.0,0.0,1.0,0.0,False,no_elimination,5,False
3,6,Monique Coleman,percent,23.0,0.19491525423728814,0.20038585288737934,20.038585288737917,0.0059442640656183635,0.6062569367013565,1.0,0.0,1.0,0.0,False,no_elimination,5,False
3,7,Emmitt Smith,percent,28.5,0.2111111111111111,0.23346257794221037,23.346257794221025,0.014954215015152475,0.6493007950318553,0.3214,0.0,1.0,0.0,False,single_elimination,5,False
3,7,Jerry Springer,percent,23.0,0.17037037037037037,0.04916596059271826,4.916596059271824,0.0021089551290946035,0.13930998849828166,0.3214,0.0,0.22962962962962963,0.0,False,single_elimination,5,True
3,7,Joey Lawrence,percent,28.5,0.2111111111111111,0.23925461707359352,23.92546170735934,0.013568726567925373,0.6446506688517244,0.3214,0.0,1.0,0.0,False,single_elimination,5,False
3,7,Mario Lopez,percent,28.0,0.2074074074074074,0.23618542607159473,23.618542607159462,0.01965824198910388,0.6607649844361249,0.3214,0.0,1.0,0.0,False,single_elimination,5,False
3,7,Monique Coleman,percent,27.0,0.2,0.24193141831988343,24.19314183198833,0.019435721265046342,0.6425877876744754,0.3214,0.0,1.0,0.0,False,single_elimination,5,False
3,8,Emmitt Smith,percent,27.0,0.24770642201834864,0.31212076703599934,31.212076703599973,0.043576766948087695,0.735901290366516,0.2743,0.0,1.0,0.0,False,single_elimination,4,False
3,8,Joey Lawrence,percent,27.0,0.24770642201834864,0.30961661806077206,30.961661806077245,0.047257136148272816,0.7498988716041881,0.2743,0.0,1.0,0.0,False,single_elimination,4,False
3,8,Mario Lopez,percent,28.5,0.26146788990825687,0.3125828036122789,31.258280361227932,0.030474992702015622,0.7397680676612167,0.2743,0.0,1.0,0.0,False,single_elimination,4,False
3,8,Monique Coleman,percent,26.5,0.24311926605504589,0.06567981129094859,6.567981129094867,0.0022662366949320278,0.18454858588489256,0.2743,0.0,0.25688073394495414,0.0,False,single_elimination,4,True
3,9,Emmitt Smith,percent,29.5,0.3333333333333333,0.33557180741579823,33.55718074157983,0.014235398993996186,0.8415605109699611,1.0,0.0,1.0,0.0,False,no_elimination,3,False
3,9,Joey Lawrence,percent,29.5,0.3333333333333333,0.3328458423517725,33.284584235177256,0.012569940287471382,0.8414636588072889,1.0,0.0,1.0,0.0,False,no_elimination,3,False
3,9,Mario Lopez,percent,29.5,0.3333333333333333,0.33158235023242905,33.15823502324291,0.010974783056420917,0.8421257173477333,1.0,0.0,1.0,0.0,False,no_elimination,3,False
3,10,Emmitt Smith,percent,29.666600000000003,0.5,0.5009175001705657,50.09175001705655,0.0258612113008304,0.9756499967768206,1.0,0.0,1.0,0.0,False,no_elimination,2,False
3,10,Mario Lopez,percent,29.666600000000003,0.5,0.4990824998294347,49.908249982943445,0.02435000322317937,0.9741387886991697,1.0,0.0,1.0,0.0,False,no_elimination,2,False
4,1,Apolo Anton Ohno,percent,21.0,0.10194174757281553,0.09143787467745977,9.143787467745984,0.002574980893095289,0.30867595659202307,1.0,0.0,1.0,0.0,False,no_elimination,11,False
4,1,Billy Ray Cyrus,percent,13.0,0.06310679611650485,0.09080850041056439,9.080850041056445,0.0024323981022407143,0.30711102478242697,1.0,0.0,1.0,0.0,False,no_elimination,11,False
4,1,Clyde Drexler,percent,16.0,0.07766990291262135,0.09014254842165735,9.014254842165743,0.0028158475672745943,0.29772227703159526,1.0,0.0,1.0,0.0,False,no_elimination,11,False
4,1,Heather Mills,percent,18.0,0.08737864077669903,0.09026493200851014,9.026493200851021,0.002443428953020999,0.30556651744947455,1.0,0.0,1.0,0.0,False,no_elimination,11,False
4,1,Ian Ziering,percent,21.0,0.10194174757281553,0.0908662219349812,9.086622193498126,0.00251479091706548,0.30307728616139384,1.0,0.0,1.0,0.0,False,no_elimination,11,False
4,1,Joey Fatone,percent,24.0,0.11650485436893204,0.08957066262250447,8.957066262250454,0.0023546857020296814,0.2997031040329071,1.0,0.0,1.0,0.0,False,no_elimination,11,False
4,1,John Ratzenberger,percent,17.0,0.0825242718446602,0.09061379623060992,9.061379623060999,0.00276260060689476,0.31192237442585685,1.0,0.0,1.0,0.0,False,no_elimination,11,False
4,1,Laila Ali,percent,23.0,0.11165048543689321,0.09117545695316769,9.117545695316775,0.0023619556788996863,0.3145045241450785,1.0,0.0,1.0,0.0,False,no_elimination,11,False
4,1,Leeza Gibbons,percent,15.0,0.07281553398058252,0.09289212964627605,9.289212964627612,0.002945645495994875,0.31393530827152355,1.0,0.0,1.0,0.0,False,no_elimination,11,False
4,1,Paulina Porizkova,percent,19.0,0.09223300970873786,0.09206794597091429,9.206794597091436,0.002655323512961126,0.3174837162625512,1.0,0.0,1.0,0.0,False,no_elimination,11,False
4,1,Shandi Finnessey,percent,19.0,0.09223300970873786,0.09015993112335396,9.015993112335403,0.002669199698989625,0.30405172880049375,1.0,0.0,1.0,0.0,False,no_elimination,11,False
4,2,Apolo Anton Ohno,percent,26.0,0.10612244897959183,0.09407929179262835,9.407929179262837,0.0024802028660846328,0.31287028527455263,0.1104,0.0,0.983673469387755,0.0,False,single_elimination,11,False
4,2,Billy Ray Cyrus,percent,21.0,0.08571428571428572,0.10085713403380228,10.085713403380229,0.01055469749271201,0.30529239745360826,0.1104,-0.0,0.983673469387755,0.0,False,single_elimination,11,False
4,2,Clyde Drexler,percent,18.0,0.07346938775510205,0.11248061370473371,11.248061370473373,0.021238928790326676,0.3136181651831716,0.1104,0.012244897959183668,0.9959183673469387,0.0,False,single_elimination,11,False
4,2,Heather Mills,percent,24.0,0.09795918367346938,0.09563543874770297,9.563543874770298,0.004007106422761335,0.3184486630748602,0.1104,0.0,0.983673469387755,0.0,False,single_elimination,11,False
4,2,Ian Ziering,percent,22.0,0.08979591836734693,0.09341557223759275,9.341557223759276,0.005401205757309599,0.29573138820217154,0.1104,0.0,0.983673469387755,0.0,False,single_elimination,11,False
4,2,Joey Fatone,percent,24.0,0.09795918367346938,0.0928578453435467,9.285784534354672,0.004393474509100256,0.31187916391830645,0.1104,0.0,0.983673469387755,0.0,False,single_elimination,11,False
4,2,John Ratzenberger,percent,21.0,0.08571428571428572,0.10218757176480303,10.218757176480304,0.008279882717011057,0.31157327061232487,0.1104,0.0,0.983673469387755,0.0,False,single_elimination,11,False
4,2,Laila Ali,percent,27.0,0.11020408163265306,0.08993471293349066,8.993471293349067,0.0024906486246527833,0.2921730969527135,0.1104,0.0,0.983673469387755,0.0,False,single_elimination,11,False
4,2,Leeza Gibbons,percent,21.0,0.08571428571428572,0.10084372312880775,10.084372312880777,0.009332896856099959,0.3288341203464772,0.1104,0.0,0.983673469387755,0.0,False,single_elimination,11,False
4,2,Paulina Porizkova,percent,21.0,0.08571428571428572,0.010717397301025475,1.0717397301025477,0.00030275776963170544,0.03141049702758083,0.1104,0.0,0.0961038961038961,0.0,False,single_elimination,11,True
4,2,Shandi Finnessey,percent,20.0,0.08163265306122448,0.10699069901186617,10.699069901186618,0.013360789673671707,0.3179577378911223,0.1104,0.004081632653061232,0.9877551020408163,0.0,False,single_elimination,11,False
4,3,Apolo Anton Ohno,percent,23.0,0.10550458715596331,0.1062648367395457,10.626483673954572,0.004173018867982722,0.3342368367069681,0.1093,0.0,0.9724770642201835,0.0,False,single_elimination,10,False
4,3,Billy Ray Cyrus,percent,21.0,0.0963302752293578,0.11353871563120196,11.353871563120197,0.010524601062383475,0.33828252912677165,0.1093,0.0,0.9724770642201835,0.0,False,single_elimination,10,False
4,3,Clyde Drexler,percent,16.0,0.07339449541284404,0.13213560421061324,13.213560421061327,0.03352764122285105,0.3714891776511394,0.1093,0.022935779816513763,0.9954128440366973,0.0,False,single_elimination,10,False
4,3,Heather Mills,percent,24.0,0.11009174311926606,0.10030507668479195,10.030507668479197,0.003739985078143544,0.34550255589341283,0.1093,0.0,0.9724770642201835,0.0,False,single_elimination,10,False
4,3,Ian Ziering,percent,24.0,0.11009174311926606,0.10060830692090128,10.06083069209013,0.005552091212279123,0.32859201846943464,0.1093,0.0,0.9724770642201835,0.0,False,single_elimination,10,False
4,3,Joey Fatone,percent,24.0,0.11009174311926606,0.10374166363201726,10.374166363201727,0.005029853095797483,0.32942779269600675,0.1093,0.0,0.9724770642201835,0.0,False,single_elimination,10,False
4,3,John Ratzenberger,percent,20.0,0.09174311926605505,0.12290568955575985,12.290568955575987,0.01534187320072662,0.3554668096820223,0.1093,0.0045871559633027525,0.9770642201834863,0.0,False,single_elimination,10,False
4,3,Laila Ali,percent,21.0,0.0963302752293578,0.11158075981508825,11.158075981508826,0.010582393278133612,0.34452510273600795,0.1093,0.0,0.9724770642201835,0.0,False,single_elimination,10,False
4,3,Leeza Gibbons,percent,24.0,0.11009174311926606,0.09732901980064677,9.732901980064678,0.0032101337133440067,0.30620321580922394,0.1093,0.0,0.9724770642201835,0.0,False,single_elimination,10,False
4,3,Shandi Finnessey,percent,21.0,0.0963302752293578,0.011590327009433542,1.1590327009433543,0.00044190991317661634,0.03507390280249685,0.1093,0.0,0.10366972477064221,0.0,False,single_elimination,10,True
4,4,Apolo Anton Ohno,percent,26.0,0.1368421052631579,0.11252884496476326,11.25288449647633,0.0035635046296485567,0.3685270405347605,0.2328,0.0,0.9947368421052631,0.0,False,single_elimination,9,False
4,4,Billy Ray Cyrus,percent,21.0,0.11052631578947368,0.1146030238988829,11.460302389888295,0.004034019053780077,0.3717446658182445,0.2328,0.0,0.9947368421052631,0.0,False,single_elimination,9,False
4,4,Clyde Drexler,percent,15.0,0.07894736842105263,0.13859509910109166,13.859509910109171,0.020366693805381246,0.39051713101679386,0.2328,0.005263157894736845,1.0,0.0,False,single_elimination,9,False
4,4,Heather Mills,percent,23.0,0.12105263157894737,0.11735277814194603,11.735277814194607,0.0034526651458022892,0.3787101706318352,0.2328,0.0,0.9947368421052631,0.0,False,single_elimination,9,False
4,4,Ian Ziering,percent,24.0,0.12631578947368421,0.12112896465624846,12.11289646562485,0.004215229322375116,0.4093384900917026,0.2328,0.0,0.9947368421052631,0.0,False,single_elimination,9,False
4,4,Joey Fatone,percent,28.0,0.14736842105263157,0.11514364053184266,11.51436405318427,0.003567460758951376,0.38170614931832864,0.2328,0.0,0.9947368421052631,0.0,False,single_elimination,9,False
4,4,John Ratzenberger,percent,16.0,0.08421052631578947,0.13792023072782308,13.792023072782314,0.017889901597065525,0.4043519360450702,0.2328,0.0,0.9947368421052631,0.0,False,single_elimination,9,False
4,4,Laila Ali,percent,21.0,0.11052631578947368,0.12119299899524917,12.119299899524922,0.005172798727009948,0.38039161945352074,0.2328,0.0,0.9947368421052631,0.0,False,single_elimination,9,False
4,4,Leeza Gibbons,percent,16.0,0.08421052631578947,0.021534418982152317,2.1534418982152324,0.0009160520989120685,0.0602425419635335,0.2328,0.0,0.13801169590643275,0.0,False,single_elimination,9,True
4,5,Apolo Anton Ohno,percent,30.0,0.17045454545454544,0.13424166248211813,13.424166248211812,0.004010629143861661,0.4167172737792487,0.3735,0.0,1.0,0.0,False,single_elimination,8,False
4,5,Billy Ray Cyrus,percent,17.0,0.09659090909090909,0.14939697788264683,14.93969778826468,0.010445641796004072,0.43588725406498646,0.3735,0.0,1.0,0.0,False,single_elimination,8,False
4,5,Clyde Drexler,percent,13.0,0.07386363636363637,0.033301412288490456,3.330141228849045,0.0014548438550836546,0.08928054310491916,0.3735,0.0,0.1761363636363636,0.0,False,single_elimination,8,True
4,5,Heather Mills,percent,21.0,0.11931818181818182,0.13906720416260238,13.906720416260235,0.005347250589822727,0.4375843418157854,0.3735,0.0,1.0,0.0,False,single_elimination,8,False
4,5,Ian Ziering,percent,24.0,0.13636363636363635,0.1343736091318201,13.437360913182006,0.0043925903474391955,0.42960654007837745,0.3735,0.0,1.0,0.0,False,single_elimination,8,False
4,5,Joey Fatone,percent,25.0,0.14204545454545456,0.13482215243754955,13.482215243754952,0.004987203961483674,0.42247499167777713,0.3735,0.0,1.0,0.0,False,single_elimination,8,False
4,5,John Ratzenberger,percent,18.0,0.10227272727272728,0.14295511359699214,14.295511359699212,0.008637122199259762,0.44549587042551636,0.3735,0.0,1.0,0.0,False,single_elimination,8,False
4,5,Laila Ali,percent,28.0,0.1590909090909091,0.13184186801778072,13.18418680177807,0.003558867857450868,0.425222838313997,0.3735,0.0,1.0,0.0,False,single_elimination,8,False
4,6,Apolo Anton Ohno,percent,28.0,0.16470588235294117,0.14900649367570729,14.900649367570725,0.006783161984324723,0.46297264968104285,0.1668,0.0,0.9647058823529412,0.0,False,single_elimination,7,False
4,6,Billy Ray Cyrus,percent,21.0,0.12352941176470589,0.17552838222271672,17.552838222271667,0.033393156538729846,0.46928605999369266,0.1668,0.011764705882352927,0.9764705882352941,0.0,False,single_elimination,7,False
4,6,Heather Mills,percent,23.0,0.13529411764705881,0.023943829863560234,2.394382986356023,0.0009228378423957479,0.0707192238192834,0.1668,0.0,0.15042016806722688,0.0,False,single_elimination,7,True
4,6,Ian Ziering,percent,24.0,0.1411764705882353,0.1556576529631285,15.565765296312847,0.01327005990287365,0.4441461621133971,0.1668,0.0,0.9647058823529412,0.0,False,single_elimination,7,False
4,6,Joey Fatone,percent,27.0,0.1588235294117647,0.1538094217863324,15.380942178633235,0.007474889895604093,0.4723246608713676,0.1668,0.0,0.9647058823529412,0.0,False,single_elimination,7,False
4,6,John Ratzenberger,percent,19.0,0.11176470588235295,0.1883166095984098,18.831660959840974,0.040379916095421374,0.5179529309328981,0.1668,0.023529411764705868,0.9882352941176471,0.0,False,single_elimination,7,False
4,6,Laila Ali,percent,28.0,0.16470588235294117,0.15373760989014534,15.373760989014531,0.005590631741137276,0.46384026136907125,0.1668,0.0,0.9647058823529412,0.0,False,single_elimination,7,False
4,7,Apolo Anton Ohno,percent,27.0,0.17475728155339806,0.18898680268978826,18.898680268978836,0.010107096506593144,0.5439039352780191,0.2394,0.0,0.9773462783171522,0.0,False,single_elimination,6,False
4,7,Billy Ray Cyrus,percent,19.0,0.12297734627831715,0.23057472118141567,23.05747211814158,0.04965236792106046,0.5850750679790386,0.2394,0.02265372168284789,1.0,0.0,False,single_elimination,6,False
4,7,Ian Ziering,percent,27.0,0.17475728155339806,0.1852522655313916,18.525226553139166,0.009980287171091751,0.5475044708183815,0.2394,0.0,0.9773462783171522,0.0,False,single_elimination,6,False
4,7,Joey Fatone,percent,29.5,0.19093851132686085,0.1820849810411757,18.20849810411758,0.00809308538911855,0.522806810163853,0.2394,0.0,0.9773462783171522,0.0,False,single_elimination,6,False
4,7,John Ratzenberger,percent,22.5,0.14563106796116504,0.03572833722179967,3.572833722179968,0.001293886862322165,0.10217907486329059,0.2394,0.0,0.18770226537216833,0.0,False,single_elimination,6,True
4,7,Laila Ali,percent,29.5,0.19093851132686085,0.17737289233442854,17.737289233442862,0.007934672195482002,0.5080449345419961,0.2394,0.0,0.9773462783171522,0.0,False,single_elimination,6,False
4,8,Apolo Anton Ohno,percent,29.0,0.23107569721115537,0.23268633447451798,23.268633447451787,0.009620394608988489,0.661064887731428,0.3653,0.0,1.0,0.0,False,single_elimination,5,False
4,8,Billy Ray Cyrus,percent,19.0,0.15139442231075698,0.05613578675513645,5.613578675513643,0.0023822917396558586,0.1539539172877251,0.3653,0.0,0.248605577689243,0.0,False,single_elimination,5,True
4,8,Ian Ziering,percent,23.5,0.18725099601593626,0.24266247715712339,24.26624771571233,0.015855694598382975,0.6649795162885537,0.3653,0.0,1.0,0.0,False,single_elimination,5,False
4,8,Joey Fatone,percent,27.5,0.21912350597609562,0.23391443913332177,23.391443913332168,0.011136646073951094,0.6610186166852899,0.3653,0.0,1.0,0.0,False,single_elimination,5,False
4,8,Laila Ali,percent,26.5,0.21115537848605578,0.23460096247990087,23.460096247990077,0.013965637991745144,0.6646255631419086,0.3653,0.0,1.0,0.0,False,single_elimination,5,False
4,9,Apolo Anton Ohno,percent,29.5,0.2489451476793249,0.3133269775453132,31.332697754531303,0.04619014176984288,0.7246728838062094,0.2623,0.0,1.0,0.0,False,single_elimination,4,False
4,9,Ian Ziering,percent,29.0,0.24472573839662448,0.06372397698378852,6.372397698378849,0.002284167277643878,0.18624127027918988,0.2623,0.0,0.25527426160337546,0.0,False,single_elimination,4,True
4,9,Joey Fatone,percent,30.0,0.25316455696202533,0.31041490671979793,31.041490671979783,0.04558795645406233,0.7374215227879787,0.2623,0.0,1.0,0.0,False,single_elimination,4,False
4,9,Laila Ali,percent,30.0,0.25316455696202533,0.31253413875110087,31.25341387511007,0.04194761724675608,0.7466641058737834,0.2623,0.0,1.0,0.0,False,single_elimination,4,False
4,10,Apolo Anton Ohno,percent,29.3332,0.33976850076853665,0.33746955517359345,33.746955517359325,0.01414702068815551,0.8471992036494828,1.0,0.0,1.0,0.0,False,no_elimination,3,False
4,10,Joey Fatone,percent,28.6665,0.3320460681848982,0.3345181692541189,33.45181692541187,0.011887732359218538,0.8370978973935881,1.0,0.0,1.0,0.0,False,no_elimination,3,False
4,10,Laila Ali,percent,28.333200000000005,0.3281854310465651,0.3280122755722883,32.801227557228806,0.012272924607310736,0.8357887643465273,1.0,0.0,1.0,0.0,False,no_elimination,3,False
5,1,Albert Reed,percent,21.0,0.08171206225680934,0.08925747002631171,8.925747002631171,0.003139849872583961,0.2925521778183153,0.2581,0.0,1.0,0.0,False,single_elimination,12,False
5,1,Cameron Mathison,percent,21.0,0.08171206225680934,0.08963142035536142,8.963142035536142,0.0030143096193323464,0.3003993418027985,0.2581,0.0,1.0,0.0,False,single_elimination,12,False
5,1,Floyd Mayweather Jr. ,percent,18.0,0.07003891050583658,0.09615285021810506,9.615285021810505,0.006256573517852222,0.3278978365801938,0.2581,0.0,1.0,0.0,False,single_elimination,12,False
5,1,Helio Castroneves,percent,25.0,0.09727626459143969,0.08713924583958187,8.713924583958187,0.002533268840975908,0.29969292111444223,0.2581,0.0,1.0,0.0,False,single_elimination,12,False
5,1,Jane Seymour,percent,24.0,0.0933852140077821,0.0871895695759975,8.71895695759975,0.002659338097080314,0.29632333373040687,0.2581,0.0,1.0,0.0,False,single_elimination,12,False
5,1,Jennie Garth,percent,21.0,0.08171206225680934,0.08831336459559133,8.831336459559132,0.002889583471637927,0.29538367023017403,0.2581,0.0,1.0,0.0,False,single_elimination,12,False
5,1,Josie Maran,percent,16.0,0.0622568093385214,0.014355396149517622,1.435539614951762,0.0006317937439822227,0.038158608941539426,0.2581,0.0,0.10440985732814526,0.0,False,single_elimination,12,True
5,1,Marie Osmond,percent,21.0,0.08171206225680934,0.08918027225393284,8.918027225393283,0.0032128009949259073,0.2961978887804796,0.2581,0.0,1.0,0.0,False,single_elimination,12,False
5,1,Mark Cuban,percent,21.0,0.08171206225680934,0.09011417107772426,9.011417107772427,0.0034604622615743287,0.2995711916633008,0.2581,0.0,1.0,0.0,False,single_elimination,12,False
5,1,Mel B,percent,24.0,0.0933852140077821,0.08750753060129822,8.750753060129822,0.0022834692550873555,0.28808030191981393,0.2581,0.0,1.0,0.0,False,single_elimination,12,False
5,1,Sabrina Bryan,percent,26.0,0.10116731517509728,0.0895367442772449,8.95367442772449,0.002587514543523488,0.29789671814152585,0.2581,0.0,1.0,0.0,False,single_elimination,12,False
5,1,Wayne Newton,percent,19.0,0.07392996108949416,0.09162196502933331,9.162196502933332,0.004713945001984051,0.282333531566113,0.2581,0.0,1.0,0.0,False,single_elimination,12,False
5,2,Albert Reed,percent,21.0,0.08823529411764706,0.009807220118733721,0.9807220118733725,0.0002948792237205308,0.030692694612147187,0.0865,0.0,0.09358288770053474,0.0,False,single_elimination,11,True
5,2,Cameron Mathison,percent,21.0,0.08823529411764706,0.09953691932337987,9.953691932337989,0.007848838774195168,0.30483017638162113,0.0865,-0.0,0.9621848739495797,0.0,False,single_elimination,11,False
5,2,Floyd Mayweather Jr. ,percent,21.0,0.08823529411764706,0.0986563347389903,9.865633473899033,0.008545172275005095,0.2957301839670324,0.0865,0.0,0.9621848739495797,0.0,False,single_elimination,11,False
5,2,Helio Castroneves,percent,27.0,0.1134453781512605,0.08622509168443535,8.622509168443537,0.002858936202935788,0.3048284498949649,0.0865,0.0,0.9621848739495797,0.0,False,single_elimination,11,False
5,2,Jane Seymour,percent,21.0,0.08823529411764706,0.09324733861343742,9.324733861343745,0.009694463993277789,0.2907727750548509,0.0865,0.0,0.9621848739495797,0.0,False,single_elimination,11,False
5,2,Jennie Garth,percent,21.0,0.08823529411764706,0.10250074467998797,10.2500744679988,0.009863990237363632,0.32060709779908014,0.0865,0.0,0.9621848739495797,0.0,False,single_elimination,11,False
5,2,Marie Osmond,percent,24.0,0.10084033613445378,0.09131526767356707,9.131526767356709,0.003674237289253743,0.305750174024131,0.0865,0.0,0.9621848739495797,0.0,False,single_elimination,11,False
5,2,Mark Cuban,percent,18.0,0.07563025210084033,0.11105674291787043,11.105674291787047,0.02228435933250073,0.31469092369018054,0.0865,0.012605042016806733,0.9747899159663865,0.0,False,single_elimination,11,False
5,2,Mel B,percent,23.0,0.09663865546218488,0.09358389588923047,9.35838958892305,0.004261241460122589,0.3201574468217865,0.0865,0.0,0.9621848739495799,0.0,False,single_elimination,11,False
5,2,Sabrina Bryan,percent,26.0,0.1092436974789916,0.09225625306658855,9.225625306658857,0.0033137852644578012,0.3019402465966175,0.0865,0.0,0.9621848739495799,0.0,False,single_elimination,11,False
5,2,Wayne Newton,percent,15.0,0.06302521008403361,0.12181419129377857,12.181419129377861,0.035623342040609476,0.3183327218382867,0.0865,0.025210084033613453,0.9873949579831933,0.0,False,single_elimination,11,False
5,3,Cameron Mathison,percent,23.0,0.09623430962343096,0.11076896154868801,11.076896154868791,0.005677475071891365,0.35482842501404754,0.2662,0.0,1.0,0.0,False,single_elimination,10,False
5,3,Floyd Mayweather Jr. ,percent,21.0,0.08786610878661087,0.1126673320022093,11.26673320022092,0.006500814839453995,0.34085559102526886,0.2662,0.0,1.0,0.0,False,single_elimination,10,False
5,3,Helio Castroneves,percent,24.0,0.100418410041841,0.10342870567807362,10.342870567807353,0.00351635670998092,0.3520523463419079,0.2662,0.0,1.0,0.0,False,single_elimination,10,False
5,3,Jane Seymour,percent,27.0,0.11297071129707113,0.10736207344493504,10.736207344493494,0.003254727213315584,0.34820585487250677,0.2662,0.0,1.0,0.0,False,single_elimination,10,False
5,3,Jennie Garth,percent,26.0,0.1087866108786611,0.10907146146031066,10.907146146031057,0.003241292163964588,0.35016291228524943,0.2662,0.0,1.0,0.0,False,single_elimination,10,False
5,3,Marie Osmond,percent,26.0,0.1087866108786611,0.10744065760056232,10.744065760056221,0.004142100338489392,0.366248570446233,0.2662,0.0,1.0,0.0,False,single_elimination,10,False
5,3,Mark Cuban,percent,20.0,0.08368200836820083,0.1179836638946549,11.798366389465478,0.008212952490934984,0.3537249519750567,0.2662,0.0,1.0,0.0,False,single_elimination,10,False
5,3,Mel B,percent,27.0,0.11297071129707113,0.10620027074024213,10.620027074024204,0.0032637696599273854,0.357684018314612,0.2662,0.0,1.0,0.0,False,single_elimination,10,False
5,3,Sabrina Bryan,percent,27.0,0.11297071129707113,0.10574905416127055,10.574905416127045,0.0036076601867160957,0.3515315870106108,0.2662,0.0,1.0,0.0,False,single_elimination,10,False
5,3,Wayne Newton,percent,18.0,0.07531380753138076,0.019327819469054326,1.9327819469054308,0.0008633547340037971,0.05157667837076921,0.2662,0.0,0.12468619246861927,0.0,False,single_elimination,10,True
5,4,Cameron Mathison,percent,27.0,0.11538461538461539,0.12431122490719153,12.43112249071915,0.005296242397903117,0.39319966461055433,0.1895,0.0,0.9957264957264957,0.0,False,single_elimination,9,False
5,4,Floyd Mayweather Jr. ,percent,23.0,0.09829059829059829,0.01608793536429941,1.6087935364299408,0.0006869208699247098,0.04624891940235215,0.1895,0.0,0.1239316239316239,0.0,False,single_elimination,9,True
5,4,Helio Castroneves,percent,27.0,0.11538461538461539,0.11966773755265567,11.966773755265564,0.004290490600077083,0.3829793744964283,0.1895,0.0,0.9957264957264957,0.0,False,single_elimination,9,False
5,4,Jane Seymour,percent,26.0,0.1111111111111111,0.11877740071486487,11.877740071486484,0.006957076328423036,0.37586922120131605,0.1895,0.0,0.9957264957264957,0.0,False,single_elimination,9,False
5,4,Jennie Garth,percent,27.0,0.11538461538461539,0.12114487270360105,12.114487270360103,0.004394502167924716,0.38892138020229905,0.1895,0.0,0.9957264957264957,0.0,False,single_elimination,9,False
5,4,Marie Osmond,percent,26.0,0.1111111111111111,0.12254956290928694,12.25495629092869,0.005121276364516561,0.377328389847053,0.1895,0.0,0.9957264957264957,0.0,False,single_elimination,9,False
5,4,Mark Cuban,percent,22.0,0.09401709401709402,0.13491679171447052,13.49167917144705,0.017165603556955983,0.41029571905660406,0.1895,0.004273504273504272,1.0,0.0,False,single_elimination,9,False
5,4,Mel B,percent,26.0,0.1111111111111111,0.12431434341100228,12.431434341100225,0.007776949391209546,0.3882661741479171,0.1895,0.0,0.9957264957264957,0.0,False,single_elimination,9,False
5,4,Sabrina Bryan,percent,30.0,0.1282051282051282,0.11823013072262784,11.82301307226278,0.0037393765644701954,0.3883167507021971,0.1895,0.0,0.9957264957264957,0.0,False,single_elimination,9,False
5,5,Cameron Mathison,percent,26.0,0.1306532663316583,0.13932333077791567,13.932333077791567,0.0060050107610462086,0.43181430729925707,0.2313,0.0,1.0,0.0,False,single_elimination,8,False
5,5,Helio Castroneves,percent,23.0,0.11557788944723618,0.14593236244604874,14.593236244604874,0.01141274656296448,0.4323144546423306,0.2313,0.0,1.0,0.0,False,single_elimination,8,False
5,5,Jane Seymour,percent,26.0,0.1306532663316583,0.13745259153894257,13.745259153894256,0.0055807927916166795,0.45207202175137073,0.2313,0.0,1.0,0.0,False,single_elimination,8,False
5,5,Jennie Garth,percent,25.0,0.12562814070351758,0.13866460583484044,13.866460583484045,0.006587985670236609,0.428213700710332,0.2313,0.0,1.0,0.0,False,single_elimination,8,False
5,5,Marie Osmond,percent,21.0,0.10552763819095477,0.1481008786404932,14.81008786404932,0.017334705858919795,0.436786842694817,0.2313,-0.0,1.0,0.0,False,single_elimination,8,False
5,5,Mark Cuban,percent,21.0,0.10552763819095477,0.02277865601027655,2.277865601027655,0.0007486030410829567,0.06653907261512991,0.2313,0.0,0.14447236180904524,0.0,False,single_elimination,8,True
5,5,Mel B,percent,29.0,0.1457286432160804,0.13492581863200367,13.492581863200368,0.004192336957070952,0.4336051488049135,0.2313,0.0,1.0,0.0,False,single_elimination,8,False
5,5,Sabrina Bryan,percent,28.0,0.1407035175879397,0.1328217561194791,13.28217561194791,0.0042445838727891115,0.414823395110076,0.2313,0.0,1.0,0.0,False,single_elimination,8,False
5,6,Cameron Mathison,percent,25.0,0.1388888888888889,0.16490003897352493,16.490003897352494,0.017232848543975724,0.48284569856740506,0.1518,-0.0,0.9722222222222222,0.0,False,single_elimination,7,False
5,6,Helio Castroneves,percent,28.0,0.15555555555555556,0.15301317376705884,15.301317376705883,0.008928841187006969,0.4864814610810189,0.1518,0.0,0.9722222222222222,0.0,False,single_elimination,7,False
5,6,Jane Seymour,percent,22.0,0.12222222222222222,0.1787372541155927,17.873725411559267,0.03467219176916249,0.47949151664918255,0.1518,0.016666666666666677,0.9888888888888889,0.0,False,single_elimination,7,False
5,6,Jennie Garth,percent,27.0,0.15,0.16007266682354998,16.007266682355,0.010505742028874257,0.47385666355779354,0.1518,0.0,0.9722222222222221,0.0,False,single_elimination,7,False
5,6,Marie Osmond,percent,23.0,0.12777777777777777,0.17250429568988399,17.250429568988398,0.028776712975675307,0.46767441454458103,0.1518,0.011111111111111127,0.9833333333333333,0.0,False,single_elimination,7,False
5,6,Mel B,percent,30.0,0.16666666666666666,0.147935427342718,14.7935427342718,0.007146070789347941,0.44983107398436123,0.1518,0.0,0.9722222222222221,0.0,False,single_elimination,7,False
5,6,Sabrina Bryan,percent,25.0,0.1388888888888889,0.022837143287671603,2.2837143287671604,0.0007256621645701136,0.06639908324009956,0.1518,0.0,0.1468253968253968,0.0,False,single_elimination,7,True
5,7,Cameron Mathison,percent,25.5,0.16346153846153846,0.19787407580309763,19.787407580309754,0.019609026887213256,0.5485812715046521,0.1977,0.0,1.0,0.0,False,single_elimination,6,False
5,7,Helio Castroneves,percent,26.0,0.16666666666666666,0.19914430033746527,19.91443003374652,0.01671924704293973,0.5428886363261014,0.1977,0.0,1.0,0.0,False,single_elimination,6,False
5,7,Jane Seymour,percent,25.0,0.16025641025641027,0.028994775172381592,2.8994775172381577,0.00114667212864794,0.08955937130923433,0.1977,0.0,0.17307692307692304,0.0,False,single_elimination,6,True
5,7,Jennie Garth,percent,26.5,0.16987179487179488,0.19363576018183754,19.363576018183746,0.016484314378336105,0.5425175591724928,0.1977,0.0,1.0,0.0,False,single_elimination,6,False
5,7,Marie Osmond,percent,26.0,0.16666666666666666,0.19178486070162729,19.17848607016272,0.01608081923536927,0.5539017149082123,0.1977,0.0,1.0,0.0,False,single_elimination,6,False
5,7,Mel B,percent,27.0,0.17307692307692307,0.188566227803591,18.856622780359093,0.01439398983104395,0.5249124930581943,0.1977,0.0,1.0,0.0,False,single_elimination,6,False
5,8,Cameron Mathison,percent,25.5,0.19391634980988592,0.041772300557172466,4.17723005571725,0.0017723483544697174,0.1235473533898612,0.2215,0.0,0.20608365019011407,0.0,False,single_elimination,5,True
5,8,Helio Castroneves,percent,28.5,0.21673003802281368,0.22711135079844166,22.711135079844187,0.015060610982703518,0.6138119972632824,0.2215,0.0,0.9885931558935361,0.0,False,single_elimination,5,False
5,8,Jennie Garth,percent,25.0,0.19011406844106463,0.25005858024162825,25.005858024162848,0.03515565653630871,0.6357802810814669,0.2215,0.0038022813688212975,0.9923954372623575,0.0,False,single_elimination,5,False
5,8,Marie Osmond,percent,24.5,0.18631178707224336,0.24735198654830684,24.735198654830707,0.03806070507355399,0.6408447452014341,0.2215,0.007604562737642567,0.9961977186311787,0.0,False,single_elimination,5,False
5,8,Mel B,percent,28.0,0.21292775665399238,0.2337057818544499,23.37057818544501,0.021707996960068,0.6184733455648066,0.2215,0.0,0.9885931558935361,0.0,False,single_elimination,5,False
5,9,Helio Castroneves,percent,30.0,0.2564102564102564,0.2987666054005824,29.876660540058253,0.038986755026357754,0.7255264579750076,0.2653,0.0,0.9914529914529915,0.0,False,single_elimination,4,False
5,9,Jennie Garth,percent,29.0,0.24786324786324787,0.06174576851853483,6.174576851853486,0.002439932866746442,0.17671059536726083,0.2653,0.0,0.25213675213675213,0.0,False,single_elimination,4,True
5,9,Marie Osmond,percent,28.0,0.23931623931623933,0.3270104594187362,32.70104594187363,0.05506644124519421,0.7679727595318823,0.2653,0.008547008547008544,1.0,0.0,False,single_elimination,4,False
5,9,Mel B,percent,30.0,0.2564102564102564,0.3124771666621462,31.247716666214632,0.040027660932819946,0.7471843451682446,0.2653,0.0,0.9914529914529915,0.0,False,single_elimination,4,False
5,10,Helio Castroneves,percent,27.999900000000004,0.35294095402801606,0.33427755216563815,33.42775521656387,0.011695974319581963,0.8377942759138156,1.0,0.0,1.0,0.0,False,no_elimination,3,False
5,10,Marie Osmond,percent,23.0,0.2899168190830813,0.331918438063395,33.19184380633955,0.013187666270732234,0.8443187840565167,1.0,0.0,1.0,0.0,False,no_elimination,3,False
5,10,Mel B,percent,28.3332,0.3571422268889026,0.3338040097709654,33.38040097709659,0.012640415997119415,0.8418675400447586,1.0,0.0,1.0,0.0,False,no_elimination,3,False
6,1,Adam Carolla,percent,15.0,0.06172839506172839,0.08482569302502652,8.482569302502647,0.0023150982049876235,0.29217065817057,1.0,0.0,1.0,0.0,False,no_elimination,12,False
6,1,Cristian de la Fuente,percent,21.0,0.08641975308641975,0.08266745344576071,8.266745344576067,0.001998214862111451,0.278125409080133,1.0,0.0,1.0,0.0,False,no_elimination,12,False
6,1,Jason Taylor,percent,22.0,0.09053497942386832,0.08328549185382143,8.328549185382139,0.0022440424914103563,0.27936720154973804,1.0,0.0,1.0,0.0,False,no_elimination,12,False
6,1,Kristi Yamaguchi,percent,27.0,0.1111111111111111,0.0834404598987634,8.344045989876337,0.00227736756566307,0.28385038811153174,1.0,0.0,1.0,0.0,False,no_elimination,12,False
6,1,Mario,percent,24.0,0.09876543209876543,0.0823664545237363,8.236645452373626,0.0022025289584410336,0.28049444302731313,1.0,0.0,1.0,0.0,False,no_elimination,12,False
6,1,Marissa Jaret Winokur,percent,18.0,0.07407407407407407,0.08409775031767351,8.409775031767348,0.002684892521922313,0.2827404464107874,1.0,0.0,1.0,0.0,False,no_elimination,12,False
6,1,Marlee Matlin,percent,22.0,0.09053497942386832,0.08227847500433154,8.22784750043315,0.002079858844833158,0.2804278843834055,1.0,0.0,1.0,0.0,False,no_elimination,12,False
6,1,Monica Seles,percent,15.0,0.06172839506172839,0.08296362927179056,8.296362927179052,0.0020234398290976336,0.28089373581190835,1.0,0.0,1.0,0.0,False,no_elimination,12,False
6,1,Penn Jillette,percent,16.0,0.06584362139917696,0.08403332945290165,8.403332945290162,0.0022718724632950233,0.28713946265304097,1.0,0.0,1.0,0.0,False,no_elimination,12,False
6,1,Priscilla Presley,percent,24.0,0.09876543209876543,0.08337958443034262,8.337958443034257,0.0019478401617292248,0.2865443170954195,1.0,0.0,1.0,0.0,False,no_elimination,12,False
6,1,Shannon Elizabeth,percent,21.0,0.08641975308641975,0.0825463292115115,8.254632921151146,0.0021549599195152215,0.28405995371083004,1.0,0.0,1.0,0.0,False,no_elimination,12,False
6,1,Steve Guttenberg,percent,18.0,0.07407407407407407,0.08411534956434057,8.411534956434053,0.002158286117418606,0.2857931255811671,1.0,0.0,1.0,0.0,False,no_elimination,12,False
6,2,Adam Carolla,percent,19.0,0.07392996108949416,0.10620114158118002,10.620114158118003,0.008467091298635357,0.30814229257122855,0.0792,0.0,0.9961089494163424,0.0,False,multi_elimination_2,12,False
6,2,Cristian de la Fuente,percent,20.0,0.07782101167315175,0.09778826788204402,9.778826788204404,0.007007945870963145,0.2978157749758126,0.0792,0.0,0.9961089494163424,0.0,False,multi_elimination_2,12,False
6,2,Jason Taylor,percent,27.0,0.10505836575875487,0.08776643732990048,8.776643732990049,0.002758961574440125,0.29258525808520536,0.0792,0.0,0.9961089494163424,0.0,False,multi_elimination_2,12,False
6,2,Kristi Yamaguchi,percent,27.0,0.10505836575875487,0.08784889179344664,8.784889179344665,0.002648148762185227,0.3063679006240558,0.0792,0.0,0.9961089494163424,0.0,False,multi_elimination_2,12,False
6,2,Mario,percent,26.0,0.10116731517509728,0.09504146551141539,9.50414655114154,0.0039594288994226744,0.325768388342429,0.0792,0.0,0.9961089494163424,0.0,False,multi_elimination_2,12,False
6,2,Marissa Jaret Winokur,percent,21.0,0.08171206225680934,0.09808574579294106,9.808574579294108,0.005465909957432362,0.3122524282881894,0.0792,0.0,0.9961089494163424,0.0,False,multi_elimination_2,12,False
6,2,Marlee Matlin,percent,24.0,0.0933852140077821,0.09554986281157035,9.554986281157037,0.004343456384779994,0.30349284697165313,0.0792,0.0,0.9961089494163424,0.0,False,multi_elimination_2,12,False
6,2,Monica Seles,percent,15.0,0.058365758754863814,0.019476145115832698,1.9476145115832701,0.0008602095296713884,0.04889501301300944,0.0792,0.0,0.11743898125221082,0.0,False,multi_elimination_2,12,True
6,2,Penn Jillette,percent,17.0,0.06614785992217899,0.015206099752075809,1.520609975207581,0.000505939442781952,0.041954180247647986,0.0792,0.0,0.11036434382737885,0.0,False,multi_elimination_2,12,True
6,2,Priscilla Presley,percent,21.0,0.08171206225680934,0.09664143594606922,9.664143594606923,0.007158394730674778,0.30590400074203283,0.0792,0.0,0.9961089494163424,0.0,False,multi_elimination_2,12,False
6,2,Shannon Elizabeth,percent,24.0,0.0933852140077821,0.08928005919197775,8.928005919197776,0.0030682014651998942,0.30442402751824726,0.0792,0.0,0.9961089494163424,0.0,False,multi_elimination_2,12,False
6,2,Steve Guttenberg,percent,16.0,0.0622568093385214,0.11111444729154636,11.111444729154638,0.02218888779269322,0.32948137897352126,0.0792,0.0038910505836575876,1.0,0.0,False,multi_elimination_2,12,False
6,3,Adam Carolla,percent,21.0,0.09210526315789473,0.11335523815927913,11.33552381592792,0.010550536758841595,0.3350803809338875,0.1362,0.0,0.9912280701754386,0.0,False,single_elimination,10,False
6,3,Cristian de la Fuente,percent,25.0,0.10964912280701754,0.1056470692318368,10.564706923183683,0.004301752708199861,0.340193048780133,0.1362,0.0,0.9912280701754386,0.0,False,single_elimination,10,False
6,3,Jason Taylor,percent,23.0,0.10087719298245613,0.10421071418520929,10.421071418520933,0.005761910637643029,0.328635581305458,0.1362,0.0,0.9912280701754386,0.0,False,single_elimination,10,False
6,3,Kristi Yamaguchi,percent,27.0,0.11842105263157894,0.10173942507536965,10.17394250753697,0.002788520317690213,0.3390794537604657,0.1362,0.0,0.9912280701754386,0.0,False,single_elimination,10,False
6,3,Mario,percent,21.0,0.09210526315789473,0.11090586235992386,11.090586235992392,0.011261014847972449,0.3433442285788372,0.1362,-0.0,0.9912280701754386,0.0,False,single_elimination,10,False
6,3,Marissa Jaret Winokur,percent,19.0,0.08333333333333333,0.12300749290136513,12.300749290136519,0.019913516588504862,0.35276043286460407,0.1362,0.008771929824561403,1.0,0.0,False,single_elimination,10,False
6,3,Marlee Matlin,percent,21.0,0.09210526315789473,0.11380464946385246,11.380464946385253,0.010291776937181078,0.3598276679774619,0.1362,0.0,0.9912280701754386,0.0,False,single_elimination,10,False
6,3,Priscilla Presley,percent,26.0,0.11403508771929824,0.10493944232571742,10.493944232571746,0.003763850418737235,0.34749055912327625,0.1362,0.0,0.9912280701754386,0.0,False,single_elimination,10,False
6,3,Shannon Elizabeth,percent,24.0,0.10526315789473684,0.10966936364059635,10.96693636405964,0.005817100822226425,0.35351073380118564,0.1362,0.0,0.9912280701754386,0.0,False,single_elimination,10,False
6,3,Steve Guttenberg,percent,21.0,0.09210526315789473,0.012720742656849476,1.2720742656849482,0.0005612337609498012,0.03699883410978534,0.1362,0.0,0.10789473684210527,0.0,False,single_elimination,10,True
6,4,Adam Carolla,percent,19.0,0.08444444444444445,0.021749183975253144,2.174918397525318,0.0008925559363572466,0.059129105006665364,0.2741,0.0,0.13777777777777778,0.0,False,single_elimination,9,True
6,4,Cristian de la Fuente,percent,26.0,0.11555555555555555,0.12010420717078485,12.010420717078503,0.005397017433501411,0.3811534831337168,0.2741,0.0,1.0,0.0,False,single_elimination,9,False
6,4,Jason Taylor,percent,29.0,0.1288888888888889,0.1208325672440898,12.083256724409,0.0035935778859543764,0.40630785813407017,0.2741,0.0,1.0,0.0,False,single_elimination,9,False
6,4,Kristi Yamaguchi,percent,29.0,0.1288888888888889,0.11774124324266927,11.774124324266944,0.0035717508512609643,0.3890385113535082,0.2741,0.0,1.0,0.0,False,single_elimination,9,False
6,4,Mario,percent,24.0,0.10666666666666667,0.1238723860121521,12.387238601215229,0.00489727466901089,0.3947139429181726,0.2741,0.0,1.0,0.0,False,single_elimination,9,False
6,4,Marissa Jaret Winokur,percent,24.0,0.10666666666666667,0.12232013000552092,12.232013000552111,0.004575981678798055,0.3870566256242714,0.2741,0.0,1.0,0.0,False,single_elimination,9,False
6,4,Marlee Matlin,percent,24.0,0.10666666666666667,0.1269041144222938,12.690411442229399,0.005753722551658074,0.40032790300883414,0.2741,0.0,1.0,0.0,False,single_elimination,9,False
6,4,Priscilla Presley,percent,22.0,0.09777777777777778,0.12997596808014078,12.997596808014098,0.008785385628671417,0.4033288037437106,0.2741,0.0,1.0,0.0,False,single_elimination,9,False
6,4,Shannon Elizabeth,percent,28.0,0.12444444444444444,0.11650019984709382,11.6500199847094,0.003389249921247536,0.3747461739469456,0.2741,0.0,1.0,0.0,False,single_elimination,9,False
6,5,Cristian de la Fuente,percent,23.0,0.11734693877551021,0.14828082233643958,14.828082233643963,0.01116762990268436,0.42466930995582675,0.2262,0.0,1.0,0.0,False,single_elimination,8,False
6,5,Jason Taylor,percent,27.0,0.1377551020408163,0.13298778680212026,13.298778680212031,0.005012543021274528,0.41794839008430773,0.2262,0.0,1.0,0.0,False,single_elimination,8,False
6,5,Kristi Yamaguchi,percent,29.0,0.14795918367346939,0.1302258341655885,13.022583416558856,0.0037248226699186674,0.4194782385518654,0.2262,0.0,1.0,0.0,False,single_elimination,8,False
6,5,Mario,percent,27.0,0.1377551020408163,0.13493567750981333,13.493567750981338,0.005744171066153167,0.4213297577251624,0.2262,0.0,1.0,0.0,False,single_elimination,8,False
6,5,Marissa Jaret Winokur,percent,24.0,0.12244897959183673,0.1421112203956697,14.211122039566975,0.008109344252064853,0.4565171178589456,0.2262,0.0,1.0,0.0,False,single_elimination,8,False
6,5,Marlee Matlin,percent,22.0,0.11224489795918367,0.14516568780556385,14.51656878055639,0.012622933204928487,0.43488252665938343,0.2262,0.0,1.0,0.0,False,single_elimination,8,False
6,5,Priscilla Presley,percent,21.0,0.10714285714285714,0.021604839799142562,2.160483979914257,0.0007017273826769817,0.062499706030334695,0.2262,0.0,0.14285714285714285,0.0,False,single_elimination,8,True
6,5,Shannon Elizabeth,percent,23.0,0.11734693877551021,0.1446881311856619,14.468813118566196,0.010417683987527841,0.4353890377547112,0.2262,0.0,1.0,0.0,False,single_elimination,8,False
6,6,Cristian de la Fuente,percent,27.0,0.15,0.15942662881660263,15.942662881660274,0.006998053614696898,0.49806354719231205,0.2882,0.0,1.0,0.0,False,single_elimination,7,False
6,6,Jason Taylor,percent,24.0,0.13333333333333333,0.16762300186535184,16.7623001865352,0.009128735013558606,0.4898733286314213,0.2882,0.0,1.0,0.0,False,single_elimination,7,False
6,6,Kristi Yamaguchi,percent,30.0,0.16666666666666666,0.15802524714653604,15.802524714653615,0.006382293287959458,0.49559668935435713,0.2882,0.0,1.0,0.0,False,single_elimination,7,False
6,6,Mario,percent,28.0,0.15555555555555556,0.16039949344822466,16.039949344822478,0.007816696908023387,0.4789003425020018,0.2882,0.0,1.0,0.0,False,single_elimination,7,False
6,6,Marissa Jaret Winokur,percent,26.0,0.14444444444444443,0.16185953781303003,16.185953781303017,0.006987212300916389,0.5006277438456691,0.2882,0.0,1.0,0.0,False,single_elimination,7,False
6,6,Marlee Matlin,percent,21.0,0.11666666666666667,0.029036934118967857,2.9036934118967883,0.001028836091478878,0.08218827885164318,0.2882,0.0,0.16904761904761903,0.0,False,single_elimination,7,True
6,6,Shannon Elizabeth,percent,24.0,0.13333333333333333,0.16362915679128623,16.362915679128637,0.010415170510822282,0.4765070758433166,0.2882,0.0,1.0,0.0,False,single_elimination,7,False
6,7,Cristian de la Fuente,percent,23.0,0.1488673139158576,0.20935980731585216,20.935980731585236,0.03905818231847771,0.5411113070227376,0.182,0.016181229773462785,1.0,0.0,False,single_elimination,6,False
6,7,Jason Taylor,percent,27.5,0.1779935275080906,0.18490386699556147,18.490386699556165,0.014226696327704036,0.5213248286182735,0.182,0.0,0.9838187702265372,0.0,False,single_elimination,6,False
6,7,Kristi Yamaguchi,percent,27.0,0.17475728155339806,0.19082796117347534,19.08279611734755,0.0159541762334729,0.5511660364777092,0.182,0.0,0.9838187702265372,0.0,False,single_elimination,6,False
6,7,Mario,percent,25.5,0.1650485436893204,0.18976182937970054,18.97618293797007,0.02101126346794156,0.5281260471216543,0.182,0.0,0.9838187702265372,0.0,False,single_elimination,6,False
6,7,Marissa Jaret Winokur,percent,26.0,0.16828478964401294,0.19671801759006122,19.67180175900614,0.023273212661359524,0.5453903291949388,0.182,0.0,0.9838187702265372,0.0,False,single_elimination,6,False
6,7,Shannon Elizabeth,percent,25.5,0.1650485436893204,0.02842851754534841,2.8428517545348435,0.000715433385527636,0.08790456739785606,0.182,0.0,0.16828478964401297,0.0,False,single_elimination,6,True
6,8,Cristian de la Fuente,percent,28.5,0.21348314606741572,0.23376325648623167,23.37632564862315,0.019697374097854322,0.6507172519428912,0.2053,0.0,0.9850187265917603,0.0,False,single_elimination,5,False
6,8,Jason Taylor,percent,26.0,0.1947565543071161,0.24663335412862,24.663335412861983,0.03828531989654523,0.6355433930967337,0.2053,0.0037453183520599342,0.9887640449438202,0.0,False,single_elimination,5,False
6,8,Kristi Yamaguchi,percent,27.5,0.20599250936329588,0.23096061187648304,23.09606118764829,0.027027760536584223,0.6050483280639788,0.2053,0.0,0.9850187265917603,0.0,False,single_elimination,5,False
6,8,Mario,percent,26.5,0.19850187265917604,0.0413314686536555,4.133146865365547,0.0014143425728960165,0.125368128279966,0.2053,0.0,0.20149812734082395,0.0,False,single_elimination,5,True
6,8,Marissa Jaret Winokur,percent,25.0,0.18726591760299627,0.2473113088550105,24.73113088550103,0.042039959919954094,0.6172020146358167,0.2053,0.011235955056179775,0.9962546816479401,0.0,False,single_elimination,5,False
6,9,Cristian de la Fuente,percent,28.0,0.2545454545454545,0.3131693965509744,31.316939655097475,0.03838606013478473,0.7384371286143976,0.2906,0.0,1.0,0.0,False,single_elimination,4,False
6,9,Jason Taylor,percent,27.5,0.25,0.31538643147493295,31.538643147493328,0.036934663717863386,0.7513980517885561,0.2906,0.0,1.0,0.0,False,single_elimination,4,False
6,9,Kristi Yamaguchi,percent,28.5,0.2590909090909091,0.30501724759009813,30.501724759009846,0.02767708494191603,0.7403578940707578,0.2906,0.0,1.0,0.0,False,single_elimination,4,False
6,9,Marissa Jaret Winokur,percent,26.0,0.23636363636363636,0.06642692438399347,6.642692438399354,0.002354639289778609,0.18744673282038532,0.2906,0.0,0.26363636363636367,0.0,False,single_elimination,4,True
6,10,Cristian de la Fuente,percent,26.0,0.3076923076923077,0.33505016713116753,33.50501671311673,0.0119011085435102,0.8470535396444053,1.0,0.0,1.0,0.0,False,no_elimination,3,False
6,10,Jason Taylor,percent,28.5,0.33727810650887574,0.3336858441001626,33.36858441001624,0.011562597565363623,0.8465086848502225,1.0,0.0,1.0,0.0,False,no_elimination,3,False
6,10,Kristi Yamaguchi,percent,30.0,0.35502958579881655,0.33126398876867064,33.12639887686704,0.01231098456857024,0.8490572740449333,1.0,0.0,1.0,0.0,False,no_elimination,3,False
7,1,Brooke Burke,percent,24.5,0.09722222222222222,0.07818300974093688,7.818300974093688,0.0022452301901019424,0.2645753042626023,0.0484,0.0,0.9861111111111112,0.0,False,multi_elimination_2,13,False
7,1,Cloris Leachman,percent,16.0,0.06349206349206349,0.10416665411835317,10.416665411835318,0.020334311192647385,0.3029779926862321,0.0484,0.009920634920634927,0.996031746031746,0.0,False,multi_elimination_2,13,False
7,1,Cody Linley,percent,20.5,0.08134920634920635,0.08566174146179655,8.566174146179655,0.004672634270291896,0.27709905803448304,0.0484,0.0,0.9861111111111112,0.0,False,multi_elimination_2,13,False
7,1,Jeffrey Ross,percent,12.0,0.047619047619047616,0.02120800183789522,2.120800183789522,0.0008294769126285774,0.052990923149536094,0.0484,0.0,0.1129298941798942,0.0,False,multi_elimination_2,13,True
7,1,Kim Kardashian,percent,18.5,0.07341269841269842,0.09088997998359759,9.088997998359758,0.009582066078249239,0.2866419053024211,0.0484,-0.0,0.9861111111111112,0.0,False,multi_elimination_2,13,False
7,1,Lance Bass,percent,21.5,0.08531746031746032,0.07926282096084053,7.926282096084053,0.0031177074920712457,0.27945381113656753,0.0484,0.0,0.9861111111111112,0.0,False,multi_elimination_2,13,False
7,1,Maurice Greene,percent,19.5,0.07738095238095238,0.08769833424032746,8.769833424032745,0.006978096750414575,0.2701326344208999,0.0484,0.0,0.9861111111111112,0.0,False,multi_elimination_2,13,False
7,1,Misty May-Treanor,percent,21.0,0.08333333333333333,0.08798832760549774,8.798832760549773,0.0037030367630444608,0.30660563196734825,0.0484,0.0,0.9861111111111112,0.0,False,multi_elimination_2,13,False
7,1,Rocco DiSpirito,percent,17.5,0.06944444444444445,0.10452205494615577,10.452205494615576,0.014005739023113216,0.3138054278664862,0.0484,0.003968253968253968,0.9900793650793651,0.0,False,multi_elimination_2,13,False
7,1,Susan Lucci,percent,18.5,0.07341269841269842,0.09313412298165033,9.313412298165034,0.01131037924974287,0.3125962747372891,0.0484,0.0,0.9861111111111112,0.0,False,multi_elimination_2,13,False
7,1,Ted McGinley,percent,18.5,0.07341269841269842,0.009987948848981573,0.9987948848981573,0.000456913487955517,0.03222323239147625,0.0484,0.0,0.08928571428571427,0.0,False,multi_elimination_2,13,True
7,1,Toni Braxton,percent,22.5,0.08928571428571429,0.07808582041878322,7.808582041878322,0.0022583287087585453,0.2742688782723008,0.0484,0.0,0.9861111111111112,0.0,False,multi_elimination_2,13,False
7,1,Warren Sapp,percent,21.5,0.08531746031746032,0.079211182855184,7.9211182855184,0.004204542949764777,0.24882345435329375,0.0484,0.0,0.9861111111111112,0.0,False,multi_elimination_2,13,False
7,2,Brooke Burke,percent,24.0,0.1085972850678733,0.09399172396399164,9.399172396399164,0.0030279342456683038,0.31359684267143906,0.1701,0.0,0.9864253393665159,0.0,False,single_elimination,11,False
7,2,Cloris Leachman,percent,15.0,0.06787330316742081,0.1159409821392712,11.594098213927122,0.02064865143349201,0.3406988538780267,0.1701,0.009049773755656118,0.995475113122172,0.0,False,single_elimination,11,False
7,2,Cody Linley,percent,21.0,0.09502262443438914,0.09614626580075132,9.614626580075134,0.0030358495337623297,0.3187132839202963,0.1701,0.0,0.9864253393665159,0.0,False,single_elimination,11,False
7,2,Kim Kardashian,percent,17.0,0.07692307692307693,0.013550190414563694,1.3550190414563696,0.0005835548896888251,0.03722945949402742,0.1701,0.0,0.10489510489510485,0.0,False,single_elimination,11,True
7,2,Lance Bass,percent,20.0,0.09049773755656108,0.09208992450194864,9.208992450194865,0.003969376225963431,0.2953338492623907,0.1701,0.0,0.9864253393665159,0.0,False,single_elimination,11,False
7,2,Maurice Greene,percent,19.0,0.08597285067873303,0.09958991262156153,9.958991262156154,0.006271608000513917,0.3249218695536001,0.1701,0.0,0.9864253393665159,0.0,False,single_elimination,11,False
7,2,Misty May-Treanor,percent,21.0,0.09502262443438914,0.09590234223594009,9.59023422359401,0.004035905294725211,0.31763265921096295,0.1701,0.0,0.9864253393665159,0.0,False,single_elimination,11,False
7,2,Rocco DiSpirito,percent,16.0,0.07239819004524888,0.11128030408047997,11.128030408047998,0.01587556345608509,0.3385218931839731,0.1701,0.004524886877828052,0.9909502262443439,0.0,False,single_elimination,11,False
7,2,Susan Lucci,percent,21.0,0.09502262443438914,0.0968070532123693,9.680705321236932,0.004130267574349086,0.325429872362599,0.1701,0.0,0.9864253393665159,0.0,False,single_elimination,11,False
7,2,Toni Braxton,percent,23.0,0.10407239819004525,0.09362148249967471,9.362148249967472,0.0027748942671741664,0.3064813402415376,0.1701,0.0,0.9864253393665159,0.0,False,single_elimination,11,False
7,2,Warren Sapp,percent,24.0,0.1085972850678733,0.09107981852944776,9.107981852944777,0.002373959277951345,0.30324688936188693,0.1701,0.0,0.9864253393665159,0.0,False,single_elimination,11,False
7,3,Brooke Burke,percent,28.0,0.1407035175879397,0.11165823725270452,11.165823725270458,0.003176745524627383,0.3673782710905927,1.0,0.0,1.0,0.0,False,no_elimination,9,False
7,3,Cloris Leachman,percent,16.0,0.08040201005025126,0.11015464381414487,11.015464381414494,0.002934657308083182,0.3641612207591096,1.0,0.0,1.0,0.0,False,no_elimination,9,False
7,3,Cody Linley,percent,21.0,0.10552763819095477,0.1103422169405549,11.034221694055498,0.003200351365244439,0.37426689809636565,1.0,0.0,1.0,0.0,False,no_elimination,9,False
7,3,Lance Bass,percent,22.0,0.11055276381909548,0.11187796482395916,11.187796482395923,0.0029970961330871146,0.3694469128513734,1.0,0.0,1.0,0.0,False,no_elimination,9,False
7,3,Maurice Greene,percent,24.0,0.12060301507537688,0.11046009924445137,11.046009924445144,0.0029936212103159917,0.37261213272613947,1.0,0.0,1.0,0.0,False,no_elimination,9,False
7,3,Rocco DiSpirito,percent,20.0,0.10050251256281408,0.11122255193534936,11.122255193534942,0.0031062562539738627,0.36605601303783475,1.0,0.0,1.0,0.0,False,no_elimination,9,False
7,3,Susan Lucci,percent,21.0,0.10552763819095477,0.11203590480886419,11.203590480886426,0.0031104125577589873,0.36969135244879814,1.0,0.0,1.0,0.0,False,no_elimination,9,False
7,3,Toni Braxton,percent,22.0,0.11055276381909548,0.11070348011926319,11.070348011926326,0.0034861006938886377,0.3701817985101442,1.0,0.0,1.0,0.0,False,no_elimination,9,False
7,3,Warren Sapp,percent,25.0,0.12562814070351758,0.11154490106070764,11.15449010607077,0.003215921359099777,0.3803032853944945,1.0,0.0,1.0,0.0,False,no_elimination,9,False
7,4,Brooke Burke,percent,26.0,0.12807881773399016,0.12221555259626642,12.221555259626639,0.004559097432383131,0.40450288844742494,0.2568,0.0,1.0,0.0,False,single_elimination,9,False
7,4,Cloris Leachman,percent,22.0,0.10837438423645321,0.12531056958146436,12.531056958146433,0.00513282189339169,0.3849463162530297,0.2568,0.0,1.0,0.0,False,single_elimination,9,False
7,4,Cody Linley,percent,23.0,0.11330049261083744,0.12049739250160105,12.049739250160101,0.004620929462852121,0.3735260599564029,0.2568,0.0,1.0,0.0,False,single_elimination,9,False
7,4,Lance Bass,percent,26.0,0.12807881773399016,0.11839204276923308,11.839204276923306,0.0036888861720339172,0.3947749162260872,0.2568,0.0,1.0,0.0,False,single_elimination,9,False
7,4,Maurice Greene,percent,20.0,0.09852216748768473,0.12869061451527347,12.869061451527344,0.008670325349589862,0.3870663905740326,0.2568,0.0,1.0,0.0,False,single_elimination,9,False
7,4,Rocco DiSpirito,percent,18.0,0.08866995073891626,0.020110869310723572,2.0110869310723567,0.0008175362996461224,0.05596793183408738,0.2568,0.0,0.13355227148330595,0.0,False,single_elimination,9,True
7,4,Susan Lucci,percent,24.0,0.11822660098522167,0.11993262219777938,11.993262219777936,0.004037477434094695,0.3908223781257768,0.2568,0.0,1.0,0.0,False,single_elimination,9,False
7,4,Toni Braxton,percent,22.0,0.10837438423645321,0.12333204479432772,12.33320447943277,0.005291542134218421,0.3944348457699915,0.2568,0.0,1.0,0.0,False,single_elimination,9,False
7,4,Warren Sapp,percent,22.0,0.10837438423645321,0.12151829173333126,12.151829173333123,0.00540327876351557,0.3843328778524288,0.2568,0.0,1.0,0.0,False,single_elimination,9,False
7,5,Brooke Burke,percent,29.0,0.14871794871794872,0.1264997801932246,12.649978019322461,0.0042318581905466356,0.39644511098133345,0.1762,0.0,0.9897435897435898,0.0,False,single_elimination,8,False
7,5,Cloris Leachman,percent,21.0,0.1076923076923077,0.15101121783999474,15.101121783999474,0.019605722790086176,0.4301654177185282,0.1762,0.005128205128205124,0.9948717948717949,0.0,False,single_elimination,8,False
7,5,Cody Linley,percent,28.0,0.14358974358974358,0.13438954750118923,13.438954750118922,0.00515754414757505,0.43459877265530467,0.1762,0.0,0.9897435897435898,0.0,False,single_elimination,8,False
7,5,Lance Bass,percent,21.0,0.1076923076923077,0.15124395828330836,15.124395828330837,0.020342763128931428,0.4342952234944398,0.1762,0.005128205128205124,0.9948717948717949,0.0,False,single_elimination,8,False
7,5,Maurice Greene,percent,27.0,0.13846153846153847,0.13074188180086113,13.074188180086113,0.005071645564807223,0.4011702526202711,0.1762,0.0,0.9897435897435898,0.0,False,single_elimination,8,False
7,5,Susan Lucci,percent,22.0,0.11282051282051282,0.14897249412477048,14.897249412477048,0.01567399835931815,0.4565818858591508,0.1762,0.0,0.9897435897435898,0.0,False,single_elimination,8,False
7,5,Toni Braxton,percent,22.0,0.11282051282051282,0.020502741731132236,2.0502741731132237,0.000903479466626953,0.06072666551069038,0.1762,0.0,0.13717948717948714,0.0,False,single_elimination,8,True
7,5,Warren Sapp,percent,25.0,0.1282051282051282,0.1366383785255193,13.66383785255193,0.0065849078812772925,0.4511305069735772,0.1762,0.0,0.9897435897435898,0.0,False,single_elimination,8,False
7,6,Brooke Burke,percent,26.0,0.1625,0.15272985082396254,15.27298508239625,0.004719992181459734,0.49311213202108256,0.3898,0.0,1.0,0.0,False,single_elimination,7,False
7,6,Cloris Leachman,percent,15.0,0.09375,0.039606106720687,3.9606106720686993,0.0017618311517487324,0.1009356213975039,0.3898,0.0,0.19196428571428573,0.0,False,single_elimination,7,True
7,6,Cody Linley,percent,23.0,0.14375,0.1614266691401798,16.14266691401798,0.0077972403204474424,0.4925351953085998,0.3898,0.0,1.0,0.0,False,single_elimination,7,False
7,6,Lance Bass,percent,27.0,0.16875,0.15605178234567899,15.605178234567896,0.005191958164151044,0.49068039826098026,0.3898,0.0,1.0,0.0,False,single_elimination,7,False
7,6,Maurice Greene,percent,21.0,0.13125,0.16739067254583564,16.73906725458356,0.008620970166160041,0.4879525327500362,0.3898,0.0,1.0,0.0,False,single_elimination,7,False
7,6,Susan Lucci,percent,23.0,0.14375,0.16241941227810344,16.24194122781034,0.007229862532820983,0.4896356158155677,0.3898,0.0,1.0,0.0,False,single_elimination,7,False
7,6,Warren Sapp,percent,25.0,0.15625,0.16037550614555282,16.03755061455528,0.005451344015985129,0.4859044665962193,0.3898,0.0,1.0,0.0,False,single_elimination,7,False
7,7,Brooke Burke,percent,30.0,0.20408163265306123,0.16989846323674904,16.9898463236749,0.006606252757624168,0.5252896917898568,0.17,0.0,0.9659863945578231,0.0,False,single_elimination,6,False
7,7,Cody Linley,percent,22.0,0.14965986394557823,0.21108392851236035,21.10839285123603,0.03961949295042609,0.5532500148591109,0.17,0.013605442176870736,0.9795918367346939,0.0,False,single_elimination,6,False
7,7,Lance Bass,percent,25.0,0.17006802721088435,0.19407248172463548,19.407248172463543,0.014957783437261705,0.5358344746662087,0.17,0.0,0.9659863945578231,0.0,False,single_elimination,6,False
7,7,Maurice Greene,percent,25.0,0.17006802721088435,0.18256006849956918,18.256006849956915,0.017218548064265846,0.49989044344332245,0.17,0.0,0.9659863945578231,0.0,False,single_elimination,6,False
7,7,Susan Lucci,percent,24.0,0.16326530612244897,0.030014442867892854,3.0014442867892845,0.0009827176484616285,0.09483949054186962,0.17,0.0,0.17006802721088435,0.0,False,single_elimination,6,True
7,7,Warren Sapp,percent,21.0,0.14285714285714285,0.21237061515879335,21.23706151587933,0.04645345831523207,0.5396496879737012,0.17,0.020408163265306117,0.9863945578231292,0.0,False,single_elimination,6,False
7,8,Brooke Burke,percent,27.5,0.21568627450980393,0.22765084845366976,22.765084845366978,0.016624216933376484,0.6273806779631544,0.2417,0.0,1.0,0.0,False,single_elimination,5,False
7,8,Cody Linley,percent,24.0,0.18823529411764706,0.2541272787544507,25.412727875445075,0.03371367169205952,0.6461391363521453,0.2417,-0.0,1.0,0.0,False,single_elimination,5,False
7,8,Lance Bass,percent,25.0,0.19607843137254902,0.23958222453804312,23.958222453804314,0.030693617723911305,0.6335783959266806,0.2417,0.0,1.0,0.0,False,single_elimination,5,False
7,8,Maurice Greene,percent,24.0,0.18823529411764706,0.04387343504390163,4.387343504390164,0.0015887359767634427,0.1334483725149927,0.2417,0.0,0.2117647058823529,0.0,False,single_elimination,5,True
7,8,Warren Sapp,percent,27.0,0.21176470588235294,0.2347662132099347,23.476621320993473,0.01786264503828044,0.6411224623130751,0.2417,0.0,1.0,0.0,False,single_elimination,5,False
7,9,Brooke Burke,percent,24.5,0.24378109452736318,0.3209634128687814,32.09634128687812,0.03822004079132427,0.7721104034257823,0.3014,0.0,1.0,0.0,False,single_elimination,4,False
7,9,Cody Linley,percent,23.0,0.22885572139303484,0.06925832839393473,6.92583283939347,0.001979098666043496,0.1932294843432911,0.3014,0.0,0.27114427860696516,0.0,False,single_elimination,4,True
7,9,Lance Bass,percent,28.5,0.2835820895522388,0.2920463123574436,29.20463123574435,0.023434849018517636,0.7423816832931799,0.3014,0.0,1.0,0.0,False,single_elimination,4,False
7,9,Warren Sapp,percent,24.5,0.24378109452736318,0.3177319463798408,31.773194637984066,0.03620374165792985,0.761381256873144,0.3014,0.0,1.0,0.0,False,single_elimination,4,False
7,10,Brooke Burke,percent,30.0,0.35294117647058826,0.33584025923989314,33.58402592398942,0.013280702378013794,0.8414608274544597,1.0,0.0,1.0,0.0,False,no_elimination,3,False
7,10,Lance Bass,percent,27.5,0.3235294117647059,0.331100735382191,33.110073538219204,0.012072334728066276,0.8361044525042409,1.0,0.0,1.0,0.0,False,no_elimination,3,False
7,10,Warren Sapp,percent,27.5,0.3235294117647059,0.33305900537791283,33.30590053779139,0.01263343682350895,0.8518470699644265,1.0,0.0,1.0,0.0,False,no_elimination,3,False
8,1,Belinda Carlisle,percent,17.0,0.06995884773662552,0.07794973934440362,7.794973934440372,0.0020588641328106796,0.2651422456177032,1.0,0.0,1.0,0.0,False,no_elimination,13,False
8,1,Chuck Wicks,percent,20.0,0.0823045267489712,0.07650330596804215,7.650330596804225,0.0020278641796037007,0.2598494105696172,1.0,0.0,1.0,0.0,False,no_elimination,13,False
8,1,David Alan Grier,percent,19.0,0.07818930041152264,0.0756067830242763,7.56067830242764,0.0020997428069317995,0.2614195503473344,1.0,0.0,1.0,0.0,False,no_elimination,13,False
8,1,Denise Richards,percent,18.0,0.07407407407407407,0.07637293840754752,7.637293840754762,0.002061331030334766,0.26060501034281774,1.0,0.0,1.0,0.0,False,no_elimination,13,False
8,1,Gilles Marini,percent,24.0,0.09876543209876543,0.07786325842302683,7.786325842302692,0.0022615071228151064,0.26626784589052443,1.0,0.0,1.0,0.0,False,no_elimination,13,False
8,1,Holly Madison,percent,18.0,0.07407407407407407,0.07690388071617184,7.6903880716171935,0.0021399593619489464,0.26706244795490236,1.0,0.0,1.0,0.0,False,no_elimination,13,False
8,1,Lawrence Taylor,percent,16.0,0.06584362139917696,0.07619015565306304,7.619015565306314,0.0020954389499245455,0.26525413246659785,1.0,0.0,1.0,0.0,False,no_elimination,13,False
8,1,Lil' Kim,percent,21.0,0.08641975308641975,0.07793892782743832,7.793892782743842,0.0021402165447546163,0.2739065160620231,1.0,0.0,1.0,0.0,False,no_elimination,13,False
8,1,Melissa Rycroft,percent,23.0,0.09465020576131687,0.07608152890713661,7.60815289071367,0.00217825494680161,0.26616477288637436,1.0,0.0,1.0,0.0,False,no_elimination,13,False
8,1,Shawn Johnson,percent,23.0,0.09465020576131687,0.07646231533718945,7.646231533718955,0.00202367402205251,0.2584404876445318,1.0,0.0,1.0,0.0,False,no_elimination,13,False
8,1,Steve Wozniak,percent,13.0,0.053497942386831275,0.07672717674930754,7.672717674930764,0.002200699340731429,0.26832255975251534,1.0,0.0,1.0,0.0,False,no_elimination,13,False
8,1,Steve-O,percent,17.0,0.06995884773662552,0.0775950585505729,7.7595058550572995,0.0022604030677033198,0.27191076457272695,1.0,0.0,1.0,0.0,False,no_elimination,13,False
8,1,Ty Murray,percent,14.0,0.05761316872427984,0.07780493109182267,7.780493109182276,0.0021536436288286027,0.27207304352112954,1.0,0.0,1.0,0.0,False,no_elimination,13,False
8,2,Belinda Carlisle,percent,18.0,0.06792452830188679,0.008707483716333352,0.8707483716333351,0.00020268596876038704,0.027778713981733306,0.1058,0.0,0.08592162554426706,0.0,False,single_elimination,13,True
8,2,Chuck Wicks,percent,20.0,0.07547169811320754,0.0803099821341809,8.030998213418089,0.003743000113044154,0.27198406607392084,0.1058,0.0,0.9773584905660377,0.0,False,single_elimination,13,False
8,2,David Alan Grier,percent,17.0,0.06415094339622641,0.09325683398918765,9.325683398918763,0.011119332639086165,0.293233613552548,0.1058,0.0037735849056603765,0.9811320754716981,0.0,False,single_elimination,13,False
8,2,Denise Richards,percent,21.0,0.07924528301886792,0.07377416242268038,7.377416242268037,0.003021001733720374,0.25072263884910356,0.1058,0.0,0.9773584905660377,0.0,False,single_elimination,13,False
8,2,Gilles Marini,percent,27.0,0.1018867924528302,0.07146144638192947,7.146144638192946,0.0024471526828996567,0.23891347339898356,0.1058,0.0,0.9773584905660377,0.0,False,single_elimination,13,False
8,2,Holly Madison,percent,18.0,0.06792452830188679,0.08140382202816632,8.14038220281663,0.008782312514390092,0.2459203344023196,0.1058,0.0,0.9773584905660377,0.0,False,single_elimination,13,False
8,2,Lawrence Taylor,percent,20.0,0.07547169811320754,0.0852281423283625,8.522814232836248,0.005359199230036917,0.27665614328086985,0.1058,0.0,0.9773584905660377,0.0,False,single_elimination,13,False
8,2,Lil' Kim,percent,23.0,0.08679245283018867,0.08223392447786146,8.223392447786145,0.0028852598715857184,0.2786724102063757,0.1058,0.0,0.9773584905660377,0.0,False,single_elimination,13,False
8,2,Melissa Rycroft,percent,26.0,0.09811320754716982,0.07760397909853578,7.760397909853577,0.0020035735441855116,0.26228562373445474,0.1058,0.0,0.9773584905660377,0.0,False,single_elimination,13,False
8,2,Shawn Johnson,percent,24.0,0.09056603773584905,0.0782893468859773,7.8289346885977285,0.0022371834981924454,0.26540420608902054,0.1058,0.0,0.9773584905660377,0.0,False,single_elimination,13,False
8,2,Steve Wozniak,percent,17.0,0.06415094339622641,0.09073504522354468,9.073504522354467,0.010840324872816325,0.26005337974533543,0.1058,0.0037735849056603765,0.9811320754716981,0.0,False,single_elimination,13,False
8,2,Steve-O,percent,14.0,0.052830188679245285,0.0982327921505407,9.823279215054068,0.02393098222881459,0.2919312423938414,0.1058,0.015094339622641506,0.9924528301886792,0.0,False,single_elimination,13,False
8,2,Ty Murray,percent,20.0,0.07547169811320754,0.07876303916269971,7.876303916269969,0.003609342855448331,0.2516317863418215,0.1058,0.0,0.9773584905660377,0.0,False,single_elimination,13,False
8,3,Chuck Wicks,percent,23.0,0.09055118110236221,0.0837814179124147,8.378141791241465,0.00322501225841472,0.28262824523578534,0.1598,0.0,0.9724409448818898,0.0,False,single_elimination,12,False
8,3,David Alan Grier,percent,24.0,0.09448818897637795,0.08465872172216973,8.465872172216969,0.0018464526886980547,0.2851442830843149,0.1598,0.0,0.9724409448818898,0.0,False,single_elimination,12,False
8,3,Denise Richards,percent,16.0,0.06299212598425197,0.014279758384687707,1.42797583846877,0.0005687064253608818,0.03982307239435554,0.1598,0.0,0.10367454068241466,0.0,False,single_elimination,12,True
8,3,Gilles Marini,percent,27.0,0.1062992125984252,0.08329399914697633,8.329399914697628,0.0023136086023054863,0.27081107368296586,0.1598,0.0,0.9724409448818898,0.0,False,single_elimination,12,False
8,3,Holly Madison,percent,17.0,0.06692913385826772,0.09175218155190519,9.175218155190516,0.007439348223320945,0.29009673374796335,0.1598,0.0,0.9724409448818898,0.0,False,single_elimination,12,False
8,3,Lawrence Taylor,percent,20.0,0.07874015748031496,0.0851773752501637,8.517737525016365,0.0034828013681846934,0.2790995157317973,0.1598,0.0,0.9724409448818898,0.0,False,single_elimination,12,False
8,3,Lil' Kim,percent,25.0,0.0984251968503937,0.08185385977536841,8.185385977536837,0.0025626091855926268,0.2825065372371612,0.1598,0.0,0.9724409448818898,0.0,False,single_elimination,12,False
8,3,Melissa Rycroft,percent,27.0,0.1062992125984252,0.08490351396715419,8.490351396715415,0.002373774084054684,0.2692335757557623,0.1598,0.0,0.9724409448818898,0.0,False,single_elimination,12,False
8,3,Shawn Johnson,percent,27.0,0.1062992125984252,0.08510235550588535,8.510235550588531,0.0026275817215842146,0.30240983136475674,0.1598,0.0,0.9724409448818898,0.0,False,single_elimination,12,False
8,3,Steve Wozniak,percent,10.0,0.03937007874015748,0.12002289494035771,12.002289494035766,0.03649424128696918,0.3305263343979236,0.1598,0.023622047244094488,0.9960629921259843,0.0,False,single_elimination,12,False
8,3,Steve-O,percent,15.0,0.05905511811023622,0.10114124485800781,10.114124485800776,0.01484789766894941,0.29887777339588695,0.1598,0.003937007874015748,0.9763779527559056,0.0,False,single_elimination,12,False
8,3,Ty Murray,percent,23.0,0.09055118110236221,0.08403267698490965,8.40326769849096,0.0028776046470621198,0.26670706537116956,0.1598,0.0,0.9724409448818898,0.0,False,single_elimination,12,False
8,4,Chuck Wicks,percent,22.0,0.09090909090909091,0.10750678355334442,10.750678355334447,0.00616907384882686,0.3223911210211826,0.1221,0.0,0.9958677685950413,0.0,False,multi_elimination_2,11,False
8,4,David Alan Grier,percent,22.0,0.09090909090909091,0.10627081726210856,10.62708172621086,0.004688517658554635,0.33954557194625945,0.1221,0.0,0.9958677685950413,0.0,False,multi_elimination_2,11,False
8,4,Gilles Marini,percent,30.0,0.12396694214876033,0.10129388933476367,10.12938893347637,0.0028701567258069887,0.3411554994932444,0.1221,0.0,0.9958677685950413,0.0,False,multi_elimination_2,11,False
8,4,Holly Madison,percent,16.0,0.06611570247933884,0.02153633387239355,2.153633387239356,0.0008071492345742932,0.05710149965146991,0.1221,0.0,0.12892561983471074,0.0,False,multi_elimination_2,11,True
8,4,Lawrence Taylor,percent,19.0,0.07851239669421488,0.11479354039334633,11.479354039334638,0.010320554676776497,0.34100617058128224,0.1221,0.0,0.9958677685950413,0.0,False,multi_elimination_2,11,False
8,4,Lil' Kim,percent,27.0,0.1115702479338843,0.09715270345030695,9.715270345030698,0.0037075224540908973,0.31493837930385493,0.1221,0.0,0.9958677685950413,0.0,False,multi_elimination_2,11,False
8,4,Melissa Rycroft,percent,29.0,0.11983471074380166,0.09635722449353755,9.635722449353757,0.0030120361774303183,0.3366805955104261,0.1221,0.0,0.9958677685950413,0.0,False,multi_elimination_2,11,False
8,4,Shawn Johnson,percent,25.0,0.10330578512396695,0.09782963066595246,9.782963066595249,0.0035859535481726056,0.335857289965768,0.1221,0.0,0.9958677685950413,0.0,False,multi_elimination_2,11,False
8,4,Steve Wozniak,percent,12.0,0.049586776859504134,0.027548727631030757,2.754872763103077,0.0013806387990717064,0.06759000255779712,0.1221,0.0,0.143801652892562,0.0,False,multi_elimination_2,11,True
8,4,Steve-O,percent,15.0,0.06198347107438017,0.1308966846147161,13.089668461471614,0.021197643694717647,0.3539713423873422,0.1221,0.004132231404958678,1.0,0.0,False,multi_elimination_2,11,False
8,4,Ty Murray,percent,25.0,0.10330578512396695,0.09881366472849927,9.88136647284993,0.003406048266781909,0.3282254308260791,0.1221,0.0,0.9958677685950413,0.0,False,multi_elimination_2,11,False
8,5,Chuck Wicks,percent,23.0,0.10952380952380952,0.12332490970374581,12.33249097037458,0.010336229670413092,0.37719353596713157,0.1261,0.0,0.9666666666666667,0.0,False,single_elimination,9,False
8,5,David Alan Grier,percent,22.0,0.10476190476190476,0.015145713819635831,1.514571381963583,0.0004308213302735004,0.04325845474378434,0.1261,0.0,0.11746031746031745,0.0,False,single_elimination,9,True
8,5,Gilles Marini,percent,29.0,0.1380952380952381,0.11375826380245405,11.375826380245405,0.0029369110923510994,0.3680711836655018,0.1261,0.0,0.9666666666666667,0.0,False,single_elimination,9,False
8,5,Lawrence Taylor,percent,20.0,0.09523809523809523,0.1349728425201744,13.497284252017442,0.022660825932176575,0.37942338750656934,0.1261,0.009523809523809532,0.9761904761904762,0.0,False,single_elimination,9,False
8,5,Lil' Kim,percent,26.0,0.12380952380952381,0.11102521440337837,11.102521440337837,0.004355370749686014,0.35194197126339116,0.1261,0.0,0.9666666666666667,0.0,False,single_elimination,9,False
8,5,Melissa Rycroft,percent,25.0,0.11904761904761904,0.12008183452230538,12.008183452230538,0.005518382052934518,0.36279745262222507,0.1261,0.0,0.9666666666666667,0.0,False,single_elimination,9,False
8,5,Shawn Johnson,percent,26.0,0.12380952380952381,0.10998805220174085,10.998805220174084,0.004107423480137812,0.34577391373382227,0.1261,0.0,0.9666666666666667,0.0,False,single_elimination,9,False
8,5,Steve-O,percent,18.0,0.08571428571428572,0.14438368185793765,14.438368185793765,0.032082401114300746,0.42079002689177636,0.1261,0.01904761904761905,0.9857142857142858,0.0,False,single_elimination,9,False
8,5,Ty Murray,percent,21.0,0.1,0.1273194871686276,12.731948716862759,0.01612764596767815,0.3994191345444361,0.1261,0.004761904761904759,0.9714285714285714,0.0,False,single_elimination,9,False
8,6,Chuck Wicks,percent,23.0,0.12365591397849462,0.13662824238407115,13.662824238407111,0.0062649335548658385,0.43582465937798287,0.3264,0.0,1.0,0.0,False,single_elimination,8,False
8,6,Gilles Marini,percent,26.0,0.13978494623655913,0.13470237545620237,13.470237545620234,0.005077033385652853,0.42846919216128787,0.3264,0.0,1.0,0.0,False,single_elimination,8,False
8,6,Lawrence Taylor,percent,22.0,0.11827956989247312,0.13860629965866036,13.860629965866034,0.005914717412407214,0.4351708602235287,0.3264,0.0,1.0,0.0,False,single_elimination,8,False
8,6,Lil' Kim,percent,28.0,0.15053763440860216,0.13456329349104515,13.456329349104513,0.003979400541472504,0.4179271250953351,0.3264,0.0,1.0,0.0,False,single_elimination,8,False
8,6,Melissa Rycroft,percent,27.0,0.14516129032258066,0.1347954628413757,13.479546284137566,0.0037935971640106775,0.4196015603710573,0.3264,0.0,1.0,0.0,False,single_elimination,8,False
8,6,Shawn Johnson,percent,26.0,0.13978494623655913,0.13489197467017733,13.48919746701773,0.0035522737102082398,0.4448199235570767,0.3264,0.0,1.0,0.0,False,single_elimination,8,False
8,6,Steve-O,percent,16.0,0.08602150537634409,0.0302157970536632,3.0215797053663196,0.0013117864385515144,0.07768268368145446,0.3264,0.0,0.16397849462365588,0.0,False,single_elimination,8,True
8,6,Ty Murray,percent,18.0,0.0967741935483871,0.15559655444480505,15.559655444480502,0.01190879364075991,0.4496907368173949,0.3264,0.0,1.0,0.0,False,single_elimination,8,False
8,7,Chuck Wicks,percent,27.0,0.14835164835164835,0.1605115939754884,16.051159397548854,0.0076055124992244665,0.4666781203362757,0.2865,0.0,1.0,0.0,False,single_elimination,7,False
8,7,Gilles Marini,percent,27.0,0.14835164835164835,0.16174401079798528,16.174401079798542,0.007620575229867514,0.4864833016986304,0.2865,0.0,1.0,0.0,False,single_elimination,7,False
8,7,Lawrence Taylor,percent,21.0,0.11538461538461539,0.03043717393427113,3.043717393427116,0.001145326871449974,0.08424907828565982,0.2865,0.0,0.1703296703296703,0.0,False,single_elimination,7,True
8,7,Lil' Kim,percent,26.0,0.14285714285714285,0.1604403862707688,16.044038627076894,0.00928490254312615,0.4696855477283501,0.2865,0.0,1.0,0.0,False,single_elimination,7,False
8,7,Melissa Rycroft,percent,29.0,0.15934065934065933,0.15970382362003763,15.970382362003777,0.0070040515402803195,0.47822372120789164,0.2865,0.0,1.0,0.0,False,single_elimination,7,False
8,7,Shawn Johnson,percent,28.0,0.15384615384615385,0.1588792606292463,15.887926062924643,0.007071467900557904,0.4831921733246392,0.2865,0.0,1.0,0.0,False,single_elimination,7,False
8,7,Ty Murray,percent,24.0,0.13186813186813187,0.16828375077220165,16.82837507722018,0.013820416142351343,0.4919083594069424,0.2865,0.0,1.0,0.0,False,single_elimination,7,False
8,8,Chuck Wicks,percent,25.5,0.16346153846153846,0.028605686955325983,2.8605686955325966,0.00097795938935079,0.08860982758700538,0.179,0.0,0.16987179487179488,0.0,False,single_elimination,6,True
8,8,Gilles Marini,percent,27.5,0.1762820512820513,0.18442363333024409,18.442363333024396,0.014013104339750952,0.5313418895614456,0.179,0.0,0.983974358974359,0.0,False,single_elimination,6,False
8,8,Lil' Kim,percent,28.0,0.1794871794871795,0.1825331185393787,18.25331185393786,0.010766241112078818,0.5178590631258106,0.179,0.0,0.983974358974359,0.0,False,single_elimination,6,False
8,8,Melissa Rycroft,percent,23.0,0.14743589743589744,0.21615166081313958,21.615166081313944,0.03631508975936015,0.5797051652635485,0.179,0.016025641025641024,1.0,0.0,False,single_elimination,6,False
8,8,Shawn Johnson,percent,26.0,0.16666666666666666,0.19283591668059755,19.283591668059742,0.02119861145579646,0.5417248495912593,0.179,0.0,0.983974358974359,0.0,False,single_elimination,6,False
8,8,Ty Murray,percent,26.0,0.16666666666666666,0.19544998368131475,19.54499836813146,0.01903009893600979,0.551242521633808,0.179,0.0,0.983974358974359,0.0,False,single_elimination,6,False
8,9,Gilles Marini,percent,28.0,0.20973782771535582,0.23422809105340842,23.42280910534082,0.01983749763405284,0.6301746544890385,0.2151,0.0,0.9775280898876404,0.0,False,single_elimination,5,False
8,9,Lil' Kim,percent,26.0,0.1947565543071161,0.04167209718015905,4.167209718015902,0.0011882889018007574,0.12827765589827883,0.2151,0.0,0.2052434456928839,0.0,False,single_elimination,5,True
8,9,Melissa Rycroft,percent,28.5,0.21348314606741572,0.22614478498807575,22.614478498807557,0.01953688729109173,0.5872345702763822,0.2151,0.0,0.9775280898876404,0.0,False,single_elimination,5,False
8,9,Shawn Johnson,percent,28.0,0.20973782771535582,0.22993807082132547,22.993807082132527,0.01908235144599459,0.6292527017275906,0.2151,0.0,0.9775280898876404,0.0,False,single_elimination,5,False
8,9,Ty Murray,percent,23.0,0.17228464419475656,0.2680169559570322,26.801695595703194,0.05347444079761727,0.6535612492311582,0.2151,0.02247191011235955,1.0,0.0,False,single_elimination,5,False
8,10,Gilles Marini,percent,30.0,0.273972602739726,0.2954621222963384,29.546212229633813,0.019026861657557747,0.7631425629244984,0.3457,0.0,1.0,0.0,False,single_elimination,4,False
8,10,Melissa Rycroft,percent,27.5,0.2511415525114155,0.31298039653394055,31.298039653394028,0.02875527475848256,0.7550474202651449,0.3457,0.0,1.0,0.0,False,single_elimination,4,False
8,10,Shawn Johnson,percent,28.0,0.2557077625570776,0.31896998482423056,31.89699848242303,0.033129688015153376,0.791237153485359,0.3457,0.0,1.0,0.0,False,single_elimination,4,False
8,10,Ty Murray,percent,24.0,0.2191780821917808,0.07258749634549139,7.258749634549131,0.0028404545021117012,0.20258416106129454,0.3457,0.0,0.2808219178082192,0.0,False,single_elimination,4,True
8,11,Gilles Marini,percent,29.0,0.3314285714285714,0.330812796864231,33.08127968642305,0.011966448805449094,0.8331364511891882,1.0,0.0,1.0,0.0,False,no_elimination,3,False
8,11,Melissa Rycroft,percent,28.5,0.32571428571428573,0.3369175094564782,33.691750945647776,0.012941552652569365,0.8434085101683472,1.0,0.0,1.0,0.0,False,no_elimination,3,False
8,11,Shawn Johnson,percent,30.0,0.34285714285714286,0.33226969367929204,33.22696936792916,0.011829287398331391,0.8362907897136941,1.0,0.0,1.0,0.0,False,no_elimination,3,False
9,1,Aaron Carter,percent,31.9999,0.07881779829674206,0.06059699101416379,6.059699101416378,0.0023253205697113906,0.22046263206700245,0.0501,0.0,1.0,0.0,False,multi_elimination_2,16,False
9,1,Ashley Hamiliton,percent,18.9999,0.046797967676719905,0.010116718159243542,1.011671815924354,0.00032360387125750353,0.029680316830551504,0.0501,0.0,0.08341550114483208,0.0,False,multi_elimination_2,16,True
9,1,Chuck Liddell,percent,22.0,0.05418740566465287,0.07252968703057255,7.252968703057254,0.004528010799801649,0.212777358809429,0.0501,0.0,1.0,0.0,False,multi_elimination_2,16,False
9,1,Debi Mazar,percent,22.0,0.05418740566465287,0.07316830584045679,7.316830584045678,0.005582461102965381,0.2316659994975283,0.0501,0.0,1.0,0.0,False,multi_elimination_2,16,False
9,1,Donny Osmond,percent,29.9999,0.07389167050904634,0.0636456370712049,6.364563707120488,0.00154516105333132,0.24132543917525012,0.0501,0.0,1.0,0.0,False,multi_elimination_2,16,False
9,1,Joanna Krupa,percent,33.9999,0.08374392608443776,0.06947875249343377,6.947875249343376,0.0021412218967283,0.23028989701468186,0.0501,0.0,1.0,0.0,False,multi_elimination_2,16,False
9,1,Kathy Ireland,percent,19.9999,0.04926103157056776,0.07798035403047507,7.798035403047505,0.010310320494218869,0.22624926665423173,0.0501,0.0,1.0,0.0,False,multi_elimination_2,16,False
9,1,Kelly Osbourne,percent,30.9998,0.07635448809650482,0.06543505730433184,6.543505730433183,0.00219423700414631,0.24283804856759011,0.0501,0.0,1.0,0.0,False,multi_elimination_2,16,False
9,1,Louie Vito,percent,26.9998,0.06650223252111338,0.06503502320930532,6.50350232093053,0.0030991327218067586,0.19403413559965407,0.0501,0.0,1.0,0.0,False,multi_elimination_2,16,False
9,1,Macy Gray,percent,18.9999,0.046797967676719905,0.010632517980358148,1.0632517980358147,0.00026952520194702286,0.029940294654380806,0.0501,0.0,0.08341550114483208,0.0,False,multi_elimination_2,16,True
9,1,Mark Dacascos,percent,28.9998,0.0714283603088091,0.06658236200221078,6.658236200221077,0.001351901421990168,0.2251862089790592,0.0501,0.0,1.0,0.0,False,multi_elimination_2,16,False
9,1,Melissa Joan Hart,percent,24.0,0.05911353345234858,0.07265781569163576,7.2657815691635745,0.003571550273063823,0.2258322188209944,0.0501,0.0,1.0,0.0,False,multi_elimination_2,16,False
9,1,Michael Irvin,percent,19.0,0.046798213983109294,0.07912233242570578,7.912233242570577,0.010786476571618048,0.2368060531791331,0.0501,0.0,1.0,0.0,False,multi_elimination_2,16,False
9,1,Mya,percent,30.9999,0.0763547344028942,0.05887457835182013,5.887457835182012,0.0023186933808736453,0.21083131395929006,0.0501,0.0,1.0,0.0,False,multi_elimination_2,16,False
9,1,Natalie Coughlin,percent,26.9998,0.06650223252111338,0.06959070345859629,6.959070345859628,0.0026319584666798382,0.2238504512851564,0.0501,0.0,1.0,0.0,False,multi_elimination_2,16,False
9,1,Tom DeLay,percent,19.9999,0.04926103157056776,0.0845531639364858,8.455316393648578,0.011883099085805877,0.2576849821767865,0.0501,0.0,1.0,0.0,False,multi_elimination_2,16,False
9,2,Aaron Carter,percent,27.0,0.09183673469387756,0.07199138905144654,7.199138905144655,0.0016712081086683837,0.2514172369786802,0.1536,0.0,1.0,0.0,False,single_elimination,14,False
9,2,Chuck Liddell,percent,19.0,0.06462585034013606,0.08179838505567501,8.179838505567501,0.005489258489414476,0.27379056451619266,0.1536,0.0,1.0,0.0,False,single_elimination,14,False
9,2,Debi Mazar,percent,21.0,0.07142857142857142,0.07861778990772325,7.861778990772325,0.0028736274117602163,0.2599859598992655,0.1536,0.0,1.0,0.0,False,single_elimination,14,False
9,2,Donny Osmond,percent,25.0,0.08503401360544217,0.07024035938303765,7.024035938303765,0.0018806608314594767,0.2463312370794471,0.1536,0.0,1.0,0.0,False,single_elimination,14,False
9,2,Joanna Krupa,percent,20.0,0.06802721088435375,0.07602108289722438,7.602108289722438,0.003597203517078832,0.2516442599133043,0.1536,0.0,1.0,0.0,False,single_elimination,14,False
9,2,Kathy Ireland,percent,18.0,0.061224489795918366,0.00835531047001358,0.8355310470013579,0.0003322585570459795,0.025143073362961055,0.1536,0.0,0.08163265306122448,0.0,False,single_elimination,14,True
9,2,Kelly Osbourne,percent,19.0,0.06462585034013606,0.07717200237350752,7.7172002373507524,0.004411025894883352,0.25285755598306114,0.1536,0.0,1.0,0.0,False,single_elimination,14,False
9,2,Louie Vito,percent,19.0,0.06462585034013606,0.07885357034914141,7.885357034914141,0.004507866471582634,0.26084097897906733,0.1536,0.0,1.0,0.0,False,single_elimination,14,False
9,2,Mark Dacascos,percent,21.0,0.07142857142857142,0.07399755861620079,7.399755861620079,0.002297512711856422,0.24791413760864575,0.1536,0.0,1.0,0.0,False,single_elimination,14,False
9,2,Melissa Joan Hart,percent,19.0,0.06462585034013606,0.07845981008149894,7.845981008149893,0.004488697528234457,0.25639771187506993,0.1536,0.0,1.0,0.0,False,single_elimination,14,False
9,2,Michael Irvin,percent,20.0,0.06802721088435375,0.0761180869909722,7.611808699097219,0.003850128719275538,0.2533111471939232,0.1536,0.0,1.0,0.0,False,single_elimination,14,False
9,2,Mya,percent,27.0,0.09183673469387756,0.07183002512175189,7.1830025121751895,0.0018536087931668745,0.2530896240047996,0.1536,0.0,1.0,0.0,False,single_elimination,14,False
9,2,Natalie Coughlin,percent,21.0,0.07142857142857142,0.07461619978295142,7.461619978295142,0.002549995924017052,0.23634481570329072,0.1536,0.0,1.0,0.0,False,single_elimination,14,False
9,2,Tom DeLay,percent,18.0,0.061224489795918366,0.08192842991885545,8.192842991885545,0.00821847785830551,0.26525004054475065,0.1536,-0.0,1.0,0.0,False,single_elimination,14,False
9,3,Aaron Carter,percent,21.0,0.08139534883720931,0.07552682861802519,7.552682861802521,0.0024401014243196043,0.25519456795432666,0.1253,0.0,0.9806201550387597,0.0,False,single_elimination,13,False
9,3,Chuck Liddell,percent,17.0,0.06589147286821706,0.08671028800362972,8.671028800362974,0.008435245232522601,0.27376151182849573,0.1253,-0.0,0.9806201550387597,0.0,False,single_elimination,13,False
9,3,Debi Mazar,percent,17.0,0.06589147286821706,0.009713256329893229,0.9713256329893231,0.0003704375247531139,0.02803179612679568,0.1253,0.0,0.08795468097793681,0.0,False,single_elimination,13,True
9,3,Donny Osmond,percent,21.0,0.08139534883720931,0.07557567632800974,7.557567632800975,0.0024107374027269373,0.24938397052950909,0.1253,0.0,0.9806201550387597,0.0,False,single_elimination,13,False
9,3,Joanna Krupa,percent,23.0,0.08914728682170543,0.07962697547153293,7.962697547153294,0.002373617497001331,0.2768205316542585,0.1253,0.0,0.9806201550387597,0.0,False,single_elimination,13,False
9,3,Kelly Osbourne,percent,20.0,0.07751937984496124,0.07994278799528562,7.994278799528563,0.002993241461752922,0.2850067189822609,0.1253,0.0,0.9806201550387597,0.0,False,single_elimination,13,False
9,3,Louie Vito,percent,20.0,0.07751937984496124,0.0805185687898221,8.05185687898221,0.0030652087896684862,0.27744304616544674,0.1253,0.0,0.9806201550387597,0.0,False,single_elimination,13,False
9,3,Mark Dacascos,percent,18.0,0.06976744186046512,0.08345613319049161,8.345613319049162,0.006057082174116483,0.2663414305299404,0.1253,0.0,0.9806201550387597,0.0,False,single_elimination,13,False
9,3,Melissa Joan Hart,percent,19.0,0.07364341085271318,0.083950771150668,8.395077115066801,0.004133335940505282,0.2944811638214824,0.1253,0.0,0.9806201550387597,0.0,False,single_elimination,13,False
9,3,Michael Irvin,percent,14.0,0.05426356589147287,0.09528982003065159,9.52898200306516,0.019564550657539207,0.28205640617373234,0.1253,0.011627906976744193,0.9922480620155039,0.0,False,single_elimination,13,False
9,3,Mya,percent,27.0,0.10465116279069768,0.07933209833749624,7.9332098337496255,0.002643871146964847,0.2651626351746177,0.1253,0.0,0.9806201550387597,0.0,False,single_elimination,13,False
9,3,Natalie Coughlin,percent,26.0,0.10077519379844961,0.07480859327095613,7.480859327095614,0.0018543671811918005,0.2759925134065433,0.1253,0.0,0.9806201550387597,0.0,False,single_elimination,13,False
9,3,Tom DeLay,percent,15.0,0.05813953488372093,0.09554820248353792,9.554820248353794,0.016394885337336636,0.27443535208038544,0.1253,0.007751937984496131,0.9883720930232558,0.0,False,single_elimination,13,False
9,4,Aaron Carter,percent,18.0,0.0743801652892562,0.10343963906408156,10.343963906408158,0.009204995573901573,0.33283945639571194,0.2049,0.0,0.9917355371900827,0.0,False,single_elimination,11,False
9,4,Chuck Liddell,percent,17.0,0.07024793388429752,0.015747501760561042,1.5747501760561045,0.0005443039015820807,0.04437239034783888,0.2049,0.0,0.11157024793388426,0.0,False,single_elimination,11,True
9,4,Donny Osmond,percent,24.0,0.09917355371900827,0.0924289105109935,9.24289105109935,0.0027430633822755545,0.3211349287761369,0.2049,0.0,0.9917355371900827,0.0,False,single_elimination,11,False
9,4,Joanna Krupa,percent,26.0,0.10743801652892562,0.09492303079288615,9.492303079288618,0.003312205741023482,0.32122398064675434,0.2049,0.0,0.9917355371900827,0.0,False,single_elimination,11,False
9,4,Kelly Osbourne,percent,23.0,0.09504132231404959,0.09291212352381957,9.291212352381958,0.0027923083132533706,0.29108442621182634,0.2049,0.0,0.9917355371900827,0.0,False,single_elimination,11,False
9,4,Louie Vito,percent,16.0,0.06611570247933884,0.11182263023072588,11.18226302307259,0.0163503508021889,0.3365712327927059,0.2049,0.004132231404958678,0.9958677685950413,0.0,False,single_elimination,11,False
9,4,Mark Dacascos,percent,22.0,0.09090909090909091,0.09369711006702358,9.36971100670236,0.0038092981102130987,0.30301436457929454,0.2049,0.0,0.9917355371900827,0.0,False,single_elimination,11,False
9,4,Melissa Joan Hart,percent,28.0,0.11570247933884298,0.09357666364701676,9.357666364701679,0.0029048756416361924,0.31556277474112254,0.2049,0.0,0.9917355371900827,0.0,False,single_elimination,11,False
9,4,Michael Irvin,percent,16.0,0.06611570247933884,0.11191727525720416,11.191727525720419,0.014665989304574873,0.32781728861596343,0.2049,0.004132231404958678,0.9958677685950413,0.0,False,single_elimination,11,False
9,4,Mya,percent,28.0,0.11570247933884298,0.09305042476966426,9.305042476966428,0.0025011409546379666,0.3101659134386431,0.2049,0.0,0.9917355371900827,0.0,False,single_elimination,11,False
9,4,Natalie Coughlin,percent,24.0,0.09917355371900827,0.09648469037602311,9.648469037602315,0.0024821759582060398,0.30649543483874025,0.2049,0.0,0.9917355371900827,0.0,False,single_elimination,11,False
9,5,Aaron Carter,percent,24.0,0.09917355371900827,0.10806760308658862,10.806760308658868,0.004746733717175745,0.3331675950049501,0.1545,0.0,0.9958677685950413,0.0,False,single_elimination,10,False
9,5,Donny Osmond,percent,29.0,0.11983471074380166,0.10599410070606193,10.599410070606199,0.0034055115267951526,0.3574193810579033,0.1545,0.0,0.9958677685950413,0.0,False,single_elimination,10,False
9,5,Joanna Krupa,percent,24.0,0.09917355371900827,0.11140285928285824,11.140285928285829,0.00551698134224081,0.36351580230137753,0.1545,0.0,0.9958677685950413,0.0,False,single_elimination,10,False
9,5,Kelly Osbourne,percent,24.0,0.09917355371900827,0.1082797829190906,10.827978291909066,0.005649948142335502,0.3596653113031718,0.1545,0.0,0.9958677685950413,0.0,False,single_elimination,10,False
9,5,Louie Vito,percent,22.0,0.09090909090909091,0.11565000000619645,11.565000000619651,0.011790783627993335,0.3313785635993545,0.1545,-0.0,0.9958677685950413,0.0,False,single_elimination,10,False
9,5,Mark Dacascos,percent,26.0,0.10743801652892562,0.1057899213599354,10.578992135993545,0.004882102834508037,0.35727211247532614,0.1545,0.0,0.9958677685950413,0.0,False,single_elimination,10,False
9,5,Melissa Joan Hart,percent,23.0,0.09504132231404959,0.1076161400019507,10.761614000195076,0.007196042523838401,0.33320086521344333,0.1545,0.0,0.9958677685950413,0.0,False,single_elimination,10,False
9,5,Michael Irvin,percent,21.0,0.08677685950413223,0.12125580899261619,12.125580899261626,0.014488646094778653,0.35571419735708787,0.1545,0.004132231404958678,1.0,0.0,False,single_elimination,10,False
9,5,Mya,percent,27.0,0.1115702479338843,0.1030993933866477,10.309939338664776,0.003772898015118772,0.3532456865846167,0.1545,0.0,0.9958677685950413,0.0,False,single_elimination,10,False
9,5,Natalie Coughlin,percent,22.0,0.09090909090909091,0.012844390258053652,1.284439025805366,0.0006765803730378641,0.037736984233985596,0.1545,0.0,0.10909090909090909,0.0,False,single_elimination,10,True
9,6,Aaron Carter,percent,32.9998,0.12692274704027823,0.13341525567922935,13.341525567922938,0.007421220262416084,0.40488398047724755,0.0723,0.0,0.9923068964469492,0.0,False,multi_elimination_2,9,False
9,6,Donny Osmond,percent,30.9999,0.1192307973373754,0.13476488396667294,13.476488396667296,0.007950287949913997,0.4199738538377698,0.0723,0.0,0.9923068964469492,0.0,False,multi_elimination_2,9,False
9,6,Joanna Krupa,percent,35.9999,0.13846163313642237,0.1320831026110682,13.208310261106822,0.005660036617610187,0.41647422772396636,0.0723,0.0,0.9923068964469492,0.0,False,multi_elimination_2,9,False
9,6,Kelly Osbourne,percent,24.9998,0.09615340976180302,0.1482213766024127,14.822137660241271,0.024729108898350227,0.4170483638100292,0.0723,0.0,0.9923068964469492,0.0,False,multi_elimination_2,9,False
9,6,Louie Vito,percent,24.0,0.09230801183542559,0.025562585881677896,2.55625858816779,0.0008742649389944871,0.0673672123372247,0.0723,0.0,0.14615353476223572,0.0,False,multi_elimination_2,9,True
9,6,Mark Dacascos,percent,32.0,0.12307734911390078,0.12936665057206306,12.936665057206309,0.007116103002168407,0.42358317792294203,0.0723,0.0,0.9923068964469492,0.0,False,multi_elimination_2,9,False
9,6,Melissa Joan Hart,percent,23.9999,0.09230762721870961,0.024838508713240563,2.483850871324057,0.0006799253373776181,0.06457274474368446,0.0723,0.0,0.1461538713018622,0.0,False,multi_elimination_2,9,True
9,6,Michael Irvin,percent,21.9998,0.08461490828237482,0.15032590870429574,15.032590870429576,0.03326254692569307,0.40736368294146685,0.0723,0.007693103553050765,1.0,0.0,False,multi_elimination_2,9,False
9,6,Mya,percent,33.0,0.12692351627371018,0.12142172726933939,12.142172726933943,0.004224734105785998,0.3812224765532641,0.0723,0.0,0.9923068964469492,0.0,False,multi_elimination_2,9,False
9,7,Aaron Carter,percent,26.5,0.150997150997151,0.18189033094949178,18.189033094949178,0.017317345468639375,0.5217799464997962,0.0856,0.0,1.0,0.0,False,multi_elimination_2,7,False
9,7,Donny Osmond,percent,26.0,0.14814814814814814,0.19044164124577945,19.044164124577946,0.020403045352360955,0.5205493774256351,0.0856,0.0,1.0,0.0,False,multi_elimination_2,7,False
9,7,Joanna Krupa,percent,27.5,0.15669515669515668,0.17196366508562516,17.196366508562516,0.017734772387692922,0.5013874525943116,0.0856,0.0,1.0,0.0,False,multi_elimination_2,7,False
9,7,Kelly Osbourne,percent,26.0,0.14814814814814814,0.1852718824074828,18.52718824074828,0.01922310662491692,0.4916485438521865,0.0856,0.0,1.0,0.0,False,multi_elimination_2,7,False
9,7,Mark Dacascos,percent,21.5,0.1225071225071225,0.03906858076554997,3.9068580765549967,0.0011998172857999776,0.10057023573621536,0.0856,0.0,0.18850902184235513,0.0,False,multi_elimination_2,7,True
9,7,Michael Irvin,percent,23.5,0.1339031339031339,0.032866622952793606,3.2866622952793607,0.0011442216636377664,0.09480301024414331,0.0856,0.0,0.17901234567901234,0.0,False,multi_elimination_2,7,True
9,7,Mya,percent,24.5,0.1396011396011396,0.19849727659327715,19.849727659327716,0.033511400288090055,0.50453216891897,0.0856,0.0,1.0,0.0,False,multi_elimination_2,7,False
9,8,Aaron Carter,percent,25.0,0.19083969465648856,0.04141628554064419,4.141628554064422,0.0015464716481781758,0.11918474789259681,0.2348,0.0,0.20916030534351143,0.0,False,single_elimination,5,True
9,8,Donny Osmond,percent,25.0,0.19083969465648856,0.25231485458883507,25.231485458883522,0.03198827592562363,0.673857705865474,0.2348,-0.0,1.0,0.0,False,single_elimination,5,False
9,8,Joanna Krupa,percent,26.0,0.1984732824427481,0.24108669601129534,24.10866960112955,0.02187343294308598,0.6218686922209791,0.2348,0.0,1.0,0.0,False,single_elimination,5,False
9,8,Kelly Osbourne,percent,25.5,0.1946564885496183,0.2472035878134633,24.720358781346345,0.029422723652232703,0.6340671525578548,0.2348,0.0,1.0,0.0,False,single_elimination,5,False
9,8,Mya,percent,29.5,0.22519083969465647,0.21797857604576154,21.797857604576166,0.012081349448805888,0.6015737398125128,0.2348,0.0,1.0,0.0,False,single_elimination,5,False
9,9,Donny Osmond,percent,24.666600000000003,0.23125016992245911,0.33352537962949474,33.352537962949505,0.07411027430213055,0.7519718610591094,0.2416,0.021875700197719394,0.9906230927668814,0.0,False,single_elimination,4,False
9,9,Joanna Krupa,percent,27.0,0.2531258701201785,0.06243549452685315,6.243549452685321,0.001963523009615929,0.17467928059163207,0.2416,0.0,0.24687412987982144,0.0,False,single_elimination,4,True
9,9,Kelly Osbourne,percent,25.9998,0.2437489628870599,0.3146734221789853,31.46734221789856,0.052373705678266914,0.7169295882179948,0.2416,0.009376907233118598,0.9781242998022806,0.0,False,single_elimination,4,False
9,9,Mya,percent,28.9999,0.27187499707030244,0.2893657036646659,28.93657036646662,0.03117599403590442,0.7134988567227994,0.2416,0.0,0.968747392569162,0.0,False,single_elimination,4,False
9,10,Donny Osmond,percent,28.9998,0.35127769056340485,0.33282336901108106,33.28233690110813,0.011565623253314996,0.8408705669427434,1.0,0.0,1.0,0.0,False,no_elimination,3,False
9,10,Kelly Osbourne,percent,25.2222,0.305519216233502,0.3317274445184636,33.172744451846384,0.012520709427973453,0.8421217117824354,1.0,0.0,1.0,0.0,False,no_elimination,3,False
9,10,Mya,percent,28.3332,0.3432030932030932,0.33544918647045446,33.54491864704548,0.012901796240978682,0.8537341797694316,1.0,0.0,1.0,0.0,False,no_elimination,3,False
10,1,Aiden Turner,percent,15.0,0.07177033492822966,0.08983611128288954,8.98361112828896,0.00248649456033656,0.30562945323540414,1.0,0.0,1.0,0.0,False,no_elimination,11,False
10,1,Buzz Aldrin,percent,14.0,0.06698564593301436,0.09067120609139571,9.067120609139577,0.002379921797514551,0.3133671090068016,1.0,0.0,1.0,0.0,False,no_elimination,11,False
10,1,Chad Ochocinco,percent,18.0,0.0861244019138756,0.09083295726475406,9.083295726475411,0.002545090140497797,0.31179421256986106,1.0,0.0,1.0,0.0,False,no_elimination,11,False
10,1,Erin Andrews,percent,21.0,0.10047846889952153,0.0904351600664066,9.043516006640665,0.0028904938891347797,0.309135878946271,1.0,0.0,1.0,0.0,False,no_elimination,11,False
10,1,Evan Lysacek,percent,23.0,0.11004784688995216,0.09081582650623345,9.08158265062335,0.002642740450034537,0.3095189832566753,1.0,0.0,1.0,0.0,False,no_elimination,11,False
10,1,Jake Pavelka,percent,20.0,0.09569377990430622,0.09190801636429166,9.190801636429171,0.0024846336602250153,0.3072769348191254,1.0,0.0,1.0,0.0,False,no_elimination,11,False
10,1,Kate Gosselin,percent,16.0,0.07655502392344497,0.09096435646942085,9.09643564694209,0.0026578515017629833,0.3025458526424155,1.0,0.0,1.0,0.0,False,no_elimination,11,False
10,1,Nicole Scherzinger,percent,25.0,0.11961722488038277,0.09188120856338663,9.188120856338669,0.0024327736706234505,0.31425162377181837,1.0,0.0,1.0,0.0,False,no_elimination,11,False
10,1,Niecy Nash,percent,18.0,0.0861244019138756,0.09106528416240108,9.106528416240113,0.002912606111890407,0.3142505161076984,1.0,0.0,1.0,0.0,False,no_elimination,11,False
10,1,Pamela Anderson,percent,21.0,0.10047846889952153,0.09087884559786467,9.087884559786472,0.0024036892381484607,0.30769587999686543,1.0,0.0,1.0,0.0,False,no_elimination,11,False
10,1,Shannen Doherty,percent,18.0,0.0861244019138756,0.09071102763095522,9.071102763095528,0.002223540179240199,0.3099791371752998,1.0,0.0,1.0,0.0,False,no_elimination,11,False
10,2,Aiden Turner,percent,19.0,0.08636363636363636,0.09592540752153832,9.592540752153832,0.013116831823220333,0.2747015817222218,0.06,0.004545454545454547,0.9227272727272727,0.0,False,single_elimination,11,False
10,2,Buzz Aldrin,percent,12.0,0.05454545454545454,0.13374248396782462,13.374248396782463,0.044564699021421815,0.3459338145715251,0.06,0.03636363636363637,0.9545454545454546,0.0,False,single_elimination,11,False
10,2,Chad Ochocinco,percent,16.0,0.07272727272727272,0.11682235113006323,11.682235113006323,0.02698397332418627,0.3369708152237719,0.06,0.018181818181818188,0.9363636363636364,0.0,False,single_elimination,11,False
10,2,Erin Andrews,percent,23.0,0.10454545454545454,0.08276033050303881,8.276033050303882,0.003016790388134714,0.2613833443819484,0.06,0.0,0.9181818181818182,0.0,False,single_elimination,11,False
10,2,Evan Lysacek,percent,24.0,0.10909090909090909,0.08177971953835396,8.177971953835396,0.003078964670187578,0.2474737618529985,0.06,0.0,0.9181818181818182,0.0,False,single_elimination,11,False
10,2,Jake Pavelka,percent,20.0,0.09090909090909091,0.09873356736914979,9.873356736914978,0.008824743904995738,0.28608009845149585,0.06,0.0,0.9181818181818182,0.0,False,single_elimination,11,False
10,2,Kate Gosselin,percent,15.0,0.06818181818181818,0.11863282945341887,11.863282945341886,0.03308864401847673,0.30882085048742874,0.06,0.022727272727272735,0.9409090909090909,0.0,False,single_elimination,11,False
10,2,Nicole Scherzinger,percent,28.0,0.12727272727272726,0.08529806861722543,8.529806861722543,0.0037821746761776717,0.2583176356524614,0.06,0.0,0.9181818181818182,0.0,False,single_elimination,11,False
10,2,Niecy Nash,percent,21.0,0.09545454545454546,0.08934352842586253,8.934352842586254,0.006163293772235965,0.28286829231062754,0.06,0.0,0.9181818181818182,0.0,False,single_elimination,11,False
10,2,Pamela Anderson,percent,22.0,0.1,0.08716222639295053,8.716222639295053,0.003562966647416028,0.27877462692571403,0.06,0.0,0.9181818181818182,0.0,False,single_elimination,11,False
10,2,Shannen Doherty,percent,20.0,0.09090909090909091,0.009799487080573838,0.9799487080573839,0.00023556457964255158,0.029545166765221533,0.06,0.0,0.09090909090909091,0.0,False,single_elimination,11,True
10,3,Aiden Turner,percent,20.0,0.09852216748768473,0.10669050479303631,10.669050479303628,0.003265872487206614,0.3434870464849244,0.3378,0.0,1.0,0.0,False,single_elimination,10,False
10,3,Buzz Aldrin,percent,13.0,0.06403940886699508,0.023393088154065243,2.339308815406524,0.0009136606796552954,0.05893607732720019,0.3378,0.0,0.1359605911330049,0.0,False,single_elimination,10,True
10,3,Chad Ochocinco,percent,20.0,0.09852216748768473,0.10870863690769524,10.870863690769522,0.003575727081251815,0.3514033466816389,0.3378,0.0,1.0,0.0,False,single_elimination,10,False
10,3,Erin Andrews,percent,23.0,0.11330049261083744,0.10432642498183954,10.43264249818395,0.003221322145721929,0.34219604719181956,0.3378,0.0,1.0,0.0,False,single_elimination,10,False
10,3,Evan Lysacek,percent,26.0,0.12807881773399016,0.10746775102219162,10.746775102219159,0.0028941179315560357,0.34859248122294023,0.3378,0.0,1.0,0.0,False,single_elimination,10,False
10,3,Jake Pavelka,percent,21.0,0.10344827586206896,0.10857169391448246,10.857169391448243,0.0032203980350287396,0.3671370799743595,0.3378,0.0,1.0,0.0,False,single_elimination,10,False
10,3,Kate Gosselin,percent,15.0,0.07389162561576355,0.11897374905127794,11.897374905127792,0.00799997427016423,0.372264704848104,0.3378,0.0,1.0,0.0,False,single_elimination,10,False
10,3,Nicole Scherzinger,percent,23.0,0.11330049261083744,0.10676866546767413,10.67686654676741,0.0029402952167448446,0.3684766193960278,0.3378,0.0,1.0,0.0,False,single_elimination,10,False
10,3,Niecy Nash,percent,21.0,0.10344827586206896,0.10670903643404507,10.670903643404504,0.0032868148427537018,0.3569048658806434,0.3378,0.0,1.0,0.0,False,single_elimination,10,False
10,3,Pamela Anderson,percent,21.0,0.10344827586206896,0.10839044927369272,10.839044927369269,0.0032521473606784562,0.36173937534019035,0.3378,0.0,1.0,0.0,False,single_elimination,10,False
10,4,Aiden Turner,percent,16.5,0.0889487870619946,0.020258591324870404,2.0258591324870405,0.0006992760080113391,0.05840723891570428,0.2198,0.0,0.13327343516022763,0.0,False,single_elimination,9,True
10,4,Chad Ochocinco,percent,22.0,0.11859838274932614,0.11677896276028545,11.677896276028545,0.004598703480349556,0.3742418327594806,0.2198,0.0,0.9973045822102427,0.0,False,single_elimination,9,False
10,4,Erin Andrews,percent,19.5,0.10512129380053908,0.12648009573627164,12.648009573627164,0.005151878972176832,0.4015285290412314,0.2198,0.0,0.9973045822102427,0.0,False,single_elimination,9,False
10,4,Evan Lysacek,percent,26.0,0.14016172506738545,0.1165876623467143,11.65876623467143,0.0037322272454241435,0.3848110257622987,0.2198,0.0,0.9973045822102427,0.0,False,single_elimination,9,False
10,4,Jake Pavelka,percent,19.0,0.10242587601078167,0.1259149834846776,12.591498348467761,0.007153706074577974,0.38834785613895767,0.2198,0.0,0.9973045822102427,0.0,False,single_elimination,9,False
10,4,Kate Gosselin,percent,16.0,0.0862533692722372,0.13723691329808477,13.723691329808476,0.018607238593536846,0.387953493913319,0.2198,0.002695417789757404,1.0,0.0,False,single_elimination,9,False
10,4,Nicole Scherzinger,percent,25.0,0.1347708894878706,0.11216234862052794,11.216234862052794,0.0034628331765591386,0.3796400741862535,0.2198,0.0,0.9973045822102427,0.0,False,single_elimination,9,False
10,4,Niecy Nash,percent,18.0,0.09703504043126684,0.12877313385241296,12.877313385241296,0.009620044560952905,0.3916244616847189,0.2198,0.0,0.9973045822102427,0.0,False,single_elimination,9,False
10,4,Pamela Anderson,percent,23.5,0.12668463611859837,0.11580730857615501,11.580730857615501,0.0036370587032574803,0.3792131995207592,0.2198,0.0,0.9973045822102427,0.0,False,single_elimination,9,False
10,5,Chad Ochocinco,percent,18.0,0.10404624277456648,0.14528571662288922,14.52857166228893,0.008538804003900141,0.42820627472517575,0.322,0.0,1.0,0.0,False,single_elimination,8,False
10,5,Erin Andrews,percent,22.0,0.12716763005780346,0.13972537648385383,13.97253764838539,0.007014817141630767,0.44919676832889094,0.322,0.0,1.0,0.0,False,single_elimination,8,False
10,5,Evan Lysacek,percent,27.0,0.15606936416184972,0.1350581165318732,13.505811653187328,0.003995495639216195,0.44221459961970755,0.322,0.0,1.0,0.0,False,single_elimination,8,False
10,5,Jake Pavelka,percent,23.0,0.1329479768786127,0.13497490793137476,13.497490793137484,0.00434136221342918,0.43873455659951055,0.322,0.0,1.0,0.0,False,single_elimination,8,False
10,5,Kate Gosselin,percent,15.0,0.08670520231213873,0.029355540493522233,2.935554049352225,0.0010514188532507085,0.08190293129463783,0.322,0.0,0.16329479768786126,0.0,False,single_elimination,8,True
10,5,Nicole Scherzinger,percent,29.0,0.1676300578034682,0.13136540995673338,13.136540995673347,0.004117619738792566,0.4219537322312968,0.322,0.0,1.0,0.0,False,single_elimination,8,False
10,5,Niecy Nash,percent,18.0,0.10404624277456648,0.14725826101959563,14.725826101959571,0.008149560298946536,0.4586135599391897,0.322,0.0,1.0,0.0,False,single_elimination,8,False
10,5,Pamela Anderson,percent,21.0,0.12138728323699421,0.1369766709601573,13.697667096015739,0.005723575259146288,0.4180184001973995,0.322,0.0,1.0,0.0,False,single_elimination,8,False
10,6,Chad Ochocinco,percent,30.9999,0.14832537716633504,0.1583533396770175,15.835333967701754,0.008113890832450794,0.4994169436106035,0.253,0.0,1.0,0.0,False,single_elimination,7,False
10,6,Erin Andrews,percent,34.0,0.16267997069846646,0.15084890143392904,15.084890143392906,0.006799317455938201,0.4646834156809857,0.253,0.0,1.0,0.0,False,single_elimination,7,False
10,6,Evan Lysacek,percent,27.0,0.12918703555466454,0.17454125956093128,17.45412595609313,0.01576970869207789,0.5135480384069804,0.253,0.0,1.0,0.0,False,single_elimination,7,False
10,6,Jake Pavelka,percent,24.9999,0.11961714704307623,0.027814997558700236,2.781499755870024,0.001072496409205021,0.07856279297631248,0.253,0.0,0.1660971386712095,0.0,False,single_elimination,7,True
10,6,Nicole Scherzinger,percent,35.9999,0.17224890226905065,0.15350045430278775,15.350045430278778,0.0058353090438456965,0.4738975845393704,0.253,0.0,1.0,0.0,False,single_elimination,7,False
10,6,Niecy Nash,percent,25.9998,0.12440137359311731,0.17585158435209403,17.585158435209404,0.01655111849879688,0.5161243938006439,0.253,0.0,1.0,0.0,False,single_elimination,7,False
10,6,Pamela Anderson,percent,29.9998,0.14354019367528983,0.1590894631145402,15.908946311454022,0.00909649694615717,0.4941601228901215,0.253,0.0,1.0,0.0,False,single_elimination,7,False
10,7,Chad Ochocinco,percent,26.0,0.16720257234726688,0.19410522195143748,19.41052219514375,0.019400522720560334,0.5650723457999642,0.1807,0.0,0.9935691318327975,0.0,False,single_elimination,6,False
10,7,Erin Andrews,percent,25.5,0.1639871382636656,0.20081357288885063,20.081357288885062,0.025209047318842624,0.5407459912252592,0.1807,-0.0,0.9935691318327975,0.0,False,single_elimination,6,False
10,7,Evan Lysacek,percent,27.0,0.17363344051446947,0.18536608761776827,18.536608761776826,0.015545757024429988,0.5395565205519647,0.1807,0.0,0.9935691318327975,0.0,False,single_elimination,6,False
10,7,Nicole Scherzinger,percent,27.0,0.17363344051446947,0.18713285489567233,18.713285489567234,0.013845904093567974,0.5272796735495193,0.1807,0.0,0.9935691318327975,0.0,False,single_elimination,6,False
10,7,Niecy Nash,percent,24.5,0.15755627009646303,0.20463496164803704,20.463496164803704,0.030263070374073667,0.5701750373532851,0.1807,0.006430868167202564,1.0,0.0,False,single_elimination,6,False
10,7,Pamela Anderson,percent,25.5,0.1639871382636656,0.027947300998234205,2.7947300998234206,0.0009671270083011382,0.08890175962377378,0.1807,0.0,0.1693461950696678,0.0,False,single_elimination,6,True
10,8,Chad Ochocinco,percent,22.5,0.17786561264822134,0.2587799784988637,25.87799784988636,0.031660251332655286,0.6711338761281405,0.3131,0.0,1.0,0.0,False,single_elimination,5,False
10,8,Erin Andrews,percent,26.5,0.20948616600790515,0.23170406312618497,23.170406312618486,0.014395944394995532,0.6532783072980715,0.3131,0.0,1.0,0.0,False,single_elimination,5,False
10,8,Evan Lysacek,percent,26.5,0.20948616600790515,0.23505088114362657,23.505088114362646,0.01339751139943247,0.6400340329807424,0.3131,0.0,1.0,0.0,False,single_elimination,5,False
10,8,Nicole Scherzinger,percent,29.5,0.233201581027668,0.22555818494938493,22.55581849493848,0.010940247300788035,0.6366629038139099,0.3131,0.0,1.0,0.0,False,single_elimination,5,False
10,8,Niecy Nash,percent,21.5,0.16996047430830039,0.04890689228194025,4.890689228194023,0.0019510916026077329,0.14062594077917567,0.3131,0.0,0.2300395256916996,0.0,False,single_elimination,5,True
10,9,Chad Ochocinco,percent,26.0,0.23008849557522124,0.06843512129636872,6.843512129636865,0.002267832264736483,0.1896231220835437,0.31,0.0,0.26991150442477874,0.0,False,single_elimination,4,True
10,9,Erin Andrews,percent,28.0,0.24778761061946902,0.3149223349238072,31.492233492380688,0.03366361606257704,0.7638611660693986,0.31,0.0,1.0,0.0,False,single_elimination,4,False
10,9,Evan Lysacek,percent,29.5,0.2610619469026549,0.3128711831329174,31.287118313291707,0.032495969398542136,0.7644035916570278,0.31,0.0,1.0,0.0,False,single_elimination,4,False
10,9,Nicole Scherzinger,percent,29.5,0.2610619469026549,0.3037713606469078,30.377136064690745,0.026710212435921664,0.7519484528482029,0.31,0.0,1.0,0.0,False,single_elimination,4,False
10,10,Erin Andrews,percent,26.9998,0.32661232765023673,0.3315125475677666,33.151254756776645,0.012619862408085632,0.8362067328125938,1.0,0.0,1.0,0.0,False,no_elimination,3,False
10,10,Evan Lysacek,percent,26.8887,0.325268368450467,0.33558630387567484,33.55863038756747,0.01188058740179182,0.8440841743980831,1.0,0.0,1.0,0.0,False,no_elimination,3,False
10,10,Nicole Scherzinger,percent,28.7777,0.3481193038992962,0.33290114855655906,33.29011485565589,0.011892919522746013,0.8381689157747501,1.0,0.0,1.0,0.0,False,no_elimination,3,False
11,1,Audrina Patridge,percent,19.0,0.08370044052863436,0.09067700574349127,9.067700574349129,0.003318659335337977,0.296109289975443,0.189,0.0,1.0,0.0,False,single_elimination,12,False
11,1,Brandy,percent,23.0,0.1013215859030837,0.09057997765848051,9.057997765848052,0.0022345717864985792,0.3250395159239478,0.189,0.0,1.0,0.0,False,single_elimination,12,False
11,1,Bristol Palin,percent,18.0,0.07929515418502203,0.08845794372410416,8.845794372410417,0.0037633321791599467,0.299261449200046,0.189,0.0,1.0,0.0,False,single_elimination,12,False
11,1,David Hasselhoff,percent,15.0,0.06607929515418502,0.012462943211615373,1.2462943211615376,0.0004256774994224713,0.036763531315418485,0.189,0.0,0.10058737151248166,0.0,False,single_elimination,12,True
11,1,Florence Henderson,percent,18.0,0.07929515418502203,0.0877471347889554,8.774713478895542,0.0033336914736724244,0.2973322556586895,0.189,0.0,1.0,0.0,False,single_elimination,12,False
11,1,Jennifer Grey,percent,24.0,0.10572687224669604,0.08408485488391342,8.408485488391342,0.0026870632567381316,0.2828549643538156,0.189,0.0,1.0,0.0,False,single_elimination,12,False
11,1,Kurt Warner,percent,19.0,0.08370044052863436,0.08738169623519895,8.738169623519896,0.0029002690216610822,0.2878022166795571,0.189,0.0,1.0,0.0,False,single_elimination,12,False
11,1,Kyle Massey,percent,23.0,0.1013215859030837,0.08394177832843444,8.394177832843445,0.00252909488916044,0.2723977270487646,0.189,0.0,1.0,0.0,False,single_elimination,12,False
11,1,Margaret Cho,percent,15.0,0.06607929515418502,0.10027023428398134,10.027023428398136,0.009613380511940963,0.29671784824312986,0.189,-0.0,1.0,0.0,False,single_elimination,12,False
11,1,Michael Bolton,percent,16.0,0.07048458149779736,0.09336922073476771,9.336922073476773,0.005909164772300694,0.29071614380440475,0.189,0.0,1.0,0.0,False,single_elimination,12,False
11,1,Rick Fox,percent,22.0,0.09691629955947137,0.08385267365977546,8.385267365977548,0.0026120642213853713,0.27772094959888427,0.189,0.0,1.0,0.0,False,single_elimination,12,False
11,1,The Situation,percent,15.0,0.06607929515418502,0.09717453674728166,9.71745367472817,0.009381260107992966,0.31052699386716925,0.189,0.0,1.0,0.0,False,single_elimination,12,False
11,2,Audrina Patridge,percent,23.0,0.10407239819004525,0.09662687974694378,9.66268797469438,0.0030120994413568606,0.3373519850790291,0.382,0.0,1.0,0.0,False,single_elimination,11,False
11,2,Brandy,percent,21.0,0.09502262443438914,0.09750832383049636,9.750832383049637,0.0033920899727500936,0.32305922029368966,0.382,0.0,1.0,0.0,False,single_elimination,11,False
11,2,Bristol Palin,percent,22.0,0.09954751131221719,0.09713485057162626,9.713485057162627,0.003449946563950996,0.3182292643094992,0.382,0.0,1.0,0.0,False,single_elimination,11,False
11,2,Florence Henderson,percent,19.0,0.08597285067873303,0.09653440866910072,9.653440866910074,0.00318258105477234,0.3216842651337271,0.382,0.0,1.0,0.0,False,single_elimination,11,False
11,2,Jennifer Grey,percent,24.0,0.1085972850678733,0.09572134715473034,9.572134715473036,0.002879107861517997,0.32777054676281436,0.382,0.0,1.0,0.0,False,single_elimination,11,False
11,2,Kurt Warner,percent,21.0,0.09502262443438914,0.09772300704030044,9.772300704030046,0.0033801939419148006,0.32469059227118896,0.382,0.0,1.0,0.0,False,single_elimination,11,False
11,2,Kyle Massey,percent,22.0,0.09954751131221719,0.10024337445506185,10.024337445506186,0.0034551254498169743,0.32779220951838123,0.382,0.0,1.0,0.0,False,single_elimination,11,False
11,2,Margaret Cho,percent,18.0,0.08144796380090498,0.09842408182865033,9.842408182865034,0.005278582611930074,0.3095804135365679,0.382,0.0,1.0,0.0,False,single_elimination,11,False
11,2,Michael Bolton,percent,12.0,0.05429864253393665,0.02268200716580792,2.2682007165807923,0.0009716608784864881,0.053788100547629544,0.382,0.0,0.12751953928424517,0.0,False,single_elimination,11,True
11,2,Rick Fox,percent,21.0,0.09502262443438914,0.0949376168417134,9.493761684171341,0.0035443009743813254,0.31629584913725617,0.382,0.0,1.0,0.0,False,single_elimination,11,False
11,2,The Situation,percent,18.0,0.08144796380090498,0.10246410269556849,10.24641026955685,0.003989434651309303,0.34038414922576593,0.382,0.0,1.0,0.0,False,single_elimination,11,False
11,3,Audrina Patridge,percent,26.0,0.11764705882352941,0.1086330457690654,10.863304576906543,0.002894517583281597,0.3481902850063468,0.2354,0.0,1.0,0.0,False,single_elimination,10,False
11,3,Brandy,percent,24.0,0.1085972850678733,0.10776975686714568,10.776975686714572,0.0036746107303772626,0.35151102685729707,0.2354,0.0,1.0,0.0,False,single_elimination,10,False
11,3,Bristol Palin,percent,19.0,0.08597285067873303,0.11516078392564905,11.516078392564907,0.009312213356600612,0.35815828663119514,0.2354,0.0,1.0,0.0,False,single_elimination,10,False
11,3,Florence Henderson,percent,20.0,0.09049773755656108,0.1122272504345896,11.222725043458963,0.005713947642129024,0.36112066486766814,0.2354,0.0,1.0,0.0,False,single_elimination,10,False
11,3,Jennifer Grey,percent,24.0,0.1085972850678733,0.10631540433392224,10.631540433392226,0.0035464801424523584,0.3467990445474194,0.2354,0.0,1.0,0.0,False,single_elimination,10,False
11,3,Kurt Warner,percent,23.0,0.10407239819004525,0.10412403139818886,10.412403139818888,0.004226782750527334,0.3511456209008081,0.2354,0.0,1.0,0.0,False,single_elimination,10,False
11,3,Kyle Massey,percent,23.0,0.10407239819004525,0.10643442363281064,10.643442363281066,0.003839743695755878,0.3407691846670584,0.2354,0.0,1.0,0.0,False,single_elimination,10,False
11,3,Margaret Cho,percent,18.0,0.08144796380090498,0.016445246450541438,1.6445246450541442,0.0006747528778115805,0.04571229963720838,0.2354,0.0,0.11855203619909498,0.0,False,single_elimination,10,True
11,3,Rick Fox,percent,24.0,0.1085972850678733,0.10918704488791584,10.918704488791587,0.003916068259967255,0.34955831013694466,0.2354,0.0,1.0,0.0,False,single_elimination,10,False
11,3,The Situation,percent,20.0,0.09049773755656108,0.11370301230017095,11.370301230017098,0.007103104406151586,0.36469488124397764,0.2354,0.0,1.0,0.0,False,single_elimination,10,False
11,4,Audrina Patridge,percent,23.0,0.12849162011173185,0.12155098952662548,12.155098952662554,0.0032100981760993714,0.3934875709926743,0.2857,0.0,1.0,0.0,False,single_elimination,9,False
11,4,Brandy,percent,24.0,0.1340782122905028,0.11749497737613206,11.749497737613211,0.0037591682911871423,0.37359541262581764,0.2857,0.0,1.0,0.0,False,single_elimination,9,False
11,4,Bristol Palin,percent,16.0,0.0893854748603352,0.12995970660854614,12.995970660854619,0.009899833950692775,0.39345399727989216,0.2857,0.0,1.0,0.0,False,single_elimination,9,False
11,4,Florence Henderson,percent,17.5,0.09776536312849161,0.1236386459788191,12.363864597881916,0.006457470854188854,0.38415882012639646,0.2857,0.0,1.0,0.0,False,single_elimination,9,False
11,4,Jennifer Grey,percent,28.0,0.1564245810055866,0.11437664267580279,11.437664267580285,0.0029693496743747384,0.3849997555937607,0.2857,0.0,1.0,0.0,False,single_elimination,9,False
11,4,Kurt Warner,percent,17.0,0.09497206703910614,0.12844015236277084,12.84401523627709,0.005897909908207768,0.39595422184882173,0.2857,0.0,1.0,0.0,False,single_elimination,9,False
11,4,Kyle Massey,percent,20.0,0.11173184357541899,0.1212054926046538,12.120549260465385,0.003897130314938208,0.38171095794867954,0.2857,0.0,1.0,0.0,False,single_elimination,9,False
11,4,Rick Fox,percent,19.5,0.10893854748603352,0.12089896001777177,12.089896001777182,0.0046659788937167684,0.3944124758265972,0.2857,0.0,1.0,0.0,False,single_elimination,9,False
11,4,The Situation,percent,14.0,0.0782122905027933,0.022434432848877587,2.2434432848877597,0.0008357456648701869,0.06204959865928766,0.2857,0.0,0.14400993171942894,0.0,False,single_elimination,9,True
11,5,Audrina Patridge,percent,23.0,0.12637362637362637,0.13544847811216174,13.544847811216174,0.008519378694746385,0.4112821742938658,0.1638,0.0,0.978021978021978,0.0,False,single_elimination,8,False
11,5,Brandy,percent,27.0,0.14835164835164835,0.12888501868329932,12.888501868329932,0.004557053729782264,0.418066740301311,0.1638,0.0,0.978021978021978,0.0,False,single_elimination,8,False
11,5,Bristol Palin,percent,18.0,0.0989010989010989,0.1684409922575053,16.84409922575053,0.032239458731480174,0.4698323737227348,0.1638,0.016483516483516494,0.9945054945054945,0.0,False,single_elimination,8,False
11,5,Florence Henderson,percent,21.0,0.11538461538461539,0.019224221717576623,1.9224221717576624,0.0006773902589382083,0.05861373878373219,0.1638,0.0,0.13461538461538458,0.0,False,single_elimination,8,True
11,5,Jennifer Grey,percent,25.0,0.13736263736263737,0.13109716560421053,13.109716560421052,0.005291216263986669,0.3971177753378862,0.1638,0.0,0.978021978021978,0.0,False,single_elimination,8,False
11,5,Kurt Warner,percent,24.0,0.13186813186813187,0.12890924701511558,12.890924701511558,0.006463789860214919,0.4164041945314533,0.1638,0.0,0.978021978021978,0.0,False,single_elimination,8,False
11,5,Kyle Massey,percent,20.0,0.10989010989010989,0.15503651982324282,15.503651982324282,0.02003805513919075,0.4379882153909178,0.1638,0.005494505494505503,0.9835164835164835,0.0,False,single_elimination,8,False
11,5,Rick Fox,percent,24.0,0.13186813186813187,0.13295835678688808,13.295835678688809,0.007415203268121759,0.41945043236232127,0.1638,0.0,0.978021978021978,0.0,False,single_elimination,8,False
11,6,Audrina Patridge,percent,31.9998,0.1545889285615942,0.018391202413120505,1.8391202413120509,0.0005083099574459878,0.05771599300422227,0.0835,0.0,0.13112535715269152,0.0,False,single_elimination,7,True
11,6,Brandy,percent,35.9999,0.17391314849856981,0.13032704533975226,13.03270453397523,0.007809567588142461,0.3920584948534136,0.0835,0.0,0.8985532801318651,0.0,False,single_elimination,7,False
11,6,Bristol Palin,percent,27.9998,0.13526519171803963,0.16228708532817324,16.228708532817326,0.038497979385975004,0.40686414903284823,0.0835,0.019323736843554568,0.9178770169754197,0.0,False,single_elimination,7,False
11,6,Jennifer Grey,percent,29.0,0.14009709211577046,0.16463584263323378,16.46358426332338,0.030519951914021463,0.45743599919496786,0.0835,0.014491836445823747,0.9130451165776888,0.0,False,single_elimination,7,False
11,6,Kurt Warner,percent,21.9999,0.10628006954612891,0.19623130859203333,19.62313085920334,0.06431007721122292,0.4817612885773765,0.0835,0.04830885901546529,0.9468621391473304,0.0,False,single_elimination,7,False
11,6,Kyle Massey,percent,29.9999,0.144927543233238,0.16983909901432492,16.983909901432494,0.026054611394387674,0.45910409475359193,0.0835,0.009661385328356198,0.9082146654602212,0.0,False,single_elimination,7,False
11,6,Rick Fox,percent,30.0,0.1449280263266591,0.15828841667936183,15.828841667936185,0.02595356959968776,0.44725609495485286,0.0835,0.009660902234935098,0.9082141823668002,0.0,False,single_elimination,7,False
11,7,Brandy,percent,36.5,0.1750599520383693,0.1919397407752756,19.19397407752757,0.017223277676169154,0.550804494290704,0.1669,0.0,0.985611510791367,0.0,False,single_elimination,6,False
11,7,Bristol Palin,percent,32.5,0.15587529976019185,0.20076522951889142,20.076522951889153,0.03038125763766155,0.5357956885025046,0.1669,0.009592326139088725,0.9952038369304557,0.0,False,single_elimination,6,False
11,7,Jennifer Grey,percent,36.5,0.1750599520383693,0.18781044785741421,18.781044785741432,0.015253517309231971,0.5269493933299627,0.1669,0.0,0.985611510791367,0.0,False,single_elimination,6,False
11,7,Kurt Warner,percent,35.0,0.16786570743405277,0.19116907626397747,19.116907626397758,0.019898829480578986,0.5534126686782448,0.1669,0.0,0.985611510791367,0.0,False,single_elimination,6,False
11,7,Kyle Massey,percent,33.5,0.1606714628297362,0.20030546982618405,20.030546982618418,0.02618033847653597,0.5450796520480495,0.1669,0.0047961630695443624,0.9904076738609113,0.0,False,single_elimination,6,False
11,7,Rick Fox,percent,34.5,0.16546762589928057,0.028010035758256616,2.801003575825663,0.0009418768684897722,0.08721396919645549,0.1669,0.0,0.16786570743405277,0.0,False,single_elimination,6,True
11,8,Brandy,percent,28.5,0.21509433962264152,0.23382692027207397,23.382692027207426,0.018871413365472645,0.6415733216598695,0.2775,0.0,0.9962264150943396,0.0,False,single_elimination,5,False
11,8,Bristol Palin,percent,23.5,0.17735849056603772,0.2562553381942183,25.625533819421864,0.035881697998644074,0.6510194156617253,0.2775,0.0037735849056603765,1.0,0.0,False,single_elimination,5,False
11,8,Jennifer Grey,percent,28.5,0.21509433962264152,0.2301338094491,23.01338094491003,0.01593722599780642,0.6362088452080085,0.2775,0.0,0.9962264150943396,0.0,False,single_elimination,5,False
11,8,Kurt Warner,percent,24.0,0.1811320754716981,0.04632030389777266,4.632030389777272,0.0016227072073627831,0.1356009969280207,0.2775,0.0,0.2188679245283019,0.0,False,single_elimination,5,True
11,8,Kyle Massey,percent,28.0,0.21132075471698114,0.23346362818683378,23.34636281868341,0.017885710005179307,0.6410856788815874,0.2775,0.0,0.9962264150943396,0.0,False,single_elimination,5,False
11,9,Brandy,percent,28.5,0.25,0.06179635996500707,6.1796359965007115,0.0018680717470543862,0.17073349673041138,0.2463,0.0,0.25,0.0,False,single_elimination,4,True
11,9,Bristol Palin,percent,26.5,0.2324561403508772,0.3371632886885767,33.716328868857694,0.07028078847430988,0.7673074194832445,0.2463,0.017543859649122806,1.0,0.0,False,single_elimination,4,False
11,9,Jennifer Grey,percent,30.0,0.2631578947368421,0.2982918203897308,29.8291820389731,0.031968764572793816,0.7256564805088439,0.2463,0.0,0.9824561403508771,0.0,False,single_elimination,4,False
11,9,Kyle Massey,percent,29.0,0.2543859649122807,0.3027485309566848,30.2748530956685,0.042646447326302246,0.7173986070050153,0.2463,0.0,0.9824561403508771,0.0,False,single_elimination,4,False
11,10,Bristol Palin,percent,25.666600000000003,0.3092368897274451,0.3331573298238151,33.315732982381476,0.011759710278452828,0.8392929430146426,1.0,0.0,1.0,0.0,False,no_elimination,3,False
11,10,Jennifer Grey,percent,30.0,0.36144665408832305,0.3329557516761961,33.29557516761958,0.013705848537918987,0.8464717604466545,1.0,0.0,1.0,0.0,False,no_elimination,3,False
11,10,Kyle Massey,percent,27.3332,0.3293164561842318,0.33388691849998986,33.388691849998956,0.011347956427804291,0.84725873030877,1.0,0.0,1.0,0.0,False,no_elimination,3,False
12,1,Chelsea Kane,percent,21.0,0.10144927536231885,0.09050073818124045,9.05007381812405,0.00254834414794661,0.3096246555965441,1.0,0.0,1.0,0.0,False,no_elimination,11,False
12,1,Chris Jericho,percent,19.0,0.09178743961352658,0.0903128892076111,9.031288920761114,0.002570293007786227,0.30806472346000624,1.0,0.0,1.0,0.0,False,no_elimination,11,False
12,1,Hines Ward,percent,21.0,0.10144927536231885,0.09092272473634545,9.09227247363455,0.002808161933845665,0.3063241107693518,1.0,0.0,1.0,0.0,False,no_elimination,11,False
12,1,Kendra Wilkinson,percent,18.0,0.08695652173913043,0.08999100376557322,8.999100376557326,0.0027350979348446385,0.30585149423194763,1.0,0.0,1.0,0.0,False,no_elimination,11,False
12,1,Kirstie Alley,percent,23.0,0.1111111111111111,0.09210749805687846,9.21074980568785,0.0024333091644067615,0.31128157413580704,1.0,0.0,1.0,0.0,False,no_elimination,11,False
12,1,Mike Catherwood,percent,13.0,0.06280193236714976,0.09175193337807,9.175193337807004,0.0027941830600247144,0.3120968509404893,1.0,0.0,1.0,0.0,False,no_elimination,11,False
12,1,Petra Nemcova,percent,18.0,0.08695652173913043,0.09105426549962442,9.105426549962447,0.0026151092456538705,0.30925254775723016,1.0,0.0,1.0,0.0,False,no_elimination,11,False
12,1,Ralph Macchio,percent,24.0,0.11594202898550725,0.09090842477593744,9.090842477593748,0.0023308672497883045,0.31357852658241947,1.0,0.0,1.0,0.0,False,no_elimination,11,False
12,1,Romeo,percent,19.0,0.09178743961352658,0.0908136209996056,9.081362099960565,0.0024589510881975595,0.30534649084946647,1.0,0.0,1.0,0.0,False,no_elimination,11,False
12,1,Sugar Ray Leonard,percent,17.0,0.0821256038647343,0.09056032144567096,9.0560321445671,0.00234807863780067,0.31213613203645274,1.0,0.0,1.0,0.0,False,no_elimination,11,False
12,1,Wendy Williams,percent,14.0,0.06763285024154589,0.0910765799534425,9.107657995344255,0.0023803111874611156,0.309027550758352,1.0,0.0,1.0,0.0,False,no_elimination,11,False
12,2,Chelsea Kane,percent,18.0,0.08333333333333333,0.10448585397291967,10.448585397291968,0.0071666714900820465,0.32063659634696506,0.1761,0.0,1.0,0.0,False,single_elimination,11,False
12,2,Chris Jericho,percent,23.0,0.10648148148148148,0.09307593813075914,9.307593813075915,0.0024664700540853583,0.32557329604507235,0.1761,0.0,1.0,0.0,False,single_elimination,11,False
12,2,Hines Ward,percent,23.0,0.10648148148148148,0.09598433640591687,9.598433640591688,0.002608877914291327,0.3270886954064176,0.1761,0.0,1.0,0.0,False,single_elimination,11,False
12,2,Kendra Wilkinson,percent,19.0,0.08796296296296297,0.09945591158749854,9.945591158749856,0.0038822351783458484,0.3315654661431632,0.1761,0.0,1.0,0.0,False,single_elimination,11,False
12,2,Kirstie Alley,percent,20.0,0.09259259259259259,0.09673852197592489,9.67385219759249,0.003603123384757986,0.3168431680542834,0.1761,0.0,1.0,0.0,False,single_elimination,11,False
12,2,Mike Catherwood,percent,17.0,0.0787037037037037,0.012167938240524041,1.2167938240524043,0.0005154419502764829,0.03649171593482207,0.1761,0.0,0.10311447811447808,0.0,False,single_elimination,11,True
12,2,Petra Nemcova,percent,18.0,0.08333333333333333,0.10105037186507485,10.105037186507486,0.00654637415957919,0.3245395133597318,0.1761,0.0,1.0,0.0,False,single_elimination,11,False
12,2,Ralph Macchio,percent,21.0,0.09722222222222222,0.0940082527503123,9.40082527503123,0.0031457439990562564,0.3177122350859127,0.1761,0.0,1.0,0.0,False,single_elimination,11,False
12,2,Romeo,percent,23.0,0.10648148148148148,0.09451247193238506,9.451247193238506,0.003162093032403307,0.31461162320482,0.1761,0.0,1.0,0.0,False,single_elimination,11,False
12,2,Sugar Ray Leonard,percent,17.0,0.0787037037037037,0.10627735563556595,10.627735563556596,0.010538438320027979,0.33356542286557866,0.1761,-0.0,1.0,0.0,False,single_elimination,11,False
12,2,Wendy Williams,percent,17.0,0.0787037037037037,0.10224304750311859,10.22430475031186,0.009796624187205064,0.3025579203074596,0.1761,0.0,1.0,0.0,False,single_elimination,11,False
12,3,Chelsea Kane,percent,23.0,0.10747663551401869,0.10780672603511313,10.780672603511315,0.004060954063953419,0.361965175576333,0.3254,0.0,1.0,0.0,False,single_elimination,10,False
12,3,Chris Jericho,percent,21.0,0.09813084112149532,0.10927778711437705,10.927778711437707,0.004396855690838025,0.3543067480373851,0.3254,0.0,1.0,0.0,False,single_elimination,10,False
12,3,Hines Ward,percent,25.0,0.11682242990654206,0.10743178545199056,10.743178545199058,0.0033709518624532617,0.3556697703913687,0.3254,0.0,1.0,0.0,False,single_elimination,10,False
12,3,Kendra Wilkinson,percent,23.0,0.10747663551401869,0.10834872531797098,10.8348725317971,0.004062009233836019,0.3563477564286933,0.3254,0.0,1.0,0.0,False,single_elimination,10,False
12,3,Kirstie Alley,percent,21.0,0.09813084112149532,0.1091440387044676,10.91440387044676,0.0035969705590610367,0.34873041088697626,0.3254,0.0,1.0,0.0,False,single_elimination,10,False
12,3,Petra Nemcova,percent,25.0,0.11682242990654206,0.10670495813278044,10.670495813278045,0.003697795789194521,0.3631681043038931,0.3254,0.0,1.0,0.0,False,single_elimination,10,False
12,3,Ralph Macchio,percent,21.0,0.09813084112149532,0.11095151989312772,11.095151989312773,0.004016918500455545,0.36446014888918626,0.3254,0.0,1.0,0.0,False,single_elimination,10,False
12,3,Romeo,percent,20.0,0.09345794392523364,0.11266332790408567,11.266332790408569,0.004992512276130326,0.362849892346037,0.3254,0.0,1.0,0.0,False,single_elimination,10,False
12,3,Sugar Ray Leonard,percent,20.0,0.09345794392523364,0.10688516111750013,10.688516111750014,0.004698454485409999,0.3479897422449716,0.3254,0.0,1.0,0.0,False,single_elimination,10,False
12,3,Wendy Williams,percent,15.0,0.07009345794392523,0.020785970328586686,2.078597032858669,0.0007934330591232723,0.05369470795303198,0.3254,0.0,0.12990654205607477,0.0,False,single_elimination,10,True
12,4,Chelsea Kane,percent,26.0,0.1262135922330097,0.11795611221248635,11.795611221248633,0.003408815334533268,0.36820792474919606,0.1577,0.0,0.9854368932038835,0.0,False,single_elimination,9,False
12,4,Chris Jericho,percent,23.0,0.11165048543689321,0.12314717093926514,12.314717093926511,0.008206096965324145,0.40780527818353485,0.1577,0.0,0.9854368932038835,0.0,False,single_elimination,9,False
12,4,Hines Ward,percent,25.0,0.12135922330097088,0.11672429389457714,11.672429389457712,0.005053322534335574,0.37426387388415244,0.1577,0.0,0.9854368932038835,0.0,False,single_elimination,9,False
12,4,Kendra Wilkinson,percent,18.0,0.08737864077669903,0.14274425714365127,14.274425714365124,0.025859725558548527,0.3983521579646623,0.1577,0.014563106796116498,1.0,0.0,False,single_elimination,9,False
12,4,Kirstie Alley,percent,22.0,0.10679611650485436,0.1259491077264224,12.594910772642237,0.010051083305146324,0.3855647937640764,0.1577,0.0,0.9854368932038835,0.0,False,single_elimination,9,False
12,4,Petra Nemcova,percent,23.0,0.11165048543689321,0.12133111052050219,12.133111052050216,0.0068257994547306815,0.36735061034436156,0.1577,0.0,0.9854368932038835,0.0,False,single_elimination,9,False
12,4,Ralph Macchio,percent,25.0,0.12135922330097088,0.11590712157717849,11.590712157717846,0.004170979644246042,0.3790309367430804,0.1577,0.0,0.9854368932038835,0.0,False,single_elimination,9,False
12,4,Romeo,percent,23.0,0.11165048543689321,0.12032538028298469,12.032538028298466,0.008254636019910529,0.3773092664689583,0.1577,0.0,0.9854368932038835,0.0,False,single_elimination,9,False
12,4,Sugar Ray Leonard,percent,21.0,0.10194174757281553,0.01591544570293247,1.5915445702932467,0.0006071837986129302,0.046417265019983424,0.1577,0.0,0.12028047464940668,0.0,False,single_elimination,9,True
12,5,Chelsea Kane,percent,26.0,0.13402061855670103,0.1349376903756929,13.493769037569278,0.006047694222287872,0.4067847725093986,0.1896,0.0,1.0,0.0,False,single_elimination,8,False
12,5,Chris Jericho,percent,26.0,0.13402061855670103,0.13436989745315836,13.436989745315826,0.006063916600102937,0.4191852144740349,0.1896,0.0,1.0,0.0,False,single_elimination,8,False
12,5,Hines Ward,percent,27.0,0.13917525773195877,0.13591238385480708,13.591238385480697,0.005940326053546175,0.4186413653863184,0.1896,0.0,1.0,0.0,False,single_elimination,8,False
12,5,Kendra Wilkinson,percent,22.0,0.1134020618556701,0.15099892271738977,15.099892271738963,0.017219838610659927,0.43749649578267824,0.1896,-0.0,1.0,0.0,False,single_elimination,8,False
12,5,Kirstie Alley,percent,23.0,0.11855670103092783,0.14433950178937988,14.433950178937973,0.010413207155062356,0.43141268195375837,0.1896,0.0,1.0,0.0,False,single_elimination,8,False
12,5,Petra Nemcova,percent,22.0,0.1134020618556701,0.019326091392377766,1.9326091392377749,0.0007142580323540941,0.05901791761161452,0.1896,0.0,0.13659793814432986,0.0,False,single_elimination,8,True
12,5,Ralph Macchio,percent,22.0,0.1134020618556701,0.14949361147014698,14.949361147014685,0.016142188000934272,0.4346005124660662,0.1896,0.0,1.0,0.0,False,single_elimination,8,False
12,5,Romeo,percent,26.0,0.13402061855670103,0.13062190094704806,13.062190094704796,0.005409886561157642,0.4314270692864069,0.1896,0.0,1.0,0.0,False,single_elimination,8,False
12,6,Chelsea Kane,percent,28.0,0.15555555555555556,0.16224774744162376,16.224774744162378,0.00680005653700076,0.480423428943664,0.2456,0.0,1.0,0.0,False,single_elimination,7,False
12,6,Chris Jericho,percent,22.0,0.12222222222222222,0.027022368431778087,2.7022368431778085,0.0011201361888642503,0.0763114197487029,0.2456,0.0,0.16349206349206347,0.0,False,single_elimination,7,True
12,6,Hines Ward,percent,27.0,0.15,0.15931567795413407,15.931567795413407,0.006800921299766135,0.4685236163177374,0.2456,0.0,1.0,0.0,False,single_elimination,7,False
12,6,Kendra Wilkinson,percent,25.0,0.1388888888888889,0.16380463887541843,16.380463887541843,0.010615378451247378,0.48600881809824154,0.2456,0.0,1.0,0.0,False,single_elimination,7,False
12,6,Kirstie Alley,percent,26.0,0.14444444444444443,0.15681063657131125,15.681063657131125,0.009589788162409331,0.4966503330640044,0.2456,0.0,1.0,0.0,False,single_elimination,7,False
12,6,Ralph Macchio,percent,24.0,0.13333333333333333,0.17059394578074372,17.05939457807437,0.014468757844636677,0.4927174526297538,0.2456,0.0,1.0,0.0,False,single_elimination,7,False
12,6,Romeo,percent,28.0,0.15555555555555556,0.16020498494499072,16.020498494499073,0.007260110862524523,0.48356059443318666,0.2456,0.0,1.0,0.0,False,single_elimination,7,False
12,7,Chelsea Kane,percent,32.0,0.16976127320954906,0.19640832061411712,19.640832061411718,0.01683955674592995,0.5467971744963115,0.1812,0.0,0.9946949602122015,0.0,False,single_elimination,6,False
12,7,Hines Ward,percent,33.0,0.17506631299734748,0.18341203787236238,18.34120378723624,0.014873860181953066,0.5059723832961319,0.1812,0.0,0.9946949602122015,0.0,False,single_elimination,6,False
12,7,Kendra Wilkinson,percent,30.5,0.16180371352785147,0.029828186459380613,2.982818645938062,0.001015461444149696,0.08941299429350667,0.1812,0.0,0.17152961980548184,0.0,False,single_elimination,6,True
12,7,Kirstie Alley,percent,30.0,0.15915119363395225,0.19955263143760343,19.955263143760348,0.0269812572361294,0.5472120525172343,0.1812,0.0026525198938992245,0.9973474801061007,0.0,False,single_elimination,6,False
12,7,Ralph Macchio,percent,33.0,0.17506631299734748,0.18921556512550108,18.921556512550115,0.015037832945590239,0.5237594961734056,0.1812,0.0,0.9946949602122015,0.0,False,single_elimination,6,False
12,7,Romeo,percent,30.0,0.15915119363395225,0.20158325849103526,20.15832584910353,0.027402612366569216,0.5431533802144309,0.1812,0.0026525198938992245,0.9973474801061007,0.0,False,single_elimination,6,False
12,8,Chelsea Kane,percent,27.5,0.21153846153846154,0.22828964783686162,22.828964783686164,0.020757128101786815,0.6144475921792681,0.1987,0.0,0.9769230769230769,0.0,False,single_elimination,5,False
12,8,Hines Ward,percent,27.0,0.2076923076923077,0.23028057851935588,23.02805785193559,0.025927740708777153,0.6088308771524329,0.1987,0.0,0.9769230769230769,0.0,False,single_elimination,5,False
12,8,Kirstie Alley,percent,26.5,0.20384615384615384,0.2373682063069053,23.736820630690534,0.02829200777119309,0.6317788342073034,0.1987,0.0,0.9769230769230769,0.0,False,single_elimination,5,False
12,8,Ralph Macchio,percent,23.0,0.17692307692307693,0.2644474462847427,26.444744628474275,0.05720150514175319,0.6339371499631373,0.1987,0.023076923076923078,1.0,0.0,False,single_elimination,5,False
12,8,Romeo,percent,26.0,0.2,0.039614121052134355,3.9614121052134363,0.0014632319836010898,0.12018594144512963,0.1987,0.0,0.19999999999999998,0.0,False,single_elimination,5,True
12,9,Chelsea Kane,percent,36.5,0.31063829787234043,0.28031722224882405,28.031722224882387,0.017486126778569908,0.741857535342142,0.3783,0.0,1.0,0.0,False,single_elimination,4,False
12,9,Hines Ward,percent,30.0,0.2553191489361702,0.3170539395866419,31.705393958664168,0.02941229611584596,0.7580317861596401,0.3783,0.0,1.0,0.0,False,single_elimination,4,False
12,9,Kirstie Alley,percent,27.0,0.2297872340425532,0.32282385353485865,32.28238535348584,0.03427332108937498,0.7738455023173718,0.3783,0.0,1.0,0.0,False,single_elimination,4,False
12,9,Ralph Macchio,percent,24.0,0.20425531914893616,0.07980498462967596,7.98049846296759,0.0030970065223672543,0.21339280113887896,0.3783,0.0,0.29574468085106387,0.0,False,single_elimination,4,True
12,10,Chelsea Kane,percent,29.666600000000003,0.33969480071129965,0.3357691428324799,33.57691428324807,0.013233854716328191,0.8417512280449161,1.0,0.0,1.0,0.0,False,no_elimination,3,False
12,10,Hines Ward,percent,29.666600000000003,0.33969480071129965,0.33112587893677065,33.112587893677144,0.013483312700595291,0.8428626634036412,1.0,0.0,1.0,0.0,False,no_elimination,3,False
12,10,Kirstie Alley,percent,27.9999,0.32061039857740076,0.3331049782307471,33.31049782307479,0.012356985921950971,0.8385789853289198,1.0,0.0,1.0,0.0,False,no_elimination,3,False
13,1,Carson Kressley,percent,17.0,0.07834101382488479,0.08953327645128241,8.95332764512824,0.0038860225346566096,0.30053537828451177,0.2291,0.0,1.0,0.0,False,single_elimination,12,False
13,1,Chaz Bono,percent,17.0,0.07834101382488479,0.08923427461698495,8.923427461698493,0.003925589376779736,0.27921854735566554,0.2291,0.0,1.0,0.0,False,single_elimination,12,False
13,1,Chynna Phillips,percent,22.0,0.10138248847926268,0.08783193892931965,8.783193892931964,0.0021702071213312983,0.28945498665189334,0.2291,0.0,1.0,0.0,False,single_elimination,12,False
13,1,David Arquette,percent,18.0,0.08294930875576037,0.08956991229612718,8.956991229612717,0.003692215777953354,0.28703645563162417,0.2291,0.0,1.0,0.0,False,single_elimination,12,False
13,1,Elisabetta Canalis,percent,15.0,0.06912442396313365,0.09602993173155905,9.602993173155902,0.006260477660208385,0.3049036170086695,0.2291,0.0,1.0,0.0,False,single_elimination,12,False
13,1,Hope Solo,percent,21.0,0.0967741935483871,0.08573071819360853,8.573071819360852,0.002438556049854144,0.28700441600266224,0.2291,0.0,1.0,0.0,False,single_elimination,12,False
13,1,J.R. Martinez,percent,22.0,0.10138248847926268,0.08848548166365383,8.848548166365381,0.0021686485225112925,0.29747088356331075,0.2291,0.0,1.0,0.0,False,single_elimination,12,False
13,1,Kristin Cavallari,percent,19.0,0.08755760368663594,0.0855217153239113,8.552171532391128,0.00270948810058824,0.29275257017680756,0.2291,0.0,1.0,0.0,False,single_elimination,12,False
13,1,Metta World Peace (Ron),percent,14.0,0.06451612903225806,0.01312486339812987,1.3124863398129867,0.000512422088772888,0.03646309904594236,0.2291,0.0,0.10215053763440861,0.0,False,single_elimination,12,True
13,1,Nancy Grace,percent,16.0,0.07373271889400922,0.09463233137223809,9.463233137223806,0.005277396077520518,0.3078888400679495,0.2291,0.0,1.0,0.0,False,single_elimination,12,False
13,1,Ricki Lake,percent,20.0,0.09216589861751152,0.08672456809474717,8.672456809474715,0.002269822197093878,0.3024045625005035,0.2291,0.0,1.0,0.0,False,single_elimination,12,False
13,1,Rob Kardashian,percent,16.0,0.07373271889400922,0.09358098792843828,9.358098792843826,0.0056511544876419574,0.31186388826318584,0.2291,0.0,1.0,0.0,False,single_elimination,12,False
13,2,Carson Kressley,percent,18.0,0.08071748878923767,0.10756915357053955,10.756915357053952,0.02016398932711046,0.3033508305354063,0.0584,0.013452914798206275,0.959641255605381,0.0,False,single_elimination,11,False
13,2,Chaz Bono,percent,17.0,0.07623318385650224,0.11031894107276699,11.031894107276695,0.027216925988746154,0.31550560081453133,0.0584,0.0179372197309417,0.9641255605381165,0.0,False,single_elimination,11,False
13,2,Chynna Phillips,percent,21.0,0.09417040358744394,0.09870658901808697,9.870658901808694,0.009677344403535081,0.3252215364418038,0.0584,0.0,0.9461883408071747,0.0,False,single_elimination,11,False
13,2,David Arquette,percent,18.0,0.08071748878923767,0.10566691948799978,10.566691948799974,0.02074825332585344,0.32123234277018664,0.0584,0.013452914798206275,0.959641255605381,0.0,False,single_elimination,11,False
13,2,Elisabetta Canalis,percent,21.0,0.09417040358744394,0.008212313151922739,0.8212313151922737,0.00019592167510050344,0.025715587181483278,0.0584,0.0,0.08764777823073787,0.0,False,single_elimination,11,True
13,2,Hope Solo,percent,19.0,0.08520179372197309,0.10349099363914696,10.349099363914693,0.01706455148818839,0.3240088112813841,0.0584,0.00896860986547085,0.9551569506726456,0.0,False,single_elimination,11,False
13,2,J.R. Martinez,percent,22.0,0.09865470852017937,0.08571626872909614,8.571626872909613,0.004935927986883704,0.27843971045629246,0.0584,0.0,0.9461883408071747,0.0,False,single_elimination,11,False
13,2,Kristin Cavallari,percent,22.0,0.09865470852017937,0.10064553153563628,10.064553153563626,0.003896098487253806,0.3080070962953833,0.0584,0.0,0.9461883408071747,0.0,False,single_elimination,11,False
13,2,Nancy Grace,percent,21.0,0.09417040358744394,0.10067893148688077,10.067893148688075,0.007083403276403126,0.30032482015480105,0.0584,0.0,0.9461883408071747,0.0,False,single_elimination,11,False
13,2,Ricki Lake,percent,23.0,0.1031390134529148,0.08702175659694396,8.702175659694394,0.004073916849785269,0.27568033078535337,0.0584,0.0,0.9461883408071747,0.0,False,single_elimination,11,False
13,2,Rob Kardashian,percent,21.0,0.09417040358744394,0.09197260171097989,9.197260171097987,0.007339327800166695,0.28765041617924486,0.0584,0.0,0.9461883408071747,0.0,False,single_elimination,11,False
13,3,Carson Kressley,percent,23.0,0.0970464135021097,0.11092653052631113,11.09265305263111,0.012737313256784403,0.33465126698798936,0.0804,0.004219409282700426,0.9620253164556962,0.0,False,single_elimination,10,False
13,3,Chaz Bono,percent,18.0,0.0759493670886076,0.13152438482464102,13.152438482464099,0.03436665425869409,0.34599504939353415,0.0804,0.025316455696202528,0.9831223628691984,0.0,False,single_elimination,10,False
13,3,Chynna Phillips,percent,26.0,0.10970464135021098,0.10152101285270572,10.15210128527057,0.005914658275165727,0.30506978145616553,0.0804,0.0,0.9578059071729959,0.0,False,single_elimination,10,False
13,3,David Arquette,percent,24.0,0.10126582278481013,0.10683580509800011,10.68358050980001,0.009670049059108723,0.33943418008053683,0.0804,-0.0,0.9578059071729959,0.0,False,single_elimination,10,False
13,3,Hope Solo,percent,24.0,0.10126582278481013,0.11221381213459422,11.22138121345942,0.01098109517315313,0.3486754106766427,0.0804,0.0,0.9578059071729959,0.0,False,single_elimination,10,False
13,3,J.R. Martinez,percent,26.0,0.10970464135021098,0.09991495971645614,9.99149597164561,0.00490283055308774,0.3056051576288658,0.0804,0.0,0.9578059071729959,0.0,False,single_elimination,10,False
13,3,Kristin Cavallari,percent,24.0,0.10126582278481013,0.010660057553864366,1.0660057553864364,0.0002469963438415476,0.03395262037455994,0.0804,0.0,0.09873417721518986,0.0,False,single_elimination,10,True
13,3,Nancy Grace,percent,21.0,0.08860759493670886,0.11429550014463499,11.429550014463496,0.021552824805493535,0.32148808850002125,0.0804,0.012658227848101264,0.9704641350210971,0.0,False,single_elimination,10,False
13,3,Ricki Lake,percent,27.0,0.11392405063291139,0.10408760086896553,10.40876008689655,0.0027898617053189394,0.36153453553329595,0.0804,0.0,0.9578059071729959,0.0,False,single_elimination,10,False
13,3,Rob Kardashian,percent,24.0,0.10126582278481013,0.10802033627982718,10.802033627982716,0.010824779064365943,0.3301387508733638,0.0804,0.0,0.9578059071729959,0.0,False,single_elimination,10,False
13,4,Carson Kressley,percent,20.0,0.09569377990430622,0.13478046012714417,13.478046012714415,0.01828390055038566,0.3768651801631168,0.1622,0.004784688995215308,1.0,0.0,False,single_elimination,9,False
13,4,Chaz Bono,percent,21.0,0.10047846889952153,0.12719621997811367,12.719621997811364,0.014982654103135372,0.37431419180453823,0.1622,0.0,0.9952153110047847,0.0,False,single_elimination,9,False
13,4,Chynna Phillips,percent,21.0,0.10047846889952153,0.015882112142311014,1.5882112142311011,0.0007385867898493886,0.0474135503682292,0.1622,0.0,0.12174375332270068,0.0,False,single_elimination,9,True
13,4,David Arquette,percent,23.0,0.11004784688995216,0.12729500503034213,12.729500503034211,0.007027471386666662,0.38974124821898776,0.1622,0.0,0.9952153110047847,0.0,False,single_elimination,9,False
13,4,Hope Solo,percent,24.0,0.11483253588516747,0.12042430666602666,12.042430666602662,0.005677651438333601,0.38920526390468757,0.1622,0.0,0.9952153110047847,0.0,False,single_elimination,9,False
13,4,J.R. Martinez,percent,26.0,0.12440191387559808,0.11542714148072869,11.542714148072866,0.004870188402148464,0.37816764782899553,0.1622,0.0,0.9952153110047847,0.0,False,single_elimination,9,False
13,4,Nancy Grace,percent,21.0,0.10047846889952153,0.12633705195367703,12.6337051953677,0.012395541886572896,0.3644464286829948,0.1622,0.0,0.9952153110047847,0.0,False,single_elimination,9,False
13,4,Ricki Lake,percent,29.0,0.13875598086124402,0.11323868269057061,11.323868269057058,0.003233858133993868,0.3821853526947124,0.1622,0.0,0.9952153110047847,0.0,False,single_elimination,9,False
13,4,Rob Kardashian,percent,24.0,0.11483253588516747,0.11941901993108621,11.941901993108619,0.005993846675812394,0.36230177156889454,0.1622,0.0,0.9952153110047847,0.0,False,single_elimination,9,False
13,5,Carson Kressley,percent,19.0,0.10106382978723404,0.023471773227209926,2.3471773227209907,0.0008901467039964219,0.06351305355741224,0.2591,0.0,0.14893617021276595,0.0,False,single_elimination,8,True
13,5,Chaz Bono,percent,21.0,0.11170212765957446,0.148342189056511,14.834218905651086,0.012102396999049077,0.42879019048641026,0.2591,0.0,1.0,0.0,False,single_elimination,8,False
13,5,David Arquette,percent,25.0,0.13297872340425532,0.13506320610033049,13.506320610033038,0.005713578874195302,0.4322090173120264,0.2591,0.0,1.0,0.0,False,single_elimination,8,False
13,5,Hope Solo,percent,24.0,0.1276595744680851,0.14068619593870216,14.068619593870203,0.006573233323027932,0.4370948757804967,0.2591,0.0,1.0,0.0,False,single_elimination,8,False
13,5,J.R. Martinez,percent,28.0,0.14893617021276595,0.13416229915898348,13.416229915898336,0.0046924770468397495,0.44292293966480406,0.2591,0.0,1.0,0.0,False,single_elimination,8,False
13,5,Nancy Grace,percent,22.0,0.11702127659574468,0.14321624281232578,14.321624281232564,0.009319658151878586,0.43189934102318367,0.2591,0.0,1.0,0.0,False,single_elimination,8,False
13,5,Ricki Lake,percent,24.0,0.1276595744680851,0.13724001072326858,13.724001072326846,0.005044462627752931,0.43425393028583803,0.2591,0.0,1.0,0.0,False,single_elimination,8,False
13,5,Rob Kardashian,percent,25.0,0.13297872340425532,0.1378180829826693,13.781808298266917,0.004174045979150499,0.44535728959291354,0.2591,0.0,1.0,0.0,False,single_elimination,8,False
13,6,Chaz Bono,percent,19.0,0.1144578313253012,0.03100088609281835,3.100088609281833,0.0012973432742384718,0.08713130505749106,0.2814,0.0,0.1712564543889845,0.0,False,single_elimination,7,True
13,6,David Arquette,percent,23.0,0.13855421686746988,0.16514628956279026,16.514628956279015,0.008702224401303972,0.49443805928641055,0.2814,0.0,1.0,0.0,False,single_elimination,7,False
13,6,Hope Solo,percent,20.0,0.12048192771084337,0.1747559528347312,17.47559528347311,0.01963885521076416,0.49717097159958484,0.2814,0.0,1.0,0.0,False,single_elimination,7,False
13,6,J.R. Martinez,percent,29.0,0.1746987951807229,0.15305377430864936,15.305377430864924,0.005345557536200225,0.4801716202996682,0.2814,0.0,1.0,0.0,False,single_elimination,7,False
13,6,Nancy Grace,percent,24.0,0.14457831325301204,0.15672076657322812,15.672076657322801,0.008221075261203747,0.4821935847380288,0.2814,0.0,1.0,0.0,False,single_elimination,7,False
13,6,Ricki Lake,percent,29.0,0.1746987951807229,0.15427897775691307,15.427897775691296,0.004453328896293845,0.4799684518582114,0.2814,0.0,1.0,0.0,False,single_elimination,7,False
13,6,Rob Kardashian,percent,22.0,0.13253012048192772,0.1650433528708704,16.50433528708703,0.011776368303920929,0.4791687899400063,0.2814,0.0,1.0,0.0,False,single_elimination,7,False
13,7,David Arquette,percent,23.5,0.16040955631399317,0.029981448165110523,2.998144816511051,0.000952078562099725,0.09266824582074701,0.1872,0.0,0.1729237770193402,0.0,False,single_elimination,6,True
13,7,Hope Solo,percent,25.0,0.17064846416382254,0.18416185780994587,18.416185780994578,0.01335564852980174,0.5239228317751233,0.1872,0.0,0.9897610921501707,0.0,False,single_elimination,6,False
13,7,J.R. Martinez,percent,24.0,0.16382252559726962,0.19805297908920755,19.805297908920746,0.020944855345408575,0.5654654852918973,0.1872,0.0,0.9897610921501707,0.0,False,single_elimination,6,False
13,7,Nancy Grace,percent,22.0,0.15017064846416384,0.2138790515751747,21.387905157517462,0.036479891929021034,0.5607685888261984,0.1872,0.010238907849829337,1.0,0.0,False,single_elimination,6,False
13,7,Ricki Lake,percent,26.5,0.18088737201365188,0.1868184184619452,18.681841846194512,0.013328306305666024,0.5287925114621824,0.1872,0.0,0.9897610921501707,0.0,False,single_elimination,6,False
13,7,Rob Kardashian,percent,25.5,0.17406143344709898,0.18710624489861655,18.710624489861647,0.016815269328804658,0.517887038249884,0.1872,0.0,0.9897610921501707,0.0,False,single_elimination,6,False
13,8,Hope Solo,percent,26.0,0.20077220077220076,0.23925678095521227,23.92567809552123,0.013501328552153104,0.652052547701122,0.3183,0.0,1.0,0.0,False,single_elimination,5,False
13,8,J.R. Martinez,percent,30.0,0.23166023166023167,0.22310910668754164,22.31091066875417,0.011499119778669437,0.6401739462881578,0.3183,0.0,1.0,0.0,False,single_elimination,5,False
13,8,Nancy Grace,percent,22.0,0.16988416988416988,0.0486749977381134,4.867499773811342,0.0017620297226834528,0.14152715904760507,0.3183,0.0,0.23011583011583012,0.0,False,single_elimination,5,True
13,8,Ricki Lake,percent,26.0,0.20077220077220076,0.23818460528052665,23.81846052805267,0.016934171625377435,0.6636164044529617,0.3183,0.0,1.0,0.0,False,single_elimination,5,False
13,8,Rob Kardashian,percent,25.5,0.1969111969111969,0.25077450933860584,25.07745093386059,0.017666112093434022,0.6755061701977253,0.3183,0.0,1.0,0.0,False,single_elimination,5,False
13,9,Hope Solo,percent,24.4998,0.20675023945248716,0.07843244049777004,7.843244049776997,0.002778986058517977,0.20819373662528567,0.3667,0.0,0.29324976054751284,0.0,False,single_elimination,4,True
13,9,J.R. Martinez,percent,28.0,0.23628791682665332,0.3250842808015975,32.508428080159725,0.03191433802421847,0.7808661727482552,0.3667,0.0,1.0,0.0,False,single_elimination,4,False
13,9,Ricki Lake,percent,33.4999,0.28270077088932866,0.29719973600157057,29.71997360015703,0.020112015717529266,0.7571973753769164,0.3667,0.0,1.0,0.0,False,single_elimination,4,False
13,9,Rob Kardashian,percent,32.4998,0.27426107283153095,0.2992835426990628,29.928354269906254,0.016708269591856725,0.7654454107891596,0.3667,0.0,1.0,0.0,False,single_elimination,4,False
13,10,J.R. Martinez,percent,28.1665,0.3333329388541484,0.3376436447184862,33.76436447184858,0.013841258036285506,0.8450508093159231,1.0,0.0,1.0,0.0,False,no_elimination,3,False
13,10,Ricki Lake,percent,27.9999,0.3313613318879616,0.33007809844900465,33.00780984490043,0.012614120490569734,0.840079926716916,1.0,0.0,1.0,0.0,False,no_elimination,3,False
13,10,Rob Kardashian,percent,28.3332,0.33530572925789,0.33227825683251017,33.22782568325098,0.012742869060789924,0.8412138248832489,1.0,0.0,1.0,0.0,False,no_elimination,3,False
14,1,Donald Driver,percent,21.0,0.07777777777777778,0.08283554018703386,8.28355401870339,0.0022958277066797757,0.28678845730313124,1.0,0.0,1.0,0.0,False,no_elimination,12,False
14,1,Gavin DeGraw,percent,20.0,0.07407407407407407,0.08412321266677396,8.412321266677399,0.0024233508870473903,0.29031060196457487,1.0,0.0,1.0,0.0,False,no_elimination,12,False
14,1,Gladys Knight,percent,23.0,0.08518518518518518,0.08414697001376022,8.414697001376025,0.002416659623520149,0.2909783203263668,1.0,0.0,1.0,0.0,False,no_elimination,12,False
14,1,Jack Wagner,percent,23.0,0.08518518518518518,0.08304502547010163,8.304502547010166,0.0022029791218766198,0.2880119379847023,1.0,0.0,1.0,0.0,False,no_elimination,12,False
14,1,Jaleel White,percent,26.0,0.0962962962962963,0.08371477336839893,8.371477336839895,0.00239083377362707,0.28648151136508404,1.0,0.0,1.0,0.0,False,no_elimination,12,False
14,1,Katherine Jenkins,percent,26.0,0.0962962962962963,0.0821662517055846,8.216625170558462,0.002279781420458166,0.2801990485694948,1.0,0.0,1.0,0.0,False,no_elimination,12,False
14,1,Maria Menounos,percent,21.0,0.07777777777777778,0.08385964998736674,8.385964998736677,0.0021061726648862263,0.2836898002518997,1.0,0.0,1.0,0.0,False,no_elimination,12,False
14,1,Martina Navratilova,percent,20.0,0.07407407407407407,0.08231847190627839,8.231847190627843,0.0020209811786391653,0.2823350182205493,1.0,0.0,1.0,0.0,False,no_elimination,12,False
14,1,Melissa Gilbert,percent,20.0,0.07407407407407407,0.08413204638232578,8.413204638232582,0.0024804051583972903,0.28805263834444844,1.0,0.0,1.0,0.0,False,no_elimination,12,False
14,1,Roshon Fegan,percent,23.0,0.08518518518518518,0.08249727326448221,8.249727326448223,0.002334124026794433,0.27885018391241007,1.0,0.0,1.0,0.0,False,no_elimination,12,False
14,1,Sherri Sheperd,percent,23.0,0.08518518518518518,0.0833576652702586,8.335766527025863,0.0022309988575967637,0.28512832399752,1.0,0.0,1.0,0.0,False,no_elimination,12,False
14,1,William Levy,percent,24.0,0.08888888888888889,0.0838031197776349,8.380311977763492,0.0022639710935380966,0.28601216287140474,1.0,0.0,1.0,0.0,False,no_elimination,12,False
14,2,Donald Driver,percent,24.0,0.08921933085501858,0.08938061873193712,8.938061873193712,0.0031758401075791427,0.29919787199708514,0.254,0.0,1.0,0.0,False,single_elimination,12,False
14,2,Gavin DeGraw,percent,21.0,0.07806691449814127,0.09114798586576789,9.11479858657679,0.004296385929681859,0.2838640037440347,0.254,0.0,1.0,0.0,False,single_elimination,12,False
14,2,Gladys Knight,percent,19.0,0.07063197026022305,0.09775032963579543,9.775032963579543,0.005969297063837363,0.3221939143831114,0.254,0.0,1.0,0.0,False,single_elimination,12,False
14,2,Jack Wagner,percent,21.0,0.07806691449814127,0.08926074897050053,8.926074897050054,0.003637105806848548,0.2983582211177248,0.254,0.0,1.0,0.0,False,single_elimination,12,False
14,2,Jaleel White,percent,22.0,0.08178438661710037,0.08723306555579327,8.723306555579327,0.0028592044333640575,0.3013466196418343,0.254,0.0,1.0,0.0,False,single_elimination,12,False
14,2,Katherine Jenkins,percent,26.0,0.09665427509293681,0.09012422748328458,9.012422748328458,0.0031374818022781303,0.3036070773286013,0.254,0.0,1.0,0.0,False,single_elimination,12,False
14,2,Maria Menounos,percent,25.0,0.09293680297397769,0.09087938888218766,9.087938888218765,0.0022600727842749567,0.2993616606463524,0.254,0.0,1.0,0.0,False,single_elimination,12,False
14,2,Martina Navratilova,percent,17.0,0.06319702602230483,0.014164294907460307,1.4164294907460306,0.0005777995535190014,0.03799700560387923,0.254,0.0,0.10346964064436186,0.0,False,single_elimination,12,True
14,2,Melissa Gilbert,percent,20.0,0.07434944237918216,0.09207912583545216,9.207912583545216,0.0044794908970271245,0.2998670064708068,0.254,0.0,1.0,0.0,False,single_elimination,12,False
14,2,Roshon Fegan,percent,26.0,0.09665427509293681,0.0861537458575417,8.61537458575417,0.0024104171792806114,0.2922321239398209,0.254,0.0,1.0,0.0,False,single_elimination,12,False
14,2,Sherri Sheperd,percent,23.0,0.08550185873605948,0.08618999550786793,8.618999550786793,0.003209010613521845,0.27892695412449764,0.254,0.0,1.0,0.0,False,single_elimination,12,False
14,2,William Levy,percent,25.0,0.09293680297397769,0.08563647276641141,8.563647276641142,0.0025492506798985006,0.2958513177952467,0.254,0.0,1.0,0.0,False,single_elimination,12,False
14,3,Donald Driver,percent,26.0,0.09285714285714286,0.0995571186869873,9.955711868698733,0.004985298774853178,0.3253901607485149,0.1298,0.0,1.0,0.0,False,single_elimination,11,False
14,3,Gavin DeGraw,percent,24.0,0.08571428571428572,0.10073890073042116,10.073890073042119,0.008629166730261106,0.311139938832752,0.1298,-0.0,1.0,0.0,False,single_elimination,11,False
14,3,Gladys Knight,percent,24.0,0.08571428571428572,0.10130026711216875,10.130026711216878,0.008599658783929211,0.3046316047585925,0.1298,0.0,1.0,0.0,False,single_elimination,11,False
14,3,Jack Wagner,percent,24.0,0.08571428571428572,0.010025265599907079,1.002526559990708,0.00035184602485426866,0.029403422533365968,0.1298,0.0,0.0961038961038961,0.0,False,single_elimination,11,True
14,3,Jaleel White,percent,25.0,0.08928571428571429,0.099497040313373,9.949704031337303,0.006702695916675776,0.313168357956248,0.1298,0.0,1.0,0.0,False,single_elimination,11,False
14,3,Katherine Jenkins,percent,29.0,0.10357142857142858,0.08940091846958459,8.94009184695846,0.003287421990434804,0.30062416093194816,0.1298,0.0,1.0,0.0,False,single_elimination,11,False
14,3,Maria Menounos,percent,27.0,0.09642857142857143,0.09424557886918386,9.42455788691839,0.0034544664894253794,0.3100614560071853,0.1298,0.0,1.0,0.0,False,single_elimination,11,False
14,3,Melissa Gilbert,percent,24.0,0.08571428571428572,0.09949479134217568,9.94947913421757,0.009069051671586444,0.3043281960704325,0.1298,0.0,1.0,0.0,False,single_elimination,11,False
14,3,Roshon Fegan,percent,25.0,0.08928571428571429,0.10212960585397411,10.212960585397415,0.006655649604743338,0.33184605275566526,0.1298,0.0,1.0,0.0,False,single_elimination,11,False
14,3,Sherri Sheperd,percent,24.0,0.08571428571428572,0.10495511390286871,10.495511390286874,0.009622936094205064,0.32880972927136987,0.1298,0.0,1.0,0.0,False,single_elimination,11,False
14,3,William Levy,percent,28.0,0.1,0.09865539911935545,9.865539911935548,0.004052933543512821,0.3425453966580985,0.1298,0.0,1.0,0.0,False,single_elimination,11,False
14,4,Donald Driver,percent,27.0,0.11587982832618025,0.10389002346507813,10.389002346507809,0.0031904137010654726,0.33435638163307746,0.1664,0.0,0.9957081545064378,0.0,False,single_elimination,10,False
14,4,Gavin DeGraw,percent,23.0,0.09871244635193133,0.11036449390419019,11.036449390419014,0.004839114647499165,0.35741926882262376,0.1664,0.0,0.9957081545064378,0.0,False,single_elimination,10,False
14,4,Gladys Knight,percent,20.0,0.08583690987124463,0.12311458652115291,12.311458652115286,0.01501033854795827,0.37423092829023896,0.1664,0.004291845493562235,1.0,0.0,False,single_elimination,10,False
14,4,Jaleel White,percent,22.0,0.0944206008583691,0.11267640342001294,11.267640342001288,0.00757544326528532,0.3529007334681993,0.1664,0.0,0.9957081545064378,0.0,False,single_elimination,10,False
14,4,Katherine Jenkins,percent,24.0,0.10300429184549356,0.10874290590680866,10.874290590680861,0.004629843748575761,0.3570800592662115,0.1664,0.0,0.9957081545064378,0.0,False,single_elimination,10,False
14,4,Maria Menounos,percent,26.0,0.11158798283261803,0.10088828974016896,10.088828974016891,0.0033222029580745036,0.31992491402110756,0.1664,0.0,0.9957081545064378,0.0,False,single_elimination,10,False
14,4,Melissa Gilbert,percent,22.0,0.0944206008583691,0.11242613004762404,11.242613004762399,0.007415599328639472,0.3541389124351432,0.1664,0.0,0.9957081545064378,0.0,False,single_elimination,10,False
14,4,Roshon Fegan,percent,26.0,0.11158798283261803,0.10665045755903949,10.665045755903945,0.004188082475179382,0.36671067899050763,0.1664,0.0,0.9957081545064378,0.0,False,single_elimination,10,False
14,4,Sherri Sheperd,percent,21.0,0.09012875536480687,0.012944104280764628,1.2944104280764623,0.0005411546508782759,0.040261425413203836,0.1664,0.0,0.10987124463519315,0.0,False,single_elimination,10,True
14,4,William Levy,percent,22.0,0.0944206008583691,0.10830260515516038,10.830260515516034,0.006113949786876156,0.34766467375309945,0.1664,0.0,0.9957081545064378,0.0,False,single_elimination,10,False
14,5,Donald Driver,percent,27.0,0.12053571428571429,0.11565711470826891,11.565711470826885,0.004793109879990182,0.3947609505081701,0.2674,0.0,1.0,0.0,False,single_elimination,9,False
14,5,Gavin DeGraw,percent,19.0,0.08482142857142858,0.02142019216140708,2.142019216140707,0.0009974611993712333,0.05759406814790197,0.2674,0.0,0.13740079365079366,0.0,False,single_elimination,9,True
14,5,Gladys Knight,percent,22.0,0.09821428571428571,0.13077514199295812,13.077514199295805,0.007917024078677145,0.4109066483054584,0.2674,0.0,1.0,0.0,False,single_elimination,9,False
14,5,Jaleel White,percent,24.0,0.10714285714285714,0.12462383410326226,12.46238341032622,0.005635935932837517,0.400604088783898,0.2674,0.0,1.0,0.0,False,single_elimination,9,False
14,5,Katherine Jenkins,percent,29.0,0.12946428571428573,0.11535671588480255,11.53567158848025,0.0038771462125775295,0.39338461056192076,0.2674,0.0,1.0,0.0,False,single_elimination,9,False
14,5,Maria Menounos,percent,27.0,0.12053571428571429,0.11879917558542671,11.879917558542665,0.003917324295875718,0.3906468490018724,0.2674,0.0,1.0,0.0,False,single_elimination,9,False
14,5,Melissa Gilbert,percent,21.0,0.09375,0.13327459476452164,13.327459476452159,0.009883524840892294,0.4062428440043017,0.2674,0.0,1.0,0.0,False,single_elimination,9,False
14,5,Roshon Fegan,percent,26.0,0.11607142857142858,0.12075031244349219,12.075031244349214,0.004163960832570187,0.3876570604713256,0.2674,0.0,1.0,0.0,False,single_elimination,9,False
14,5,William Levy,percent,29.0,0.12946428571428573,0.11934291835586086,11.93429183558608,0.0034021453647659645,0.38420825040385864,0.2674,0.0,1.0,0.0,False,single_elimination,9,False
14,6,Donald Driver,percent,33.9999,0.13178291569008135,0.13673615985911897,13.6736159859119,0.005356775127763429,0.41615716316882007,0.3021,0.0,1.0,0.0,False,single_elimination,8,False
14,6,Gladys Knight,percent,24.0,0.09302350820331685,0.027464240680455606,2.7464240680455614,0.0010118228267613836,0.07523932339591599,0.3021,0.0,0.15697649179668316,0.0,False,single_elimination,8,True
14,6,Jaleel White,percent,36.9998,0.1434104666175451,0.13452774711120702,13.452774711120705,0.00414152247767669,0.43017297180769803,0.3021,0.0,1.0,0.0,False,single_elimination,8,False
14,6,Katherine Jenkins,percent,38.9999,0.15116281323243902,0.13055113865570464,13.055113865570467,0.004215301963251794,0.4185433194628662,0.3021,0.0,1.0,0.0,False,single_elimination,8,False
14,6,Maria Menounos,percent,29.9999,0.11627899765619522,0.14629361354709508,14.629361354709511,0.007144517495899769,0.4641352222160662,0.3021,0.0,1.0,0.0,False,single_elimination,8,False
14,6,Melissa Gilbert,percent,30.0,0.11627938525414606,0.1443158131515251,14.431581315152513,0.007020944230226591,0.4507374818672125,0.3021,0.0,1.0,0.0,False,single_elimination,8,False
14,6,Roshon Fegan,percent,27.9998,0.1085266510413013,0.14748030141627355,14.748030141627359,0.009570382443550414,0.43113623338210644,0.3021,0.0,1.0,0.0,False,single_elimination,8,False
14,6,William Levy,percent,36.0,0.13953526230497526,0.13263098557861983,13.263098557861985,0.004892628478345797,0.41055837395656947,0.3021,0.0,1.0,0.0,False,single_elimination,8,False
14,7,Donald Driver,percent,26.5,0.1444141689373297,0.15877400768896968,15.877400768896969,0.014067600909448095,0.4523230113944122,0.1646,0.0,0.9891008174386922,0.0,False,single_elimination,7,False
14,7,Jaleel White,percent,25.5,0.13896457765667575,0.02206610568033018,2.206610568033018,0.0009887476912467548,0.06953795129226327,0.1646,0.0,0.14674970805760998,0.0,False,single_elimination,7,True
14,7,Katherine Jenkins,percent,27.0,0.14713896457765668,0.15827568664609437,15.827568664609437,0.009324098523980038,0.4717259119066756,0.1646,0.0,0.9891008174386922,0.0,False,single_elimination,7,False
14,7,Maria Menounos,percent,28.5,0.1553133514986376,0.15429057653299727,15.429057653299727,0.008432620004051665,0.4757951621409749,0.1646,0.0,0.9891008174386922,0.0,False,single_elimination,7,False
14,7,Melissa Gilbert,percent,23.5,0.12806539509536785,0.17782120917443506,17.782120917443507,0.030366282075770072,0.49011934363806287,0.1646,0.010899182561307896,1.0,0.0,False,single_elimination,7,False
14,7,Roshon Fegan,percent,26.0,0.14168937329700274,0.16535426073769613,16.535426073769614,0.01768589236486582,0.48681142048631265,0.1646,0.0,0.9891008174386922,0.0,False,single_elimination,7,False
14,7,William Levy,percent,26.5,0.1444141689373297,0.16341815353947753,16.34181535394775,0.013193295744974997,0.4688033169911338,0.1646,0.0,0.9891008174386922,0.0,False,single_elimination,7,False
14,8,Donald Driver,percent,27.5,0.16819571865443425,0.22583193644573693,22.583193644573694,0.04339218905298445,0.5595462970764,0.0707,0.003058103975535159,0.9877675840978594,0.0,False,multi_elimination_2,6,False
14,8,Katherine Jenkins,percent,27.5,0.16819571865443425,0.22842116124286427,22.842116124286427,0.0412781280586374,0.5784832032528734,0.0707,0.003058103975535159,0.9877675840978593,0.0,False,multi_elimination_2,6,False
14,8,Maria Menounos,percent,26.5,0.1620795107033639,0.23901322198242228,23.901322198242227,0.049802115719088,0.5812383924916044,0.0707,0.009174311926605505,0.9938837920489296,0.0,False,multi_elimination_2,6,False
14,8,Melissa Gilbert,percent,25.5,0.1559633027522936,0.049968668945386915,4.996866894538692,0.0011858273180179975,0.12875755031939626,0.0707,0.0,0.20978593272171253,0.0,False,multi_elimination_2,6,True
14,8,Roshon Fegan,percent,28.0,0.1712538226299694,0.041637300291003994,4.1637300291004,0.0012492344812684538,0.11605380587757702,0.0707,0.0,0.19755351681957187,0.0,False,multi_elimination_2,6,True
14,8,William Levy,percent,28.5,0.1743119266055046,0.2151277110925857,21.51277110925857,0.03351403517497552,0.5631177408282501,0.0707,0.0,0.9847094801223242,0.0,False,multi_elimination_2,6,False
14,9,Donald Driver,percent,28.5,0.24782608695652175,0.3126842974649228,31.268429746492238,0.05730320948034958,0.7139921188025244,0.2331,0.008695652173913049,0.9826086956521739,0.0,False,single_elimination,4,False
14,9,Katherine Jenkins,percent,28.0,0.24347826086956523,0.3195202552395919,31.952025523959144,0.062085369331073524,0.73045613819604,0.2331,0.013043478260869573,0.9869565217391305,0.0,False,single_elimination,4,False
14,9,Maria Menounos,percent,29.5,0.2565217391304348,0.06104918799926444,6.104918799926436,0.0019106181910753502,0.1725060722656638,0.2331,0.0,0.2434782608695652,0.0,False,single_elimination,4,True
14,9,William Levy,percent,29.0,0.25217391304347825,0.3067462592962223,30.67462592962219,0.051253182674013034,0.7267287468350198,0.2331,0.004347826086956552,0.9782608695652174,0.0,False,single_elimination,4,False
14,10,Donald Driver,percent,29.666600000000003,0.33208930162582334,0.33231100480589915,33.231100480589895,0.011949880228883257,0.8473600594724086,1.0,0.0,1.0,0.0,False,no_elimination,3,False
14,10,Katherine Jenkins,percent,30.0,0.3358213967483533,0.3335822339337981,33.35822339337979,0.013087380660308576,0.8351535388830889,1.0,0.0,1.0,0.0,False,no_elimination,3,False
14,10,William Levy,percent,29.666600000000003,0.33208930162582334,0.3341067612603035,33.410676126030324,0.012851250976198464,0.8449519179788193,1.0,0.0,1.0,0.0,False,no_elimination,3,False
15,1,Apolo Anton Ohno,percent,22.0,0.07956600361663653,0.08027441436353634,8.027441436353639,0.0025758889833261975,0.2760384047734322,0.229,0.0,1.0,0.0,False,single_elimination,13,False
15,1,Bristol Palin,percent,19.5,0.0705244122965642,0.08497779675545743,8.497779675545747,0.004856367524069148,0.27564595509161083,0.229,0.0,1.0,0.0,False,single_elimination,13,False
15,1,Drew Lachey,percent,21.5,0.07775768535262206,0.07813514809061994,7.813514809061998,0.0029622993923629297,0.2732609335115877,0.229,0.0,1.0,0.0,False,single_elimination,13,False
15,1,Emmitt Smith,percent,24.5,0.08860759493670886,0.0817961941860597,8.179619418605974,0.002137535266059083,0.280611572387088,0.229,0.0,1.0,0.0,False,single_elimination,13,False
15,1,Gilles Marini,percent,24.0,0.0867992766726944,0.0782881301632373,7.828813016323734,0.0022287977193333175,0.2572516398111466,0.229,0.0,1.0,0.0,False,single_elimination,13,False
15,1,Helio Castroneves,percent,21.5,0.07775768535262206,0.08214058978397609,8.214058978397613,0.003400113484638021,0.27103702929293677,0.229,0.0,1.0,0.0,False,single_elimination,13,False
15,1,Joey Fatone,percent,20.5,0.07414104882459313,0.08277651584171969,8.277651584171974,0.003660934147759024,0.26500401608688784,0.229,0.0,1.0,0.0,False,single_elimination,13,False
15,1,Kelly Monaco,percent,21.5,0.07775768535262206,0.08293981002534438,8.293981002534442,0.002643806887288977,0.2785039178575842,0.229,0.0,1.0,0.0,False,single_elimination,13,False
15,1,Kirstie Alley,percent,19.0,0.06871609403254973,0.08480538687561039,8.480538687561042,0.004589693637667111,0.26889153814368477,0.229,0.0,1.0,0.0,False,single_elimination,13,False
15,1,Melissa Rycroft,percent,21.0,0.0759493670886076,0.08183462152967867,8.183462152967872,0.0031774090502901214,0.2747182134343674,0.229,0.0,1.0,0.0,False,single_elimination,13,False
15,1,Pamela Anderson,percent,17.0,0.06148282097649186,0.011542984665617073,1.1542984665617078,0.0004919015326387195,0.030556433244155433,0.229,0.0,0.09236333286966196,0.0,False,single_elimination,13,True
15,1,Sabrina Bryan,percent,22.5,0.081374321880651,0.08629260081633242,8.629260081633246,0.0024229437903657528,0.2924657362245637,0.229,0.0,1.0,0.0,False,single_elimination,13,False
15,1,Shawn Johnson,percent,22.0,0.07956600361663653,0.08419580690281013,8.419580690281018,0.0026186343649313368,0.2791354174487932,0.229,0.0,1.0,0.0,False,single_elimination,13,False
15,2,Apolo Anton Ohno,percent,24.5,0.08876811594202899,0.08307253443322465,8.307253443322466,0.0033477239903483545,0.2677637989588722,0.0888,0.0,0.9764492753623188,0.0,False,single_elimination,12,False
15,2,Bristol Palin,percent,18.0,0.06521739130434782,0.10701152734206937,10.701152734206937,0.024370203321268498,0.3151358354493319,0.0888,0.01630434782608696,0.9927536231884058,0.0,False,single_elimination,12,False
15,2,Drew Lachey,percent,22.5,0.08152173913043478,0.09092656405348461,9.09265640534846,0.0070156101758885436,0.28943953758570967,0.0888,0.0,0.9764492753623188,0.0,False,single_elimination,12,False
15,2,Emmitt Smith,percent,22.5,0.08152173913043478,0.09022800678530951,9.02280067853095,0.00903267553387021,0.27346546831343027,0.0888,0.0,0.9764492753623188,0.0,False,single_elimination,12,False
15,2,Gilles Marini,percent,25.5,0.09239130434782608,0.08448629189695611,8.44862918969561,0.004039454273460589,0.2782922818583395,0.0888,0.0,0.9764492753623188,0.0,False,single_elimination,12,False
15,2,Helio Castroneves,percent,23.0,0.08333333333333333,0.09099175449536664,9.099175449536665,0.00730647775722507,0.29000836555156395,0.0888,0.0,0.9764492753623188,0.0,False,single_elimination,12,False
15,2,Joey Fatone,percent,22.5,0.08152173913043478,0.008447850949142284,0.8447850949142284,0.0002791644071310287,0.026398277417101393,0.0888,0.0,0.08514492753623187,0.0,False,single_elimination,12,True
15,2,Kelly Monaco,percent,22.0,0.07971014492753623,0.09174449916385069,9.174449916385068,0.011173282512505578,0.2762663157034577,0.0888,0.0018115942028985588,0.9782608695652174,0.0,False,single_elimination,12,False
15,2,Kirstie Alley,percent,21.0,0.07608695652173914,0.09852350228864619,9.85235022886462,0.015192814168032786,0.2864333861426945,0.0888,0.0054347826086956486,0.9818840579710145,0.0,False,single_elimination,12,False
15,2,Melissa Rycroft,percent,23.5,0.08514492753623189,0.08396078313618513,8.396078313618514,0.0042260917539193405,0.2634895331640043,0.0888,0.0,0.9764492753623188,0.0,False,single_elimination,12,False
15,2,Sabrina Bryan,percent,26.0,0.09420289855072464,0.08845523732934618,8.845523732934618,0.0026066194235888963,0.27857291195713896,0.0888,0.0,0.9764492753623188,0.0,False,single_elimination,12,False
15,2,Shawn Johnson,percent,25.0,0.09057971014492754,0.0821514481264188,8.21514481264188,0.0034846810121403437,0.26442799170919196,0.0888,0.0,0.9764492753623188,0.0,False,single_elimination,12,False
15,3,Apolo Anton Ohno,percent,25.5,0.09172661870503597,0.10941899107829928,10.941899107829927,0.01717490305120097,0.33685595334419827,0.0217,-0.0,0.9820143884892086,0.0,False,multi_elimination_2,11,False
15,3,Bristol Palin,percent,22.5,0.08093525179856115,0.12520844653621205,12.520844653621205,0.025505751696534094,0.34514602663108473,0.0217,0.010791366906474822,0.9928057553956835,0.0,False,multi_elimination_2,11,False
15,3,Drew Lachey,percent,24.0,0.08633093525179857,0.014462957973608262,1.4462957973608261,0.000674390336019025,0.03986984950476582,0.0217,0.0,0.10449640287769782,0.0,False,multi_elimination_2,11,True
15,3,Emmitt Smith,percent,25.0,0.08992805755395683,0.10288835263814676,10.288835263814676,0.015490386768705872,0.29762831472079987,0.0217,0.0017985611510791394,0.9838129496402878,0.0,False,multi_elimination_2,11,False
15,3,Gilles Marini,percent,25.5,0.09172661870503597,0.0976123633336781,9.76123633336781,0.011444859505779635,0.2990304444872733,0.0217,0.0,0.9820143884892086,0.0,False,multi_elimination_2,11,False
15,3,Helio Castroneves,percent,25.5,0.09172661870503597,0.01228725640248921,1.228725640248921,0.0004602981552119894,0.03406565127462332,0.0217,0.0,0.09964028776978416,0.0,False,multi_elimination_2,11,True
15,3,Kelly Monaco,percent,27.0,0.09712230215827339,0.11429800286119647,11.429800286119647,0.011435765058987657,0.3348856929473959,0.0217,0.0,0.9820143884892086,0.0,False,multi_elimination_2,11,False
15,3,Kirstie Alley,percent,24.0,0.08633093525179857,0.11919841410918951,11.91984141091895,0.019948867200395907,0.34067589535973875,0.0217,0.005395683453237404,0.987410071942446,0.0,False,multi_elimination_2,11,False
15,3,Melissa Rycroft,percent,27.0,0.09712230215827339,0.10399490186796002,10.399490186796003,0.009873943727798979,0.3331215191829482,0.0217,0.0,0.9820143884892086,0.0,False,multi_elimination_2,11,False
15,3,Sabrina Bryan,percent,25.5,0.09172661870503597,0.10637768743366686,10.637768743366687,0.017582674281080842,0.27642305391348226,0.0217,0.0,0.9820143884892086,0.0,False,multi_elimination_2,11,False
15,3,Shawn Johnson,percent,26.5,0.09532374100719425,0.09425262576555361,9.425262576555362,0.010483820945872644,0.28194156754864935,0.0217,0.0,0.9820143884892086,0.0,False,multi_elimination_2,11,False
15,4,Apolo Anton Ohno,percent,34.5,0.10730948678071539,0.12368743095169177,12.368743095169176,0.006532939183332473,0.38688292515146344,0.1922,0.0,0.9937791601866252,0.0,False,single_elimination,9,False
15,4,Bristol Palin,percent,32.0,0.09953343701399689,0.015917221515857387,1.5917221515857387,0.0006725922716719611,0.04804110374255424,0.1922,0.0,0.12268878520822536,0.0,False,single_elimination,9,True
15,4,Emmitt Smith,percent,36.0,0.1119751166407465,0.12296692937054401,12.296692937054402,0.005701155164286031,0.3831677472488357,0.1922,0.0,0.9937791601866252,0.0,False,single_elimination,9,False
15,4,Gilles Marini,percent,39.5,0.12286158631415241,0.11568341063172781,11.568341063172781,0.0051228193507295424,0.35691883925277224,0.1922,0.0,0.9937791601866252,0.0,False,single_elimination,9,False
15,4,Kelly Monaco,percent,37.5,0.1166407465007776,0.12186199589314244,12.186199589314244,0.005824814167816788,0.38940325372867757,0.1922,0.0,0.9937791601866252,0.0,False,single_elimination,9,False
15,4,Kirstie Alley,percent,30.0,0.09331259720062209,0.1380991637354409,13.80991637354409,0.019736773135426943,0.40938935257964737,0.1922,0.006220839813374804,1.0,0.0,False,single_elimination,9,False
15,4,Melissa Rycroft,percent,37.0,0.1150855365474339,0.12174747363155387,12.174747363155387,0.006626504532872218,0.38379089534371535,0.1922,0.0,0.9937791601866252,0.0,False,single_elimination,9,False
15,4,Sabrina Bryan,percent,35.5,0.1104199066874028,0.12132334947432895,12.132334947432895,0.006558690186075608,0.38227320359157463,0.1922,0.0,0.9937791601866252,0.0,False,single_elimination,9,False
15,4,Shawn Johnson,percent,39.5,0.12286158631415241,0.11871302479571287,11.871302479571288,0.004899113529088095,0.37339253652259435,0.1922,0.0,0.9937791601866252,0.0,False,single_elimination,9,False
15,5,Apolo Anton Ohno,percent,28.25,0.12710911136107986,0.12446857808265349,12.446857808265369,0.0037370615393028054,0.4160727241883309,1.0,0.0,1.0,0.0,False,no_elimination,8,False
15,5,Emmitt Smith,percent,28.0,0.12598425196850394,0.12512410196517162,12.512410196517182,0.003583572709473005,0.41275999349896103,1.0,0.0,1.0,0.0,False,no_elimination,8,False
15,5,Gilles Marini,percent,28.25,0.12710911136107986,0.12348501062746693,12.348501062746713,0.0036092553410698018,0.3979245328986449,1.0,0.0,1.0,0.0,False,no_elimination,8,False
15,5,Kelly Monaco,percent,25.75,0.11586051743532058,0.12412538825072952,12.412538825072971,0.0033530496058218145,0.4144293785760622,1.0,0.0,1.0,0.0,False,no_elimination,8,False
15,5,Kirstie Alley,percent,26.25,0.11811023622047244,0.12601160981712053,12.601160981712074,0.0038192501636272304,0.411174431799033,1.0,0.0,1.0,0.0,False,no_elimination,8,False
15,5,Melissa Rycroft,percent,28.25,0.12710911136107986,0.1252963510963657,12.529635109636589,0.0030992782279129247,0.4033214823650183,1.0,0.0,1.0,0.0,False,no_elimination,8,False
15,5,Sabrina Bryan,percent,29.25,0.13160854893138357,0.12617128979756492,12.617128979756512,0.004204720746295615,0.40712325707463265,1.0,0.0,1.0,0.0,False,no_elimination,8,False
15,5,Shawn Johnson,percent,28.25,0.12710911136107986,0.1253176703629257,12.53176703629259,0.0034564526948826966,0.41074634034321394,1.0,0.0,1.0,0.0,False,no_elimination,8,False
15,6,Apolo Anton Ohno,percent,30.0,0.13274336283185842,0.13649690013213076,13.649690013213078,0.011535312823754305,0.3863610856346959,0.081,0.0,0.9380530973451326,0.0,False,single_elimination,8,False
15,6,Emmitt Smith,percent,26.5,0.1172566371681416,0.14694838081199027,14.69483808119903,0.030045395260767226,0.3974106550270529,0.081,0.015486725663716824,0.9535398230088494,0.0,False,single_elimination,8,False
15,6,Gilles Marini,percent,27.5,0.12168141592920353,0.1341490688901409,13.414906889014091,0.024243372318420612,0.3819871245289601,0.081,0.011061946902654884,0.9491150442477875,0.0,False,single_elimination,8,False
15,6,Kelly Monaco,percent,27.0,0.11946902654867257,0.14577562256747723,14.577562256747726,0.025185035571085333,0.4185785754316112,0.081,0.013274336283185847,0.9513274336283184,0.0,False,single_elimination,8,False
15,6,Kirstie Alley,percent,27.5,0.12168141592920353,0.1423177670928869,14.231776709288694,0.02378941291689687,0.40866654419863796,0.081,0.011061946902654884,0.9491150442477876,0.0,False,single_elimination,8,False
15,6,Melissa Rycroft,percent,29.5,0.13053097345132744,0.141718811297682,14.171881129768202,0.020904680340526997,0.39606525890109856,0.081,0.002212389380530977,0.9402654867256637,0.0,False,single_elimination,8,False
15,6,Sabrina Bryan,percent,30.0,0.13274336283185842,0.014725889047705066,1.472588904770507,0.00034740531479769167,0.047607175216586514,0.081,0.0,0.11725663716814158,0.0,False,single_elimination,8,True
15,6,Shawn Johnson,percent,28.0,0.12389380530973451,0.13786756015998675,13.786756015998677,0.022359850101232707,0.3980995557522219,0.081,0.008849557522123908,0.9469026548672566,0.0,False,single_elimination,8,False
15,7,Apolo Anton Ohno,percent,33.0,0.1363640308050478,0.14116149260889116,14.116149260889124,0.004157519887802555,0.45578534701205925,1.0,0.0,1.0,0.0,False,no_elimination,7,False
15,7,Emmitt Smith,percent,34.4999,0.1425619826173051,0.1417847778753343,14.178477787533438,0.0042768155723164804,0.4563029892302587,1.0,0.0,1.0,0.0,False,no_elimination,7,False
15,7,Gilles Marini,percent,33.4998,0.1384293260352406,0.14339726760033103,14.33972676003311,0.004264096516736225,0.4534087528429815,1.0,0.0,1.0,0.0,False,no_elimination,7,False
15,7,Kelly Monaco,percent,36.0,0.14876076087823395,0.14239351288177143,14.239351288177152,0.004557262066922365,0.4709195801002105,1.0,0.0,1.0,0.0,False,no_elimination,7,False
15,7,Kirstie Alley,percent,27.9999,0.11570240079206842,0.1446779638563718,14.467796385637188,0.00438779174983776,0.4635052999864435,1.0,0.0,1.0,0.0,False,no_elimination,7,False
15,7,Melissa Rycroft,percent,38.9999,0.16115707772708435,0.14423292168166696,14.423292168166704,0.003949131075758279,0.46759792706598385,1.0,0.0,1.0,0.0,False,no_elimination,7,False
15,7,Shawn Johnson,percent,37.9998,0.15702442114501985,0.14235206349563284,14.235206349563292,0.0042638585509985625,0.4599843692491471,1.0,0.0,1.0,0.0,False,no_elimination,7,False
15,8,Apolo Anton Ohno,percent,29.2777,0.1469193195013584,0.1839978105836853,18.39978105836853,0.02773055255484961,0.4938947113803732,0.0583,-0.0,0.9868971594370461,0.0,False,multi_elimination_2,7,False
15,8,Emmitt Smith,percent,29.0554,0.1458037890899821,0.1799544474465949,17.995444744659487,0.039573043536695836,0.4426738956407395,0.0583,0.0011155304113762976,0.9880126898484224,0.0,False,multi_elimination_2,7,False
15,8,Gilles Marini,percent,29.2777,0.1469193195013584,0.030772231387245674,3.0772231387245665,0.00125088005608464,0.08485029191426617,0.0583,0.0,0.1650869591835301,0.0,False,multi_elimination_2,7,True
15,8,Kelly Monaco,percent,28.3333,0.1421801970519487,0.19312936767043232,19.312936767043226,0.033856839309066245,0.49687798821435497,0.0583,0.004739122449409688,0.9916362818864557,0.0,False,multi_elimination_2,7,False
15,8,Kirstie Alley,percent,25.5,0.127962327890669,0.040844493845428424,4.084449384542841,0.0013716076438078967,0.10610653329585483,0.0583,0.0,0.18088445219243796,0.0,False,multi_elimination_2,7,True
15,8,Melissa Rycroft,percent,30.0,0.15054391516549293,0.18374977888549796,18.374977888549793,0.03184242040342203,0.4793518722757141,0.0583,0.0,0.986897159437046,0.0,False,multi_elimination_2,7,False
15,8,Shawn Johnson,percent,27.8333,0.13967113179919047,0.18755187018111572,18.755187018111567,0.04071957756900751,0.4588743868688973,0.0583,0.007248187702167924,0.994145347139214,0.0,False,multi_elimination_2,7,False
15,9,Apolo Anton Ohno,percent,28.611,0.20291532535175605,0.06542167963806629,6.542167963806627,0.002052065096045133,0.1687635332826549,0.103,0.0,0.24921223236645182,0.0,False,multi_elimination_2,5,True
15,9,Emmitt Smith,percent,27.0,0.19148976912716834,0.06768627262980634,6.768627262980631,0.0027994417800760773,0.18030161827829067,0.103,0.0,0.25778139953489265,0.0,False,multi_elimination_2,5,True
15,9,Kelly Monaco,percent,27.111,0.19227700484469115,0.30051768687176733,30.051768687176722,0.0799459775814593,0.6899193821864174,0.103,0.010638320507064897,1.0,0.0,False,multi_elimination_2,5,False
15,9,Melissa Rycroft,percent,28.7777,0.20409759737077451,0.2874181991194384,28.74181991194383,0.07024577847457243,0.6297215842231465,0.103,0.0,0.9893616794929351,0.0,False,multi_elimination_2,5,False
15,9,Shawn Johnson,percent,29.5,0.20922030330560984,0.278956161740922,27.89561617409219,0.056389346156168536,0.6287564623080669,0.103,0.0,0.9893616794929351,0.0,False,multi_elimination_2,5,False
15,10,Kelly Monaco,percent,29.1109,0.3331212530739241,0.331918174406529,33.19181744065294,0.012797688934202899,0.8408536071148642,1.0,0.0,1.0,0.0,False,no_elimination,3,False
15,10,Melissa Rycroft,percent,29.3331,0.3356639275509422,0.3313287987202207,33.13287987202211,0.011778962602613909,0.8362176308457253,1.0,0.0,1.0,0.0,False,no_elimination,3,False
15,10,Shawn Johnson,percent,28.9443,0.3312148193751337,0.3367530268732493,33.67530268732497,0.012703790197075437,0.8482617668298923,1.0,0.0,1.0,0.0,False,no_elimination,3,False
16,1,Alexandra Raisman,percent,21.0,0.09170305676855896,0.08259777812641905,8.259777812641913,0.002557855656066046,0.2812118512283448,1.0,0.0,1.0,0.0,False,no_elimination,12,False
16,1,Andy Dick,percent,17.0,0.07423580786026202,0.08307633872163922,8.30763387216393,0.0023551003064717813,0.28347868084479927,1.0,0.0,1.0,0.0,False,no_elimination,12,False
16,1,D. L. Hughley,percent,12.0,0.05240174672489083,0.08512044442313009,8.512044442313016,0.0023759472763272625,0.28794288783113275,1.0,0.0,1.0,0.0,False,no_elimination,12,False
16,1,Dorothy Hamill,percent,21.0,0.09170305676855896,0.08360227585751995,8.360227585752002,0.0022929123798264032,0.29260757746826194,1.0,0.0,1.0,0.0,False,no_elimination,12,False
16,1,Ingo Rademacher,percent,20.0,0.08733624454148471,0.08181032558430307,8.181032558430314,0.002143716935570483,0.2706374574268685,1.0,0.0,1.0,0.0,False,no_elimination,12,False
16,1,Jacoby Jones,percent,20.0,0.08733624454148471,0.08157235961806515,8.157235961806522,0.00221519645856332,0.28012698090548455,1.0,0.0,1.0,0.0,False,no_elimination,12,False
16,1,Kellie Pickler,percent,21.0,0.09170305676855896,0.08381294869445555,8.381294869445561,0.002407800199166797,0.2817863039066335,1.0,0.0,1.0,0.0,False,no_elimination,12,False
16,1,Lisa Vanderpump,percent,18.0,0.07860262008733625,0.08336755720529196,8.336755720529203,0.0022389386358108794,0.2806011685693214,1.0,0.0,1.0,0.0,False,no_elimination,12,False
16,1,Sean Lowe,percent,19.0,0.08296943231441048,0.08425165890184899,8.425165890184907,0.0022909064282232434,0.2884430094293674,1.0,0.0,1.0,0.0,False,no_elimination,12,False
16,1,Victor Ortiz,percent,18.0,0.07860262008733625,0.08156339592510947,8.156339592510955,0.0022696661396792543,0.28074559980546326,1.0,0.0,1.0,0.0,False,no_elimination,12,False
16,1,Wynonna Judd,percent,18.0,0.07860262008733625,0.08430058695257771,8.430058695257777,0.0023105334127627815,0.293371177195249,1.0,0.0,1.0,0.0,False,no_elimination,12,False
16,1,Zendaya,percent,24.0,0.10480349344978165,0.08492432998963892,8.4924329989639,0.002204620374450898,0.2853913628924464,1.0,0.0,1.0,0.0,False,no_elimination,12,False
16,2,Alexandra Raisman,percent,24.0,0.09836065573770492,0.08207805888784142,8.207805888784138,0.002301672095524324,0.2826577544197112,1.0,0.0,1.0,0.0,False,no_elimination,12,False
16,2,Andy Dick,percent,20.0,0.08196721311475409,0.08181102269503171,8.181102269503167,0.0022712067530618668,0.27526299264215276,1.0,0.0,1.0,0.0,False,no_elimination,12,False
16,2,D. L. Hughley,percent,16.0,0.06557377049180328,0.08446961702361029,8.446961702361024,0.0021396258424811114,0.2869615150234193,1.0,0.0,1.0,0.0,False,no_elimination,12,False
16,2,Dorothy Hamill,percent,15.0,0.06147540983606557,0.08289388858511179,8.289388858511176,0.0025508289996004647,0.2851006952014029,1.0,0.0,1.0,0.0,False,no_elimination,12,False
16,2,Ingo Rademacher,percent,20.0,0.08196721311475409,0.083511359939319,8.351135993931896,0.0020762257943947346,0.2899386346357621,1.0,0.0,1.0,0.0,False,no_elimination,12,False
16,2,Jacoby Jones,percent,23.0,0.0942622950819672,0.08417174870838436,8.417174870838432,0.00224013757063042,0.29226137809251107,1.0,0.0,1.0,0.0,False,no_elimination,12,False
16,2,Kellie Pickler,percent,26.0,0.10655737704918032,0.0849432485786391,8.494324857863905,0.0024251900701022498,0.2850624411915465,1.0,0.0,1.0,0.0,False,no_elimination,12,False
16,2,Lisa Vanderpump,percent,18.0,0.07377049180327869,0.08291121959823113,8.291121959823109,0.0023066041762434485,0.2857032609343136,1.0,0.0,1.0,0.0,False,no_elimination,12,False
16,2,Sean Lowe,percent,20.0,0.08196721311475409,0.08379008264272099,8.379008264272095,0.0024370030810756385,0.28241219585336913,1.0,0.0,1.0,0.0,False,no_elimination,12,False
16,2,Victor Ortiz,percent,18.0,0.07377049180327869,0.08422477336166558,8.422477336166553,0.002436542715369817,0.2841710194052066,1.0,0.0,1.0,0.0,False,no_elimination,12,False
16,2,Wynonna Judd,percent,18.0,0.07377049180327869,0.08279148719184015,8.279148719184011,0.002263745482033869,0.27653730928620857,1.0,0.0,1.0,0.0,False,no_elimination,12,False
16,2,Zendaya,percent,26.0,0.10655737704918032,0.08240349278760477,8.240349278760473,0.002248816864163962,0.2787544457348254,1.0,0.0,1.0,0.0,False,no_elimination,12,False
16,3,Alexandra Raisman,percent,23.0,0.09787250701703322,0.09679633304758235,9.679633304758237,0.0035358899935190283,0.3284595520070622,0.2711,0.0,1.0,0.0,False,single_elimination,11,False
16,3,Andy Dick,percent,18.0,0.07659587505680861,0.10183425563354684,10.183425563354687,0.005064385815104701,0.32391098305382315,0.2711,0.0,1.0,0.0,False,single_elimination,11,False
16,3,D. L. Hughley,percent,16.0,0.06808522227271877,0.10766361317797327,10.766361317797331,0.010279661632148312,0.3215328322408535,0.2711,0.0,1.0,0.0,False,single_elimination,11,False
16,3,Ingo Rademacher,percent,21.0,0.08936185423294338,0.0979597641531174,9.795976415311742,0.0033843212308490534,0.3102892249679785,0.2711,0.0,1.0,0.0,False,single_elimination,11,False
16,3,Jacoby Jones,percent,25.9998,0.11063763512788959,0.09453997278823159,9.453997278823161,0.002955132049089598,0.3098912683698809,0.2711,0.0,1.0,0.0,False,single_elimination,11,False
16,3,Kellie Pickler,percent,25.0,0.10638315980112308,0.09952678464043103,9.952678464043107,0.00298849641214037,0.341542748142283,0.2711,0.0,1.0,0.0,False,single_elimination,11,False
16,3,Lisa Vanderpump,percent,21.0,0.08936185423294338,0.09657898525040393,9.657898525040395,0.003493139483852047,0.31825762568628047,0.2711,0.0,1.0,0.0,False,single_elimination,11,False
16,3,Sean Lowe,percent,21.0,0.08936185423294338,0.09602649081861789,9.602649081861792,0.00286781689068345,0.3114848413876821,0.2711,0.0,1.0,0.0,False,single_elimination,11,False
16,3,Victor Ortiz,percent,23.0,0.09787250701703322,0.0966161680515972,9.661616805159722,0.003486177484186955,0.30887242824883643,0.2711,0.0,1.0,0.0,False,single_elimination,11,False
16,3,Wynonna Judd,percent,15.0,0.06382989588067384,0.0178593782223297,1.7859378222329705,0.0007355093750406312,0.04731650110866255,0.2711,0.0,0.11798828593750797,0.0,False,single_elimination,11,True
16,3,Zendaya,percent,25.9998,0.11063763512788959,0.09459825421616845,9.459825421616848,0.002983799519993954,0.30837065698656113,0.2711,0.0,1.0,0.0,False,single_elimination,11,False
16,4,Alexandra Raisman,percent,27.0,0.12053571428571429,0.10479877757922271,10.47987775792226,0.0037826325675211566,0.3521383415177469,0.2259,0.0,1.0,0.0,False,single_elimination,10,False
16,4,Andy Dick,percent,21.0,0.09375,0.11071452745805832,11.071452745805823,0.004017486070868038,0.3576377439961383,0.2259,0.0,1.0,0.0,False,single_elimination,10,False
16,4,D. L. Hughley,percent,21.0,0.09375,0.11160815416188169,11.160815416188159,0.00559017445164213,0.36983256359235606,0.2259,0.0,1.0,0.0,False,single_elimination,10,False
16,4,Ingo Rademacher,percent,23.0,0.10267857142857142,0.10851355824682442,10.851355824682432,0.004227574800273564,0.3491241941974617,0.2259,0.0,1.0,0.0,False,single_elimination,10,False
16,4,Jacoby Jones,percent,24.0,0.10714285714285714,0.10624349575042245,10.624349575042235,0.0031187970467216348,0.3352055331204926,0.2259,0.0,1.0,0.0,False,single_elimination,10,False
16,4,Kellie Pickler,percent,26.0,0.11607142857142858,0.10486122596964577,10.486122596964567,0.0033484834844634847,0.3564364358847169,0.2259,0.0,1.0,0.0,False,single_elimination,10,False
16,4,Lisa Vanderpump,percent,18.0,0.08035714285714286,0.016445619982981302,1.6445619982981288,0.000594395268139588,0.045386937896550725,0.2259,0.0,0.11964285714285716,0.0,False,single_elimination,10,True
16,4,Sean Lowe,percent,20.0,0.08928571428571429,0.11328769686939355,11.328769686939346,0.00803096933318195,0.34896166767823217,0.2259,0.0,1.0,0.0,False,single_elimination,10,False
16,4,Victor Ortiz,percent,18.0,0.08035714285714286,0.11765762484356578,11.765762484356566,0.012635439520331174,0.34924088575606366,0.2259,-0.0,1.0,0.0,False,single_elimination,10,False
16,4,Zendaya,percent,26.0,0.11607142857142858,0.10586931913800486,10.586931913800477,0.003293085799770647,0.34182731239538383,0.2259,0.0,1.0,0.0,False,single_elimination,10,False
16,5,Alexandra Raisman,percent,25.0,0.11961722488038277,0.11907065003929874,11.907065003929869,0.004718796984626432,0.3976512828504167,0.2507,0.0,1.0,0.0,False,single_elimination,9,False
16,5,Andy Dick,percent,18.0,0.0861244019138756,0.13692860464434503,13.692860464434498,0.016775212849265534,0.4168013605632696,0.2507,-0.0,1.0,0.0,False,single_elimination,9,False
16,5,D. L. Hughley,percent,18.0,0.0861244019138756,0.020507191967341316,2.0507191967341307,0.0008439342429183002,0.05595324658353324,0.2507,0.0,0.1360978203083466,0.0,False,single_elimination,9,True
16,5,Ingo Rademacher,percent,21.0,0.10047846889952153,0.12998254582291302,12.998254582291297,0.007069698930565713,0.39844430189982694,0.2507,0.0,1.0,0.0,False,single_elimination,9,False
16,5,Jacoby Jones,percent,26.0,0.12440191387559808,0.11674997359321475,11.67499735932147,0.004200723291929587,0.37757570625522047,0.2507,0.0,1.0,0.0,False,single_elimination,9,False
16,5,Kellie Pickler,percent,27.0,0.1291866028708134,0.11628450682429516,11.62845068242951,0.003093683801313169,0.384223741928176,0.2507,0.0,1.0,0.0,False,single_elimination,9,False
16,5,Sean Lowe,percent,24.0,0.11483253588516747,0.11986893163349413,11.986893163349407,0.004757184536363147,0.3879168776863194,0.2507,0.0,1.0,0.0,False,single_elimination,9,False
16,5,Victor Ortiz,percent,21.0,0.10047846889952153,0.12569268633846,12.569268633845995,0.006519718644950542,0.3838119976485074,0.2507,0.0,1.0,0.0,False,single_elimination,9,False
16,5,Zendaya,percent,29.0,0.13875598086124402,0.11491490913663821,11.491490913663815,0.003996389103696575,0.37249950666114284,0.2507,0.0,1.0,0.0,False,single_elimination,9,False
16,6,Alexandra Raisman,percent,26.0,0.13793103448275862,0.13777178247450894,13.77717824745089,0.005480086446248659,0.42952659294500495,0.2338,0.0,1.0,0.0,False,single_elimination,8,False
16,6,Andy Dick,percent,21.5,0.11405835543766578,0.15085430104180683,15.085430104180677,0.010544901271584091,0.4663436288482534,0.2338,0.0,1.0,0.0,False,single_elimination,8,False
16,6,Ingo Rademacher,percent,23.0,0.1220159151193634,0.1391519952500447,13.915199525004466,0.00880375206316172,0.4313951783455623,0.2338,0.0,1.0,0.0,False,single_elimination,8,False
16,6,Jacoby Jones,percent,22.5,0.11936339522546419,0.14134025088523874,14.134025088523869,0.009214139060799247,0.43992667787250134,0.2338,0.0,1.0,0.0,False,single_elimination,8,False
16,6,Kellie Pickler,percent,27.0,0.14323607427055704,0.13150356977994834,13.150356977994829,0.0037000024711314936,0.42315295450347773,0.2338,0.0,1.0,0.0,False,single_elimination,8,False
16,6,Sean Lowe,percent,23.0,0.1220159151193634,0.14230897467300252,14.230897467300247,0.006942264604344719,0.4475102612761047,0.2338,0.0,1.0,0.0,False,single_elimination,8,False
16,6,Victor Ortiz,percent,20.0,0.10610079575596817,0.022173283469374805,2.2173283469374794,0.0007810735301140458,0.06428257094540736,0.2338,0.0,0.14389920424403185,0.0,False,single_elimination,8,True
16,6,Zendaya,percent,25.5,0.13527851458885942,0.13489584242607539,13.489584242607533,0.006338532294013612,0.43457844699746234,0.2338,0.0,1.0,0.0,False,single_elimination,8,False
16,7,Alexandra Raisman,percent,32.0,0.17391304347826086,0.1579734695782319,15.797346957823194,0.004547445136421367,0.49822829994199525,0.3872,0.0,1.0,0.0,False,single_elimination,7,False
16,7,Andy Dick,percent,17.0,0.09239130434782608,0.03899073339831325,3.8990733398313258,0.001945337739829837,0.1021730360307895,0.3872,0.0,0.19332298136645965,0.0,False,single_elimination,7,True
16,7,Ingo Rademacher,percent,25.0,0.1358695652173913,0.16216286964885065,16.216286964885068,0.007202486765347613,0.5050327294829697,0.3872,0.0,1.0,0.0,False,single_elimination,7,False
16,7,Jacoby Jones,percent,27.0,0.14673913043478262,0.16305707611090484,16.305707611090487,0.0060985946787996455,0.4813867149423816,0.3872,0.0,1.0,0.0,False,single_elimination,7,False
16,7,Kellie Pickler,percent,29.0,0.15760869565217392,0.15723226747628422,15.723226747628424,0.005946206488045434,0.48559302681652916,0.3872,0.0,1.0,0.0,False,single_elimination,7,False
16,7,Sean Lowe,percent,24.0,0.13043478260869565,0.1655471605270046,16.554716052700464,0.006920707330048266,0.48644450038593734,0.3872,0.0,1.0,0.0,False,single_elimination,7,False
16,7,Zendaya,percent,30.0,0.16304347826086957,0.15503642326041034,15.503642326041037,0.00640857808348175,0.4785852261158762,0.3872,0.0,1.0,0.0,False,single_elimination,7,False
16,8,Alexandra Raisman,percent,28.0,0.18006430868167203,0.18594245043937077,18.59424504393709,0.007230828802238687,0.5602619810116382,0.3139,0.0,1.0,0.0,False,single_elimination,6,False
16,8,Ingo Rademacher,percent,24.0,0.15434083601286175,0.2039642529579863,20.39642529579864,0.014902733981044565,0.5814689483211402,0.3139,0.0,1.0,0.0,False,single_elimination,6,False
16,8,Jacoby Jones,percent,26.0,0.16720257234726688,0.19215905673456857,19.215905673456867,0.010866219099243353,0.5656618828439272,0.3139,0.0,1.0,0.0,False,single_elimination,6,False
16,8,Kellie Pickler,percent,27.5,0.17684887459807075,0.188447197524566,18.844719752456612,0.009618606120242757,0.5459206152233358,0.3139,0.0,1.0,0.0,False,single_elimination,6,False
16,8,Sean Lowe,percent,21.0,0.13504823151125403,0.039018850178729136,3.9018850178729156,0.0014891625543457703,0.10871517479132103,0.3139,0.0,0.19828510182207928,0.0,False,single_elimination,6,True
16,8,Zendaya,percent,29.0,0.1864951768488746,0.19046819216477853,19.046819216477864,0.009126500377805827,0.567965727459182,0.3139,0.0,1.0,0.0,False,single_elimination,6,False
16,9,Alexandra Raisman,percent,29.5,0.20921985815602837,0.2360046908812998,23.600469088129948,0.01857849089401895,0.6406412679386193,0.2694,0.0,1.0,0.0,False,single_elimination,5,False
16,9,Ingo Rademacher,percent,25.5,0.18085106382978725,0.0465522418438306,4.655224184383053,0.00163802322395914,0.1332488352968925,0.2694,0.0,0.21914893617021275,0.0,False,single_elimination,5,True
16,9,Jacoby Jones,percent,29.5,0.20921985815602837,0.23432982517923362,23.43298251792333,0.01665344518125947,0.6245923123936368,0.2694,0.0,1.0,0.0,False,single_elimination,5,False
16,9,Kellie Pickler,percent,29.0,0.20567375886524822,0.23507308861746548,23.507308861746516,0.01838909042885605,0.6454442830819979,0.2694,0.0,1.0,0.0,False,single_elimination,5,False
16,9,Zendaya,percent,27.5,0.1950354609929078,0.2480401534781718,24.804015347817145,0.025835378045963364,0.657966074803646,0.2694,0.0,1.0,0.0,False,single_elimination,5,False
16,10,Alexandra Raisman,percent,29.0,0.24786345971235874,0.06524070533780263,6.5240705337802645,0.0023081402861520293,0.1781490885600573,0.2531,0.0,0.2521365402876413,0.0,False,single_elimination,4,True
16,10,Jacoby Jones,percent,27.9999,0.23931558915862322,0.33037315051573557,33.037315051573565,0.06010466911663759,0.743351647494879,0.2531,0.008547870553735515,1.0,0.0,False,single_elimination,4,False
16,10,Kellie Pickler,percent,30.0,0.256410475564509,0.3070106492844907,30.701064928449075,0.048398497278411334,0.7335929420518214,0.2531,0.0,0.9914521294462645,0.0,False,single_elimination,4,False
16,10,Zendaya,percent,30.0,0.256410475564509,0.29737549486197096,29.7375494861971,0.043110240807088605,0.7180785389253643,0.2531,0.0,0.9914521294462645,0.0,False,single_elimination,4,False
17,1,Amber Riley,percent,27.0,0.10546875,0.08434632286608597,8.434632286608585,0.0020675283516771777,0.2816587590361169,1.0,0.0,1.0,0.0,False,no_elimination,12,False
17,1,Bill Engvall,percent,18.0,0.0703125,0.08278424295691961,8.278424295691948,0.0021520607403906844,0.2869157492182088,1.0,0.0,1.0,0.0,False,no_elimination,12,False
17,1,Bill Nye,percent,14.0,0.0546875,0.08361293738687581,8.361293738687568,0.0021950153699732806,0.2858336217197702,1.0,0.0,1.0,0.0,False,no_elimination,12,False
17,1,Brant Daugherty,percent,22.0,0.0859375,0.08312694717127385,8.312694717127373,0.002042731103855254,0.28223857071056374,1.0,0.0,1.0,0.0,False,no_elimination,12,False
17,1,Christina Milian,percent,22.0,0.0859375,0.08304030717597233,8.30403071759722,0.001963768947722171,0.2829104424281092,1.0,0.0,1.0,0.0,False,no_elimination,12,False
17,1,Corbin Bleu,percent,24.0,0.09375,0.08298884691774466,8.298884691774454,0.002102119846265289,0.28641631930619565,1.0,0.0,1.0,0.0,False,no_elimination,12,False
17,1,Elizabeth Berkley Lauren,percent,24.0,0.09375,0.08271147444144007,8.271147444143995,0.002120030037573106,0.27785661323221017,1.0,0.0,1.0,0.0,False,no_elimination,12,False
17,1,Jack Osbourne,percent,23.0,0.08984375,0.08260254958292006,8.260254958291993,0.002413890361801058,0.28110965068818033,1.0,0.0,1.0,0.0,False,no_elimination,12,False
17,1,Keyshawn Johnson,percent,17.0,0.06640625,0.0857311460049086,8.573114600490845,0.002574523394723406,0.2872428141512551,1.0,0.0,1.0,0.0,False,no_elimination,12,False
17,1,Leah Remini,percent,21.0,0.08203125,0.08303850676649498,8.303850676649486,0.002521486549133439,0.28221080471644605,1.0,0.0,1.0,0.0,False,no_elimination,12,False
17,1,"Nicole ""Snooki"" Polizzi",percent,23.0,0.08984375,0.08129407112772806,8.129407112772794,0.0022683582035389494,0.2811017555659847,1.0,0.0,1.0,0.0,False,no_elimination,12,False
17,1,Valerie Harper,percent,21.0,0.08203125,0.08472264760163767,8.472264760163755,0.0025118564101686766,0.28419713298879873,1.0,0.0,1.0,0.0,False,no_elimination,12,False
17,2,Amber Riley,percent,24.0,0.09022556390977443,0.08822850245969584,8.822850245969589,0.0029814558115035554,0.3094880966312623,0.2013,0.0,0.9962406015037594,0.0,False,single_elimination,12,False
17,2,Bill Engvall,percent,21.0,0.07894736842105263,0.09047460068631231,9.047460068631237,0.004269701692867127,0.2905283787909183,0.2013,0.0,0.9962406015037594,0.0,False,single_elimination,12,False
17,2,Bill Nye,percent,17.0,0.06390977443609022,0.10460864155245712,10.460864155245718,0.013265167345569864,0.31668416099492724,0.2013,0.0037593984962406013,1.0,0.0,False,single_elimination,12,False
17,2,Brant Daugherty,percent,23.0,0.08646616541353383,0.08836607148810652,8.836607148810657,0.0032008533888920553,0.2981175196453703,0.2013,0.0,0.9962406015037594,0.0,False,single_elimination,12,False
17,2,Christina Milian,percent,25.0,0.09398496240601503,0.08698308680246875,8.698308680246878,0.0031035982852356168,0.2932855723415106,0.2013,0.0,0.9962406015037594,0.0,False,single_elimination,12,False
17,2,Corbin Bleu,percent,26.0,0.09774436090225563,0.0843901060065223,8.439010600652235,0.0023765774686492626,0.2818456885997357,0.2013,0.0,0.9962406015037594,0.0,False,single_elimination,12,False
17,2,Elizabeth Berkley Lauren,percent,25.0,0.09398496240601503,0.08459992245128979,8.459992245128984,0.003160564005143393,0.3043138132736247,0.2013,0.0,0.9962406015037594,0.0,False,single_elimination,12,False
17,2,Jack Osbourne,percent,24.0,0.09022556390977443,0.08622504584421829,8.622504584421833,0.0025454628734251786,0.2848968736213974,0.2013,0.0,0.9962406015037594,0.0,False,single_elimination,12,False
17,2,Keyshawn Johnson,percent,18.0,0.06766917293233082,0.012898078012751639,1.2898078012751646,0.0004909040832281129,0.034260217694756546,0.2013,0.0,0.09899749373433585,0.0,False,single_elimination,12,True
17,2,Leah Remini,percent,24.0,0.09022556390977443,0.08656042284846202,8.656042284846206,0.0033607379871862415,0.3001928776898266,0.2013,0.0,0.9962406015037594,0.0,False,single_elimination,12,False
17,2,"Nicole ""Snooki"" Polizzi",percent,20.0,0.07518796992481203,0.09112010410384641,9.112010410384647,0.005072284378214802,0.29251781514684866,0.2013,0.0,0.9962406015037594,0.0,False,single_elimination,12,False
17,2,Valerie Harper,percent,19.0,0.07142857142857142,0.09554541774386838,9.554541774386843,0.007312207695086143,0.2948297463766011,0.2013,0.0,0.9962406015037594,0.0,False,single_elimination,12,False
17,3,Amber Riley,percent,24.0,0.09411764705882353,0.09677551339366379,9.677551339366381,0.0034163757948571264,0.32469814875304703,0.2994,0.0,1.0,0.0,False,single_elimination,11,False
17,3,Bill Engvall,percent,24.0,0.09411764705882353,0.09476285110755812,9.476285110755816,0.0032503262959430687,0.31619730198115165,0.2994,0.0,1.0,0.0,False,single_elimination,11,False
17,3,Bill Nye,percent,16.0,0.06274509803921569,0.01900762019178404,1.9007620191784043,0.0007774849661037611,0.048149560968694445,0.2994,0.0,0.11907308377896617,0.0,False,single_elimination,11,True
17,3,Brant Daugherty,percent,27.0,0.10588235294117647,0.09635172580032877,9.63517258003288,0.0033935215984580752,0.3251570053861815,0.2994,0.0,1.0,0.0,False,single_elimination,11,False
17,3,Christina Milian,percent,26.0,0.10196078431372549,0.09569040042691593,9.569040042691595,0.003289057557921721,0.3283489042178735,0.2994,0.0,1.0,0.0,False,single_elimination,11,False
17,3,Corbin Bleu,percent,26.0,0.10196078431372549,0.09597598014507253,9.597598014507255,0.00274944921656836,0.3234150606868165,0.2994,0.0,1.0,0.0,False,single_elimination,11,False
17,3,Elizabeth Berkley Lauren,percent,25.0,0.09803921568627451,0.09746164515462259,9.746164515462262,0.0033099503555714628,0.3306129966449522,0.2994,0.0,1.0,0.0,False,single_elimination,11,False
17,3,Jack Osbourne,percent,22.0,0.08627450980392157,0.09977486239707707,9.97748623970771,0.0038716545717517726,0.3385124804258725,0.2994,0.0,1.0,0.0,False,single_elimination,11,False
17,3,Leah Remini,percent,24.0,0.09411764705882353,0.09729820385922426,9.729820385922428,0.003920539426721274,0.32599438755709986,0.2994,0.0,1.0,0.0,False,single_elimination,11,False
17,3,"Nicole ""Snooki"" Polizzi",percent,25.0,0.09803921568627451,0.09374849451430155,9.374849451430157,0.002784208485569848,0.31264562383076444,0.2994,0.0,1.0,0.0,False,single_elimination,11,False
17,3,Valerie Harper,percent,16.0,0.06274509803921569,0.11315270300945109,11.31527030094511,0.013454073063904795,0.3444521913593021,0.2994,-0.0,1.0,0.0,False,single_elimination,11,False
17,4,Amber Riley,percent,27.0,0.11392405063291139,0.1073057268475541,10.730572684755415,0.003209564421973374,0.34855509515996336,0.2709,0.0,1.0,0.0,False,single_elimination,10,False
17,4,Bill Engvall,percent,21.0,0.08860759493670886,0.11314508107879541,11.314508107879547,0.004990812305521525,0.3859157206843723,0.2709,0.0,1.0,0.0,False,single_elimination,10,False
17,4,Brant Daugherty,percent,21.0,0.08860759493670886,0.11599085385588369,11.599085385588376,0.006843890394071846,0.36955386877606317,0.2709,0.0,1.0,0.0,False,single_elimination,10,False
17,4,Christina Milian,percent,24.0,0.10126582278481013,0.10798635943572808,10.798635943572814,0.0041385299502687215,0.349518937049652,0.2709,0.0,1.0,0.0,False,single_elimination,10,False
17,4,Corbin Bleu,percent,27.0,0.11392405063291139,0.10833471904295902,10.833471904295907,0.003680845318099337,0.3513959962775113,0.2709,0.0,1.0,0.0,False,single_elimination,10,False
17,4,Elizabeth Berkley Lauren,percent,27.0,0.11392405063291139,0.10766708960021676,10.766708960021681,0.003667486415644344,0.35715767020997274,0.2709,0.0,1.0,0.0,False,single_elimination,10,False
17,4,Jack Osbourne,percent,24.0,0.10126582278481013,0.1066711998016152,10.667119980161525,0.0048503533558979925,0.3574852234168961,0.2709,0.0,1.0,0.0,False,single_elimination,10,False
17,4,Leah Remini,percent,24.0,0.10126582278481013,0.10789440670857264,10.78944067085727,0.005110719383382512,0.3503648245103081,0.2709,0.0,1.0,0.0,False,single_elimination,10,False
17,4,"Nicole ""Snooki"" Polizzi",percent,24.0,0.10126582278481013,0.10653957563958262,10.653957563958267,0.004265927397855659,0.3534905459505922,0.2709,0.0,1.0,0.0,False,single_elimination,10,False
17,4,Valerie Harper,percent,18.0,0.0759493670886076,0.01846498798909186,1.846498798909187,0.0008908183293017468,0.04958403945527154,0.2709,0.0,0.12405063291139239,0.0,False,single_elimination,10,True
17,5,Amber Riley,percent,26.0,0.11063829787234042,0.12320529093837454,12.320529093837454,0.020906822518812984,0.3517251147178398,0.0605,0.008510638297872353,0.9361702127659574,0.0,False,single_elimination,9,False
17,5,Bill Engvall,percent,24.0,0.10212765957446808,0.13543861307850324,13.543861307850324,0.02858116560616123,0.3752636134928624,0.0605,0.01702127659574469,0.9446808510638297,0.0,False,single_elimination,9,False
17,5,Brant Daugherty,percent,27.0,0.1148936170212766,0.12174485960729393,12.174485960729394,0.0128222891711725,0.3473900130708152,0.0605,0.004255319148936176,0.9319148936170212,0.0,False,single_elimination,9,False
17,5,Christina Milian,percent,28.0,0.11914893617021277,0.011264415175967914,1.1264415175967915,0.0002132462561869749,0.035651735842299935,0.0605,0.0,0.10307328605200945,0.0,False,single_elimination,9,True
17,5,Corbin Bleu,percent,28.0,0.11914893617021277,0.11273729496361884,11.273729496361884,0.010826586618826775,0.3472286817314321,0.0605,0.0,0.927659574468085,0.0,False,single_elimination,9,False
17,5,Elizabeth Berkley Lauren,percent,26.0,0.11063829787234042,0.11975485222664839,11.975485222664839,0.02015779804025826,0.34120876192297045,0.0605,0.008510638297872353,0.9361702127659574,0.0,False,single_elimination,9,False
17,5,Jack Osbourne,percent,27.0,0.1148936170212766,0.12012341587188816,12.012341587188816,0.01416518134337349,0.3521958862262316,0.0605,0.004255319148936176,0.9319148936170212,0.0,False,single_elimination,9,False
17,5,Leah Remini,percent,22.0,0.09361702127659574,0.13719754763179806,13.719754763179806,0.03660427434598077,0.3907417505966795,0.0605,0.02553191489361703,0.9531914893617021,0.0,False,single_elimination,9,False
17,5,"Nicole ""Snooki"" Polizzi",percent,27.0,0.1148936170212766,0.11853371050590704,11.853371050590704,0.015363854083520936,0.36567363283336224,0.0605,0.004255319148936176,0.9319148936170212,0.0,False,single_elimination,9,False
17,6,Amber Riley,percent,31.9999,0.138528185378997,0.12371784547469468,12.371784547469472,0.0035601471397920985,0.3948556132711951,1.0,0.0,1.0,0.0,False,no_elimination,8,False
17,6,Bill Engvall,percent,23.9999,0.10389603080876472,0.12462993952703073,12.462993952703078,0.0034378505548280014,0.4021261586344983,1.0,0.0,1.0,0.0,False,no_elimination,8,False
17,6,Brant Daugherty,percent,31.0,0.13419959895965008,0.12407293951589288,12.407293951589292,0.0035211534761522127,0.4042474755162508,1.0,0.0,1.0,0.0,False,no_elimination,8,False
17,6,Corbin Bleu,percent,26.9999,0.11688308877260183,0.12542499472936267,12.542499472936273,0.003427381904064936,0.4087246764392515,1.0,0.0,1.0,0.0,False,no_elimination,8,False
17,6,Elizabeth Berkley Lauren,percent,31.9998,0.13852775247706486,0.12602087829377873,12.602087829377878,0.003917529358375585,0.4136139294651775,1.0,0.0,1.0,0.0,False,no_elimination,8,False
17,6,Jack Osbourne,percent,26.9998,0.11688265587066969,0.1253959842636573,12.539598426365735,0.00388488414124942,0.40774971651995146,1.0,0.0,1.0,0.0,False,no_elimination,8,False
17,6,Leah Remini,percent,27.9999,0.12121210809388086,0.12347473913502727,12.34747391350273,0.0032677488073957306,0.4057722054482787,1.0,0.0,1.0,0.0,False,no_elimination,8,False
17,6,"Nicole ""Snooki"" Polizzi",percent,30.0,0.12987057963837106,0.1272626790605554,12.726267906055547,0.003437225286445242,0.4219026493525861,1.0,0.0,1.0,0.0,False,no_elimination,8,False
17,7,Amber Riley,percent,29.5,0.13318284424379231,0.12885448088483056,12.885448088483045,0.0054279524668308776,0.3960331720655976,0.1346,0.0,0.9887133182844244,0.0,False,single_elimination,8,False
17,7,Bill Engvall,percent,25.0,0.11286681715575621,0.15355210836043007,15.355210836042993,0.022817671991766927,0.4554544581944066,0.1346,0.009029345372460501,0.9977426636568849,0.0,False,single_elimination,8,False
17,7,Brant Daugherty,percent,28.5,0.12866817155756208,0.14102818436054998,14.102818436054983,0.008652975248491223,0.41716625852941064,0.1346,0.0,0.9887133182844244,0.0,False,single_elimination,8,False
17,7,Corbin Bleu,percent,29.5,0.13318284424379231,0.13160223971630625,13.160223971630614,0.00680787314210745,0.4047275128918468,0.1346,0.0,0.9887133182844244,0.0,False,single_elimination,8,False
17,7,Elizabeth Berkley Lauren,percent,27.0,0.12189616252821671,0.14360649393672018,14.360649393672004,0.014620355028163388,0.4342583521580375,0.1346,0.0,0.9887133182844244,0.0,False,single_elimination,8,False
17,7,Jack Osbourne,percent,28.5,0.12866817155756208,0.14081620205314083,14.081620205314069,0.009292979569976226,0.4294252551410853,0.1346,0.0,0.9887133182844244,0.0,False,single_elimination,8,False
17,7,Leah Remini,percent,26.5,0.11963882618510158,0.14434740095822463,14.434740095822448,0.016461636646662142,0.4272303179371188,0.1346,0.002257336343115132,0.9909706546275395,0.0,False,single_elimination,8,False
17,7,"Nicole ""Snooki"" Polizzi",percent,27.0,0.12189616252821671,0.016192889729798328,1.6192889729798314,0.0005326064380941973,0.05269420968913369,0.1346,0.0,0.12810383747178328,0.0,False,single_elimination,8,True
17,8,Amber Riley,percent,28.0,0.14583333333333334,0.15699571133136506,15.69957113313652,0.012195221807739968,0.4568985450441637,0.1495,0.0,0.9739583333333334,0.0,False,single_elimination,7,False
17,8,Bill Engvall,percent,24.0,0.125,0.17837571066485586,17.8375710664856,0.028951766092484094,0.4884194575585481,0.1495,0.015625,0.9895833333333334,0.0,False,single_elimination,7,False
17,8,Brant Daugherty,percent,27.0,0.140625,0.02234027535414793,2.234027535414795,0.0008139560698835283,0.06961067172967247,0.1495,0.0,0.1450892857142857,0.0,False,single_elimination,7,True
17,8,Corbin Bleu,percent,30.0,0.15625,0.155072907005381,15.507290700538116,0.009574483666314774,0.47259154157428257,0.1495,0.0,0.9739583333333334,0.0,False,single_elimination,7,False
17,8,Elizabeth Berkley Lauren,percent,25.0,0.13020833333333334,0.172785200171472,17.278520017147216,0.032217329326092684,0.4732373232862864,0.1495,0.010416666666666657,0.984375,0.0,False,single_elimination,7,False
17,8,Jack Osbourne,percent,30.0,0.15625,0.15006219128253576,15.006219128253589,0.009521289041454084,0.4601485603729801,0.1495,0.0,0.9739583333333334,0.0,False,single_elimination,7,False
17,8,Leah Remini,percent,28.0,0.14583333333333334,0.16436800419024147,16.436800419024163,0.014804268918556124,0.45813326190317016,0.1495,0.0,0.9739583333333334,0.0,False,single_elimination,7,False
17,9,Amber Riley,percent,25.5,0.1619047619047619,0.19661494196016044,19.66149419601605,0.034971489434398574,0.5075124107283397,0.1243,0.015873015873015872,0.9428571428571428,0.0,False,single_elimination,6,False
17,9,Bill Engvall,percent,21.0,0.13333333333333333,0.22162692391944838,22.162692391944848,0.06334633495680868,0.5652456901940192,0.1243,0.04444444444444445,0.9714285714285715,0.0,False,single_elimination,6,False
17,9,Corbin Bleu,percent,29.0,0.18412698412698414,0.1780980477470658,17.80980477470659,0.014202929611377835,0.493193728206648,0.1243,0.0,0.926984126984127,0.0,False,single_elimination,6,False
17,9,Elizabeth Berkley Lauren,percent,28.0,0.17777777777777778,0.026853747233444265,2.6853747233444274,0.0006021613021228574,0.08467836716997852,0.1243,0.0,0.15555555555555553,0.0,False,single_elimination,6,True
17,9,Jack Osbourne,percent,27.0,0.17142857142857143,0.18940152337812075,18.940152337812084,0.026767768998111657,0.5207487224266417,0.1243,0.006349206349206354,0.9333333333333333,0.0,False,single_elimination,6,False
17,9,Leah Remini,percent,27.0,0.17142857142857143,0.18740481576175988,18.740481576175995,0.026121067279493475,0.49919820251713176,0.1243,0.006349206349206354,0.9333333333333333,0.0,False,single_elimination,6,False
17,10,Amber Riley,percent,39.5,0.2257142857142857,0.221665244884007,22.166524488400704,0.012771479450056893,0.6145448357101849,0.2502,0.0,0.9857142857142858,0.0,False,single_elimination,5,False
17,10,Bill Engvall,percent,30.0,0.17142857142857143,0.270724636436621,27.072463643662104,0.05221841337660232,0.6711651547576687,0.2502,0.01428571428571429,1.0,0.0,False,single_elimination,5,False
17,10,Corbin Bleu,percent,37.5,0.21428571428571427,0.22556672894082724,22.55667289408273,0.015515808786767813,0.6186688641197154,0.2502,0.0,0.9857142857142858,0.0,False,single_elimination,5,False
17,10,Jack Osbourne,percent,35.5,0.20285714285714285,0.23592769381606307,23.592769381606313,0.019301617625883782,0.6264596762406631,0.2502,0.0,0.9857142857142858,0.0,False,single_elimination,5,False
17,10,Leah Remini,percent,32.5,0.18571428571428572,0.04611569592248151,4.611569592248152,0.001827292611697446,0.13214733585079474,0.2502,0.0,0.21428571428571427,0.0,False,single_elimination,5,True
17,11,Amber Riley,percent,31.3332,0.273653835740624,0.29619399357165643,29.619399357165705,0.021665844577232064,0.7368688743437707,0.3331,0.0,1.0,0.0,False,single_elimination,4,False
17,11,Bill Engvall,percent,25.4999,0.2227077172456799,0.07160901575389297,7.160901575389311,0.0026776784528976935,0.20141428095899466,0.3331,0.0,0.27729228275432016,0.0,False,single_elimination,4,True
17,11,Corbin Bleu,percent,29.6664,0.25909655421775135,0.30878794540527826,30.87879454052789,0.02799033787902337,0.7552138125094356,0.3331,0.0,1.0,0.0,False,single_elimination,4,False
17,11,Jack Osbourne,percent,27.9999,0.2445418927959448,0.3234090452691703,32.3409045269171,0.03824187885479493,0.7618679655129525,0.3331,0.0,1.0,0.0,False,single_elimination,4,False
18,1,Amy Purdy,percent,24.0,0.0916030534351145,0.08170203565442465,8.170203565442472,0.0023423787248041564,0.2797762302842154,1.0,0.0,1.0,0.0,False,no_elimination,12,False
18,1,Billy Dee Williams,percent,15.0,0.05725190839694656,0.08323533047909147,8.323533047909153,0.002122303070207225,0.28209126675473417,1.0,0.0,1.0,0.0,False,no_elimination,12,False
18,1,Candace Cameron Bure,percent,25.0,0.09541984732824428,0.0843349433467466,8.433494334674666,0.002399910315743919,0.2856463797483019,1.0,0.0,1.0,0.0,False,no_elimination,12,False
18,1,Charlie White,percent,27.0,0.10305343511450382,0.08323802647253388,8.323802647253395,0.0023093154452041367,0.2765287414207942,1.0,0.0,1.0,0.0,False,no_elimination,12,False
18,1,Cody Simpson,percent,22.0,0.08396946564885496,0.082886161693813,8.288616169381308,0.0022286858125669068,0.2896511769664422,1.0,0.0,1.0,0.0,False,no_elimination,12,False
18,1,Danica McKellar,percent,24.0,0.0916030534351145,0.08355290736935773,8.35529073693578,0.0024633461983542843,0.2817816497669249,1.0,0.0,1.0,0.0,False,no_elimination,12,False
18,1,Diana Nyad,percent,18.0,0.06870229007633588,0.08315421106220568,8.315421106220574,0.002059817264374049,0.281294802006061,1.0,0.0,1.0,0.0,False,no_elimination,12,False
18,1,Drew Carey,percent,21.0,0.08015267175572519,0.08182608579321904,8.182608579321911,0.002487936609010638,0.2821582433024972,1.0,0.0,1.0,0.0,False,no_elimination,12,False
18,1,James Maslow,percent,21.0,0.08015267175572519,0.08478449617802646,8.478449617802653,0.0024837166761568375,0.29143523412661626,1.0,0.0,1.0,0.0,False,no_elimination,12,False
18,1,Meryl Davis,percent,24.0,0.0916030534351145,0.08459680363145378,8.459680363145385,0.002472455127299797,0.28644357120761377,1.0,0.0,1.0,0.0,False,no_elimination,12,False
18,1,NeNe Leakes,percent,21.0,0.08015267175572519,0.08303905272681325,8.303905272681332,0.0023476093729055156,0.2802517038829738,1.0,0.0,1.0,0.0,False,no_elimination,12,False
18,1,Sean Avery,percent,20.0,0.07633587786259542,0.08364994559231374,8.36499455923138,0.002400487160460078,0.2853258739735059,1.0,0.0,1.0,0.0,False,no_elimination,12,False
18,2,Amy Purdy,percent,24.0,0.09836065573770492,,,,,0.0,0.0,0.9754098360655737,0.0,False,multi_elimination_2,11,False
18,2,Billy Dee Williams,percent,15.0,0.06147540983606557,,,,,0.0,0.02459016393442623,1.0,0.0,False,multi_elimination_2,11,False
18,2,Candace Cameron Bure,percent,21.0,0.0860655737704918,,,,,0.0,0.0,0.9754098360655737,0.0,False,multi_elimination_2,11,False
18,2,Charlie White,percent,25.0,0.10245901639344263,,,,,0.0,0.0,0.9754098360655737,0.0,False,multi_elimination_2,11,False
18,2,Cody Simpson,percent,22.0,0.09016393442622951,,,,,0.0,0.0,0.9754098360655737,0.0,False,multi_elimination_2,11,False
18,2,Danica McKellar,percent,24.0,0.09836065573770492,,,,,0.0,0.0,0.9754098360655737,0.0,False,multi_elimination_2,11,False
18,2,Drew Carey,percent,21.0,0.0860655737704918,,,,,0.0,0.0,0.9754098360655737,0.0,False,multi_elimination_2,11,False
18,2,James Maslow,percent,25.0,0.10245901639344263,,,,,0.0,0.0,0.9754098360655737,0.0,False,multi_elimination_2,11,False
18,2,Meryl Davis,percent,25.0,0.10245901639344263,,,,,0.0,0.0,0.9754098360655737,0.0,False,multi_elimination_2,11,False
18,2,NeNe Leakes,percent,21.0,0.0860655737704918,,,,,0.0,0.0,0.9754098360655737,0.0,False,multi_elimination_2,11,False
18,2,Sean Avery,percent,21.0,0.0860655737704918,,,,,0.0,0.0,0.09575260804769002,0.0,False,multi_elimination_2,11,True
18,3,Amy Purdy,percent,36.0,0.1157556270096463,0.11112472303613019,11.112472303613023,0.003587967392817456,0.3729252911663651,1.0,0.0,1.0,0.0,False,no_elimination,9,False
18,3,Candace Cameron Bure,percent,32.0,0.10289389067524116,0.11278649994297532,11.278649994297536,0.0034437995117517404,0.37023682552804643,1.0,0.0,1.0,0.0,False,no_elimination,9,False
18,3,Charlie White,percent,36.0,0.1157556270096463,0.11130944426512672,11.130944426512675,0.0032943416730466745,0.3657615250360563,1.0,0.0,1.0,0.0,False,no_elimination,9,False
18,3,Cody Simpson,percent,35.0,0.11254019292604502,0.11254893183455042,11.254893183455046,0.00323418241961586,0.3679946779931503,1.0,0.0,1.0,0.0,False,no_elimination,9,False
18,3,Danica McKellar,percent,36.0,0.1157556270096463,0.1101156731636346,11.011567316363465,0.0032834841754864254,0.3702442323628064,1.0,0.0,1.0,0.0,False,no_elimination,9,False
18,3,Drew Carey,percent,30.0,0.09646302250803858,0.10909437498399077,10.90943749839908,0.0028676583549853184,0.36554688158021664,1.0,0.0,1.0,0.0,False,no_elimination,9,False
18,3,James Maslow,percent,36.0,0.1157556270096463,0.11015430920936221,11.015430920936225,0.003118926845292596,0.3631117219999664,1.0,0.0,1.0,0.0,False,no_elimination,9,False
18,3,Meryl Davis,percent,39.0,0.12540192926045016,0.11181076262874085,11.181076262874088,0.003436966630871546,0.36212979044441995,1.0,0.0,1.0,0.0,False,no_elimination,9,False
18,3,NeNe Leakes,percent,31.0,0.09967845659163987,0.11105528093548853,11.105528093548857,0.003261651706233876,0.3633943453770719,1.0,0.0,1.0,0.0,False,no_elimination,9,False
18,4,Amy Purdy,percent,34.0,0.11447811447811448,0.11059210301170476,11.059210301170468,0.003296019131331135,0.3703243673919297,1.0,0.0,1.0,0.0,False,no_elimination,9,False
18,4,Candace Cameron Bure,percent,28.0,0.09427609427609428,0.11032261901587112,11.032261901587106,0.003381588775697197,0.3651952189663919,1.0,0.0,1.0,0.0,False,no_elimination,9,False
18,4,Charlie White,percent,33.0,0.1111111111111111,0.11325213198370027,11.325213198370019,0.003285472945904072,0.37044400777095976,1.0,0.0,1.0,0.0,False,no_elimination,9,False
18,4,Cody Simpson,percent,31.0,0.10437710437710437,0.1116057182266225,11.160571822662243,0.003309310134657656,0.3714957795409374,1.0,0.0,1.0,0.0,False,no_elimination,9,False
18,4,Danica McKellar,percent,32.0,0.10774410774410774,0.1108468287457069,11.084682874570682,0.0032678119392270427,0.3710000677673255,1.0,0.0,1.0,0.0,False,no_elimination,9,False
18,4,Drew Carey,percent,33.0,0.1111111111111111,0.10911327346467681,10.911327346467674,0.0031004640191965305,0.36437761926163154,1.0,0.0,1.0,0.0,False,no_elimination,9,False
18,4,James Maslow,percent,35.0,0.11784511784511785,0.11158186848502283,11.158186848502275,0.003171514508919862,0.3757172166821566,1.0,0.0,1.0,0.0,False,no_elimination,9,False
18,4,Meryl Davis,percent,39.0,0.13131313131313133,0.11185630291293291,11.185630291293284,0.0034155888699728973,0.37850446660285136,1.0,0.0,1.0,0.0,False,no_elimination,9,False
18,4,NeNe Leakes,percent,32.0,0.10774410774410774,0.11082915415376252,11.082915415376245,0.003221273877305984,0.3631850050576845,1.0,0.0,1.0,0.0,False,no_elimination,9,False
18,5,Amy Purdy,percent,37.0,0.11490683229813664,0.11932881687176124,11.932881687176119,0.0065275149149641295,0.3832402801087781,0.1419,0.0,0.9813664596273292,0.0,False,single_elimination,9,False
18,5,Candace Cameron Bure,percent,35.0,0.10869565217391304,0.1247603023137317,12.476030231373164,0.0082252366342302,0.3885905702979034,0.1419,0.0,0.9813664596273292,0.0,False,single_elimination,9,False
18,5,Charlie White,percent,37.0,0.11490683229813664,0.12298248769657655,12.298248769657649,0.006676618957668178,0.39974793614690857,0.1419,0.0,0.9813664596273292,0.0,False,single_elimination,9,False
18,5,Cody Simpson,percent,34.0,0.10559006211180125,0.014232551346447473,1.4232551346447466,0.0005733946012967672,0.0446629222376759,0.1419,0.0,0.11663216011042096,0.0,False,single_elimination,9,True
18,5,Danica McKellar,percent,39.0,0.12111801242236025,0.11267648348839153,11.267648348839147,0.004893642433837568,0.35165084062132856,0.1419,0.0,0.9813664596273292,0.0,False,single_elimination,9,False
18,5,Drew Carey,percent,28.0,0.08695652173913043,0.14619036081699602,14.619036081699596,0.030324691276889904,0.43979329289654673,0.1419,0.018633540372670815,1.0,0.0,False,single_elimination,9,False
18,5,James Maslow,percent,40.0,0.12422360248447205,0.12020576186592824,12.020576186592818,0.004472266603855124,0.3956472371428738,0.1419,0.0,0.9813664596273292,0.0,False,single_elimination,9,False
18,5,Meryl Davis,percent,36.0,0.11180124223602485,0.12110361500572532,12.110361500572527,0.007346494511601606,0.39476256298796675,0.1419,0.0,0.9813664596273292,0.0,False,single_elimination,9,False
18,5,NeNe Leakes,percent,36.0,0.11180124223602485,0.11851962059444239,11.851962059444233,0.008327906615104436,0.36144912820955755,0.1419,0.0,0.9813664596273292,0.0,False,single_elimination,9,False
18,6,Amy Purdy,percent,38.0,0.1347517730496454,0.13871162893222916,13.871162893222925,0.006276142503569433,0.4366232404908289,0.193,0.0,1.0,0.0,False,single_elimination,8,False
18,6,Candace Cameron Bure,percent,32.0,0.11347517730496454,0.1500813807982128,15.008138079821286,0.018159669074150116,0.45689310494816177,0.193,-0.0,1.0,0.0,False,single_elimination,8,False
18,6,Charlie White,percent,36.0,0.1276595744680851,0.14384137892480298,14.384137892480306,0.006626150634296339,0.45836574187037965,0.193,0.0,1.0,0.0,False,single_elimination,8,False
18,6,Danica McKellar,percent,36.0,0.1276595744680851,0.13563374288610167,13.563374288610175,0.006302891134593443,0.4056186857690461,0.193,0.0,1.0,0.0,False,single_elimination,8,False
18,6,Drew Carey,percent,32.0,0.11347517730496454,0.019219774659772256,1.9219774659772266,0.0006839563096060766,0.0581246291687811,0.193,0.0,0.13652482269503546,0.0,False,single_elimination,8,True
18,6,James Maslow,percent,35.0,0.12411347517730496,0.13749903855341733,13.749903855341742,0.008624244941625283,0.45265889485433675,0.193,0.0,1.0,0.0,False,single_elimination,8,False
18,6,Meryl Davis,percent,40.0,0.14184397163120568,0.1288392347500655,12.88392347500656,0.0046155972839602094,0.42549837621865727,0.193,0.0,1.0,0.0,False,single_elimination,8,False
18,6,NeNe Leakes,percent,33.0,0.11702127659574468,0.1461738204953978,14.617382049539787,0.011715741896220126,0.4389379877065833,0.193,0.0,1.0,0.0,False,single_elimination,8,False
18,7,Amy Purdy,percent,37.5,0.1482213438735178,0.16066238914954095,16.066238914954102,0.007954507333145504,0.4738127324529861,0.2049,0.0,1.0,0.0,False,single_elimination,7,False
18,7,Candace Cameron Bure,percent,37.0,0.14624505928853754,0.16178753180897235,16.178753180897242,0.007922586633082969,0.481100375231458,0.2049,0.0,1.0,0.0,False,single_elimination,7,False
18,7,Charlie White,percent,35.5,0.14031620553359683,0.16598658216107695,16.598658216107705,0.011926243614591705,0.47685929639676233,0.2049,0.0,1.0,0.0,False,single_elimination,7,False
18,7,Danica McKellar,percent,36.0,0.1422924901185771,0.1646056767240548,16.46056767240549,0.011639900566375027,0.4793652498523997,0.2049,0.0,1.0,0.0,False,single_elimination,7,False
18,7,James Maslow,percent,35.0,0.1383399209486166,0.16601170601598117,16.601170601598124,0.012742519878203767,0.4901907073913372,0.2049,0.0,1.0,0.0,False,single_elimination,7,False
18,7,Meryl Davis,percent,39.0,0.1541501976284585,0.15756209022070994,15.756209022071003,0.007744188886437549,0.48891318722968247,0.2049,0.0,1.0,0.0,False,single_elimination,7,False
18,7,NeNe Leakes,percent,33.0,0.13043478260869565,0.023384023919663363,2.338402391966338,0.0007617635916177849,0.07162261196121195,0.2049,0.0,0.15527950310559005,0.0,False,single_elimination,7,True
18,8,Amy Purdy,percent,40.0,0.17699115044247787,0.17947833502481964,17.947833502481966,0.014917077438058956,0.5232613906733313,0.1607,0.0,0.9734513274336283,0.0,False,single_elimination,6,False
18,8,Candace Cameron Bure,percent,36.0,0.1592920353982301,0.2049209821541072,20.492098215410724,0.03303435174895757,0.5446756677599955,0.1607,0.008849557522123908,0.9823008849557522,0.0,False,single_elimination,6,False
18,8,Charlie White,percent,40.0,0.17699115044247787,0.1870066294891288,18.700662948912882,0.014163366910474255,0.5164500561908423,0.1607,0.0,0.9734513274336283,0.0,False,single_elimination,6,False
18,8,Danica McKellar,percent,38.0,0.168141592920354,0.027583351502151465,2.758335150215147,0.0008691188743123351,0.08714018133769022,0.1607,0.0,0.16519174041297935,0.0,False,single_elimination,6,True
18,8,James Maslow,percent,36.0,0.1592920353982301,0.19883104326488435,19.88310432648844,0.03307399881137813,0.5143477450965165,0.1607,0.008849557522123908,0.9823008849557522,0.0,False,single_elimination,6,False
18,8,Meryl Davis,percent,36.0,0.1592920353982301,0.2021796585649083,20.217965856490835,0.03101635273820257,0.5602727284799593,0.1607,0.008849557522123908,0.9823008849557522,0.0,False,single_elimination,6,False
18,9,Amy Purdy,percent,39.0,0.20418848167539266,0.2338406549930414,23.384065499304135,0.025108938395427417,0.6168109827071592,0.2023,0.0,0.9895287958115183,0.0,False,single_elimination,5,False
18,9,Candace Cameron Bure,percent,36.0,0.18848167539267016,0.2502100401677726,25.021004016777255,0.04221056531223958,0.6444599411242918,0.2023,0.010471204188481659,1.0,0.0,False,single_elimination,5,False
18,9,Charlie White,percent,38.0,0.19895287958115182,0.04016416703008765,4.0164167030087645,0.0014694304014662332,0.12327515853433717,0.2023,0.0,0.20104712041884815,0.0,False,single_elimination,5,True
18,9,James Maslow,percent,38.0,0.19895287958115182,0.2435629777100316,24.356297771003156,0.032199408076662356,0.6413673381394367,0.2023,0.0,0.9895287958115183,0.0,False,single_elimination,5,False
18,9,Meryl Davis,percent,40.0,0.2094240837696335,0.2322221600990671,23.222216009906703,0.020305694011959946,0.6224975262726451,0.2023,0.0,0.9895287958115183,0.0,False,single_elimination,5,False
18,10,Amy Purdy,percent,29.666600000000003,0.2587209505138384,0.30101444488367574,30.1014444883676,0.04023865061167239,0.7341464339941237,0.2405,0.0,0.973835404268382,0.0,False,single_elimination,4,False
18,10,Candace Cameron Bure,percent,25.9998,0.22674296916969572,0.3328827431154842,33.28827431154845,0.07408320295758905,0.7386444321852913,0.2405,0.026164595731618,1.0,0.0,False,single_elimination,4,False
18,10,James Maslow,percent,29.0,0.2529075649013137,0.06295361921382452,6.295361921382457,0.0023936075017819613,0.1793313337085122,0.2405,0.0,0.24709243509868628,0.0,False,single_elimination,4,True
18,10,Meryl Davis,percent,30.0,0.2616285154151521,0.30314919278701463,30.314919278701492,0.03898535724327566,0.7174840736665253,0.2405,0.0,0.973835404268382,0.0,False,single_elimination,4,False
19,1,Alfonso Ribeiro,percent,36.0,0.0967741935483871,0.07879062499115032,7.879062499115033,0.0021283408450275374,0.2674602614170949,0.2128,0.0,0.9946236559139785,0.0,False,single_elimination,13,False
19,1,Antonio Sabato Jr.,percent,25.0,0.06720430107526881,0.08714315704274668,8.71431570427467,0.003819068786499094,0.2784866452660947,0.2128,0.0,0.9946236559139785,0.0,False,single_elimination,13,False
19,1,Bethany Mota,percent,32.0,0.08602150537634409,0.07423110409356597,7.423110409356598,0.002142516400593802,0.24619898198083356,0.2128,0.0,0.9946236559139785,0.0,False,single_elimination,13,False
19,1,Betsey Johnson,percent,20.0,0.053763440860215055,0.09600194843915165,9.600194843915167,0.014865506897620305,0.285399531518395,0.2128,0.0053763440860215075,1.0,0.0,False,single_elimination,13,False
19,1,Janel Parrish,percent,29.0,0.07795698924731183,0.08074568577649412,8.074568577649414,0.002794147360143969,0.2797831397451288,0.2128,0.0,0.9946236559139785,0.0,False,single_elimination,13,False
19,1,Jonathan Bennett,percent,30.0,0.08064516129032258,0.08008192829391945,8.008192829391946,0.0028441465071699827,0.25996486380955164,0.2128,0.0,0.9946236559139785,0.0,False,single_elimination,13,False
19,1,Lea Thompson,percent,32.0,0.08602150537634409,0.07975022264175946,7.975022264175948,0.002375748443455295,0.2669473543365635,0.2128,0.0,0.9946236559139785,0.0,False,single_elimination,13,False
19,1,Lolo Jones,percent,22.0,0.05913978494623656,0.011954271902494814,1.1954271902494817,0.0004277983358513207,0.03174899519135526,0.2128,0.0,0.09470636889991728,0.0,False,single_elimination,13,True
19,1,Michael Waltrip,percent,25.0,0.06720430107526881,0.08546560998409401,8.546560998409403,0.0031505413707109175,0.2730963954370914,0.2128,0.0,0.9946236559139785,0.0,False,single_elimination,13,False
19,1,Randy Couture,percent,31.0,0.08333333333333333,0.08147535941465436,8.147535941465438,0.0030073055716902473,0.28254474080692765,0.2128,0.0,0.9946236559139785,0.0,False,single_elimination,13,False
19,1,Sadie Robertson,percent,34.0,0.0913978494623656,0.08074671872631993,8.074671872631994,0.00257469349815934,0.2746625436876941,0.2128,0.0,0.9946236559139785,0.0,False,single_elimination,13,False
19,1,Tavis Smiley,percent,29.0,0.07795698924731183,0.0804010679494293,8.040106794942933,0.002965572476836011,0.2680519711749621,0.2128,0.0,0.9946236559139785,0.0,False,single_elimination,13,False
19,1,Tommy Chong,percent,27.0,0.07258064516129033,0.08321230074421977,8.321230074421978,0.003389566696553448,0.2761312081715269,0.2128,0.0,0.9946236559139785,0.0,False,single_elimination,13,False
19,2,Alfonso Ribeiro,percent,32.0,0.08839779005524862,0.08804167296627982,8.804167296627986,0.003078964258856333,0.2833713064166431,0.1191,0.0,0.988950276243094,0.0,False,single_elimination,12,False
19,2,Antonio Sabato Jr.,percent,31.0,0.0856353591160221,0.09108130203307739,9.108130203307743,0.003622892294846509,0.319848570173295,0.1191,0.0,0.988950276243094,0.0,False,single_elimination,12,False
19,2,Bethany Mota,percent,33.0,0.09116022099447514,0.08781347107618083,8.781347107618087,0.003101338905358238,0.30955723609519536,0.1191,0.0,0.988950276243094,0.0,False,single_elimination,12,False
19,2,Betsey Johnson,percent,28.0,0.07734806629834254,0.09298715946178057,9.298715946178062,0.008501409669694916,0.3048570045045039,0.1191,-0.0,0.988950276243094,0.0,False,single_elimination,12,False
19,2,Janel Parrish,percent,34.0,0.09392265193370165,0.08104782138742946,8.10478213874295,0.0028561733438926423,0.2794965736270526,0.1191,0.0,0.988950276243094,0.0,False,single_elimination,12,False
19,2,Jonathan Bennett,percent,30.0,0.08287292817679558,0.08775163124190985,8.775163124190989,0.004936973246664505,0.2911324348813493,0.1191,0.0,0.988950276243094,0.0,False,single_elimination,12,False
19,2,Lea Thompson,percent,35.0,0.09668508287292818,0.0788081890645859,7.880818906458595,0.0027940183421553233,0.25786495285899,0.1191,0.0,0.988950276243094,0.0,False,single_elimination,12,False
19,2,Michael Waltrip,percent,24.0,0.06629834254143646,0.10495092925850426,10.49509292585043,0.018619521374130768,0.3182239683674482,0.1191,0.011049723756906077,1.0,0.0,False,single_elimination,12,False
19,2,Randy Couture,percent,28.0,0.07734806629834254,0.09498017541866881,9.498017541866885,0.01077683832695824,0.2772563612808219,0.1191,0.0,0.988950276243094,0.0,False,single_elimination,12,False
19,2,Sadie Robertson,percent,31.0,0.0856353591160221,0.0866847238043732,8.668472380437324,0.004277098283135202,0.3087911654071058,0.1191,0.0,0.988950276243094,0.0,False,single_elimination,12,False
19,2,Tavis Smiley,percent,28.0,0.07734806629834254,0.009252270239970984,0.9252270239970988,0.00032766785993827794,0.02685669881368459,0.1191,0.0,0.08931860036832413,0.0,False,single_elimination,12,True
19,2,Tommy Chong,percent,28.0,0.07734806629834254,0.0966006540472385,9.660065404723854,0.00827428562206178,0.28739722776515814,0.1191,0.0,0.988950276243094,0.0,False,single_elimination,12,False
19,3,Alfonso Ribeiro,percent,32.0,0.0906515580736544,0.09710095090461629,9.710095090461627,0.0033257436077012473,0.3238362684330596,0.2151,0.0,1.0,0.0,False,single_elimination,11,False
19,3,Antonio Sabato Jr.,percent,29.0,0.0821529745042493,0.10701228051641634,10.701228051641632,0.006700618161769249,0.33854465699892644,0.2151,0.0,1.0,0.0,False,single_elimination,11,False
19,3,Bethany Mota,percent,40.0,0.11331444759206799,0.09552954510987488,9.552954510987485,0.0026134053419555655,0.319377844384119,0.2151,0.0,1.0,0.0,False,single_elimination,11,False
19,3,Betsey Johnson,percent,29.0,0.0821529745042493,0.10266724566071064,10.266724566071062,0.0072721438178915765,0.32670452599573485,0.2151,0.0,1.0,0.0,False,single_elimination,11,False
19,3,Janel Parrish,percent,40.0,0.11331444759206799,0.09101090212620327,9.101090212620326,0.002967470851024016,0.31257051351192644,0.2151,0.0,1.0,0.0,False,single_elimination,11,False
19,3,Jonathan Bennett,percent,32.0,0.0906515580736544,0.09807015801535088,9.807015801535085,0.0040013787597078555,0.3139662915807172,0.2151,0.0,1.0,0.0,False,single_elimination,11,False
19,3,Lea Thompson,percent,31.0,0.08781869688385269,0.09743709169140194,9.74370916914019,0.004551401085781813,0.31749729228789214,0.2151,0.0,1.0,0.0,False,single_elimination,11,False
19,3,Michael Waltrip,percent,28.0,0.07932011331444759,0.10412228275450998,10.412228275450994,0.007271029690065427,0.329175255803339,0.2151,0.0,1.0,0.0,False,single_elimination,11,False
19,3,Randy Couture,percent,26.0,0.07365439093484419,0.013968255397882266,1.3968255397882263,0.0005540169168046126,0.0382742475469611,0.2151,0.0,0.10816379088333765,0.0,False,single_elimination,11,True
19,3,Sadie Robertson,percent,32.0,0.0906515580736544,0.09834100845044455,9.834100845044452,0.004415954629293191,0.32966780671645446,0.2151,0.0,1.0,0.0,False,single_elimination,11,False
19,3,Tommy Chong,percent,34.0,0.09631728045325778,0.09474027937258905,9.474027937258903,0.0028470491489228675,0.31754666491996436,0.2151,0.0,1.0,0.0,False,single_elimination,11,False
19,4,Alfonso Ribeiro,percent,40.0,0.125,0.09738685214183698,9.738685214183704,0.003245772917174603,0.3169176683675587,0.1279,0.0,0.96875,0.0,False,single_elimination,10,False
19,4,Antonio Sabato Jr.,percent,29.0,0.090625,0.11355589148107033,11.35558914810704,0.011503202822883836,0.3403309753456231,0.1279,0.0,0.96875,0.0,False,single_elimination,10,False
19,4,Bethany Mota,percent,33.0,0.103125,0.10277747670640919,10.277747670640924,0.004633554584046854,0.3306100412109066,0.1279,0.0,0.96875,0.0,False,single_elimination,10,False
19,4,Betsey Johnson,percent,29.0,0.090625,0.014086485242162815,1.4086485242162823,0.0005116020000367316,0.041516434564616775,0.1279,0.0,0.109375,0.0,False,single_elimination,10,True
19,4,Janel Parrish,percent,36.0,0.1125,0.10009717437312148,10.009717437312153,0.004137467888805624,0.3455341328996323,0.1279,0.0,0.96875,0.0,False,single_elimination,10,False
19,4,Jonathan Bennett,percent,24.0,0.075,0.12512041711773206,12.512041711773215,0.028443177698375937,0.33054106273082323,0.1279,0.015625,0.984375,0.0,False,single_elimination,10,False
19,4,Lea Thompson,percent,39.0,0.121875,0.10199050063844028,10.199050063844034,0.0025844196354051813,0.34978661804102024,0.1279,0.0,0.96875,0.0,False,single_elimination,10,False
19,4,Michael Waltrip,percent,25.0,0.078125,0.12691322819992118,12.691322819992127,0.023395117817693566,0.3738815539312448,0.1279,0.012499999999999997,0.98125,0.0,False,single_elimination,10,False
19,4,Sadie Robertson,percent,37.0,0.115625,0.10040438693458607,10.040438693458613,0.003422202463370075,0.3221728280723264,0.1279,0.0,0.96875,0.0,False,single_elimination,10,False
19,4,Tommy Chong,percent,28.0,0.0875,0.11766758716471902,11.766758716471909,0.014644865824066074,0.3476957774038338,0.1279,0.0031250000000000028,0.971875,0.0,False,single_elimination,10,False
19,5,Alfonso Ribeiro,percent,34.0,0.12878787878787878,0.11056075177530116,11.05607517753012,0.002707550616374458,0.3625929072019082,1.0,0.0,1.0,0.0,False,no_elimination,9,False
19,5,Antonio Sabato Jr.,percent,28.0,0.10606060606060606,0.11137485194430714,11.13748519443072,0.003144260056214221,0.3727160677766827,1.0,0.0,1.0,0.0,False,no_elimination,9,False
19,5,Bethany Mota,percent,32.0,0.12121212121212122,0.11005744082055828,11.005744082055834,0.00325368740113494,0.36509928628478,1.0,0.0,1.0,0.0,False,no_elimination,9,False
19,5,Janel Parrish,percent,33.0,0.125,0.11320415674116975,11.320415674116981,0.0030696495751942137,0.36960224168856626,1.0,0.0,1.0,0.0,False,no_elimination,9,False
19,5,Jonathan Bennett,percent,24.0,0.09090909090909091,0.1097892582567634,10.978925825676345,0.0030933964936787003,0.3662817030352248,1.0,0.0,1.0,0.0,False,no_elimination,9,False
19,5,Lea Thompson,percent,34.0,0.12878787878787878,0.11038187564180982,11.038187564180987,0.0031247410408517685,0.36489487639915674,1.0,0.0,1.0,0.0,False,no_elimination,9,False
19,5,Michael Waltrip,percent,20.0,0.07575757575757576,0.1103340541936638,11.033405419366385,0.0027428539247115295,0.3649255346246749,1.0,0.0,1.0,0.0,False,no_elimination,9,False
19,5,Sadie Robertson,percent,36.0,0.13636363636363635,0.11090012765934405,11.09001276593441,0.003348567322878146,0.368759292713421,1.0,0.0,1.0,0.0,False,no_elimination,9,False
19,5,Tommy Chong,percent,23.0,0.08712121212121213,0.11339748296708196,11.339748296708203,0.0032294845076915424,0.3732288551677431,1.0,0.0,1.0,0.0,False,no_elimination,9,False
19,6,Alfonso Ribeiro,percent,39.0,0.13310580204778158,0.10746271983987969,10.746271983987972,0.0028067126168113857,0.3644778221182262,0.1134,0.0,0.9658703071672355,0.0,False,single_elimination,9,False
19,6,Antonio Sabato Jr.,percent,28.0,0.09556313993174062,0.13568361282666527,13.56836128266653,0.025563235763878197,0.3744898318673385,0.1134,0.013651877133105797,0.9795221843003413,0.0,False,single_elimination,9,False
19,6,Bethany Mota,percent,36.0,0.12286689419795221,0.11219269235150033,11.219269235150035,0.004574406997084638,0.35663983245343633,0.1134,0.0,0.9658703071672355,0.0,False,single_elimination,9,False
19,6,Janel Parrish,percent,33.0,0.11262798634812286,0.12220205215761934,12.220205215761936,0.008752945449232072,0.3595174249609651,0.1134,0.0,0.9658703071672355,0.0,False,single_elimination,9,False
19,6,Jonathan Bennett,percent,32.0,0.10921501706484642,0.013795165996926926,1.379516599692693,0.0003958898754289385,0.04431270807758542,0.1134,0.0,0.11300720515737582,0.0,False,single_elimination,9,True
19,6,Lea Thompson,percent,32.0,0.10921501706484642,0.1299518404129114,12.995184041291145,0.013695885432858115,0.40404289529765175,0.1134,0.0,0.9658703071672355,0.0,False,single_elimination,9,False
19,6,Michael Waltrip,percent,30.0,0.10238907849829351,0.13028890710064447,13.02889071006445,0.01898245809347836,0.39208736469065225,0.1134,0.006825938566552905,0.9726962457337884,0.0,False,single_elimination,9,False
19,6,Sadie Robertson,percent,35.0,0.11945392491467577,0.11440006541469314,11.440006541469316,0.006154931371380462,0.35520514787306534,0.1134,0.0,0.9658703071672355,0.0,False,single_elimination,9,False
19,6,Tommy Chong,percent,28.0,0.09556313993174062,0.1340229438991592,13.402294389915923,0.02455121874068854,0.3734502245968643,0.1134,0.013651877133105797,0.9795221843003413,0.0,False,single_elimination,9,False
19,7,Alfonso Ribeiro,percent,34.0,0.13152804642166344,0.13622537736866844,13.622537736866846,0.0070684143537017435,0.42014640491058247,0.183,0.0,0.9941972920696325,0.0,False,single_elimination,8,False
19,7,Antonio Sabato Jr.,percent,29.5,0.11411992263056092,0.018898060861333943,1.8898060861333947,0.0006600793641454123,0.05553491376567441,0.183,0.0,0.13588007736943908,0.0,False,single_elimination,8,True
19,7,Bethany Mota,percent,37.5,0.1450676982591876,0.13356863612939224,13.356863612939227,0.004430253729273663,0.4192874952961519,0.183,0.0,0.9941972920696325,0.0,False,single_elimination,8,False
19,7,Janel Parrish,percent,33.5,0.12959381044487428,0.1364360023782738,13.643600237827384,0.006424207247919716,0.42901470314420925,0.183,0.0,0.9941972920696325,0.0,False,single_elimination,8,False
19,7,Lea Thompson,percent,35.0,0.13539651837524178,0.1306771623992993,13.067716239929933,0.00577474716767951,0.42305459395662975,0.183,0.0,0.9941972920696325,0.0,False,single_elimination,8,False
19,7,Michael Waltrip,percent,28.0,0.10831721470019343,0.15370832182303598,15.370832182303602,0.023758151157830035,0.43655155962621517,0.183,0.0058027079303674955,1.0,0.0,False,single_elimination,8,False
19,7,Sadie Robertson,percent,31.0,0.11992263056092843,0.14342873304859352,14.342873304859355,0.010938187601487993,0.43573194061251125,0.183,0.0,0.9941972920696325,0.0,False,single_elimination,8,False
19,7,Tommy Chong,percent,30.0,0.11605415860735009,0.1470577059914027,14.705770599140273,0.01387780664798523,0.43251769708556714,0.183,0.0,0.9941972920696325,0.0,False,single_elimination,8,False
19,8,Alfonso Ribeiro,percent,41.0,0.16532258064516128,0.1581464327787191,15.81464327787192,0.005275633788758211,0.49444878235511996,0.3348,0.0,1.0,0.0,False,single_elimination,7,False
19,8,Bethany Mota,percent,40.0,0.16129032258064516,0.15527776030718263,15.527776030718274,0.0057913941506707225,0.4811780112225397,0.3348,0.0,1.0,0.0,False,single_elimination,7,False
19,8,Janel Parrish,percent,43.0,0.17338709677419356,0.15403070626160795,15.403070626160806,0.004568178915686716,0.4962174963942942,0.3348,0.0,1.0,0.0,False,single_elimination,7,False
19,8,Lea Thompson,percent,32.0,0.12903225806451613,0.16712567983000648,16.71256798300066,0.009301023566889973,0.47987626136675937,0.3348,0.0,1.0,0.0,False,single_elimination,7,False
19,8,Michael Waltrip,percent,25.0,0.10080645161290322,0.035163792419599556,3.5163792419599575,0.001003895713877837,0.09572496754876712,0.3348,0.0,0.1849078341013825,0.0,False,single_elimination,7,True
19,8,Sadie Robertson,percent,38.0,0.1532258064516129,0.1552364416411508,15.52364416411509,0.007147551232757185,0.48510674955088473,0.3348,0.0,1.0,0.0,False,single_elimination,7,False
19,8,Tommy Chong,percent,29.0,0.11693548387096774,0.17501918676173275,17.501918676173286,0.012109718336900712,0.5032103484485994,0.3348,0.0,1.0,0.0,False,single_elimination,7,False
19,9,Alfonso Ribeiro,percent,38.5,0.17990654205607476,0.1862038444733617,18.62038444733616,0.012176719379663548,0.5501245166425818,0.1774,0.0,0.969626168224299,0.0,False,single_elimination,6,False
19,9,Bethany Mota,percent,37.0,0.17289719626168223,0.18162655617530385,18.162655617530376,0.013856054163356047,0.5250849725893264,0.1774,0.0,0.969626168224299,0.0,False,single_elimination,6,False
19,9,Janel Parrish,percent,38.5,0.17990654205607476,0.1877486806781173,18.774868067811724,0.012348942120251392,0.5386716114698374,0.1774,0.0,0.969626168224299,0.0,False,single_elimination,6,False
19,9,Lea Thompson,percent,35.0,0.16355140186915887,0.028133981969574135,2.813398196957412,0.0010650725474942936,0.08929690220900378,0.1774,0.0,0.16978193146417445,0.0,False,single_elimination,6,True
19,9,Sadie Robertson,percent,36.5,0.1705607476635514,0.18898958525218865,18.898958525218855,0.01792089495211431,0.5235526703979936,0.1774,0.0,0.969626168224299,0.0,False,single_elimination,6,False
19,9,Tommy Chong,percent,28.5,0.13317757009345793,0.22729735145145472,22.72973514514546,0.0547458941816386,0.5826487688050986,0.1774,0.030373831775700938,1.0,0.0,False,single_elimination,6,False
19,10,Alfonso Ribeiro,percent,37.5,0.2054794520547945,0.23759717335731714,23.759717335731704,0.016136634403781738,0.6387701644558021,0.3129,0.0,1.0,0.0,False,single_elimination,5,False
19,10,Bethany Mota,percent,38.0,0.20821917808219179,0.2343645704601123,23.43645704601122,0.01471271763982687,0.6472556882628638,0.3129,0.0,1.0,0.0,False,single_elimination,5,False
19,10,Janel Parrish,percent,39.0,0.2136986301369863,0.2386550835458901,23.865508354589,0.012713871825782453,0.6417066340213821,0.3129,0.0,1.0,0.0,False,single_elimination,5,False
19,10,Sadie Robertson,percent,37.0,0.20273972602739726,0.24010724074726278,24.010724074726266,0.018064559406477308,0.6430647945606303,0.3129,0.0,1.0,0.0,False,single_elimination,5,False
19,10,Tommy Chong,percent,31.0,0.16986301369863013,0.04927593188941812,4.92759318894181,0.002062153163232444,0.13950388271207917,0.3129,0.0,0.2301369863013699,0.0,False,single_elimination,5,True
19,11,Alfonso Ribeiro,percent,40.0,0.25586408499804897,0.3129844536402616,31.298445364026172,0.04141094681075725,0.7526233468306532,0.2765,0.0,1.0,0.0,False,single_elimination,4,False
19,11,Bethany Mota,percent,38.0,0.24307088074814653,0.0637611834902075,6.376118349020753,0.0020504622863368,0.18150445465642415,0.2765,0.0,0.25692911925185347,0.0,False,single_elimination,4,True
19,11,Janel Parrish,percent,38.99980000000001,0.24946620355267282,0.31121953900841226,31.121953900841238,0.042021538583442285,0.7565560060382287,0.2765,0.0,1.0,0.0,False,single_elimination,4,False
19,11,Sadie Robertson,percent,39.333200000000005,0.25159883070113154,0.31203482386111825,31.203482386111837,0.04025558557176314,0.7436276129804219,0.2765,0.0,1.0,0.0,False,single_elimination,4,False
20,1,Charlotte McKinney,percent,22.0,0.06918238993710692,0.08297079849979944,8.297079849979944,0.0023821372468393544,0.2830514144640312,1.0,0.0,1.0,0.0,False,no_elimination,12,False
20,1,Chris Soules,percent,26.0,0.08176100628930817,0.08215561598714471,8.215561598714473,0.002354286914927494,0.28621481120151077,1.0,0.0,1.0,0.0,False,no_elimination,12,False
20,1,Michael Sam,percent,26.0,0.08176100628930817,0.08338947949150802,8.338947949150803,0.0024145331308973415,0.28307585914038125,1.0,0.0,1.0,0.0,False,no_elimination,12,False
20,1,Nastia Liukin,percent,30.0,0.09433962264150944,0.08376498031699843,8.376498031699844,0.002186327991642662,0.28900271861168425,1.0,0.0,1.0,0.0,False,no_elimination,12,False
20,1,Noah Galloway,percent,26.0,0.08176100628930817,0.08372785440884442,8.372785440884444,0.002341835238592936,0.28620260958519295,1.0,0.0,1.0,0.0,False,no_elimination,12,False
20,1,Patti LaBelle,percent,25.0,0.07861635220125786,0.08535241202108428,8.535241202108429,0.0022890934716999385,0.29147248279381077,1.0,0.0,1.0,0.0,False,no_elimination,12,False
20,1,Redfoo,percent,22.0,0.06918238993710692,0.08191546127829416,8.191546127829417,0.0023437742089638404,0.2819329979476141,1.0,0.0,1.0,0.0,False,no_elimination,12,False
20,1,Riker Lynch,percent,31.0,0.09748427672955975,0.08326208573071957,8.326208573071959,0.0023217369900522546,0.2800293086900047,1.0,0.0,1.0,0.0,False,no_elimination,12,False
20,1,Robert Herjavec,percent,28.0,0.0880503144654088,0.0831970294509035,8.319702945090352,0.002221821541399663,0.2862614658228735,1.0,0.0,1.0,0.0,False,no_elimination,12,False
20,1,Rumer Willis,percent,32.0,0.10062893081761007,0.0835188470655522,8.351884706555222,0.002462661801792353,0.285683555113027,1.0,0.0,1.0,0.0,False,no_elimination,12,False
20,1,Suzanne Somers,percent,25.0,0.07861635220125786,0.08323562065386084,8.323562065386085,0.002437949083268626,0.2880383466713142,1.0,0.0,1.0,0.0,False,no_elimination,12,False
20,1,Willow Shields,percent,25.0,0.07861635220125786,0.08350981509529029,8.35098150952903,0.002402377087187984,0.2867431552563253,1.0,0.0,1.0,0.0,False,no_elimination,12,False
20,2,Charlotte McKinney,percent,26.0,0.07492795389048991,0.09391575779363207,9.39157577936321,0.01997497318197778,0.23719759190519632,0.035,0.014409221902017294,0.92507204610951,0.0,False,single_elimination,12,False
20,2,Chris Soules,percent,21.0,0.06051873198847262,0.11141610099232697,11.1416100992327,0.036150391100804466,0.3012235578427944,0.035,0.02881844380403458,0.9394812680115272,0.0,False,single_elimination,12,False
20,2,Michael Sam,percent,28.0,0.08069164265129683,0.09401350940192182,9.401350940192184,0.015025240646376826,0.2665197071584154,0.035,0.008645533141210374,0.9193083573487031,0.0,False,single_elimination,12,False
20,2,Nastia Liukin,percent,34.0,0.09798270893371758,0.08469797478369767,8.469797478369768,0.0036440293988503256,0.2598939616496015,0.035,0.0,0.9106628242074927,0.0,False,single_elimination,12,False
20,2,Noah Galloway,percent,27.0,0.07780979827089338,0.09213766631459401,9.213766631459402,0.016897980897258247,0.26653053090004253,0.035,0.011527377521613827,0.9221902017291065,0.0,False,single_elimination,12,False
20,2,Patti LaBelle,percent,28.0,0.08069164265129683,0.0921171025313279,9.211710253132791,0.013214707614889699,0.2555484721967746,0.035,0.008645533141210374,0.9193083573487031,0.0,False,single_elimination,12,False
20,2,Redfoo,percent,31.0,0.0893371757925072,0.006712444695523301,0.6712444695523303,0.00018500731224861002,0.023940240056566125,0.035,0.0,0.07732949087415945,0.0,False,single_elimination,12,True
20,2,Riker Lynch,percent,32.0,0.09221902017291066,0.08124231671931274,8.124231671931275,0.005226982381248758,0.2813544866646442,0.035,0.0,0.9106628242074927,0.0,False,single_elimination,12,False
20,2,Robert Herjavec,percent,28.0,0.08069164265129683,0.08558438213808617,8.558438213808618,0.014204258235328506,0.2788329792979412,0.035,0.008645533141210374,0.9193083573487031,0.0,False,single_elimination,12,False
20,2,Rumer Willis,percent,32.0,0.09221902017291066,0.08434579354185366,8.434579354185367,0.007189317500836068,0.26074648528436817,0.035,0.0,0.9106628242074927,0.0,False,single_elimination,12,False
20,2,Suzanne Somers,percent,28.0,0.08069164265129683,0.09235290070035776,9.235290070035777,0.015498342583756002,0.26781055682200955,0.035,0.008645533141210374,0.9193083573487031,0.0,False,single_elimination,12,False
20,2,Willow Shields,percent,32.0,0.09221902017291066,0.08146405038736569,8.146405038736571,0.006103487360227329,0.2860129890390281,0.035,0.0,0.9106628242074927,0.0,False,single_elimination,12,False
20,3,Charlotte McKinney,percent,22.0,0.07028753993610223,0.015805989215443055,1.5805989215443048,0.0006604251895300337,0.04360534883252111,0.2305,0.0,0.11153064188207959,0.0,False,single_elimination,11,True
20,3,Chris Soules,percent,28.0,0.08945686900958466,0.09440990981464772,9.440990981464768,0.0037541943007676853,0.3133473373051551,0.2305,0.0,1.0,0.0,False,single_elimination,11,False
20,3,Michael Sam,percent,24.0,0.07667731629392971,0.10317034198969455,10.31703419896945,0.008150465069965003,0.3182976457405455,0.2305,0.0,1.0,0.0,False,single_elimination,11,False
20,3,Nastia Liukin,percent,34.0,0.10862619808306709,0.09609777721593646,9.609777721593641,0.0032886297544007684,0.3261391368239729,0.2305,0.0,1.0,0.0,False,single_elimination,11,False
20,3,Noah Galloway,percent,30.0,0.09584664536741214,0.09736356543377495,9.736356543377491,0.0030731432816583845,0.31283866678240885,0.2305,0.0,1.0,0.0,False,single_elimination,11,False
20,3,Patti LaBelle,percent,22.0,0.07028753993610223,0.11217789624664953,11.217789624664947,0.012406906578209153,0.3472482302249255,0.2305,-0.0,1.0,0.0,False,single_elimination,11,False
20,3,Riker Lynch,percent,34.0,0.10862619808306709,0.09567675797946369,9.567675797946364,0.0031804472981933484,0.3146501585869936,0.2305,0.0,1.0,0.0,False,single_elimination,11,False
20,3,Robert Herjavec,percent,29.0,0.0926517571884984,0.09578226314356468,9.578226314356463,0.0034691548635707075,0.32132620542782625,0.2305,0.0,1.0,0.0,False,single_elimination,11,False
20,3,Rumer Willis,percent,33.0,0.10543130990415335,0.09566184570913162,9.566184570913158,0.002778296223172753,0.3207553696650537,0.2305,0.0,1.0,0.0,False,single_elimination,11,False
20,3,Suzanne Somers,percent,25.0,0.07987220447284345,0.10239077067977564,10.23907706797756,0.0057246106887462135,0.32644245034222463,0.2305,0.0,1.0,0.0,False,single_elimination,11,False
20,3,Willow Shields,percent,32.0,0.10223642172523961,0.09146288257191847,9.146288257191843,0.0025189342341767782,0.3099218246671873,0.2305,0.0,1.0,0.0,False,single_elimination,11,False
20,4,Chris Soules,percent,27.0,0.08307692307692308,0.12437745680584614,12.437745680584623,0.02289269919299365,0.37184226617855876,0.1395,0.009230769230769237,0.9938461538461538,0.0,False,single_elimination,10,False
20,4,Michael Sam,percent,30.0,0.09230769230769231,0.012821907050394706,1.2821907050394714,0.0005598459583003161,0.038482861954328616,0.1395,0.0,0.1076923076923077,0.0,False,single_elimination,10,True
20,4,Nastia Liukin,percent,36.0,0.11076923076923077,0.10432790588443082,10.432790588443089,0.003897788679560768,0.3281726348497384,0.1395,0.0,0.9846153846153846,0.0,False,single_elimination,10,False
20,4,Noah Galloway,percent,32.0,0.09846153846153846,0.10511369549675317,10.511369549675324,0.0074214409258054476,0.3449720202662013,0.1395,0.0,0.9846153846153846,0.0,False,single_elimination,10,False
20,4,Patti LaBelle,percent,30.0,0.09230769230769231,0.1139678755738083,11.396787557380836,0.01266198771991094,0.33966568147553855,0.1395,-0.0,0.9846153846153846,0.0,False,single_elimination,10,False
20,4,Riker Lynch,percent,34.0,0.10461538461538461,0.10812268711074888,10.812268711074895,0.003664848025534823,0.3482947818394579,0.1395,0.0,0.9846153846153846,0.0,False,single_elimination,10,False
20,4,Robert Herjavec,percent,34.0,0.10461538461538461,0.1040419444138709,10.404194441387096,0.004800259203291497,0.3281880584414753,0.1395,0.0,0.9846153846153846,0.0,False,single_elimination,10,False
20,4,Rumer Willis,percent,35.0,0.1076923076923077,0.10554007292614367,10.554007292614374,0.0034903222317560216,0.3540498995373305,0.1395,0.0,0.9846153846153846,0.0,False,single_elimination,10,False
20,4,Suzanne Somers,percent,28.0,0.08615384615384615,0.11769602000850887,11.769602000850895,0.015968010379703575,0.3365838219235239,0.1395,0.0061538461538461625,0.9907692307692307,0.0,False,single_elimination,10,False
20,4,Willow Shields,percent,39.0,0.12,0.10399043472949385,10.399043472949392,0.004494157963906742,0.35311574098657067,0.1395,0.0,0.9846153846153846,0.0,False,single_elimination,10,False
20,5,Chris Soules,percent,27.0,0.09540636042402827,0.12884620810307312,12.88462081030731,0.016798225691265316,0.37773538799772344,0.1478,0.003533568904593637,0.9823321554770318,0.0,False,single_elimination,9,False
20,5,Nastia Liukin,percent,38.0,0.13427561837455831,0.11563746276684428,11.563746276684425,0.0031182194075821948,0.3688538678270242,0.1478,0.0,0.9787985865724381,0.0,False,single_elimination,9,False
20,5,Noah Galloway,percent,28.0,0.0989399293286219,0.12879541794727717,12.879541794727714,0.014136829180844319,0.3812802054530229,0.1478,0.0,0.9787985865724381,0.0,False,single_elimination,9,False
20,5,Patti LaBelle,percent,27.0,0.09540636042402827,0.12688697212035743,12.688697212035741,0.017257002666272427,0.3647439844955925,0.1478,0.003533568904593637,0.9823321554770318,0.0,False,single_elimination,9,False
20,5,Riker Lynch,percent,38.0,0.13427561837455831,0.11498384561684306,11.498384561684304,0.004202723559091808,0.37788844635181085,0.1478,0.0,0.9787985865724381,0.0,False,single_elimination,9,False
20,5,Robert Herjavec,percent,24.0,0.08480565371024736,0.14310254774565567,14.310254774565564,0.029532644421951953,0.3925601811534676,0.1478,0.014134275618374548,0.9929328621908127,0.0,False,single_elimination,9,False
20,5,Rumer Willis,percent,39.0,0.13780918727915195,0.10987464674635154,10.987464674635152,0.0028574501204275847,0.3829144125974244,0.1478,0.0,0.9787985865724381,0.0,False,single_elimination,9,False
20,5,Suzanne Somers,percent,28.0,0.0989399293286219,0.017008896557952832,1.7008896557952828,0.0007065128419009832,0.04974625641173269,0.1478,0.0,0.12328229289360029,0.0,False,single_elimination,9,True
20,5,Willow Shields,percent,34.0,0.12014134275618374,0.11486400239564504,11.486400239564501,0.004749798901385125,0.3592085752410559,0.1478,0.0,0.9787985865724381,0.0,False,single_elimination,9,False
20,6,Chris Soules,percent,35.0,0.12367491166077739,0.14162792721403925,14.16279272140393,0.012108154895482197,0.4263955198158837,0.1556,0.0,0.9982332155477032,0.0,False,single_elimination,8,False
20,6,Nastia Liukin,percent,36.5,0.12897526501766785,0.1343350409822444,13.433504098224446,0.008244404917868414,0.40851170304587137,0.1556,0.0,0.9982332155477032,0.0,False,single_elimination,8,False
20,6,Noah Galloway,percent,34.0,0.12014134275618374,0.14788904005962203,14.788904005962209,0.015037092215297266,0.4427604928412111,0.1556,-0.0,0.9982332155477032,0.0,False,single_elimination,8,False
20,6,Patti LaBelle,percent,34.0,0.12014134275618374,0.0164525617563734,1.6452561756373405,0.0006614815400230689,0.05231661808705556,0.1556,0.0,0.1298586572438163,0.0,False,single_elimination,8,True
20,6,Riker Lynch,percent,38.0,0.13427561837455831,0.13492132512459176,13.492132512459182,0.007010387851787279,0.40966046921842203,0.1556,0.0,0.9982332155477032,0.0,False,single_elimination,8,False
20,6,Robert Herjavec,percent,33.5,0.11837455830388692,0.1451874425897366,14.518744258973665,0.014405629817528243,0.4241314260043327,0.1556,0.0017667844522968185,1.0,0.0,False,single_elimination,8,False
20,6,Rumer Willis,percent,35.5,0.1254416961130742,0.14188813586230187,14.188813586230193,0.00924406325019057,0.42885833899734793,0.1556,0.0,0.9982332155477032,0.0,False,single_elimination,8,False
20,6,Willow Shields,percent,36.5,0.12897526501766785,0.1376985264110903,13.769852641109035,0.007825498663807015,0.41543252148456256,0.1556,0.0,0.9982332155477032,0.0,False,single_elimination,8,False
20,7,Chris Soules,percent,31.0,0.1220472440944882,0.18105496549830102,18.105496549830093,0.04645619775028841,0.4780503983975921,0.0846,0.031496062992125984,0.9488188976377954,0.0,False,single_elimination,7,False
20,7,Nastia Liukin,percent,41.0,0.16141732283464566,0.1472541771743234,14.725417717432334,0.008558714562836519,0.4155796543567301,0.0846,0.0,0.9173228346456694,0.0,False,single_elimination,7,False
20,7,Noah Galloway,percent,38.0,0.14960629921259844,0.15584534767248012,15.584534767248007,0.020050410330047216,0.4378240431842047,0.0846,0.003937007874015741,0.9212598425196852,0.0,False,single_elimination,7,False
20,7,Riker Lynch,percent,37.0,0.14566929133858267,0.15677991261599503,15.677991261599495,0.024386677339819137,0.4332202938624644,0.0846,0.00787401574803151,0.9251968503937009,0.0,False,single_elimination,7,False
20,7,Robert Herjavec,percent,31.0,0.1220472440944882,0.18326120746608482,18.326120746608474,0.048320557509137996,0.45801556265912036,0.0846,0.031496062992125984,0.9488188976377954,0.0,False,single_elimination,7,False
20,7,Rumer Willis,percent,37.0,0.14566929133858267,0.15643222607882537,15.643222607882528,0.021769366871817977,0.4249813827399946,0.0846,0.00787401574803151,0.9251968503937009,0.0,False,single_elimination,7,False
20,7,Willow Shields,percent,39.0,0.15354330708661418,0.019372163493990735,1.9372163493990728,0.0005896155249809406,0.06227390344060685,0.0846,0.0,0.13217097862767158,0.0,False,single_elimination,7,True
20,8,Chris Soules,percent,32.0,0.15130023640661938,0.049283421475387765,4.928342147538775,0.0016023084245486638,0.13021035737657274,0.1086,0.0,0.21938534278959815,0.0,False,multi_elimination_2,6,True
20,8,Nastia Liukin,percent,38.0,0.17966903073286053,0.2193424206020342,21.93424206020341,0.026484887207189507,0.5551183769170095,0.1086,0.0,0.9976359338061466,0.0,False,multi_elimination_2,6,False
20,8,Noah Galloway,percent,31.5,0.14893617021276595,0.2462157237097057,24.62157237097056,0.051720044683938066,0.5899883594594681,0.1086,0.0023640661938534313,1.0,0.0,False,multi_elimination_2,6,False
20,8,Riker Lynch,percent,39.0,0.18439716312056736,0.21979192313018905,21.979192313018896,0.0295664466854106,0.5806171412631277,0.1086,0.0,0.9976359338061466,0.0,False,multi_elimination_2,6,False
20,8,Robert Herjavec,percent,31.0,0.14657210401891252,0.05128940303175096,5.128940303175094,0.001701642359103196,0.13741692516517306,0.1086,0.0,0.2231678486997636,0.0,False,multi_elimination_2,6,True
20,8,Rumer Willis,percent,40.0,0.18912529550827423,0.21407710805093283,21.407710805093274,0.021525589709525554,0.5851076797571628,0.1086,0.0,0.9976359338061466,0.0,False,multi_elimination_2,6,False
20,9,Nastia Liukin,percent,40.0,0.25477707006369427,0.06369934796518455,6.369934796518463,0.0020675370451981334,0.18013131359910112,0.2337,0.0,0.24522292993630573,0.0,False,single_elimination,4,True
20,9,Noah Galloway,percent,38.0,0.24203821656050956,0.3250036816364166,32.5003681636417,0.06402077387679692,0.7328184693280134,0.2337,0.01273885350318471,0.9936305732484076,0.0,False,single_elimination,4,False
20,9,Riker Lynch,percent,40.0,0.25477707006369427,0.30864597118615117,30.864597118615155,0.04904711044399733,0.7218382892952849,0.2337,0.0,0.9808917197452229,0.0,False,single_elimination,4,False
20,9,Rumer Willis,percent,39.0,0.2484076433121019,0.3026509992122463,30.26509992122467,0.05308442335770894,0.6993990549539532,0.2337,0.006369426751592355,0.9872611464968153,0.0,False,single_elimination,4,False
20,10,Noah Galloway,percent,36.0,0.3103448275862069,0.33193345829372317,33.1933458293723,0.013534809217088082,0.8421445243057335,1.0,0.0,1.0,0.0,False,no_elimination,3,False
20,10,Riker Lynch,percent,40.0,0.3448275862068966,0.33536499604181286,33.536499604181266,0.013728577233094855,0.8479028136543094,1.0,0.0,1.0,0.0,False,no_elimination,3,False
20,10,Rumer Willis,percent,40.0,0.3448275862068966,0.3327015456644643,33.270154566446415,0.013367518699993393,0.8409739988949484,1.0,0.0,1.0,0.0,False,no_elimination,3,False
21,1,Alek Skarlatos,percent,22.0,0.088,0.07669946097928146,7.669946097928138,0.0018574842671719995,0.2664042109759333,1.0,0.0,1.0,0.0,False,no_elimination,13,False
21,1,Alexa PenaVega,percent,22.0,0.088,0.07565667655367737,7.565667655367729,0.0020502354986007224,0.260823363661936,1.0,0.0,1.0,0.0,False,no_elimination,13,False
21,1,Andy Grammer,percent,21.0,0.084,0.07707775628308974,7.707775628308966,0.002050348744294592,0.2668498941646004,1.0,0.0,1.0,0.0,False,no_elimination,13,False
21,1,Bindi Irwin,percent,24.0,0.096,0.07620248456180154,7.620248456180145,0.0019273430377592254,0.260966429372219,1.0,0.0,1.0,0.0,False,no_elimination,13,False
21,1,Carlos PenaVega,percent,23.0,0.092,0.07739194223480547,7.739194223480538,0.0020301683920213023,0.26392018254436,1.0,0.0,1.0,0.0,False,no_elimination,13,False
21,1,Chaka Khan,percent,13.0,0.052,0.0772849884773147,7.728498847731462,0.0020034766552212814,0.2662816890368181,1.0,0.0,1.0,0.0,False,no_elimination,13,False
21,1,Gary Busey,percent,15.0,0.06,0.0772079686883916,7.720796868839151,0.0023189414418124522,0.26417030859771057,1.0,0.0,1.0,0.0,False,no_elimination,13,False
21,1,Hayes Grier,percent,21.0,0.084,0.07756152867745168,7.75615286774516,0.0019189900589130827,0.26482053555690654,1.0,0.0,1.0,0.0,False,no_elimination,13,False
21,1,Kim Zolciak-Biermann,percent,12.0,0.048,0.07729593209258222,7.729593209258214,0.0018997477959409603,0.2682321792113133,1.0,0.0,1.0,0.0,False,no_elimination,13,False
21,1,Nick Carter,percent,24.0,0.096,0.07704882301065663,7.704882301065655,0.00234918495206336,0.2690578767782669,1.0,0.0,1.0,0.0,False,no_elimination,13,False
21,1,Paula Deen,percent,15.0,0.06,0.0778206227378136,7.782062273781351,0.0022603668841387004,0.2688000071077393,1.0,0.0,1.0,0.0,False,no_elimination,13,False
21,1,Tamar Braxton,percent,23.0,0.092,0.07611753129134434,7.611753129134426,0.0021564375393611267,0.25985998836481605,1.0,0.0,1.0,0.0,False,no_elimination,13,False
21,1,Victor Espinoza,percent,15.0,0.06,0.07663428441179082,7.663428441179073,0.001989855099730678,0.26693550632235435,1.0,0.0,1.0,0.0,False,no_elimination,13,False
21,2,Alek Skarlatos,percent,22.5,0.08317929759704251,0.08087840909790128,8.087840909790128,0.003966815311051236,0.2755601320532199,0.0575,0.0,0.9926062846580407,0.0,False,multi_elimination_2,13,False
21,2,Alexa PenaVega,percent,23.0,0.08502772643253234,0.0830230333707867,8.302303337078671,0.004134771969489513,0.29025260172517,0.0575,0.0,0.9926062846580407,0.0,False,multi_elimination_2,13,False
21,2,Andy Grammer,percent,22.0,0.08133086876155268,0.08445194593285844,8.445194593285844,0.006164015650408157,0.29442334896665345,0.0575,0.0,0.9926062846580407,0.0,False,multi_elimination_2,13,False
21,2,Bindi Irwin,percent,24.0,0.08872458410351201,0.08496180990296687,8.496180990296686,0.0023354374111072117,0.2868391998267552,0.0575,0.0,0.9926062846580407,0.0,False,multi_elimination_2,13,False
21,2,Carlos PenaVega,percent,22.5,0.08317929759704251,0.08352550322781431,8.35255032278143,0.00433702040457318,0.2706360762080393,0.0575,0.0,0.9926062846580407,0.0,False,multi_elimination_2,13,False
21,2,Chaka Khan,percent,15.0,0.05545286506469501,0.01723302348706507,1.723302348706507,0.0007475952377684587,0.041037491746245595,0.0575,0.0,0.10551447935921131,0.0,False,multi_elimination_2,13,True
21,2,Gary Busey,percent,16.5,0.06099815157116451,0.10070046136943143,10.070046136943143,0.019007520126679195,0.2769837324109286,0.0575,0.007393715341959338,1.0,0.0,False,multi_elimination_2,13,False
21,2,Hayes Grier,percent,22.5,0.08317929759704251,0.08489151055057081,8.489151055057082,0.004077421098116498,0.273285011459389,0.0575,0.0,0.9926062846580407,0.0,False,multi_elimination_2,13,False
21,2,Kim Zolciak-Biermann,percent,18.5,0.06839186691312385,0.10780998521137407,10.780998521137407,0.013518554625983755,0.32421223962936413,0.0575,0.0,0.9926062846580407,0.0,False,multi_elimination_2,13,False
21,2,Nick Carter,percent,22.5,0.08317929759704251,0.08536850500510082,8.536850500510083,0.004656663167805997,0.27055957412652026,0.0575,0.0,0.9926062846580407,0.0,False,multi_elimination_2,13,False
21,2,Paula Deen,percent,18.5,0.06839186691312385,0.09310051820790306,9.310051820790306,0.013691245100594053,0.2660478322688269,0.0575,0.0,0.9926062846580407,0.0,False,multi_elimination_2,13,False
21,2,Tamar Braxton,percent,24.5,0.09057301293900184,0.08223531299054072,8.223531299054072,0.0032872924970307285,0.27868375657180333,0.0575,0.0,0.9926062846580407,0.0,False,multi_elimination_2,13,False
21,2,Victor Espinoza,percent,18.5,0.06839186691312385,0.011819981645686196,1.1819981645686195,0.0005065139643926615,0.03321509414565382,0.0575,0.0,0.09365372766481822,0.0,False,multi_elimination_2,13,True
21,3,Alek Skarlatos,percent,33.0,0.10819672131147541,0.1002120812621784,10.021208126217841,0.0027539390910776276,0.3356958628449038,1.0,0.0,1.0,0.0,False,no_elimination,10,False
21,3,Alexa PenaVega,percent,36.0,0.1180327868852459,0.09887307938711212,9.887307938711213,0.003110486486340788,0.3275757137245071,1.0,0.0,1.0,0.0,False,no_elimination,10,False
21,3,Andy Grammer,percent,29.0,0.09508196721311475,0.10076782477325334,10.076782477325336,0.002952270247889502,0.3353056144831279,1.0,0.0,1.0,0.0,False,no_elimination,10,False
21,3,Bindi Irwin,percent,32.0,0.10491803278688525,0.10030833886893696,10.030833886893697,0.0027633400495395196,0.3342375583439489,1.0,0.0,1.0,0.0,False,no_elimination,10,False
21,3,Carlos PenaVega,percent,31.0,0.10163934426229508,0.09961683075859357,9.961683075859359,0.002890807947053669,0.3283432489305466,1.0,0.0,1.0,0.0,False,no_elimination,10,False
21,3,Gary Busey,percent,25.0,0.08196721311475409,0.10009204710632441,10.009204710632442,0.0027893972806752217,0.33663074089725276,1.0,0.0,1.0,0.0,False,no_elimination,10,False
21,3,Hayes Grier,percent,30.0,0.09836065573770492,0.09908791755955558,9.908791755955559,0.002857939261940491,0.3273494357470664,1.0,0.0,1.0,0.0,False,no_elimination,10,False
21,3,Nick Carter,percent,36.0,0.1180327868852459,0.10034810543725207,10.034810543725209,0.002819545878764533,0.33777989472988823,1.0,0.0,1.0,0.0,False,no_elimination,10,False
21,3,Paula Deen,percent,20.0,0.06557377049180328,0.10113704949119019,10.11370494911902,0.002929956524323601,0.33687914214047665,1.0,0.0,1.0,0.0,False,no_elimination,10,False
21,3,Tamar Braxton,percent,33.0,0.10819672131147541,0.09955672535560332,9.955672535560334,0.0026013878481240555,0.3389094140422557,1.0,0.0,1.0,0.0,False,no_elimination,10,False
21,4,Alek Skarlatos,percent,24.0,0.1016949152542373,0.10551083650412496,10.551083650412506,0.0035020972070896996,0.3430337332162191,0.3143,0.0,1.0,0.0,False,single_elimination,10,False
21,4,Alexa PenaVega,percent,21.0,0.08898305084745763,0.1104696238907648,11.046962389076489,0.005897759125095693,0.358464426725382,0.3143,0.0,1.0,0.0,False,single_elimination,10,False
21,4,Andy Grammer,percent,23.0,0.09745762711864407,0.10615778576654765,10.615778576654774,0.004595419555753715,0.3461215184103925,0.3143,0.0,1.0,0.0,False,single_elimination,10,False
21,4,Bindi Irwin,percent,28.0,0.11864406779661017,0.10963459538765238,10.963459538765248,0.003489973784744492,0.3551843330865491,0.3143,0.0,1.0,0.0,False,single_elimination,10,False
21,4,Carlos PenaVega,percent,25.0,0.1059322033898305,0.10854804654215909,10.854804654215918,0.004168380606502424,0.3549083495539675,0.3143,0.0,1.0,0.0,False,single_elimination,10,False
21,4,Gary Busey,percent,16.0,0.06779661016949153,0.02209474095496535,2.209474095496537,0.0009766243020500316,0.057227730119857614,0.3143,0.0,0.1322033898305085,0.0,False,single_elimination,10,True
21,4,Hayes Grier,percent,27.0,0.11440677966101695,0.10481887160548793,10.481887160548803,0.0033398386864002608,0.34589497212653797,0.3143,0.0,1.0,0.0,False,single_elimination,10,False
21,4,Nick Carter,percent,27.0,0.11440677966101695,0.1074093168732519,10.740931687325201,0.003117421519093414,0.3639810907670136,0.3143,0.0,1.0,0.0,False,single_elimination,10,False
21,4,Paula Deen,percent,18.0,0.07627118644067797,0.12209545831813791,12.209545831813802,0.008642349568036707,0.36247180747276087,0.3143,0.0,1.0,0.0,False,single_elimination,10,False
21,4,Tamar Braxton,percent,27.0,0.11440677966101695,0.10326072415690715,10.326072415690724,0.0032605702090286156,0.3474433892187126,0.3143,0.0,1.0,0.0,False,single_elimination,10,False
21,5,Alek Skarlatos,percent,29.0,0.09634551495016612,0.11144029385380824,11.144029385380835,0.003223657870076711,0.369950552767376,1.0,0.0,1.0,0.0,False,no_elimination,9,False
21,5,Alexa PenaVega,percent,40.0,0.132890365448505,0.11041695201914868,11.041695201914878,0.003418813926741437,0.35923190857779874,1.0,0.0,1.0,0.0,False,no_elimination,9,False
21,5,Andy Grammer,percent,36.0,0.11960132890365449,0.11071675810695003,11.071675810695012,0.003469202278949279,0.37121742428836907,1.0,0.0,1.0,0.0,False,no_elimination,9,False
21,5,Bindi Irwin,percent,37.0,0.12292358803986711,0.11044114150941169,11.044114150941178,0.003202017421814303,0.37248705107481245,1.0,0.0,1.0,0.0,False,no_elimination,9,False
21,5,Carlos PenaVega,percent,39.0,0.12956810631229235,0.11120919884678926,11.120919884678935,0.0027241221825361718,0.3695671122233042,1.0,0.0,1.0,0.0,False,no_elimination,9,False
21,5,Hayes Grier,percent,30.0,0.09966777408637874,0.11021051400773912,11.021051400773922,0.0033473115633391825,0.3646844162043485,1.0,0.0,1.0,0.0,False,no_elimination,9,False
21,5,Nick Carter,percent,35.0,0.11627906976744186,0.1122280015270702,11.22280015270703,0.0033253539633837687,0.3772903065331237,1.0,0.0,1.0,0.0,False,no_elimination,9,False
21,5,Paula Deen,percent,26.0,0.08637873754152824,0.11160822193000411,11.16082219300042,0.0029386978330098986,0.36996078870450977,1.0,0.0,1.0,0.0,False,no_elimination,9,False
21,5,Tamar Braxton,percent,29.0,0.09634551495016612,0.11172891819907765,11.172891819907775,0.0032256518816890234,0.37630088559455227,1.0,0.0,1.0,0.0,False,no_elimination,9,False
21,6,Alek Skarlatos,percent,30.0,0.09584664536741214,0.13192022774687825,13.192022774687825,0.007525520710553844,0.40273068153654595,0.3233,0.0,1.0,0.0,False,single_elimination,9,False
21,6,Alexa PenaVega,percent,30.0,0.09584664536741214,0.12488118787149603,12.488118787149602,0.0068665146720179975,0.3772918151209203,0.3233,0.0,1.0,0.0,False,single_elimination,9,False
21,6,Andy Grammer,percent,40.0,0.12779552715654952,0.1210505358235749,12.10505358235749,0.003361678361488474,0.39881874613973195,0.3233,0.0,1.0,0.0,False,single_elimination,9,False
21,6,Bindi Irwin,percent,40.0,0.12779552715654952,0.11808396829595975,11.808396829595976,0.004452350376025147,0.39463386074396656,0.3233,0.0,1.0,0.0,False,single_elimination,9,False
21,6,Carlos PenaVega,percent,38.0,0.12140575079872204,0.11720382777198504,11.720382777198504,0.003576050613556239,0.38851005256169147,0.3233,0.0,1.0,0.0,False,single_elimination,9,False
21,6,Hayes Grier,percent,32.0,0.10223642172523961,0.12568745422714178,12.568745422714178,0.00539978609559001,0.3809168433979787,0.3233,0.0,1.0,0.0,False,single_elimination,9,False
21,6,Nick Carter,percent,39.0,0.12460063897763578,0.11744055047614613,11.744055047614612,0.004247015892870928,0.39032896810006024,0.3233,0.0,1.0,0.0,False,single_elimination,9,False
21,6,Paula Deen,percent,24.0,0.07667731629392971,0.024927169495203558,2.492716949520356,0.001027924614933718,0.06641297701478817,0.3233,0.0,0.1455449059282925,0.0,False,single_elimination,9,True
21,6,Tamar Braxton,percent,40.0,0.12779552715654952,0.11880507829161464,11.880507829161465,0.003560922795575927,0.38702693398584315,0.3233,0.0,1.0,0.0,False,single_elimination,9,False
21,7,Alek Skarlatos,percent,26.5,0.11990950226244344,0.1452752542367162,14.52752542367162,0.01966150667503379,0.4124558713778551,0.1127,0.006787330316742071,0.9886877828054299,0.0,False,single_elimination,8,False
21,7,Alexa PenaVega,percent,27.5,0.1244343891402715,0.1420935663928579,14.209356639285788,0.01544828786050807,0.40136787183863537,0.1127,0.002262443438914019,0.9841628959276019,0.0,False,single_elimination,8,False
21,7,Andy Grammer,percent,28.0,0.12669683257918551,0.13879103496856784,13.879103496856784,0.01212338388391629,0.40769850009109243,0.1127,0.0,0.9819004524886878,0.0,False,single_elimination,8,False
21,7,Bindi Irwin,percent,29.0,0.13122171945701358,0.13532809225403888,13.532809225403888,0.010583207440137805,0.4082835637307546,0.1127,0.0,0.9819004524886878,0.0,False,single_elimination,8,False
21,7,Carlos PenaVega,percent,28.0,0.12669683257918551,0.14074963928504677,14.074963928504678,0.013726976678651501,0.4382209005163104,0.1127,0.0,0.9819004524886878,0.0,False,single_elimination,8,False
21,7,Hayes Grier,percent,28.0,0.12669683257918551,0.015492943488615915,1.5492943488615916,0.00044452136542105146,0.05021479414825808,0.1127,0.0,0.12330316742081447,0.0,False,single_elimination,8,True
21,7,Nick Carter,percent,27.0,0.12217194570135746,0.14179699235890808,14.179699235890808,0.017309757990817715,0.4054800396259202,0.1127,0.004524886877828052,0.9864253393665159,0.0,False,single_elimination,8,False
21,7,Tamar Braxton,percent,27.0,0.12217194570135746,0.14047247701524854,14.047247701524853,0.017236012056517064,0.41971202504756083,0.1127,0.004524886877828052,0.9864253393665159,0.0,False,single_elimination,8,False
21,8,Alek Skarlatos,percent,25.0,0.12886637793725134,0.16847905543819597,16.847905543819603,0.016372207777722362,0.47526070207070625,0.234,0.0,1.0,0.0,False,single_elimination,7,False
21,8,Alexa PenaVega,percent,26.9998,0.13917465724120795,0.1625097611156752,16.250976111567525,0.01019812380667776,0.4811059259023195,0.234,0.0,1.0,0.0,False,single_elimination,7,False
21,8,Andy Grammer,percent,23.9998,0.1237106918887378,0.026529732146394862,2.6529732146394873,0.0008718601987350919,0.07505178931225949,0.234,0.0,0.1620035938255479,0.0,False,single_elimination,7,True
21,8,Bindi Irwin,percent,28.0,0.1443303432897215,0.16232644957650053,16.23264495765006,0.008850807689326758,0.4853667688158518,0.234,0.0,1.0,0.0,False,single_elimination,7,False
21,8,Carlos PenaVega,percent,28.9998,0.14948396747618806,0.16293115153580248,16.293115153580253,0.008346349593937714,0.4951396202101873,0.234,0.0,1.0,0.0,False,single_elimination,7,False
21,8,Nick Carter,percent,33.0,0.17010361887717176,0.15309738554596772,15.309738554596777,0.005921221800184812,0.4834656954200935,0.234,0.0,1.0,0.0,False,single_elimination,7,False
21,8,Tamar Braxton,percent,28.0,0.1443303432897215,0.16412646464146283,16.412646464146288,0.009619429386912121,0.48880372605116035,0.234,0.0,1.0,0.0,False,single_elimination,7,False
21,9,Alek Skarlatos,percent,25.5,0.15501519756838905,0.20352469927256844,20.352469927256845,0.043905781473949475,0.5313461179252491,0.1036,0.027355623100303955,0.9331306990881458,0.0,False,single_elimination,6,False
21,9,Alexa PenaVega,percent,30.0,0.182370820668693,0.024779485836749424,2.477948583674942,0.0005002553615978685,0.08062531295309704,0.1036,0.0,0.1509625126646403,0.0,False,single_elimination,6,True
21,9,Bindi Irwin,percent,30.0,0.182370820668693,0.17362748230138123,17.362748230138124,0.01789522815317027,0.4936785908688721,0.1036,0.0,0.905775075987842,0.0,False,single_elimination,6,False
21,9,Carlos PenaVega,percent,27.0,0.1641337386018237,0.18820039515869932,18.820039515869933,0.04270895262911351,0.493904689472962,0.1036,0.018237082066869303,0.9240121580547113,0.0,False,single_elimination,6,False
21,9,Nick Carter,percent,27.5,0.16717325227963525,0.19952740074135544,19.952740074135544,0.03577765062620062,0.5310481217050413,0.1036,0.015197568389057753,0.9209726443768997,0.0,False,single_elimination,6,False
21,9,Tamar Braxton,percent,24.5,0.14893617021276595,0.21034053668924615,21.034053668924617,0.052506904190237486,0.5003618210220697,0.1036,0.033434650455927056,0.9392097264437691,0.0,False,single_elimination,6,False
21,10,Alek Skarlatos,percent,28.5,0.24050632911392406,0.2500602645057843,25.006026450578418,0.008231089703058874,0.7165976735994378,1.0,0.0,1.0,0.0,False,no_elimination,4,False
21,10,Bindi Irwin,percent,31.5,0.26582278481012656,0.2496193473834953,24.96193473834952,0.008507241136584187,0.7101911786459602,1.0,0.0,1.0,0.0,False,no_elimination,4,False
21,10,Carlos PenaVega,percent,31.5,0.26582278481012656,0.2499898269868024,24.998982698680226,0.009051305374694127,0.7142804808401549,1.0,0.0,1.0,0.0,False,no_elimination,4,False
21,10,Nick Carter,percent,27.0,0.22784810126582278,0.2503305611239185,25.03305611239184,0.0083871964494368,0.6991935864334587,1.0,0.0,1.0,0.0,False,no_elimination,4,False
21,11,Alek Skarlatos,percent,27.9999,0.2372874892266858,0.32222463999862155,32.22246399986215,0.06376591900827881,0.7430705740218753,0.2345,0.016950014364418953,1.0,0.0,False,single_elimination,4,False
21,11,Bindi Irwin,percent,30.0,0.25423750359110475,0.308433246216467,30.843324621646694,0.04781491052433835,0.7078010058933653,0.2345,0.0,0.983049985635581,0.0,False,single_elimination,4,False
21,11,Carlos PenaVega,percent,30.0,0.25423750359110475,0.06186410837242064,6.186410837242063,0.0015637194862234956,0.1737769819090401,0.2345,0.0,0.24576249640889525,0.0,False,single_elimination,4,True
21,11,Nick Carter,percent,30.0,0.25423750359110475,0.307478005412491,30.74780054124909,0.04702121822112917,0.7362020751996129,0.2345,0.0,0.983049985635581,0.0,False,single_elimination,4,False
22,1,Antonio Brown,percent,21.0,0.08860759493670886,0.08369214951473193,8.36921495147319,0.0020520364126517445,0.2889405068078666,1.0,0.0,1.0,0.0,False,no_elimination,12,False
22,1,Doug Flutie,percent,15.0,0.06329113924050633,0.08321959882866205,8.321959882866201,0.0024011233750459698,0.28269737096265096,1.0,0.0,1.0,0.0,False,no_elimination,12,False
22,1,Geraldo Rivera,percent,13.0,0.05485232067510549,0.08274269077783977,8.274269077783973,0.002184476177268134,0.28759283115964557,1.0,0.0,1.0,0.0,False,no_elimination,12,False
22,1,Ginger Zee,percent,23.0,0.0970464135021097,0.08274509754710295,8.27450975471029,0.0024036908988760096,0.28517083735604065,1.0,0.0,1.0,0.0,False,no_elimination,12,False
22,1,Jodie Sweetin,percent,20.0,0.08438818565400844,0.08487576246641498,8.487576246641494,0.002442826470332811,0.28955341889671093,1.0,0.0,1.0,0.0,False,no_elimination,12,False
22,1,Kim Fields,percent,20.0,0.08438818565400844,0.08312082614680684,8.31208261468068,0.0023612708846975526,0.2840452534475261,1.0,0.0,1.0,0.0,False,no_elimination,12,False
22,1,Marla Maples,percent,21.0,0.08860759493670886,0.08351527074363393,8.35152707436339,0.00224044366657429,0.28800733596097317,1.0,0.0,1.0,0.0,False,no_elimination,12,False
22,1,Mischa Barton,percent,16.0,0.06751054852320675,0.08374673179712282,8.374673179712278,0.002359392456662674,0.2842240020401349,1.0,0.0,1.0,0.0,False,no_elimination,12,False
22,1,Nyle DiMarco,percent,23.0,0.0970464135021097,0.08426419062469735,8.426419062469732,0.002375125015831457,0.28249557150221766,1.0,0.0,1.0,0.0,False,no_elimination,12,False
22,1,Paige VanZant,percent,21.0,0.08860759493670886,0.08142470625497827,8.142470625497824,0.0024570588954551187,0.2774589102872381,1.0,0.0,1.0,0.0,False,no_elimination,12,False
22,1,Von Miller,percent,21.0,0.08860759493670886,0.08333102325769225,8.33310232576922,0.002411222568878997,0.2908989626776177,1.0,0.0,1.0,0.0,False,no_elimination,12,False
22,1,Wanya Morris,percent,23.0,0.0970464135021097,0.08332195204031723,8.332195204031718,0.002252408323308765,0.2803596489777913,1.0,0.0,1.0,0.0,False,no_elimination,12,False
22,2,Antonio Brown,percent,19.0,0.08050847457627118,0.09088230993110123,9.088230993110118,0.003719063150077345,0.3037035559178996,0.3202,0.0,1.0,0.0,False,single_elimination,12,False
22,2,Doug Flutie,percent,20.0,0.0847457627118644,0.08948327682342261,8.948327682342255,0.002685470651778993,0.29560943693374264,0.3202,0.0,1.0,0.0,False,single_elimination,12,False
22,2,Geraldo Rivera,percent,13.0,0.05508474576271186,0.017897496733629774,1.7897496733629763,0.0008178924107122518,0.04519437333880275,0.3202,0.0,0.11158192090395476,0.0,False,single_elimination,12,True
22,2,Ginger Zee,percent,21.0,0.08898305084745763,0.08686345997732486,8.68634599773248,0.0028823596705436823,0.29386997179633506,0.3202,0.0,1.0,0.0,False,single_elimination,12,False
22,2,Jodie Sweetin,percent,21.0,0.08898305084745763,0.08882563734552183,8.882563734552178,0.0032236506050701457,0.30120418464018056,0.3202,0.0,1.0,0.0,False,single_elimination,12,False
22,2,Kim Fields,percent,19.0,0.08050847457627118,0.08847097977708392,8.847097977708387,0.0031209934664091,0.2887329857180083,0.3202,0.0,1.0,0.0,False,single_elimination,12,False
22,2,Marla Maples,percent,20.0,0.0847457627118644,0.08854961563385509,8.854961563385503,0.003065308474823304,0.2947100498759256,0.3202,0.0,1.0,0.0,False,single_elimination,12,False
22,2,Mischa Barton,percent,15.0,0.0635593220338983,0.09669266204298795,9.669266204298788,0.0065454811742078674,0.31087481854766624,0.3202,0.0,1.0,0.0,False,single_elimination,12,False
22,2,Nyle DiMarco,percent,20.0,0.0847457627118644,0.09117583412836647,9.117583412836641,0.003270922580462956,0.30188859626322667,0.3202,0.0,1.0,0.0,False,single_elimination,12,False
22,2,Paige VanZant,percent,24.0,0.1016949152542373,0.08506272278669698,8.506272278669693,0.002290032160901742,0.2941885594964443,0.3202,0.0,1.0,0.0,False,single_elimination,12,False
22,2,Von Miller,percent,20.0,0.0847457627118644,0.08998960756322817,8.998960756322811,0.003240067690542441,0.3067504806415398,0.3202,0.0,1.0,0.0,False,single_elimination,12,False
22,2,Wanya Morris,percent,24.0,0.1016949152542373,0.08610639725678161,8.610639725678155,0.002631378067567818,0.2965884482665794,0.3202,0.0,1.0,0.0,False,single_elimination,12,False
22,3,Antonio Brown,percent,20.0,0.08438818565400844,0.10243717027242367,10.24371702724237,0.005122860734302686,0.3336517939237075,0.2225,0.0,1.0,0.0,False,single_elimination,11,False
22,3,Doug Flutie,percent,20.0,0.08438818565400844,0.10264785672956339,10.264785672956341,0.005402223551994531,0.34182444859030003,0.2225,0.0,1.0,0.0,False,single_elimination,11,False
22,3,Ginger Zee,percent,21.0,0.08860759493670886,0.09863591690587294,9.863591690587297,0.005034224443712457,0.3206339102065294,0.2225,0.0,1.0,0.0,False,single_elimination,11,False
22,3,Jodie Sweetin,percent,23.0,0.0970464135021097,0.09395169897585524,9.395169897585527,0.002552708622156866,0.3125034180041567,0.2225,0.0,1.0,0.0,False,single_elimination,11,False
22,3,Kim Fields,percent,22.0,0.09282700421940929,0.09676237511750858,9.67623751175086,0.0026389179712926606,0.3254559399862212,0.2225,0.0,1.0,0.0,False,single_elimination,11,False
22,3,Marla Maples,percent,21.0,0.08860759493670886,0.0992162970694489,9.921629706944893,0.004333395238401698,0.31319694841706813,0.2225,0.0,1.0,0.0,False,single_elimination,11,False
22,3,Mischa Barton,percent,18.0,0.0759493670886076,0.012977102721768767,1.297710272176877,0.0005542571983747083,0.03646275743134172,0.2225,0.0,0.10586881472957421,0.0,False,single_elimination,11,True
22,3,Nyle DiMarco,percent,25.0,0.10548523206751055,0.09700142308238253,9.700142308238256,0.0035484852886035643,0.329368006196395,0.2225,0.0,1.0,0.0,False,single_elimination,11,False
22,3,Paige VanZant,percent,23.0,0.0970464135021097,0.09909370071629636,9.909370071629638,0.003182522242287468,0.3366410897708598,0.2225,0.0,1.0,0.0,False,single_elimination,11,False
22,3,Von Miller,percent,20.0,0.08438818565400844,0.09936113555296082,9.936113555296085,0.005155882502479449,0.3241368535049097,0.2225,0.0,1.0,0.0,False,single_elimination,11,False
22,3,Wanya Morris,percent,24.0,0.10126582278481013,0.09791532285591846,9.791532285591849,0.002484802873973603,0.3390261245466289,0.2225,0.0,1.0,0.0,False,single_elimination,11,False
22,4,Antonio Brown,percent,35.0,0.109717868338558,0.10314089195487096,10.314089195487092,0.004684862406006566,0.3463968466233869,0.1687,0.0,0.9843260188087775,0.0,False,single_elimination,10,False
22,4,Doug Flutie,percent,24.0,0.07523510971786834,0.12704201427660963,12.70420142766096,0.025287971581212425,0.36741056901995167,0.1687,0.012539184952978052,0.9968652037617555,0.0,False,single_elimination,10,False
22,4,Ginger Zee,percent,36.0,0.11285266457680251,0.10349691527859833,10.34969152785983,0.0030080243795306276,0.3360088478968806,0.1687,0.0,0.9843260188087775,0.0,False,single_elimination,10,False
22,4,Jodie Sweetin,percent,27.0,0.08463949843260188,0.12151657982638633,12.15165798263863,0.015492414966042744,0.36567015106071726,0.1687,0.0031347962382445166,0.987460815047022,0.0,False,single_elimination,10,False
22,4,Kim Fields,percent,32.0,0.10031347962382445,0.10781415949816209,10.781415949816205,0.004470841080464377,0.35315256548787943,0.1687,0.0,0.9843260188087775,0.0,False,single_elimination,10,False
22,4,Marla Maples,percent,28.0,0.0877742946708464,0.014706801300826213,1.4706801300826209,0.0005002753792969465,0.04133298854409368,0.1687,0.0,0.11222570532915362,0.0,False,single_elimination,10,True
22,4,Nyle DiMarco,percent,34.0,0.10658307210031348,0.10733231264786695,10.733231264786692,0.004275077539931456,0.34599774092849295,0.1687,0.0,0.9843260188087775,0.0,False,single_elimination,10,False
22,4,Paige VanZant,percent,36.0,0.11285266457680251,0.1004724184114983,10.047241841149827,0.0038107786063953184,0.33247008807337525,0.1687,0.0,0.9843260188087775,0.0,False,single_elimination,10,False
22,4,Von Miller,percent,32.0,0.10031347962382445,0.10866098741372528,10.866098741372525,0.0046134155856522654,0.34147768669760287,0.1687,0.0,0.9843260188087775,0.0,False,single_elimination,10,False
22,4,Wanya Morris,percent,35.0,0.109717868338558,0.1058169193914562,10.581691939145617,0.00484124509570163,0.3411138890944691,0.1687,0.0,0.9843260188087775,0.0,False,single_elimination,10,False
22,5,Antonio Brown,percent,26.0,0.09420289855072464,0.1112453310554111,11.124533105541103,0.0029554535916278338,0.36390802772350644,1.0,0.0,1.0,0.0,False,no_elimination,9,False
22,5,Doug Flutie,percent,28.0,0.10144927536231885,0.1096247162953113,10.962471629531123,0.00343453104049684,0.3619862295838539,1.0,0.0,1.0,0.0,False,no_elimination,9,False
22,5,Ginger Zee,percent,32.0,0.11594202898550725,0.1093047453537644,10.930474535376433,0.00325584740129699,0.35865886778701317,1.0,0.0,1.0,0.0,False,no_elimination,9,False
22,5,Jodie Sweetin,percent,35.0,0.12681159420289856,0.11220519345578721,11.220519345578714,0.003054350465064227,0.3702537514151558,1.0,0.0,1.0,0.0,False,no_elimination,9,False
22,5,Kim Fields,percent,28.0,0.10144927536231885,0.11305184435712803,11.305184435712796,0.003050242544801576,0.3748098929999102,1.0,0.0,1.0,0.0,False,no_elimination,9,False
22,5,Nyle DiMarco,percent,37.0,0.13405797101449277,0.11103789218842694,11.103789218842687,0.003254878672922143,0.36994114248291565,1.0,0.0,1.0,0.0,False,no_elimination,9,False
22,5,Paige VanZant,percent,31.0,0.11231884057971014,0.11056688694981902,11.056688694981895,0.002860941082486688,0.36391133337262094,1.0,0.0,1.0,0.0,False,no_elimination,9,False
22,5,Von Miller,percent,29.0,0.10507246376811594,0.11067149059873879,11.067149059873872,0.003091498233897101,0.3719103461023911,1.0,0.0,1.0,0.0,False,no_elimination,9,False
22,5,Wanya Morris,percent,30.0,0.10869565217391304,0.11229189974561403,11.229189974561397,0.003280255439471519,0.36604186302454145,1.0,0.0,1.0,0.0,False,no_elimination,9,False
22,6,Antonio Brown,percent,27.0,0.11894273127753303,0.11897201789143055,11.89720178914306,0.004280347592882993,0.38812316526906604,0.2405,0.0,1.0,0.0,False,single_elimination,9,False
22,6,Doug Flutie,percent,21.0,0.09251101321585903,0.018707532921463106,1.8707532921463113,0.0009170729710780268,0.05200088814021838,0.2405,0.0,0.1297112090063632,0.0,False,single_elimination,9,True
22,6,Ginger Zee,percent,24.0,0.10572687224669604,0.12217273336961361,12.217273336961366,0.0074365640094095275,0.39841434861958086,0.2405,0.0,1.0,0.0,False,single_elimination,9,False
22,6,Jodie Sweetin,percent,25.0,0.11013215859030837,0.123633051589559,12.363305158955905,0.005902528309981268,0.39053517721060177,0.2405,0.0,1.0,0.0,False,single_elimination,9,False
22,6,Kim Fields,percent,24.0,0.10572687224669604,0.12628973184832012,12.628973184832018,0.007300156621205856,0.3937699406401225,0.2405,0.0,1.0,0.0,False,single_elimination,9,False
22,6,Nyle DiMarco,percent,25.0,0.11013215859030837,0.12696746764090872,12.696746764090877,0.008266421241782135,0.38559657045893403,0.2405,0.0,1.0,0.0,False,single_elimination,9,False
22,6,Paige VanZant,percent,28.0,0.12334801762114538,0.11848249949868717,11.848249949868721,0.004616152364830338,0.40232482534577757,0.2405,0.0,1.0,0.0,False,single_elimination,9,False
22,6,Von Miller,percent,24.0,0.10572687224669604,0.12634085299438985,12.63408529943899,0.007060572326445169,0.4044489983028679,0.2405,0.0,1.0,0.0,False,single_elimination,9,False
22,6,Wanya Morris,percent,29.0,0.1277533039647577,0.11843411224562754,11.843411224562757,0.004270565015765538,0.4033042134049146,0.2405,0.0,1.0,0.0,False,single_elimination,9,False
22,7,Antonio Brown,percent,26.0,0.12149532710280374,0.16557132638910177,16.557132638910176,0.03278977957692423,0.4274479005935041,0.0406,-0.0,0.9976635514018691,0.0,False,multi_elimination_2,8,False
22,7,Ginger Zee,percent,27.5,0.12850467289719625,0.1520434532433935,15.20434532433935,0.023844863448658694,0.4233898990456649,0.0406,0.0,0.9976635514018691,0.0,False,multi_elimination_2,8,False
22,7,Jodie Sweetin,percent,25.5,0.1191588785046729,0.16299426891681673,16.299426891681673,0.034337394463992144,0.42589679035122474,0.0406,0.0023364485981308414,1.0,0.0,False,multi_elimination_2,8,False
22,7,Kim Fields,percent,26.0,0.12149532710280374,0.02637483801579954,2.637483801579954,0.0006594779210526583,0.07336528907282977,0.0406,0.0,0.14686248331108143,0.0,False,multi_elimination_2,8,True
22,7,Nyle DiMarco,percent,28.0,0.1308411214953271,0.14797944958664566,14.797944958664566,0.018672102354936604,0.40466225339138956,0.0406,0.0,0.9976635514018691,0.0,False,multi_elimination_2,8,False
22,7,Paige VanZant,percent,27.5,0.12850467289719625,0.15505965353854415,15.505965353854414,0.022448634343812023,0.4382591502771579,0.0406,0.0,0.9976635514018691,0.0,False,multi_elimination_2,8,False
22,7,Von Miller,percent,26.0,0.12149532710280374,0.026609110104175063,2.6609110104175064,0.0008189013260978196,0.0747416804468261,0.0406,0.0,0.14686248331108143,0.0,False,multi_elimination_2,8,True
22,7,Wanya Morris,percent,27.5,0.12850467289719625,0.16336790020552358,16.336790020552357,0.023186404096494168,0.4697685700832648,0.0406,0.0,0.9976635514018691,0.0,False,multi_elimination_2,8,False
22,8,Antonio Brown,percent,27.0,0.15976331360946747,0.1979344866815517,19.79344866815517,0.036276981908435015,0.5102304952443656,0.1209,0.017751479289940808,0.9526627218934912,0.0,False,single_elimination,6,False
22,8,Ginger Zee,percent,30.0,0.17751479289940827,0.1795298439929765,17.95298439929765,0.021290640251253986,0.521812018477726,0.1209,0.0,0.9349112426035503,0.0,False,single_elimination,6,False
22,8,Jodie Sweetin,percent,30.0,0.17751479289940827,0.02590326068896956,2.590326068896956,0.0005854747001588629,0.08464273850362057,0.1209,0.0,0.15581854043392507,0.0,False,single_elimination,6,True
22,8,Nyle DiMarco,percent,29.0,0.17159763313609466,0.18417100225659266,18.417100225659265,0.022443450197715032,0.5273039400642795,0.1209,0.005917159763313612,0.9408284023668639,0.0,False,single_elimination,6,False
22,8,Paige VanZant,percent,28.0,0.16568047337278108,0.19369917553828303,19.3699175538283,0.034494352085036054,0.5355494554222442,0.1209,0.011834319526627196,0.9467455621301775,0.0,False,single_elimination,6,False
22,8,Wanya Morris,percent,25.0,0.14792899408284024,0.2187622308416267,21.876223084162667,0.04978431385921404,0.554969957123793,0.1209,0.029585798816568032,0.9644970414201184,0.0,False,single_elimination,6,False
22,9,Antonio Brown,percent,27.5,0.1916376306620209,0.06853961876471301,6.853961876471303,0.0030677175971930075,0.16913197236709118,0.0918,0.0,0.25609756097560976,0.0,False,multi_elimination_2,5,True
22,9,Ginger Zee,percent,28.0,0.1951219512195122,0.29332174090578517,29.332174090578523,0.07771006303689537,0.6229909451565939,0.0918,0.013937282229965153,0.9860627177700348,0.0,False,multi_elimination_2,5,False
22,9,Nyle DiMarco,percent,28.5,0.1986062717770035,0.28744233207590675,28.744233207590682,0.07431489387342599,0.6187728560468463,0.0918,0.010452961672473865,0.9825783972125436,0.0,False,multi_elimination_2,5,False
22,9,Paige VanZant,percent,29.5,0.20557491289198607,0.28795577640060865,28.79557764006087,0.0722930926322685,0.644487799799974,0.0918,0.0034843205574912883,0.975609756097561,0.0,False,multi_elimination_2,5,False
22,9,Wanya Morris,percent,30.0,0.20905923344947736,0.06274053185298617,6.2740531852986186,0.0018820413463756173,0.16694695516228172,0.0918,0.0,0.24303135888501742,0.0,False,multi_elimination_2,5,True
22,10,Ginger Zee,percent,28.3332,0.3256704628527028,0.33579974848128213,33.579974848128224,0.01222371406040307,0.8467420898335687,1.0,0.0,1.0,0.0,False,no_elimination,3,False
22,10,Nyle DiMarco,percent,28.9998,0.3333325670462853,0.3328911000116577,33.28911000116578,0.01190055518801154,0.8413559923788922,1.0,0.0,1.0,0.0,False,no_elimination,3,False
22,10,Paige VanZant,percent,29.666600000000003,0.340996970101012,0.33130915150705975,33.13091515070599,0.01299028417661492,0.8411394137599958,1.0,0.0,1.0,0.0,False,no_elimination,3,False
23,1,Amber Rose,percent,24.0,0.07272727272727272,0.07809007083358303,7.809007083358304,0.0019380891038700675,0.2671260211201319,1.0,0.0,1.0,0.0,False,no_elimination,13,False
23,1,Babyface,percent,26.0,0.07878787878787878,0.07731033210374533,7.731033210374533,0.002234777618149916,0.2666229559667945,1.0,0.0,1.0,0.0,False,no_elimination,13,False
23,1,Calvin Johnson Jr.,percent,26.0,0.07878787878787878,0.07761143586154959,7.761143586154959,0.0020763330235120583,0.2658511186713974,1.0,0.0,1.0,0.0,False,no_elimination,13,False
23,1,Jake T. Austin,percent,22.0,0.06666666666666667,0.07610679639826151,7.610679639826151,0.002175835101228248,0.25898331785222845,1.0,0.0,1.0,0.0,False,no_elimination,13,False
23,1,James Hinchcliffe,percent,31.0,0.09393939393939393,0.07763931051434353,7.763931051434353,0.0022597687521800653,0.26591017286915625,1.0,0.0,1.0,0.0,False,no_elimination,13,False
23,1,Jana Kramer,percent,27.0,0.08181818181818182,0.07707816427873476,7.707816427873476,0.0020737787609117417,0.2653076184580857,1.0,0.0,1.0,0.0,False,no_elimination,13,False
23,1,Laurie Hernandez,percent,31.0,0.09393939393939393,0.07602896723594385,7.602896723594385,0.0021953073845655063,0.25975626533424434,1.0,0.0,1.0,0.0,False,no_elimination,13,False
23,1,Marilu Henner,percent,27.0,0.08181818181818182,0.07658548598460421,7.658548598460421,0.0022617888472616834,0.2636466782276904,1.0,0.0,1.0,0.0,False,no_elimination,13,False
23,1,Maureen McCormick,percent,22.0,0.06666666666666667,0.07643921960516491,7.643921960516491,0.0022046441169559596,0.26469768669588,1.0,0.0,1.0,0.0,False,no_elimination,13,False
23,1,Rick Perry,percent,20.0,0.06060606060606061,0.0757961792420017,7.57961792420017,0.0020830511669423777,0.26439782513540533,1.0,0.0,1.0,0.0,False,no_elimination,13,False
23,1,Ryan Lochte,percent,24.0,0.07272727272727272,0.0769329145384823,7.69329145384823,0.0019898298419982925,0.2638305424852198,1.0,0.0,1.0,0.0,False,no_elimination,13,False
23,1,Terra Jole,percent,25.0,0.07575757575757576,0.07733163503532535,7.733163503532535,0.002139274729439107,0.26586974956277676,1.0,0.0,1.0,0.0,False,no_elimination,13,False
23,1,Vanilla Ice,percent,25.0,0.07575757575757576,0.07704948836826013,7.704948836826013,0.0019345689456814164,0.26298922470317326,1.0,0.0,1.0,0.0,False,no_elimination,13,False
23,2,Amber Rose,percent,24.0,0.06818181818181818,0.08997073914271589,8.997073914271587,0.008517253086272136,0.27760634101684667,0.1392,-0.0,0.9943181818181819,0.0,False,single_elimination,13,False
23,2,Babyface,percent,30.0,0.08522727272727272,0.07732705741308228,7.7327057413082265,0.0023425664594736825,0.2642708498989329,0.1392,0.0,0.9943181818181819,0.0,False,single_elimination,13,False
23,2,Calvin Johnson Jr.,percent,28.0,0.07954545454545454,0.08058518549371044,8.058518549371042,0.002438775722156759,0.27426382065790444,0.1392,0.0,0.9943181818181819,0.0,False,single_elimination,13,False
23,2,Jake T. Austin,percent,24.0,0.06818181818181818,0.008756407600235223,0.8756407600235222,0.0002682884659629479,0.025012350093864752,0.1392,0.0,0.08566433566433566,0.0,False,single_elimination,13,True
23,2,James Hinchcliffe,percent,29.0,0.08238636363636363,0.07671712802628915,7.671712802628913,0.0028830767847626273,0.27329914617457707,0.1392,0.0,0.9943181818181819,0.0,False,single_elimination,13,False
23,2,Jana Kramer,percent,29.0,0.08238636363636363,0.08363659290706435,8.363659290706433,0.003093232451877401,0.2797444136584041,0.1392,0.0,0.9943181818181819,0.0,False,single_elimination,13,False
23,2,Laurie Hernandez,percent,32.0,0.09090909090909091,0.07862509888716875,7.862509888716874,0.0021027952099910057,0.2586888768945206,0.1392,0.0,0.9943181818181819,0.0,False,single_elimination,13,False
23,2,Marilu Henner,percent,27.0,0.07670454545454546,0.08095815329759876,8.095815329759875,0.004454054973488403,0.26123957226042754,0.1392,0.0,0.9943181818181819,0.0,False,single_elimination,13,False
23,2,Maureen McCormick,percent,26.0,0.07386363636363637,0.08158078904232162,8.15807890423216,0.004892579467912877,0.27159367104753024,0.1392,0.0,0.9943181818181819,0.0,False,single_elimination,13,False
23,2,Rick Perry,percent,22.0,0.0625,0.09012476265590309,9.012476265590308,0.015713945752570582,0.2608125350540782,0.1392,0.005681818181818177,1.0,0.0,False,single_elimination,13,False
23,2,Ryan Lochte,percent,24.0,0.06818181818181818,0.08754313348920889,8.754313348920888,0.008702559068799784,0.29013327311066633,0.1392,0.0,0.9943181818181819,0.0,False,single_elimination,13,False
23,2,Terra Jole,percent,31.0,0.08806818181818182,0.07947809107072444,7.947809107072443,0.002180334404020304,0.28350205397853223,0.1392,0.0,0.9943181818181819,0.0,False,single_elimination,13,False
23,2,Vanilla Ice,percent,26.0,0.07386363636363637,0.08469686097397733,8.469686097397732,0.004819228896216232,0.28722450179524756,0.1392,0.0,0.9943181818181819,0.0,False,single_elimination,13,False
23,3,Amber Rose,percent,25.0,0.07692307692307693,0.09072692807505013,9.072692807505014,0.004866628692027132,0.29224707372607645,0.1853,0.0,1.0,0.0,False,single_elimination,12,False
23,3,Babyface,percent,25.0,0.07692307692307693,0.09256442046349074,9.256442046349076,0.00482027388394586,0.286860274644718,0.1853,0.0,1.0,0.0,False,single_elimination,12,False
23,3,Calvin Johnson Jr.,percent,32.0,0.09846153846153846,0.08588464517627845,8.588464517627846,0.0028222772101855697,0.3012616856846685,0.1853,0.0,1.0,0.0,False,single_elimination,12,False
23,3,James Hinchcliffe,percent,29.0,0.08923076923076922,0.08701461509285706,8.701461509285707,0.0026890169885124796,0.29741373282835537,0.1853,0.0,1.0,0.0,False,single_elimination,12,False
23,3,Jana Kramer,percent,26.0,0.08,0.09093578673391711,9.093578673391713,0.004363674762383439,0.28768007695948616,0.1853,0.0,1.0,0.0,False,single_elimination,12,False
23,3,Laurie Hernandez,percent,31.0,0.09538461538461539,0.08763252222225726,8.763252222225727,0.0021191053912745167,0.29378678142941367,0.1853,0.0,1.0,0.0,False,single_elimination,12,False
23,3,Marilu Henner,percent,28.0,0.08615384615384615,0.08733222795212515,8.733222795212518,0.003188364236734859,0.2800314892935791,0.1853,0.0,1.0,0.0,False,single_elimination,12,False
23,3,Maureen McCormick,percent,28.0,0.08615384615384615,0.08935137222101812,8.935137222101813,0.003425657521299931,0.2811308371435983,0.1853,0.0,1.0,0.0,False,single_elimination,12,False
23,3,Rick Perry,percent,23.0,0.07076923076923076,0.011174886598526475,1.1174886598526477,0.00041322904269051436,0.03214505100751242,0.1853,0.0,0.0958974358974359,0.0,False,single_elimination,12,True
23,3,Ryan Lochte,percent,25.0,0.07692307692307693,0.09059449294367868,9.05944929436787,0.005207736405964512,0.2836555486830336,0.1853,0.0,1.0,0.0,False,single_elimination,12,False
23,3,Terra Jole,percent,30.0,0.09230769230769231,0.08879006479819244,8.879006479819246,0.0029281442803002584,0.2934051802805982,0.1853,0.0,1.0,0.0,False,single_elimination,12,False
23,3,Vanilla Ice,percent,23.0,0.07076923076923076,0.0979980377226081,9.799803772260812,0.010348033869292391,0.29233030972298324,0.1853,-0.0,1.0,0.0,False,single_elimination,12,False
23,4,Amber Rose,percent,24.0,0.09195402298850575,0.11050964385842552,11.050964385842555,0.01018115599716851,0.3323894800755084,0.0438,0.0,0.9885057471264368,0.0,False,multi_elimination_2,11,False
23,4,Babyface,percent,18.0,0.06896551724137931,0.02079153048646718,2.0791530486467185,0.0007216162715006239,0.05188384219200123,0.0438,0.0,0.12222222222222222,0.0,False,multi_elimination_2,11,True
23,4,Calvin Johnson Jr.,percent,23.0,0.08812260536398467,0.10936361082331987,10.93636108233199,0.012442045151491565,0.31156627725787367,0.0438,-0.0,0.9885057471264368,0.0,False,multi_elimination_2,11,False
23,4,James Hinchcliffe,percent,28.0,0.10727969348659004,0.09281129581456704,9.281129581456705,0.005724717767956664,0.2909341601042149,0.0438,0.0,0.9885057471264368,0.0,False,multi_elimination_2,11,False
23,4,Jana Kramer,percent,23.0,0.08812260536398467,0.11329935372153363,11.329935372153365,0.011860288637915384,0.3585118584833051,0.0438,0.0,0.9885057471264368,0.0,False,multi_elimination_2,11,False
23,4,Laurie Hernandez,percent,30.0,0.11494252873563218,0.09791371976820559,9.791371976820562,0.0013553185146251826,0.34272880266311484,0.0438,0.0,0.9885057471264368,0.0,False,multi_elimination_2,11,False
23,4,Marilu Henner,percent,21.0,0.08045977011494253,0.11005505747705378,11.005505747705381,0.021117594092880502,0.28695882701961056,0.0438,0.007662835249042141,0.9961685823754789,0.0,False,multi_elimination_2,11,False
23,4,Maureen McCormick,percent,24.0,0.09195402298850575,0.10927688843571405,10.927688843571408,0.01009090953462524,0.3597021813822527,0.0438,0.0,0.9885057471264368,0.0,False,multi_elimination_2,11,False
23,4,Ryan Lochte,percent,22.0,0.0842911877394636,0.12063736177910703,12.063736177910705,0.019782568810514576,0.36307508649136305,0.0438,0.0038314176245210635,0.9923371647509579,0.0,False,multi_elimination_2,11,False
23,4,Terra Jole,percent,25.0,0.09578544061302682,0.10168628685693161,10.168628685693164,0.00809439193312882,0.32539963837866187,0.0438,0.0,0.9885057471264368,0.0,False,multi_elimination_2,11,False
23,4,Vanilla Ice,percent,23.0,0.08812260536398467,0.013655250978674628,1.3655250978674631,0.0005250572667316487,0.03876195963710931,0.0438,0.0,0.10498084291187738,0.0,False,multi_elimination_2,11,True
23,5,Amber Rose,percent,24.0,0.10434782608695652,0.1132985224416584,11.329852244165833,0.003313885602786895,0.37704283187934845,1.0,0.0,1.0,0.0,False,no_elimination,9,False
23,5,Calvin Johnson Jr.,percent,24.0,0.10434782608695652,0.1110828945433484,11.108289454334832,0.0032720921617560234,0.363391312480486,1.0,0.0,1.0,0.0,False,no_elimination,9,False
23,5,James Hinchcliffe,percent,29.0,0.12608695652173912,0.11122146493185442,11.122146493185435,0.0033263822682327087,0.3741484077078248,1.0,0.0,1.0,0.0,False,no_elimination,9,False
23,5,Jana Kramer,percent,26.0,0.11304347826086956,0.11167239093715152,11.167239093715144,0.0034500922057786438,0.3706821957233416,1.0,0.0,1.0,0.0,False,no_elimination,9,False
23,5,Laurie Hernandez,percent,25.0,0.10869565217391304,0.11059239938688188,11.059239938688181,0.0030334143976385006,0.3719005842973004,1.0,0.0,1.0,0.0,False,no_elimination,9,False
23,5,Marilu Henner,percent,27.0,0.11739130434782609,0.10982333248589957,10.98233324858995,0.0030494428818592426,0.3693371764719665,1.0,0.0,1.0,0.0,False,no_elimination,9,False
23,5,Maureen McCormick,percent,24.0,0.10434782608695652,0.10979409636849558,10.979409636849551,0.003227456564546004,0.368424425371801,1.0,0.0,1.0,0.0,False,no_elimination,9,False
23,5,Ryan Lochte,percent,24.0,0.10434782608695652,0.11127655200575132,11.127655200575125,0.0032096689782405504,0.3715012021471504,1.0,0.0,1.0,0.0,False,no_elimination,9,False
23,5,Terra Jole,percent,27.0,0.11739130434782609,0.11123834689895946,11.12383468989594,0.003055857547748796,0.36533087433837513,1.0,0.0,1.0,0.0,False,no_elimination,9,False
23,6,Amber Rose,percent,28.0,0.09180327868852459,0.01874438874568697,1.8744388745686975,0.0008276979674966963,0.052052965159396794,0.2324,0.0,0.13041894353369765,0.0,False,single_elimination,9,True
23,6,Calvin Johnson Jr.,percent,37.0,0.12131147540983607,0.12203648580068478,12.203648580068482,0.003793466522553651,0.3890369938552633,0.2324,0.0,1.0,0.0,False,single_elimination,9,False
23,6,James Hinchcliffe,percent,38.0,0.12459016393442623,0.11944393590185809,11.944393590185811,0.0042245950320042615,0.3860749675835683,0.2324,0.0,1.0,0.0,False,single_elimination,9,False
23,6,Jana Kramer,percent,40.0,0.13114754098360656,0.11694473998847305,11.694473998847307,0.00379384749939487,0.38348031541958905,0.2324,0.0,1.0,0.0,False,single_elimination,9,False
23,6,Laurie Hernandez,percent,37.0,0.12131147540983607,0.12001891971394339,12.001891971394341,0.003333269619145772,0.39050907256734463,0.2324,0.0,1.0,0.0,False,single_elimination,9,False
23,6,Marilu Henner,percent,34.0,0.11147540983606558,0.12065840830859949,12.065840830859951,0.004959078099161362,0.3766543285971947,0.2324,0.0,1.0,0.0,False,single_elimination,9,False
23,6,Maureen McCormick,percent,31.0,0.10163934426229508,0.12514332869377734,12.514332869377737,0.008901580416009401,0.38214533989086896,0.2324,0.0,1.0,0.0,False,single_elimination,9,False
23,6,Ryan Lochte,percent,30.0,0.09836065573770492,0.13066295842068326,13.066295842068328,0.010052858781257801,0.3965363579803171,0.2324,0.0,1.0,0.0,False,single_elimination,9,False
23,6,Terra Jole,percent,30.0,0.09836065573770492,0.12634683442629346,12.634683442629349,0.010375524991190982,0.3862467288411032,0.2324,0.0,1.0,0.0,False,single_elimination,9,False
23,7,Calvin Johnson Jr.,percent,37.0,0.13430127041742287,0.13561189780952548,13.561189780952548,0.00708049548043055,0.4228193890478227,0.1622,0.0,0.9963702359346642,0.0,False,single_elimination,8,False
23,7,James Hinchcliffe,percent,37.0,0.13430127041742287,0.13416906955290261,13.416906955290262,0.00611149912958189,0.4150056277229488,0.1622,0.0,0.9963702359346642,0.0,False,single_elimination,8,False
23,7,Jana Kramer,percent,34.5,0.12522686025408347,0.13567129331811692,13.567129331811692,0.009819078129809254,0.4330114344986672,0.1622,0.0,0.9963702359346642,0.0,False,single_elimination,8,False
23,7,Laurie Hernandez,percent,34.5,0.12522686025408347,0.14272504059938532,14.272504059938532,0.009853533380617919,0.43278773398971915,0.1622,0.0,0.9963702359346642,0.0,False,single_elimination,8,False
23,7,Marilu Henner,percent,32.0,0.1161524500907441,0.14860452592419912,14.860452592419913,0.01819005905696592,0.4354129734974347,0.1622,0.0036297640653357582,1.0,0.0,False,single_elimination,8,False
23,7,Maureen McCormick,percent,33.0,0.11978221415607986,0.016748770585879234,1.6748770585879234,0.0007130358262678261,0.05324258135029261,0.1622,0.0,0.13021778584392013,0.0,False,single_elimination,8,True
23,7,Ryan Lochte,percent,33.0,0.11978221415607986,0.1418998001170978,14.18998001170978,0.012850571534009444,0.41546071621714975,0.1622,0.0,0.9963702359346642,0.0,False,single_elimination,8,False
23,7,Terra Jole,percent,34.5,0.12522686025408347,0.14456960209289355,14.456960209289354,0.008972703093500036,0.414838832347237,0.1622,0.0,0.9963702359346642,0.0,False,single_elimination,8,False
23,8,Calvin Johnson Jr.,percent,30.0,0.14925387985460684,0.1557255084040139,15.572550840401378,0.008553506678713171,0.48858486945601987,0.1951,0.0,0.9751243533575655,0.0,False,single_elimination,7,False
23,8,James Hinchcliffe,percent,34.9998,0.1741285314711756,0.1456733144163856,14.56733144163855,0.004458536589509351,0.45183808002961245,0.1951,0.0,0.9751243533575655,0.0,False,single_elimination,7,False
23,8,Jana Kramer,percent,30.0,0.14925387985460684,0.1566119518375249,15.66119518375248,0.009633794679038733,0.48237124463760556,0.1951,0.0,0.9751243533575655,0.0,False,single_elimination,7,False
23,8,Laurie Hernandez,percent,33.0,0.1641792678400675,0.15082733770838166,15.082733770838155,0.006056872252085425,0.4711032074017256,0.1951,0.0,0.9751243533575655,0.0,False,single_elimination,7,False
23,8,Marilu Henner,percent,23.0,0.11442797455519857,0.18500877410230732,18.50087741023072,0.03290335383556968,0.47904764127415617,0.1951,0.01492538798546067,0.9900497413430263,0.0,False,single_elimination,7,False
23,8,Ryan Lochte,percent,26.0,0.12935336254065924,0.024998304490704677,2.499830449070466,0.0008382789231500414,0.07596042089821979,0.1951,0.0,0.15636092317362646,0.0,False,single_elimination,7,True
23,8,Terra Jole,percent,24.0,0.11940310388368545,0.1811548090406826,18.11548090406825,0.027989201845622147,0.5222339414950189,0.1951,0.009950258656973784,0.9850746120145393,0.0,False,single_elimination,7,False
23,9,Calvin Johnson Jr.,percent,37.0,0.16299559471365638,0.19759849277436622,19.759849277436626,0.019758547222186406,0.5486918248358855,0.1972,0.0,1.0,0.0,False,single_elimination,6,False
23,9,James Hinchcliffe,percent,36.0,0.15859030837004406,0.20261254537393086,20.26125453739309,0.02100405911882754,0.5591910030570564,0.1972,-0.0,1.0,0.0,False,single_elimination,6,False
23,9,Jana Kramer,percent,40.0,0.1762114537444934,0.18464501249686027,18.46450124968603,0.01012604983417411,0.5388946777285571,0.1972,0.0,1.0,0.0,False,single_elimination,6,False
23,9,Laurie Hernandez,percent,40.0,0.1762114537444934,0.18846219866812064,18.846219866812067,0.015471588720313222,0.5536618755046411,0.1972,0.0,1.0,0.0,False,single_elimination,6,False
23,9,Marilu Henner,percent,36.0,0.15859030837004406,0.030352848335613705,3.035284833561371,0.0009079698364775013,0.09074882663494492,0.1972,0.0,0.17474302496328925,0.0,False,single_elimination,6,True
23,9,Terra Jole,percent,38.0,0.16740088105726872,0.19632890235110825,19.63289023511083,0.015504823086035256,0.5479564545097991,0.1972,0.0,1.0,0.0,False,single_elimination,6,False
23,10,Calvin Johnson Jr.,percent,28.0,0.19112627986348124,0.24721958822651088,24.721958822651093,0.043438112535561395,0.6194704407533077,0.1842,0.013651877133105783,0.9897610921501707,0.0,False,single_elimination,5,False
23,10,James Hinchcliffe,percent,29.5,0.20136518771331058,0.24027568351834896,24.0275683518349,0.034237451993354096,0.6270339299154655,0.1842,0.0034129692832764458,0.9795221843003413,0.0,False,single_elimination,5,False
23,10,Jana Kramer,percent,29.0,0.19795221843003413,0.24034963406391543,24.034963406391547,0.034172307103595166,0.6142332831238436,0.1842,0.0068259385665528916,0.9829351535836177,0.0,False,single_elimination,5,False
23,10,Laurie Hernandez,percent,30.0,0.20477815699658702,0.234360733594189,23.436073359418906,0.02668084707443577,0.5978654784049844,0.1842,0.0,0.9761092150170648,0.0,False,single_elimination,5,False
23,10,Terra Jole,percent,30.0,0.20477815699658702,0.037794360597035566,3.7794360597035572,0.0011965381745467915,0.11052566490693072,0.1842,0.0,0.195221843003413,0.0,False,single_elimination,5,True
23,11,Calvin Johnson Jr.,percent,38.3331,0.25191616266698036,0.3152282357012896,31.52282357012896,0.0340915853353772,0.7795367606884105,0.2961,0.0,1.0,0.0,False,single_elimination,4,False
23,11,James Hinchcliffe,percent,38.9998,0.25629755904896034,0.30599680095443976,30.599680095443976,0.029844174919439144,0.7448540847109358,0.2961,0.0,1.0,0.0,False,single_elimination,4,False
23,11,Jana Kramer,percent,35.5,0.2332976924558098,0.067578460345554,6.757846034555399,0.0023691389300592824,0.1885879795654473,0.2961,0.0,0.2667023075441902,0.0,False,single_elimination,4,True
23,11,Laurie Hernandez,percent,39.333200000000005,0.2584885858282496,0.3111965029987166,31.119650299871658,0.030361570425167565,0.7550971990337989,0.2961,0.0,1.0,0.0,False,single_elimination,4,False
24,1,Bonner Bolton,percent,22.0,0.0728476821192053,0.08287280524836006,8.287280524836,0.002393872675429795,0.2850891037979961,1.0,0.0,1.0,0.0,False,no_elimination,12,False
24,1,Charo,percent,21.0,0.0695364238410596,0.08460306032523364,8.460306032523357,0.00206775608164,0.28900687364355926,1.0,0.0,1.0,0.0,False,no_elimination,12,False
24,1,Chris Kattan,percent,17.0,0.056291390728476824,0.08281159244568591,8.281159244568585,0.0022846462046836897,0.28596392386095676,1.0,0.0,1.0,0.0,False,no_elimination,12,False
24,1,David Ross,percent,28.0,0.09271523178807947,0.08321245855899094,8.321245855899088,0.002433330802626265,0.2844411118233583,1.0,0.0,1.0,0.0,False,no_elimination,12,False
24,1,Erika Jayne,percent,24.0,0.07947019867549669,0.08326410992258403,8.326410992258396,0.002231197228160187,0.28359619679153836,1.0,0.0,1.0,0.0,False,no_elimination,12,False
24,1,Heather Morris,percent,28.0,0.09271523178807947,0.08341026518457435,8.34102651845743,0.0020614490894811906,0.2844766800454155,1.0,0.0,1.0,0.0,False,no_elimination,12,False
24,1,Mr. T,percent,20.0,0.06622516556291391,0.083118962420247,8.311896242024693,0.0022741805266645754,0.283056687318153,1.0,0.0,1.0,0.0,False,no_elimination,12,False
24,1,Nancy Kerrigan,percent,28.0,0.09271523178807947,0.08306921256042943,8.306921256042935,0.0023133941283684095,0.28519037734517927,1.0,0.0,1.0,0.0,False,no_elimination,12,False
24,1,Nick Viall,percent,24.0,0.07947019867549669,0.08346187793716071,8.346187793716064,0.002296567160826501,0.28366421114038687,1.0,0.0,1.0,0.0,False,no_elimination,12,False
24,1,Normani,percent,27.0,0.08940397350993377,0.08292743979453678,8.29274397945367,0.002250004746915039,0.286745157505643,1.0,0.0,1.0,0.0,False,no_elimination,12,False
24,1,Rashad Jennings,percent,31.0,0.10264900662251655,0.08466401423424981,8.466401423424974,0.0021132354146515633,0.284922502905596,1.0,0.0,1.0,0.0,False,no_elimination,12,False
24,1,Simone Biles,percent,32.0,0.10596026490066225,0.08258420136794797,8.25842013679479,0.0022229758604778395,0.27820838451074104,1.0,0.0,1.0,0.0,False,no_elimination,12,False
24,2,Bonner Bolton,percent,28.0,0.08536585365853659,0.08640846457200375,8.640846457200377,0.002827022911669514,0.3032804385279349,0.213,0.0,1.0,0.0,False,single_elimination,12,False
24,2,Charo,percent,25.0,0.07621951219512195,0.09436623117590554,9.436623117590555,0.00515907388998072,0.29884232511738956,0.213,0.0,1.0,0.0,False,single_elimination,12,False
24,2,Chris Kattan,percent,22.0,0.06707317073170732,0.01234576155973296,1.2345761559732962,0.0005263019199254237,0.03414923100662949,0.213,0.0,0.09959349593495932,0.0,False,single_elimination,12,True
24,2,David Ross,percent,27.0,0.08231707317073171,0.08837292937306547,8.837292937306549,0.0043435079863048155,0.29787284797255126,0.213,0.0,1.0,0.0,False,single_elimination,12,False
24,2,Erika Jayne,percent,28.0,0.08536585365853659,0.08750202746052604,8.750202746052606,0.0028582641366415975,0.3021062938490982,0.213,0.0,1.0,0.0,False,single_elimination,12,False
24,2,Heather Morris,percent,30.0,0.09146341463414634,0.08780090090806074,8.780090090806075,0.0023285641984148505,0.2942722244293326,0.213,0.0,1.0,0.0,False,single_elimination,12,False
24,2,Mr. T,percent,22.0,0.06707317073170732,0.09847673531135546,9.847673531135548,0.010612559713780162,0.3090846315425681,0.213,-0.0,1.0,0.0,False,single_elimination,12,False
24,2,Nancy Kerrigan,percent,28.0,0.08536585365853659,0.0890838710133433,8.90838710133433,0.0032901318790252744,0.2992384929905122,0.213,0.0,1.0,0.0,False,single_elimination,12,False
24,2,Nick Viall,percent,25.0,0.07621951219512195,0.08964261511107117,8.964261511107118,0.004985795973961858,0.2995985219308973,0.213,0.0,1.0,0.0,False,single_elimination,12,False
24,2,Normani,percent,32.0,0.0975609756097561,0.08967949634725897,8.967949634725898,0.0029926954561340906,0.3027699748582598,0.213,0.0,1.0,0.0,False,single_elimination,12,False
24,2,Rashad Jennings,percent,32.0,0.0975609756097561,0.08747146311277805,8.747146311277806,0.002902942860640261,0.29844416218992825,0.213,0.0,1.0,0.0,False,single_elimination,12,False
24,2,Simone Biles,percent,29.0,0.08841463414634146,0.0888495040548984,8.88495040548984,0.002854048342212687,0.3027465154130567,0.213,0.0,1.0,0.0,False,single_elimination,12,False
24,3,Bonner Bolton,percent,24.0,0.0761904761904762,0.10822028843843176,10.822028843843169,0.009236907452081167,0.3220709781253783,0.1893,-0.0,1.0,0.0,False,single_elimination,11,False
24,3,Charo,percent,24.0,0.0761904761904762,0.013321630784920688,1.332163078492068,0.00035691827085332096,0.038141721828702284,0.1893,0.0,0.10562770562770557,0.0,False,single_elimination,11,True
24,3,David Ross,percent,31.0,0.09841269841269841,0.09575755035936405,9.575755035936398,0.003120557650719437,0.3088658240595072,0.1893,0.0,1.0,0.0,False,single_elimination,11,False
24,3,Erika Jayne,percent,26.0,0.08253968253968254,0.10186582080513465,10.186582080513459,0.007444174174466067,0.3268531056179245,0.1893,0.0,1.0,0.0,False,single_elimination,11,False
24,3,Heather Morris,percent,33.0,0.10476190476190476,0.09325485776829377,9.325485776829371,0.002483639161840772,0.31353016531705835,0.1893,0.0,1.0,0.0,False,single_elimination,11,False
24,3,Mr. T,percent,24.0,0.0761904761904762,0.10621712577003362,10.621712577003354,0.011930337986946508,0.31953772004773556,0.1893,0.0,1.0,0.0,False,single_elimination,11,False
24,3,Nancy Kerrigan,percent,33.0,0.10476190476190476,0.09129664457835306,9.1296644578353,0.003444751156323696,0.3028031937342901,0.1893,0.0,1.0,0.0,False,single_elimination,11,False
24,3,Nick Viall,percent,26.0,0.08253968253968254,0.10259393339236351,10.259393339236345,0.006186397764733785,0.3110582871857542,0.1893,0.0,1.0,0.0,False,single_elimination,11,False
24,3,Normani,percent,34.0,0.10793650793650794,0.09492708171202642,9.492708171202635,0.003588577452108897,0.3282045199580562,0.1893,0.0,1.0,0.0,False,single_elimination,11,False
24,3,Rashad Jennings,percent,28.0,0.08888888888888889,0.09884045755890337,9.88404575589033,0.0048748159803344215,0.31738291498115834,0.1893,0.0,1.0,0.0,False,single_elimination,11,False
24,3,Simone Biles,percent,32.0,0.10158730158730159,0.09370460883217573,9.370460883217566,0.0034486705380479747,0.3091241812378059,0.1893,0.0,1.0,0.0,False,single_elimination,11,False
24,4,Bonner Bolton,percent,32.0,0.09815950920245399,0.11466671234784195,11.4666712347842,0.005115296494722757,0.36599475372122414,0.2037,0.0,1.0,0.0,False,single_elimination,10,False
24,4,David Ross,percent,31.0,0.0950920245398773,0.10843303929797878,10.843303929797882,0.0068790966873456824,0.3433318053639302,0.2037,0.0,1.0,0.0,False,single_elimination,10,False
24,4,Erika Jayne,percent,30.0,0.09202453987730061,0.11615519426951008,11.615519426951014,0.006220045868133741,0.35624441141490637,0.2037,0.0,1.0,0.0,False,single_elimination,10,False
24,4,Heather Morris,percent,35.0,0.10736196319018405,0.10631073600842131,10.631073600842136,0.003484948338997123,0.34907204386592183,0.2037,0.0,1.0,0.0,False,single_elimination,10,False
24,4,Mr. T,percent,28.0,0.08588957055214724,0.01424179648744789,1.4241796487447898,0.0005459627946587988,0.04041880412457725,0.2037,0.0,0.11411042944785275,0.0,False,single_elimination,10,True
24,4,Nancy Kerrigan,percent,33.0,0.10122699386503067,0.10754950397943654,10.754950397943658,0.004006068482610304,0.35942160709815674,0.2037,0.0,1.0,0.0,False,single_elimination,10,False
24,4,Nick Viall,percent,30.0,0.09202453987730061,0.11497007674908778,11.497007674908783,0.008329863457969584,0.36191172051598475,0.2037,0.0,1.0,0.0,False,single_elimination,10,False
24,4,Normani,percent,32.0,0.09815950920245399,0.11269485414391768,11.269485414391774,0.005756344787606233,0.35500485704172924,0.2037,0.0,1.0,0.0,False,single_elimination,10,False
24,4,Rashad Jennings,percent,39.0,0.1196319018404908,0.10274956069667532,10.274956069667535,0.003357006708869744,0.3379791358623263,0.2037,0.0,1.0,0.0,False,single_elimination,10,False
24,4,Simone Biles,percent,36.0,0.11042944785276074,0.1022285260196823,10.222852601968233,0.003277311590897073,0.33672290653042575,0.2037,0.0,1.0,0.0,False,single_elimination,10,False
24,5,Bonner Bolton,percent,30.0,0.09868421052631579,0.13188602494475518,13.188602494475516,0.01950321156469219,0.3891034012741857,0.1361,0.006578947368421045,0.9901315789473685,0.0,False,single_elimination,9,False
24,5,David Ross,percent,29.0,0.09539473684210527,0.13730376620547413,13.73037662054741,0.02331114339051562,0.39737195635477046,0.1361,0.009868421052631568,0.993421052631579,0.0,False,single_elimination,9,False
24,5,Erika Jayne,percent,32.0,0.10526315789473684,0.015035929007941706,1.5035929007941702,0.0005295193598770712,0.04648719153805894,0.1361,0.0,0.11695906432748537,0.0,False,single_elimination,9,True
24,5,Heather Morris,percent,34.0,0.1118421052631579,0.12156060594837291,12.156060594837289,0.009581753909116546,0.36306255269145526,0.1361,0.0,0.9835526315789475,0.0,False,single_elimination,9,False
24,5,Nancy Kerrigan,percent,36.0,0.11842105263157894,0.11800134887117453,11.80013488711745,0.006790418328887735,0.364775205766873,0.1361,0.0,0.9835526315789475,0.0,False,single_elimination,9,False
24,5,Nick Viall,percent,34.0,0.1118421052631579,0.12773533248569774,12.773533248569771,0.008280711270716066,0.40104038363803024,0.1361,0.0,0.9835526315789475,0.0,False,single_elimination,9,False
24,5,Normani,percent,39.0,0.12828947368421054,0.10982759747334322,10.98275974733432,0.0036621060911460595,0.3643278912765823,0.1361,0.0,0.9835526315789475,0.0,False,single_elimination,9,False
24,5,Rashad Jennings,percent,32.0,0.10526315789473684,0.12504228120519154,12.504228120519151,0.012289901115268701,0.3854315995863857,0.1361,0.0,0.9835526315789475,0.0,False,single_elimination,9,False
24,5,Simone Biles,percent,38.0,0.125,0.11360711385804921,11.360711385804919,0.003740510742971225,0.3693221009847742,0.1361,0.0,0.9835526315789475,0.0,False,single_elimination,9,False
24,6,Bonner Bolton,percent,31.5,0.1171003717472119,0.1457040830674779,14.570408306747783,0.03345828834969349,0.3934930229504027,0.0548,0.02044609665427509,0.9200743494423792,0.0,False,single_elimination,8,False
24,6,David Ross,percent,31.0,0.11524163568773234,0.14447365181508678,14.447365181508673,0.03313783643632804,0.3884155503751234,0.0548,0.02230483271375465,0.9219330855018587,0.0,False,single_elimination,8,False
24,6,Heather Morris,percent,37.0,0.137546468401487,0.01400808402201808,1.4008084022018075,0.00041225249784905305,0.044992390070446954,0.0548,0.0,0.11245353159851303,0.0,False,single_elimination,8,True
24,6,Nancy Kerrigan,percent,33.5,0.12453531598513011,0.14153514459172276,14.15351445917227,0.02497826219400039,0.4134219142834764,0.0548,0.013011152416356878,0.912639405204461,0.0,False,single_elimination,8,False
24,6,Nick Viall,percent,30.5,0.11338289962825279,0.14984806710357798,14.984806710357793,0.03765264098849814,0.41665911986305254,0.0548,0.024163568773234195,0.9237918215613383,0.0,False,single_elimination,8,False
24,6,Normani,percent,36.0,0.13382899628252787,0.12951528502638063,12.951528502638057,0.015449287255190701,0.35702565285814786,0.0548,0.0037174721189591198,0.9033457249070632,0.0,False,single_elimination,8,False
24,6,Rashad Jennings,percent,35.0,0.13011152416356878,0.13445623449712646,13.44562344971264,0.022849680314791305,0.3718218854078828,0.0548,0.007434944237918212,0.9070631970260223,0.0,False,single_elimination,8,False
24,6,Simone Biles,percent,34.5,0.12825278810408922,0.14045944987660974,14.045944987660969,0.026288065961419787,0.39559295546535544,0.0548,0.009293680297397772,0.9089219330855018,0.0,False,single_elimination,8,False
24,7,Bonner Bolton,percent,31.0,0.1225296442687747,0.20571056228832238,20.571056228832244,0.048845030647754105,0.504826010577,0.0599,0.019762845849802382,0.9841897233201581,0.0,False,multi_elimination_2,7,False
24,7,David Ross,percent,32.0,0.12648221343873517,0.21271439190044975,21.271439190044983,0.04525955996816722,0.5360743145611947,0.0599,0.015810276679841917,0.9802371541501976,0.0,False,multi_elimination_2,7,False
24,7,Nancy Kerrigan,percent,36.0,0.1422924901185771,0.03257114769323739,3.2571147693237408,0.0010233919740227373,0.08870579438318434,0.0599,0.0,0.16864295125164686,0.0,False,multi_elimination_2,7,True
24,7,Nick Viall,percent,34.0,0.13438735177865613,0.03490809281293191,3.4908092812931923,0.0010255277076705472,0.0935704969287661,0.0599,0.0,0.17523056653491437,0.0,False,multi_elimination_2,7,True
24,7,Normani,percent,42.0,0.16600790513833993,0.16440739579252664,16.440739579252668,0.015476737511167139,0.43550384446733204,0.0599,0.0,0.9644268774703557,0.0,False,multi_elimination_2,7,False
24,7,Rashad Jennings,percent,39.0,0.1541501976284585,0.1754707607067652,17.547076070676525,0.018153366839424465,0.4862801498828011,0.0599,0.0,0.9644268774703557,0.0,False,multi_elimination_2,7,False
24,7,Simone Biles,percent,39.0,0.1541501976284585,0.17421764880576637,17.421764880576642,0.025006199888461356,0.4630250257874711,0.0599,0.0,0.9644268774703557,0.0,False,multi_elimination_2,7,False
24,8,Bonner Bolton,percent,29.0,0.166189111747851,0.05051564275442972,5.051564275442973,0.0019305059930573637,0.14099018437539568,0.3253,0.0,0.23381088825214896,0.0,False,single_elimination,5,True
24,8,David Ross,percent,32.5,0.18624641833810887,0.2563910567377246,25.639105673772473,0.023180249065515565,0.6569169039131987,0.3253,0.0,1.0,0.0,False,single_elimination,5,False
24,8,Normani,percent,39.5,0.22636103151862463,0.22861698755114787,22.861698755114794,0.008939037099856731,0.6339845277771947,0.3253,0.0,1.0,0.0,False,single_elimination,5,False
24,8,Rashad Jennings,percent,37.5,0.2148997134670487,0.23092151876131845,23.092151876131854,0.010114334728975782,0.6474388840282932,0.3253,0.0,1.0,0.0,False,single_elimination,5,False
24,8,Simone Biles,percent,36.0,0.20630372492836677,0.23355479419537892,23.3554794195379,0.01473327029969753,0.6554570312899693,0.3253,0.0,1.0,0.0,False,single_elimination,5,False
24,9,David Ross,percent,35.0,0.23102310231023102,0.3244733084703545,32.4473308470354,0.08130905903974124,0.7110094112390453,0.2135,0.033003300330032986,0.976897689768977,0.0,False,single_elimination,4,False
24,9,Normani,percent,38.0,0.2508250825082508,0.307868783474279,30.78687834742786,0.06325351651038819,0.7187381408795955,0.2135,0.013201320132013195,0.9570957095709571,0.0,False,single_elimination,4,False
24,9,Rashad Jennings,percent,38.5,0.25412541254125415,0.30965523360088887,30.96552336008885,0.055031437887590566,0.7001847041620304,0.2135,0.009900990099009854,0.9537953795379539,0.0,False,single_elimination,4,False
24,9,Simone Biles,percent,40.0,0.264026402640264,0.05800267445447898,5.80026744544789,0.002053093265602784,0.1692593189374212,0.2135,0.0,0.23597359735973597,0.0,False,single_elimination,4,True
24,10,David Ross,percent,36.3333,0.31502925005917637,0.33603532271818437,33.603532271818445,0.013388417949139753,0.8379108270872482,1.0,0.0,1.0,0.0,False,no_elimination,3,False
24,10,Normani,percent,39.333200000000005,0.341039996323692,0.33094984271115424,33.09498427111543,0.012907130693993487,0.8399713685221727,1.0,0.0,1.0,0.0,False,no_elimination,3,False
24,10,Rashad Jennings,percent,39.6666,0.34393075361713155,0.33301483457066117,33.30148345706612,0.012040087497453287,0.836801896336873,1.0,0.0,1.0,0.0,False,no_elimination,3,False
25,1,Barbara Corcoran,percent,14.0,0.058577405857740586,0.07728543663336924,7.728543663336924,0.0021705558066838827,0.2657570200859773,1.0,0.0,1.0,0.0,False,no_elimination,13,False
25,1,Debbie Gibson,percent,17.0,0.07112970711297072,0.07681594426890342,7.681594426890342,0.002148068295396648,0.2649849491251377,1.0,0.0,1.0,0.0,False,no_elimination,13,False
25,1,Derek Fisher,percent,18.0,0.07531380753138076,0.07687411446610853,7.687411446610853,0.002505233926234372,0.261134294196166,1.0,0.0,1.0,0.0,False,no_elimination,13,False
25,1,Drew Scott,percent,16.0,0.06694560669456066,0.07684713727732576,7.684713727732576,0.001975480682109883,0.2598814912087152,1.0,0.0,1.0,0.0,False,no_elimination,13,False
25,1,Frankie Muniz,percent,19.0,0.0794979079497908,0.07575433558101911,7.575433558101912,0.002178869253485371,0.25922201342487655,1.0,0.0,1.0,0.0,False,no_elimination,13,False
25,1,Jordan Fisher,percent,22.0,0.09205020920502092,0.07715187720035058,7.715187720035058,0.0022212023193764158,0.26140280169111557,1.0,0.0,1.0,0.0,False,no_elimination,13,False
25,1,Lindsey Stirling,percent,22.0,0.09205020920502092,0.07747818961084413,7.747818961084413,0.002149398214599583,0.26283407216849836,1.0,0.0,1.0,0.0,False,no_elimination,13,False
25,1,Nick Lachey,percent,18.0,0.07531380753138076,0.07737302510712361,7.737302510712361,0.0023944425159130554,0.2614063884195157,1.0,0.0,1.0,0.0,False,no_elimination,13,False
25,1,Nikki Bella,percent,20.0,0.08368200836820083,0.07763479130451033,7.763479130451032,0.0021467252791911523,0.26533099066797333,1.0,0.0,1.0,0.0,False,no_elimination,13,False
25,1,Sasha Pieterse,percent,18.0,0.07531380753138076,0.07763055109180361,7.763055109180361,0.0019917244700939983,0.26503245936595005,1.0,0.0,1.0,0.0,False,no_elimination,13,False
25,1,Terrell Owens,percent,15.0,0.06276150627615062,0.07699499108004337,7.699499108004337,0.002501925812684987,0.2636824351377405,1.0,0.0,1.0,0.0,False,no_elimination,13,False
25,1,Vanessa Lachey,percent,21.0,0.08786610878661087,0.07606387973442437,7.606387973442437,0.0021306414642250793,0.2570055292028185,1.0,0.0,1.0,0.0,False,no_elimination,13,False
25,1,Victoria Arlen,percent,19.0,0.0794979079497908,0.07609572664417392,7.609572664417392,0.002022893040728158,0.2600817416525179,1.0,0.0,1.0,0.0,False,no_elimination,13,False
25,2,Barbara Corcoran,percent,17.0,0.062157221206581355,0.01463260860968554,1.463260860968554,0.0006642666633850787,0.033494943295412465,0.0284,0.0,0.09826325411334551,0.0,False,multi_elimination_2,13,True
25,2,Debbie Gibson,percent,20.5,0.07495429616087751,0.009223178810531911,0.9223178810531911,0.0002817234071185119,0.029321664199073706,0.0284,0.0,0.0865326020719074,0.0,False,multi_elimination_2,13,True
25,2,Derek Fisher,percent,19.0,0.06946983546617916,0.0967121055123749,9.67121055123749,0.01839695231970531,0.26321617193993607,0.0284,0.005484460694698351,0.9872029250457038,0.0,False,multi_elimination_2,13,False
25,2,Drew Scott,percent,20.5,0.07495429616087751,0.09067832729060975,9.067832729060974,0.010627856826044635,0.2508344913560582,0.0284,0.0,0.9817184643510055,0.0,False,multi_elimination_2,13,False
25,2,Frankie Muniz,percent,24.0,0.08775137111517367,0.08385406813004982,8.385406813004982,0.0021837421361078756,0.29366082721308556,0.0284,0.0,0.9817184643510055,0.0,False,multi_elimination_2,13,False
25,2,Jordan Fisher,percent,24.0,0.08775137111517367,0.08807999317741898,8.807999317741897,0.005308709069770377,0.2702148452055582,0.0284,0.0,0.9817184643510055,0.0,False,multi_elimination_2,13,False
25,2,Lindsey Stirling,percent,22.5,0.08226691042047532,0.07486996170864063,7.486996170864063,0.007095875179787002,0.25328487651855736,0.0284,0.0,0.9817184643510055,0.0,False,multi_elimination_2,13,False
25,2,Nick Lachey,percent,19.0,0.06946983546617916,0.09577482670979223,9.577482670979224,0.014115240579863322,0.25566431100020115,0.0284,0.005484460694698351,0.9872029250457038,0.0,False,multi_elimination_2,13,False
25,2,Nikki Bella,percent,19.5,0.0712979890310786,0.09194175410898786,9.194175410898787,0.01394835608370882,0.24042955573307254,0.0284,0.0036563071297989053,0.9853747714808044,0.0,False,multi_elimination_2,13,False
25,2,Sasha Pieterse,percent,22.5,0.08226691042047532,0.08805728848095759,8.80572884809576,0.00844872200679989,0.27335070976332543,0.0284,0.0,0.9817184643510055,0.0,False,multi_elimination_2,13,False
25,2,Terrell Owens,percent,19.5,0.0712979890310786,0.09311956621838911,9.311956621838911,0.01401670843116254,0.28682870254160475,0.0284,0.0036563071297989053,0.9853747714808044,0.0,False,multi_elimination_2,13,False
25,2,Vanessa Lachey,percent,23.5,0.08592321755027423,0.08307420231737524,8.307420231737524,0.004393135227124836,0.23178678793947508,0.0284,0.0,0.9817184643510055,0.0,False,multi_elimination_2,13,False
25,2,Victoria Arlen,percent,22.0,0.08043875685557587,0.08998211892518637,8.998211892518636,0.00689840266175183,0.27594493568979095,0.0284,0.0,0.9817184643510055,0.0,False,multi_elimination_2,13,False
25,3,Derek Fisher,percent,21.0,0.0860655737704918,0.09085504537469852,9.08550453746986,0.0027318518324716172,0.3082490707836573,1.0,0.0,1.0,0.0,False,no_elimination,11,False
25,3,Drew Scott,percent,23.0,0.0942622950819672,0.09116660484710837,9.116660484710847,0.0027642848413716834,0.31935747966043593,1.0,0.0,1.0,0.0,False,no_elimination,11,False
25,3,Frankie Muniz,percent,21.0,0.0860655737704918,0.09087199325013337,9.087199325013346,0.002637764648549607,0.3130080667578046,1.0,0.0,1.0,0.0,False,no_elimination,11,False
25,3,Jordan Fisher,percent,25.0,0.10245901639344263,0.08917787578074221,8.91778757807423,0.0024969897628771068,0.3009519315131888,1.0,0.0,1.0,0.0,False,no_elimination,11,False
25,3,Lindsey Stirling,percent,27.0,0.11065573770491803,0.09113453292323265,9.113453292323275,0.0025402743510993244,0.3091776522054235,1.0,0.0,1.0,0.0,False,no_elimination,11,False
25,3,Nick Lachey,percent,21.0,0.0860655737704918,0.0915051327898331,9.15051327898332,0.0027089929851108635,0.30586292465209225,1.0,0.0,1.0,0.0,False,no_elimination,11,False
25,3,Nikki Bella,percent,21.0,0.0860655737704918,0.09070666301195868,9.070666301195878,0.002437226917094389,0.31100423584623177,1.0,0.0,1.0,0.0,False,no_elimination,11,False
25,3,Sasha Pieterse,percent,19.0,0.0778688524590164,0.0919800781056425,9.19800781056426,0.002736099939044744,0.3072493991602943,1.0,0.0,1.0,0.0,False,no_elimination,11,False
25,3,Terrell Owens,percent,21.0,0.0860655737704918,0.090451588518368,9.04515885183681,0.002658171312885153,0.3061950139056047,1.0,0.0,1.0,0.0,False,no_elimination,11,False
25,3,Vanessa Lachey,percent,23.0,0.0942622950819672,0.09150432780140051,9.150432780140061,0.002667826569911172,0.30970863366893947,1.0,0.0,1.0,0.0,False,no_elimination,11,False
25,3,Victoria Arlen,percent,22.0,0.09016393442622951,0.09064615759688105,9.064615759688115,0.002556438435807297,0.30760765471536344,1.0,0.0,1.0,0.0,False,no_elimination,11,False
25,4,Derek Fisher,percent,23.0,0.08487084870848709,0.010336175012237433,1.0336175012237434,0.00038812473043991287,0.03197319543406384,0.1344,0.0,0.09694733310969471,0.0,False,single_elimination,11,True
25,4,Drew Scott,percent,24.0,0.08856088560885608,0.10207584119916427,10.207584119916428,0.006672924143872652,0.32198139837110973,0.1344,0.0,0.996309963099631,0.0,False,single_elimination,11,False
25,4,Frankie Muniz,percent,24.0,0.08856088560885608,0.09700345598452295,9.700345598452296,0.007148612736800209,0.2948788324009067,0.1344,0.0,0.996309963099631,0.0,False,single_elimination,11,False
25,4,Jordan Fisher,percent,29.0,0.1070110701107011,0.09347448629830439,9.34744862983044,0.0020933020936013975,0.3387317925191577,0.1344,0.0,0.996309963099631,0.0,False,single_elimination,11,False
25,4,Lindsey Stirling,percent,26.0,0.0959409594095941,0.09726193934665629,9.72619393466563,0.003082336946428698,0.30732213325971924,0.1344,0.0,0.996309963099631,0.0,False,single_elimination,11,False
25,4,Nick Lachey,percent,22.0,0.08118081180811808,0.10501465067070956,10.501465067070956,0.012718282151967165,0.31991744144398043,0.1344,0.0036900369003690092,1.0,0.0,False,single_elimination,11,False
25,4,Nikki Bella,percent,24.0,0.08856088560885608,0.10388044466447748,10.388044466447749,0.007880391389777952,0.33380110866846613,0.1344,0.0,0.996309963099631,0.0,False,single_elimination,11,False
25,4,Sasha Pieterse,percent,24.0,0.08856088560885608,0.1006556329458196,10.065563294581962,0.006572781111347663,0.307293148340901,0.1344,0.0,0.996309963099631,0.0,False,single_elimination,11,False
25,4,Terrell Owens,percent,24.0,0.08856088560885608,0.09565291356456293,9.565291356456294,0.005662490366433684,0.29891199156547443,0.1344,0.0,0.996309963099631,0.0,False,single_elimination,11,False
25,4,Vanessa Lachey,percent,24.0,0.08856088560885608,0.10140869370914493,10.140869370914494,0.006472504160161791,0.3274876464043744,0.1344,0.0,0.996309963099631,0.0,False,single_elimination,11,False
25,4,Victoria Arlen,percent,27.0,0.0996309963099631,0.09323576660440001,9.323576660440002,0.0032591864166129783,0.3019718397005687,0.1344,0.0,0.996309963099631,0.0,False,single_elimination,11,False
25,5,Drew Scott,percent,25.0,0.09578544061302682,0.11396484791817582,11.396484791817581,0.008005011120164593,0.3524032234611523,0.1466,0.0,0.9923371647509579,0.0,False,single_elimination,10,False
25,5,Frankie Muniz,percent,29.0,0.1111111111111111,0.10301670315680114,10.301670315680115,0.003238175573131992,0.3285652318640336,0.1466,0.0,0.9923371647509579,0.0,False,single_elimination,10,False
25,5,Jordan Fisher,percent,30.0,0.11494252873563218,0.10423616573085633,10.423616573085633,0.003703241681434595,0.3325480327213698,0.1466,0.0,0.9923371647509579,0.0,False,single_elimination,10,False
25,5,Lindsey Stirling,percent,28.0,0.10727969348659004,0.09849714980819148,9.849714980819147,0.003031615714129418,0.3347094872128355,0.1466,0.0,0.9923371647509579,0.0,False,single_elimination,10,False
25,5,Nick Lachey,percent,22.0,0.0842911877394636,0.125720283531252,12.5720283531252,0.017885550455075748,0.352288677855602,0.1466,0.007662835249042141,1.0,0.0,False,single_elimination,10,False
25,5,Nikki Bella,percent,27.0,0.10344827586206896,0.10403137998696878,10.403137998696877,0.004865398244981207,0.32909073251597937,0.1466,0.0,0.9923371647509579,0.0,False,single_elimination,10,False
25,5,Sasha Pieterse,percent,24.0,0.09195402298850575,0.012550957454733641,1.2550957454733642,0.0005218952047833577,0.036951353532187495,0.1466,0.0,0.10804597701149425,0.0,False,single_elimination,10,True
25,5,Terrell Owens,percent,25.0,0.09578544061302682,0.10773473568960584,10.773473568960585,0.00663423466181273,0.33118617933819505,0.1466,0.0,0.9923371647509579,0.0,False,single_elimination,10,False
25,5,Vanessa Lachey,percent,24.0,0.09195402298850575,0.11886133811093051,11.886133811093051,0.010696352001264299,0.36083807360891057,0.1466,0.0,0.9923371647509579,0.0,False,single_elimination,10,False
25,5,Victoria Arlen,percent,27.0,0.10344827586206896,0.1113864386124844,11.13864386124844,0.006313826923166927,0.3620968289753811,0.1466,0.0,0.9923371647509579,0.0,False,single_elimination,10,False
25,6,Drew Scott,percent,30.0,0.09803921568627451,0.12631319762991178,12.63131976299117,0.009575476224508257,0.4029959443340329,0.2752,0.0,1.0,0.0,False,single_elimination,9,False
25,6,Frankie Muniz,percent,31.0,0.10130718954248366,0.12672132716482062,12.672132716482054,0.007058072257334468,0.4083639690466756,0.2752,0.0,1.0,0.0,False,single_elimination,9,False
25,6,Jordan Fisher,percent,39.0,0.12745098039215685,0.12062206881580186,12.062206881580178,0.0035502248045872517,0.3991479815615583,0.2752,0.0,1.0,0.0,False,single_elimination,9,False
25,6,Lindsey Stirling,percent,40.0,0.13071895424836602,0.1184978011440845,11.849780114408441,0.003651614857193217,0.39652856822080434,0.2752,0.0,1.0,0.0,False,single_elimination,9,False
25,6,Nick Lachey,percent,26.0,0.08496732026143791,0.021737124025114286,2.1737124025114274,0.0009669689802825638,0.05786958466613899,0.2752,0.0,0.13725490196078433,0.0,False,single_elimination,9,True
25,6,Nikki Bella,percent,36.0,0.11764705882352941,0.12114287170618764,12.114287170618756,0.004378410329791391,0.38059958682031386,0.2752,0.0,1.0,0.0,False,single_elimination,9,False
25,6,Terrell Owens,percent,37.0,0.12091503267973856,0.11962389274553971,11.962389274553962,0.00454603210774953,0.39463873052938775,0.2752,0.0,1.0,0.0,False,single_elimination,9,False
25,6,Vanessa Lachey,percent,36.0,0.11764705882352941,0.12086743190522274,12.086743190522267,0.004401955000967245,0.3765993053493815,0.2752,0.0,1.0,0.0,False,single_elimination,9,False
25,6,Victoria Arlen,percent,31.0,0.10130718954248366,0.1244742848633176,12.447428486331752,0.006008202112042813,0.38940397691933176,0.2752,0.0,1.0,0.0,False,single_elimination,9,False
25,7,Drew Scott,percent,28.5,0.1325581395348837,0.15276601143701674,15.276601143701676,0.015282293069914993,0.442359231313867,0.0485,0.0,0.9813953488372092,0.0,False,multi_elimination_2,8,False
25,7,Frankie Muniz,percent,30.0,0.13953488372093023,0.15170823946336523,15.170823946336526,0.009826437223988295,0.4509123827748323,0.0485,0.0,0.9813953488372092,0.0,False,multi_elimination_2,8,False
25,7,Jordan Fisher,percent,27.0,0.12558139534883722,0.1587823108033653,15.878231080336533,0.01995822263122197,0.4592530411186492,0.0485,-0.0,0.9813953488372092,0.0,False,multi_elimination_2,8,False
25,7,Lindsey Stirling,percent,25.5,0.1186046511627907,0.16432870233189617,16.432870233189618,0.029206668692141877,0.4735979988787659,0.0485,0.0069767441860465185,0.9883720930232558,0.0,False,multi_elimination_2,8,False
25,7,Nikki Bella,percent,24.0,0.11162790697674418,0.02776540150880687,2.7765401508806877,0.0010229353991565494,0.0741798688024177,0.0485,0.0,0.15614617940199335,0.0,False,multi_elimination_2,8,True
25,7,Terrell Owens,percent,24.5,0.11395348837209303,0.1693730686125193,16.937306861251933,0.03967937274695357,0.4368808154367322,0.0485,0.011627906976744193,0.9930232558139535,0.0,False,multi_elimination_2,8,False
25,7,Vanessa Lachey,percent,27.0,0.12558139534883722,0.021473944589775373,2.1473944589775376,0.0004674321646448608,0.061492262503365334,0.0485,0.0,0.1441860465116279,0.0,False,multi_elimination_2,8,True
25,7,Victoria Arlen,percent,28.5,0.1325581395348837,0.15380232125325488,15.380232125325492,0.022323347390055006,0.4303770640404398,0.0485,0.0,0.9813953488372092,0.0,False,multi_elimination_2,8,False
25,8,Drew Scott,percent,23.5,0.1501597444089457,0.2106654768317616,21.066547683176164,0.03440383538447321,0.5715390597664268,0.1736,0.012779552715654952,0.9904153354632588,0.0,False,single_elimination,6,False
25,8,Frankie Muniz,percent,26.5,0.16932907348242812,0.1879554340265064,18.795543402650647,0.016470105682448277,0.5063248405578314,0.1736,0.0,0.9776357827476039,0.0,False,single_elimination,6,False
25,8,Jordan Fisher,percent,30.0,0.19169329073482427,0.18372182047123709,18.37218204712371,0.008411876380242905,0.5513492656739207,0.1736,0.0,0.9776357827476039,0.0,False,single_elimination,6,False
25,8,Lindsey Stirling,percent,27.0,0.17252396166134185,0.18627782452772765,18.627782452772767,0.013834457931772171,0.5247525293768363,0.1736,0.0,0.9776357827476039,0.0,False,single_elimination,6,False
25,8,Terrell Owens,percent,25.5,0.16293929712460065,0.02845339826594196,2.8453398265941967,0.0009804346311393932,0.08853110424141414,0.1736,0.0,0.1703940362087327,0.0,False,single_elimination,6,True
25,8,Victoria Arlen,percent,24.0,0.15335463258785942,0.20292604587682503,20.292604587682508,0.031914937282712705,0.5151287240636975,0.1736,0.009584664536741228,0.9872204472843451,0.0,False,single_elimination,6,False
25,9,Drew Scott,percent,24.0,0.17777777777777778,0.2607583675642948,26.075836756429492,0.058864622529380926,0.6363795630365423,0.1681,0.029629629629629617,0.9814814814814815,0.0,False,single_elimination,5,False
25,9,Frankie Muniz,percent,25.5,0.18888888888888888,0.2538151209929265,25.381512099292664,0.043887909335356357,0.6117870200885407,0.1681,0.018518518518518517,0.9703703703703703,0.0,False,single_elimination,5,False
25,9,Jordan Fisher,percent,29.0,0.21481481481481482,0.2262437517653121,22.62437517653122,0.02256784670581138,0.5940279500482657,0.1681,0.0,0.9518518518518518,0.0,False,single_elimination,5,False
25,9,Lindsey Stirling,percent,28.5,0.2111111111111111,0.2211910462701164,22.119104627011648,0.026308864305038836,0.5922093949850564,0.1681,0.0,0.9518518518518518,0.0,False,single_elimination,5,False
25,9,Victoria Arlen,percent,28.0,0.2074074074074074,0.037991713407349845,3.799171340734986,0.0011743741517818455,0.1163533502173042,0.1681,0.0,0.19259259259259262,0.0,False,single_elimination,5,True
25,10,Drew Scott,percent,37.5,0.2397871457464638,0.06623765005894959,6.623765005894961,0.002362228498722208,0.18044073836893074,0.2803,0.0,0.26021285425353624,0.0,False,single_elimination,4,True
25,10,Frankie Muniz,percent,38.8887,0.24866694332774683,0.31735372876807494,31.7353728768075,0.0444923660751304,0.7542790482950777,0.2803,0.0,1.0,0.0,False,single_elimination,4,False
25,10,Jordan Fisher,percent,40.0,0.2557729554628947,0.3081402976780419,30.814029767804197,0.03861692785627037,0.7285367231037289,0.2803,0.0,1.0,0.0,False,single_elimination,4,False
25,10,Lindsey Stirling,percent,40.0,0.2557729554628947,0.30826832349493327,30.826832349493333,0.03735633858182439,0.7498430143526443,0.2803,0.0,1.0,0.0,False,single_elimination,4,False
26,1,Adam Rippon,percent,24.0,0.11428571428571428,0.11126263776013608,11.126263776013609,0.005193718006761389,0.36490563947627497,0.0512,0.0,0.9904761904761905,0.0,False,multi_elimination_2,10,False
26,1,Arike Ogunbowale,percent,20.0,0.09523809523809523,0.11798949440558078,11.79894944055808,0.014462057715135836,0.35748675135689834,0.0512,0.0,0.9904761904761905,0.0,False,multi_elimination_2,10,False
26,1,Chris Mazdzer,percent,21.0,0.1,0.11321176957330133,11.321176957330135,0.012084593566933616,0.34143170815544255,0.0512,0.0,0.9904761904761905,0.0,False,multi_elimination_2,10,False
26,1,Jamie Anderson,percent,19.0,0.09047619047619047,0.01726813024982914,1.7268130249829143,0.0006232044892441591,0.051361347947633036,0.0512,0.0,0.12222222222222219,0.0,False,multi_elimination_2,10,True
26,1,Jennie Finch Daigle,percent,21.0,0.1,0.11859336469949477,11.85933646994948,0.00922822120144462,0.3610342997871792,0.0512,0.0,0.9904761904761905,0.0,False,multi_elimination_2,10,False
26,1,Johnny Damon,percent,18.0,0.08571428571428572,0.020046771642701244,2.0046771642701247,0.0008293391619196328,0.052347162097392486,0.0512,0.0,0.12645502645502643,0.0,False,multi_elimination_2,10,True
26,1,Josh Norman,percent,24.0,0.11428571428571428,0.11508010011589535,11.508010011589537,0.0037876206855440102,0.363141928646981,0.0512,0.0,0.9904761904761905,0.0,False,multi_elimination_2,10,False
26,1,Kareem Abdul-Jabbar,percent,17.0,0.08095238095238096,0.14522242020474477,14.52224202047448,0.02925799172787773,0.4094242420385308,0.0512,0.009523809523809518,1.0,0.0,False,multi_elimination_2,10,False
26,1,Mirai Nagasu,percent,23.0,0.10952380952380952,0.11913455353978594,11.913455353978595,0.004401752097635513,0.37438377217725427,0.0512,0.0,0.9904761904761905,0.0,False,multi_elimination_2,10,False
26,1,Tonya Harding,percent,23.0,0.10952380952380952,0.12219075780853055,12.219075780853055,0.005074273567828214,0.40315495154779185,0.0512,0.0,0.9904761904761905,0.0,False,multi_elimination_2,10,False
26,2,Adam Rippon,percent,37.0,0.1383177570093458,0.15123917092535907,15.123917092535914,0.020574024011518515,0.4054533268834964,0.0454,0.0,0.9588785046728973,0.0,False,multi_elimination_2,8,False
26,2,Arike Ogunbowale,percent,35.0,0.1308411214953271,0.02142700965461399,2.1427009654613993,0.0010907036733765645,0.06705468070368051,0.0454,0.0,0.13911882510013354,0.0,False,multi_elimination_2,8,True
26,2,Chris Mazdzer,percent,33.0,0.1233644859813084,0.15603780302858178,15.603780302858183,0.02661303822847377,0.45703396306206756,0.0454,0.007476635514018684,0.9663551401869159,0.0,False,multi_elimination_2,8,False
26,2,Jennie Finch Daigle,percent,31.5,0.11775700934579439,0.16833671911540707,16.833671911540712,0.03194786460803853,0.4281411567829229,0.0454,0.0130841121495327,0.97196261682243,0.0,False,multi_elimination_2,8,False
26,2,Josh Norman,percent,31.5,0.11775700934579439,0.16521305801097275,16.52130580109728,0.037375891958244464,0.4691737788859988,0.0454,0.0130841121495327,0.9719626168224299,0.0,False,multi_elimination_2,8,False
26,2,Kareem Abdul-Jabbar,percent,29.5,0.1102803738317757,0.03133444904475752,3.1334449044757533,0.0009240447010093133,0.0758753904938365,0.0454,0.0,0.15674232309746328,0.0,False,multi_elimination_2,8,True
26,2,Mirai Nagasu,percent,37.0,0.1383177570093458,0.1469678307401063,14.696783074010636,0.013901915562110095,0.3882095828846417,0.0454,0.0,0.9588785046728973,0.0,False,multi_elimination_2,8,False
26,2,Tonya Harding,percent,33.0,0.1233644859813084,0.15944395948020124,15.94439594802013,0.03500790308832391,0.4172425544289329,0.0454,0.007476635514018684,0.9663551401869159,0.0,False,multi_elimination_2,8,False
26,3,Adam Rippon,percent,41.0,0.1943127962085308,0.24912974118821954,24.91297411882195,0.05233227921266848,0.5554414293427948,0.0742,0.0,1.0,0.0,False,multi_elimination_3,6,False
26,3,Chris Mazdzer,percent,33.0,0.15639810426540285,0.07043882365966414,7.043882365966413,0.0035236956526826105,0.17749058004417456,0.0742,0.0,0.26777251184834117,0.0,False,multi_elimination_3,6,True
26,3,Jennie Finch Daigle,percent,29.0,0.13744075829383887,0.07366307640930152,7.366307640930151,0.0035550409266581775,0.18755300752144075,0.0742,0.0,0.2819905213270143,0.0,False,multi_elimination_3,6,True
26,3,Josh Norman,percent,38.0,0.18009478672985782,0.26718618759272705,26.7186187592727,0.07398052723626682,0.6345832904954659,0.0742,0.0,1.0,0.0,False,multi_elimination_3,6,False
26,3,Mirai Nagasu,percent,35.0,0.16587677725118483,0.06419706533332946,6.419706533332945,0.003657439226631931,0.1683614972107887,0.0742,0.0,0.26066350710900477,0.0,False,multi_elimination_3,6,True
26,3,Tonya Harding,percent,35.0,0.16587677725118483,0.27538510581675846,27.53851058167584,0.07804594789706887,0.5997709714043103,0.0742,-0.0,1.0,0.0,False,multi_elimination_3,6,False
26,4,Adam Rippon,percent,29.0,0.3391812865497076,0.33679353336384327,33.6793533363844,0.012549126808462792,0.8356106893133962,1.0,0.0,1.0,0.0,False,no_elimination,3,False
26,4,Josh Norman,percent,28.5,0.3333333333333333,0.3339406660280296,33.394066602803036,0.012238149148320644,0.8430866555537095,1.0,0.0,1.0,0.0,False,no_elimination,3,False
26,4,Tonya Harding,percent,28.0,0.32748538011695905,0.3292658006081248,32.92658006081256,0.011895490379546635,0.8323721299748871,1.0,0.0,1.0,0.0,False,no_elimination,3,False
27,1,Alexis Ren,percent,22.0,0.08627450980392157,0.07723333366750383,7.723333366750385,0.00237448888355288,0.2728864507843287,0.1302,0.0,0.9862745098039216,0.0,False,single_elimination,13,False
27,1,Bobby Bones,percent,20.0,0.0784313725490196,0.08301646675098648,8.301646675098649,0.003245999280367727,0.2600533803467764,0.1302,0.0,0.9862745098039216,0.0,False,single_elimination,13,False
27,1,Danelle Umstead,percent,18.0,0.07058823529411765,0.08396178362866423,8.396178362866424,0.008134247693769064,0.269129957650885,0.1302,0.0,0.9862745098039216,0.0,False,single_elimination,13,False
27,1,DeMarcus Ware,percent,23.0,0.09019607843137255,0.08047775180018861,8.047775180018862,0.0021557579248778678,0.2830432055831857,0.1302,0.0,0.9862745098039216,0.0,False,single_elimination,13,False
27,1,Evanna Lynch,percent,18.0,0.07058823529411765,0.08228651635604153,8.228651635604155,0.005805561653023619,0.2573083918840107,0.1302,0.0,0.9862745098039216,0.0,False,single_elimination,13,False
27,1,Joe Amabile,percent,14.0,0.054901960784313725,0.09879394534810879,9.87939453481088,0.022943376009745903,0.2755012561209155,0.1302,0.013725490196078438,1.0,0.0,False,single_elimination,13,False
27,1,John Schneider,percent,18.0,0.07058823529411765,0.08368861894338173,8.368861894338174,0.006706073685329319,0.29181998025078837,0.1302,0.0,0.9862745098039216,0.0,False,single_elimination,13,False
27,1,Juan Pablo Di Pace,percent,22.0,0.08627450980392157,0.07923597719854443,7.9235977198544445,0.0026346657795678504,0.2844188516080676,0.1302,0.0,0.9862745098039216,0.0,False,single_elimination,13,False
27,1,Mary Lou Retton,percent,20.0,0.0784313725490196,0.08027305472456445,8.027305472456446,0.0030051263024508386,0.26082875099850683,0.1302,0.0,0.9862745098039216,0.0,False,single_elimination,13,False
27,1,Milo Manheim,percent,20.0,0.0784313725490196,0.07744929878776648,7.744929878776649,0.0028171360653233947,0.2550776401579217,0.1302,0.0,0.9862745098039216,0.0,False,single_elimination,13,False
27,1,Nancy McKeon,percent,19.5,0.07647058823529412,0.08310305361110339,8.31030536111034,0.00282149189627542,0.2736894425899096,0.1302,0.0,0.9862745098039216,0.0,False,single_elimination,13,False
27,1,Nikki Glaser,percent,17.5,0.06862745098039216,0.009045588773224039,0.904558877322404,0.00034596368395027404,0.026461854871152966,0.1302,0.0,0.08521870286576166,0.0,False,single_elimination,13,True
27,1,Tinashe,percent,23.0,0.09019607843137255,0.08143461040992185,8.143461040992186,0.002927820300328673,0.2801071494640819,0.1302,0.0,0.9862745098039216,0.0,False,single_elimination,13,False
27,2,Alexis Ren,percent,24.5,0.09057301293900184,0.08759649596147971,8.759649596147966,0.0032203468836181125,0.32352825326630497,0.1893,0.0,0.9963031423290203,0.0,False,single_elimination,12,False
27,2,Bobby Bones,percent,19.5,0.07208872458410351,0.09522518095704448,9.522518095704443,0.006080792177089994,0.3056736031277238,0.1893,0.0,0.9963031423290203,0.0,False,single_elimination,12,False
27,2,Danelle Umstead,percent,18.5,0.06839186691312385,0.012476465599236401,1.2476465599236395,0.0006145600563328412,0.035072674336748794,0.1893,0.0,0.0982747997535428,0.0,False,single_elimination,12,True
27,2,DeMarcus Ware,percent,23.5,0.08687615526802218,0.08823093917438841,8.823093917438838,0.0038135760738724606,0.2849794513501464,0.1893,0.0,0.9963031423290203,0.0,False,single_elimination,12,False
27,2,Evanna Lynch,percent,24.0,0.08872458410351201,0.08727630470606074,8.72763047060607,0.0034909480721744984,0.29278695944692834,0.1893,0.0,0.9963031423290203,0.0,False,single_elimination,12,False
27,2,Joe Amabile,percent,17.5,0.06469500924214418,0.10246961588108841,10.246961588108837,0.014406696392427481,0.328517679174126,0.1893,0.0036968576709796724,1.0,0.0,False,single_elimination,12,False
27,2,John Schneider,percent,21.5,0.07948243992606285,0.0903178161316578,9.031781613165776,0.0036526373958189725,0.29255097043914324,0.1893,0.0,0.9963031423290203,0.0,False,single_elimination,12,False
27,2,Juan Pablo Di Pace,percent,26.0,0.09611829944547134,0.08599237305134695,8.599237305134691,0.002479983777065118,0.2826758690852877,0.1893,0.0,0.9963031423290203,0.0,False,single_elimination,12,False
27,2,Mary Lou Retton,percent,23.0,0.08502772643253234,0.08707303733947197,8.707303733947192,0.003305198331392979,0.2810010807394512,0.1893,0.0,0.9963031423290203,0.0,False,single_elimination,12,False
27,2,Milo Manheim,percent,26.0,0.09611829944547134,0.08573473125361093,8.573473125361089,0.0026649595191136563,0.30621990613336314,0.1893,0.0,0.9963031423290203,0.0,False,single_elimination,12,False
27,2,Nancy McKeon,percent,20.5,0.07578558225508318,0.09072343869605846,9.072343869605842,0.004648631182746961,0.3040909348112609,0.1893,0.0,0.9963031423290203,0.0,False,single_elimination,12,False
27,2,Tinashe,percent,26.0,0.09611829944547134,0.08688360124855599,8.688360124855594,0.002297722615885395,0.28461560425719784,0.1893,0.0,0.9963031423290203,0.0,False,single_elimination,12,False
27,3,Alexis Ren,percent,26.0,0.0959409594095941,0.09508982588184622,9.50898258818463,0.002933676434543891,0.28494873071161625,0.1458,0.0,0.981549815498155,0.0,False,single_elimination,11,False
27,3,Bobby Bones,percent,23.0,0.08487084870848709,0.10235370091222522,10.235370091222528,0.008026521572150273,0.3035097475564465,0.1458,0.0,0.981549815498155,0.0,False,single_elimination,11,False
27,3,DeMarcus Ware,percent,26.0,0.0959409594095941,0.0892477739804967,8.924777398049676,0.003125472824256205,0.28464118327779603,0.1458,0.0,0.981549815498155,0.0,False,single_elimination,11,False
27,3,Evanna Lynch,percent,27.0,0.0996309963099631,0.0963190429334173,9.631904293341737,0.0034763857029180296,0.29800448459703566,0.1458,0.0,0.981549815498155,0.0,False,single_elimination,11,False
27,3,Joe Amabile,percent,18.0,0.06642066420664207,0.1207110790972264,12.071107909722649,0.02539726831210218,0.33801907530454517,0.1458,0.014760147601476009,0.996309963099631,0.0,False,single_elimination,11,False
27,3,John Schneider,percent,21.0,0.07749077490774908,0.10664881989421417,10.664881989421424,0.014299687396625725,0.3242889841477503,0.1458,0.0036900369003689953,0.985239852398524,0.0,False,single_elimination,11,False
27,3,Juan Pablo Di Pace,percent,30.0,0.11070110701107011,0.09177150678103002,9.177150678103008,0.0024526649537265116,0.3177882172691507,0.1458,0.0,0.981549815498155,0.0,False,single_elimination,11,False
27,3,Mary Lou Retton,percent,24.0,0.08856088560885608,0.09454212489705854,9.454212489705862,0.006279684572495144,0.30167255542028615,0.1458,0.0,0.981549815498155,0.0,False,single_elimination,11,False
27,3,Milo Manheim,percent,27.0,0.0996309963099631,0.09701701308880231,9.701701308880239,0.0028472578148741167,0.31793070506178517,0.1458,0.0,0.981549815498155,0.0,False,single_elimination,11,False
27,3,Nancy McKeon,percent,22.0,0.08118081180811808,0.01229311095666923,1.2293110956669238,0.000391169834153652,0.03433118537039973,0.1458,0.0,0.10063737001006372,0.0,False,single_elimination,11,True
27,3,Tinashe,percent,27.0,0.0996309963099631,0.09400600157701322,9.400600157701328,0.004223635573570294,0.33137874415615903,0.1458,0.0,0.981549815498155,0.0,False,single_elimination,11,False
27,4,Alexis Ren,percent,25.0,0.10775862068965517,0.09735079016951928,9.735079016951929,0.01181191720139427,0.29921417301730646,0.0292,0.0043103448275862155,0.8706896551724138,0.0,False,single_elimination,10,False
27,4,Bobby Bones,percent,20.0,0.08620689655172414,0.13262501279568678,13.262501279568678,0.03374068950055019,0.34379538733381076,0.0292,0.025862068965517238,0.8922413793103449,0.0,False,single_elimination,10,False
27,4,DeMarcus Ware,percent,22.0,0.09482758620689655,0.10681827761118451,10.68182776111845,0.026269389416082062,0.28521912902088226,0.0292,0.017241379310344834,0.8836206896551725,0.0,False,single_elimination,10,False
27,4,Evanna Lynch,percent,24.0,0.10344827586206896,0.10701097776075834,10.701097776075834,0.014834705680226537,0.3064293855897063,0.0292,0.008620689655172417,0.875,0.0,False,single_elimination,10,False
27,4,Joe Amabile,percent,15.0,0.06465517241379311,0.14373382926692935,14.373382926692935,0.05899005768716253,0.34398282050808743,0.0292,0.04741379310344827,0.9137931034482759,0.0,False,single_elimination,10,False
27,4,John Schneider,percent,21.0,0.09051724137931035,0.1171238240782913,11.71238240782913,0.026184312945185285,0.30504526609004756,0.0292,0.021551724137931036,0.8879310344827587,0.0,False,single_elimination,10,False
27,4,Juan Pablo Di Pace,percent,24.0,0.10344827586206896,0.10610133781672856,10.610133781672856,0.01576160413244416,0.31614234398415025,0.0292,0.008620689655172417,0.875,0.0,False,single_elimination,10,False
27,4,Mary Lou Retton,percent,26.0,0.11206896551724138,0.09211876731608869,9.211876731608868,0.010099415616979352,0.2638459897006627,0.0292,0.0,0.8663793103448276,0.0,False,single_elimination,10,False
27,4,Milo Manheim,percent,29.0,0.125,0.08896272731151253,8.896272731151253,0.003026582581599468,0.2665527292268796,0.0292,0.0,0.8663793103448276,0.0,False,single_elimination,10,False
27,4,Tinashe,percent,26.0,0.11206896551724138,0.008154455873300616,0.8154455873300616,0.0002502115468251586,0.029445136026687965,0.0292,0.0,0.08793103448275863,0.0,False,single_elimination,10,True
27,5,Alexis Ren,percent,29.0,0.13063063063063063,0.11050432627591555,11.050432627591562,0.0029284303211386427,0.3678471305305013,1.0,0.0,1.0,0.0,False,no_elimination,9,False
27,5,Bobby Bones,percent,21.0,0.0945945945945946,0.11183431804892062,11.183431804892068,0.0027999241331644106,0.37156142025785677,1.0,0.0,1.0,0.0,False,no_elimination,9,False
27,5,DeMarcus Ware,percent,26.0,0.11711711711711711,0.11006852609611383,11.006852609611387,0.002738728650471014,0.36669218478154536,1.0,0.0,1.0,0.0,False,no_elimination,9,False
27,5,Evanna Lynch,percent,24.0,0.10810810810810811,0.11233665366895043,11.233665366895048,0.0033527575665289228,0.37268346366959804,1.0,0.0,1.0,0.0,False,no_elimination,9,False
27,5,Joe Amabile,percent,17.0,0.07657657657657657,0.11041788572428511,11.041788572428517,0.003343809528338825,0.36349112169456643,1.0,0.0,1.0,0.0,False,no_elimination,9,False
27,5,John Schneider,percent,24.0,0.10810810810810811,0.11066881754563303,11.066881754563308,0.003048383284799004,0.3696056601931769,1.0,0.0,1.0,0.0,False,no_elimination,9,False
27,5,Juan Pablo Di Pace,percent,29.0,0.13063063063063063,0.11240098960801831,11.240098960801836,0.003432066205985482,0.37493341970464095,1.0,0.0,1.0,0.0,False,no_elimination,9,False
27,5,Mary Lou Retton,percent,25.0,0.11261261261261261,0.11026200608544627,11.026200608544633,0.0032239124179057077,0.3689992139678815,1.0,0.0,1.0,0.0,False,no_elimination,9,False
27,5,Milo Manheim,percent,27.0,0.12162162162162163,0.11150647694671643,11.15064769467165,0.003280127803516221,0.3764975349647595,1.0,0.0,1.0,0.0,False,no_elimination,9,False
27,6,Alexis Ren,percent,27.0,0.11790393013100436,0.11742788486736183,11.742788486736186,0.0049532637835405895,0.3588143893557834,0.1254,0.0,0.9606986899563319,0.0,False,single_elimination,9,False
27,6,Bobby Bones,percent,22.0,0.09606986899563319,0.12977809395585502,12.977809395585505,0.020754787834102124,0.373384635440027,0.1254,0.008733624454148464,0.9694323144104804,0.0,False,single_elimination,9,False
27,6,DeMarcus Ware,percent,26.0,0.11353711790393013,0.11758707546874263,11.758707546874266,0.006864238639923426,0.3646219372580117,0.1254,0.0,0.9606986899563319,0.0,False,single_elimination,9,False
27,6,Evanna Lynch,percent,29.0,0.12663755458515283,0.11017061039372086,11.01706103937209,0.0043549245320853875,0.34752121635442257,0.1254,0.0,0.9606986899563319,0.0,False,single_elimination,9,False
27,6,Joe Amabile,percent,22.0,0.09606986899563319,0.13500595446822578,13.50059544682258,0.021040600351228192,0.4101130631156124,0.1254,0.008733624454148464,0.9694323144104804,0.0,False,single_elimination,9,False
27,6,John Schneider,percent,19.0,0.08296943231441048,0.15205804958477082,15.205804958477085,0.03586717360636999,0.39952483411785017,0.1254,0.021834061135371174,0.982532751091703,0.0,False,single_elimination,9,False
27,6,Juan Pablo Di Pace,percent,30.0,0.13100436681222707,0.10832170317863178,10.83217031786318,0.0036918485591672817,0.35600569281778005,0.1254,0.0,0.9606986899563319,0.0,False,single_elimination,9,False
27,6,Mary Lou Retton,percent,24.0,0.10480349344978165,0.015336742700512765,1.5336742700512769,0.0004606757760708682,0.0454273712921961,0.1254,0.0,0.11741872877244057,0.0,False,single_elimination,9,True
27,6,Milo Manheim,percent,30.0,0.13100436681222707,0.11431388538217839,11.431388538217842,0.004110854038690049,0.3812106872868524,0.1254,0.0,0.9606986899563319,0.0,False,single_elimination,9,False
27,7,Alexis Ren,percent,27.5,0.12643678160919541,0.16272167491758296,16.2721674917583,0.02806537104942016,0.4742257799408671,0.0437,0.0,0.9816091954022989,0.0,False,multi_elimination_2,8,False
27,7,Bobby Bones,percent,26.5,0.12183908045977011,0.16743473256963812,16.743473256963814,0.02986742543782879,0.4999262845757195,0.0437,0.0022988505747126436,0.9839080459770115,0.0,False,multi_elimination_2,8,False
27,7,DeMarcus Ware,percent,26.5,0.12183908045977011,0.024512771618282105,2.4512771618282114,0.0013655163692768482,0.07369336620253059,0.0437,0.0,0.1461412151067324,0.0,False,multi_elimination_2,8,True
27,7,Evanna Lynch,percent,29.5,0.135632183908046,0.1460767122829655,14.607671228296553,0.017720326048566343,0.45562873881740074,0.0437,0.0,0.9816091954022989,0.0,False,multi_elimination_2,8,False
27,7,Joe Amabile,percent,23.5,0.10804597701149425,0.16881399660071453,16.881399660071455,0.038756611654675664,0.42376208625784145,0.0437,0.016091954022988506,0.9977011494252873,0.0,False,multi_elimination_2,8,False
27,7,John Schneider,percent,27.0,0.12413793103448276,0.02235790144095253,2.2357901440952532,0.0007601512846844281,0.07123259920364523,0.0437,0.0,0.1441707717569787,0.0,False,multi_elimination_2,8,True
27,7,Juan Pablo Di Pace,percent,28.0,0.12873563218390804,0.15516215674550576,15.51621567455058,0.020663124468124086,0.4789044810735322,0.0437,0.0,0.9816091954022989,0.0,False,multi_elimination_2,8,False
27,7,Milo Manheim,percent,29.0,0.13333333333333333,0.1529200538243583,15.292005382435834,0.01870332806549536,0.44814864602382115,0.0437,0.0,0.9816091954022989,0.0,False,multi_elimination_2,8,False
27,8,Alexis Ren,percent,29.0,0.18012422360248448,0.21440512574633144,21.440512574633132,0.03653443492418466,0.5462378098622251,0.0674,0.0062111801242235865,0.9316770186335404,0.0,False,multi_elimination_2,6,False
27,8,Bobby Bones,percent,22.5,0.13975155279503104,0.2636279382309087,26.36279382309085,0.08461347058054193,0.6139932252731762,0.0674,0.04658385093167702,0.9720496894409938,0.0,False,multi_elimination_2,6,False
27,8,Evanna Lynch,percent,29.0,0.18012422360248448,0.2167556710186289,21.675567101862875,0.03811608503799042,0.5095361928844226,0.0674,0.0062111801242235865,0.9316770186335404,0.0,False,multi_elimination_2,6,False
27,8,Joe Amabile,percent,23.0,0.14285714285714285,0.052420215358525354,5.242021535852532,0.0015927197558416985,0.13726570686409093,0.0674,0.0,0.21987577639751554,0.0,False,multi_elimination_2,6,True
27,8,Juan Pablo Di Pace,percent,30.0,0.18633540372670807,0.04028841718799855,4.0288417187998515,0.0012514355535110486,0.11266007394771659,0.0674,0.0,0.18509316770186335,0.0,False,multi_elimination_2,6,True
27,8,Milo Manheim,percent,27.5,0.17080745341614906,0.21250263245760778,21.250263245760763,0.04834193594558092,0.5201755929849271,0.0674,0.015527950310559008,0.9409937888198757,0.0,False,multi_elimination_2,6,False
27,9,Alexis Ren,percent,28.5,0.24675324675324675,0.250263807482575,25.026380748257495,0.008312983962925425,0.7115147004458447,1.0,0.0,1.0,0.0,False,no_elimination,4,False
27,9,Bobby Bones,percent,27.0,0.23376623376623376,0.2511547401728424,25.115474017284235,0.008571496729727448,0.7137631547507853,1.0,0.0,1.0,0.0,False,no_elimination,4,False
27,9,Evanna Lynch,percent,30.0,0.2597402597402597,0.2510616494591603,25.106164945916028,0.008510257076249042,0.7050091274059737,1.0,0.0,1.0,0.0,False,no_elimination,4,False
27,9,Milo Manheim,percent,30.0,0.2597402597402597,0.24751980288542244,24.75198028854224,0.008690298970799168,0.7096644839880558,1.0,0.0,1.0,0.0,False,no_elimination,4,False
28,1,Ally Brooke,rank,16.0,7.0,6.5113,8.323036440335,1.0,12.0,1.0,1.0,12.0,0.0,False,no_elimination,12,False
28,1,Hannah Brown,rank,20.0,2.0,6.5098,8.324398503190979,1.0,12.0,1.0,1.0,12.0,0.0,False,no_elimination,12,False
28,1,James Van Der Beek,rank,21.0,1.0,6.5119,8.32249167759679,1.0,12.0,1.0,1.0,12.0,0.0,False,no_elimination,12,False
28,1,Karamo Brown,rank,17.0,5.0,6.5343,8.3021793623611,1.0,12.0,1.0,1.0,12.0,0.0,False,no_elimination,12,False
28,1,Kate Flannery,rank,15.0,9.0,6.4955,8.337394699253256,1.0,12.0,1.0,1.0,12.0,0.0,False,no_elimination,12,False
28,1,Kel Mitchell,rank,16.0,7.0,6.4857,8.346312898465156,1.0,12.0,1.0,1.0,12.0,0.0,False,no_elimination,12,False
28,1,Lamar Odom,rank,11.0,12.0,6.5505,8.287520104465793,1.0,12.0,1.0,1.0,12.0,0.0,False,no_elimination,12,False
28,1,Lauren Alaina,rank,19.0,3.0,6.4705,8.360164083480095,1.0,12.0,1.0,1.0,12.0,0.0,False,no_elimination,12,False
28,1,Mary Wilson,rank,17.0,5.0,6.4591,8.370567555267327,1.0,12.0,1.0,1.0,12.0,0.0,False,no_elimination,12,False
28,1,Ray Lewis,rank,15.0,9.0,6.4837,8.34813411085895,1.0,12.0,1.0,1.0,12.0,0.0,False,no_elimination,12,False
28,1,Sailor Brinkley-Cook,rank,18.0,4.0,6.4841,8.347769836591063,1.0,12.0,1.0,1.0,12.0,0.0,False,no_elimination,12,False
28,1,Sean Spicer,rank,12.0,11.0,6.5036,8.330030728134496,1.0,12.0,1.0,1.0,12.0,0.0,False,no_elimination,12,False
28,2,Ally Brooke,rank,20.0,3.0,6.644802668148972,8.140789392664088,1.0,12.0,0.1799,10.0,12.0,0.0,False,single_elimination,12,False
28,2,Hannah Brown,rank,24.0,1.0,6.418565869927738,8.344207038799047,1.0,12.0,0.1799,1.0,12.0,0.0,False,single_elimination,12,False
28,2,James Van Der Beek,rank,20.0,3.0,6.434685936631462,8.329546205422822,1.0,12.0,0.1799,1.0,11.0,0.0,False,single_elimination,12,False
28,2,Karamo Brown,rank,19.0,6.0,6.501389660922735,8.26915401066605,1.0,12.0,0.1799,1.0,9.0,0.0,False,single_elimination,12,False
28,2,Kate Flannery,rank,21.0,2.0,6.400222345747638,8.360921447493382,1.0,12.0,0.1799,1.0,12.0,0.0,False,single_elimination,12,False
28,2,Kel Mitchell,rank,20.0,3.0,6.553085047248471,8.222651392919637,1.0,12.0,0.1799,1.0,11.0,0.0,False,single_elimination,12,False
28,2,Lamar Odom,rank,12.0,12.0,4.420789327404114,10.37611768999369,1.0,11.0,0.1799,1.0,3.0,0.0,False,single_elimination,12,False
28,2,Lauren Alaina,rank,19.0,6.0,6.603112840466926,8.177897870154732,1.0,12.0,0.1799,1.0,9.0,0.0,False,single_elimination,12,False
28,2,Mary Wilson,rank,15.0,10.0,9.832684824902724,5.7495304450440585,6.0,12.0,0.1799,3.0,12.0,0.0,False,single_elimination,12,True
28,2,Ray Lewis,rank,15.0,10.0,5.744302390216787,8.98111057085194,1.0,12.0,0.1799,1.0,5.0,0.0,False,single_elimination,12,False
28,2,Sailor Brinkley-Cook,rank,18.0,8.0,6.2590327959977765,8.490697380496755,1.0,12.0,0.1799,1.0,7.0,0.0,False,single_elimination,12,False
28,2,Sean Spicer,rank,16.0,9.0,6.187326292384658,8.5573765554938,1.0,12.0,0.1799,1.0,6.0,0.0,False,single_elimination,12,False
28,3,Ally Brooke,rank,24.0,1.0,5.5042,9.994307660083994,1.0,10.0,1.0,1.0,10.0,0.0,False,no_elimination,10,False
28,3,Hannah Brown,rank,21.0,5.0,5.5249,9.966761402264316,1.0,10.0,1.0,1.0,10.0,0.0,False,no_elimination,10,False
28,3,James Van Der Beek,rank,23.0,3.0,5.5143,9.980857717429101,1.0,10.0,1.0,1.0,10.0,0.0,False,no_elimination,10,False
28,3,Karamo Brown,rank,16.0,8.0,5.4277,10.096771274291314,1.0,10.0,1.0,1.0,10.0,0.0,False,no_elimination,10,False
28,3,Kate Flannery,rank,24.0,1.0,5.4488,10.0684056108487,1.0,10.0,1.0,1.0,10.0,0.0,False,no_elimination,10,False
28,3,Kel Mitchell,rank,20.0,6.0,5.5068,9.990843567239285,1.0,10.0,1.0,1.0,10.0,0.0,False,no_elimination,10,False
28,3,Lamar Odom,rank,12.0,10.0,5.5352,9.953083111181574,1.0,10.0,1.0,1.0,10.0,0.0,False,no_elimination,10,False
28,3,Lauren Alaina,rank,20.0,6.0,5.514,9.981256959722593,1.0,10.0,1.0,1.0,10.0,0.0,False,no_elimination,10,False
28,3,Sailor Brinkley-Cook,rank,23.0,3.0,5.5054,9.992708698778697,1.0,10.0,1.0,1.0,10.0,0.0,False,no_elimination,10,False
28,3,Sean Spicer,rank,15.0,9.0,5.5187,9.975003998160425,1.0,10.0,1.0,1.0,10.0,0.0,False,no_elimination,10,False
28,4,Ally Brooke,rank,32.0,1.0,5.455491098219644,10.023991580709378,1.0,10.0,0.4999,9.0,10.0,0.0,False,single_elimination,10,False
28,4,Hannah Brown,rank,32.0,1.0,5.4672934586917386,10.008229750814623,1.0,10.0,0.4999,1.0,9.0,0.0,False,single_elimination,10,False
28,4,James Van Der Beek,rank,28.0,6.0,5.30626125225045,10.225439567342939,1.0,10.0,0.4999,1.0,5.0,0.0,False,single_elimination,10,False
28,4,Karamo Brown,rank,28.0,6.0,5.376675335067014,10.129886826650411,1.0,10.0,0.4999,1.0,5.0,0.0,False,single_elimination,10,False
28,4,Kate Flannery,rank,26.0,8.0,5.204240848169634,10.365483695383118,1.0,10.0,0.4999,1.0,3.0,0.0,False,single_elimination,10,False
28,4,Kel Mitchell,rank,32.0,1.0,5.491898379675935,9.975449989482291,1.0,10.0,0.4999,1.0,9.0,0.0,False,single_elimination,10,False
28,4,Lamar Odom,rank,20.0,10.0,7.303260652130426,7.835087972010117,3.0,10.0,0.4999,1.0,10.0,0.0,False,single_elimination,10,True
28,4,Lauren Alaina,rank,32.0,1.0,5.4482896579315865,10.033621160001076,1.0,10.0,0.4999,1.0,9.0,0.0,False,single_elimination,10,False
28,4,Sailor Brinkley-Cook,rank,31.0,5.0,5.325265053010602,10.199562736234263,1.0,10.0,0.4999,1.0,6.0,0.0,False,single_elimination,10,False
28,4,Sean Spicer,rank,21.0,9.0,4.62132426485297,11.203246721371778,1.0,10.0,0.4999,1.0,2.0,0.0,False,single_elimination,10,False
28,5,Ally Brooke,rank,27.0,1.0,5.021,11.075995929221758,1.0,9.0,1.0,1.0,9.0,0.0,False,no_elimination,9,False
28,5,Hannah Brown,rank,25.0,4.0,5.0485,11.030401549074163,1.0,9.0,1.0,1.0,9.0,0.0,False,no_elimination,9,False
28,5,James Van Der Beek,rank,26.0,2.0,5.0387,11.046628162990519,1.0,9.0,1.0,1.0,9.0,0.0,False,no_elimination,9,False
28,5,Karamo Brown,rank,21.0,8.0,4.9814,11.141983133014541,1.0,9.0,1.0,1.0,9.0,0.0,False,no_elimination,9,False
28,5,Kate Flannery,rank,24.0,5.0,4.9333,11.222663244831082,1.0,9.0,1.0,1.0,9.0,0.0,False,no_elimination,9,False
28,5,Kel Mitchell,rank,26.0,2.0,4.9754,11.152015431691478,1.0,9.0,1.0,1.0,9.0,0.0,False,no_elimination,9,False
28,5,Lauren Alaina,rank,23.0,7.0,4.9622,11.174118296861737,1.0,9.0,1.0,1.0,9.0,0.0,False,no_elimination,9,False
28,5,Sailor Brinkley-Cook,rank,24.0,5.0,5.0058,11.101278010560915,1.0,9.0,1.0,1.0,9.0,0.0,False,no_elimination,9,False
28,5,Sean Spicer,rank,19.0,9.0,5.0337,11.054916241753796,1.0,9.0,1.0,1.0,9.0,0.0,False,no_elimination,9,False
28,6,Ally Brooke,rank,25.0,6.0,,,,,0.0,4.0,8.0,0.0,False,single_elimination,9,False
28,6,Hannah Brown,rank,24.0,8.0,,,,,0.0,2.0,2.0,0.0,False,single_elimination,9,False
28,6,James Van Der Beek,rank,27.0,1.0,,,,,0.0,3.0,8.0,0.0,False,single_elimination,9,False
28,6,Karamo Brown,rank,25.0,6.0,,,,,0.0,3.0,4.0,0.0,False,single_elimination,9,False
28,6,Kate Flannery,rank,27.0,1.0,,,,,0.0,3.0,8.0,0.0,False,single_elimination,9,False
28,6,Kel Mitchell,rank,26.0,4.0,,,,,0.0,3.0,6.0,0.0,False,single_elimination,9,False
28,6,Lauren Alaina,rank,26.0,4.0,,,,,0.0,3.0,6.0,0.0,False,single_elimination,9,False
28,6,Sailor Brinkley-Cook,rank,27.0,1.0,,,,,0.0,9.0,9.0,0.0,False,single_elimination,9,True
28,6,Sean Spicer,rank,21.0,9.0,,,,,0.0,1.0,1.0,0.0,False,single_elimination,9,False
28,7,Ally Brooke,rank,27.0,1.0,4.495387453874539,12.333189844245187,1.0,8.0,0.1084,8.0,8.0,0.0,False,single_elimination,8,False
28,7,Hannah Brown,rank,26.0,4.0,4.595018450184502,12.124332579158079,1.0,8.0,0.1084,3.0,5.0,0.0,False,single_elimination,8,False
28,7,James Van Der Beek,rank,27.0,1.0,4.3099630996309966,12.731522716749563,1.0,8.0,0.1084,3.0,7.0,0.0,False,single_elimination,8,False
28,7,Karamo Brown,rank,24.5,6.0,6.777675276752768,8.339845146173728,4.0,8.0,0.1084,3.0,7.0,0.0,False,single_elimination,8,True
28,7,Kate Flannery,rank,24.0,7.0,4.083948339483395,13.234491436220186,1.0,8.0,0.1084,2.0,2.0,0.0,False,single_elimination,8,False
28,7,Kel Mitchell,rank,25.5,5.0,4.294280442804428,12.76579690012414,1.0,8.0,0.1084,3.0,4.0,0.0,False,single_elimination,8,False
28,7,Lauren Alaina,rank,27.0,1.0,4.582103321033211,12.151205857963372,1.0,8.0,0.1084,3.0,7.0,0.0,False,single_elimination,8,False
28,7,Sean Spicer,rank,21.0,8.0,2.8616236162361623,16.319615519365744,1.0,8.0,0.1084,1.0,1.0,0.0,False,single_elimination,8,False
28,8,Ally Brooke,rank,30.0,3.0,4.218550106609808,13.350592563496946,1.0,7.0,0.0938,5.0,7.0,0.0,False,single_elimination,7,False
28,8,Hannah Brown,rank,30.9998,2.0,4.047974413646055,13.813907979256687,1.0,7.0,0.0938,1.0,7.0,0.0,False,single_elimination,7,False
28,8,James Van Der Beek,rank,31.9998,1.0,3.9957356076759063,13.958988956985744,1.0,7.0,0.0938,1.0,7.0,0.0,False,single_elimination,7,False
28,8,Kate Flannery,rank,25.9998,5.0,6.038379530916845,9.277525715651068,4.0,7.0,0.0938,3.0,7.0,0.0,False,single_elimination,7,True
28,8,Kel Mitchell,rank,29.9998,4.0,4.301705756929637,13.130393279080918,1.0,7.0,0.0938,1.0,6.0,0.0,False,single_elimination,7,False
28,8,Lauren Alaina,rank,24.0,6.0,3.3240938166311302,15.965849400012189,1.0,7.0,0.0938,1.0,4.0,0.0,False,single_elimination,7,False
28,8,Sean Spicer,rank,20.0,7.0,2.0735607675906182,20.502742105516454,1.0,6.0,0.0938,1.0,3.0,0.0,False,single_elimination,7,False
28,9,Ally Brooke,rank,40.0,1.0,3.5015529879488136,16.635614797553373,1.0,6.0,0.8049,5.0,6.0,0.0,False,single_elimination,6,False
28,9,Hannah Brown,rank,35.5,4.0,3.294943471238663,17.481307214535363,1.0,6.0,0.8049,1.0,3.0,0.0,False,single_elimination,6,False
28,9,James Van Der Beek,rank,36.0,3.0,3.395328612249969,17.065172949021676,1.0,6.0,0.8049,1.0,4.0,0.0,False,single_elimination,6,False
28,9,Kel Mitchell,rank,37.0,2.0,3.483538327742577,16.707694892578058,1.0,6.0,0.8049,1.0,5.0,0.0,False,single_elimination,6,False
28,9,Lauren Alaina,rank,35.0,5.0,3.33594235308734,17.31013934674782,1.0,6.0,0.8049,1.0,2.0,0.0,False,single_elimination,6,False
28,9,Sean Spicer,rank,25.0,6.0,3.9886942477326377,14.800070799563706,1.0,6.0,0.8049,1.0,6.0,0.0,False,single_elimination,6,True
28,10,Ally Brooke,rank,29.5,1.0,3.040962175352972,19.708451460424357,1.0,5.0,0.5737,4.0,5.0,0.0,False,single_elimination,5,False
28,10,Hannah Brown,rank,27.0,3.0,2.8373714484922434,20.94970929101172,1.0,5.0,0.5737,1.0,3.0,0.0,False,single_elimination,5,False
28,10,James Van Der Beek,rank,25.5,5.0,3.4409970367788043,17.479645565732273,1.0,5.0,0.5737,1.0,5.0,0.0,False,single_elimination,5,True
28,10,Kel Mitchell,rank,28.5,2.0,2.842077740979606,20.920151524211587,1.0,5.0,0.5737,1.0,4.0,0.0,False,single_elimination,5,False
28,10,Lauren Alaina,rank,27.0,3.0,2.8385915983963743,20.942042158620065,1.0,5.0,0.5737,1.0,3.0,0.0,False,single_elimination,5,False
28,11,Ally Brooke,rank,30.0,1.0,2.4946,25.05371767945352,1.0,4.0,1.0,1.0,4.0,0.0,False,no_elimination,4,False
28,11,Hannah Brown,rank,29.0,3.0,2.4886,25.113918814349546,1.0,4.0,1.0,1.0,4.0,0.0,False,no_elimination,4,False
28,11,Kel Mitchell,rank,29.5,2.0,2.5222,24.778645826743425,1.0,4.0,1.0,1.0,4.0,0.0,False,no_elimination,4,False
28,11,Lauren Alaina,rank,28.5,4.0,2.4946,25.05371767945352,1.0,4.0,1.0,1.0,4.0,0.0,False,no_elimination,4,False
29,1,AJ McLean,rank,18.0,6.0,7.9507,6.694847905213508,1.0,15.0,1.0,1.0,15.0,0.0,False,no_elimination,15,False
29,1,Anne Heche,rank,18.0,6.0,7.9227,6.710934836782176,1.0,15.0,1.0,1.0,15.0,0.0,False,no_elimination,15,False
29,1,Carole Baskin,rank,11.0,15.0,8.0316,6.648584504223887,1.0,15.0,1.0,1.0,15.0,0.0,False,no_elimination,15,False
29,1,Charles Oakley,rank,12.0,14.0,8.0089,6.661533343359029,1.0,15.0,1.0,1.0,15.0,0.0,False,no_elimination,15,False
29,1,Chrishell Stause,rank,13.0,13.0,8.0268,6.651320484640144,1.0,15.0,1.0,1.0,15.0,0.0,False,no_elimination,15,False
29,1,Jeannie Mai,rank,18.0,6.0,8.0331,6.6477297411664305,1.0,15.0,1.0,1.0,15.0,0.0,False,no_elimination,15,False
29,1,Jesse Metcalfe,rank,18.0,6.0,8.0517,6.637139804543072,1.0,15.0,1.0,1.0,15.0,0.0,False,no_elimination,15,False
29,1,Johnny Weir,rank,18.0,6.0,8.022,6.654057590948511,1.0,15.0,1.0,1.0,15.0,0.0,False,no_elimination,15,False
29,1,Justina Machado,rank,21.0,1.0,7.8928,6.728156062408336,1.0,15.0,1.0,1.0,15.0,0.0,False,no_elimination,15,False
29,1,Kaitlyn Bristowe,rank,20.0,3.0,7.9688,6.6844693797441606,1.0,15.0,1.0,1.0,15.0,0.0,False,no_elimination,15,False
29,1,Monica Aldama,rank,19.0,5.0,8.0031,6.664845900417114,1.0,15.0,1.0,1.0,15.0,0.0,False,no_elimination,15,False
29,1,Nelly,rank,16.0,12.0,8.0327,6.647957667236266,1.0,15.0,1.0,1.0,15.0,0.0,False,no_elimination,15,False
29,1,Nev Schulman,rank,20.0,3.0,8.0046,6.6639890467431195,1.0,15.0,1.0,1.0,15.0,0.0,False,no_elimination,15,False
29,1,Skai Jackson,rank,21.0,1.0,8.0025,6.665188672734636,1.0,15.0,1.0,1.0,15.0,0.0,False,no_elimination,15,False
29,1,Veron Davis,rank,17.0,11.0,8.048,6.639245059839635,1.0,15.0,1.0,1.0,15.0,0.0,False,no_elimination,15,False
29,2,AJ McLean,rank,19.0,5.0,8.187957948391208,6.54069898739828,1.0,15.0,0.3139,10.0,15.0,0.0,False,single_elimination,15,False
29,2,Anne Heche,rank,18.0,6.0,7.850907932462568,6.732415805408029,1.0,15.0,0.3139,1.0,14.0,0.0,False,single_elimination,15,False
29,2,Carole Baskin,rank,16.0,12.0,7.422746097483275,6.984082462309861,1.0,15.0,0.3139,1.0,8.0,0.0,False,single_elimination,15,False
29,2,Charles Oakley,rank,15.0,14.0,11.269194010831475,5.022551594644272,6.0,15.0,0.3139,2.0,15.0,0.0,False,single_elimination,15,True
29,2,Chrishell Stause,rank,18.0,6.0,7.81267919719656,6.754512423156994,1.0,15.0,0.3139,1.0,14.0,0.0,False,single_elimination,15,False
29,2,Jeannie Mai,rank,18.0,6.0,7.852500796431984,6.73149668336271,1.0,15.0,0.3139,1.0,14.0,0.0,False,single_elimination,15,False
29,2,Jesse Metcalfe,rank,20.0,4.0,8.023574386747372,6.633509882328253,1.0,15.0,0.3139,1.0,15.0,0.0,False,single_elimination,15,False
29,2,Johnny Weir,rank,18.0,6.0,7.926728257406817,6.68880447535337,1.0,15.0,0.3139,1.0,14.0,0.0,False,single_elimination,15,False
29,2,Justina Machado,rank,21.0,2.0,7.944249761070404,6.678766479663197,1.0,15.0,0.3139,1.0,15.0,0.0,False,single_elimination,15,False
29,2,Kaitlyn Bristowe,rank,22.0,1.0,7.877986619942657,6.716807784310573,1.0,15.0,0.3139,1.0,15.0,0.0,False,single_elimination,15,False
29,2,Monica Aldama,rank,16.0,12.0,7.295316979929914,7.060784198250003,1.0,15.0,0.3139,1.0,8.0,0.0,False,single_elimination,15,False
29,2,Nelly,rank,18.0,6.0,7.929913985345651,6.686978263731475,1.0,15.0,0.3139,1.0,14.0,0.0,False,single_elimination,15,False
29,2,Nev Schulman,rank,21.0,2.0,7.920993947116917,6.692092913183591,1.0,15.0,0.3139,1.0,15.0,0.0,False,single_elimination,15,False
29,2,Skai Jackson,rank,15.0,14.0,6.8591908251035365,7.329727677378309,1.0,15.0,0.3139,1.0,6.0,0.0,False,single_elimination,15,False
29,2,Veron Davis,rank,18.0,6.0,7.826059254539662,6.746770369521093,1.0,15.0,0.3139,1.0,14.0,0.0,False,single_elimination,15,False
29,3,AJ McLean,rank,21.0,7.0,7.485184347432708,7.125773758025927,1.0,14.0,0.4421,7.0,14.0,0.0,False,single_elimination,14,False
29,3,Anne Heche,rank,15.0,13.0,6.7310563220990725,7.639484565082448,1.0,14.0,0.4421,1.0,8.0,0.0,False,single_elimination,14,False
29,3,Carole Baskin,rank,12.0,14.0,10.921284777199729,5.188993857686927,6.0,14.0,0.4421,1.0,14.0,0.0,False,single_elimination,14,True
29,3,Chrishell Stause,rank,22.0,4.0,7.3334087310563225,7.2263088606317165,1.0,14.0,0.4421,1.0,14.0,0.0,False,single_elimination,14,False
29,3,Jeannie Mai,rank,22.0,4.0,7.455553042298122,7.145290835222375,1.0,14.0,0.4421,1.0,14.0,0.0,False,single_elimination,14,False
29,3,Jesse Metcalfe,rank,20.0,9.0,7.042976702103596,7.422660012130895,1.0,14.0,0.4421,1.0,12.0,0.0,False,single_elimination,14,False
29,3,Johnny Weir,rank,24.0,1.0,7.405790545125537,7.1781879499578025,1.0,14.0,0.4421,1.0,14.0,0.0,False,single_elimination,14,False
29,3,Justina Machado,rank,19.0,10.0,7.070798461886451,7.403621872453169,1.0,14.0,0.4421,1.0,11.0,0.0,False,single_elimination,14,False
29,3,Kaitlyn Bristowe,rank,23.0,3.0,7.242705270300837,7.2870660440627875,1.0,14.0,0.4421,1.0,14.0,0.0,False,single_elimination,14,False
29,3,Monica Aldama,rank,21.0,7.0,7.380004523863379,7.195294168751766,1.0,14.0,0.4421,1.0,13.0,0.0,False,single_elimination,14,False
29,3,Nelly,rank,18.0,11.0,6.945939832617055,7.4894452894148476,1.0,14.0,0.4421,1.0,10.0,0.0,False,single_elimination,14,False
29,3,Nev Schulman,rank,24.0,1.0,7.551232752770867,7.082461678652295,1.0,14.0,0.4421,1.0,14.0,0.0,False,single_elimination,14,False
29,3,Skai Jackson,rank,18.0,11.0,6.888939154037548,7.5289556156215385,1.0,14.0,0.4421,1.0,10.0,0.0,False,single_elimination,14,False
29,3,Veron Davis,rank,22.0,4.0,7.545125537208777,7.086455492305498,1.0,14.0,0.4421,1.0,14.0,0.0,False,single_elimination,14,False
29,4,AJ McLean,rank,24.0,3.0,6.93794506612411,7.695044659192904,1.0,13.0,0.1966,10.0,13.0,0.0,False,single_elimination,13,False
29,4,Anne Heche,rank,21.0,10.0,10.769074262461851,5.245988300695146,7.0,13.0,0.1966,4.0,13.0,0.0,False,single_elimination,13,True
29,4,Chrishell Stause,rank,22.0,8.0,6.517802644964394,8.025233884310602,1.0,13.0,0.1966,1.0,8.0,0.0,False,single_elimination,13,False
29,4,Jeannie Mai,rank,21.0,10.0,6.3346897253306205,8.173539979203877,1.0,13.0,0.1966,1.0,6.0,0.0,False,single_elimination,13,False
29,4,Jesse Metcalfe,rank,21.0,10.0,6.1805696846388605,8.300486346803718,1.0,13.0,0.1966,1.0,6.0,0.0,False,single_elimination,13,False
29,4,Johnny Weir,rank,24.0,3.0,6.914038657171923,7.713462754399643,1.0,13.0,0.1966,1.0,12.0,0.0,False,single_elimination,13,False
29,4,Justina Machado,rank,24.0,3.0,6.94557477110885,7.6891758062990085,1.0,13.0,0.1966,1.0,12.0,0.0,False,single_elimination,13,False
29,4,Kaitlyn Bristowe,rank,25.0,2.0,7.0488301119023395,7.610189449399458,1.0,13.0,0.1966,1.0,13.0,0.0,False,single_elimination,13,False
29,4,Monica Aldama,rank,24.0,3.0,7.049338758901323,7.609802369241386,1.0,13.0,0.1966,1.0,12.0,0.0,False,single_elimination,13,False
29,4,Nelly,rank,21.0,10.0,5.9923702950152595,8.458180233428628,1.0,13.0,0.1966,1.0,6.0,0.0,False,single_elimination,13,False
29,4,Nev Schulman,rank,24.0,3.0,6.922177009155646,7.7071878206361,1.0,13.0,0.1966,1.0,12.0,0.0,False,single_elimination,13,False
29,4,Skai Jackson,rank,28.0,1.0,6.8194303153611395,7.786784843640119,1.0,13.0,0.1966,1.0,13.0,0.0,False,single_elimination,13,False
29,4,Veron Davis,rank,22.0,8.0,6.568158697863683,7.9849235527494065,1.0,13.0,0.1966,1.0,8.0,0.0,False,single_elimination,13,False
29,5,AJ McLean,rank,24.0,5.0,6.423240938166312,8.370341281028594,1.0,12.0,0.3752,7.0,12.0,0.0,False,single_elimination,12,False
29,5,Chrishell Stause,rank,19.0,11.0,5.161247334754798,9.605796203254446,1.0,12.0,0.3752,1.0,6.0,0.0,False,single_elimination,12,False
29,5,Jeannie Mai,rank,24.0,5.0,6.4304371002132195,8.363772841532981,1.0,12.0,0.3752,1.0,11.0,0.0,False,single_elimination,12,False
29,5,Jesse Metcalfe,rank,19.0,11.0,8.963486140724946,6.344428330844186,5.0,12.0,0.3752,2.0,12.0,0.0,False,single_elimination,12,True
29,5,Johnny Weir,rank,29.0,1.0,6.320362473347548,8.464811635990534,1.0,12.0,0.3752,1.0,12.0,0.0,False,single_elimination,12,False
29,5,Justina Machado,rank,24.0,5.0,6.446162046908316,8.349437517303167,1.0,12.0,0.3752,1.0,11.0,0.0,False,single_elimination,12,False
29,5,Kaitlyn Bristowe,rank,27.0,2.0,6.497867803837953,8.302474022340789,1.0,12.0,0.3752,1.0,12.0,0.0,False,single_elimination,12,False
29,5,Monica Aldama,rank,26.0,3.0,6.6138059701492535,8.198127261201762,1.0,12.0,0.3752,1.0,12.0,0.0,False,single_elimination,12,False
29,5,Nelly,rank,24.0,5.0,6.448027718550106,8.347738347444912,1.0,12.0,0.3752,1.0,11.0,0.0,False,single_elimination,12,False
29,5,Nev Schulman,rank,26.0,3.0,6.513859275053305,8.288002782432393,1.0,12.0,0.3752,1.0,12.0,0.0,False,single_elimination,12,False
29,5,Skai Jackson,rank,24.0,5.0,6.332356076759062,8.453743577122829,1.0,12.0,0.3752,1.0,11.0,0.0,False,single_elimination,12,False
29,5,Veron Davis,rank,21.0,10.0,5.849147121535181,8.911326199503396,1.0,12.0,0.3752,1.0,7.0,0.0,False,single_elimination,12,False
29,6,AJ McLean,rank,27.0,1.0,6.081275258194881,8.9410944473963,1.0,11.0,0.2227,11.0,11.0,0.0,False,single_elimination,11,False
29,6,Chrishell Stause,rank,24.0,7.0,5.844634036820835,9.19863358510725,1.0,11.0,0.2227,2.0,5.0,0.0,False,single_elimination,11,False
29,6,Jeannie Mai,rank,25.0,6.0,5.892231701841042,9.146243329165546,1.0,11.0,0.2227,2.0,6.0,0.0,False,single_elimination,11,False
29,6,Johnny Weir,rank,22.0,9.0,5.521778176919623,9.562007101228007,1.0,11.0,0.2227,2.0,3.0,0.0,False,single_elimination,11,False
29,6,Justina Machado,rank,27.0,1.0,6.040862146385272,8.98456025146562,1.0,11.0,0.2227,2.0,10.0,0.0,False,single_elimination,11,False
29,6,Kaitlyn Bristowe,rank,27.0,1.0,6.072743601257296,8.950253016919325,1.0,11.0,0.2227,2.0,10.0,0.0,False,single_elimination,11,False
29,6,Monica Aldama,rank,27.0,1.0,6.01930848675348,9.007828347684042,1.0,11.0,0.2227,2.0,10.0,0.0,False,single_elimination,11,False
29,6,Nelly,rank,24.0,7.0,5.845083071396497,9.198137937917707,1.0,11.0,0.2227,2.0,5.0,0.0,False,single_elimination,11,False
29,6,Nev Schulman,rank,26.0,5.0,5.907498877413561,9.129502192911854,1.0,11.0,0.2227,2.0,7.0,0.0,False,single_elimination,11,False
29,6,Skai Jackson,rank,18.0,11.0,4.11585092052088,11.319296493453496,1.0,11.0,0.2227,1.0,1.0,0.0,False,single_elimination,11,False
29,6,Veron Davis,rank,21.0,10.0,8.658733722496633,6.562443296750857,5.0,11.0,0.2227,2.0,10.0,0.0,False,single_elimination,11,True
29,7,AJ McLean,rank,26.0,5.0,5.352746037596757,10.175696689098526,1.0,10.0,0.5426,5.0,10.0,0.0,False,single_elimination,10,False
29,7,Chrishell Stause,rank,26.0,5.0,5.3759675635827495,10.144239385988824,1.0,10.0,0.5426,1.0,9.0,0.0,False,single_elimination,10,False
29,7,Jeannie Mai,rank,25.0,8.0,5.112421673424254,10.507039364627186,1.0,10.0,0.5426,1.0,7.0,0.0,False,single_elimination,10,False
29,7,Johnny Weir,rank,27.0,2.0,5.504054552156284,9.972464360865356,1.0,10.0,0.5426,1.0,10.0,0.0,False,single_elimination,10,False
29,7,Justina Machado,rank,26.0,5.0,5.412274235164025,10.095250913171702,1.0,10.0,0.5426,1.0,9.0,0.0,False,single_elimination,10,False
29,7,Kaitlyn Bristowe,rank,24.0,9.0,4.9351271654994475,10.75837709695354,1.0,10.0,0.5426,1.0,6.0,0.0,False,single_elimination,10,False
29,7,Monica Aldama,rank,22.0,10.0,6.9467379284924435,8.22739917838869,3.0,10.0,0.5426,1.0,10.0,0.0,False,single_elimination,10,True
29,7,Nelly,rank,27.0,2.0,5.4653520088462955,10.024058666273385,1.0,10.0,0.5426,1.0,10.0,0.0,False,single_elimination,10,False
29,7,Nev Schulman,rank,30.0,1.0,5.441208993733874,10.056378792031868,1.0,10.0,0.5426,1.0,10.0,0.0,False,single_elimination,10,False
29,7,Skai Jackson,rank,27.0,2.0,5.45410984150387,10.039095552600925,1.0,10.0,0.5426,1.0,10.0,0.0,False,single_elimination,10,False
29,8,AJ McLean,rank,27.0,5.0,4.069444444444445,13.212568029506674,1.0,8.0,0.0864,4.0,8.0,0.0,False,single_elimination,8,False
29,8,Chrishell Stause,rank,27.0,5.0,7.289351851851852,7.607878636862919,5.0,8.0,0.0864,4.0,8.0,0.0,False,single_elimination,8,True
29,8,Johnny Weir,rank,30.0,1.0,4.561342592592593,12.14409572641796,1.0,8.0,0.0864,1.0,8.0,0.0,False,single_elimination,8,False
29,8,Justina Machado,rank,28.9998,3.0,4.381944444444445,12.523377172197264,1.0,8.0,0.0864,1.0,8.0,0.0,False,single_elimination,8,False
29,8,Kaitlyn Bristowe,rank,28.0,4.0,4.230324074074074,12.853152795449626,1.0,8.0,0.0864,1.0,7.0,0.0,False,single_elimination,8,False
29,8,Nelly,rank,24.0,8.0,2.857638888888889,16.263227786858163,1.0,8.0,0.0864,1.0,4.0,0.0,False,single_elimination,8,False
29,8,Nev Schulman,rank,30.0,1.0,4.513888888888889,12.243289902680992,1.0,8.0,0.0864,1.0,8.0,0.0,False,single_elimination,8,False
29,8,Skai Jackson,rank,26.9998,7.0,4.096064814814815,13.152409950026406,1.0,8.0,0.0864,1.0,5.0,0.0,False,single_elimination,8,False
29,9,AJ McLean,rank,24.9998,6.0,5.350262697022767,10.826243003318917,3.0,7.0,0.2855,2.0,6.0,0.0,False,single_elimination,7,True
29,9,Johnny Weir,rank,30.0,1.0,3.9302977232924694,14.381836973167875,1.0,7.0,0.2855,7.0,7.0,0.0,False,single_elimination,7,False
29,9,Justina Machado,rank,25.9998,5.0,3.9274956217162873,14.389899105658463,1.0,7.0,0.2855,2.0,3.0,0.0,False,single_elimination,7,False
29,9,Kaitlyn Bristowe,rank,30.0,1.0,3.939754816112084,14.354660608775438,1.0,7.0,0.2855,2.0,6.0,0.0,False,single_elimination,7,False
29,9,Nelly,rank,24.0,7.0,3.123292469352014,16.900904478368677,1.0,7.0,0.2855,1.0,1.0,0.0,False,single_elimination,7,False
29,9,Nev Schulman,rank,28.9998,3.0,3.914535901926445,14.427245296409708,1.0,7.0,0.2855,2.0,5.0,0.0,False,single_elimination,7,False
29,9,Skai Jackson,rank,28.9998,3.0,3.8143607705779337,14.719210534300926,1.0,7.0,0.2855,2.0,5.0,0.0,False,single_elimination,7,False
29,10,Johnny Weir,rank,28.5,4.0,5.293103448275862,10.371670911426062,4.0,6.0,0.0986,3.0,6.0,0.0,False,multi_elimination_2,6,True
29,10,Justina Machado,rank,29.0,3.0,2.8042596348884383,18.84788401658255,1.0,5.0,0.0986,1.0,5.0,0.0,False,multi_elimination_2,6,False
29,10,Kaitlyn Bristowe,rank,30.0,1.0,3.4340770791075053,16.20377868530047,1.0,6.0,0.0986,1.0,6.0,0.0,False,multi_elimination_2,6,False
29,10,Nelly,rank,28.0,6.0,1.4695740365111563,25.96436958122238,1.0,3.0,0.0986,1.0,3.0,0.0,False,multi_elimination_2,6,False
29,10,Nev Schulman,rank,30.0,1.0,3.376267748478702,16.43016059614939,1.0,6.0,0.0986,1.0,6.0,0.0,False,multi_elimination_2,6,False
29,10,Skai Jackson,rank,28.5,4.0,4.622718052738337,12.18213620931915,3.0,6.0,0.0986,3.0,6.0,0.0,False,multi_elimination_2,6,True
29,11,Justina Machado,rank,30.0,1.0,2.5119,24.881033349248145,1.0,4.0,1.0,1.0,4.0,0.0,False,no_elimination,4,False
29,11,Kaitlyn Bristowe,rank,30.0,1.0,2.4972,25.027764793024033,1.0,4.0,1.0,1.0,4.0,0.0,False,no_elimination,4,False
29,11,Nelly,rank,28.5,4.0,2.483,25.170326990405954,1.0,4.0,1.0,1.0,4.0,0.0,False,no_elimination,4,False
29,11,Nev Schulman,rank,30.0,1.0,2.5079,24.920874867321874,1.0,4.0,1.0,1.0,4.0,0.0,False,no_elimination,4,False
30,1,Amanda Kloots,rank,28.0,2.0,8.0582,6.6334321357601365,1.0,15.0,1.0,1.0,15.0,0.0,False,no_elimination,15,False
30,1,Brian Austin Green,rank,24.0,9.0,8.0777,6.622354088423249,1.0,15.0,1.0,1.0,15.0,0.0,False,no_elimination,15,False
30,1,Christine Chiu,rank,25.0,7.0,7.9356,6.703507582726729,1.0,15.0,1.0,1.0,15.0,0.0,False,no_elimination,15,False
30,1,Cody Rigsby,rank,24.0,9.0,7.97,6.683770923571059,1.0,15.0,1.0,1.0,15.0,0.0,False,no_elimination,15,False
30,1,Iman Shumpert,rank,21.0,14.0,8.0704,6.626499086638496,1.0,15.0,1.0,1.0,15.0,0.0,False,no_elimination,15,False
30,1,Jimmie Allen,rank,22.0,13.0,7.9585,6.6903624602050655,1.0,15.0,1.0,1.0,15.0,0.0,False,no_elimination,15,False
30,1,JoJo Siwa,rank,29.0,1.0,8.0293,6.649884463764029,1.0,15.0,1.0,1.0,15.0,0.0,False,no_elimination,15,False
30,1,Kenya Moore,rank,26.0,5.0,8.0022,6.665349149564273,1.0,15.0,1.0,1.0,15.0,0.0,False,no_elimination,15,False
30,1,Martin Kove,rank,13.0,15.0,7.9727,6.68222428698931,1.0,15.0,1.0,1.0,15.0,0.0,False,no_elimination,15,False
30,1,Matt James,rank,24.0,9.0,7.9017,6.723014387349738,1.0,15.0,1.0,1.0,15.0,0.0,False,no_elimination,15,False
30,1,Melanie C,rank,27.0,4.0,7.9856,6.674839739487039,1.0,15.0,1.0,1.0,15.0,0.0,False,no_elimination,15,False
30,1,Melora Hardin,rank,26.0,5.0,8.0149,6.658097388664569,1.0,15.0,1.0,1.0,15.0,0.0,False,no_elimination,15,False
30,1,"Mike ""The Miz"" Mizanin",rank,24.0,9.0,8.0111,6.660266379316178,1.0,15.0,1.0,1.0,15.0,0.0,False,no_elimination,15,False
30,1,Olivia Jade,rank,25.0,7.0,7.9613,6.68875696588164,1.0,15.0,1.0,1.0,15.0,0.0,False,no_elimination,15,False
30,1,Suni Lee,rank,28.0,2.0,8.0508,6.637640961658496,1.0,15.0,1.0,1.0,15.0,0.0,False,no_elimination,15,False
30,2,Amanda Kloots,rank,32.0,1.0,7.927313221299858,6.687530877302363,1.0,15.0,0.4939,14.0,15.0,0.0,False,single_elimination,15,False
30,2,Brian Austin Green,rank,23.0,13.0,7.117027738408585,7.168509627765548,1.0,15.0,0.4939,1.0,3.0,0.0,False,single_elimination,15,False
30,2,Christine Chiu,rank,24.0,10.0,7.634946345414051,6.857238072377618,1.0,15.0,0.4939,1.0,6.0,0.0,False,single_elimination,15,False
30,2,Cody Rigsby,rank,24.0,10.0,7.656205709657826,6.844753976981701,1.0,15.0,0.4939,1.0,6.0,0.0,False,single_elimination,15,False
30,2,Iman Shumpert,rank,25.0,9.0,7.832759667948977,6.741950802817957,1.0,15.0,0.4939,1.0,7.0,0.0,False,single_elimination,15,False
30,2,Jimmie Allen,rank,27.0,5.0,7.8981575217655395,6.70426431817692,1.0,15.0,0.4939,1.0,11.0,0.0,False,single_elimination,15,False
30,2,JoJo Siwa,rank,31.0,2.0,7.8939056489167845,6.706708107415518,1.0,15.0,0.4939,1.0,14.0,0.0,False,single_elimination,15,False
30,2,Kenya Moore,rank,24.0,10.0,7.610852399271107,6.871414242031074,1.0,15.0,0.4939,1.0,6.0,0.0,False,single_elimination,15,False
30,2,Martin Kove,rank,15.0,15.0,11.496456772626038,4.924969783446909,6.0,15.0,0.4939,1.0,15.0,0.0,False,single_elimination,15,True
30,2,Matt James,rank,22.0,14.0,7.476614699331849,6.95093394595344,1.0,15.0,0.4939,1.0,2.0,0.0,False,single_elimination,15,False
30,2,Melanie C,rank,30.0,3.0,7.843085644867382,6.735986251767328,1.0,15.0,0.4939,1.0,13.0,0.0,False,single_elimination,15,False
30,2,Melora Hardin,rank,27.0,5.0,7.8546264425997165,6.7293262331193855,1.0,15.0,0.4939,1.0,11.0,0.0,False,single_elimination,15,False
30,2,"Mike ""The Miz"" Mizanin",rank,26.0,8.0,7.867989471552946,6.721622858726042,1.0,15.0,0.4939,1.0,8.0,0.0,False,single_elimination,15,False
30,2,Olivia Jade,rank,27.0,5.0,7.967199838023891,6.664706232505734,1.0,15.0,0.4939,1.0,11.0,0.0,False,single_elimination,15,False
30,2,Suni Lee,rank,28.0,4.0,7.9228588783154485,6.690084669612463,1.0,15.0,0.4939,1.0,12.0,0.0,False,single_elimination,15,False
30,3,Amanda Kloots,rank,24.0,1.0,7.709302325581396,6.8948173140850875,1.0,13.0,0.0172,14.0,14.0,0.0,False,single_elimination,14,False
30,3,Brian Austin Green,rank,19.0,12.0,5.3023255813953485,8.610242510346914,1.0,11.724999999999994,0.0172,2.0,3.0,0.0,False,single_elimination,14,False
30,3,Christine Chiu,rank,21.0,7.0,13.430232558139535,4.0660993443612705,11.0,14.0,0.0172,8.0,13.0,0.0,False,single_elimination,14,True
30,3,Cody Rigsby,rank,18.0,14.0,4.563953488372093,9.217555830699638,1.0,13.0,0.0172,1.0,1.0,0.0,False,single_elimination,14,False
30,3,Iman Shumpert,rank,19.0,12.0,5.406976744186046,8.527467096909648,1.0,12.0,0.0172,2.0,3.0,0.0,False,single_elimination,14,False
30,3,Jimmie Allen,rank,20.0,10.0,6.569767441860465,7.659585353538612,1.0,14.0,0.0172,4.0,5.0,0.0,False,single_elimination,14,False
30,3,JoJo Siwa,rank,24.0,1.0,8.395348837209303,6.4717247220191645,1.0,14.0,0.0172,6.0,13.0,0.0,False,single_elimination,14,False
30,3,Kenya Moore,rank,21.0,7.0,7.546511627906977,6.999206945286443,1.0,13.0,0.0172,6.0,8.0,0.0,False,single_elimination,14,False
30,3,Matt James,rank,20.0,10.0,6.377906976744186,7.796446458754519,1.0,14.0,0.0172,4.0,5.0,0.0,False,single_elimination,14,False
30,3,Melanie C,rank,22.0,5.0,7.936046511627907,6.752006925012262,1.0,14.0,0.0172,6.0,10.0,0.0,False,single_elimination,14,False
30,3,Melora Hardin,rank,23.0,4.0,7.540697674418604,7.0029642362109765,1.0,14.0,0.0172,6.0,11.0,0.0,False,single_elimination,14,False
30,3,"Mike ""The Miz"" Mizanin",rank,22.0,5.0,8.215116279069768,6.580294470500587,1.0,13.724999999999994,0.0172,6.0,10.0,0.0,False,single_elimination,14,False
30,3,Olivia Jade,rank,24.0,1.0,7.895348837209302,6.777419950974083,1.0,14.0,0.0172,6.0,13.0,0.0,False,single_elimination,14,False
30,3,Suni Lee,rank,21.0,7.0,8.11046511627907,6.644168841300805,1.0,13.0,0.0172,6.0,8.0,0.0,False,single_elimination,14,False
30,4,Amanda Kloots,rank,34.0,4.0,7.073825503355705,7.549393590536813,1.0,13.0,0.1639,1.0,13.0,0.0,False,multi_elimination_2,13,False
30,4,Brian Austin Green,rank,26.0,13.0,10.278218425869433,5.479577221648848,6.0,13.0,0.1639,1.0,13.0,0.0,False,multi_elimination_2,13,True
30,4,Cody Rigsby,rank,29.0,11.0,4.905430140329469,9.377439742532614,1.0,11.0,0.1639,1.0,13.0,0.0,False,multi_elimination_2,13,False
30,4,Iman Shumpert,rank,31.5,9.0,5.875533862111043,8.510463487987037,1.0,12.0,0.1639,1.0,13.0,0.0,False,multi_elimination_2,13,False
30,4,Jimmie Allen,rank,32.5,7.0,6.535692495424039,7.966781159840234,1.0,13.0,0.1639,1.0,13.0,0.0,False,multi_elimination_2,13,False
30,4,JoJo Siwa,rank,35.0,2.0,6.797437461866992,7.760960055616099,1.0,13.0,0.1639,1.0,13.0,0.0,False,multi_elimination_2,13,False
30,4,Kenya Moore,rank,29.5,10.0,5.387431360585723,8.93616615226608,1.0,12.0,0.1639,1.0,13.0,0.0,False,multi_elimination_2,13,False
30,4,Matt James,rank,28.5,12.0,10.452715070164734,5.384789846999935,6.0,13.0,0.1639,1.0,13.0,0.0,False,multi_elimination_2,13,True
30,4,Melanie C,rank,33.0,6.0,6.702257474069555,7.8351815235521,1.0,13.0,0.1639,1.0,13.0,0.0,False,multi_elimination_2,13,False
30,4,Melora Hardin,rank,36.5,1.0,6.708968883465528,7.829924776668805,1.0,13.0,0.1639,1.0,13.0,0.0,False,multi_elimination_2,13,False
30,4,"Mike ""The Miz"" Mizanin",rank,32.5,7.0,6.663209273947529,7.865836308923167,1.0,13.0,0.1639,1.0,13.0,0.0,False,multi_elimination_2,13,False
30,4,Olivia Jade,rank,35.0,2.0,6.729713239780354,7.813698937268655,1.0,13.0,0.1639,1.0,13.0,0.0,False,multi_elimination_2,13,False
30,4,Suni Lee,rank,34.0,4.0,6.889566809029897,7.689787196159613,1.0,13.0,0.1639,1.0,13.0,0.0,False,multi_elimination_2,13,False
30,5,Amanda Kloots,rank,39.0,2.0,6.838709677419355,7.950185859865114,1.0,10.0,0.0031,10.0,11.0,0.0,False,single_elimination,11,False
30,5,Cody Rigsby,rank,32.0,9.0,4.645161290322581,10.344149699186488,1.0,10.0,0.0031,1.0,4.0,0.0,False,single_elimination,11,False
30,5,Iman Shumpert,rank,28.0,11.0,1.903225806451613,14.374465041814661,1.0,4.0,0.0031,1.0,2.0,0.0,False,single_elimination,11,False
30,5,Jimmie Allen,rank,34.0,8.0,6.032258064516129,8.75801692188704,2.0,10.0,0.0031,1.0,5.0,0.0,False,single_elimination,11,False
30,5,JoJo Siwa,rank,40.0,1.0,6.709677419354839,8.074243479415028,1.0,10.0,0.0031,1.0,11.0,0.0,False,single_elimination,11,False
30,5,Kenya Moore,rank,36.0,3.0,6.258064516129032,8.523889291951551,2.0,10.0,0.0031,1.0,9.0,0.0,False,single_elimination,11,False
30,5,Melanie C,rank,36.0,3.0,10.96774193548387,4.843857638548736,10.75,11.0,0.0031,9.0,11.0,0.0,False,single_elimination,11,True
30,5,Melora Hardin,rank,36.0,3.0,7.129032258064516,7.677980810677486,2.5,10.25,0.0031,1.0,9.0,0.0,False,single_elimination,11,False
30,5,"Mike ""The Miz"" Mizanin",rank,32.0,9.0,3.5483870967741935,11.799226950661543,1.0,8.5,0.0031,1.0,4.0,0.0,False,single_elimination,11,False
30,5,Olivia Jade,rank,36.0,3.0,6.516129032258065,8.263969031497883,1.75,9.25,0.0031,1.0,9.0,0.0,False,single_elimination,11,False
30,5,Suni Lee,rank,36.0,3.0,5.451612903225806,9.390015274494477,1.0,10.0,0.0031,1.0,9.0,0.0,False,single_elimination,11,False
30,6,Amanda Kloots,rank,38.0,3.0,5.46517820565342,10.01560406135112,1.0,10.0,0.4882,7.0,10.0,0.0,False,single_elimination,10,False
30,6,Cody Rigsby,rank,36.0,5.0,5.332650553052028,10.194156221421453,1.0,10.0,0.4882,1.0,8.0,0.0,False,single_elimination,10,False
30,6,Iman Shumpert,rank,40.0,1.0,5.431790249897583,10.060290192158794,1.0,10.0,0.4882,1.0,10.0,0.0,False,single_elimination,10,False
30,6,Jimmie Allen,rank,38.0,3.0,5.422982384268742,10.07211175687699,1.0,10.0,0.4882,1.0,9.0,0.0,False,single_elimination,10,False
30,6,JoJo Siwa,rank,40.0,1.0,5.538099139696846,9.91869630461642,1.0,10.0,0.4882,1.0,10.0,0.0,False,single_elimination,10,False
30,6,Kenya Moore,rank,32.0,10.0,7.2156902908644,7.930710844959611,3.0,10.0,0.4882,1.0,10.0,0.0,False,single_elimination,10,True
30,6,Melora Hardin,rank,34.0,8.0,4.906595657517411,10.790023487430433,1.0,10.0,0.4882,1.0,5.0,0.0,False,single_elimination,10,False
30,6,"Mike ""The Miz"" Mizanin",rank,34.0,8.0,4.957394510446538,10.717187655497087,1.0,10.0,0.4882,1.0,5.0,0.0,False,single_elimination,10,False
30,6,Olivia Jade,rank,36.0,5.0,5.33674723473986,10.188589446831402,1.0,10.0,0.4882,1.0,8.0,0.0,False,single_elimination,10,False
30,6,Suni Lee,rank,36.0,5.0,5.39287177386317,10.112630028856682,1.0,10.0,0.4882,1.0,8.0,0.0,False,single_elimination,10,False
30,7,Amanda Kloots,rank,34.0,6.0,4.52031888003111,11.90727077135518,1.0,9.0,0.5143,3.0,9.0,0.0,False,single_elimination,9,False
30,7,Cody Rigsby,rank,36.0,5.0,4.862920474431266,11.310810655669073,1.0,9.0,0.5143,1.0,9.0,0.0,False,single_elimination,9,False
30,7,Iman Shumpert,rank,34.0,6.0,4.58428932529652,11.793560190609938,1.0,9.0,0.5143,1.0,8.0,0.0,False,single_elimination,9,False
30,7,Jimmie Allen,rank,38.0,3.0,4.969861948279214,11.130818944412699,1.0,9.0,0.5143,1.0,9.0,0.0,False,single_elimination,9,False
30,7,JoJo Siwa,rank,39.0,2.0,4.9988333657398405,11.082552555951903,1.0,9.0,0.5143,1.0,9.0,0.0,False,single_elimination,9,False
30,7,Melora Hardin,rank,38.0,3.0,4.970834143496014,11.129195863421419,1.0,9.0,0.5143,1.0,9.0,0.0,False,single_elimination,9,False
30,7,"Mike ""The Miz"" Mizanin",rank,32.0,9.0,6.35426793700175,9.043595649699117,3.0,9.0,0.5143,1.0,9.0,0.0,False,single_elimination,9,True
30,7,Olivia Jade,rank,42.0,1.0,4.965195411238577,11.138613028782721,1.0,9.0,0.5143,1.0,9.0,0.0,False,single_elimination,9,False
30,7,Suni Lee,rank,34.0,6.0,4.773478514485709,11.463582340097963,1.0,9.0,0.5143,1.0,8.0,0.0,False,single_elimination,9,False
30,8,Amanda Kloots,rank,42.0,1.0,4.342069588793493,12.616371670906995,1.0,8.0,0.2213,1.0,8.0,0.0,False,multi_elimination_2,8,False
30,8,Cody Rigsby,rank,38.0,5.0,3.500225937641211,14.575052932919919,1.0,7.0,0.2213,1.0,8.0,0.0,False,multi_elimination_2,8,False
30,8,Iman Shumpert,rank,35.0,7.0,2.8816086760054227,16.205651467398297,1.0,6.0,0.2213,1.0,7.0,0.0,False,multi_elimination_2,8,False
30,8,Jimmie Allen,rank,32.0,8.0,5.826931766832354,9.78105652700825,2.0,8.0,0.2213,1.0,8.0,0.0,False,multi_elimination_2,8,True
30,8,JoJo Siwa,rank,41.0,4.0,3.96475372797108,13.459403792941318,1.0,8.0,0.2213,1.0,8.0,0.0,False,multi_elimination_2,8,False
30,8,Melora Hardin,rank,42.0,1.0,4.461816538635337,12.360022358445468,1.0,8.0,0.2213,1.0,8.0,0.0,False,multi_elimination_2,8,False
30,8,Olivia Jade,rank,36.0,6.0,6.587889742431089,8.5848375264197,4.0,8.0,0.2213,2.0,8.0,0.0,False,multi_elimination_2,8,True
30,8,Suni Lee,rank,42.0,1.0,4.434704021690013,12.417603723960054,1.0,8.0,0.2213,1.0,8.0,0.0,False,multi_elimination_2,8,False
30,9,Amanda Kloots,rank,39.5,2.0,3.44149377593361,16.24772112389655,1.0,6.0,0.1205,1.0,6.0,0.0,False,multi_elimination_2,6,False
30,9,Cody Rigsby,rank,35.5,6.0,1.6058091286307055,25.242194412820794,1.0,3.0,0.1205,1.0,3.0,0.0,False,multi_elimination_2,6,False
30,9,Iman Shumpert,rank,37.5,3.0,2.8771784232365145,18.604218294987383,1.0,5.0,0.1205,1.0,5.0,0.0,False,multi_elimination_2,6,False
30,9,JoJo Siwa,rank,40.0,1.0,3.4630705394190873,16.16380102172554,1.0,6.0,0.1205,1.0,6.0,0.0,False,multi_elimination_2,6,False
30,9,Melora Hardin,rank,36.0,5.0,4.115352697095435,13.821516150891652,2.0,6.0,0.1205,2.0,6.0,0.0,False,multi_elimination_2,6,True
30,9,Suni Lee,rank,37.5,3.0,5.497095435684647,9.920548995678097,4.0,6.0,0.1205,4.0,6.0,0.0,False,multi_elimination_2,6,True
30,10,Amanda Kloots,rank,39.0,3.0,2.5033,24.96688927370408,1.0,4.0,1.0,1.0,4.0,0.0,False,no_elimination,4,False
30,10,Cody Rigsby,rank,38.0,4.0,2.4968,25.03188764708536,1.0,4.0,1.0,1.0,4.0,0.0,False,no_elimination,4,False
30,10,Iman Shumpert,rank,40.0,1.0,2.511,24.890109556202937,1.0,4.0,1.0,1.0,4.0,0.0,False,no_elimination,4,False
30,10,JoJo Siwa,rank,40.0,1.0,2.4889,25.11111352300762,1.0,4.0,1.0,1.0,4.0,0.0,False,no_elimination,4,False
31,1,Charli D'Amelio,rank,32.0,1.0,8.407900040306329,6.26777765180507,1.0,16.0,0.2481,16.0,16.0,0.0,False,single_elimination,16,False
31,1,Cheryl Ladd,rank,21.0,10.0,8.403466344216042,6.270001199824773,1.0,16.0,0.2481,2.0,7.0,0.0,False,single_elimination,16,False
31,1,Daniel Durant,rank,27.0,6.0,8.517533252720677,6.213045493259186,1.0,16.0,0.2481,2.0,11.0,0.0,False,single_elimination,16,False
31,1,Gabby Windey,rank,28.0,3.0,8.631197097944376,6.156805686773807,1.0,16.0,0.2481,2.0,14.0,0.0,False,single_elimination,16,False
31,1,Heidi D'Amelio,rank,24.0,8.0,8.266827891979041,6.338915025522455,1.0,16.0,0.2481,2.0,9.0,0.0,False,single_elimination,16,False
31,1,Jason Lewis,rank,18.0,15.0,12.92341797662233,4.367454807029004,8.0,16.0,0.2481,2.0,15.0,0.0,False,single_elimination,16,True
31,1,Jessie James Decker,rank,20.0,12.0,8.045143087464732,6.452337101814747,1.0,16.0,0.2481,2.0,5.0,0.0,False,single_elimination,16,False
31,1,Jordin Sparks,rank,26.0,7.0,8.506650544135429,6.21845702968673,1.0,16.0,0.2481,2.0,10.0,0.0,False,single_elimination,16,False
31,1,Joseph Baena,rank,23.0,9.0,8.273276904474002,6.335645489629763,1.0,16.0,0.2481,2.0,8.0,0.0,False,single_elimination,16,False
31,1,Sam Champion,rank,20.0,12.0,7.920999596936719,6.51673762067278,1.0,16.0,0.2481,2.0,5.0,0.0,False,single_elimination,16,False
31,1,Selma Blair,rank,28.0,3.0,8.438935912938332,6.252234879219149,1.0,16.0,0.2481,2.0,14.0,0.0,False,single_elimination,16,False
31,1,Shangela,rank,28.0,3.0,8.386134623135833,6.27870082256586,1.0,16.0,0.2481,2.0,14.0,0.0,False,single_elimination,16,False
31,1,Teresa Giudice,rank,20.0,12.0,7.7932285368802905,6.5836912651523125,1.0,16.0,0.2481,2.0,5.0,0.0,False,single_elimination,16,False
31,1,Trevor Donovan,rank,21.0,10.0,8.39782345828295,6.272832310927852,1.0,16.0,0.2481,2.0,7.0,0.0,False,single_elimination,16,False
31,1,Vinny Guadagnino,rank,17.0,16.0,6.549375251914551,7.272527068305,1.0,16.0,0.2481,1.0,1.0,0.0,False,single_elimination,16,False
31,1,Wayne Brady,rank,29.0,2.0,8.538089480048368,6.202836547811518,1.0,16.0,0.2481,2.0,15.0,0.0,False,single_elimination,16,False
31,2,Charli D'Amelio,rank,32.0,1.0,7.919717138103161,6.678269076697181,1.0,15.0,0.2404,15.0,15.0,0.0,False,single_elimination,15,False
31,2,Cheryl Ladd,rank,21.0,15.0,5.68594009983361,8.087546722992615,1.0,14.0,0.2404,1.0,1.0,0.0,False,single_elimination,15,False
31,2,Daniel Durant,rank,29.0,5.0,8.002911813643927,6.630815920294106,1.0,15.0,0.2404,2.0,11.0,0.0,False,single_elimination,15,False
31,2,Gabby Windey,rank,32.0,1.0,8.046173044925125,6.6062736857753,1.0,15.0,0.2404,2.0,14.0,0.0,False,single_elimination,15,False
31,2,Heidi D'Amelio,rank,28.0,6.0,7.848585690515807,6.719110736751174,1.0,15.0,0.2404,2.0,10.0,0.0,False,single_elimination,15,False
31,2,Jessie James Decker,rank,25.0,12.0,7.259983361064892,7.066797755727583,1.0,15.0,0.2404,2.0,4.0,0.0,False,single_elimination,15,False
31,2,Jordin Sparks,rank,27.0,9.0,7.978785357737105,6.644542516114946,1.0,15.0,0.2404,2.0,7.0,0.0,False,single_elimination,15,False
31,2,Joseph Baena,rank,24.0,13.0,7.136023294509151,7.142283847048701,1.0,15.0,0.2404,2.0,3.0,0.0,False,single_elimination,15,False
31,2,Sam Champion,rank,26.0,11.0,8.038269550748753,6.610750571643263,1.0,15.0,0.2404,2.0,5.0,0.0,False,single_elimination,15,False
31,2,Selma Blair,rank,28.0,6.0,8.000415973377704,6.632234596954432,1.0,15.0,0.2404,2.0,10.0,0.0,False,single_elimination,15,False
31,2,Shangela,rank,28.0,6.0,8.096505823627288,6.577834039464436,1.0,15.0,0.2404,2.0,10.0,0.0,False,single_elimination,15,False
31,2,Teresa Giudice,rank,23.0,14.0,11.944259567387688,4.729871589618977,7.0,15.0,0.2404,2.0,14.0,0.0,False,single_elimination,15,True
31,2,Trevor Donovan,rank,30.0,4.0,8.067803660565724,6.59403665331151,1.0,15.0,0.2404,2.0,12.0,0.0,False,single_elimination,15,False
31,2,Vinny Guadagnino,rank,27.0,9.0,7.914725457570715,6.681127041119006,1.0,15.0,0.2404,2.0,7.0,0.0,False,single_elimination,15,False
31,2,Wayne Brady,rank,32.0,1.0,8.059900166389351,6.598505246486752,1.0,15.0,0.2404,2.0,14.0,0.0,False,single_elimination,15,False
31,3,Charli D'Amelio,rank,33.0,1.0,7.482608695652174,7.112847744240761,1.0,14.0,0.23,14.0,14.0,0.0,False,single_elimination,14,False
31,3,Cheryl Ladd,rank,24.0,13.0,11.461739130434783,4.9263499688575445,7.0,14.0,0.23,2.0,13.0,0.0,False,single_elimination,14,True
31,3,Daniel Durant,rank,31.0,5.0,7.67304347826087,6.9889064209161615,1.0,14.0,0.23,2.0,10.0,0.0,False,single_elimination,14,False
31,3,Gabby Windey,rank,33.0,1.0,7.611739130434783,7.028567797313621,1.0,14.0,0.23,2.0,13.0,0.0,False,single_elimination,14,False
31,3,Heidi D'Amelio,rank,32.0,4.0,7.371304347826087,7.186303608030981,1.0,14.0,0.23,2.0,11.0,0.0,False,single_elimination,14,False
31,3,Jessie James Decker,rank,26.0,11.0,7.016086956521739,7.425843161844541,1.0,14.0,0.23,2.0,4.0,0.0,False,single_elimination,14,False
31,3,Jordin Sparks,rank,29.0,7.0,7.367826086956522,7.1886112866564575,1.0,14.0,0.23,2.0,8.0,0.0,False,single_elimination,14,False
31,3,Joseph Baena,rank,29.0,7.0,7.3673913043478265,7.18889979858455,1.0,14.0,0.23,2.0,8.0,0.0,False,single_elimination,14,False
31,3,Sam Champion,rank,25.0,12.0,6.677391304347826,7.661673629969139,1.0,14.0,0.23,2.0,3.0,0.0,False,single_elimination,14,False
31,3,Selma Blair,rank,28.0,9.0,7.2986956521739135,7.234630436864569,1.0,14.0,0.23,2.0,6.0,0.0,False,single_elimination,14,False
31,3,Shangela,rank,30.0,6.0,7.502173913043478,7.1000133915197035,1.0,14.0,0.23,2.0,9.0,0.0,False,single_elimination,14,False
31,3,Trevor Donovan,rank,27.0,10.0,7.14304347826087,7.339327167321009,1.0,14.0,0.23,2.0,5.0,0.0,False,single_elimination,14,False
31,3,Vinny Guadagnino,rank,23.0,14.0,5.553913043478261,8.498894830127755,1.0,14.0,0.23,1.0,1.0,0.0,False,single_elimination,14,False
31,3,Wayne Brady,rank,33.0,1.0,7.47304347826087,7.119130757753192,1.0,14.0,0.23,2.0,13.0,0.0,False,single_elimination,14,False
31,4,Charli D'Amelio,rank,36.0,1.0,7.018994172242607,7.6516959676817615,1.0,13.0,0.4633,12.0,13.0,0.0,False,single_elimination,13,False
31,4,Daniel Durant,rank,29.0,9.0,6.654003885171595,7.9361347315207,1.0,13.0,0.4633,1.0,5.0,0.0,False,single_elimination,13,False
31,4,Gabby Windey,rank,36.0,1.0,6.9622274983811785,7.695255620486263,1.0,13.0,0.4633,1.0,12.0,0.0,False,single_elimination,13,False
31,4,Heidi D'Amelio,rank,34.0,4.0,6.957478955320527,7.698910613479824,1.0,13.0,0.4633,1.0,10.0,0.0,False,single_elimination,13,False
31,4,Jessie James Decker,rank,31.0,8.0,6.817828620764084,7.807180393742747,1.0,13.0,0.4633,1.0,6.0,0.0,False,single_elimination,13,False
31,4,Jordin Sparks,rank,34.0,4.0,7.045542844808979,7.631408672553146,1.0,13.0,0.4633,1.0,10.0,0.0,False,single_elimination,13,False
31,4,Joseph Baena,rank,28.0,11.0,6.398877617094755,8.141211272376088,1.0,13.0,0.4633,1.0,3.0,0.0,False,single_elimination,13,False
31,4,Sam Champion,rank,25.0,13.0,9.846104036261602,5.76737093011095,5.0,13.0,0.4633,1.0,13.0,0.0,False,single_elimination,13,True
31,4,Selma Blair,rank,32.0,6.0,6.948197712065617,7.706059476703728,1.0,13.0,0.4633,1.0,8.0,0.0,False,single_elimination,13,False
31,4,Shangela,rank,32.0,6.0,6.7789769048132955,7.837571628598861,1.0,13.0,0.4633,1.0,8.0,0.0,False,single_elimination,13,False
31,4,Trevor Donovan,rank,28.0,11.0,6.2682926829268295,8.24822039450636,1.0,13.0,0.4633,1.0,3.0,0.0,False,single_elimination,13,False
31,4,Vinny Guadagnino,rank,29.0,9.0,6.453701705158645,8.09669995012325,1.0,13.0,0.4633,1.0,5.0,0.0,False,single_elimination,13,False
31,4,Wayne Brady,rank,36.0,1.0,6.849773364990287,7.782280348116309,1.0,13.0,0.4633,1.0,12.0,0.0,False,single_elimination,13,False
31,5,Charli D'Amelio,rank,42.0,1.0,6.493907392363932,8.264119823918817,1.0,12.0,0.1231,12.0,12.0,0.0,False,single_elimination,12,False
31,5,Daniel Durant,rank,33.5,11.0,5.609260763606824,9.101417186464216,1.0,12.0,0.1231,2.0,2.0,0.0,False,single_elimination,12,False
31,5,Gabby Windey,rank,41.0,2.0,6.421608448415922,8.329557959964028,1.0,12.0,0.1231,3.0,11.0,0.0,False,single_elimination,12,False
31,5,Heidi D'Amelio,rank,39.0,5.0,6.493095044679123,8.264852220582299,1.0,12.0,0.1231,3.0,8.0,0.0,False,single_elimination,12,False
31,5,Jessie James Decker,rank,36.0,7.0,6.588952071486596,8.178875901103604,1.0,12.0,0.1231,3.0,6.0,0.0,False,single_elimination,12,False
31,5,Jordin Sparks,rank,35.5,9.0,6.222583265637693,8.512385553489278,1.0,12.0,0.1231,3.0,4.0,0.0,False,single_elimination,12,False
31,5,Joseph Baena,rank,35.0,10.0,9.916328188464663,5.6891920042114865,7.0,12.0,0.1231,3.0,11.0,0.0,False,single_elimination,12,True
31,5,Selma Blair,rank,40.0,4.0,6.416734362307068,8.333988117593883,1.0,12.0,0.1231,3.0,9.0,0.0,False,single_elimination,12,False
31,5,Shangela,rank,38.5,6.0,6.699431356620634,8.080893395070971,1.0,12.0,0.1231,3.0,7.0,0.0,False,single_elimination,12,False
31,5,Trevor Donovan,rank,36.0,7.0,6.484971567831032,8.27217975808901,1.0,12.0,0.1231,3.0,6.0,0.0,False,single_elimination,12,False
31,5,Vinny Guadagnino,rank,31.0,12.0,3.9910641754671,10.858635619629913,1.0,11.0,0.1231,1.0,1.0,0.0,False,single_elimination,12,False
31,5,Wayne Brady,rank,41.0,2.0,6.662063363119415,8.113902459882501,1.0,12.0,0.1231,3.0,11.0,0.0,False,single_elimination,12,False
31,6,Charli D'Amelio,rank,40.0,1.0,5.491947291361639,9.924663671578228,1.0,10.0,0.2049,10.0,10.0,0.0,False,single_elimination,10,False
31,6,Daniel Durant,rank,34.0,5.0,5.6608101512933136,9.703706161232791,1.0,10.0,0.2049,2.0,6.0,0.0,False,single_elimination,10,False
31,6,Gabby Windey,rank,37.0,2.0,5.526110297706198,9.879558963996764,1.0,10.0,0.2049,2.0,9.0,0.0,False,single_elimination,10,False
31,6,Heidi D'Amelio,rank,36.0,3.0,5.6359199609565644,9.735963269774993,1.0,10.0,0.2049,2.0,8.0,0.0,False,single_elimination,10,False
31,6,Jessie James Decker,rank,32.0,9.0,7.296730112249878,7.802039934391177,4.0,10.0,0.2049,2.0,9.0,0.0,False,single_elimination,10,True
31,6,Jordin Sparks,rank,34.0,5.0,5.640800390434358,9.729629906349176,1.0,10.0,0.2049,2.0,6.0,0.0,False,single_elimination,10,False
31,6,Shangela,rank,36.0,3.0,5.468033186920449,9.956359435589938,1.0,10.0,0.2049,2.0,8.0,0.0,False,single_elimination,10,False
31,6,Trevor Donovan,rank,34.0,5.0,5.473401659346022,9.949235260144873,1.0,10.0,0.2049,2.0,6.0,0.0,False,single_elimination,10,False
31,6,Vinny Guadagnino,rank,28.0,10.0,3.061493411420205,13.723139962173533,1.0,10.0,0.2049,1.0,1.0,0.0,False,single_elimination,10,False
31,6,Wayne Brady,rank,34.0,5.0,5.744753538311372,9.595703434768511,1.0,10.0,0.2049,2.0,6.0,0.0,False,single_elimination,10,False
31,7,Charli D'Amelio,rank,39.0,1.0,5.0668880455407965,10.906619327587734,1.0,9.0,0.2108,9.0,9.0,0.0,False,single_elimination,9,False
31,7,Daniel Durant,rank,36.5,4.0,4.982447817836812,11.045641511792333,1.0,9.0,0.2108,2.0,6.0,0.0,False,single_elimination,9,False
31,7,Gabby Windey,rank,35.5,6.0,4.743358633776091,11.448964559674781,1.0,9.0,0.2108,2.0,4.0,0.0,False,single_elimination,9,False
31,7,Heidi D'Amelio,rank,35.0,7.0,4.727703984819734,11.475880577531939,1.0,9.0,0.2108,2.0,3.0,0.0,False,single_elimination,9,False
31,7,Jordin Sparks,rank,34.5,8.0,7.065939278937382,8.0809722855802,4.0,9.0,0.2108,2.0,8.0,0.0,False,single_elimination,9,True
31,7,Shangela,rank,36.5,4.0,5.009013282732448,11.001714200851419,1.0,9.0,0.2108,2.0,6.0,0.0,False,single_elimination,9,False
31,7,Trevor Donovan,rank,39.0,1.0,5.035578747628083,10.957961584032569,1.0,9.0,0.2108,2.0,8.0,0.0,False,single_elimination,9,False
31,7,Vinny Guadagnino,rank,31.5,9.0,3.378557874762808,14.049958025882473,1.0,9.0,0.2108,1.0,1.0,0.0,False,single_elimination,9,False
31,7,Wayne Brady,rank,38.0,3.0,4.990512333965844,11.032287927066564,1.0,9.0,0.2108,2.0,7.0,0.0,False,single_elimination,9,False
31,8,Charli D'Amelio,rank,45.0,1.0,4.401373283395755,12.554184135717088,1.0,8.0,0.3204,1.0,8.0,0.0,False,multi_elimination_2,8,False
31,8,Daniel Durant,rank,39.0,5.0,3.5724094881398254,14.471223429803596,1.0,8.0,0.3204,1.0,8.0,0.0,False,multi_elimination_2,8,False
31,8,Gabby Windey,rank,40.0,4.0,4.042134831460674,13.351620214964493,1.0,8.0,0.3204,1.0,8.0,0.0,False,multi_elimination_2,8,False
31,8,Heidi D'Amelio,rank,35.0,7.0,6.436953807740324,8.856019045371157,4.0,8.0,0.3204,1.0,8.0,0.0,False,multi_elimination_2,8,True
31,8,Shangela,rank,42.0,3.0,4.2075530586766545,12.978320759388733,1.0,8.0,0.3204,1.0,8.0,0.0,False,multi_elimination_2,8,False
31,8,Trevor Donovan,rank,39.0,5.0,3.42103620474407,14.85166220814816,1.0,7.0,0.3204,1.0,8.0,0.0,False,multi_elimination_2,8,False
31,8,Vinny Guadagnino,rank,29.0,8.0,5.553995006242197,10.303274032262497,2.0,8.0,0.3204,1.0,8.0,0.0,False,multi_elimination_2,8,True
31,8,Wayne Brady,rank,45.0,1.0,4.364544319600499,12.63369617434428,1.0,8.0,0.3204,1.0,8.0,0.0,False,multi_elimination_2,8,False
31,9,Charli D'Amelio,rank,40.0,1.0,3.4534005037783375,16.589762351151492,1.0,6.0,0.397,1.0,6.0,0.0,False,multi_elimination_2,6,False
31,9,Daniel Durant,rank,34.5,5.0,4.872292191435768,11.801796601386187,3.0,6.0,0.397,1.0,6.0,0.0,False,multi_elimination_2,6,True
31,9,Gabby Windey,rank,40.0,1.0,3.4193954659949624,16.725708859463335,1.0,6.0,0.397,1.0,6.0,0.0,False,multi_elimination_2,6,False
31,9,Shangela,rank,36.5,3.0,2.796977329974811,19.42046371871051,1.0,6.0,0.397,1.0,6.0,0.0,False,multi_elimination_2,6,False
31,9,Trevor Donovan,rank,32.5,6.0,3.8937027707808562,14.92612801316176,1.0,6.0,0.397,1.0,6.0,0.0,False,multi_elimination_2,6,True
31,9,Wayne Brady,rank,36.5,3.0,2.5642317380352644,20.536140456126713,1.0,5.0,0.397,1.0,6.0,0.0,False,multi_elimination_2,6,False
31,10,Charli D'Amelio,rank,40.0,1.0,2.4882,25.117996926788393,1.0,4.0,1.0,1.0,4.0,0.0,False,no_elimination,4,False
31,10,Gabby Windey,rank,40.0,1.0,2.4886,25.11397836877332,1.0,4.0,1.0,1.0,4.0,0.0,False,no_elimination,4,False
31,10,Shangela,rank,38.0,3.0,2.515,24.850170116284986,1.0,4.0,1.0,1.0,4.0,0.0,False,no_elimination,4,False
31,10,Wayne Brady,rank,38.0,3.0,2.5082,24.917854588153297,1.0,4.0,1.0,1.0,4.0,0.0,False,no_elimination,4,False
32,1,Adrian Peterson,rank,18.0,5.0,7.444444444444445,7.141752655355347,1.0,14.0,0.2412,9.0,14.0,0.0,False,single_elimination,14,False
32,1,Alyson Hannigan,rank,13.0,11.0,6.708955223880597,7.643453492309398,1.0,14.0,0.2412,1.0,8.0,0.0,False,single_elimination,14,False
32,1,Ariana Madix,rank,21.0,2.0,7.4278606965174125,7.1526936760518485,1.0,14.0,0.2412,1.0,14.0,0.0,False,single_elimination,14,False
32,1,Barry Williams,rank,16.0,8.0,7.393449419568823,7.175449797528898,1.0,14.0,0.2412,1.0,11.0,0.0,False,single_elimination,14,False
32,1,Charity Lawson,rank,22.0,1.0,7.422885572139304,7.155979249570593,1.0,14.0,0.2412,1.0,14.0,0.0,False,single_elimination,14,False
32,1,Harry Jowsey,rank,12.0,12.0,6.360281923714759,7.893461484169638,1.0,14.0,0.2412,1.0,7.0,0.0,False,single_elimination,14,False
32,1,Jamie Lynn Spears,rank,15.0,9.0,7.331260364842454,7.216759124161564,1.0,14.0,0.2412,1.0,10.0,0.0,False,single_elimination,14,False
32,1,Jason Mraz,rank,21.0,2.0,7.4983416252072965,7.106309787062686,1.0,14.0,0.2412,1.0,14.0,0.0,False,single_elimination,14,False
32,1,Lele Pons,rank,19.0,4.0,7.486733001658375,7.1139287430662055,1.0,14.0,0.2412,1.0,14.0,0.0,False,single_elimination,14,False
32,1,Matt Walsh,rank,12.0,12.0,11.45066334991708,4.934016657289129,7.0,14.0,0.2412,3.0,14.0,0.0,False,single_elimination,14,True
32,1,Mauricio Umansky,rank,15.0,9.0,7.189054726368159,7.312115658688858,1.0,14.0,0.2412,1.0,10.0,0.0,False,single_elimination,14,False
32,1,Mira Sorvino,rank,17.0,7.0,7.442371475953565,7.143119367178823,1.0,14.0,0.2412,1.0,12.0,0.0,False,single_elimination,14,False
32,1,Tyson Beckford,rank,12.0,12.0,6.341210613598673,7.907369598254578,1.0,14.0,0.2412,1.0,7.0,0.0,False,single_elimination,14,False
32,1,Xochitl Gomez,rank,18.0,5.0,7.502487562189055,7.10359070931241,1.0,14.0,0.2412,1.0,13.0,0.0,False,single_elimination,14,False
32,2,Adrian Peterson,rank,15.0,10.0,6.319338422391858,8.15033685180584,1.0,13.0,0.0786,4.0,13.0,0.0,False,single_elimination,13,False
32,2,Alyson Hannigan,rank,19.0,6.0,7.156488549618321,7.4958103554714866,1.0,13.0,0.0786,1.0,13.0,0.0,False,single_elimination,13,False
32,2,Ariana Madix,rank,20.0,5.0,7.00763358778626,7.60822380117856,1.0,13.0,0.0786,1.0,13.0,0.0,False,single_elimination,13,False
32,2,Barry Williams,rank,15.0,10.0,6.684478371501272,7.858103269425124,1.0,13.0,0.0786,1.0,11.0,0.0,False,single_elimination,13,False
32,2,Charity Lawson,rank,21.0,3.0,6.852417302798982,7.7272370750779045,1.0,13.0,0.0786,1.0,13.0,0.0,False,single_elimination,13,False
32,2,Harry Jowsey,rank,15.0,10.0,6.377862595419847,8.102776985230555,1.0,13.0,0.0786,1.0,11.0,0.0,False,single_elimination,13,False
32,2,Jamie Lynn Spears,rank,16.0,9.0,11.507633587786259,4.851217679470268,9.0,13.0,0.0786,5.0,13.0,0.0,False,single_elimination,13,True
32,2,Jason Mraz,rank,24.0,1.0,7.133587786259542,7.512996004097627,1.0,13.0,0.0786,1.0,13.0,0.0,False,single_elimination,13,False
32,2,Lele Pons,rank,21.0,3.0,7.080152671755725,7.553249235293552,1.0,13.0,0.0786,1.0,13.0,0.0,False,single_elimination,13,False
32,2,Mauricio Umansky,rank,12.0,13.0,4.293893129770993,9.980206556673393,1.0,12.0,0.0786,1.0,9.0,0.0,False,single_elimination,13,False
32,2,Mira Sorvino,rank,18.0,7.0,6.82824427480916,7.745938741576573,1.0,13.0,0.0786,1.0,13.0,0.0,False,single_elimination,13,False
32,2,Tyson Beckford,rank,18.0,7.0,6.786259541984733,7.778528223593587,1.0,13.0,0.0786,1.0,13.0,0.0,False,single_elimination,13,False
32,2,Xochitl Gomez,rank,24.0,1.0,6.972010178117048,7.635375221105523,1.0,13.0,0.0786,1.0,13.0,0.0,False,single_elimination,13,False
32,3,Adrian Peterson,rank,22.0,11.0,5.761568790205437,9.005895274269433,1.0,12.0,0.4819,1.0,12.0,0.0,False,single_elimination,12,False
32,3,Alyson Hannigan,rank,24.0,8.0,6.159991699522722,8.62284499453078,1.0,12.0,0.4819,1.0,12.0,0.0,False,single_elimination,12,False
32,3,Ariana Madix,rank,34.0,1.0,6.4422079269558,8.361416505335736,1.0,12.0,0.4819,1.0,12.0,0.0,False,single_elimination,12,False
32,3,Barry Williams,rank,25.0,7.0,6.367711143390745,8.429645955953523,1.0,12.0,0.4819,1.0,12.0,0.0,False,single_elimination,12,False
32,3,Charity Lawson,rank,32.0,3.0,6.4727121809504045,8.333638157085964,1.0,12.0,0.4819,1.0,12.0,0.0,False,single_elimination,12,False
32,3,Harry Jowsey,rank,24.0,8.0,6.312720481427682,8.480367230327879,1.0,12.0,0.4819,1.0,12.0,0.0,False,single_elimination,12,False
32,3,Jason Mraz,rank,34.0,1.0,6.441170367296119,8.362362973640804,1.0,12.0,0.4819,1.0,12.0,0.0,False,single_elimination,12,False
32,3,Lele Pons,rank,27.0,5.0,6.361485785432662,8.435372725456775,1.0,12.0,0.4819,1.0,12.0,0.0,False,single_elimination,12,False
32,3,Mauricio Umansky,rank,23.0,10.0,6.041087362523345,8.735423785518739,1.0,12.0,0.4819,1.0,12.0,0.0,False,single_elimination,12,False
32,3,Mira Sorvino,rank,26.0,6.0,6.3685411911184895,8.428882680496528,1.0,12.0,0.4819,1.0,12.0,0.0,False,single_elimination,12,False
32,3,Tyson Beckford,rank,20.0,12.0,8.818012035692051,6.452381072011589,4.0,12.0,0.4819,1.0,12.0,0.0,False,single_elimination,12,True
32,3,Xochitl Gomez,rank,32.0,3.0,6.45279103548454,8.35176864537225,1.0,12.0,0.4819,1.0,12.0,0.0,False,single_elimination,12,False
32,4,Adrian Peterson,rank,21.0,6.0,10.18295739348371,5.423137836799386,8.0,11.0,0.0399,5.0,11.0,0.0,False,single_elimination,11,True
32,4,Alyson Hannigan,rank,18.0,10.0,4.225563909774436,11.084655922373823,1.0,11.0,0.0399,2.0,11.0,0.0,False,single_elimination,11,False
32,4,Ariana Madix,rank,25.0,2.0,6.18796992481203,8.758924126987777,1.0,11.0,0.0399,1.0,11.0,0.0,False,single_elimination,11,False
32,4,Barry Williams,rank,18.0,10.0,4.2330827067669174,11.074659239520305,1.0,11.0,0.0399,1.0,7.0,0.0,False,single_elimination,11,False
32,4,Charity Lawson,rank,24.0,3.0,6.142857142857143,8.806469437061287,1.0,11.0,0.0399,1.0,11.0,0.0,False,single_elimination,11,False
32,4,Harry Jowsey,rank,21.0,6.0,5.949874686716792,9.012788466011221,1.0,11.0,0.0399,1.0,10.0,0.0,False,single_elimination,11,False
32,4,Jason Mraz,rank,24.0,3.0,6.0776942355889725,8.875601995665265,1.0,11.0,0.0399,1.0,11.0,0.0,False,single_elimination,11,False
32,4,Lele Pons,rank,22.0,5.0,5.807017543859649,9.168625339377163,1.0,11.0,0.0399,1.0,11.0,0.0,False,single_elimination,11,False
32,4,Mauricio Umansky,rank,19.0,9.0,5.132832080200501,9.941218733982836,1.0,11.0,0.0399,1.0,8.0,0.0,False,single_elimination,11,False
32,4,Mira Sorvino,rank,21.0,6.0,5.942355889724311,9.02092397483113,1.0,11.0,0.0399,1.0,10.0,0.0,False,single_elimination,11,False
32,4,Xochitl Gomez,rank,27.0,1.0,6.117794486215539,8.83299492738981,1.0,11.0,0.0399,1.0,11.0,0.0,False,single_elimination,11,False
32,5,Alyson Hannigan,rank,21.0,9.0,5.095933926302414,10.473348790964362,1.0,10.0,0.1574,2.0,10.0,0.0,False,single_elimination,10,False
32,5,Ariana Madix,rank,24.0,4.0,5.48856416772554,9.939166074321621,1.0,10.0,0.1574,1.0,10.0,0.0,False,single_elimination,10,False
32,5,Barry Williams,rank,24.0,4.0,5.513341804320203,9.906384381656194,1.0,10.0,0.1574,1.0,10.0,0.0,False,single_elimination,10,False
32,5,Charity Lawson,rank,28.0,1.0,5.49428208386277,9.93159145301354,1.0,10.0,0.1574,1.0,10.0,0.0,False,single_elimination,10,False
32,5,Harry Jowsey,rank,18.0,10.0,3.4936467598475223,12.967835625017928,1.0,10.0,0.1574,1.0,8.0,0.0,False,single_elimination,10,False
32,5,Jason Mraz,rank,27.0,3.0,5.620711562897077,9.76557521633055,1.0,10.0,0.1574,1.0,10.0,0.0,False,single_elimination,10,False
32,5,Lele Pons,rank,24.0,4.0,5.622617534942821,9.763093809860273,1.0,10.0,0.1574,1.0,10.0,0.0,False,single_elimination,10,False
32,5,Mauricio Umansky,rank,24.0,4.0,5.574968233799238,9.825318544505432,1.0,10.0,0.1574,1.0,10.0,0.0,False,single_elimination,10,False
32,5,Mira Sorvino,rank,22.0,8.0,7.593392630241423,7.507025580990918,4.0,10.0,0.1574,3.0,10.0,0.0,False,single_elimination,10,True
32,5,Xochitl Gomez,rank,28.0,1.0,5.502541296060991,9.920660523339189,1.0,10.0,0.1574,1.0,10.0,0.0,False,single_elimination,10,False
32,6,Alyson Hannigan,rank,31.0,8.0,3.941926345609065,12.816696880519219,1.0,9.0,0.0706,2.0,9.0,0.0,False,single_elimination,9,False
32,6,Ariana Madix,rank,41.0,2.0,5.043909348441926,10.863964620650822,1.0,9.0,0.0706,1.0,9.0,0.0,False,single_elimination,9,False
32,6,Barry Williams,rank,32.0,7.0,4.664305949008498,11.500515082612525,1.0,9.0,0.0706,1.0,8.0,0.0,False,single_elimination,9,False
32,6,Charity Lawson,rank,38.0,4.0,5.086402266288951,10.794938604688637,1.0,9.0,0.0706,1.0,9.0,0.0,False,single_elimination,9,False
32,6,Harry Jowsey,rank,29.0,9.0,3.218130311614731,14.28654477892283,1.0,9.0,0.0706,1.0,6.0,0.0,False,single_elimination,9,False
32,6,Jason Mraz,rank,39.0,3.0,4.973087818696884,10.979990201715042,1.0,9.0,0.0706,1.0,9.0,0.0,False,single_elimination,9,False
32,6,Lele Pons,rank,37.0,5.0,4.951841359773371,11.015038908237864,1.0,9.0,0.0706,1.0,9.0,0.0,False,single_elimination,9,False
32,6,Mauricio Umansky,rank,33.0,6.0,8.05099150141643,6.919814696422227,6.0,9.0,0.0706,4.0,9.0,0.0,False,single_elimination,9,True
32,6,Xochitl Gomez,rank,42.0,1.0,5.069405099150142,10.822496226230838,1.0,9.0,0.0706,1.0,9.0,0.0,False,single_elimination,9,False
32,7,Alyson Hannigan,rank,35.0,6.0,4.292079207920792,12.626591135325569,1.0,8.0,0.0202,3.0,8.0,0.0,False,single_elimination,8,False
32,7,Ariana Madix,rank,37.0,1.0,4.7772277227722775,11.618941808808799,1.0,8.0,0.0202,1.0,8.0,0.0,False,single_elimination,8,False
32,7,Barry Williams,rank,32.5,7.0,3.0841584158415842,15.531607381733759,1.0,8.0,0.0202,1.0,4.0,0.0,False,single_elimination,8,False
32,7,Charity Lawson,rank,36.0,4.0,4.628712871287129,11.918554288209124,1.0,7.0,0.0202,1.0,7.0,0.0,False,single_elimination,8,False
32,7,Harry Jowsey,rank,32.0,8.0,2.6584158415841586,16.70756439791766,1.0,8.0,0.0202,1.0,3.0,0.0,False,single_elimination,8,False
32,7,Jason Mraz,rank,36.0,4.0,4.242574257425742,12.734203479335566,1.0,7.974999999999994,0.0202,1.0,7.0,0.0,False,single_elimination,8,False
32,7,Lele Pons,rank,36.5,3.0,7.5495049504950495,7.223857977861216,6.0,8.0,0.0202,6.0,8.0,0.0,False,single_elimination,8,True
32,7,Xochitl Gomez,rank,37.0,1.0,4.767326732673268,11.638679530808322,1.0,8.0,0.0202,1.0,8.0,0.0,False,single_elimination,8,False
32,8,Alyson Hannigan,rank,36.0,4.0,4.326829268292683,13.044287504787084,1.0,7.0,0.082,4.0,7.0,0.0,False,single_elimination,7,False
32,8,Ariana Madix,rank,42.0,1.0,4.036585365853658,13.823901397385768,1.0,7.0,0.082,1.0,7.0,0.0,False,single_elimination,7,False
32,8,Barry Williams,rank,35.0,5.0,5.871951219512195,9.576631465482825,4.0,7.0,0.082,3.0,7.0,0.0,False,single_elimination,7,True
32,8,Charity Lawson,rank,39.0,3.0,4.43780487804878,12.757957274361587,1.0,7.0,0.082,1.0,7.0,0.0,False,single_elimination,7,False
32,8,Harry Jowsey,rank,28.0,7.0,1.854878048780488,21.386086408258244,1.0,4.0,0.082,1.0,4.0,0.0,False,single_elimination,7,False
32,8,Jason Mraz,rank,33.0,6.0,3.44390243902439,15.563612610130548,1.0,7.0,0.082,1.0,5.0,0.0,False,single_elimination,7,False
32,8,Xochitl Gomez,rank,40.0,2.0,4.028048780487805,13.847523339593943,1.0,7.0,0.082,1.0,7.0,0.0,False,single_elimination,7,False
32,9,Alyson Hannigan,rank,32.0,5.0,3.0862352413690033,18.356318150219714,1.0,6.0,0.6691,1.0,6.0,0.0,False,single_elimination,6,False
32,9,Ariana Madix,rank,37.0,4.0,3.399491854730235,17.026862455710667,1.0,6.0,0.6691,1.0,6.0,0.0,False,single_elimination,6,False
32,9,Charity Lawson,rank,38.0,3.0,3.451203108653415,16.81685303541502,1.0,6.0,0.6691,1.0,6.0,0.0,False,single_elimination,6,False
32,9,Harry Jowsey,rank,30.0,6.0,4.128979225825736,14.2922191290682,2.0,6.0,0.6691,1.0,6.0,0.0,False,single_elimination,6,True
32,9,Jason Mraz,rank,43.0,1.0,3.5087430877297865,16.586215278491903,1.0,6.0,0.6691,1.0,6.0,0.0,False,single_elimination,6,False
32,9,Xochitl Gomez,rank,41.0,2.0,3.425347481691825,16.921531951094497,1.0,6.0,0.6691,1.0,6.0,0.0,False,single_elimination,6,False
32,10,Alyson Hannigan,rank,25.5,5.0,2.9787,20.1277401154467,1.0,5.0,1.0,1.0,5.0,0.0,False,no_elimination,5,False
32,10,Ariana Madix,rank,29.0,3.0,3.0294,19.82391364594053,1.0,5.0,1.0,1.0,5.0,0.0,False,no_elimination,5,False
32,10,Charity Lawson,rank,29.5,2.0,2.9733,20.160373480322356,1.0,5.0,1.0,1.0,5.0,0.0,False,no_elimination,5,False
32,10,Jason Mraz,rank,28.5,4.0,3.0232,19.860820437998363,1.0,5.0,1.0,1.0,5.0,0.0,False,no_elimination,5,False
32,10,Xochitl Gomez,rank,30.0,1.0,2.9954,20.027152320292064,1.0,5.0,1.0,1.0,5.0,0.0,False,no_elimination,5,False
32,11,Alyson Hannigan,rank,26.5,5.0,3.0129,19.922452534000914,1.0,5.0,1.0,1.0,5.0,0.0,False,no_elimination,5,False
32,11,Ariana Madix,rank,29.5,3.0,3.0161,19.903336156897424,1.0,5.0,1.0,1.0,5.0,0.0,False,no_elimination,5,False
32,11,Charity Lawson,rank,29.5,3.0,2.9697,20.18232787362939,1.0,5.0,1.0,1.0,5.0,0.0,False,no_elimination,5,False
32,11,Jason Mraz,rank,30.0,1.0,2.9882,20.070626212763703,1.0,5.0,1.0,1.0,5.0,0.0,False,no_elimination,5,False
32,11,Xochitl Gomez,rank,30.0,1.0,3.0131,19.921257222708572,1.0,5.0,1.0,1.0,5.0,0.0,False,no_elimination,5,False
33,1,Anna Delvey,rank,18.0,8.0,7.0366,7.664144686328841,1.0,13.0,1.0,1.0,13.0,0.0,False,no_elimination,13,False
33,1,Brooks Nader,rank,18.0,8.0,6.9677,7.717132978261397,1.0,13.0,1.0,1.0,13.0,0.0,False,no_elimination,13,False
33,1,Chandler Kinney,rank,23.0,1.0,7.0025,7.690324030122393,1.0,13.0,1.0,1.0,13.0,0.0,False,no_elimination,13,False
33,1,Danny Amendola,rank,20.0,5.0,6.9804,7.707338440227124,1.0,13.0,1.0,1.0,13.0,0.0,False,no_elimination,13,False
33,1,Dwight Howard ,rank,22.0,2.0,6.9305,7.745894175600173,1.0,13.0,1.0,1.0,13.0,0.0,False,no_elimination,13,False
33,1,Eric Roberts,rank,15.0,13.0,6.9981,7.693708517228208,1.0,13.0,1.0,1.0,13.0,0.0,False,no_elimination,13,False
33,1,Ilona Maher,rank,18.0,8.0,7.0293,7.669741554558218,1.0,13.0,1.0,1.0,13.0,0.0,False,no_elimination,13,False
33,1,Jenn Tran,rank,19.0,6.0,7.0272,7.671352369414315,1.0,13.0,1.0,1.0,13.0,0.0,False,no_elimination,13,False
33,1,Joey Graziadei,rank,21.0,3.0,6.9406,7.738074771946378,1.0,13.0,1.0,1.0,13.0,0.0,False,no_elimination,13,False
33,1,Phaedra Parks,rank,19.0,6.0,7.0506,7.653422391125932,1.0,13.0,1.0,1.0,13.0,0.0,False,no_elimination,13,False
33,1,Reginald VelJohnson,rank,16.0,12.0,6.98,7.707646739930686,1.0,13.0,1.0,1.0,13.0,0.0,False,no_elimination,13,False
33,1,Stephen Nedoroscik,rank,21.0,3.0,6.9878,7.701637119530185,1.0,13.0,1.0,1.0,13.0,0.0,False,no_elimination,13,False
33,1,Tori Spelling,rank,17.0,11.0,7.0687,7.639582225726162,1.0,13.0,1.0,1.0,13.0,0.0,False,no_elimination,13,False
33,2,Anna Delvey,rank,17.0,11.0,10.32128514056225,5.421426802564411,7.0,13.0,0.0498,3.0,13.0,0.0,False,multi_elimination_2,13,True
33,2,Brooks Nader,rank,20.0,8.0,6.046184738955823,8.313403307706265,1.0,12.0,0.0498,1.0,13.0,0.0,False,multi_elimination_2,13,False
33,2,Chandler Kinney,rank,24.0,1.0,6.877510040160643,7.650236317621917,1.0,13.0,0.0498,1.0,13.0,0.0,False,multi_elimination_2,13,False
33,2,Danny Amendola,rank,21.0,5.0,6.967871485943775,7.581419065770589,1.0,13.0,0.0498,1.0,13.0,0.0,False,multi_elimination_2,13,False
33,2,Dwight Howard ,rank,22.0,2.0,6.849397590361446,7.671773264698157,1.0,13.0,0.0498,1.0,13.0,0.0,False,multi_elimination_2,13,False
33,2,Eric Roberts,rank,15.0,12.0,4.720883534136546,9.491523993666062,1.0,9.0,0.0498,1.0,10.0,0.0,False,multi_elimination_2,13,False
33,2,Ilona Maher,rank,21.0,5.0,6.751004016064257,7.747631168482556,1.0,13.0,0.0498,1.0,13.0,0.0,False,multi_elimination_2,13,False
33,2,Jenn Tran,rank,19.0,9.0,5.676706827309237,8.62631021045342,1.0,11.0,0.0498,1.0,12.0,0.0,False,multi_elimination_2,13,False
33,2,Joey Graziadei,rank,22.0,2.0,7.0,7.5571001802703766,1.0,13.0,0.0498,1.0,13.0,0.0,False,multi_elimination_2,13,False
33,2,Phaedra Parks,rank,21.0,5.0,6.821285140562249,7.69337084259286,1.0,13.0,0.0498,1.0,13.0,0.0,False,multi_elimination_2,13,False
33,2,Reginald VelJohnson,rank,15.0,12.0,4.2008032128514055,9.998221441088415,1.0,9.0,0.0498,1.0,10.0,0.0,False,multi_elimination_2,13,False
33,2,Stephen Nedoroscik,rank,22.0,2.0,7.004016064257028,7.554065809630456,1.0,13.0,0.0498,1.0,13.0,0.0,False,multi_elimination_2,13,False
33,2,Tori Spelling,rank,19.0,9.0,11.763052208835342,4.69351759545453,9.0,13.0,0.0498,5.0,13.0,0.0,False,multi_elimination_2,13,True
33,3,Brooks Nader,rank,30.5,5.0,5.6774969915764135,9.320925078312275,1.0,11.0,0.1662,1.0,11.0,0.0,False,multi_elimination_2,11,False
33,3,Chandler Kinney,rank,34.5,2.0,5.780986762936221,9.205886427597173,1.0,11.0,0.1662,1.0,11.0,0.0,False,multi_elimination_2,11,False
33,3,Danny Amendola,rank,30.0,6.0,5.371239470517449,9.66984986632491,1.0,11.0,0.1662,1.0,11.0,0.0,False,multi_elimination_2,11,False
33,3,Dwight Howard ,rank,26.0,9.0,4.01985559566787,11.372280378089059,1.0,9.0,0.1662,1.0,11.0,0.0,False,multi_elimination_2,11,False
33,3,Eric Roberts,rank,23.0,10.0,9.114320096269555,6.170890213945805,5.0,11.0,0.1662,1.0,11.0,0.0,False,multi_elimination_2,11,True
33,3,Ilona Maher,rank,28.0,7.0,5.004813477737666,10.104530652915665,1.0,10.474999999999909,0.1662,1.0,11.0,0.0,False,multi_elimination_2,11,False
33,3,Jenn Tran,rank,31.0,3.0,5.859205776173285,9.119881649283922,1.0,11.0,0.1662,1.0,11.0,0.0,False,multi_elimination_2,11,False
33,3,Joey Graziadei,rank,35.0,1.0,5.951263537906137,9.019689369784452,1.0,11.0,0.1662,1.0,11.0,0.0,False,multi_elimination_2,11,False
33,3,Phaedra Parks,rank,28.0,7.0,4.974127557160048,10.141807261829307,1.0,11.0,0.1662,1.0,11.0,0.0,False,multi_elimination_2,11,False
33,3,Reginald VelJohnson,rank,21.0,11.0,8.459085439229844,6.675681305938215,4.0,11.0,0.1662,1.0,11.0,0.0,False,multi_elimination_2,11,True
33,3,Stephen Nedoroscik,rank,31.0,3.0,5.787605294825512,9.198577795979215,1.0,11.0,0.1662,1.0,11.0,0.0,False,multi_elimination_2,11,False
33,4,Brooks Nader,rank,32.0,4.0,8.291139240506329,6.6801418415797995,7.0,9.0,0.0632,6.0,9.0,0.0,False,single_elimination,9,True
33,4,Chandler Kinney,rank,32.0,4.0,4.80379746835443,11.271083762499208,1.0,9.0,0.0632,6.0,9.0,0.0,False,single_elimination,9,False
33,4,Danny Amendola,rank,36.0,1.0,4.920886075949367,11.074854695235448,1.0,9.0,0.0632,1.0,9.0,0.0,False,single_elimination,9,False
33,4,Dwight Howard ,rank,29.0,9.0,3.5427215189873418,13.618128449117359,1.0,9.0,0.0632,1.0,3.0,0.0,False,single_elimination,9,False
33,4,Ilona Maher,rank,32.0,4.0,4.6455696202531644,11.541793490556957,1.0,9.0,0.0632,1.0,7.0,0.0,False,single_elimination,9,False
33,4,Jenn Tran,rank,32.0,4.0,4.7325949367088604,11.39210836113452,1.0,9.0,0.0632,1.0,7.0,0.0,False,single_elimination,9,False
33,4,Joey Graziadei,rank,36.0,1.0,4.955696202531645,11.01717784259582,1.0,9.0,0.0632,1.0,9.0,0.0,False,single_elimination,9,False
33,4,Phaedra Parks,rank,32.0,4.0,4.620253164556962,11.585706412284539,1.0,9.0,0.0632,1.0,7.0,0.0,False,single_elimination,9,False
33,4,Stephen Nedoroscik,rank,33.0,3.0,4.487341772151899,11.81900514499635,1.0,9.0,0.0632,1.0,8.0,0.0,False,single_elimination,9,False
33,5,Chandler Kinney,rank,27.0,1.0,4.491993185689949,12.428974058770605,1.0,8.0,0.2935,7.0,8.0,0.0,False,single_elimination,8,False
33,5,Danny Amendola,rank,25.5,4.0,4.286541737649063,12.874525774763812,1.0,8.0,0.2935,1.0,5.0,0.0,False,single_elimination,8,False
33,5,Dwight Howard ,rank,24.0,6.0,3.819420783645656,13.947893463618218,1.0,8.0,0.2935,1.0,3.0,0.0,False,single_elimination,8,False
33,5,Ilona Maher,rank,26.0,2.0,4.435434412265758,12.550068884125562,1.0,8.0,0.2935,1.0,7.0,0.0,False,single_elimination,8,False
33,5,Jenn Tran,rank,25.5,4.0,4.387052810902896,12.654591872019468,1.0,8.0,0.2935,1.0,5.0,0.0,False,single_elimination,8,False
33,5,Joey Graziadei,rank,26.0,2.0,4.480408858603067,12.453681092027075,1.0,8.0,0.2935,1.0,7.0,0.0,False,single_elimination,8,False
33,5,Phaedra Parks,rank,24.0,6.0,6.272572402044293,9.15946905183665,4.0,8.0,0.2935,3.0,8.0,0.0,False,single_elimination,8,True
33,5,Stephen Nedoroscik,rank,24.0,6.0,3.8265758091993187,13.930795802838611,1.0,8.0,0.2935,1.0,3.0,0.0,False,single_elimination,8,False
33,6,Chandler Kinney,rank,32.0,1.0,4.117647058823529,13.546615306022758,1.0,7.0,0.0221,7.0,7.0,0.0,False,single_elimination,7,False
33,6,Danny Amendola,rank,28.0,5.0,3.420814479638009,15.572448624846178,1.0,7.0,0.0221,2.0,3.0,0.0,False,single_elimination,7,False
33,6,Dwight Howard ,rank,31.0,3.0,3.9004524886877827,14.148033472689933,1.0,7.0,0.0221,4.0,5.0,0.0,False,single_elimination,7,False
33,6,Ilona Maher,rank,24.0,7.0,1.9819004524886878,20.765356483976948,1.0,7.0,0.0221,1.0,1.0,0.0,False,single_elimination,7,False
33,6,Jenn Tran,rank,31.0,3.0,6.515837104072398,8.385455476211604,5.0,7.0,0.0221,5.0,6.0,0.0,False,single_elimination,7,True
33,6,Joey Graziadei,rank,32.0,1.0,4.217194570135747,13.27957606797319,1.0,7.0,0.0221,4.0,6.0,0.0,False,single_elimination,7,False
33,6,Stephen Nedoroscik,rank,28.0,5.0,3.8461538461538463,14.302514568279392,1.0,7.0,0.0221,2.0,3.0,0.0,False,single_elimination,7,False
33,7,Chandler Kinney,rank,30.0,1.0,3.4978565861262667,16.60430279100943,1.0,6.0,0.5132,5.0,6.0,0.0,False,single_elimination,6,False
33,7,Danny Amendola,rank,25.5,5.0,3.200506625097428,17.832557448015816,1.0,6.0,0.5132,1.0,2.0,0.0,False,single_elimination,6,False
33,7,Dwight Howard ,rank,24.0,6.0,4.352689010132502,13.5244895701608,2.0,6.0,0.5132,1.0,6.0,0.0,False,single_elimination,6,True
33,7,Ilona Maher,rank,26.0,4.0,3.2314886983632114,17.700451701548996,1.0,6.0,0.5132,1.0,3.0,0.0,False,single_elimination,6,False
33,7,Joey Graziadei,rank,27.5,2.0,3.4039360872954014,16.98282918668269,1.0,6.0,0.5132,1.0,5.0,0.0,False,single_elimination,6,False
33,7,Stephen Nedoroscik,rank,27.0,3.0,3.313522992985191,17.35536930258227,1.0,6.0,0.5132,1.0,4.0,0.0,False,single_elimination,6,False
33,8,Chandler Kinney,rank,29.0,1.0,2.9909,20.054558800660654,1.0,5.0,1.0,1.0,5.0,0.0,False,no_elimination,5,False
33,8,Danny Amendola,rank,27.0,4.0,3.0104,19.937582122064363,1.0,5.0,1.0,1.0,5.0,0.0,False,no_elimination,5,False
33,8,Ilona Maher,rank,28.5,3.0,2.9823,20.106366365387206,1.0,5.0,1.0,1.0,5.0,0.0,False,no_elimination,5,False
33,8,Joey Graziadei,rank,29.0,1.0,3.0071,19.95733010200236,1.0,5.0,1.0,1.0,5.0,0.0,False,no_elimination,5,False
33,8,Stephen Nedoroscik,rank,26.5,5.0,3.0093,19.944162609885414,1.0,5.0,1.0,1.0,5.0,0.0,False,no_elimination,5,False
33,9,Chandler Kinney,rank,30.0,1.0,3.0161,19.903467441044263,1.0,5.0,1.0,1.0,5.0,0.0,False,no_elimination,5,False
33,9,Danny Amendola,rank,28.0,5.0,2.9884,20.069554390981008,1.0,5.0,1.0,1.0,5.0,0.0,False,no_elimination,5,False
33,9,Ilona Maher,rank,28.5,4.0,3.0125,19.924974797762705,1.0,5.0,1.0,1.0,5.0,0.0,False,no_elimination,5,False
33,9,Joey Graziadei,rank,29.5,2.0,3.0022,19.986638190765966,1.0,5.0,1.0,1.0,5.0,0.0,False,no_elimination,5,False
33,9,Stephen Nedoroscik,rank,29.5,2.0,2.9808,20.115365179446062,1.0,5.0,1.0,1.0,5.0,0.0,False,no_elimination,5,False
34,1,Alix Earle,rank,13.0,4.0,7.4631,7.167141448908844,1.0,14.0,1.0,1.0,14.0,0.0,False,no_elimination,14,False
34,1,Andy Richter,rank,9.0,13.0,7.5001,7.142704658541181,1.0,14.0,1.0,1.0,14.0,0.0,False,no_elimination,14,False
34,1,Baron Davis,rank,10.0,9.0,7.4455,7.17879476068213,1.0,14.0,1.0,1.0,14.0,0.0,False,no_elimination,14,False
34,1,Corey Feldman,rank,9.0,13.0,7.5369,7.1184826037750355,1.0,14.0,1.0,1.0,14.0,0.0,False,no_elimination,14,False
34,1,Danielle Fishel,rank,12.0,6.0,7.5037,7.140331477174317,1.0,14.0,1.0,1.0,14.0,0.0,False,no_elimination,14,False
34,1,Dylan Efron,rank,10.0,9.0,7.532,7.121703076481664,1.0,14.0,1.0,1.0,14.0,0.0,False,no_elimination,14,False
34,1,Elaine Hendrix,rank,12.0,6.0,7.5897,7.083872625082684,1.0,14.0,1.0,1.0,14.0,0.0,False,no_elimination,14,False
34,1,Hilaria Baldwin,rank,14.0,3.0,7.4453,7.178927293501087,1.0,14.0,1.0,1.0,14.0,0.0,False,no_elimination,14,False
34,1,Jen Affleck,rank,12.0,6.0,7.5574,7.105024981383325,1.0,14.0,1.0,1.0,14.0,0.0,False,no_elimination,14,False
34,1,Jordan Chiles,rank,10.0,9.0,7.4206,7.195313921387372,1.0,14.0,1.0,1.0,14.0,0.0,False,no_elimination,14,False
34,1,Lauren Jauregui,rank,13.0,4.0,7.5408,7.1159204112599985,1.0,14.0,1.0,1.0,14.0,0.0,False,no_elimination,14,False
34,1,Robert Irwin,rank,15.0,1.0,7.4205,7.195380339976272,1.0,14.0,1.0,1.0,14.0,0.0,False,no_elimination,14,False
34,1,Scott Hoying,rank,10.0,9.0,7.5639,7.1007632450432485,1.0,14.0,1.0,1.0,14.0,0.0,False,no_elimination,14,False
34,1,Whitney Leavitt,rank,15.0,1.0,7.4805,7.155639156802837,1.0,14.0,1.0,1.0,14.0,0.0,False,no_elimination,14,False
34,2,Alix Earle,rank,21.0,5.0,7.3222453222453225,7.166047199619564,1.0,14.0,0.0962,1.0,14.0,0.0,False,multi_elimination_2,14,False
34,2,Andy Richter,rank,16.0,13.0,5.044698544698544,8.842673761499947,1.0,10.0,0.0962,1.0,12.0,0.0,False,multi_elimination_2,14,False
34,2,Baron Davis,rank,18.0,11.0,12.175675675675675,4.5783801190425155,8.0,14.0,0.0962,3.0,14.0,0.0,False,multi_elimination_2,14,True
34,2,Corey Feldman,rank,15.0,14.0,10.723492723492724,5.235136439321568,6.0,14.0,0.0962,1.0,14.0,0.0,False,multi_elimination_2,14,True
34,2,Danielle Fishel,rank,19.0,10.0,5.746361746361746,8.288096938552208,1.0,12.0,0.0962,1.0,14.0,0.0,False,multi_elimination_2,14,False
34,2,Dylan Efron,rank,20.0,9.0,6.360706860706861,7.8311674767166775,1.0,13.0,0.0962,1.0,14.0,0.0,False,multi_elimination_2,14,False
34,2,Elaine Hendrix,rank,21.0,5.0,7.497920997920998,7.0507781685524105,1.0,14.0,0.0962,1.0,14.0,0.0,False,multi_elimination_2,14,False
34,2,Hilaria Baldwin,rank,21.0,5.0,7.446985446985447,7.084007172508889,1.0,14.0,0.0962,1.0,14.0,0.0,False,multi_elimination_2,14,False
34,2,Jen Affleck,rank,22.0,1.0,7.572765072765073,7.002234451098084,1.0,14.0,0.0962,1.0,14.0,0.0,False,multi_elimination_2,14,False
34,2,Jordan Chiles,rank,22.0,1.0,7.4345114345114345,7.092168731379099,1.0,14.0,0.0962,1.0,14.0,0.0,False,multi_elimination_2,14,False
34,2,Lauren Jauregui,rank,21.0,5.0,7.334719334719335,7.157800622542563,1.0,14.0,0.0962,1.0,14.0,0.0,False,multi_elimination_2,14,False
34,2,Robert Irwin,rank,22.0,1.0,7.302494802494802,7.179123715142678,1.0,14.0,0.0962,1.0,14.0,0.0,False,multi_elimination_2,14,False
34,2,Scott Hoying,rank,18.0,11.0,5.58939708939709,8.409057737318278,1.0,12.0,0.0962,1.0,13.0,0.0,False,multi_elimination_2,14,False
34,2,Whitney Leavitt,rank,22.0,1.0,7.448024948024948,7.083327466705512,1.0,14.0,0.0962,1.0,14.0,0.0,False,multi_elimination_2,14,False
34,3,Alix Earle,rank,23.0,3.0,6.464454976303317,8.32978233593327,1.0,12.0,0.3376,9.0,12.0,0.0,False,single_elimination,12,False
34,3,Andy Richter,rank,18.0,11.0,5.233116113744076,9.527336584263429,1.0,12.0,0.3376,1.0,4.0,0.0,False,single_elimination,12,False
34,3,Danielle Fishel,rank,21.0,8.0,6.317239336492891,8.464637689598478,1.0,12.0,0.3376,1.0,7.0,0.0,False,single_elimination,12,False
34,3,Dylan Efron,rank,23.0,3.0,6.586789099526066,8.219355379290242,1.0,12.0,0.3376,1.0,11.0,0.0,False,single_elimination,12,False
34,3,Elaine Hendrix,rank,21.0,8.0,6.237559241706161,8.538536197409675,1.0,12.0,0.3376,1.0,7.0,0.0,False,single_elimination,12,False
34,3,Hilaria Baldwin,rank,22.0,5.0,6.4149881516587675,8.374854517936567,1.0,12.0,0.3376,1.0,10.0,0.0,False,single_elimination,12,False
34,3,Jen Affleck,rank,19.0,10.0,5.7538507109004735,9.00119900295972,1.0,12.0,0.3376,1.0,5.0,0.0,False,single_elimination,12,False
34,3,Jordan Chiles,rank,24.0,1.0,6.491409952606635,8.305324231557135,1.0,12.0,0.3376,1.0,12.0,0.0,False,single_elimination,12,False
34,3,Lauren Jauregui,rank,18.0,11.0,9.133886255924171,6.225331168207356,5.0,12.0,0.3376,2.0,12.0,0.0,False,single_elimination,12,True
34,3,Robert Irwin,rank,22.0,5.0,6.471267772511848,8.323593823965691,1.0,12.0,0.3376,1.0,10.0,0.0,False,single_elimination,12,False
34,3,Scott Hoying,rank,22.0,5.0,6.4274289099526065,8.363496095631595,1.0,12.0,0.3376,1.0,10.0,0.0,False,single_elimination,12,False
34,3,Whitney Leavitt,rank,24.0,1.0,6.468009478672986,8.326552973246834,1.0,12.0,0.3376,1.0,12.0,0.0,False,single_elimination,12,False
34,4,Alix Earle,rank,24.0,2.0,6.487654320987654,8.405613783324059,1.0,11.0,0.0162,10.0,11.0,0.0,False,single_elimination,11,False
34,4,Andy Richter,rank,18.0,11.0,3.234567901234568,12.419529092640316,1.0,9.974999999999994,0.0162,1.0,2.0,0.0,False,single_elimination,11,False
34,4,Danielle Fishel,rank,21.0,9.0,4.95679012345679,10.100687530665478,1.0,10.0,0.0162,1.0,4.0,0.0,False,single_elimination,11,False
34,4,Dylan Efron,rank,23.0,5.0,6.006172839506172,8.905575737599964,1.0,10.974999999999994,0.0162,1.0,8.0,0.0,False,single_elimination,11,False
34,4,Elaine Hendrix,rank,24.0,2.0,6.62962962962963,8.263620040885836,1.0,11.0,0.0162,1.0,10.0,0.0,False,single_elimination,11,False
34,4,Hilaria Baldwin,rank,23.0,5.0,10.524691358024691,5.1781888160851,9.0,11.0,0.0162,7.0,11.0,0.0,False,single_elimination,11,True
34,4,Jen Affleck,rank,23.0,5.0,6.006172839506172,8.905575737599964,1.0,11.0,0.0162,1.0,8.0,0.0,False,single_elimination,11,False
34,4,Jordan Chiles,rank,24.0,2.0,6.2407407407407405,8.658395426639869,1.0,11.0,0.0162,1.0,10.0,0.0,False,single_elimination,11,False
34,4,Robert Irwin,rank,22.0,8.0,4.932098765432099,10.130659875265145,1.0,10.0,0.0162,1.0,5.0,0.0,False,single_elimination,11,False
34,4,Scott Hoying,rank,21.0,9.0,4.703703703703703,10.412154901637857,1.0,10.0,0.0162,1.0,4.0,0.0,False,single_elimination,11,False
34,4,Whitney Leavitt,rank,25.0,1.0,6.277777777777778,8.619999057656424,1.0,11.0,0.0162,1.0,11.0,0.0,False,single_elimination,11,False
34,5,Alix Earle,rank,35.0,2.0,5.4648,10.046929471993526,1.0,10.0,1.0,1.0,10.0,0.0,False,no_elimination,10,False
34,5,Andy Richter,rank,24.0,10.0,5.5384,9.94881779277173,1.0,10.0,1.0,1.0,10.0,0.0,False,no_elimination,10,False
34,5,Danielle Fishel,rank,29.0,8.0,5.4468,10.071071061045211,1.0,10.0,1.0,1.0,10.0,0.0,False,no_elimination,10,False
34,5,Dylan Efron,rank,36.0,1.0,5.5573,9.923778334901739,1.0,10.0,1.0,1.0,10.0,0.0,False,no_elimination,10,False
34,5,Elaine Hendrix,rank,30.0,6.0,5.5048,9.993488484118766,1.0,10.0,1.0,1.0,10.0,0.0,False,no_elimination,10,False
34,5,Jen Affleck,rank,29.0,8.0,5.4692,10.041037001996827,1.0,10.0,1.0,1.0,10.0,0.0,False,no_elimination,10,False
34,5,Jordan Chiles,rank,32.0,5.0,5.5131,9.982435140841051,1.0,10.0,1.0,1.0,10.0,0.0,False,no_elimination,10,False
34,5,Robert Irwin,rank,35.0,2.0,5.4592,10.054433980667197,1.0,10.0,1.0,1.0,10.0,0.0,False,no_elimination,10,False
34,5,Scott Hoying,rank,30.0,6.0,5.5292,9.961029164040692,1.0,10.0,1.0,1.0,10.0,0.0,False,no_elimination,10,False
34,5,Whitney Leavitt,rank,33.0,4.0,5.5172,9.97697956762327,1.0,10.0,1.0,1.0,10.0,0.0,False,no_elimination,10,False
34,6,Alix Earle,rank,35.0,6.0,5.439328277356446,10.029309421900866,1.0,10.0,0.3692,5.0,10.0,0.0,False,single_elimination,10,False
34,6,Andy Richter,rank,27.0,10.0,3.9851029252437704,12.175289683144651,1.0,10.0,0.3692,1.0,6.0,0.0,False,single_elimination,10,False
34,6,Danielle Fishel,rank,36.0,3.0,5.568797399783315,9.85766375336923,1.0,10.0,0.3692,1.0,10.0,0.0,False,single_elimination,10,False
34,6,Dylan Efron,rank,32.0,7.0,5.304442036836403,10.211316646419293,1.0,10.0,0.3692,1.0,9.0,0.0,False,single_elimination,10,False
34,6,Elaine Hendrix,rank,36.0,3.0,5.476977248104009,9.97908981817821,1.0,10.0,0.3692,1.0,10.0,0.0,False,single_elimination,10,False
34,6,Jen Affleck,rank,32.0,7.0,5.436619718309859,10.032932072907865,1.0,10.0,0.3692,1.0,9.0,0.0,False,single_elimination,10,False
34,6,Jordan Chiles,rank,39.0,1.0,5.489165763813651,9.962885616353569,1.0,10.0,0.3692,1.0,10.0,0.0,False,single_elimination,10,False
34,6,Robert Irwin,rank,36.0,3.0,5.440411700975082,10.027860727779176,1.0,10.0,0.3692,1.0,10.0,0.0,False,single_elimination,10,False
34,6,Scott Hoying,rank,28.0,9.0,7.395720476706392,7.726526860521372,4.0,10.0,0.3692,2.0,10.0,0.0,False,single_elimination,10,True
34,6,Whitney Leavitt,rank,39.0,1.0,5.4634344528710725,9.997125399425753,1.0,10.0,0.3692,1.0,10.0,0.0,False,single_elimination,10,False
34,7,Alix Earle,rank,43.0,1.0,4.985887096774194,10.98288749312495,1.0,9.0,0.0992,9.0,9.0,0.0,False,single_elimination,9,False
34,7,Andy Richter,rank,29.0,9.0,2.8296370967741935,15.176920397555307,1.0,8.225000000000023,0.0992,1.0,1.0,0.0,False,single_elimination,9,False
34,7,Danielle Fishel,rank,35.0,6.0,5.148185483870968,10.718740102247178,1.0,9.0,0.0992,3.0,4.0,0.0,False,single_elimination,9,False
34,7,Dylan Efron,rank,38.0,4.0,5.018145161290323,10.929872853786597,1.0,9.0,0.0992,3.0,6.0,0.0,False,single_elimination,9,False
34,7,Elaine Hendrix,rank,32.0,8.0,4.222782258064516,12.314828493375682,1.0,9.0,0.0992,2.0,2.0,0.0,False,single_elimination,9,False
34,7,Jen Affleck,rank,34.0,7.0,7.386088709677419,7.6622688705101565,5.0,9.0,0.0992,3.0,8.0,0.0,False,single_elimination,9,True
34,7,Jordan Chiles,rank,38.0,4.0,5.203629032258065,10.62996700823421,1.0,9.0,0.0992,3.0,6.0,0.0,False,single_elimination,9,False
34,7,Robert Irwin,rank,41.0,3.0,5.155241935483871,10.707400663888302,1.0,9.0,0.0992,3.0,7.0,0.0,False,single_elimination,9,False
34,7,Whitney Leavitt,rank,42.0,2.0,5.050403225806452,10.877114117277612,1.0,9.0,0.0992,3.0,8.0,0.0,False,single_elimination,9,False
34,8,Alix Earle,rank,38.5,3.0,4.386562804284323,12.634726401442297,1.0,8.0,0.2054,6.0,8.0,0.0,False,single_elimination,8,False
34,8,Andy Richter,rank,34.0,8.0,3.142161635832522,15.639112706334252,1.0,8.0,0.2054,1.0,3.0,0.0,False,single_elimination,8,False
34,8,Danielle Fishel,rank,37.0,7.0,6.240019474196689,9.195494698793807,4.0,8.0,0.2054,2.0,8.0,0.0,False,single_elimination,8,True
34,8,Dylan Efron,rank,38.0,4.0,4.433300876338851,12.533898398033003,1.0,8.0,0.2054,1.0,7.0,0.0,False,single_elimination,8,False
34,8,Elaine Hendrix,rank,37.5,6.0,4.462512171372931,12.471289906043932,1.0,8.0,0.2054,1.0,5.0,0.0,False,single_elimination,8,False
34,8,Jordan Chiles,rank,39.0,2.0,4.44888023369036,12.500468188493862,1.0,8.0,0.2054,1.0,8.0,0.0,False,single_elimination,8,False
34,8,Robert Irwin,rank,38.0,4.0,4.429892891918208,12.541223165564757,1.0,8.0,0.2054,1.0,7.0,0.0,False,single_elimination,8,False
34,8,Whitney Leavitt,rank,39.5,1.0,4.456669912366115,12.48378653529409,1.0,8.0,0.2054,1.0,8.0,0.0,False,single_elimination,8,False
34,9,Alix Earle,rank,40.0,4.0,3.8121293800539084,14.803583379958562,1.0,7.0,0.742,3.0,7.0,0.0,False,single_elimination,7,False
34,9,Andy Richter,rank,29.0,7.0,4.740161725067385,12.295862242439384,2.0,7.0,0.742,1.0,7.0,0.0,False,single_elimination,7,True
34,9,Dylan Efron,rank,42.0,1.0,3.965633423180593,14.356007031864252,1.0,7.0,0.742,1.0,7.0,0.0,False,single_elimination,7,False
34,9,Elaine Hendrix,rank,36.0,6.0,3.7650943396226415,14.943497865093672,1.0,7.0,0.742,1.0,5.0,0.0,False,single_elimination,7,False
34,9,Jordan Chiles,rank,39.0,5.0,3.7327493261455524,15.040480746109921,1.0,7.0,0.742,1.0,6.0,0.0,False,single_elimination,7,False
34,9,Robert Irwin,rank,42.0,1.0,4.011994609164421,14.223509950925745,1.0,7.0,0.742,1.0,7.0,0.0,False,single_elimination,7,False
34,9,Whitney Leavitt,rank,42.0,1.0,3.972237196765499,14.337058783608466,1.0,7.0,0.742,1.0,7.0,0.0,False,single_elimination,7,False
34,10,Alix Earle,rank,29.0,2.0,3.2247191011235956,17.3422176828458,1.0,5.0,0.0712,5.0,6.0,0.0,False,single_elimination,6,False
34,10,Dylan Efron,rank,27.5,6.0,2.768258426966292,19.350038691286585,1.0,6.0,0.0712,1.0,1.0,0.0,False,single_elimination,6,False
34,10,Elaine Hendrix,rank,28.5,4.0,2.779494382022472,19.297929103365753,1.0,6.0,0.0712,2.0,3.0,0.0,False,single_elimination,6,False
34,10,Jordan Chiles,rank,28.5,4.0,2.9115168539325844,18.696052336066845,1.0,6.0,0.0712,2.0,3.0,0.0,False,single_elimination,6,False
34,10,Robert Irwin,rank,29.5,1.0,3.648876404494382,15.663702678620023,1.0,6.0,0.0712,4.0,4.0,0.0,False,single_elimination,6,False
34,10,Whitney Leavitt,rank,29.0,2.0,5.667134831460674,9.650059507814996,5.0,6.0,0.0712,5.0,6.0,0.0,False,single_elimination,6,True
34,11,Alix Earle,rank,30.0,1.0,3.0045,19.972894096079123,1.0,5.0,1.0,1.0,5.0,0.0,False,no_elimination,5,False
34,11,Dylan Efron,rank,29.3332,4.0,3.0006,19.996276057951935,1.0,5.0,1.0,1.0,5.0,0.0,False,no_elimination,5,False
34,11,Elaine Hendrix,rank,28.9998,5.0,2.9928,20.04312213245885,1.0,5.0,1.0,1.0,5.0,0.0,False,no_elimination,5,False
34,11,Jordan Chiles,rank,29.666600000000003,2.0,2.9835,20.099120524640753,1.0,5.0,1.0,1.0,5.0,0.0,False,no_elimination,5,False
34,11,Robert Irwin,rank,29.666600000000003,2.0,3.0186,19.888587188869337,1.0,5.0,1.0,1.0,5.0,0.0,False,no_elimination,5,False
