season,week,celebrity_name,rule_type,judge_raw,judge_metric,fan_vote_mean,fan_vote_share_pct,ci_low,ci_high,abc_accept_rate,feasible_min,feasible_max,slack_min,is_noisy,week_type,n_active,is_eliminated_this_week
1,1,Evander Holyfield,rank,18.0,4.0,3.503,16.654662925153616,1.0,6.0,1.0,1.0,6.0,0.0,False,no_elimination,6,False
1,1,Joey McIntyre,rank,20.0,1.0,3.4951,16.686270120212118,1.0,6.0,1.0,1.0,6.0,0.0,False,no_elimination,6,False
1,1,John O'Hurley,rank,20.0,1.0,3.4962,16.681865526332356,1.0,6.0,1.0,1.0,6.0,0.0,False,no_elimination,6,False
1,1,Kelly Monaco,rank,13.0,6.0,3.4975,16.676661596143465,1.0,6.0,1.0,1.0,6.0,0.0,False,no_elimination,6,False
1,1,Rachel Hunter,rank,20.0,1.0,3.5015,16.660659683158343,1.0,6.0,1.0,1.0,6.0,0.0,False,no_elimination,6,False
1,1,Trista Sutter,rank,18.0,4.0,3.5067,16.639880149000096,1.0,6.0,1.0,1.0,6.0,0.0,False,no_elimination,6,False
1,2,Evander Holyfield,rank,14.0,6.0,1.899308983218164,23.544058943570104,1.0,3.0,0.1013,1.0,4.0,0.0,False,single_elimination,6,False
1,2,Joey McIntyre,rank,21.0,3.0,3.409674234945706,16.385320688919283,1.0,5.0,0.1013,1.0,6.0,0.0,False,single_elimination,6,False
1,2,John O'Hurley,rank,26.0,1.0,3.684106614017769,15.34089415088659,1.0,6.0,0.1013,1.0,6.0,0.0,False,single_elimination,6,False
1,2,Kelly Monaco,rank,17.0,5.0,2.588351431391905,19.955470712376403,1.0,4.0,0.1013,1.0,5.0,0.0,False,single_elimination,6,False
1,2,Rachel Hunter,rank,24.0,2.0,3.646594274432379,15.479631215445302,1.0,6.0,0.1013,1.0,6.0,0.0,False,single_elimination,6,False
1,2,Trista Sutter,rank,19.0,4.0,5.771964461994077,9.294624288802328,5.0,6.0,0.1013,3.0,6.0,0.0,False,single_elimination,6,True
1,3,Evander Holyfield,rank,13.0,5.0,3.832208293153327,15.445745009136877,2.0,5.0,0.6222,1.0,5.0,0.0,False,single_elimination,5,True
1,3,Joey McIntyre,rank,22.0,3.0,2.831565413050466,20.85359646101204,1.0,5.0,0.6222,1.0,5.0,0.0,False,single_elimination,5,False
1,3,John O'Hurley,rank,24.0,2.0,2.918836387013822,20.31470754484455,1.0,5.0,0.6222,1.0,5.0,0.0,False,single_elimination,5,False
1,3,Kelly Monaco,rank,21.0,4.0,2.4681774349083896,23.25552687755493,1.0,5.0,0.6222,1.0,5.0,0.0,False,single_elimination,5,False
1,3,Rachel Hunter,rank,26.0,1.0,2.949212471873996,20.13042410745161,1.0,5.0,0.6222,1.0,5.0,0.0,False,single_elimination,5,False
1,4,Joey McIntyre,rank,20.0,4.0,1.0,41.30792076435934,1.0,1.0,0.0411,1.0,2.0,0.0,False,single_elimination,4,False
1,4,John O'Hurley,rank,21.0,3.0,2.0,27.68952734840189,2.0,2.0,0.0411,1.0,3.0,0.0,False,single_elimination,4,False
1,4,Kelly Monaco,rank,26.0,1.0,3.0,18.56084524688585,3.0,3.0,0.0411,1.0,4.0,0.0,False,single_elimination,4,False
1,4,Rachel Hunter,rank,25.0,2.0,4.0,12.441706640352905,4.0,4.0,0.0411,3.0,4.0,0.0,False,single_elimination,4,True
1,5,Joey McIntyre,rank,22.5,3.0,1.989,33.55369316406089,1.0,3.0,1.0,1.0,3.0,0.0,False,no_elimination,3,False
1,5,John O'Hurley,rank,27.0,1.0,2.0048,33.23710714158462,1.0,3.0,1.0,1.0,3.0,0.0,False,no_elimination,3,False
1,5,Kelly Monaco,rank,23.5,2.0,2.0062,33.20919969435449,1.0,3.0,1.0,1.0,3.0,0.0,False,no_elimination,3,False
1,6,John O'Hurley,rank,27.0,2.0,1.4915,50.50998231393602,1.0,2.0,1.0,1.0,2.0,0.0,False,no_elimination,2,False
1,6,Kelly Monaco,rank,27.5,1.0,1.5085,49.49001768606397,1.0,2.0,1.0,1.0,2.0,0.0,False,no_elimination,2,False
2,1,Drew Lachey,rank,24.0,1.0,5.381191432396252,10.054332501755804,1.0,10.0,0.2988,1.0,10.0,0.0,False,single_elimination,10,False
2,1,George Hamilton,rank,18.0,8.0,4.382195448460509,11.486852274385468,1.0,9.0,0.2988,1.0,10.0,0.0,False,single_elimination,10,False
2,1,Giselle Fernandez,rank,23.0,2.0,5.502342704149933,9.89322454467119,1.0,10.0,0.2988,1.0,10.0,0.0,False,single_elimination,10,False
2,1,Jerry Rice,rank,21.0,5.0,5.337684069611781,10.112826999370656,1.0,10.0,0.2988,1.0,10.0,0.0,False,single_elimination,10,False
2,1,Kenny Mayne,rank,13.0,9.0,8.68607764390897,6.4711390333166365,6.0,10.0,0.2988,2.0,10.0,0.0,False,single_elimination,10,True
2,1,Lisa Rinna,rank,19.0,7.0,5.158299866131191,10.357620322172194,1.0,10.0,0.2988,1.0,10.0,0.0,False,single_elimination,10,False
2,1,Master P,rank,12.0,10.0,4.345716198125837,11.542859271477733,1.0,9.0,0.2988,1.0,9.0,0.0,False,single_elimination,10,False
2,1,Stacy Keibler,rank,22.0,4.0,5.403279785809906,10.024764909803908,1.0,10.0,0.2988,1.0,10.0,0.0,False,single_elimination,10,False
2,1,Tatum O'Neal,rank,23.0,2.0,5.517068273092369,9.873819153254336,1.0,10.0,0.2988,1.0,10.0,0.0,False,single_elimination,10,False
2,1,Tia Carrere,rank,20.0,6.0,5.286144578313253,10.182560989792076,1.0,10.0,0.2988,1.0,10.0,0.0,False,single_elimination,10,False
2,2,Drew Lachey,rank,27.0,2.0,4.970327552986513,11.00868753781325,1.0,9.0,0.2595,1.0,9.0,0.0,False,single_elimination,9,False
2,2,George Hamilton,rank,22.0,5.0,4.794219653179191,11.303370122982772,1.0,9.0,0.2595,1.0,9.0,0.0,False,single_elimination,9,False
2,2,Giselle Fernandez,rank,24.0,3.0,4.976493256262042,10.998510799423162,1.0,9.0,0.2595,1.0,9.0,0.0,False,single_elimination,9,False
2,2,Jerry Rice,rank,23.0,4.0,4.973795761078998,11.002961964372448,1.0,9.0,0.2595,1.0,9.0,0.0,False,single_elimination,9,False
2,2,Lisa Rinna,rank,20.0,7.0,4.025433526011561,12.684982853051716,1.0,8.0,0.2595,1.0,9.0,0.0,False,single_elimination,9,False
2,2,Master P,rank,16.0,9.0,3.3830443159922927,13.968114869197905,1.0,7.0,0.2595,1.0,8.0,0.0,False,single_elimination,9,False
2,2,Stacy Keibler,rank,29.0,1.0,4.923314065510597,11.086595438153562,1.0,9.0,0.2595,1.0,9.0,0.0,False,single_elimination,9,False
2,2,Tatum O'Neal,rank,17.0,8.0,7.865125240847784,7.131097032382307,5.0,9.0,0.2595,2.0,9.0,0.0,False,single_elimination,9,True
2,2,Tia Carrere,rank,22.0,5.0,5.088246628131021,10.815679382622898,1.0,9.0,0.2595,1.0,9.0,0.0,False,single_elimination,9,False
2,3,Drew Lachey,rank,27.0,1.0,4.668562144597888,11.87237750737043,1.0,8.0,0.1231,1.0,8.0,0.0,False,single_elimination,8,False
2,3,George Hamilton,rank,22.0,5.0,4.064175467099918,13.168447519796612,1.0,7.0,0.1231,1.0,7.0,0.0,False,single_elimination,8,False
2,3,Giselle Fernandez,rank,22.0,5.0,7.521527213647441,7.280028360865269,6.0,8.0,0.1231,4.0,8.0,0.0,False,single_elimination,8,True
2,3,Jerry Rice,rank,19.0,7.0,3.393988627132413,14.771694286822507,1.0,6.0,0.1231,1.0,6.0,0.0,False,single_elimination,8,False
2,3,Lisa Rinna,rank,25.0,4.0,4.413484971567831,12.40304490626436,1.0,8.0,0.1231,1.0,8.0,0.0,False,single_elimination,8,False
2,3,Master P,rank,14.0,8.0,2.8050365556458163,16.34097918994636,1.0,5.0,0.1231,1.0,5.0,0.0,False,single_elimination,8,False
2,3,Stacy Keibler,rank,27.0,1.0,4.5564581640942325,12.102745277130287,1.0,8.0,0.1231,1.0,8.0,0.0,False,single_elimination,8,False
2,3,Tia Carrere,rank,26.0,3.0,4.5767668562144594,12.06068295180417,1.0,8.0,0.1231,1.0,8.0,0.0,False,single_elimination,8,False
2,4,Drew Lachey,rank,28.0,1.0,3.974448897795591,14.173441926262337,1.0,7.0,0.3992,1.0,7.0,0.0,False,single_elimination,7,False
2,4,George Hamilton,rank,21.0,6.0,2.914078156312625,17.521769422622274,1.0,6.0,0.3992,1.0,7.0,0.0,False,single_elimination,7,False
2,4,Jerry Rice,rank,24.0,5.0,3.466182364729459,15.689994766166016,1.0,7.0,0.3992,1.0,7.0,0.0,False,single_elimination,7,False
2,4,Lisa Rinna,rank,26.0,2.0,3.9230961923847696,14.319760945399397,1.0,7.0,0.3992,1.0,7.0,0.0,False,single_elimination,7,False
2,4,Master P,rank,8.0,7.0,5.838426853707415,9.76275207301338,3.0,7.0,0.3992,1.0,7.0,0.0,False,single_elimination,7,True
2,4,Stacy Keibler,rank,26.0,2.0,3.9245991983967934,14.31545705495079,1.0,7.0,0.3992,1.0,7.0,0.0,False,single_elimination,7,False
2,4,Tia Carrere,rank,25.0,4.0,3.9591683366733466,14.216823811585812,1.0,7.0,0.3992,1.0,7.0,0.0,False,single_elimination,7,False
2,5,Drew Lachey,rank,27.0,2.0,3.427320490367776,16.686238678870087,1.0,6.0,0.3997,1.0,6.0,0.0,False,single_elimination,6,False
2,5,George Hamilton,rank,24.0,4.0,3.0800600450337754,18.136506766672625,1.0,6.0,0.3997,1.0,6.0,0.0,False,single_elimination,6,False
2,5,Jerry Rice,rank,23.0,5.0,2.6014510883162374,20.344141938335817,1.0,5.0,0.3997,1.0,6.0,0.0,False,single_elimination,6,False
2,5,Lisa Rinna,rank,25.0,3.0,3.3400050037528146,17.03960031280157,1.0,6.0,0.3997,1.0,6.0,0.0,False,single_elimination,6,False
2,5,Stacy Keibler,rank,30.0,1.0,3.4258193645233925,16.692251316482473,1.0,6.0,0.3997,1.0,6.0,0.0,False,single_elimination,6,False
2,5,Tia Carrere,rank,22.0,6.0,5.125344008006005,11.10126098683742,3.0,6.0,0.3997,1.0,6.0,0.0,False,single_elimination,6,True
2,6,Drew Lachey,rank,30.0,1.0,2.974668560606061,19.740667643572102,1.0,5.0,0.4224,1.0,5.0,0.0,False,single_elimination,5,False
2,6,George Hamilton,rank,23.0,4.0,4.272964015151516,13.372391141731285,3.0,5.0,0.4224,2.0,5.0,0.0,False,single_elimination,5,True
2,6,Jerry Rice,rank,23.0,4.0,2.162405303030303,25.187802072023903,1.0,4.0,0.4224,1.0,4.0,0.0,False,single_elimination,5,False
2,6,Lisa Rinna,rank,27.0,3.0,2.6661931818181817,21.6547205281333,1.0,5.0,0.4224,1.0,5.0,0.0,False,single_elimination,5,False
2,6,Stacy Keibler,rank,30.0,1.0,2.9237689393939394,20.044418614539403,1.0,5.0,0.4224,1.0,5.0,0.0,False,single_elimination,5,False
2,7,Drew Lachey,rank,27.5,1.0,2.48390989541432,23.840132462649542,1.0,4.0,0.2486,1.0,4.0,0.0,False,single_elimination,4,False
2,7,Jerry Rice,rank,20.5,4.0,1.33869670152856,37.69229421399595,1.0,2.0,0.2486,1.0,3.0,0.0,False,single_elimination,4,False
2,7,Lisa Rinna,rank,26.5,3.0,3.674577634754626,14.807048283309962,3.0,4.0,0.2486,2.0,4.0,0.0,False,single_elimination,4,True
2,7,Stacy Keibler,rank,27.5,1.0,2.502815768302494,23.660525040044543,1.0,4.0,0.2486,1.0,4.0,0.0,False,single_elimination,4,False
2,8,Drew Lachey,rank,28.9998,1.0,2.0107,33.11892410351395,1.0,3.0,1.0,1.0,3.0,0.0,False,no_elimination,3,False
2,8,Jerry Rice,rank,26.666600000000003,3.0,2.0084,33.164659769127816,1.0,3.0,1.0,1.0,3.0,0.0,False,no_elimination,3,False
2,8,Stacy Keibler,rank,28.6665,2.0,1.9809,33.71641612735824,1.0,3.0,1.0,1.0,3.0,0.0,False,no_elimination,3,False
3,1,Emmitt Smith,percent,24.0,0.1132075471698113,0.0944252147023489,9.442521470234896,0.0023697048772007,0.3175567093448325,0.3301,0.0,1.0,0.0,False,single_elimination,11,False
3,1,Harry Hamlin,percent,17.0,0.080188679245283,0.1013145063903657,10.131450639036585,0.0042396928002016,0.3289666410403998,0.3301,0.0,1.0,0.0,False,single_elimination,11,False
3,1,Jerry Springer,percent,16.0,0.0754716981132075,0.1003305158768659,10.033051587686598,0.0049815411990598,0.3306283504957747,0.3301,0.0,1.0,0.0,False,single_elimination,11,False
3,1,Joey Lawrence,percent,21.0,0.0990566037735849,0.0966251406186727,9.662514061867284,0.0029694940302607,0.3290088036436139,0.3301,0.0,1.0,0.0,False,single_elimination,11,False
3,1,Mario Lopez,percent,26.0,0.1226415094339622,0.0941888459843544,9.418884598435447,0.0026990178661727,0.3236472171177348,0.3301,0.0,1.0,0.0,False,single_elimination,11,False
3,1,Monique Coleman,percent,19.0,0.0896226415094339,0.0975367900948677,9.753679009486785,0.0029364718769911,0.3269400630123774,0.3301,0.0,1.0,0.0,False,single_elimination,11,False
3,1,Sara Evans,percent,15.0,0.070754716981132,0.1045803679910092,10.458036799100928,0.0057711802138781,0.3416123470839642,0.3301,0.0,1.0,0.0,False,single_elimination,11,False
3,1,Shanna Moakler,percent,18.0,0.0849056603773584,0.0978116891609159,9.781168916091604,0.0035522524808072,0.3245345151944803,0.3301,0.0,1.0,0.0,False,single_elimination,11,False
3,1,Tucker Carlson,percent,12.0,0.0566037735849056,0.019852987667169,1.9852987667169013,0.0007265422072759,0.0533195421824809,0.3301,0.0,0.1252144082332761,0.0,False,single_elimination,11,True
3,1,Vivica A. Fox,percent,22.0,0.1037735849056603,0.0946340665343775,9.46340665343776,0.0021929735184034,0.3190807248929466,0.3301,0.0,1.0,0.0,False,single_elimination,11,False
3,1,Willa Ford,percent,22.0,0.1037735849056603,0.0986998749790521,9.869987497905216,0.0027224716261447,0.3320501685659289,0.3301,0.0,1.0,0.0,False,single_elimination,11,False
3,2,Emmitt Smith,percent,24.0,0.1043478260869565,0.1082616917565383,10.82616917565383,0.0047410197830253,0.3466528566657213,0.1106,0.0,0.9739130434782608,0.0,False,single_elimination,10,False
3,2,Harry Hamlin,percent,21.0,0.0913043478260869,0.1156280843612312,11.562808436123117,0.0143230248476214,0.3454715253397797,0.1106,0.0043478260869565,0.9782608695652174,0.0,False,single_elimination,10,False
3,2,Jerry Springer,percent,19.0,0.0826086956521739,0.1226447353130394,12.264473531303937,0.0230222509517099,0.3415928656932799,0.1106,0.0130434782608695,0.9869565217391304,0.0,False,single_elimination,10,False
3,2,Joey Lawrence,percent,29.0,0.1260869565217391,0.1020354996490991,10.203549964909907,0.0024213682413009,0.3429625370631262,0.1106,0.0,0.9739130434782608,0.0,False,single_elimination,10,False
3,2,Mario Lopez,percent,21.0,0.0913043478260869,0.1171478601014784,11.714786010147844,0.0152310178254334,0.3734073597690572,0.1106,0.0043478260869565,0.9782608695652174,0.0,False,single_elimination,10,False
3,2,Monique Coleman,percent,26.0,0.1130434782608695,0.1017956250055512,10.179562500555116,0.0036796827616282,0.3393577366362311,0.1106,0.0,0.9739130434782608,0.0,False,single_elimination,10,False
3,2,Sara Evans,percent,21.0,0.0913043478260869,0.1118482645485862,11.18482645485862,0.0142708760070577,0.3344113540100312,0.1106,0.0043478260869565,0.9782608695652174,0.0,False,single_elimination,10,False
3,2,Shanna Moakler,percent,22.0,0.0956521739130434,0.0116671533376405,1.16671533376405,0.0003320615840791,0.0364884740183591,0.1106,0.0,0.1043478260869565,0.0,False,single_elimination,10,True
3,2,Vivica A. Fox,percent,24.0,0.1043478260869565,0.1026146740129597,10.261467401295969,0.0054894363130903,0.3379219235662096,0.1106,0.0,0.9739130434782608,0.0,False,single_elimination,10,False
3,2,Willa Ford,percent,23.0,0.1,0.1063564119138761,10.635641191387611,0.0063366126551401,0.351682993987556,0.1106,0.0,0.9739130434782608,0.0,False,single_elimination,10,False
3,3,Emmitt Smith,percent,19.0,0.0917874396135265,0.1400649304089546,14.006493040895457,0.0261561938501511,0.4174196958379421,0.1243,0.0144927536231884,0.9951690821256038,0.0,False,single_elimination,9,False
3,3,Harry Hamlin,percent,22.0,0.1062801932367149,0.0145044111384107,1.4504411138410696,0.0004851555191603,0.0448672940330078,0.1243,0.0,0.1159420289855072,0.0,False,single_elimination,9,True
3,3,Jerry Springer,percent,21.0,0.1014492753623188,0.1307371058233998,13.073710582339976,0.0165454061884644,0.3688546627981227,0.1243,0.0048309178743961,0.9855072463768116,0.0,False,single_elimination,9,False
3,3,Joey Lawrence,percent,22.0,0.1062801932367149,0.1243102978851401,12.431029788514008,0.0120105214440094,0.3680393795750917,0.1243,0.0,0.9806763285024156,0.0,False,single_elimination,9,False
3,3,Mario Lopez,percent,22.0,0.1062801932367149,0.1248668157209943,12.486681572099426,0.0131340096669052,0.3716169077907164,0.1243,0.0,0.9806763285024156,0.0,False,single_elimination,9,False
3,3,Monique Coleman,percent,27.0,0.1304347826086956,0.1125049157852564,11.250491578525631,0.0035350052145781,0.3677240147182286,0.1243,0.0,0.9806763285024156,0.0,False,single_elimination,9,False
3,3,Sara Evans,percent,25.0,0.1207729468599033,0.1147081006912897,11.470810069128962,0.0062432161334591,0.3588181303147653,0.1243,0.0,0.9806763285024156,0.0,False,single_elimination,9,False
3,3,Vivica A. Fox,percent,27.0,0.1304347826086956,0.1133180746749294,11.331807467492933,0.0035812717401438,0.3825559669418756,0.1243,0.0,0.9806763285024156,0.0,False,single_elimination,9,False
3,3,Willa Ford,percent,22.0,0.1062801932367149,0.1249853478716255,12.498534787162548,0.0109425668420689,0.3777939034566192,0.1243,0.0,0.9806763285024156,0.0,False,single_elimination,9,False
3,4,Emmitt Smith,percent,24.0,0.1212121212121212,0.1404619596688713,14.04619596688713,0.0154064899755953,0.4030468195622853,0.1302,-0.0,0.9696969696969696,0.0,False,single_elimination,8,False
3,4,Jerry Springer,percent,22.0,0.1111111111111111,0.1547884108888554,15.478841088885536,0.0255618162975492,0.4168402560480694,0.1302,0.0101010101010101,0.9797979797979798,0.0,False,single_elimination,8,False
3,4,Joey Lawrence,percent,27.0,0.1363636363636363,0.134023407001415,13.4023407001415,0.0050530111333707,0.4104058867057986,0.1302,0.0,0.9696969696969696,0.0,False,single_elimination,8,False
3,4,Mario Lopez,percent,29.0,0.1464646464646464,0.1281931820327765,12.81931820327765,0.0055231366669617,0.430351827137344,0.1302,0.0,0.9696969696969696,0.0,False,single_elimination,8,False
3,4,Monique Coleman,percent,24.0,0.1212121212121212,0.1394750118735561,13.947501187355604,0.0125861534355707,0.3978084817603217,0.1302,0.0,0.9696969696969696,0.0,False,single_elimination,8,False
3,4,Sara Evans,percent,20.0,0.101010101010101,0.1621093471281884,16.210934712818833,0.0359952323332932,0.4402570240121176,0.1302,0.0202020202020202,0.9898989898989898,0.0,False,single_elimination,8,False
3,4,Vivica A. Fox,percent,24.0,0.1212121212121212,0.0176589115944631,1.7658911594463176,0.000607708029389,0.0568288407741839,0.1302,0.0,0.1287878787878787,0.0,False,single_elimination,8,True
3,4,Willa Ford,percent,28.0,0.1414141414141414,0.1232897698118742,12.328976981187417,0.0048952305427353,0.3999141826327196,0.1302,0.0,0.9696969696969696,0.0,False,single_elimination,8,False
3,5,Emmitt Smith,percent,27.0,0.149171270718232,0.1533166763733481,15.331667637334812,0.0203427534901545,0.42132308104806,0.1033,-0.0,0.9558011049723756,0.0,False,single_elimination,7,False
3,5,Jerry Springer,percent,24.0,0.1325966850828729,0.1767306141189649,17.673061411896487,0.0343212470289843,0.4343212509519537,0.1033,0.0165745856353591,0.9723756906077348,0.0,False,single_elimination,7,False
3,5,Joey Lawrence,percent,25.0,0.1381215469613259,0.1617700907759275,16.177009077592754,0.0275100579203088,0.4485033739578355,0.1033,0.011049723756906,0.9668508287292816,0.0,False,single_elimination,7,False
3,5,Mario Lopez,percent,27.0,0.149171270718232,0.1625445911234989,16.254459112349895,0.0224278350268229,0.4639790039040662,0.1033,0.0,0.9558011049723756,0.0,False,single_elimination,7,False
3,5,Monique Coleman,percent,27.0,0.149171270718232,0.1537527463016846,15.375274630168455,0.017628076658494,0.4349402368585368,0.1033,0.0,0.9558011049723756,0.0,False,single_elimination,7,False
3,5,Sara Evans,percent,24.0,0.1325966850828729,0.171181316547385,17.118131654738498,0.0321164177045388,0.4455462565922571,0.1033,0.0165745856353591,0.9723756906077348,0.0,False,single_elimination,7,False
3,5,Willa Ford,percent,27.0,0.149171270718232,0.0207039647591911,2.070396475919112,0.0007169808398288,0.0680331771054076,0.1033,0.0,0.1365430149960536,0.0,False,single_elimination,7,True
3,6,Emmitt Smith,percent,25.0,0.211864406779661,0.202111034087308,20.211103408730786,0.0067499918045802,0.6098787187108159,1.0,0.0,1.0,0.0,False,no_elimination,5,False
3,6,Jerry Springer,percent,18.0,0.1525423728813559,0.1977925271881443,19.779252718814416,0.0064709287776202,0.592545912843386,1.0,0.0,1.0,0.0,False,no_elimination,5,False
3,6,Joey Lawrence,percent,24.0,0.2033898305084746,0.1988761957554524,19.887619575545223,0.0063878899505819,0.6041567392902634,1.0,0.0,1.0,0.0,False,no_elimination,5,False
3,6,Mario Lopez,percent,28.0,0.2372881355932203,0.2008343900817166,20.08343900817165,0.0061124141252013,0.605554041181598,1.0,0.0,1.0,0.0,False,no_elimination,5,False
3,6,Monique Coleman,percent,23.0,0.1949152542372881,0.2003858528873793,20.03858528873792,0.0059442640656183,0.6062569367013565,1.0,0.0,1.0,0.0,False,no_elimination,5,False
3,7,Emmitt Smith,percent,28.5,0.2111111111111111,0.2334625779422103,23.346257794221025,0.0149542150151524,0.6493007950318553,0.3214,0.0,1.0,0.0,False,single_elimination,5,False
3,7,Jerry Springer,percent,23.0,0.1703703703703703,0.0491659605927182,4.916596059271824,0.0021089551290946,0.1393099884982816,0.3214,0.0,0.2296296296296296,0.0,False,single_elimination,5,True
3,7,Joey Lawrence,percent,28.5,0.2111111111111111,0.2392546170735935,23.92546170735934,0.0135687265679253,0.6446506688517244,0.3214,0.0,1.0,0.0,False,single_elimination,5,False
3,7,Mario Lopez,percent,28.0,0.2074074074074074,0.2361854260715947,23.618542607159466,0.0196582419891038,0.6607649844361249,0.3214,0.0,1.0,0.0,False,single_elimination,5,False
3,7,Monique Coleman,percent,27.0,0.2,0.2419314183198834,24.19314183198833,0.0194357212650463,0.6425877876744754,0.3214,0.0,1.0,0.0,False,single_elimination,5,False
3,8,Emmitt Smith,percent,27.0,0.2477064220183486,0.3121207670359993,31.212076703599973,0.0435767669480876,0.735901290366516,0.2743,0.0,1.0,0.0,False,single_elimination,4,False
3,8,Joey Lawrence,percent,27.0,0.2477064220183486,0.309616618060772,30.961661806077245,0.0472571361482728,0.7498988716041881,0.2743,0.0,1.0,0.0,False,single_elimination,4,False
3,8,Mario Lopez,percent,28.5,0.2614678899082568,0.3125828036122789,31.25828036122793,0.0304749927020156,0.7397680676612167,0.2743,0.0,1.0,0.0,False,single_elimination,4,False
3,8,Monique Coleman,percent,26.5,0.2431192660550458,0.0656798112909485,6.567981129094867,0.002266236694932,0.1845485858848925,0.2743,0.0,0.2568807339449541,0.0,False,single_elimination,4,True
3,9,Emmitt Smith,percent,29.5,0.3333333333333333,0.3355718074157982,33.55718074157983,0.0142353989939961,0.8415605109699611,1.0,0.0,1.0,0.0,False,no_elimination,3,False
3,9,Joey Lawrence,percent,29.5,0.3333333333333333,0.3328458423517725,33.284584235177256,0.0125699402874713,0.8414636588072889,1.0,0.0,1.0,0.0,False,no_elimination,3,False
3,9,Mario Lopez,percent,29.5,0.3333333333333333,0.331582350232429,33.15823502324291,0.0109747830564209,0.8421257173477333,1.0,0.0,1.0,0.0,False,no_elimination,3,False
3,10,Emmitt Smith,percent,29.666600000000003,0.5,0.5009175001705657,50.09175001705655,0.0258612113008304,0.9756499967768206,1.0,0.0,1.0,0.0,False,no_elimination,2,False
3,10,Mario Lopez,percent,29.666600000000003,0.5,0.4990824998294347,49.908249982943445,0.0243500032231793,0.9741387886991696,1.0,0.0,1.0,0.0,False,no_elimination,2,False
4,1,Apolo Anton Ohno,percent,21.0,0.1019417475728155,0.0914378746774597,9.143787467745984,0.0025749808930952,0.308675956592023,1.0,0.0,1.0,0.0,False,no_elimination,11,False
4,1,Billy Ray Cyrus,percent,13.0,0.0631067961165048,0.0908085004105643,9.080850041056443,0.0024323981022407,0.3071110247824269,1.0,0.0,1.0,0.0,False,no_elimination,11,False
4,1,Clyde Drexler,percent,16.0,0.0776699029126213,0.0901425484216573,9.014254842165744,0.0028158475672745,0.2977222770315952,1.0,0.0,1.0,0.0,False,no_elimination,11,False
4,1,Heather Mills,percent,18.0,0.087378640776699,0.0902649320085101,9.02649320085102,0.0024434289530209,0.3055665174494745,1.0,0.0,1.0,0.0,False,no_elimination,11,False
4,1,Ian Ziering,percent,21.0,0.1019417475728155,0.0908662219349812,9.086622193498126,0.0025147909170654,0.3030772861613938,1.0,0.0,1.0,0.0,False,no_elimination,11,False
4,1,Joey Fatone,percent,24.0,0.116504854368932,0.0895706626225044,8.957066262250454,0.0023546857020296,0.2997031040329071,1.0,0.0,1.0,0.0,False,no_elimination,11,False
4,1,John Ratzenberger,percent,17.0,0.0825242718446602,0.0906137962306099,9.061379623061,0.0027626006068947,0.3119223744258568,1.0,0.0,1.0,0.0,False,no_elimination,11,False
4,1,Laila Ali,percent,23.0,0.1116504854368932,0.0911754569531676,9.117545695316776,0.0023619556788996,0.3145045241450785,1.0,0.0,1.0,0.0,False,no_elimination,11,False
4,1,Leeza Gibbons,percent,15.0,0.0728155339805825,0.092892129646276,9.289212964627612,0.0029456454959948,0.3139353082715235,1.0,0.0,1.0,0.0,False,no_elimination,11,False
4,1,Paulina Porizkova,percent,19.0,0.0922330097087378,0.0920679459709142,9.206794597091436,0.0026553235129611,0.3174837162625512,1.0,0.0,1.0,0.0,False,no_elimination,11,False
4,1,Shandi Finnessey,percent,19.0,0.0922330097087378,0.0901599311233539,9.015993112335403,0.0026691996989896,0.3040517288004937,1.0,0.0,1.0,0.0,False,no_elimination,11,False
4,2,Apolo Anton Ohno,percent,26.0,0.1061224489795918,0.0940792917926283,9.407929179262837,0.0024802028660846,0.3128702852745526,0.1104,0.0,0.983673469387755,0.0,False,single_elimination,11,False
4,2,Billy Ray Cyrus,percent,21.0,0.0857142857142857,0.1008571340338022,10.085713403380227,0.010554697492712,0.3052923974536082,0.1104,-0.0,0.983673469387755,0.0,False,single_elimination,11,False
4,2,Clyde Drexler,percent,18.0,0.073469387755102,0.1124806137047337,11.248061370473373,0.0212389287903266,0.3136181651831716,0.1104,0.0122448979591836,0.9959183673469388,0.0,False,single_elimination,11,False
4,2,Heather Mills,percent,24.0,0.0979591836734693,0.0956354387477029,9.563543874770298,0.0040071064227613,0.3184486630748602,0.1104,0.0,0.983673469387755,0.0,False,single_elimination,11,False
4,2,Ian Ziering,percent,22.0,0.0897959183673469,0.0934155722375927,9.341557223759276,0.0054012057573095,0.2957313882021715,0.1104,0.0,0.983673469387755,0.0,False,single_elimination,11,False
4,2,Joey Fatone,percent,24.0,0.0979591836734693,0.0928578453435467,9.285784534354672,0.0043934745091002,0.3118791639183064,0.1104,0.0,0.983673469387755,0.0,False,single_elimination,11,False
4,2,John Ratzenberger,percent,21.0,0.0857142857142857,0.102187571764803,10.218757176480304,0.008279882717011,0.3115732706123248,0.1104,0.0,0.983673469387755,0.0,False,single_elimination,11,False
4,2,Laila Ali,percent,27.0,0.110204081632653,0.0899347129334906,8.993471293349067,0.0024906486246527,0.2921730969527135,0.1104,0.0,0.983673469387755,0.0,False,single_elimination,11,False
4,2,Leeza Gibbons,percent,21.0,0.0857142857142857,0.1008437231288077,10.084372312880776,0.0093328968560999,0.3288341203464772,0.1104,0.0,0.983673469387755,0.0,False,single_elimination,11,False
4,2,Paulina Porizkova,percent,21.0,0.0857142857142857,0.0107173973010254,1.0717397301025475,0.0003027577696317,0.0314104970275808,0.1104,0.0,0.0961038961038961,0.0,False,single_elimination,11,True
4,2,Shandi Finnessey,percent,20.0,0.0816326530612244,0.1069906990118661,10.699069901186618,0.0133607896736717,0.3179577378911223,0.1104,0.0040816326530612,0.9877551020408164,0.0,False,single_elimination,11,False
4,3,Apolo Anton Ohno,percent,23.0,0.1055045871559633,0.1062648367395457,10.626483673954572,0.0041730188679827,0.3342368367069681,0.1093,0.0,0.9724770642201837,0.0,False,single_elimination,10,False
4,3,Billy Ray Cyrus,percent,21.0,0.0963302752293578,0.1135387156312019,11.353871563120196,0.0105246010623834,0.3382825291267716,0.1093,0.0,0.9724770642201837,0.0,False,single_elimination,10,False
4,3,Clyde Drexler,percent,16.0,0.073394495412844,0.1321356042106132,13.213560421061327,0.033527641222851,0.3714891776511394,0.1093,0.0229357798165137,0.9954128440366972,0.0,False,single_elimination,10,False
4,3,Heather Mills,percent,24.0,0.110091743119266,0.1003050766847919,10.030507668479196,0.0037399850781435,0.3455025558934128,0.1093,0.0,0.9724770642201837,0.0,False,single_elimination,10,False
4,3,Ian Ziering,percent,24.0,0.110091743119266,0.1006083069209012,10.06083069209013,0.0055520912122791,0.3285920184694346,0.1093,0.0,0.9724770642201837,0.0,False,single_elimination,10,False
4,3,Joey Fatone,percent,24.0,0.110091743119266,0.1037416636320172,10.374166363201727,0.0050298530957974,0.3294277926960067,0.1093,0.0,0.9724770642201837,0.0,False,single_elimination,10,False
4,3,John Ratzenberger,percent,20.0,0.091743119266055,0.1229056895557598,12.290568955575988,0.0153418732007266,0.3554668096820223,0.1093,0.0045871559633027,0.9770642201834864,0.0,False,single_elimination,10,False
4,3,Laila Ali,percent,21.0,0.0963302752293578,0.1115807598150882,11.158075981508826,0.0105823932781336,0.3445251027360079,0.1093,0.0,0.9724770642201837,0.0,False,single_elimination,10,False
4,3,Leeza Gibbons,percent,24.0,0.110091743119266,0.0973290198006467,9.732901980064678,0.003210133713344,0.3062032158092239,0.1093,0.0,0.9724770642201837,0.0,False,single_elimination,10,False
4,3,Shandi Finnessey,percent,21.0,0.0963302752293578,0.0115903270094335,1.1590327009433543,0.0004419099131766,0.0350739028024968,0.1093,0.0,0.1036697247706422,0.0,False,single_elimination,10,True
4,4,Apolo Anton Ohno,percent,26.0,0.1368421052631579,0.1125288449647632,11.25288449647633,0.0035635046296485,0.3685270405347605,0.2328,0.0,0.9947368421052633,0.0,False,single_elimination,9,False
4,4,Billy Ray Cyrus,percent,21.0,0.1105263157894736,0.1146030238988829,11.460302389888296,0.00403401905378,0.3717446658182445,0.2328,0.0,0.9947368421052633,0.0,False,single_elimination,9,False
4,4,Clyde Drexler,percent,15.0,0.0789473684210526,0.1385950991010916,13.859509910109171,0.0203666938053812,0.3905171310167938,0.2328,0.0052631578947368,1.0,0.0,False,single_elimination,9,False
4,4,Heather Mills,percent,23.0,0.1210526315789473,0.117352778141946,11.735277814194609,0.0034526651458022,0.3787101706318352,0.2328,0.0,0.9947368421052633,0.0,False,single_elimination,9,False
4,4,Ian Ziering,percent,24.0,0.1263157894736842,0.1211289646562484,12.11289646562485,0.0042152293223751,0.4093384900917026,0.2328,0.0,0.9947368421052633,0.0,False,single_elimination,9,False
4,4,Joey Fatone,percent,28.0,0.1473684210526315,0.1151436405318426,11.51436405318427,0.0035674607589513,0.3817061493183286,0.2328,0.0,0.9947368421052633,0.0,False,single_elimination,9,False
4,4,John Ratzenberger,percent,16.0,0.0842105263157894,0.137920230727823,13.792023072782314,0.0178899015970655,0.4043519360450702,0.2328,0.0,0.9947368421052633,0.0,False,single_elimination,9,False
4,4,Laila Ali,percent,21.0,0.1105263157894736,0.1211929989952491,12.119299899524922,0.0051727987270099,0.3803916194535207,0.2328,0.0,0.9947368421052633,0.0,False,single_elimination,9,False
4,4,Leeza Gibbons,percent,16.0,0.0842105263157894,0.0215344189821523,2.1534418982152324,0.000916052098912,0.0602425419635335,0.2328,0.0,0.1380116959064327,0.0,False,single_elimination,9,True
4,5,Apolo Anton Ohno,percent,30.0,0.1704545454545454,0.1342416624821181,13.424166248211812,0.0040106291438616,0.4167172737792487,0.3735,0.0,1.0,0.0,False,single_elimination,8,False
4,5,Billy Ray Cyrus,percent,17.0,0.096590909090909,0.1493969778826468,14.93969778826468,0.010445641796004,0.4358872540649864,0.3735,0.0,1.0,0.0,False,single_elimination,8,False
4,5,Clyde Drexler,percent,13.0,0.0738636363636363,0.0333014122884904,3.330141228849045,0.0014548438550836,0.0892805431049191,0.3735,0.0,0.1761363636363636,0.0,False,single_elimination,8,True
4,5,Heather Mills,percent,21.0,0.1193181818181818,0.1390672041626023,13.906720416260235,0.0053472505898227,0.4375843418157854,0.3735,0.0,1.0,0.0,False,single_elimination,8,False
4,5,Ian Ziering,percent,24.0,0.1363636363636363,0.1343736091318201,13.437360913182006,0.0043925903474391,0.4296065400783774,0.3735,0.0,1.0,0.0,False,single_elimination,8,False
4,5,Joey Fatone,percent,25.0,0.1420454545454545,0.1348221524375495,13.482215243754952,0.0049872039614836,0.4224749916777771,0.3735,0.0,1.0,0.0,False,single_elimination,8,False
4,5,John Ratzenberger,percent,18.0,0.1022727272727272,0.1429551135969921,14.295511359699212,0.0086371221992597,0.4454958704255163,0.3735,0.0,1.0,0.0,False,single_elimination,8,False
4,5,Laila Ali,percent,28.0,0.1590909090909091,0.1318418680177807,13.18418680177807,0.0035588678574508,0.425222838313997,0.3735,0.0,1.0,0.0,False,single_elimination,8,False
4,6,Apolo Anton Ohno,percent,28.0,0.1647058823529411,0.1490064936757072,14.900649367570724,0.0067831619843247,0.4629726496810428,0.1668,0.0,0.9647058823529412,0.0,False,single_elimination,7,False
4,6,Billy Ray Cyrus,percent,21.0,0.1235294117647058,0.1755283822227167,17.552838222271667,0.0333931565387298,0.4692860599936926,0.1668,0.0117647058823529,0.976470588235294,0.0,False,single_elimination,7,False
4,6,Heather Mills,percent,23.0,0.1352941176470588,0.0239438298635602,2.394382986356023,0.0009228378423957,0.0707192238192834,0.1668,0.0,0.1504201680672268,0.0,False,single_elimination,7,True
4,6,Ian Ziering,percent,24.0,0.1411764705882353,0.1556576529631285,15.565765296312849,0.0132700599028736,0.4441461621133971,0.1668,0.0,0.9647058823529412,0.0,False,single_elimination,7,False
4,6,Joey Fatone,percent,27.0,0.1588235294117647,0.1538094217863324,15.380942178633235,0.007474889895604,0.4723246608713676,0.1668,0.0,0.9647058823529412,0.0,False,single_elimination,7,False
4,6,John Ratzenberger,percent,19.0,0.1117647058823529,0.1883166095984098,18.83166095984097,0.0403799160954213,0.5179529309328981,0.1668,0.0235294117647058,0.9882352941176472,0.0,False,single_elimination,7,False
4,6,Laila Ali,percent,28.0,0.1647058823529411,0.1537376098901453,15.373760989014531,0.0055906317411372,0.4638402613690712,0.1668,0.0,0.9647058823529412,0.0,False,single_elimination,7,False
4,7,Apolo Anton Ohno,percent,27.0,0.174757281553398,0.1889868026897882,18.89868026897884,0.0101070965065931,0.5439039352780191,0.2394,0.0,0.9773462783171522,0.0,False,single_elimination,6,False
4,7,Billy Ray Cyrus,percent,19.0,0.1229773462783171,0.2305747211814156,23.05747211814158,0.0496523679210604,0.5850750679790386,0.2394,0.0226537216828478,1.0,0.0,False,single_elimination,6,False
4,7,Ian Ziering,percent,27.0,0.174757281553398,0.1852522655313916,18.525226553139166,0.0099802871710917,0.5475044708183815,0.2394,0.0,0.9773462783171522,0.0,False,single_elimination,6,False
4,7,Joey Fatone,percent,29.5,0.1909385113268608,0.1820849810411757,18.20849810411758,0.0080930853891185,0.522806810163853,0.2394,0.0,0.9773462783171522,0.0,False,single_elimination,6,False
4,7,John Ratzenberger,percent,22.5,0.145631067961165,0.0357283372217996,3.572833722179968,0.0012938868623221,0.1021790748632905,0.2394,0.0,0.1877022653721683,0.0,False,single_elimination,6,True
4,7,Laila Ali,percent,29.5,0.1909385113268608,0.1773728923344285,17.737289233442862,0.007934672195482,0.5080449345419961,0.2394,0.0,0.9773462783171522,0.0,False,single_elimination,6,False
4,8,Apolo Anton Ohno,percent,29.0,0.2310756972111553,0.2326863344745179,23.268633447451787,0.0096203946089884,0.661064887731428,0.3653,0.0,1.0,0.0,False,single_elimination,5,False
4,8,Billy Ray Cyrus,percent,19.0,0.1513944223107569,0.0561357867551364,5.613578675513643,0.0023822917396558,0.1539539172877251,0.3653,0.0,0.248605577689243,0.0,False,single_elimination,5,True
4,8,Ian Ziering,percent,23.5,0.1872509960159362,0.2426624771571233,24.26624771571233,0.0158556945983829,0.6649795162885537,0.3653,0.0,1.0,0.0,False,single_elimination,5,False
4,8,Joey Fatone,percent,27.5,0.2191235059760956,0.2339144391333217,23.391443913332168,0.011136646073951,0.6610186166852899,0.3653,0.0,1.0,0.0,False,single_elimination,5,False
4,8,Laila Ali,percent,26.5,0.2111553784860557,0.2346009624799008,23.46009624799008,0.0139656379917451,0.6646255631419086,0.3653,0.0,1.0,0.0,False,single_elimination,5,False
4,9,Apolo Anton Ohno,percent,29.5,0.2489451476793249,0.3133269775453132,31.332697754531303,0.0461901417698428,0.7246728838062094,0.2623,0.0,1.0,0.0,False,single_elimination,4,False
4,9,Ian Ziering,percent,29.0,0.2447257383966244,0.0637239769837885,6.372397698378849,0.0022841672776438,0.1862412702791898,0.2623,0.0,0.2552742616033754,0.0,False,single_elimination,4,True
4,9,Joey Fatone,percent,30.0,0.2531645569620253,0.3104149067197979,31.041490671979783,0.0455879564540623,0.7374215227879787,0.2623,0.0,1.0,0.0,False,single_elimination,4,False
4,9,Laila Ali,percent,30.0,0.2531645569620253,0.3125341387511008,31.25341387511007,0.041947617246756,0.7466641058737834,0.2623,0.0,1.0,0.0,False,single_elimination,4,False
4,10,Apolo Anton Ohno,percent,29.3332,0.3397685007685366,0.3374695551735934,33.746955517359325,0.0141470206881555,0.8471992036494828,1.0,0.0,1.0,0.0,False,no_elimination,3,False
4,10,Joey Fatone,percent,28.6665,0.3320460681848982,0.3345181692541189,33.45181692541187,0.0118877323592185,0.8370978973935881,1.0,0.0,1.0,0.0,False,no_elimination,3,False
4,10,Laila Ali,percent,28.333200000000005,0.3281854310465651,0.3280122755722883,32.801227557228806,0.0122729246073107,0.8357887643465273,1.0,0.0,1.0,0.0,False,no_elimination,3,False
5,1,Albert Reed,percent,21.0,0.0817120622568093,0.0892574700263117,8.925747002631171,0.0031398498725839,0.2925521778183153,0.2581,0.0,1.0,0.0,False,single_elimination,12,False
5,1,Cameron Mathison,percent,21.0,0.0817120622568093,0.0896314203553614,8.963142035536142,0.0030143096193323,0.3003993418027985,0.2581,0.0,1.0,0.0,False,single_elimination,12,False
5,1,Floyd Mayweather Jr. ,percent,18.0,0.0700389105058365,0.096152850218105,9.615285021810504,0.0062565735178522,0.3278978365801938,0.2581,0.0,1.0,0.0,False,single_elimination,12,False
5,1,Helio Castroneves,percent,25.0,0.0972762645914396,0.0871392458395818,8.713924583958187,0.0025332688409759,0.2996929211144422,0.2581,0.0,1.0,0.0,False,single_elimination,12,False
5,1,Jane Seymour,percent,24.0,0.0933852140077821,0.0871895695759975,8.71895695759975,0.0026593380970803,0.2963233337304068,0.2581,0.0,1.0,0.0,False,single_elimination,12,False
5,1,Jennie Garth,percent,21.0,0.0817120622568093,0.0883133645955913,8.831336459559132,0.0028895834716379,0.295383670230174,0.2581,0.0,1.0,0.0,False,single_elimination,12,False
5,1,Josie Maran,percent,16.0,0.0622568093385214,0.0143553961495176,1.435539614951762,0.0006317937439822,0.0381586089415394,0.2581,0.0,0.1044098573281452,0.0,False,single_elimination,12,True
5,1,Marie Osmond,percent,21.0,0.0817120622568093,0.0891802722539328,8.918027225393283,0.0032128009949259,0.2961978887804796,0.2581,0.0,1.0,0.0,False,single_elimination,12,False
5,1,Mark Cuban,percent,21.0,0.0817120622568093,0.0901141710777242,9.011417107772427,0.0034604622615743,0.2995711916633008,0.2581,0.0,1.0,0.0,False,single_elimination,12,False
5,1,Mel B,percent,24.0,0.0933852140077821,0.0875075306012982,8.750753060129822,0.0022834692550873,0.2880803019198139,0.2581,0.0,1.0,0.0,False,single_elimination,12,False
5,1,Sabrina Bryan,percent,26.0,0.1011673151750972,0.0895367442772449,8.95367442772449,0.0025875145435234,0.2978967181415258,0.2581,0.0,1.0,0.0,False,single_elimination,12,False
5,1,Wayne Newton,percent,19.0,0.0739299610894941,0.0916219650293333,9.162196502933332,0.004713945001984,0.282333531566113,0.2581,0.0,1.0,0.0,False,single_elimination,12,False
5,2,Albert Reed,percent,21.0,0.088235294117647,0.0098072201187337,0.9807220118733724,0.0002948792237205,0.0306926946121471,0.0865,0.0,0.0935828877005347,0.0,False,single_elimination,11,True
5,2,Cameron Mathison,percent,21.0,0.088235294117647,0.0995369193233798,9.953691932337987,0.0078488387741951,0.3048301763816211,0.0865,-0.0,0.9621848739495796,0.0,False,single_elimination,11,False
5,2,Floyd Mayweather Jr. ,percent,21.0,0.088235294117647,0.0986563347389903,9.865633473899033,0.008545172275005,0.2957301839670324,0.0865,0.0,0.9621848739495796,0.0,False,single_elimination,11,False
5,2,Helio Castroneves,percent,27.0,0.1134453781512605,0.0862250916844353,8.622509168443537,0.0028589362029357,0.3048284498949649,0.0865,0.0,0.9621848739495796,0.0,False,single_elimination,11,False
5,2,Jane Seymour,percent,21.0,0.088235294117647,0.0932473386134374,9.324733861343743,0.0096944639932777,0.2907727750548509,0.0865,0.0,0.9621848739495796,0.0,False,single_elimination,11,False
5,2,Jennie Garth,percent,21.0,0.088235294117647,0.1025007446799879,10.2500744679988,0.0098639902373636,0.3206070977990801,0.0865,0.0,0.9621848739495796,0.0,False,single_elimination,11,False
5,2,Marie Osmond,percent,24.0,0.1008403361344537,0.091315267673567,9.131526767356709,0.0036742372892537,0.305750174024131,0.0865,0.0,0.9621848739495796,0.0,False,single_elimination,11,False
5,2,Mark Cuban,percent,18.0,0.0756302521008403,0.1110567429178704,11.105674291787048,0.0222843593325007,0.3146909236901805,0.0865,0.0126050420168067,0.9747899159663864,0.0,False,single_elimination,11,False
5,2,Mel B,percent,23.0,0.0966386554621848,0.0935838958892304,9.35838958892305,0.0042612414601225,0.3201574468217865,0.0865,0.0,0.96218487394958,0.0,False,single_elimination,11,False
5,2,Sabrina Bryan,percent,26.0,0.1092436974789916,0.0922562530665885,9.225625306658856,0.0033137852644578,0.3019402465966175,0.0865,0.0,0.96218487394958,0.0,False,single_elimination,11,False
5,2,Wayne Newton,percent,15.0,0.0630252100840336,0.1218141912937785,12.18141912937786,0.0356233420406094,0.3183327218382867,0.0865,0.0252100840336134,0.9873949579831932,0.0,False,single_elimination,11,False
5,3,Cameron Mathison,percent,23.0,0.0962343096234309,0.110768961548688,11.076896154868791,0.0056774750718913,0.3548284250140475,0.2662,0.0,1.0,0.0,False,single_elimination,10,False
5,3,Floyd Mayweather Jr. ,percent,21.0,0.0878661087866108,0.1126673320022093,11.26673320022092,0.0065008148394539,0.3408555910252688,0.2662,0.0,1.0,0.0,False,single_elimination,10,False
5,3,Helio Castroneves,percent,24.0,0.100418410041841,0.1034287056780736,10.342870567807353,0.0035163567099809,0.3520523463419079,0.2662,0.0,1.0,0.0,False,single_elimination,10,False
5,3,Jane Seymour,percent,27.0,0.1129707112970711,0.107362073444935,10.736207344493494,0.0032547272133155,0.3482058548725067,0.2662,0.0,1.0,0.0,False,single_elimination,10,False
5,3,Jennie Garth,percent,26.0,0.1087866108786611,0.1090714614603106,10.907146146031057,0.0032412921639645,0.3501629122852494,0.2662,0.0,1.0,0.0,False,single_elimination,10,False
5,3,Marie Osmond,percent,26.0,0.1087866108786611,0.1074406576005623,10.74406576005622,0.0041421003384893,0.366248570446233,0.2662,0.0,1.0,0.0,False,single_elimination,10,False
5,3,Mark Cuban,percent,20.0,0.0836820083682008,0.1179836638946549,11.798366389465478,0.0082129524909349,0.3537249519750567,0.2662,0.0,1.0,0.0,False,single_elimination,10,False
5,3,Mel B,percent,27.0,0.1129707112970711,0.1062002707402421,10.620027074024204,0.0032637696599273,0.357684018314612,0.2662,0.0,1.0,0.0,False,single_elimination,10,False
5,3,Sabrina Bryan,percent,27.0,0.1129707112970711,0.1057490541612705,10.574905416127043,0.003607660186716,0.3515315870106108,0.2662,0.0,1.0,0.0,False,single_elimination,10,False
5,3,Wayne Newton,percent,18.0,0.0753138075313807,0.0193278194690543,1.9327819469054308,0.0008633547340037,0.0515766783707692,0.2662,0.0,0.1246861924686192,0.0,False,single_elimination,10,True
5,4,Cameron Mathison,percent,27.0,0.1153846153846153,0.1243112249071915,12.43112249071915,0.0052962423979031,0.3931996646105543,0.1895,0.0,0.9957264957264956,0.0,False,single_elimination,9,False
5,4,Floyd Mayweather Jr. ,percent,23.0,0.0982905982905982,0.0160879353642994,1.6087935364299408,0.0006869208699247,0.0462489194023521,0.1895,0.0,0.1239316239316239,0.0,False,single_elimination,9,True
5,4,Helio Castroneves,percent,27.0,0.1153846153846153,0.1196677375526556,11.966773755265564,0.004290490600077,0.3829793744964283,0.1895,0.0,0.9957264957264956,0.0,False,single_elimination,9,False
5,4,Jane Seymour,percent,26.0,0.1111111111111111,0.1187774007148648,11.877740071486484,0.006957076328423,0.375869221201316,0.1895,0.0,0.9957264957264956,0.0,False,single_elimination,9,False
5,4,Jennie Garth,percent,27.0,0.1153846153846153,0.121144872703601,12.114487270360105,0.0043945021679247,0.388921380202299,0.1895,0.0,0.9957264957264956,0.0,False,single_elimination,9,False
5,4,Marie Osmond,percent,26.0,0.1111111111111111,0.1225495629092869,12.25495629092869,0.0051212763645165,0.377328389847053,0.1895,0.0,0.9957264957264956,0.0,False,single_elimination,9,False
5,4,Mark Cuban,percent,22.0,0.094017094017094,0.1349167917144705,13.49167917144705,0.0171656035569559,0.410295719056604,0.1895,0.0042735042735042,1.0,0.0,False,single_elimination,9,False
5,4,Mel B,percent,26.0,0.1111111111111111,0.1243143434110022,12.431434341100225,0.0077769493912095,0.3882661741479171,0.1895,0.0,0.9957264957264956,0.0,False,single_elimination,9,False
5,4,Sabrina Bryan,percent,30.0,0.1282051282051282,0.1182301307226278,11.82301307226278,0.0037393765644701,0.3883167507021971,0.1895,0.0,0.9957264957264956,0.0,False,single_elimination,9,False
5,5,Cameron Mathison,percent,26.0,0.1306532663316583,0.1393233307779156,13.932333077791569,0.0060050107610462,0.431814307299257,0.2313,0.0,1.0,0.0,False,single_elimination,8,False
5,5,Helio Castroneves,percent,23.0,0.1155778894472361,0.1459323624460487,14.593236244604874,0.0114127465629644,0.4323144546423306,0.2313,0.0,1.0,0.0,False,single_elimination,8,False
5,5,Jane Seymour,percent,26.0,0.1306532663316583,0.1374525915389425,13.745259153894256,0.0055807927916166,0.4520720217513707,0.2313,0.0,1.0,0.0,False,single_elimination,8,False
5,5,Jennie Garth,percent,25.0,0.1256281407035175,0.1386646058348404,13.866460583484043,0.0065879856702366,0.428213700710332,0.2313,0.0,1.0,0.0,False,single_elimination,8,False
5,5,Marie Osmond,percent,21.0,0.1055276381909547,0.1481008786404932,14.81008786404932,0.0173347058589197,0.436786842694817,0.2313,-0.0,1.0,0.0,False,single_elimination,8,False
5,5,Mark Cuban,percent,21.0,0.1055276381909547,0.0227786560102765,2.277865601027655,0.0007486030410829,0.0665390726151299,0.2313,0.0,0.1444723618090452,0.0,False,single_elimination,8,True
5,5,Mel B,percent,29.0,0.1457286432160804,0.1349258186320036,13.492581863200368,0.0041923369570709,0.4336051488049135,0.2313,0.0,1.0,0.0,False,single_elimination,8,False
5,5,Sabrina Bryan,percent,28.0,0.1407035175879397,0.1328217561194791,13.28217561194791,0.0042445838727891,0.414823395110076,0.2313,0.0,1.0,0.0,False,single_elimination,8,False
5,6,Cameron Mathison,percent,25.0,0.1388888888888889,0.1649000389735249,16.490003897352494,0.0172328485439757,0.482845698567405,0.1518,-0.0,0.9722222222222222,0.0,False,single_elimination,7,False
5,6,Helio Castroneves,percent,28.0,0.1555555555555555,0.1530131737670588,15.301317376705883,0.0089288411870069,0.4864814610810189,0.1518,0.0,0.9722222222222222,0.0,False,single_elimination,7,False
5,6,Jane Seymour,percent,22.0,0.1222222222222222,0.1787372541155927,17.873725411559267,0.0346721917691624,0.4794915166491825,0.1518,0.0166666666666666,0.9888888888888888,0.0,False,single_elimination,7,False
5,6,Jennie Garth,percent,27.0,0.15,0.1600726668235499,16.007266682355,0.0105057420288742,0.4738566635577935,0.1518,0.0,0.972222222222222,0.0,False,single_elimination,7,False
5,6,Marie Osmond,percent,23.0,0.1277777777777777,0.1725042956898839,17.250429568988398,0.0287767129756753,0.467674414544581,0.1518,0.0111111111111111,0.9833333333333332,0.0,False,single_elimination,7,False
5,6,Mel B,percent,30.0,0.1666666666666666,0.147935427342718,14.7935427342718,0.0071460707893479,0.4498310739843612,0.1518,0.0,0.972222222222222,0.0,False,single_elimination,7,False
5,6,Sabrina Bryan,percent,25.0,0.1388888888888889,0.0228371432876716,2.2837143287671604,0.0007256621645701,0.0663990832400995,0.1518,0.0,0.1468253968253968,0.0,False,single_elimination,7,True
5,7,Cameron Mathison,percent,25.5,0.1634615384615384,0.1978740758030976,19.787407580309758,0.0196090268872132,0.5485812715046521,0.1977,0.0,1.0,0.0,False,single_elimination,6,False
5,7,Helio Castroneves,percent,26.0,0.1666666666666666,0.1991443003374652,19.91443003374652,0.0167192470429397,0.5428886363261014,0.1977,0.0,1.0,0.0,False,single_elimination,6,False
5,7,Jane Seymour,percent,25.0,0.1602564102564102,0.0289947751723815,2.8994775172381577,0.0011466721286479,0.0895593713092343,0.1977,0.0,0.173076923076923,0.0,False,single_elimination,6,True
5,7,Jennie Garth,percent,26.5,0.1698717948717948,0.1936357601818375,19.363576018183743,0.0164843143783361,0.5425175591724928,0.1977,0.0,1.0,0.0,False,single_elimination,6,False
5,7,Marie Osmond,percent,26.0,0.1666666666666666,0.1917848607016272,19.17848607016272,0.0160808192353692,0.5539017149082123,0.1977,0.0,1.0,0.0,False,single_elimination,6,False
5,7,Mel B,percent,27.0,0.173076923076923,0.188566227803591,18.856622780359093,0.0143939898310439,0.5249124930581943,0.1977,0.0,1.0,0.0,False,single_elimination,6,False
5,8,Cameron Mathison,percent,25.5,0.1939163498098859,0.0417723005571724,4.17723005571725,0.0017723483544697,0.1235473533898612,0.2215,0.0,0.206083650190114,0.0,False,single_elimination,5,True
5,8,Helio Castroneves,percent,28.5,0.2167300380228136,0.2271113507984416,22.711135079844187,0.0150606109827035,0.6138119972632824,0.2215,0.0,0.988593155893536,0.0,False,single_elimination,5,False
5,8,Jennie Garth,percent,25.0,0.1901140684410646,0.2500585802416282,25.005858024162848,0.0351556565363087,0.6357802810814669,0.2215,0.0038022813688212,0.9923954372623576,0.0,False,single_elimination,5,False
5,8,Marie Osmond,percent,24.5,0.1863117870722433,0.2473519865483068,24.735198654830707,0.0380607050735539,0.6408447452014341,0.2215,0.0076045627376425,0.9961977186311788,0.0,False,single_elimination,5,False
5,8,Mel B,percent,28.0,0.2129277566539923,0.2337057818544499,23.37057818544501,0.021707996960068,0.6184733455648066,0.2215,0.0,0.988593155893536,0.0,False,single_elimination,5,False
5,9,Helio Castroneves,percent,30.0,0.2564102564102564,0.2987666054005824,29.876660540058253,0.0389867550263577,0.7255264579750076,0.2653,0.0,0.9914529914529916,0.0,False,single_elimination,4,False
5,9,Jennie Garth,percent,29.0,0.2478632478632478,0.0617457685185348,6.174576851853486,0.0024399328667464,0.1767105953672608,0.2653,0.0,0.2521367521367521,0.0,False,single_elimination,4,True
5,9,Marie Osmond,percent,28.0,0.2393162393162393,0.3270104594187362,32.70104594187363,0.0550664412451942,0.7679727595318823,0.2653,0.0085470085470085,1.0,0.0,False,single_elimination,4,False
5,9,Mel B,percent,30.0,0.2564102564102564,0.3124771666621462,31.247716666214632,0.0400276609328199,0.7471843451682446,0.2653,0.0,0.9914529914529916,0.0,False,single_elimination,4,False
5,10,Helio Castroneves,percent,27.999900000000004,0.352940954028016,0.3342775521656381,33.42775521656387,0.0116959743195819,0.8377942759138156,1.0,0.0,1.0,0.0,False,no_elimination,3,False
5,10,Marie Osmond,percent,23.0,0.2899168190830813,0.331918438063395,33.19184380633955,0.0131876662707322,0.8443187840565167,1.0,0.0,1.0,0.0,False,no_elimination,3,False
5,10,Mel B,percent,28.3332,0.3571422268889026,0.3338040097709654,33.38040097709659,0.0126404159971194,0.8418675400447586,1.0,0.0,1.0,0.0,False,no_elimination,3,False
6,1,Adam Carolla,percent,15.0,0.0617283950617283,0.0848256930250265,8.482569302502647,0.0023150982049876,0.29217065817057,1.0,0.0,1.0,0.0,False,no_elimination,12,False
6,1,Cristian de la Fuente,percent,21.0,0.0864197530864197,0.0826674534457607,8.266745344576067,0.0019982148621114,0.278125409080133,1.0,0.0,1.0,0.0,False,no_elimination,12,False
6,1,Jason Taylor,percent,22.0,0.0905349794238683,0.0832854918538214,8.328549185382139,0.0022440424914103,0.279367201549738,1.0,0.0,1.0,0.0,False,no_elimination,12,False
6,1,Kristi Yamaguchi,percent,27.0,0.1111111111111111,0.0834404598987634,8.344045989876337,0.002277367565663,0.2838503881115317,1.0,0.0,1.0,0.0,False,no_elimination,12,False
6,1,Mario,percent,24.0,0.0987654320987654,0.0823664545237363,8.236645452373626,0.002202528958441,0.2804944430273131,1.0,0.0,1.0,0.0,False,no_elimination,12,False
6,1,Marissa Jaret Winokur,percent,18.0,0.074074074074074,0.0840977503176735,8.409775031767348,0.0026848925219223,0.2827404464107874,1.0,0.0,1.0,0.0,False,no_elimination,12,False
6,1,Marlee Matlin,percent,22.0,0.0905349794238683,0.0822784750043315,8.22784750043315,0.0020798588448331,0.2804278843834055,1.0,0.0,1.0,0.0,False,no_elimination,12,False
6,1,Monica Seles,percent,15.0,0.0617283950617283,0.0829636292717905,8.296362927179052,0.0020234398290976,0.2808937358119083,1.0,0.0,1.0,0.0,False,no_elimination,12,False
6,1,Penn Jillette,percent,16.0,0.0658436213991769,0.0840333294529016,8.403332945290162,0.002271872463295,0.2871394626530409,1.0,0.0,1.0,0.0,False,no_elimination,12,False
6,1,Priscilla Presley,percent,24.0,0.0987654320987654,0.0833795844303426,8.337958443034257,0.0019478401617292,0.2865443170954195,1.0,0.0,1.0,0.0,False,no_elimination,12,False
6,1,Shannon Elizabeth,percent,21.0,0.0864197530864197,0.0825463292115115,8.254632921151146,0.0021549599195152,0.28405995371083,1.0,0.0,1.0,0.0,False,no_elimination,12,False
6,1,Steve Guttenberg,percent,18.0,0.074074074074074,0.0841153495643405,8.411534956434053,0.0021582861174186,0.2857931255811671,1.0,0.0,1.0,0.0,False,no_elimination,12,False
6,2,Adam Carolla,percent,19.0,0.0739299610894941,0.10620114158118,10.620114158118003,0.0084670912986353,0.3081422925712285,0.0792,0.0,0.9961089494163424,0.0,False,multi_elimination_2,12,False
6,2,Cristian de la Fuente,percent,20.0,0.0778210116731517,0.097788267882044,9.778826788204404,0.0070079458709631,0.2978157749758126,0.0792,0.0,0.9961089494163424,0.0,False,multi_elimination_2,12,False
6,2,Jason Taylor,percent,27.0,0.1050583657587548,0.0877664373299004,8.776643732990049,0.0027589615744401,0.2925852580852053,0.0792,0.0,0.9961089494163424,0.0,False,multi_elimination_2,12,False
6,2,Kristi Yamaguchi,percent,27.0,0.1050583657587548,0.0878488917934466,8.784889179344665,0.0026481487621852,0.3063679006240558,0.0792,0.0,0.9961089494163424,0.0,False,multi_elimination_2,12,False
6,2,Mario,percent,26.0,0.1011673151750972,0.0950414655114153,9.50414655114154,0.0039594288994226,0.325768388342429,0.0792,0.0,0.9961089494163424,0.0,False,multi_elimination_2,12,False
6,2,Marissa Jaret Winokur,percent,21.0,0.0817120622568093,0.098085745792941,9.808574579294108,0.0054659099574323,0.3122524282881894,0.0792,0.0,0.9961089494163424,0.0,False,multi_elimination_2,12,False
6,2,Marlee Matlin,percent,24.0,0.0933852140077821,0.0955498628115703,9.554986281157037,0.0043434563847799,0.3034928469716531,0.0792,0.0,0.9961089494163424,0.0,False,multi_elimination_2,12,False
6,2,Monica Seles,percent,15.0,0.0583657587548638,0.0194761451158326,1.94761451158327,0.0008602095296713,0.0488950130130094,0.0792,0.0,0.1174389812522108,0.0,False,multi_elimination_2,12,True
6,2,Penn Jillette,percent,17.0,0.0661478599221789,0.0152060997520758,1.520609975207581,0.0005059394427819,0.0419541802476479,0.0792,0.0,0.1103643438273788,0.0,False,multi_elimination_2,12,True
6,2,Priscilla Presley,percent,21.0,0.0817120622568093,0.0966414359460692,9.664143594606925,0.0071583947306747,0.3059040007420328,0.0792,0.0,0.9961089494163424,0.0,False,multi_elimination_2,12,False
6,2,Shannon Elizabeth,percent,24.0,0.0933852140077821,0.0892800591919777,8.928005919197776,0.0030682014651998,0.3044240275182472,0.0792,0.0,0.9961089494163424,0.0,False,multi_elimination_2,12,False
6,2,Steve Guttenberg,percent,16.0,0.0622568093385214,0.1111144472915463,11.111444729154638,0.0221888877926932,0.3294813789735212,0.0792,0.0038910505836575,1.0,0.0,False,multi_elimination_2,12,False
6,3,Adam Carolla,percent,21.0,0.0921052631578947,0.1133552381592791,11.33552381592792,0.0105505367588415,0.3350803809338875,0.1362,0.0,0.9912280701754386,0.0,False,single_elimination,10,False
6,3,Cristian de la Fuente,percent,25.0,0.1096491228070175,0.1056470692318368,10.564706923183683,0.0043017527081998,0.340193048780133,0.1362,0.0,0.9912280701754386,0.0,False,single_elimination,10,False
6,3,Jason Taylor,percent,23.0,0.1008771929824561,0.1042107141852092,10.421071418520931,0.005761910637643,0.328635581305458,0.1362,0.0,0.9912280701754386,0.0,False,single_elimination,10,False
6,3,Kristi Yamaguchi,percent,27.0,0.1184210526315789,0.1017394250753696,10.17394250753697,0.0027885203176902,0.3390794537604657,0.1362,0.0,0.9912280701754386,0.0,False,single_elimination,10,False
6,3,Mario,percent,21.0,0.0921052631578947,0.1109058623599238,11.090586235992392,0.0112610148479724,0.3433442285788372,0.1362,-0.0,0.9912280701754386,0.0,False,single_elimination,10,False
6,3,Marissa Jaret Winokur,percent,19.0,0.0833333333333333,0.1230074929013651,12.30074929013652,0.0199135165885048,0.352760432864604,0.1362,0.0087719298245614,1.0,0.0,False,single_elimination,10,False
6,3,Marlee Matlin,percent,21.0,0.0921052631578947,0.1138046494638524,11.380464946385253,0.010291776937181,0.3598276679774619,0.1362,0.0,0.9912280701754386,0.0,False,single_elimination,10,False
6,3,Priscilla Presley,percent,26.0,0.1140350877192982,0.1049394423257174,10.493944232571746,0.0037638504187372,0.3474905591232762,0.1362,0.0,0.9912280701754386,0.0,False,single_elimination,10,False
6,3,Shannon Elizabeth,percent,24.0,0.1052631578947368,0.1096693636405963,10.96693636405964,0.0058171008222264,0.3535107338011856,0.1362,0.0,0.9912280701754386,0.0,False,single_elimination,10,False
6,3,Steve Guttenberg,percent,21.0,0.0921052631578947,0.0127207426568494,1.2720742656849482,0.0005612337609498,0.0369988341097853,0.1362,0.0,0.1078947368421052,0.0,False,single_elimination,10,True
6,4,Adam Carolla,percent,19.0,0.0844444444444444,0.0217491839752531,2.174918397525318,0.0008925559363572,0.0591291050066653,0.2741,0.0,0.1377777777777777,0.0,False,single_elimination,9,True
6,4,Cristian de la Fuente,percent,26.0,0.1155555555555555,0.1201042071707848,12.010420717078503,0.0053970174335014,0.3811534831337168,0.2741,0.0,1.0,0.0,False,single_elimination,9,False
6,4,Jason Taylor,percent,29.0,0.1288888888888889,0.1208325672440898,12.083256724409,0.0035935778859543,0.4063078581340701,0.2741,0.0,1.0,0.0,False,single_elimination,9,False
6,4,Kristi Yamaguchi,percent,29.0,0.1288888888888889,0.1177412432426692,11.774124324266944,0.0035717508512609,0.3890385113535082,0.2741,0.0,1.0,0.0,False,single_elimination,9,False
6,4,Mario,percent,24.0,0.1066666666666666,0.1238723860121521,12.387238601215229,0.0048972746690108,0.3947139429181726,0.2741,0.0,1.0,0.0,False,single_elimination,9,False
6,4,Marissa Jaret Winokur,percent,24.0,0.1066666666666666,0.1223201300055209,12.232013000552111,0.004575981678798,0.3870566256242714,0.2741,0.0,1.0,0.0,False,single_elimination,9,False
6,4,Marlee Matlin,percent,24.0,0.1066666666666666,0.1269041144222938,12.6904114422294,0.005753722551658,0.4003279030088341,0.2741,0.0,1.0,0.0,False,single_elimination,9,False
6,4,Priscilla Presley,percent,22.0,0.0977777777777777,0.1299759680801407,12.997596808014098,0.0087853856286714,0.4033288037437106,0.2741,0.0,1.0,0.0,False,single_elimination,9,False
6,4,Shannon Elizabeth,percent,28.0,0.1244444444444444,0.1165001998470938,11.6500199847094,0.0033892499212475,0.3747461739469456,0.2741,0.0,1.0,0.0,False,single_elimination,9,False
6,5,Cristian de la Fuente,percent,23.0,0.1173469387755102,0.1482808223364395,14.828082233643965,0.0111676299026843,0.4246693099558267,0.2262,0.0,1.0,0.0,False,single_elimination,8,False
6,5,Jason Taylor,percent,27.0,0.1377551020408163,0.1329877868021202,13.298778680212031,0.0050125430212745,0.4179483900843077,0.2262,0.0,1.0,0.0,False,single_elimination,8,False
6,5,Kristi Yamaguchi,percent,29.0,0.1479591836734693,0.1302258341655885,13.022583416558856,0.0037248226699186,0.4194782385518654,0.2262,0.0,1.0,0.0,False,single_elimination,8,False
6,5,Mario,percent,27.0,0.1377551020408163,0.1349356775098133,13.493567750981338,0.0057441710661531,0.4213297577251624,0.2262,0.0,1.0,0.0,False,single_elimination,8,False
6,5,Marissa Jaret Winokur,percent,24.0,0.1224489795918367,0.1421112203956697,14.211122039566977,0.0081093442520648,0.4565171178589456,0.2262,0.0,1.0,0.0,False,single_elimination,8,False
6,5,Marlee Matlin,percent,22.0,0.1122448979591836,0.1451656878055638,14.51656878055639,0.0126229332049284,0.4348825266593834,0.2262,0.0,1.0,0.0,False,single_elimination,8,False
6,5,Priscilla Presley,percent,21.0,0.1071428571428571,0.0216048397991425,2.160483979914257,0.0007017273826769,0.0624997060303346,0.2262,0.0,0.1428571428571428,0.0,False,single_elimination,8,True
6,5,Shannon Elizabeth,percent,23.0,0.1173469387755102,0.1446881311856619,14.468813118566196,0.0104176839875278,0.4353890377547112,0.2262,0.0,1.0,0.0,False,single_elimination,8,False
6,6,Cristian de la Fuente,percent,27.0,0.15,0.1594266288166026,15.942662881660274,0.0069980536146968,0.498063547192312,0.2882,0.0,1.0,0.0,False,single_elimination,7,False
6,6,Jason Taylor,percent,24.0,0.1333333333333333,0.1676230018653518,16.7623001865352,0.0091287350135586,0.4898733286314213,0.2882,0.0,1.0,0.0,False,single_elimination,7,False
6,6,Kristi Yamaguchi,percent,30.0,0.1666666666666666,0.158025247146536,15.802524714653616,0.0063822932879594,0.4955966893543571,0.2882,0.0,1.0,0.0,False,single_elimination,7,False
6,6,Mario,percent,28.0,0.1555555555555555,0.1603994934482246,16.039949344822478,0.0078166969080233,0.4789003425020018,0.2882,0.0,1.0,0.0,False,single_elimination,7,False
6,6,Marissa Jaret Winokur,percent,26.0,0.1444444444444444,0.16185953781303,16.185953781303017,0.0069872123009163,0.5006277438456691,0.2882,0.0,1.0,0.0,False,single_elimination,7,False
6,6,Marlee Matlin,percent,21.0,0.1166666666666666,0.0290369341189678,2.9036934118967883,0.0010288360914788,0.0821882788516431,0.2882,0.0,0.169047619047619,0.0,False,single_elimination,7,True
6,6,Shannon Elizabeth,percent,24.0,0.1333333333333333,0.1636291567912862,16.362915679128637,0.0104151705108222,0.4765070758433166,0.2882,0.0,1.0,0.0,False,single_elimination,7,False
6,7,Cristian de la Fuente,percent,23.0,0.1488673139158576,0.2093598073158521,20.93598073158524,0.0390581823184777,0.5411113070227376,0.182,0.0161812297734627,1.0,0.0,False,single_elimination,6,False
6,7,Jason Taylor,percent,27.5,0.1779935275080906,0.1849038669955614,18.490386699556165,0.014226696327704,0.5213248286182735,0.182,0.0,0.9838187702265372,0.0,False,single_elimination,6,False
6,7,Kristi Yamaguchi,percent,27.0,0.174757281553398,0.1908279611734753,19.08279611734755,0.0159541762334729,0.5511660364777092,0.182,0.0,0.9838187702265372,0.0,False,single_elimination,6,False
6,7,Mario,percent,25.5,0.1650485436893204,0.1897618293797005,18.97618293797007,0.0210112634679415,0.5281260471216543,0.182,0.0,0.9838187702265372,0.0,False,single_elimination,6,False
6,7,Marissa Jaret Winokur,percent,26.0,0.1682847896440129,0.1967180175900612,19.67180175900614,0.0232732126613595,0.5453903291949388,0.182,0.0,0.9838187702265372,0.0,False,single_elimination,6,False
6,7,Shannon Elizabeth,percent,25.5,0.1650485436893204,0.0284285175453484,2.8428517545348435,0.0007154333855276,0.087904567397856,0.182,0.0,0.1682847896440129,0.0,False,single_elimination,6,True
6,8,Cristian de la Fuente,percent,28.5,0.2134831460674157,0.2337632564862316,23.37632564862315,0.0196973740978543,0.6507172519428912,0.2053,0.0,0.9850187265917604,0.0,False,single_elimination,5,False
6,8,Jason Taylor,percent,26.0,0.1947565543071161,0.24663335412862,24.663335412861983,0.0382853198965452,0.6355433930967337,0.2053,0.0037453183520599,0.9887640449438202,0.0,False,single_elimination,5,False
6,8,Kristi Yamaguchi,percent,27.5,0.2059925093632958,0.230960611876483,23.09606118764829,0.0270277605365842,0.6050483280639788,0.2053,0.0,0.9850187265917604,0.0,False,single_elimination,5,False
6,8,Mario,percent,26.5,0.198501872659176,0.0413314686536555,4.133146865365547,0.001414342572896,0.125368128279966,0.2053,0.0,0.2014981273408239,0.0,False,single_elimination,5,True
6,8,Marissa Jaret Winokur,percent,25.0,0.1872659176029962,0.2473113088550105,24.73113088550103,0.042039959919954,0.6172020146358167,0.2053,0.0112359550561797,0.99625468164794,0.0,False,single_elimination,5,False
6,9,Cristian de la Fuente,percent,28.0,0.2545454545454545,0.3131693965509744,31.316939655097475,0.0383860601347847,0.7384371286143976,0.2906,0.0,1.0,0.0,False,single_elimination,4,False
6,9,Jason Taylor,percent,27.5,0.25,0.3153864314749329,31.538643147493328,0.0369346637178633,0.7513980517885561,0.2906,0.0,1.0,0.0,False,single_elimination,4,False
6,9,Kristi Yamaguchi,percent,28.5,0.2590909090909091,0.3050172475900981,30.501724759009846,0.027677084941916,0.7403578940707578,0.2906,0.0,1.0,0.0,False,single_elimination,4,False
6,9,Marissa Jaret Winokur,percent,26.0,0.2363636363636363,0.0664269243839934,6.642692438399354,0.0023546392897786,0.1874467328203853,0.2906,0.0,0.2636363636363636,0.0,False,single_elimination,4,True
6,10,Cristian de la Fuente,percent,26.0,0.3076923076923077,0.3350501671311675,33.50501671311673,0.0119011085435102,0.8470535396444053,1.0,0.0,1.0,0.0,False,no_elimination,3,False
6,10,Jason Taylor,percent,28.5,0.3372781065088757,0.3336858441001626,33.36858441001624,0.0115625975653636,0.8465086848502225,1.0,0.0,1.0,0.0,False,no_elimination,3,False
6,10,Kristi Yamaguchi,percent,30.0,0.3550295857988165,0.3312639887686706,33.12639887686704,0.0123109845685702,0.8490572740449333,1.0,0.0,1.0,0.0,False,no_elimination,3,False
7,1,Brooke Burke,percent,24.5,0.0972222222222222,0.0781830097409368,7.818300974093688,0.0022452301901019,0.2645753042626023,0.0484,0.0,0.9861111111111112,0.0,False,multi_elimination_2,13,False
7,1,Cloris Leachman,percent,16.0,0.0634920634920634,0.1041666541183531,10.416665411835318,0.0203343111926473,0.3029779926862321,0.0484,0.0099206349206349,0.996031746031746,0.0,False,multi_elimination_2,13,False
7,1,Cody Linley,percent,20.5,0.0813492063492063,0.0856617414617965,8.566174146179655,0.0046726342702918,0.277099058034483,0.0484,0.0,0.9861111111111112,0.0,False,multi_elimination_2,13,False
7,1,Jeffrey Ross,percent,12.0,0.0476190476190476,0.0212080018378952,2.120800183789522,0.0008294769126285,0.052990923149536,0.0484,0.0,0.1129298941798942,0.0,False,multi_elimination_2,13,True
7,1,Kim Kardashian,percent,18.5,0.0734126984126984,0.0908899799835975,9.088997998359758,0.0095820660782492,0.2866419053024211,0.0484,-0.0,0.9861111111111112,0.0,False,multi_elimination_2,13,False
7,1,Lance Bass,percent,21.5,0.0853174603174603,0.0792628209608405,7.926282096084053,0.0031177074920712,0.2794538111365675,0.0484,0.0,0.9861111111111112,0.0,False,multi_elimination_2,13,False
7,1,Maurice Greene,percent,19.5,0.0773809523809523,0.0876983342403274,8.769833424032745,0.0069780967504145,0.2701326344208999,0.0484,0.0,0.9861111111111112,0.0,False,multi_elimination_2,13,False
7,1,Misty May-Treanor,percent,21.0,0.0833333333333333,0.0879883276054977,8.798832760549773,0.0037030367630444,0.3066056319673482,0.0484,0.0,0.9861111111111112,0.0,False,multi_elimination_2,13,False
7,1,Rocco DiSpirito,percent,17.5,0.0694444444444444,0.1045220549461557,10.452205494615576,0.0140057390231132,0.3138054278664862,0.0484,0.0039682539682539,0.9900793650793652,0.0,False,multi_elimination_2,13,False
7,1,Susan Lucci,percent,18.5,0.0734126984126984,0.0931341229816503,9.313412298165034,0.0113103792497428,0.3125962747372891,0.0484,0.0,0.9861111111111112,0.0,False,multi_elimination_2,13,False
7,1,Ted McGinley,percent,18.5,0.0734126984126984,0.0099879488489815,0.9987948848981572,0.0004569134879555,0.0322232323914762,0.0484,0.0,0.0892857142857142,0.0,False,multi_elimination_2,13,True
7,1,Toni Braxton,percent,22.5,0.0892857142857142,0.0780858204187832,7.808582041878322,0.0022583287087585,0.2742688782723008,0.0484,0.0,0.9861111111111112,0.0,False,multi_elimination_2,13,False
7,1,Warren Sapp,percent,21.5,0.0853174603174603,0.079211182855184,7.9211182855184,0.0042045429497647,0.2488234543532937,0.0484,0.0,0.9861111111111112,0.0,False,multi_elimination_2,13,False
7,2,Brooke Burke,percent,24.0,0.1085972850678733,0.0939917239639916,9.399172396399164,0.0030279342456683,0.313596842671439,0.1701,0.0,0.986425339366516,0.0,False,single_elimination,11,False
7,2,Cloris Leachman,percent,15.0,0.0678733031674208,0.1159409821392712,11.594098213927122,0.020648651433492,0.3406988538780267,0.1701,0.0090497737556561,0.995475113122172,0.0,False,single_elimination,11,False
7,2,Cody Linley,percent,21.0,0.0950226244343891,0.0961462658007513,9.614626580075134,0.0030358495337623,0.3187132839202963,0.1701,0.0,0.986425339366516,0.0,False,single_elimination,11,False
7,2,Kim Kardashian,percent,17.0,0.0769230769230769,0.0135501904145636,1.3550190414563696,0.0005835548896888,0.0372294594940274,0.1701,0.0,0.1048951048951048,0.0,False,single_elimination,11,True
7,2,Lance Bass,percent,20.0,0.090497737556561,0.0920899245019486,9.208992450194865,0.0039693762259634,0.2953338492623907,0.1701,0.0,0.986425339366516,0.0,False,single_elimination,11,False
7,2,Maurice Greene,percent,19.0,0.085972850678733,0.0995899126215615,9.958991262156154,0.0062716080005139,0.3249218695536001,0.1701,0.0,0.986425339366516,0.0,False,single_elimination,11,False
7,2,Misty May-Treanor,percent,21.0,0.0950226244343891,0.09590234223594,9.59023422359401,0.0040359052947252,0.3176326592109629,0.1701,0.0,0.986425339366516,0.0,False,single_elimination,11,False
7,2,Rocco DiSpirito,percent,16.0,0.0723981900452488,0.1112803040804799,11.128030408047998,0.015875563456085,0.3385218931839731,0.1701,0.004524886877828,0.990950226244344,0.0,False,single_elimination,11,False
7,2,Susan Lucci,percent,21.0,0.0950226244343891,0.0968070532123693,9.680705321236932,0.004130267574349,0.325429872362599,0.1701,0.0,0.986425339366516,0.0,False,single_elimination,11,False
7,2,Toni Braxton,percent,23.0,0.1040723981900452,0.0936214824996747,9.362148249967472,0.0027748942671741,0.3064813402415376,0.1701,0.0,0.986425339366516,0.0,False,single_elimination,11,False
7,2,Warren Sapp,percent,24.0,0.1085972850678733,0.0910798185294477,9.107981852944777,0.0023739592779513,0.3032468893618869,0.1701,0.0,0.986425339366516,0.0,False,single_elimination,11,False
7,3,Brooke Burke,percent,28.0,0.1407035175879397,0.1116582372527045,11.165823725270458,0.0031767455246273,0.3673782710905927,1.0,0.0,1.0,0.0,False,no_elimination,9,False
7,3,Cloris Leachman,percent,16.0,0.0804020100502512,0.1101546438141448,11.015464381414494,0.0029346573080831,0.3641612207591096,1.0,0.0,1.0,0.0,False,no_elimination,9,False
7,3,Cody Linley,percent,21.0,0.1055276381909547,0.1103422169405549,11.034221694055498,0.0032003513652444,0.3742668980963656,1.0,0.0,1.0,0.0,False,no_elimination,9,False
7,3,Lance Bass,percent,22.0,0.1105527638190954,0.1118779648239591,11.187796482395925,0.0029970961330871,0.3694469128513734,1.0,0.0,1.0,0.0,False,no_elimination,9,False
7,3,Maurice Greene,percent,24.0,0.1206030150753768,0.1104600992444513,11.046009924445144,0.0029936212103159,0.3726121327261394,1.0,0.0,1.0,0.0,False,no_elimination,9,False
7,3,Rocco DiSpirito,percent,20.0,0.100502512562814,0.1112225519353493,11.122255193534942,0.0031062562539738,0.3660560130378347,1.0,0.0,1.0,0.0,False,no_elimination,9,False
7,3,Susan Lucci,percent,21.0,0.1055276381909547,0.1120359048088641,11.203590480886426,0.0031104125577589,0.3696913524487981,1.0,0.0,1.0,0.0,False,no_elimination,9,False
7,3,Toni Braxton,percent,22.0,0.1105527638190954,0.1107034801192631,11.070348011926326,0.0034861006938886,0.3701817985101442,1.0,0.0,1.0,0.0,False,no_elimination,9,False
7,3,Warren Sapp,percent,25.0,0.1256281407035175,0.1115449010607076,11.15449010607077,0.0032159213590997,0.3803032853944945,1.0,0.0,1.0,0.0,False,no_elimination,9,False
7,4,Brooke Burke,percent,26.0,0.1280788177339901,0.1222155525962664,12.22155525962664,0.0045590974323831,0.4045028884474249,0.2568,0.0,1.0,0.0,False,single_elimination,9,False
7,4,Cloris Leachman,percent,22.0,0.1083743842364532,0.1253105695814643,12.531056958146433,0.0051328218933916,0.3849463162530297,0.2568,0.0,1.0,0.0,False,single_elimination,9,False
7,4,Cody Linley,percent,23.0,0.1133004926108374,0.120497392501601,12.0497392501601,0.0046209294628521,0.3735260599564029,0.2568,0.0,1.0,0.0,False,single_elimination,9,False
7,4,Lance Bass,percent,26.0,0.1280788177339901,0.118392042769233,11.839204276923306,0.0036888861720339,0.3947749162260872,0.2568,0.0,1.0,0.0,False,single_elimination,9,False
7,4,Maurice Greene,percent,20.0,0.0985221674876847,0.1286906145152734,12.869061451527344,0.0086703253495898,0.3870663905740326,0.2568,0.0,1.0,0.0,False,single_elimination,9,False
7,4,Rocco DiSpirito,percent,18.0,0.0886699507389162,0.0201108693107235,2.0110869310723567,0.0008175362996461,0.0559679318340873,0.2568,0.0,0.1335522714833059,0.0,False,single_elimination,9,True
7,4,Susan Lucci,percent,24.0,0.1182266009852216,0.1199326221977793,11.993262219777936,0.0040374774340946,0.3908223781257768,0.2568,0.0,1.0,0.0,False,single_elimination,9,False
7,4,Toni Braxton,percent,22.0,0.1083743842364532,0.1233320447943277,12.33320447943277,0.0052915421342184,0.3944348457699915,0.2568,0.0,1.0,0.0,False,single_elimination,9,False
7,4,Warren Sapp,percent,22.0,0.1083743842364532,0.1215182917333312,12.151829173333123,0.0054032787635155,0.3843328778524288,0.2568,0.0,1.0,0.0,False,single_elimination,9,False
7,5,Brooke Burke,percent,29.0,0.1487179487179487,0.1264997801932246,12.64997801932246,0.0042318581905466,0.3964451109813334,0.1762,0.0,0.9897435897435898,0.0,False,single_elimination,8,False
7,5,Cloris Leachman,percent,21.0,0.1076923076923077,0.1510112178399947,15.101121783999474,0.0196057227900861,0.4301654177185282,0.1762,0.0051282051282051,0.9948717948717948,0.0,False,single_elimination,8,False
7,5,Cody Linley,percent,28.0,0.1435897435897435,0.1343895475011892,13.438954750118922,0.005157544147575,0.4345987726553046,0.1762,0.0,0.9897435897435898,0.0,False,single_elimination,8,False
7,5,Lance Bass,percent,21.0,0.1076923076923077,0.1512439582833083,15.124395828330837,0.0203427631289314,0.4342952234944398,0.1762,0.0051282051282051,0.9948717948717948,0.0,False,single_elimination,8,False
7,5,Maurice Greene,percent,27.0,0.1384615384615384,0.1307418818008611,13.074188180086113,0.0050716455648072,0.4011702526202711,0.1762,0.0,0.9897435897435898,0.0,False,single_elimination,8,False
7,5,Susan Lucci,percent,22.0,0.1128205128205128,0.1489724941247704,14.897249412477048,0.0156739983593181,0.4565818858591508,0.1762,0.0,0.9897435897435898,0.0,False,single_elimination,8,False
7,5,Toni Braxton,percent,22.0,0.1128205128205128,0.0205027417311322,2.050274173113224,0.0009034794666269,0.0607266655106903,0.1762,0.0,0.1371794871794871,0.0,False,single_elimination,8,True
7,5,Warren Sapp,percent,25.0,0.1282051282051282,0.1366383785255193,13.66383785255193,0.0065849078812772,0.4511305069735772,0.1762,0.0,0.9897435897435898,0.0,False,single_elimination,8,False
7,6,Brooke Burke,percent,26.0,0.1625,0.1527298508239625,15.27298508239625,0.0047199921814597,0.4931121320210825,0.3898,0.0,1.0,0.0,False,single_elimination,7,False
7,6,Cloris Leachman,percent,15.0,0.09375,0.039606106720687,3.9606106720686993,0.0017618311517487,0.1009356213975039,0.3898,0.0,0.1919642857142857,0.0,False,single_elimination,7,True
7,6,Cody Linley,percent,23.0,0.14375,0.1614266691401798,16.14266691401798,0.0077972403204474,0.4925351953085998,0.3898,0.0,1.0,0.0,False,single_elimination,7,False
7,6,Lance Bass,percent,27.0,0.16875,0.1560517823456789,15.605178234567896,0.005191958164151,0.4906803982609802,0.3898,0.0,1.0,0.0,False,single_elimination,7,False
7,6,Maurice Greene,percent,21.0,0.13125,0.1673906725458356,16.73906725458356,0.00862097016616,0.4879525327500362,0.3898,0.0,1.0,0.0,False,single_elimination,7,False
7,6,Susan Lucci,percent,23.0,0.14375,0.1624194122781034,16.24194122781034,0.0072298625328209,0.4896356158155677,0.3898,0.0,1.0,0.0,False,single_elimination,7,False
7,6,Warren Sapp,percent,25.0,0.15625,0.1603755061455528,16.03755061455528,0.0054513440159851,0.4859044665962193,0.3898,0.0,1.0,0.0,False,single_elimination,7,False
7,7,Brooke Burke,percent,30.0,0.2040816326530612,0.169898463236749,16.9898463236749,0.0066062527576241,0.5252896917898568,0.17,0.0,0.9659863945578232,0.0,False,single_elimination,6,False
7,7,Cody Linley,percent,22.0,0.1496598639455782,0.2110839285123603,21.10839285123603,0.039619492950426,0.5532500148591109,0.17,0.0136054421768707,0.979591836734694,0.0,False,single_elimination,6,False
7,7,Lance Bass,percent,25.0,0.1700680272108843,0.1940724817246354,19.407248172463543,0.0149577834372617,0.5358344746662087,0.17,0.0,0.9659863945578232,0.0,False,single_elimination,6,False
7,7,Maurice Greene,percent,25.0,0.1700680272108843,0.1825600684995691,18.256006849956915,0.0172185480642658,0.4998904434433224,0.17,0.0,0.9659863945578232,0.0,False,single_elimination,6,False
7,7,Susan Lucci,percent,24.0,0.1632653061224489,0.0300144428678928,3.0014442867892845,0.0009827176484616,0.0948394905418696,0.17,0.0,0.1700680272108843,0.0,False,single_elimination,6,True
7,7,Warren Sapp,percent,21.0,0.1428571428571428,0.2123706151587933,21.23706151587933,0.046453458315232,0.5396496879737012,0.17,0.0204081632653061,0.9863945578231292,0.0,False,single_elimination,6,False
7,8,Brooke Burke,percent,27.5,0.2156862745098039,0.2276508484536697,22.765084845366975,0.0166242169333764,0.6273806779631544,0.2417,0.0,1.0,0.0,False,single_elimination,5,False
7,8,Cody Linley,percent,24.0,0.188235294117647,0.2541272787544507,25.412727875445075,0.0337136716920595,0.6461391363521453,0.2417,-0.0,1.0,0.0,False,single_elimination,5,False
7,8,Lance Bass,percent,25.0,0.196078431372549,0.2395822245380431,23.958222453804314,0.0306936177239113,0.6335783959266806,0.2417,0.0,1.0,0.0,False,single_elimination,5,False
7,8,Maurice Greene,percent,24.0,0.188235294117647,0.0438734350439016,4.387343504390164,0.0015887359767634,0.1334483725149927,0.2417,0.0,0.2117647058823529,0.0,False,single_elimination,5,True
7,8,Warren Sapp,percent,27.0,0.2117647058823529,0.2347662132099347,23.476621320993477,0.0178626450382804,0.6411224623130751,0.2417,0.0,1.0,0.0,False,single_elimination,5,False
7,9,Brooke Burke,percent,24.5,0.2437810945273631,0.3209634128687814,32.09634128687812,0.0382200407913242,0.7721104034257823,0.3014,0.0,1.0,0.0,False,single_elimination,4,False
7,9,Cody Linley,percent,23.0,0.2288557213930348,0.0692583283939347,6.92583283939347,0.0019790986660434,0.1932294843432911,0.3014,0.0,0.2711442786069651,0.0,False,single_elimination,4,True
7,9,Lance Bass,percent,28.5,0.2835820895522388,0.2920463123574436,29.20463123574435,0.0234348490185176,0.7423816832931799,0.3014,0.0,1.0,0.0,False,single_elimination,4,False
7,9,Warren Sapp,percent,24.5,0.2437810945273631,0.3177319463798408,31.773194637984066,0.0362037416579298,0.761381256873144,0.3014,0.0,1.0,0.0,False,single_elimination,4,False
7,10,Brooke Burke,percent,30.0,0.3529411764705882,0.3358402592398931,33.58402592398942,0.0132807023780137,0.8414608274544597,1.0,0.0,1.0,0.0,False,no_elimination,3,False
7,10,Lance Bass,percent,27.5,0.3235294117647059,0.331100735382191,33.110073538219204,0.0120723347280662,0.8361044525042409,1.0,0.0,1.0,0.0,False,no_elimination,3,False
7,10,Warren Sapp,percent,27.5,0.3235294117647059,0.3330590053779128,33.30590053779139,0.0126334368235089,0.8518470699644265,1.0,0.0,1.0,0.0,False,no_elimination,3,False
8,1,Belinda Carlisle,percent,17.0,0.0699588477366255,0.0779497393444036,7.794973934440372,0.0020588641328106,0.2651422456177032,1.0,0.0,1.0,0.0,False,no_elimination,13,False
8,1,Chuck Wicks,percent,20.0,0.0823045267489712,0.0765033059680421,7.650330596804225,0.0020278641796037,0.2598494105696172,1.0,0.0,1.0,0.0,False,no_elimination,13,False
8,1,David Alan Grier,percent,19.0,0.0781893004115226,0.0756067830242763,7.56067830242764,0.0020997428069317,0.2614195503473344,1.0,0.0,1.0,0.0,False,no_elimination,13,False
8,1,Denise Richards,percent,18.0,0.074074074074074,0.0763729384075475,7.637293840754762,0.0020613310303347,0.2606050103428177,1.0,0.0,1.0,0.0,False,no_elimination,13,False
8,1,Gilles Marini,percent,24.0,0.0987654320987654,0.0778632584230268,7.786325842302692,0.0022615071228151,0.2662678458905244,1.0,0.0,1.0,0.0,False,no_elimination,13,False
8,1,Holly Madison,percent,18.0,0.074074074074074,0.0769038807161718,7.6903880716171935,0.0021399593619489,0.2670624479549023,1.0,0.0,1.0,0.0,False,no_elimination,13,False
8,1,Lawrence Taylor,percent,16.0,0.0658436213991769,0.076190155653063,7.619015565306314,0.0020954389499245,0.2652541324665978,1.0,0.0,1.0,0.0,False,no_elimination,13,False
8,1,Lil' Kim,percent,21.0,0.0864197530864197,0.0779389278274383,7.793892782743842,0.0021402165447546,0.2739065160620231,1.0,0.0,1.0,0.0,False,no_elimination,13,False
8,1,Melissa Rycroft,percent,23.0,0.0946502057613168,0.0760815289071366,7.60815289071367,0.0021782549468016,0.2661647728863743,1.0,0.0,1.0,0.0,False,no_elimination,13,False
8,1,Shawn Johnson,percent,23.0,0.0946502057613168,0.0764623153371894,7.646231533718955,0.0020236740220525,0.2584404876445318,1.0,0.0,1.0,0.0,False,no_elimination,13,False
8,1,Steve Wozniak,percent,13.0,0.0534979423868312,0.0767271767493075,7.672717674930764,0.0022006993407314,0.2683225597525153,1.0,0.0,1.0,0.0,False,no_elimination,13,False
8,1,Steve-O,percent,17.0,0.0699588477366255,0.0775950585505729,7.7595058550572995,0.0022604030677033,0.2719107645727269,1.0,0.0,1.0,0.0,False,no_elimination,13,False
8,1,Ty Murray,percent,14.0,0.0576131687242798,0.0778049310918226,7.780493109182276,0.0021536436288286,0.2720730435211295,1.0,0.0,1.0,0.0,False,no_elimination,13,False
8,2,Belinda Carlisle,percent,18.0,0.0679245283018867,0.0087074837163333,0.8707483716333351,0.0002026859687603,0.0277787139817333,0.1058,0.0,0.085921625544267,0.0,False,single_elimination,13,True
8,2,Chuck Wicks,percent,20.0,0.0754716981132075,0.0803099821341809,8.030998213418089,0.0037430001130441,0.2719840660739208,0.1058,0.0,0.9773584905660376,0.0,False,single_elimination,13,False
8,2,David Alan Grier,percent,17.0,0.0641509433962264,0.0932568339891876,9.325683398918764,0.0111193326390861,0.293233613552548,0.1058,0.0037735849056603,0.981132075471698,0.0,False,single_elimination,13,False
8,2,Denise Richards,percent,21.0,0.0792452830188679,0.0737741624226803,7.377416242268037,0.0030210017337203,0.2507226388491035,0.1058,0.0,0.9773584905660376,0.0,False,single_elimination,13,False
8,2,Gilles Marini,percent,27.0,0.1018867924528302,0.0714614463819294,7.146144638192946,0.0024471526828996,0.2389134733989835,0.1058,0.0,0.9773584905660376,0.0,False,single_elimination,13,False
8,2,Holly Madison,percent,18.0,0.0679245283018867,0.0814038220281663,8.14038220281663,0.00878231251439,0.2459203344023196,0.1058,0.0,0.9773584905660376,0.0,False,single_elimination,13,False
8,2,Lawrence Taylor,percent,20.0,0.0754716981132075,0.0852281423283625,8.522814232836248,0.0053591992300369,0.2766561432808698,0.1058,0.0,0.9773584905660376,0.0,False,single_elimination,13,False
8,2,Lil' Kim,percent,23.0,0.0867924528301886,0.0822339244778614,8.223392447786145,0.0028852598715857,0.2786724102063757,0.1058,0.0,0.9773584905660376,0.0,False,single_elimination,13,False
8,2,Melissa Rycroft,percent,26.0,0.0981132075471698,0.0776039790985357,7.760397909853577,0.0020035735441855,0.2622856237344547,0.1058,0.0,0.9773584905660376,0.0,False,single_elimination,13,False
8,2,Shawn Johnson,percent,24.0,0.090566037735849,0.0782893468859773,7.828934688597728,0.0022371834981924,0.2654042060890205,0.1058,0.0,0.9773584905660376,0.0,False,single_elimination,13,False
8,2,Steve Wozniak,percent,17.0,0.0641509433962264,0.0907350452235446,9.073504522354469,0.0108403248728163,0.2600533797453354,0.1058,0.0037735849056603,0.981132075471698,0.0,False,single_elimination,13,False
8,2,Steve-O,percent,14.0,0.0528301886792452,0.0982327921505407,9.823279215054068,0.0239309822288145,0.2919312423938414,0.1058,0.0150943396226415,0.9924528301886792,0.0,False,single_elimination,13,False
8,2,Ty Murray,percent,20.0,0.0754716981132075,0.0787630391626997,7.876303916269969,0.0036093428554483,0.2516317863418215,0.1058,0.0,0.9773584905660376,0.0,False,single_elimination,13,False
8,3,Chuck Wicks,percent,23.0,0.0905511811023622,0.0837814179124147,8.378141791241465,0.0032250122584147,0.2826282452357853,0.1598,0.0,0.9724409448818898,0.0,False,single_elimination,12,False
8,3,David Alan Grier,percent,24.0,0.0944881889763779,0.0846587217221697,8.465872172216969,0.001846452688698,0.2851442830843149,0.1598,0.0,0.9724409448818898,0.0,False,single_elimination,12,False
8,3,Denise Richards,percent,16.0,0.0629921259842519,0.0142797583846877,1.42797583846877,0.0005687064253608,0.0398230723943555,0.1598,0.0,0.1036745406824146,0.0,False,single_elimination,12,True
8,3,Gilles Marini,percent,27.0,0.1062992125984252,0.0832939991469763,8.329399914697628,0.0023136086023054,0.2708110736829658,0.1598,0.0,0.9724409448818898,0.0,False,single_elimination,12,False
8,3,Holly Madison,percent,17.0,0.0669291338582677,0.0917521815519051,9.175218155190516,0.0074393482233209,0.2900967337479633,0.1598,0.0,0.9724409448818898,0.0,False,single_elimination,12,False
8,3,Lawrence Taylor,percent,20.0,0.0787401574803149,0.0851773752501637,8.517737525016365,0.0034828013681846,0.2790995157317973,0.1598,0.0,0.9724409448818898,0.0,False,single_elimination,12,False
8,3,Lil' Kim,percent,25.0,0.0984251968503937,0.0818538597753684,8.185385977536837,0.0025626091855926,0.2825065372371612,0.1598,0.0,0.9724409448818898,0.0,False,single_elimination,12,False
8,3,Melissa Rycroft,percent,27.0,0.1062992125984252,0.0849035139671541,8.490351396715415,0.0023737740840546,0.2692335757557623,0.1598,0.0,0.9724409448818898,0.0,False,single_elimination,12,False
8,3,Shawn Johnson,percent,27.0,0.1062992125984252,0.0851023555058853,8.510235550588531,0.0026275817215842,0.3024098313647567,0.1598,0.0,0.9724409448818898,0.0,False,single_elimination,12,False
8,3,Steve Wozniak,percent,10.0,0.0393700787401574,0.1200228949403577,12.002289494035766,0.0364942412869691,0.3305263343979236,0.1598,0.0236220472440944,0.9960629921259844,0.0,False,single_elimination,12,False
8,3,Steve-O,percent,15.0,0.0590551181102362,0.1011412448580078,10.114124485800776,0.0148478976689494,0.2988777733958869,0.1598,0.0039370078740157,0.9763779527559056,0.0,False,single_elimination,12,False
8,3,Ty Murray,percent,23.0,0.0905511811023622,0.0840326769849096,8.40326769849096,0.0028776046470621,0.2667070653711695,0.1598,0.0,0.9724409448818898,0.0,False,single_elimination,12,False
8,4,Chuck Wicks,percent,22.0,0.0909090909090909,0.1075067835533444,10.750678355334449,0.0061690738488268,0.3223911210211826,0.1221,0.0,0.9958677685950412,0.0,False,multi_elimination_2,11,False
8,4,David Alan Grier,percent,22.0,0.0909090909090909,0.1062708172621085,10.62708172621086,0.0046885176585546,0.3395455719462594,0.1221,0.0,0.9958677685950412,0.0,False,multi_elimination_2,11,False
8,4,Gilles Marini,percent,30.0,0.1239669421487603,0.1012938893347636,10.12938893347637,0.0028701567258069,0.3411554994932444,0.1221,0.0,0.9958677685950412,0.0,False,multi_elimination_2,11,False
8,4,Holly Madison,percent,16.0,0.0661157024793388,0.0215363338723935,2.153633387239356,0.0008071492345742,0.0571014996514699,0.1221,0.0,0.1289256198347107,0.0,False,multi_elimination_2,11,True
8,4,Lawrence Taylor,percent,19.0,0.0785123966942148,0.1147935403933463,11.479354039334638,0.0103205546767764,0.3410061705812822,0.1221,0.0,0.9958677685950412,0.0,False,multi_elimination_2,11,False
8,4,Lil' Kim,percent,27.0,0.1115702479338843,0.0971527034503069,9.715270345030698,0.0037075224540908,0.3149383793038549,0.1221,0.0,0.9958677685950412,0.0,False,multi_elimination_2,11,False
8,4,Melissa Rycroft,percent,29.0,0.1198347107438016,0.0963572244935375,9.635722449353755,0.0030120361774303,0.3366805955104261,0.1221,0.0,0.9958677685950412,0.0,False,multi_elimination_2,11,False
8,4,Shawn Johnson,percent,25.0,0.1033057851239669,0.0978296306659524,9.782963066595247,0.0035859535481726,0.335857289965768,0.1221,0.0,0.9958677685950412,0.0,False,multi_elimination_2,11,False
8,4,Steve Wozniak,percent,12.0,0.0495867768595041,0.0275487276310307,2.754872763103077,0.0013806387990717,0.0675900025577971,0.1221,0.0,0.143801652892562,0.0,False,multi_elimination_2,11,True
8,4,Steve-O,percent,15.0,0.0619834710743801,0.1308966846147161,13.089668461471614,0.0211976436947176,0.3539713423873422,0.1221,0.0041322314049586,1.0,0.0,False,multi_elimination_2,11,False
8,4,Ty Murray,percent,25.0,0.1033057851239669,0.0988136647284992,9.88136647284993,0.0034060482667819,0.3282254308260791,0.1221,0.0,0.9958677685950412,0.0,False,multi_elimination_2,11,False
8,5,Chuck Wicks,percent,23.0,0.1095238095238095,0.1233249097037458,12.33249097037458,0.010336229670413,0.3771935359671315,0.1261,0.0,0.9666666666666668,0.0,False,single_elimination,9,False
8,5,David Alan Grier,percent,22.0,0.1047619047619047,0.0151457138196358,1.514571381963583,0.0004308213302735,0.0432584547437843,0.1261,0.0,0.1174603174603174,0.0,False,single_elimination,9,True
8,5,Gilles Marini,percent,29.0,0.1380952380952381,0.113758263802454,11.375826380245403,0.002936911092351,0.3680711836655018,0.1261,0.0,0.9666666666666668,0.0,False,single_elimination,9,False
8,5,Lawrence Taylor,percent,20.0,0.0952380952380952,0.1349728425201744,13.497284252017442,0.0226608259321765,0.3794233875065693,0.1261,0.0095238095238095,0.9761904761904762,0.0,False,single_elimination,9,False
8,5,Lil' Kim,percent,26.0,0.1238095238095238,0.1110252144033783,11.102521440337837,0.004355370749686,0.3519419712633911,0.1261,0.0,0.9666666666666668,0.0,False,single_elimination,9,False
8,5,Melissa Rycroft,percent,25.0,0.119047619047619,0.1200818345223053,12.008183452230538,0.0055183820529345,0.362797452622225,0.1261,0.0,0.9666666666666668,0.0,False,single_elimination,9,False
8,5,Shawn Johnson,percent,26.0,0.1238095238095238,0.1099880522017408,10.998805220174084,0.0041074234801378,0.3457739137338222,0.1261,0.0,0.9666666666666668,0.0,False,single_elimination,9,False
8,5,Steve-O,percent,18.0,0.0857142857142857,0.1443836818579376,14.438368185793763,0.0320824011143007,0.4207900268917763,0.1261,0.019047619047619,0.9857142857142858,0.0,False,single_elimination,9,False
8,5,Ty Murray,percent,21.0,0.1,0.1273194871686276,12.73194871686276,0.0161276459676781,0.3994191345444361,0.1261,0.0047619047619047,0.9714285714285714,0.0,False,single_elimination,9,False
8,6,Chuck Wicks,percent,23.0,0.1236559139784946,0.1366282423840711,13.662824238407111,0.0062649335548658,0.4358246593779828,0.3264,0.0,1.0,0.0,False,single_elimination,8,False
8,6,Gilles Marini,percent,26.0,0.1397849462365591,0.1347023754562023,13.470237545620234,0.0050770333856528,0.4284691921612878,0.3264,0.0,1.0,0.0,False,single_elimination,8,False
8,6,Lawrence Taylor,percent,22.0,0.1182795698924731,0.1386062996586603,13.860629965866034,0.0059147174124072,0.4351708602235287,0.3264,0.0,1.0,0.0,False,single_elimination,8,False
8,6,Lil' Kim,percent,28.0,0.1505376344086021,0.1345632934910451,13.456329349104513,0.0039794005414725,0.4179271250953351,0.3264,0.0,1.0,0.0,False,single_elimination,8,False
8,6,Melissa Rycroft,percent,27.0,0.1451612903225806,0.1347954628413757,13.479546284137566,0.0037935971640106,0.4196015603710573,0.3264,0.0,1.0,0.0,False,single_elimination,8,False
8,6,Shawn Johnson,percent,26.0,0.1397849462365591,0.1348919746701773,13.48919746701773,0.0035522737102082,0.4448199235570767,0.3264,0.0,1.0,0.0,False,single_elimination,8,False
8,6,Steve-O,percent,16.0,0.086021505376344,0.0302157970536632,3.02157970536632,0.0013117864385515,0.0776826836814544,0.3264,0.0,0.1639784946236558,0.0,False,single_elimination,8,True
8,6,Ty Murray,percent,18.0,0.0967741935483871,0.155596554444805,15.559655444480502,0.0119087936407599,0.4496907368173949,0.3264,0.0,1.0,0.0,False,single_elimination,8,False
8,7,Chuck Wicks,percent,27.0,0.1483516483516483,0.1605115939754884,16.051159397548854,0.0076055124992244,0.4666781203362757,0.2865,0.0,1.0,0.0,False,single_elimination,7,False
8,7,Gilles Marini,percent,27.0,0.1483516483516483,0.1617440107979852,16.174401079798542,0.0076205752298675,0.4864833016986304,0.2865,0.0,1.0,0.0,False,single_elimination,7,False
8,7,Lawrence Taylor,percent,21.0,0.1153846153846153,0.0304371739342711,3.043717393427116,0.0011453268714499,0.0842490782856598,0.2865,0.0,0.1703296703296703,0.0,False,single_elimination,7,True
8,7,Lil' Kim,percent,26.0,0.1428571428571428,0.1604403862707688,16.044038627076894,0.0092849025431261,0.4696855477283501,0.2865,0.0,1.0,0.0,False,single_elimination,7,False
8,7,Melissa Rycroft,percent,29.0,0.1593406593406593,0.1597038236200376,15.970382362003775,0.0070040515402803,0.4782237212078916,0.2865,0.0,1.0,0.0,False,single_elimination,7,False
8,7,Shawn Johnson,percent,28.0,0.1538461538461538,0.1588792606292463,15.887926062924643,0.0070714679005579,0.4831921733246392,0.2865,0.0,1.0,0.0,False,single_elimination,7,False
8,7,Ty Murray,percent,24.0,0.1318681318681318,0.1682837507722016,16.82837507722018,0.0138204161423513,0.4919083594069424,0.2865,0.0,1.0,0.0,False,single_elimination,7,False
8,8,Chuck Wicks,percent,25.5,0.1634615384615384,0.0286056869553259,2.8605686955325966,0.0009779593893507,0.0886098275870053,0.179,0.0,0.1698717948717948,0.0,False,single_elimination,6,True
8,8,Gilles Marini,percent,27.5,0.1762820512820513,0.184423633330244,18.4423633330244,0.0140131043397509,0.5313418895614456,0.179,0.0,0.983974358974359,0.0,False,single_elimination,6,False
8,8,Lil' Kim,percent,28.0,0.1794871794871795,0.1825331185393787,18.25331185393786,0.0107662411120788,0.5178590631258106,0.179,0.0,0.983974358974359,0.0,False,single_elimination,6,False
8,8,Melissa Rycroft,percent,23.0,0.1474358974358974,0.2161516608131395,21.615166081313944,0.0363150897593601,0.5797051652635485,0.179,0.016025641025641,1.0,0.0,False,single_elimination,6,False
8,8,Shawn Johnson,percent,26.0,0.1666666666666666,0.1928359166805975,19.283591668059746,0.0211986114557964,0.5417248495912593,0.179,0.0,0.983974358974359,0.0,False,single_elimination,6,False
8,8,Ty Murray,percent,26.0,0.1666666666666666,0.1954499836813147,19.54499836813146,0.0190300989360097,0.551242521633808,0.179,0.0,0.983974358974359,0.0,False,single_elimination,6,False
8,9,Gilles Marini,percent,28.0,0.2097378277153558,0.2342280910534084,23.42280910534082,0.0198374976340528,0.6301746544890385,0.2151,0.0,0.9775280898876404,0.0,False,single_elimination,5,False
8,9,Lil' Kim,percent,26.0,0.1947565543071161,0.041672097180159,4.167209718015902,0.0011882889018007,0.1282776558982788,0.2151,0.0,0.2052434456928839,0.0,False,single_elimination,5,True
8,9,Melissa Rycroft,percent,28.5,0.2134831460674157,0.2261447849880757,22.61447849880756,0.0195368872910917,0.5872345702763822,0.2151,0.0,0.9775280898876404,0.0,False,single_elimination,5,False
8,9,Shawn Johnson,percent,28.0,0.2097378277153558,0.2299380708213254,22.993807082132527,0.0190823514459945,0.6292527017275906,0.2151,0.0,0.9775280898876404,0.0,False,single_elimination,5,False
8,9,Ty Murray,percent,23.0,0.1722846441947565,0.2680169559570322,26.801695595703197,0.0534744407976172,0.6535612492311582,0.2151,0.0224719101123595,1.0,0.0,False,single_elimination,5,False
8,10,Gilles Marini,percent,30.0,0.273972602739726,0.2954621222963384,29.546212229633813,0.0190268616575577,0.7631425629244984,0.3457,0.0,1.0,0.0,False,single_elimination,4,False
8,10,Melissa Rycroft,percent,27.5,0.2511415525114155,0.3129803965339405,31.298039653394028,0.0287552747584825,0.7550474202651449,0.3457,0.0,1.0,0.0,False,single_elimination,4,False
8,10,Shawn Johnson,percent,28.0,0.2557077625570776,0.3189699848242305,31.89699848242303,0.0331296880151533,0.791237153485359,0.3457,0.0,1.0,0.0,False,single_elimination,4,False
8,10,Ty Murray,percent,24.0,0.2191780821917808,0.0725874963454913,7.258749634549131,0.0028404545021117,0.2025841610612945,0.3457,0.0,0.2808219178082192,0.0,False,single_elimination,4,True
8,11,Gilles Marini,percent,29.0,0.3314285714285714,0.330812796864231,33.08127968642305,0.011966448805449,0.8331364511891882,1.0,0.0,1.0,0.0,False,no_elimination,3,False
8,11,Melissa Rycroft,percent,28.5,0.3257142857142857,0.3369175094564782,33.691750945647776,0.0129415526525693,0.8434085101683472,1.0,0.0,1.0,0.0,False,no_elimination,3,False
8,11,Shawn Johnson,percent,30.0,0.3428571428571428,0.332269693679292,33.22696936792916,0.0118292873983313,0.8362907897136941,1.0,0.0,1.0,0.0,False,no_elimination,3,False
9,1,Aaron Carter,percent,31.9999,0.078817798296742,0.0605969910141637,6.059699101416378,0.0023253205697113,0.2204626320670024,0.0501,0.0,1.0,0.0,False,multi_elimination_2,16,False
9,1,Ashley Hamiliton,percent,18.9999,0.0467979676767199,0.0101167181592435,1.011671815924354,0.0003236038712575,0.0296803168305515,0.0501,0.0,0.083415501144832,0.0,False,multi_elimination_2,16,True
9,1,Chuck Liddell,percent,22.0,0.0541874056646528,0.0725296870305725,7.252968703057254,0.0045280107998016,0.212777358809429,0.0501,0.0,1.0,0.0,False,multi_elimination_2,16,False
9,1,Debi Mazar,percent,22.0,0.0541874056646528,0.0731683058404567,7.316830584045678,0.0055824611029653,0.2316659994975283,0.0501,0.0,1.0,0.0,False,multi_elimination_2,16,False
9,1,Donny Osmond,percent,29.9999,0.0738916705090463,0.0636456370712049,6.364563707120488,0.0015451610533313,0.2413254391752501,0.0501,0.0,1.0,0.0,False,multi_elimination_2,16,False
9,1,Joanna Krupa,percent,33.9999,0.0837439260844377,0.0694787524934337,6.947875249343376,0.0021412218967283,0.2302898970146818,0.0501,0.0,1.0,0.0,False,multi_elimination_2,16,False
9,1,Kathy Ireland,percent,19.9999,0.0492610315705677,0.077980354030475,7.798035403047505,0.0103103204942188,0.2262492666542317,0.0501,0.0,1.0,0.0,False,multi_elimination_2,16,False
9,1,Kelly Osbourne,percent,30.9998,0.0763544880965048,0.0654350573043318,6.543505730433183,0.0021942370041463,0.2428380485675901,0.0501,0.0,1.0,0.0,False,multi_elimination_2,16,False
9,1,Louie Vito,percent,26.9998,0.0665022325211133,0.0650350232093053,6.50350232093053,0.0030991327218067,0.194034135599654,0.0501,0.0,1.0,0.0,False,multi_elimination_2,16,False
9,1,Macy Gray,percent,18.9999,0.0467979676767199,0.0106325179803581,1.0632517980358147,0.000269525201947,0.0299402946543808,0.0501,0.0,0.083415501144832,0.0,False,multi_elimination_2,16,True
9,1,Mark Dacascos,percent,28.9998,0.0714283603088091,0.0665823620022107,6.658236200221077,0.0013519014219901,0.2251862089790592,0.0501,0.0,1.0,0.0,False,multi_elimination_2,16,False
9,1,Melissa Joan Hart,percent,24.0,0.0591135334523485,0.0726578156916357,7.2657815691635745,0.0035715502730638,0.2258322188209944,0.0501,0.0,1.0,0.0,False,multi_elimination_2,16,False
9,1,Michael Irvin,percent,19.0,0.0467982139831092,0.0791223324257057,7.912233242570577,0.010786476571618,0.2368060531791331,0.0501,0.0,1.0,0.0,False,multi_elimination_2,16,False
9,1,Mya,percent,30.9999,0.0763547344028942,0.0588745783518201,5.887457835182012,0.0023186933808736,0.21083131395929,0.0501,0.0,1.0,0.0,False,multi_elimination_2,16,False
9,1,Natalie Coughlin,percent,26.9998,0.0665022325211133,0.0695907034585962,6.959070345859628,0.0026319584666798,0.2238504512851564,0.0501,0.0,1.0,0.0,False,multi_elimination_2,16,False
9,1,Tom DeLay,percent,19.9999,0.0492610315705677,0.0845531639364858,8.455316393648578,0.0118830990858058,0.2576849821767865,0.0501,0.0,1.0,0.0,False,multi_elimination_2,16,False
9,2,Aaron Carter,percent,27.0,0.0918367346938775,0.0719913890514465,7.199138905144655,0.0016712081086683,0.2514172369786802,0.1536,0.0,1.0,0.0,False,single_elimination,14,False
9,2,Chuck Liddell,percent,19.0,0.064625850340136,0.081798385055675,8.179838505567501,0.0054892584894144,0.2737905645161926,0.1536,0.0,1.0,0.0,False,single_elimination,14,False
9,2,Debi Mazar,percent,21.0,0.0714285714285714,0.0786177899077232,7.861778990772325,0.0028736274117602,0.2599859598992655,0.1536,0.0,1.0,0.0,False,single_elimination,14,False
9,2,Donny Osmond,percent,25.0,0.0850340136054421,0.0702403593830376,7.024035938303765,0.0018806608314594,0.2463312370794471,0.1536,0.0,1.0,0.0,False,single_elimination,14,False
9,2,Joanna Krupa,percent,20.0,0.0680272108843537,0.0760210828972243,7.602108289722438,0.0035972035170788,0.2516442599133043,0.1536,0.0,1.0,0.0,False,single_elimination,14,False
9,2,Kathy Ireland,percent,18.0,0.0612244897959183,0.0083553104700135,0.8355310470013579,0.0003322585570459,0.025143073362961,0.1536,0.0,0.0816326530612244,0.0,False,single_elimination,14,True
9,2,Kelly Osbourne,percent,19.0,0.064625850340136,0.0771720023735075,7.717200237350752,0.0044110258948833,0.2528575559830611,0.1536,0.0,1.0,0.0,False,single_elimination,14,False
9,2,Louie Vito,percent,19.0,0.064625850340136,0.0788535703491414,7.885357034914141,0.0045078664715826,0.2608409789790673,0.1536,0.0,1.0,0.0,False,single_elimination,14,False
9,2,Mark Dacascos,percent,21.0,0.0714285714285714,0.0739975586162007,7.399755861620079,0.0022975127118564,0.2479141376086457,0.1536,0.0,1.0,0.0,False,single_elimination,14,False
9,2,Melissa Joan Hart,percent,19.0,0.064625850340136,0.0784598100814989,7.845981008149893,0.0044886975282344,0.2563977118750699,0.1536,0.0,1.0,0.0,False,single_elimination,14,False
9,2,Michael Irvin,percent,20.0,0.0680272108843537,0.0761180869909722,7.611808699097219,0.0038501287192755,0.2533111471939232,0.1536,0.0,1.0,0.0,False,single_elimination,14,False
9,2,Mya,percent,27.0,0.0918367346938775,0.0718300251217518,7.1830025121751895,0.0018536087931668,0.2530896240047996,0.1536,0.0,1.0,0.0,False,single_elimination,14,False
9,2,Natalie Coughlin,percent,21.0,0.0714285714285714,0.0746161997829514,7.461619978295142,0.002549995924017,0.2363448157032907,0.1536,0.0,1.0,0.0,False,single_elimination,14,False
9,2,Tom DeLay,percent,18.0,0.0612244897959183,0.0819284299188554,8.192842991885545,0.0082184778583055,0.2652500405447506,0.1536,-0.0,1.0,0.0,False,single_elimination,14,False
9,3,Aaron Carter,percent,21.0,0.0813953488372093,0.0755268286180251,7.552682861802521,0.0024401014243196,0.2551945679543266,0.1253,0.0,0.9806201550387597,0.0,False,single_elimination,13,False
9,3,Chuck Liddell,percent,17.0,0.065891472868217,0.0867102880036297,8.671028800362974,0.0084352452325226,0.2737615118284957,0.1253,-0.0,0.9806201550387597,0.0,False,single_elimination,13,False
9,3,Debi Mazar,percent,17.0,0.065891472868217,0.0097132563298932,0.9713256329893232,0.0003704375247531,0.0280317961267956,0.1253,0.0,0.0879546809779368,0.0,False,single_elimination,13,True
9,3,Donny Osmond,percent,21.0,0.0813953488372093,0.0755756763280097,7.557567632800975,0.0024107374027269,0.249383970529509,0.1253,0.0,0.9806201550387597,0.0,False,single_elimination,13,False
9,3,Joanna Krupa,percent,23.0,0.0891472868217054,0.0796269754715329,7.962697547153294,0.0023736174970013,0.2768205316542585,0.1253,0.0,0.9806201550387597,0.0,False,single_elimination,13,False
9,3,Kelly Osbourne,percent,20.0,0.0775193798449612,0.0799427879952856,7.994278799528563,0.0029932414617529,0.2850067189822609,0.1253,0.0,0.9806201550387597,0.0,False,single_elimination,13,False
9,3,Louie Vito,percent,20.0,0.0775193798449612,0.0805185687898221,8.05185687898221,0.0030652087896684,0.2774430461654467,0.1253,0.0,0.9806201550387597,0.0,False,single_elimination,13,False
9,3,Mark Dacascos,percent,18.0,0.0697674418604651,0.0834561331904916,8.345613319049162,0.0060570821741164,0.2663414305299404,0.1253,0.0,0.9806201550387597,0.0,False,single_elimination,13,False
9,3,Melissa Joan Hart,percent,19.0,0.0736434108527131,0.083950771150668,8.395077115066801,0.0041333359405052,0.2944811638214824,0.1253,0.0,0.9806201550387597,0.0,False,single_elimination,13,False
9,3,Michael Irvin,percent,14.0,0.0542635658914728,0.0952898200306515,9.52898200306516,0.0195645506575392,0.2820564061737323,0.1253,0.0116279069767441,0.992248062015504,0.0,False,single_elimination,13,False
9,3,Mya,percent,27.0,0.1046511627906976,0.0793320983374962,7.9332098337496255,0.0026438711469648,0.2651626351746177,0.1253,0.0,0.9806201550387597,0.0,False,single_elimination,13,False
9,3,Natalie Coughlin,percent,26.0,0.1007751937984496,0.0748085932709561,7.480859327095614,0.0018543671811918,0.2759925134065433,0.1253,0.0,0.9806201550387597,0.0,False,single_elimination,13,False
9,3,Tom DeLay,percent,15.0,0.0581395348837209,0.0955482024835379,9.554820248353794,0.0163948853373366,0.2744353520803854,0.1253,0.0077519379844961,0.9883720930232558,0.0,False,single_elimination,13,False
9,4,Aaron Carter,percent,18.0,0.0743801652892562,0.1034396390640815,10.343963906408158,0.0092049955739015,0.3328394563957119,0.2049,0.0,0.9917355371900828,0.0,False,single_elimination,11,False
9,4,Chuck Liddell,percent,17.0,0.0702479338842975,0.015747501760561,1.5747501760561045,0.000544303901582,0.0443723903478388,0.2049,0.0,0.1115702479338842,0.0,False,single_elimination,11,True
9,4,Donny Osmond,percent,24.0,0.0991735537190082,0.0924289105109935,9.24289105109935,0.0027430633822755,0.3211349287761369,0.2049,0.0,0.9917355371900828,0.0,False,single_elimination,11,False
9,4,Joanna Krupa,percent,26.0,0.1074380165289256,0.0949230307928861,9.492303079288618,0.0033122057410234,0.3212239806467543,0.2049,0.0,0.9917355371900828,0.0,False,single_elimination,11,False
9,4,Kelly Osbourne,percent,23.0,0.0950413223140495,0.0929121235238195,9.291212352381958,0.0027923083132533,0.2910844262118263,0.2049,0.0,0.9917355371900828,0.0,False,single_elimination,11,False
9,4,Louie Vito,percent,16.0,0.0661157024793388,0.1118226302307258,11.18226302307259,0.0163503508021889,0.3365712327927059,0.2049,0.0041322314049586,0.9958677685950412,0.0,False,single_elimination,11,False
9,4,Mark Dacascos,percent,22.0,0.0909090909090909,0.0936971100670235,9.36971100670236,0.003809298110213,0.3030143645792945,0.2049,0.0,0.9917355371900828,0.0,False,single_elimination,11,False
9,4,Melissa Joan Hart,percent,28.0,0.1157024793388429,0.0935766636470167,9.35766636470168,0.0029048756416361,0.3155627747411225,0.2049,0.0,0.9917355371900828,0.0,False,single_elimination,11,False
9,4,Michael Irvin,percent,16.0,0.0661157024793388,0.1119172752572041,11.19172752572042,0.0146659893045748,0.3278172886159634,0.2049,0.0041322314049586,0.9958677685950412,0.0,False,single_elimination,11,False
9,4,Mya,percent,28.0,0.1157024793388429,0.0930504247696642,9.305042476966428,0.0025011409546379,0.3101659134386431,0.2049,0.0,0.9917355371900828,0.0,False,single_elimination,11,False
9,4,Natalie Coughlin,percent,24.0,0.0991735537190082,0.0964846903760231,9.648469037602316,0.002482175958206,0.3064954348387402,0.2049,0.0,0.9917355371900828,0.0,False,single_elimination,11,False
9,5,Aaron Carter,percent,24.0,0.0991735537190082,0.1080676030865886,10.806760308658868,0.0047467337171757,0.3331675950049501,0.1545,0.0,0.9958677685950412,0.0,False,single_elimination,10,False
9,5,Donny Osmond,percent,29.0,0.1198347107438016,0.1059941007060619,10.5994100706062,0.0034055115267951,0.3574193810579033,0.1545,0.0,0.9958677685950412,0.0,False,single_elimination,10,False
9,5,Joanna Krupa,percent,24.0,0.0991735537190082,0.1114028592828582,11.140285928285827,0.0055169813422408,0.3635158023013775,0.1545,0.0,0.9958677685950412,0.0,False,single_elimination,10,False
9,5,Kelly Osbourne,percent,24.0,0.0991735537190082,0.1082797829190906,10.827978291909066,0.0056499481423355,0.3596653113031718,0.1545,0.0,0.9958677685950412,0.0,False,single_elimination,10,False
9,5,Louie Vito,percent,22.0,0.0909090909090909,0.1156500000061964,11.565000000619651,0.0117907836279933,0.3313785635993545,0.1545,-0.0,0.9958677685950412,0.0,False,single_elimination,10,False
9,5,Mark Dacascos,percent,26.0,0.1074380165289256,0.1057899213599354,10.578992135993545,0.004882102834508,0.3572721124753261,0.1545,0.0,0.9958677685950412,0.0,False,single_elimination,10,False
9,5,Melissa Joan Hart,percent,23.0,0.0950413223140495,0.1076161400019507,10.761614000195076,0.0071960425238384,0.3332008652134433,0.1545,0.0,0.9958677685950412,0.0,False,single_elimination,10,False
9,5,Michael Irvin,percent,21.0,0.0867768595041322,0.1212558089926161,12.125580899261626,0.0144886460947786,0.3557141973570878,0.1545,0.0041322314049586,1.0,0.0,False,single_elimination,10,False
9,5,Mya,percent,27.0,0.1115702479338843,0.1030993933866477,10.309939338664776,0.0037728980151187,0.3532456865846167,0.1545,0.0,0.9958677685950412,0.0,False,single_elimination,10,False
9,5,Natalie Coughlin,percent,22.0,0.0909090909090909,0.0128443902580536,1.284439025805366,0.0006765803730378,0.0377369842339855,0.1545,0.0,0.109090909090909,0.0,False,single_elimination,10,True
9,6,Aaron Carter,percent,32.9998,0.1269227470402782,0.1334152556792293,13.341525567922938,0.007421220262416,0.4048839804772475,0.0723,0.0,0.9923068964469492,0.0,False,multi_elimination_2,9,False
9,6,Donny Osmond,percent,30.9999,0.1192307973373754,0.1347648839666729,13.476488396667296,0.0079502879499139,0.4199738538377698,0.0723,0.0,0.9923068964469492,0.0,False,multi_elimination_2,9,False
9,6,Joanna Krupa,percent,35.9999,0.1384616331364223,0.1320831026110682,13.208310261106822,0.0056600366176101,0.4164742277239663,0.0723,0.0,0.9923068964469492,0.0,False,multi_elimination_2,9,False
9,6,Kelly Osbourne,percent,24.9998,0.096153409761803,0.1482213766024127,14.822137660241273,0.0247291088983502,0.4170483638100292,0.0723,0.0,0.9923068964469492,0.0,False,multi_elimination_2,9,False
9,6,Louie Vito,percent,24.0,0.0923080118354255,0.0255625858816778,2.55625858816779,0.0008742649389944,0.0673672123372247,0.0723,0.0,0.1461535347622357,0.0,False,multi_elimination_2,9,True
9,6,Mark Dacascos,percent,32.0,0.1230773491139007,0.129366650572063,12.936665057206309,0.0071161030021684,0.423583177922942,0.0723,0.0,0.9923068964469492,0.0,False,multi_elimination_2,9,False
9,6,Melissa Joan Hart,percent,23.9999,0.0923076272187096,0.0248385087132405,2.483850871324057,0.0006799253373776,0.0645727447436844,0.0723,0.0,0.1461538713018622,0.0,False,multi_elimination_2,9,True
9,6,Michael Irvin,percent,21.9998,0.0846149082823748,0.1503259087042957,15.032590870429576,0.033262546925693,0.4073636829414668,0.0723,0.0076931035530507,1.0,0.0,False,multi_elimination_2,9,False
9,6,Mya,percent,33.0,0.1269235162737101,0.1214217272693393,12.142172726933945,0.0042247341057859,0.3812224765532641,0.0723,0.0,0.9923068964469492,0.0,False,multi_elimination_2,9,False
9,7,Aaron Carter,percent,26.5,0.150997150997151,0.1818903309494917,18.189033094949178,0.0173173454686393,0.5217799464997962,0.0856,0.0,1.0,0.0,False,multi_elimination_2,7,False
9,7,Donny Osmond,percent,26.0,0.1481481481481481,0.1904416412457794,19.044164124577943,0.0204030453523609,0.5205493774256351,0.0856,0.0,1.0,0.0,False,multi_elimination_2,7,False
9,7,Joanna Krupa,percent,27.5,0.1566951566951566,0.1719636650856251,17.196366508562516,0.0177347723876929,0.5013874525943116,0.0856,0.0,1.0,0.0,False,multi_elimination_2,7,False
9,7,Kelly Osbourne,percent,26.0,0.1481481481481481,0.1852718824074828,18.52718824074828,0.0192231066249169,0.4916485438521865,0.0856,0.0,1.0,0.0,False,multi_elimination_2,7,False
9,7,Mark Dacascos,percent,21.5,0.1225071225071225,0.0390685807655499,3.9068580765549967,0.0011998172857999,0.1005702357362153,0.0856,0.0,0.1885090218423551,0.0,False,multi_elimination_2,7,True
9,7,Michael Irvin,percent,23.5,0.1339031339031339,0.0328666229527936,3.2866622952793607,0.0011442216636377,0.0948030102441433,0.0856,0.0,0.1790123456790123,0.0,False,multi_elimination_2,7,True
9,7,Mya,percent,24.5,0.1396011396011396,0.1984972765932771,19.84972765932772,0.03351140028809,0.50453216891897,0.0856,0.0,1.0,0.0,False,multi_elimination_2,7,False
9,8,Aaron Carter,percent,25.0,0.1908396946564885,0.0414162855406441,4.141628554064422,0.0015464716481781,0.1191847478925968,0.2348,0.0,0.2091603053435114,0.0,False,single_elimination,5,True
9,8,Donny Osmond,percent,25.0,0.1908396946564885,0.252314854588835,25.23148545888352,0.0319882759256236,0.673857705865474,0.2348,-0.0,1.0,0.0,False,single_elimination,5,False
9,8,Joanna Krupa,percent,26.0,0.1984732824427481,0.2410866960112953,24.10866960112955,0.0218734329430859,0.6218686922209791,0.2348,0.0,1.0,0.0,False,single_elimination,5,False
9,8,Kelly Osbourne,percent,25.5,0.1946564885496183,0.2472035878134633,24.720358781346345,0.0294227236522327,0.6340671525578548,0.2348,0.0,1.0,0.0,False,single_elimination,5,False
9,8,Mya,percent,29.5,0.2251908396946564,0.2179785760457615,21.79785760457617,0.0120813494488058,0.6015737398125128,0.2348,0.0,1.0,0.0,False,single_elimination,5,False
9,9,Donny Osmond,percent,24.666600000000003,0.2312501699224591,0.3335253796294947,33.352537962949505,0.0741102743021305,0.7519718610591094,0.2416,0.0218757001977193,0.9906230927668814,0.0,False,single_elimination,4,False
9,9,Joanna Krupa,percent,27.0,0.2531258701201785,0.0624354945268531,6.243549452685321,0.0019635230096159,0.174679280591632,0.2416,0.0,0.2468741298798214,0.0,False,single_elimination,4,True
9,9,Kelly Osbourne,percent,25.9998,0.2437489628870599,0.3146734221789853,31.46734221789856,0.0523737056782669,0.7169295882179948,0.2416,0.0093769072331185,0.9781242998022806,0.0,False,single_elimination,4,False
9,9,Mya,percent,28.9999,0.2718749970703024,0.2893657036646659,28.93657036646662,0.0311759940359044,0.7134988567227994,0.2416,0.0,0.968747392569162,0.0,False,single_elimination,4,False
9,10,Donny Osmond,percent,28.9998,0.3512776905634048,0.332823369011081,33.28233690110813,0.0115656232533149,0.8408705669427434,1.0,0.0,1.0,0.0,False,no_elimination,3,False
9,10,Kelly Osbourne,percent,25.2222,0.305519216233502,0.3317274445184636,33.172744451846384,0.0125207094279734,0.8421217117824354,1.0,0.0,1.0,0.0,False,no_elimination,3,False
9,10,Mya,percent,28.3332,0.3432030932030932,0.3354491864704544,33.54491864704548,0.0129017962409786,0.8537341797694316,1.0,0.0,1.0,0.0,False,no_elimination,3,False
10,1,Aiden Turner,percent,15.0,0.0717703349282296,0.0898361112828895,8.98361112828896,0.0024864945603365,0.3056294532354041,1.0,0.0,1.0,0.0,False,no_elimination,11,False
10,1,Buzz Aldrin,percent,14.0,0.0669856459330143,0.0906712060913957,9.067120609139575,0.0023799217975145,0.3133671090068016,1.0,0.0,1.0,0.0,False,no_elimination,11,False
10,1,Chad Ochocinco,percent,18.0,0.0861244019138756,0.090832957264754,9.083295726475413,0.0025450901404977,0.311794212569861,1.0,0.0,1.0,0.0,False,no_elimination,11,False
10,1,Erin Andrews,percent,21.0,0.1004784688995215,0.0904351600664066,9.043516006640663,0.0028904938891347,0.309135878946271,1.0,0.0,1.0,0.0,False,no_elimination,11,False
10,1,Evan Lysacek,percent,23.0,0.1100478468899521,0.0908158265062334,9.08158265062335,0.0026427404500345,0.3095189832566753,1.0,0.0,1.0,0.0,False,no_elimination,11,False
10,1,Jake Pavelka,percent,20.0,0.0956937799043062,0.0919080163642916,9.190801636429171,0.002484633660225,0.3072769348191254,1.0,0.0,1.0,0.0,False,no_elimination,11,False
10,1,Kate Gosselin,percent,16.0,0.0765550239234449,0.0909643564694208,9.09643564694209,0.0026578515017629,0.3025458526424155,1.0,0.0,1.0,0.0,False,no_elimination,11,False
10,1,Nicole Scherzinger,percent,25.0,0.1196172248803827,0.0918812085633866,9.188120856338667,0.0024327736706234,0.3142516237718183,1.0,0.0,1.0,0.0,False,no_elimination,11,False
10,1,Niecy Nash,percent,18.0,0.0861244019138756,0.091065284162401,9.106528416240112,0.0029126061118904,0.3142505161076984,1.0,0.0,1.0,0.0,False,no_elimination,11,False
10,1,Pamela Anderson,percent,21.0,0.1004784688995215,0.0908788455978646,9.087884559786472,0.0024036892381484,0.3076958799968654,1.0,0.0,1.0,0.0,False,no_elimination,11,False
10,1,Shannen Doherty,percent,18.0,0.0861244019138756,0.0907110276309552,9.071102763095528,0.0022235401792401,0.3099791371752998,1.0,0.0,1.0,0.0,False,no_elimination,11,False
10,2,Aiden Turner,percent,19.0,0.0863636363636363,0.0959254075215383,9.592540752153832,0.0131168318232203,0.2747015817222218,0.06,0.0045454545454545,0.9227272727272728,0.0,False,single_elimination,11,False
10,2,Buzz Aldrin,percent,12.0,0.0545454545454545,0.1337424839678246,13.374248396782464,0.0445646990214218,0.3459338145715251,0.06,0.0363636363636363,0.9545454545454546,0.0,False,single_elimination,11,False
10,2,Chad Ochocinco,percent,16.0,0.0727272727272727,0.1168223511300632,11.682235113006325,0.0269839733241862,0.3369708152237719,0.06,0.0181818181818181,0.9363636363636364,0.0,False,single_elimination,11,False
10,2,Erin Andrews,percent,23.0,0.1045454545454545,0.0827603305030388,8.276033050303882,0.0030167903881347,0.2613833443819484,0.06,0.0,0.9181818181818182,0.0,False,single_elimination,11,False
10,2,Evan Lysacek,percent,24.0,0.109090909090909,0.0817797195383539,8.177971953835396,0.0030789646701875,0.2474737618529985,0.06,0.0,0.9181818181818182,0.0,False,single_elimination,11,False
10,2,Jake Pavelka,percent,20.0,0.0909090909090909,0.0987335673691497,9.873356736914978,0.0088247439049957,0.2860800984514958,0.06,0.0,0.9181818181818182,0.0,False,single_elimination,11,False
10,2,Kate Gosselin,percent,15.0,0.0681818181818181,0.1186328294534188,11.863282945341886,0.0330886440184767,0.3088208504874287,0.06,0.0227272727272727,0.9409090909090908,0.0,False,single_elimination,11,False
10,2,Nicole Scherzinger,percent,28.0,0.1272727272727272,0.0852980686172254,8.529806861722543,0.0037821746761776,0.2583176356524614,0.06,0.0,0.9181818181818182,0.0,False,single_elimination,11,False
10,2,Niecy Nash,percent,21.0,0.0954545454545454,0.0893435284258625,8.934352842586254,0.0061632937722359,0.2828682923106275,0.06,0.0,0.9181818181818182,0.0,False,single_elimination,11,False
10,2,Pamela Anderson,percent,22.0,0.1,0.0871622263929505,8.716222639295053,0.003562966647416,0.278774626925714,0.06,0.0,0.9181818181818182,0.0,False,single_elimination,11,False
10,2,Shannen Doherty,percent,20.0,0.0909090909090909,0.0097994870805738,0.979948708057384,0.0002355645796425,0.0295451667652215,0.06,0.0,0.0909090909090909,0.0,False,single_elimination,11,True
10,3,Aiden Turner,percent,20.0,0.0985221674876847,0.1066905047930363,10.669050479303628,0.0032658724872066,0.3434870464849244,0.3378,0.0,1.0,0.0,False,single_elimination,10,False
10,3,Buzz Aldrin,percent,13.0,0.064039408866995,0.0233930881540652,2.339308815406524,0.0009136606796552,0.0589360773272001,0.3378,0.0,0.1359605911330049,0.0,False,single_elimination,10,True
10,3,Chad Ochocinco,percent,20.0,0.0985221674876847,0.1087086369076952,10.870863690769522,0.0035757270812518,0.3514033466816389,0.3378,0.0,1.0,0.0,False,single_elimination,10,False
10,3,Erin Andrews,percent,23.0,0.1133004926108374,0.1043264249818395,10.43264249818395,0.0032213221457219,0.3421960471918195,0.3378,0.0,1.0,0.0,False,single_elimination,10,False
10,3,Evan Lysacek,percent,26.0,0.1280788177339901,0.1074677510221916,10.74677510221916,0.002894117931556,0.3485924812229402,0.3378,0.0,1.0,0.0,False,single_elimination,10,False
10,3,Jake Pavelka,percent,21.0,0.1034482758620689,0.1085716939144824,10.857169391448243,0.0032203980350287,0.3671370799743595,0.3378,0.0,1.0,0.0,False,single_elimination,10,False
10,3,Kate Gosselin,percent,15.0,0.0738916256157635,0.1189737490512779,11.897374905127792,0.0079999742701642,0.372264704848104,0.3378,0.0,1.0,0.0,False,single_elimination,10,False
10,3,Nicole Scherzinger,percent,23.0,0.1133004926108374,0.1067686654676741,10.67686654676741,0.0029402952167448,0.3684766193960278,0.3378,0.0,1.0,0.0,False,single_elimination,10,False
10,3,Niecy Nash,percent,21.0,0.1034482758620689,0.106709036434045,10.670903643404504,0.0032868148427537,0.3569048658806434,0.3378,0.0,1.0,0.0,False,single_elimination,10,False
10,3,Pamela Anderson,percent,21.0,0.1034482758620689,0.1083904492736927,10.839044927369269,0.0032521473606784,0.3617393753401903,0.3378,0.0,1.0,0.0,False,single_elimination,10,False
10,4,Aiden Turner,percent,16.5,0.0889487870619946,0.0202585913248704,2.0258591324870405,0.0006992760080113,0.0584072389157042,0.2198,0.0,0.1332734351602276,0.0,False,single_elimination,9,True
10,4,Chad Ochocinco,percent,22.0,0.1185983827493261,0.1167789627602854,11.677896276028545,0.0045987034803495,0.3742418327594806,0.2198,0.0,0.9973045822102428,0.0,False,single_elimination,9,False
10,4,Erin Andrews,percent,19.5,0.105121293800539,0.1264800957362716,12.648009573627164,0.0051518789721768,0.4015285290412314,0.2198,0.0,0.9973045822102428,0.0,False,single_elimination,9,False
10,4,Evan Lysacek,percent,26.0,0.1401617250673854,0.1165876623467143,11.65876623467143,0.0037322272454241,0.3848110257622987,0.2198,0.0,0.9973045822102428,0.0,False,single_elimination,9,False
10,4,Jake Pavelka,percent,19.0,0.1024258760107816,0.1259149834846776,12.59149834846776,0.0071537060745779,0.3883478561389576,0.2198,0.0,0.9973045822102428,0.0,False,single_elimination,9,False
10,4,Kate Gosselin,percent,16.0,0.0862533692722372,0.1372369132980847,13.723691329808476,0.0186072385935368,0.387953493913319,0.2198,0.0026954177897574,1.0,0.0,False,single_elimination,9,False
10,4,Nicole Scherzinger,percent,25.0,0.1347708894878706,0.1121623486205279,11.216234862052794,0.0034628331765591,0.3796400741862535,0.2198,0.0,0.9973045822102428,0.0,False,single_elimination,9,False
10,4,Niecy Nash,percent,18.0,0.0970350404312668,0.1287731338524129,12.877313385241296,0.0096200445609529,0.3916244616847189,0.2198,0.0,0.9973045822102428,0.0,False,single_elimination,9,False
10,4,Pamela Anderson,percent,23.5,0.1266846361185983,0.115807308576155,11.5807308576155,0.0036370587032574,0.3792131995207592,0.2198,0.0,0.9973045822102428,0.0,False,single_elimination,9,False
10,5,Chad Ochocinco,percent,18.0,0.1040462427745664,0.1452857166228892,14.52857166228893,0.0085388040039001,0.4282062747251757,0.322,0.0,1.0,0.0,False,single_elimination,8,False
10,5,Erin Andrews,percent,22.0,0.1271676300578034,0.1397253764838538,13.97253764838539,0.0070148171416307,0.4491967683288909,0.322,0.0,1.0,0.0,False,single_elimination,8,False
10,5,Evan Lysacek,percent,27.0,0.1560693641618497,0.1350581165318732,13.505811653187328,0.0039954956392161,0.4422145996197075,0.322,0.0,1.0,0.0,False,single_elimination,8,False
10,5,Jake Pavelka,percent,23.0,0.1329479768786127,0.1349749079313747,13.497490793137484,0.0043413622134291,0.4387345565995105,0.322,0.0,1.0,0.0,False,single_elimination,8,False
10,5,Kate Gosselin,percent,15.0,0.0867052023121387,0.0293555404935222,2.935554049352225,0.0010514188532507,0.0819029312946378,0.322,0.0,0.1632947976878612,0.0,False,single_elimination,8,True
10,5,Nicole Scherzinger,percent,29.0,0.1676300578034682,0.1313654099567333,13.136540995673348,0.0041176197387925,0.4219537322312968,0.322,0.0,1.0,0.0,False,single_elimination,8,False
10,5,Niecy Nash,percent,18.0,0.1040462427745664,0.1472582610195956,14.725826101959573,0.0081495602989465,0.4586135599391897,0.322,0.0,1.0,0.0,False,single_elimination,8,False
10,5,Pamela Anderson,percent,21.0,0.1213872832369942,0.1369766709601573,13.69766709601574,0.0057235752591462,0.4180184001973995,0.322,0.0,1.0,0.0,False,single_elimination,8,False
10,6,Chad Ochocinco,percent,30.9999,0.148325377166335,0.1583533396770175,15.835333967701754,0.0081138908324507,0.4994169436106035,0.253,0.0,1.0,0.0,False,single_elimination,7,False
10,6,Erin Andrews,percent,34.0,0.1626799706984664,0.150848901433929,15.084890143392906,0.0067993174559382,0.4646834156809857,0.253,0.0,1.0,0.0,False,single_elimination,7,False
10,6,Evan Lysacek,percent,27.0,0.1291870355546645,0.1745412595609312,17.45412595609313,0.0157697086920778,0.5135480384069804,0.253,0.0,1.0,0.0,False,single_elimination,7,False
10,6,Jake Pavelka,percent,24.9999,0.1196171470430762,0.0278149975587002,2.781499755870024,0.001072496409205,0.0785627929763124,0.253,0.0,0.1660971386712095,0.0,False,single_elimination,7,True
10,6,Nicole Scherzinger,percent,35.9999,0.1722489022690506,0.1535004543027877,15.350045430278778,0.0058353090438456,0.4738975845393704,0.253,0.0,1.0,0.0,False,single_elimination,7,False
10,6,Niecy Nash,percent,25.9998,0.1244013735931173,0.175851584352094,17.585158435209404,0.0165511184987968,0.5161243938006439,0.253,0.0,1.0,0.0,False,single_elimination,7,False
10,6,Pamela Anderson,percent,29.9998,0.1435401936752898,0.1590894631145402,15.908946311454022,0.0090964969461571,0.4941601228901215,0.253,0.0,1.0,0.0,False,single_elimination,7,False
10,7,Chad Ochocinco,percent,26.0,0.1672025723472668,0.1941052219514374,19.41052219514375,0.0194005227205603,0.5650723457999642,0.1807,0.0,0.9935691318327976,0.0,False,single_elimination,6,False
10,7,Erin Andrews,percent,25.5,0.1639871382636656,0.2008135728888506,20.081357288885066,0.0252090473188426,0.5407459912252592,0.1807,-0.0,0.9935691318327976,0.0,False,single_elimination,6,False
10,7,Evan Lysacek,percent,27.0,0.1736334405144694,0.1853660876177682,18.536608761776822,0.0155457570244299,0.5395565205519647,0.1807,0.0,0.9935691318327976,0.0,False,single_elimination,6,False
10,7,Nicole Scherzinger,percent,27.0,0.1736334405144694,0.1871328548956723,18.713285489567237,0.0138459040935679,0.5272796735495193,0.1807,0.0,0.9935691318327976,0.0,False,single_elimination,6,False
10,7,Niecy Nash,percent,24.5,0.157556270096463,0.204634961648037,20.463496164803704,0.0302630703740736,0.5701750373532851,0.1807,0.0064308681672025,1.0,0.0,False,single_elimination,6,False
10,7,Pamela Anderson,percent,25.5,0.1639871382636656,0.0279473009982342,2.794730099823421,0.0009671270083011,0.0889017596237737,0.1807,0.0,0.1693461950696678,0.0,False,single_elimination,6,True
10,8,Chad Ochocinco,percent,22.5,0.1778656126482213,0.2587799784988637,25.87799784988636,0.0316602513326552,0.6711338761281405,0.3131,0.0,1.0,0.0,False,single_elimination,5,False
10,8,Erin Andrews,percent,26.5,0.2094861660079051,0.2317040631261849,23.17040631261849,0.0143959443949955,0.6532783072980715,0.3131,0.0,1.0,0.0,False,single_elimination,5,False
10,8,Evan Lysacek,percent,26.5,0.2094861660079051,0.2350508811436265,23.50508811436265,0.0133975113994324,0.6400340329807424,0.3131,0.0,1.0,0.0,False,single_elimination,5,False
10,8,Nicole Scherzinger,percent,29.5,0.233201581027668,0.2255581849493849,22.55581849493848,0.010940247300788,0.6366629038139099,0.3131,0.0,1.0,0.0,False,single_elimination,5,False
10,8,Niecy Nash,percent,21.5,0.1699604743083003,0.0489068922819402,4.890689228194023,0.0019510916026077,0.1406259407791756,0.3131,0.0,0.2300395256916996,0.0,False,single_elimination,5,True
10,9,Chad Ochocinco,percent,26.0,0.2300884955752212,0.0684351212963687,6.843512129636865,0.0022678322647364,0.1896231220835437,0.31,0.0,0.2699115044247787,0.0,False,single_elimination,4,True
10,9,Erin Andrews,percent,28.0,0.247787610619469,0.3149223349238072,31.492233492380688,0.033663616062577,0.7638611660693986,0.31,0.0,1.0,0.0,False,single_elimination,4,False
10,9,Evan Lysacek,percent,29.5,0.2610619469026549,0.3128711831329174,31.287118313291707,0.0324959693985421,0.7644035916570278,0.31,0.0,1.0,0.0,False,single_elimination,4,False
10,9,Nicole Scherzinger,percent,29.5,0.2610619469026549,0.3037713606469078,30.377136064690745,0.0267102124359216,0.7519484528482029,0.31,0.0,1.0,0.0,False,single_elimination,4,False
10,10,Erin Andrews,percent,26.9998,0.3266123276502367,0.3315125475677666,33.151254756776645,0.0126198624080856,0.8362067328125938,1.0,0.0,1.0,0.0,False,no_elimination,3,False
10,10,Evan Lysacek,percent,26.8887,0.325268368450467,0.3355863038756748,33.55863038756747,0.0118805874017918,0.8440841743980831,1.0,0.0,1.0,0.0,False,no_elimination,3,False
10,10,Nicole Scherzinger,percent,28.7777,0.3481193038992962,0.332901148556559,33.29011485565589,0.011892919522746,0.8381689157747501,1.0,0.0,1.0,0.0,False,no_elimination,3,False
11,1,Audrina Patridge,percent,19.0,0.0837004405286343,0.0906770057434912,9.067700574349129,0.0033186593353379,0.296109289975443,0.189,0.0,1.0,0.0,False,single_elimination,12,False
11,1,Brandy,percent,23.0,0.1013215859030837,0.0905799776584805,9.057997765848052,0.0022345717864985,0.3250395159239478,0.189,0.0,1.0,0.0,False,single_elimination,12,False
11,1,Bristol Palin,percent,18.0,0.079295154185022,0.0884579437241041,8.845794372410417,0.0037633321791599,0.299261449200046,0.189,0.0,1.0,0.0,False,single_elimination,12,False
11,1,David Hasselhoff,percent,15.0,0.066079295154185,0.0124629432116153,1.2462943211615376,0.0004256774994224,0.0367635313154184,0.189,0.0,0.1005873715124816,0.0,False,single_elimination,12,True
11,1,Florence Henderson,percent,18.0,0.079295154185022,0.0877471347889554,8.774713478895542,0.0033336914736724,0.2973322556586895,0.189,0.0,1.0,0.0,False,single_elimination,12,False
11,1,Jennifer Grey,percent,24.0,0.105726872246696,0.0840848548839134,8.408485488391342,0.0026870632567381,0.2828549643538156,0.189,0.0,1.0,0.0,False,single_elimination,12,False
11,1,Kurt Warner,percent,19.0,0.0837004405286343,0.0873816962351989,8.738169623519896,0.002900269021661,0.2878022166795571,0.189,0.0,1.0,0.0,False,single_elimination,12,False
11,1,Kyle Massey,percent,23.0,0.1013215859030837,0.0839417783284344,8.394177832843445,0.0025290948891604,0.2723977270487646,0.189,0.0,1.0,0.0,False,single_elimination,12,False
11,1,Margaret Cho,percent,15.0,0.066079295154185,0.1002702342839813,10.027023428398136,0.0096133805119409,0.2967178482431298,0.189,-0.0,1.0,0.0,False,single_elimination,12,False
11,1,Michael Bolton,percent,16.0,0.0704845814977973,0.0933692207347677,9.336922073476773,0.0059091647723006,0.2907161438044047,0.189,0.0,1.0,0.0,False,single_elimination,12,False
11,1,Rick Fox,percent,22.0,0.0969162995594713,0.0838526736597754,8.385267365977548,0.0026120642213853,0.2777209495988842,0.189,0.0,1.0,0.0,False,single_elimination,12,False
11,1,The Situation,percent,15.0,0.066079295154185,0.0971745367472816,9.71745367472817,0.0093812601079929,0.3105269938671692,0.189,0.0,1.0,0.0,False,single_elimination,12,False
11,2,Audrina Patridge,percent,23.0,0.1040723981900452,0.0966268797469437,9.66268797469438,0.0030120994413568,0.3373519850790291,0.382,0.0,1.0,0.0,False,single_elimination,11,False
11,2,Brandy,percent,21.0,0.0950226244343891,0.0975083238304963,9.750832383049636,0.00339208997275,0.3230592202936896,0.382,0.0,1.0,0.0,False,single_elimination,11,False
11,2,Bristol Palin,percent,22.0,0.0995475113122171,0.0971348505716262,9.713485057162629,0.0034499465639509,0.3182292643094992,0.382,0.0,1.0,0.0,False,single_elimination,11,False
11,2,Florence Henderson,percent,19.0,0.085972850678733,0.0965344086691007,9.653440866910074,0.0031825810547723,0.3216842651337271,0.382,0.0,1.0,0.0,False,single_elimination,11,False
11,2,Jennifer Grey,percent,24.0,0.1085972850678733,0.0957213471547303,9.572134715473036,0.0028791078615179,0.3277705467628143,0.382,0.0,1.0,0.0,False,single_elimination,11,False
11,2,Kurt Warner,percent,21.0,0.0950226244343891,0.0977230070403004,9.772300704030046,0.0033801939419148,0.3246905922711889,0.382,0.0,1.0,0.0,False,single_elimination,11,False
11,2,Kyle Massey,percent,22.0,0.0995475113122171,0.1002433744550618,10.024337445506186,0.0034551254498169,0.3277922095183812,0.382,0.0,1.0,0.0,False,single_elimination,11,False
11,2,Margaret Cho,percent,18.0,0.0814479638009049,0.0984240818286503,9.842408182865034,0.00527858261193,0.3095804135365679,0.382,0.0,1.0,0.0,False,single_elimination,11,False
11,2,Michael Bolton,percent,12.0,0.0542986425339366,0.0226820071658079,2.2682007165807923,0.0009716608784864,0.0537881005476295,0.382,0.0,0.1275195392842451,0.0,False,single_elimination,11,True
11,2,Rick Fox,percent,21.0,0.0950226244343891,0.0949376168417134,9.49376168417134,0.0035443009743813,0.3162958491372561,0.382,0.0,1.0,0.0,False,single_elimination,11,False
11,2,The Situation,percent,18.0,0.0814479638009049,0.1024641026955684,10.24641026955685,0.0039894346513093,0.3403841492257659,0.382,0.0,1.0,0.0,False,single_elimination,11,False
11,3,Audrina Patridge,percent,26.0,0.1176470588235294,0.1086330457690654,10.863304576906543,0.0028945175832815,0.3481902850063468,0.2354,0.0,1.0,0.0,False,single_elimination,10,False
11,3,Brandy,percent,24.0,0.1085972850678733,0.1077697568671456,10.776975686714572,0.0036746107303772,0.351511026857297,0.2354,0.0,1.0,0.0,False,single_elimination,10,False
11,3,Bristol Palin,percent,19.0,0.085972850678733,0.115160783925649,11.516078392564909,0.0093122133566006,0.3581582866311951,0.2354,0.0,1.0,0.0,False,single_elimination,10,False
11,3,Florence Henderson,percent,20.0,0.090497737556561,0.1122272504345896,11.222725043458963,0.005713947642129,0.3611206648676681,0.2354,0.0,1.0,0.0,False,single_elimination,10,False
11,3,Jennifer Grey,percent,24.0,0.1085972850678733,0.1063154043339222,10.631540433392226,0.0035464801424523,0.3467990445474194,0.2354,0.0,1.0,0.0,False,single_elimination,10,False
11,3,Kurt Warner,percent,23.0,0.1040723981900452,0.1041240313981888,10.412403139818888,0.0042267827505273,0.3511456209008081,0.2354,0.0,1.0,0.0,False,single_elimination,10,False
11,3,Kyle Massey,percent,23.0,0.1040723981900452,0.1064344236328106,10.643442363281066,0.0038397436957558,0.3407691846670584,0.2354,0.0,1.0,0.0,False,single_elimination,10,False
11,3,Margaret Cho,percent,18.0,0.0814479638009049,0.0164452464505414,1.6445246450541442,0.0006747528778115,0.0457122996372083,0.2354,0.0,0.1185520361990949,0.0,False,single_elimination,10,True
11,3,Rick Fox,percent,24.0,0.1085972850678733,0.1091870448879158,10.918704488791589,0.0039160682599672,0.3495583101369446,0.2354,0.0,1.0,0.0,False,single_elimination,10,False
11,3,The Situation,percent,20.0,0.090497737556561,0.1137030123001709,11.370301230017098,0.0071031044061515,0.3646948812439776,0.2354,0.0,1.0,0.0,False,single_elimination,10,False
11,4,Audrina Patridge,percent,23.0,0.1284916201117318,0.1215509895266254,12.155098952662554,0.0032100981760993,0.3934875709926743,0.2857,0.0,1.0,0.0,False,single_elimination,9,False
11,4,Brandy,percent,24.0,0.1340782122905028,0.117494977376132,11.749497737613211,0.0037591682911871,0.3735954126258176,0.2857,0.0,1.0,0.0,False,single_elimination,9,False
11,4,Bristol Palin,percent,16.0,0.0893854748603352,0.1299597066085461,12.99597066085462,0.0098998339506927,0.3934539972798921,0.2857,0.0,1.0,0.0,False,single_elimination,9,False
11,4,Florence Henderson,percent,17.5,0.0977653631284916,0.1236386459788191,12.363864597881916,0.0064574708541888,0.3841588201263964,0.2857,0.0,1.0,0.0,False,single_elimination,9,False
11,4,Jennifer Grey,percent,28.0,0.1564245810055866,0.1143766426758027,11.437664267580285,0.0029693496743747,0.3849997555937607,0.2857,0.0,1.0,0.0,False,single_elimination,9,False
11,4,Kurt Warner,percent,17.0,0.0949720670391061,0.1284401523627708,12.84401523627709,0.0058979099082077,0.3959542218488217,0.2857,0.0,1.0,0.0,False,single_elimination,9,False
11,4,Kyle Massey,percent,20.0,0.1117318435754189,0.1212054926046538,12.120549260465385,0.0038971303149382,0.3817109579486795,0.2857,0.0,1.0,0.0,False,single_elimination,9,False
11,4,Rick Fox,percent,19.5,0.1089385474860335,0.1208989600177717,12.089896001777182,0.0046659788937167,0.3944124758265972,0.2857,0.0,1.0,0.0,False,single_elimination,9,False
11,4,The Situation,percent,14.0,0.0782122905027933,0.0224344328488775,2.24344328488776,0.0008357456648701,0.0620495986592876,0.2857,0.0,0.1440099317194289,0.0,False,single_elimination,9,True
11,5,Audrina Patridge,percent,23.0,0.1263736263736263,0.1354484781121617,13.544847811216174,0.0085193786947463,0.4112821742938658,0.1638,0.0,0.978021978021978,0.0,False,single_elimination,8,False
11,5,Brandy,percent,27.0,0.1483516483516483,0.1288850186832993,12.888501868329932,0.0045570537297822,0.418066740301311,0.1638,0.0,0.978021978021978,0.0,False,single_elimination,8,False
11,5,Bristol Palin,percent,18.0,0.0989010989010989,0.1684409922575053,16.84409922575053,0.0322394587314801,0.4698323737227348,0.1638,0.0164835164835164,0.9945054945054944,0.0,False,single_elimination,8,False
11,5,Florence Henderson,percent,21.0,0.1153846153846153,0.0192242217175766,1.9224221717576624,0.0006773902589382,0.0586137387837321,0.1638,0.0,0.1346153846153845,0.0,False,single_elimination,8,True
11,5,Jennifer Grey,percent,25.0,0.1373626373626373,0.1310971656042105,13.109716560421052,0.0052912162639866,0.3971177753378862,0.1638,0.0,0.978021978021978,0.0,False,single_elimination,8,False
11,5,Kurt Warner,percent,24.0,0.1318681318681318,0.1289092470151155,12.890924701511558,0.0064637898602149,0.4164041945314533,0.1638,0.0,0.978021978021978,0.0,False,single_elimination,8,False
11,5,Kyle Massey,percent,20.0,0.1098901098901098,0.1550365198232428,15.503651982324282,0.0200380551391907,0.4379882153909178,0.1638,0.0054945054945055,0.9835164835164836,0.0,False,single_elimination,8,False
11,5,Rick Fox,percent,24.0,0.1318681318681318,0.132958356786888,13.295835678688809,0.0074152032681217,0.4194504323623212,0.1638,0.0,0.978021978021978,0.0,False,single_elimination,8,False
11,6,Audrina Patridge,percent,31.9998,0.1545889285615942,0.0183912024131205,1.8391202413120509,0.0005083099574459,0.0577159930042222,0.0835,0.0,0.1311253571526915,0.0,False,single_elimination,7,True
11,6,Brandy,percent,35.9999,0.1739131484985698,0.1303270453397522,13.03270453397523,0.0078095675881424,0.3920584948534136,0.0835,0.0,0.8985532801318651,0.0,False,single_elimination,7,False
11,6,Bristol Palin,percent,27.9998,0.1352651917180396,0.1622870853281732,16.228708532817326,0.038497979385975,0.4068641490328482,0.0835,0.0193237368435545,0.9178770169754196,0.0,False,single_elimination,7,False
11,6,Jennifer Grey,percent,29.0,0.1400970921157704,0.1646358426332337,16.46358426332338,0.0305199519140214,0.4574359991949678,0.0835,0.0144918364458237,0.9130451165776888,0.0,False,single_elimination,7,False
11,6,Kurt Warner,percent,21.9999,0.1062800695461289,0.1962313085920333,19.62313085920334,0.0643100772112229,0.4817612885773765,0.0835,0.0483088590154652,0.9468621391473304,0.0,False,single_elimination,7,False
11,6,Kyle Massey,percent,29.9999,0.144927543233238,0.1698390990143249,16.983909901432494,0.0260546113943876,0.4591040947535919,0.0835,0.0096613853283561,0.9082146654602212,0.0,False,single_elimination,7,False
11,6,Rick Fox,percent,30.0,0.1449280263266591,0.1582884166793618,15.828841667936183,0.0259535695996877,0.4472560949548528,0.0835,0.009660902234935,0.9082141823668002,0.0,False,single_elimination,7,False
11,7,Brandy,percent,36.5,0.1750599520383693,0.1919397407752756,19.19397407752757,0.0172232776761691,0.550804494290704,0.1669,0.0,0.985611510791367,0.0,False,single_elimination,6,False
11,7,Bristol Palin,percent,32.5,0.1558752997601918,0.2007652295188914,20.076522951889157,0.0303812576376615,0.5357956885025046,0.1669,0.0095923261390887,0.9952038369304556,0.0,False,single_elimination,6,False
11,7,Jennifer Grey,percent,36.5,0.1750599520383693,0.1878104478574142,18.781044785741432,0.0152535173092319,0.5269493933299627,0.1669,0.0,0.985611510791367,0.0,False,single_elimination,6,False
11,7,Kurt Warner,percent,35.0,0.1678657074340527,0.1911690762639774,19.11690762639776,0.0198988294805789,0.5534126686782448,0.1669,0.0,0.985611510791367,0.0,False,single_elimination,6,False
11,7,Kyle Massey,percent,33.5,0.1606714628297362,0.200305469826184,20.030546982618414,0.0261803384765359,0.5450796520480495,0.1669,0.0047961630695443,0.9904076738609112,0.0,False,single_elimination,6,False
11,7,Rick Fox,percent,34.5,0.1654676258992805,0.0280100357582566,2.801003575825663,0.0009418768684897,0.0872139691964554,0.1669,0.0,0.1678657074340527,0.0,False,single_elimination,6,True
11,8,Brandy,percent,28.5,0.2150943396226415,0.2338269202720739,23.382692027207423,0.0188714133654726,0.6415733216598695,0.2775,0.0,0.9962264150943396,0.0,False,single_elimination,5,False
11,8,Bristol Palin,percent,23.5,0.1773584905660377,0.2562553381942183,25.625533819421864,0.035881697998644,0.6510194156617253,0.2775,0.0037735849056603,1.0,0.0,False,single_elimination,5,False
11,8,Jennifer Grey,percent,28.5,0.2150943396226415,0.2301338094491,23.01338094491003,0.0159372259978064,0.6362088452080085,0.2775,0.0,0.9962264150943396,0.0,False,single_elimination,5,False
11,8,Kurt Warner,percent,24.0,0.1811320754716981,0.0463203038977726,4.632030389777272,0.0016227072073627,0.1356009969280207,0.2775,0.0,0.2188679245283019,0.0,False,single_elimination,5,True
11,8,Kyle Massey,percent,28.0,0.2113207547169811,0.2334636281868337,23.34636281868341,0.0178857100051793,0.6410856788815874,0.2775,0.0,0.9962264150943396,0.0,False,single_elimination,5,False
11,9,Brandy,percent,28.5,0.25,0.061796359965007,6.179635996500712,0.0018680717470543,0.1707334967304113,0.2463,0.0,0.25,0.0,False,single_elimination,4,True
11,9,Bristol Palin,percent,26.5,0.2324561403508772,0.3371632886885767,33.716328868857694,0.0702807884743098,0.7673074194832445,0.2463,0.0175438596491228,1.0,0.0,False,single_elimination,4,False
11,9,Jennifer Grey,percent,30.0,0.2631578947368421,0.2982918203897308,29.8291820389731,0.0319687645727938,0.7256564805088439,0.2463,0.0,0.9824561403508772,0.0,False,single_elimination,4,False
11,9,Kyle Massey,percent,29.0,0.2543859649122807,0.3027485309566848,30.2748530956685,0.0426464473263022,0.7173986070050153,0.2463,0.0,0.9824561403508772,0.0,False,single_elimination,4,False
11,10,Bristol Palin,percent,25.666600000000003,0.3092368897274451,0.3331573298238151,33.31573298238148,0.0117597102784528,0.8392929430146426,1.0,0.0,1.0,0.0,False,no_elimination,3,False
11,10,Jennifer Grey,percent,30.0,0.361446654088323,0.3329557516761961,33.29557516761958,0.0137058485379189,0.8464717604466545,1.0,0.0,1.0,0.0,False,no_elimination,3,False
11,10,Kyle Massey,percent,27.3332,0.3293164561842318,0.3338869184999898,33.38869184999896,0.0113479564278042,0.84725873030877,1.0,0.0,1.0,0.0,False,no_elimination,3,False
12,1,Chelsea Kane,percent,21.0,0.1014492753623188,0.0905007381812404,9.05007381812405,0.0025483441479466,0.3096246555965441,1.0,0.0,1.0,0.0,False,no_elimination,11,False
12,1,Chris Jericho,percent,19.0,0.0917874396135265,0.0903128892076111,9.031288920761114,0.0025702930077862,0.3080647234600062,1.0,0.0,1.0,0.0,False,no_elimination,11,False
12,1,Hines Ward,percent,21.0,0.1014492753623188,0.0909227247363454,9.09227247363455,0.0028081619338456,0.3063241107693518,1.0,0.0,1.0,0.0,False,no_elimination,11,False
12,1,Kendra Wilkinson,percent,18.0,0.0869565217391304,0.0899910037655732,8.999100376557326,0.0027350979348446,0.3058514942319476,1.0,0.0,1.0,0.0,False,no_elimination,11,False
12,1,Kirstie Alley,percent,23.0,0.1111111111111111,0.0921074980568784,9.21074980568785,0.0024333091644067,0.311281574135807,1.0,0.0,1.0,0.0,False,no_elimination,11,False
12,1,Mike Catherwood,percent,13.0,0.0628019323671497,0.09175193337807,9.175193337807004,0.0027941830600247,0.3120968509404893,1.0,0.0,1.0,0.0,False,no_elimination,11,False
12,1,Petra Nemcova,percent,18.0,0.0869565217391304,0.0910542654996244,9.105426549962448,0.0026151092456538,0.3092525477572301,1.0,0.0,1.0,0.0,False,no_elimination,11,False
12,1,Ralph Macchio,percent,24.0,0.1159420289855072,0.0909084247759374,9.090842477593748,0.0023308672497883,0.3135785265824194,1.0,0.0,1.0,0.0,False,no_elimination,11,False
12,1,Romeo,percent,19.0,0.0917874396135265,0.0908136209996056,9.081362099960565,0.0024589510881975,0.3053464908494664,1.0,0.0,1.0,0.0,False,no_elimination,11,False
12,1,Sugar Ray Leonard,percent,17.0,0.0821256038647343,0.0905603214456709,9.0560321445671,0.0023480786378006,0.3121361320364527,1.0,0.0,1.0,0.0,False,no_elimination,11,False
12,1,Wendy Williams,percent,14.0,0.0676328502415458,0.0910765799534425,9.107657995344256,0.0023803111874611,0.309027550758352,1.0,0.0,1.0,0.0,False,no_elimination,11,False
12,2,Chelsea Kane,percent,18.0,0.0833333333333333,0.1044858539729196,10.448585397291968,0.007166671490082,0.320636596346965,0.1761,0.0,1.0,0.0,False,single_elimination,11,False
12,2,Chris Jericho,percent,23.0,0.1064814814814814,0.0930759381307591,9.307593813075917,0.0024664700540853,0.3255732960450723,0.1761,0.0,1.0,0.0,False,single_elimination,11,False
12,2,Hines Ward,percent,23.0,0.1064814814814814,0.0959843364059168,9.598433640591688,0.0026088779142913,0.3270886954064176,0.1761,0.0,1.0,0.0,False,single_elimination,11,False
12,2,Kendra Wilkinson,percent,19.0,0.0879629629629629,0.0994559115874985,9.945591158749856,0.0038822351783458,0.3315654661431632,0.1761,0.0,1.0,0.0,False,single_elimination,11,False
12,2,Kirstie Alley,percent,20.0,0.0925925925925925,0.0967385219759248,9.67385219759249,0.0036031233847579,0.3168431680542834,0.1761,0.0,1.0,0.0,False,single_elimination,11,False
12,2,Mike Catherwood,percent,17.0,0.0787037037037037,0.012167938240524,1.2167938240524043,0.0005154419502764,0.036491715934822,0.1761,0.0,0.103114478114478,0.0,False,single_elimination,11,True
12,2,Petra Nemcova,percent,18.0,0.0833333333333333,0.1010503718650748,10.105037186507486,0.0065463741595791,0.3245395133597318,0.1761,0.0,1.0,0.0,False,single_elimination,11,False
12,2,Ralph Macchio,percent,21.0,0.0972222222222222,0.0940082527503123,9.40082527503123,0.0031457439990562,0.3177122350859127,0.1761,0.0,1.0,0.0,False,single_elimination,11,False
12,2,Romeo,percent,23.0,0.1064814814814814,0.094512471932385,9.451247193238506,0.0031620930324033,0.31461162320482,0.1761,0.0,1.0,0.0,False,single_elimination,11,False
12,2,Sugar Ray Leonard,percent,17.0,0.0787037037037037,0.1062773556355659,10.627735563556596,0.0105384383200279,0.3335654228655786,0.1761,-0.0,1.0,0.0,False,single_elimination,11,False
12,2,Wendy Williams,percent,17.0,0.0787037037037037,0.1022430475031185,10.22430475031186,0.009796624187205,0.3025579203074596,0.1761,0.0,1.0,0.0,False,single_elimination,11,False
12,3,Chelsea Kane,percent,23.0,0.1074766355140186,0.1078067260351131,10.780672603511317,0.0040609540639534,0.361965175576333,0.3254,0.0,1.0,0.0,False,single_elimination,10,False
12,3,Chris Jericho,percent,21.0,0.0981308411214953,0.109277787114377,10.927778711437709,0.004396855690838,0.3543067480373851,0.3254,0.0,1.0,0.0,False,single_elimination,10,False
12,3,Hines Ward,percent,25.0,0.116822429906542,0.1074317854519905,10.743178545199058,0.0033709518624532,0.3556697703913687,0.3254,0.0,1.0,0.0,False,single_elimination,10,False
12,3,Kendra Wilkinson,percent,23.0,0.1074766355140186,0.1083487253179709,10.8348725317971,0.004062009233836,0.3563477564286933,0.3254,0.0,1.0,0.0,False,single_elimination,10,False
12,3,Kirstie Alley,percent,21.0,0.0981308411214953,0.1091440387044676,10.91440387044676,0.003596970559061,0.3487304108869762,0.3254,0.0,1.0,0.0,False,single_elimination,10,False
12,3,Petra Nemcova,percent,25.0,0.116822429906542,0.1067049581327804,10.670495813278045,0.0036977957891945,0.3631681043038931,0.3254,0.0,1.0,0.0,False,single_elimination,10,False
12,3,Ralph Macchio,percent,21.0,0.0981308411214953,0.1109515198931277,11.095151989312772,0.0040169185004555,0.3644601488891862,0.3254,0.0,1.0,0.0,False,single_elimination,10,False
12,3,Romeo,percent,20.0,0.0934579439252336,0.1126633279040856,11.266332790408567,0.0049925122761303,0.362849892346037,0.3254,0.0,1.0,0.0,False,single_elimination,10,False
12,3,Sugar Ray Leonard,percent,20.0,0.0934579439252336,0.1068851611175001,10.688516111750014,0.0046984544854099,0.3479897422449716,0.3254,0.0,1.0,0.0,False,single_elimination,10,False
12,3,Wendy Williams,percent,15.0,0.0700934579439252,0.0207859703285866,2.078597032858669,0.0007934330591232,0.0536947079530319,0.3254,0.0,0.1299065420560747,0.0,False,single_elimination,10,True
12,4,Chelsea Kane,percent,26.0,0.1262135922330097,0.1179561122124863,11.795611221248633,0.0034088153345332,0.368207924749196,0.1577,0.0,0.9854368932038836,0.0,False,single_elimination,9,False
12,4,Chris Jericho,percent,23.0,0.1116504854368932,0.1231471709392651,12.314717093926513,0.0082060969653241,0.4078052781835348,0.1577,0.0,0.9854368932038836,0.0,False,single_elimination,9,False
12,4,Hines Ward,percent,25.0,0.1213592233009708,0.1167242938945771,11.672429389457712,0.0050533225343355,0.3742638738841524,0.1577,0.0,0.9854368932038836,0.0,False,single_elimination,9,False
12,4,Kendra Wilkinson,percent,18.0,0.087378640776699,0.1427442571436512,14.274425714365124,0.0258597255585485,0.3983521579646623,0.1577,0.0145631067961164,1.0,0.0,False,single_elimination,9,False
12,4,Kirstie Alley,percent,22.0,0.1067961165048543,0.1259491077264224,12.594910772642235,0.0100510833051463,0.3855647937640764,0.1577,0.0,0.9854368932038836,0.0,False,single_elimination,9,False
12,4,Petra Nemcova,percent,23.0,0.1116504854368932,0.1213311105205021,12.133111052050216,0.0068257994547306,0.3673506103443615,0.1577,0.0,0.9854368932038836,0.0,False,single_elimination,9,False
12,4,Ralph Macchio,percent,25.0,0.1213592233009708,0.1159071215771784,11.590712157717846,0.004170979644246,0.3790309367430804,0.1577,0.0,0.9854368932038836,0.0,False,single_elimination,9,False
12,4,Romeo,percent,23.0,0.1116504854368932,0.1203253802829846,12.032538028298466,0.0082546360199105,0.3773092664689583,0.1577,0.0,0.9854368932038836,0.0,False,single_elimination,9,False
12,4,Sugar Ray Leonard,percent,21.0,0.1019417475728155,0.0159154457029324,1.5915445702932467,0.0006071837986129,0.0464172650199834,0.1577,0.0,0.1202804746494066,0.0,False,single_elimination,9,True
12,5,Chelsea Kane,percent,26.0,0.134020618556701,0.1349376903756929,13.493769037569278,0.0060476942222878,0.4067847725093986,0.1896,0.0,1.0,0.0,False,single_elimination,8,False
12,5,Chris Jericho,percent,26.0,0.134020618556701,0.1343698974531583,13.436989745315826,0.0060639166001029,0.4191852144740349,0.1896,0.0,1.0,0.0,False,single_elimination,8,False
12,5,Hines Ward,percent,27.0,0.1391752577319587,0.135912383854807,13.591238385480697,0.0059403260535461,0.4186413653863184,0.1896,0.0,1.0,0.0,False,single_elimination,8,False
12,5,Kendra Wilkinson,percent,22.0,0.1134020618556701,0.1509989227173897,15.099892271738964,0.0172198386106599,0.4374964957826782,0.1896,-0.0,1.0,0.0,False,single_elimination,8,False
12,5,Kirstie Alley,percent,23.0,0.1185567010309278,0.1443395017893798,14.433950178937971,0.0104132071550623,0.4314126819537583,0.1896,0.0,1.0,0.0,False,single_elimination,8,False
12,5,Petra Nemcova,percent,22.0,0.1134020618556701,0.0193260913923777,1.9326091392377749,0.000714258032354,0.0590179176116145,0.1896,0.0,0.1365979381443298,0.0,False,single_elimination,8,True
12,5,Ralph Macchio,percent,22.0,0.1134020618556701,0.1494936114701469,14.949361147014685,0.0161421880009342,0.4346005124660662,0.1896,0.0,1.0,0.0,False,single_elimination,8,False
12,5,Romeo,percent,26.0,0.134020618556701,0.130621900947048,13.062190094704796,0.0054098865611576,0.4314270692864069,0.1896,0.0,1.0,0.0,False,single_elimination,8,False
12,6,Chelsea Kane,percent,28.0,0.1555555555555555,0.1622477474416237,16.224774744162378,0.0068000565370007,0.480423428943664,0.2456,0.0,1.0,0.0,False,single_elimination,7,False
12,6,Chris Jericho,percent,22.0,0.1222222222222222,0.027022368431778,2.7022368431778085,0.0011201361888642,0.0763114197487029,0.2456,0.0,0.1634920634920634,0.0,False,single_elimination,7,True
12,6,Hines Ward,percent,27.0,0.15,0.159315677954134,15.931567795413407,0.0068009212997661,0.4685236163177374,0.2456,0.0,1.0,0.0,False,single_elimination,7,False
12,6,Kendra Wilkinson,percent,25.0,0.1388888888888889,0.1638046388754184,16.380463887541843,0.0106153784512473,0.4860088180982415,0.2456,0.0,1.0,0.0,False,single_elimination,7,False
12,6,Kirstie Alley,percent,26.0,0.1444444444444444,0.1568106365713112,15.681063657131125,0.0095897881624093,0.4966503330640044,0.2456,0.0,1.0,0.0,False,single_elimination,7,False
12,6,Ralph Macchio,percent,24.0,0.1333333333333333,0.1705939457807437,17.05939457807437,0.0144687578446366,0.4927174526297538,0.2456,0.0,1.0,0.0,False,single_elimination,7,False
12,6,Romeo,percent,28.0,0.1555555555555555,0.1602049849449907,16.020498494499073,0.0072601108625245,0.4835605944331866,0.2456,0.0,1.0,0.0,False,single_elimination,7,False
12,7,Chelsea Kane,percent,32.0,0.169761273209549,0.1964083206141171,19.64083206141172,0.0168395567459299,0.5467971744963115,0.1812,0.0,0.9946949602122016,0.0,False,single_elimination,6,False
12,7,Hines Ward,percent,33.0,0.1750663129973474,0.1834120378723623,18.34120378723624,0.014873860181953,0.5059723832961319,0.1812,0.0,0.9946949602122016,0.0,False,single_elimination,6,False
12,7,Kendra Wilkinson,percent,30.5,0.1618037135278514,0.0298281864593806,2.982818645938062,0.0010154614441496,0.0894129942935066,0.1812,0.0,0.1715296198054818,0.0,False,single_elimination,6,True
12,7,Kirstie Alley,percent,30.0,0.1591511936339522,0.1995526314376034,19.955263143760348,0.0269812572361294,0.5472120525172343,0.1812,0.0026525198938992,0.9973474801061007,0.0,False,single_elimination,6,False
12,7,Ralph Macchio,percent,33.0,0.1750663129973474,0.189215565125501,18.921556512550115,0.0150378329455902,0.5237594961734056,0.1812,0.0,0.9946949602122016,0.0,False,single_elimination,6,False
12,7,Romeo,percent,30.0,0.1591511936339522,0.2015832584910352,20.15832584910353,0.0274026123665692,0.5431533802144309,0.1812,0.0026525198938992,0.9973474801061007,0.0,False,single_elimination,6,False
12,8,Chelsea Kane,percent,27.5,0.2115384615384615,0.2282896478368616,22.828964783686164,0.0207571281017868,0.6144475921792681,0.1987,0.0,0.9769230769230768,0.0,False,single_elimination,5,False
12,8,Hines Ward,percent,27.0,0.2076923076923077,0.2302805785193558,23.02805785193559,0.0259277407087771,0.6088308771524329,0.1987,0.0,0.9769230769230768,0.0,False,single_elimination,5,False
12,8,Kirstie Alley,percent,26.5,0.2038461538461538,0.2373682063069053,23.73682063069053,0.028292007771193,0.6317788342073034,0.1987,0.0,0.9769230769230768,0.0,False,single_elimination,5,False
12,8,Ralph Macchio,percent,23.0,0.1769230769230769,0.2644474462847427,26.444744628474275,0.0572015051417531,0.6339371499631373,0.1987,0.023076923076923,1.0,0.0,False,single_elimination,5,False
12,8,Romeo,percent,26.0,0.2,0.0396141210521343,3.961412105213436,0.001463231983601,0.1201859414451296,0.1987,0.0,0.1999999999999999,0.0,False,single_elimination,5,True
12,9,Chelsea Kane,percent,36.5,0.3106382978723404,0.280317222248824,28.031722224882387,0.0174861267785699,0.741857535342142,0.3783,0.0,1.0,0.0,False,single_elimination,4,False
12,9,Hines Ward,percent,30.0,0.2553191489361702,0.3170539395866419,31.705393958664168,0.0294122961158459,0.7580317861596401,0.3783,0.0,1.0,0.0,False,single_elimination,4,False
12,9,Kirstie Alley,percent,27.0,0.2297872340425532,0.3228238535348586,32.28238535348584,0.0342733210893749,0.7738455023173718,0.3783,0.0,1.0,0.0,False,single_elimination,4,False
12,9,Ralph Macchio,percent,24.0,0.2042553191489361,0.0798049846296759,7.98049846296759,0.0030970065223672,0.2133928011388789,0.3783,0.0,0.2957446808510638,0.0,False,single_elimination,4,True
12,10,Chelsea Kane,percent,29.666600000000003,0.3396948007112996,0.3357691428324799,33.57691428324807,0.0132338547163281,0.8417512280449161,1.0,0.0,1.0,0.0,False,no_elimination,3,False
12,10,Hines Ward,percent,29.666600000000003,0.3396948007112996,0.3311258789367706,33.112587893677144,0.0134833127005952,0.8428626634036412,1.0,0.0,1.0,0.0,False,no_elimination,3,False
12,10,Kirstie Alley,percent,27.9999,0.3206103985774007,0.3331049782307471,33.31049782307479,0.0123569859219509,0.8385789853289198,1.0,0.0,1.0,0.0,False,no_elimination,3,False
13,1,Carson Kressley,percent,17.0,0.0783410138248847,0.0895332764512824,8.95332764512824,0.0038860225346566,0.3005353782845117,0.2291,0.0,1.0,0.0,False,single_elimination,12,False
13,1,Chaz Bono,percent,17.0,0.0783410138248847,0.0892342746169849,8.923427461698493,0.0039255893767797,0.2792185473556655,0.2291,0.0,1.0,0.0,False,single_elimination,12,False
13,1,Chynna Phillips,percent,22.0,0.1013824884792626,0.0878319389293196,8.783193892931964,0.0021702071213312,0.2894549866518933,0.2291,0.0,1.0,0.0,False,single_elimination,12,False
13,1,David Arquette,percent,18.0,0.0829493087557603,0.0895699122961271,8.956991229612717,0.0036922157779533,0.2870364556316241,0.2291,0.0,1.0,0.0,False,single_elimination,12,False
13,1,Elisabetta Canalis,percent,15.0,0.0691244239631336,0.096029931731559,9.602993173155902,0.0062604776602083,0.3049036170086695,0.2291,0.0,1.0,0.0,False,single_elimination,12,False
13,1,Hope Solo,percent,21.0,0.0967741935483871,0.0857307181936085,8.573071819360852,0.0024385560498541,0.2870044160026622,0.2291,0.0,1.0,0.0,False,single_elimination,12,False
13,1,J.R. Martinez,percent,22.0,0.1013824884792626,0.0884854816636538,8.848548166365381,0.0021686485225112,0.2974708835633107,0.2291,0.0,1.0,0.0,False,single_elimination,12,False
13,1,Kristin Cavallari,percent,19.0,0.0875576036866359,0.0855217153239113,8.552171532391128,0.0027094881005882,0.2927525701768075,0.2291,0.0,1.0,0.0,False,single_elimination,12,False
13,1,Metta World Peace (Ron),percent,14.0,0.064516129032258,0.0131248633981298,1.312486339812987,0.0005124220887728,0.0364630990459423,0.2291,0.0,0.1021505376344086,0.0,False,single_elimination,12,True
13,1,Nancy Grace,percent,16.0,0.0737327188940092,0.094632331372238,9.463233137223806,0.0052773960775205,0.3078888400679495,0.2291,0.0,1.0,0.0,False,single_elimination,12,False
13,1,Ricki Lake,percent,20.0,0.0921658986175115,0.0867245680947471,8.672456809474715,0.0022698221970938,0.3024045625005035,0.2291,0.0,1.0,0.0,False,single_elimination,12,False
13,1,Rob Kardashian,percent,16.0,0.0737327188940092,0.0935809879284382,9.358098792843826,0.0056511544876419,0.3118638882631858,0.2291,0.0,1.0,0.0,False,single_elimination,12,False
13,2,Carson Kressley,percent,18.0,0.0807174887892376,0.1075691535705395,10.756915357053952,0.0201639893271104,0.3033508305354063,0.0584,0.0134529147982062,0.959641255605381,0.0,False,single_elimination,11,False
13,2,Chaz Bono,percent,17.0,0.0762331838565022,0.1103189410727669,11.031894107276695,0.0272169259887461,0.3155056008145313,0.0584,0.0179372197309417,0.9641255605381164,0.0,False,single_elimination,11,False
13,2,Chynna Phillips,percent,21.0,0.0941704035874439,0.0987065890180869,9.870658901808694,0.009677344403535,0.3252215364418038,0.0584,0.0,0.9461883408071748,0.0,False,single_elimination,11,False
13,2,David Arquette,percent,18.0,0.0807174887892376,0.1056669194879997,10.566691948799974,0.0207482533258534,0.3212323427701866,0.0584,0.0134529147982062,0.959641255605381,0.0,False,single_elimination,11,False
13,2,Elisabetta Canalis,percent,21.0,0.0941704035874439,0.0082123131519227,0.8212313151922737,0.0001959216751005,0.0257155871814832,0.0584,0.0,0.0876477782307378,0.0,False,single_elimination,11,True
13,2,Hope Solo,percent,19.0,0.085201793721973,0.1034909936391469,10.349099363914693,0.0170645514881883,0.3240088112813841,0.0584,0.0089686098654708,0.9551569506726456,0.0,False,single_elimination,11,False
13,2,J.R. Martinez,percent,22.0,0.0986547085201793,0.0857162687290961,8.571626872909613,0.0049359279868837,0.2784397104562924,0.0584,0.0,0.9461883408071748,0.0,False,single_elimination,11,False
13,2,Kristin Cavallari,percent,22.0,0.0986547085201793,0.1006455315356362,10.064553153563626,0.0038960984872538,0.3080070962953833,0.0584,0.0,0.9461883408071748,0.0,False,single_elimination,11,False
13,2,Nancy Grace,percent,21.0,0.0941704035874439,0.1006789314868807,10.067893148688077,0.0070834032764031,0.300324820154801,0.0584,0.0,0.9461883408071748,0.0,False,single_elimination,11,False
13,2,Ricki Lake,percent,23.0,0.1031390134529148,0.0870217565969439,8.702175659694394,0.0040739168497852,0.2756803307853533,0.0584,0.0,0.9461883408071748,0.0,False,single_elimination,11,False
13,2,Rob Kardashian,percent,21.0,0.0941704035874439,0.0919726017109798,9.197260171097987,0.0073393278001666,0.2876504161792448,0.0584,0.0,0.9461883408071748,0.0,False,single_elimination,11,False
13,3,Carson Kressley,percent,23.0,0.0970464135021097,0.1109265305263111,11.09265305263111,0.0127373132567844,0.3346512669879893,0.0804,0.0042194092827004,0.9620253164556962,0.0,False,single_elimination,10,False
13,3,Chaz Bono,percent,18.0,0.0759493670886076,0.131524384824641,13.1524384824641,0.034366654258694,0.3459950493935341,0.0804,0.0253164556962025,0.9831223628691984,0.0,False,single_elimination,10,False
13,3,Chynna Phillips,percent,26.0,0.1097046413502109,0.1015210128527057,10.15210128527057,0.0059146582751657,0.3050697814561655,0.0804,0.0,0.957805907172996,0.0,False,single_elimination,10,False
13,3,David Arquette,percent,24.0,0.1012658227848101,0.1068358050980001,10.68358050980001,0.0096700490591087,0.3394341800805368,0.0804,-0.0,0.957805907172996,0.0,False,single_elimination,10,False
13,3,Hope Solo,percent,24.0,0.1012658227848101,0.1122138121345942,11.22138121345942,0.0109810951731531,0.3486754106766427,0.0804,0.0,0.957805907172996,0.0,False,single_elimination,10,False
13,3,J.R. Martinez,percent,26.0,0.1097046413502109,0.0999149597164561,9.99149597164561,0.0049028305530877,0.3056051576288658,0.0804,0.0,0.957805907172996,0.0,False,single_elimination,10,False
13,3,Kristin Cavallari,percent,24.0,0.1012658227848101,0.0106600575538643,1.0660057553864364,0.0002469963438415,0.0339526203745599,0.0804,0.0,0.0987341772151898,0.0,False,single_elimination,10,True
13,3,Nancy Grace,percent,21.0,0.0886075949367088,0.1142955001446349,11.429550014463496,0.0215528248054935,0.3214880885000212,0.0804,0.0126582278481012,0.9704641350210972,0.0,False,single_elimination,10,False
13,3,Ricki Lake,percent,27.0,0.1139240506329113,0.1040876008689655,10.40876008689655,0.0027898617053189,0.3615345355332959,0.0804,0.0,0.957805907172996,0.0,False,single_elimination,10,False
13,3,Rob Kardashian,percent,24.0,0.1012658227848101,0.1080203362798271,10.802033627982716,0.0108247790643659,0.3301387508733638,0.0804,0.0,0.957805907172996,0.0,False,single_elimination,10,False
13,4,Carson Kressley,percent,20.0,0.0956937799043062,0.1347804601271441,13.478046012714415,0.0182839005503856,0.3768651801631168,0.1622,0.0047846889952153,1.0,0.0,False,single_elimination,9,False
13,4,Chaz Bono,percent,21.0,0.1004784688995215,0.1271962199781136,12.719621997811364,0.0149826541031353,0.3743141918045382,0.1622,0.0,0.9952153110047848,0.0,False,single_elimination,9,False
13,4,Chynna Phillips,percent,21.0,0.1004784688995215,0.015882112142311,1.5882112142311011,0.0007385867898493,0.0474135503682292,0.1622,0.0,0.1217437533227006,0.0,False,single_elimination,9,True
13,4,David Arquette,percent,23.0,0.1100478468899521,0.1272950050303421,12.729500503034211,0.0070274713866666,0.3897412482189877,0.1622,0.0,0.9952153110047848,0.0,False,single_elimination,9,False
13,4,Hope Solo,percent,24.0,0.1148325358851674,0.1204243066660266,12.042430666602662,0.0056776514383336,0.3892052639046875,0.1622,0.0,0.9952153110047848,0.0,False,single_elimination,9,False
13,4,J.R. Martinez,percent,26.0,0.124401913875598,0.1154271414807286,11.542714148072866,0.0048701884021484,0.3781676478289955,0.1622,0.0,0.9952153110047848,0.0,False,single_elimination,9,False
13,4,Nancy Grace,percent,21.0,0.1004784688995215,0.126337051953677,12.6337051953677,0.0123955418865728,0.3644464286829948,0.1622,0.0,0.9952153110047848,0.0,False,single_elimination,9,False
13,4,Ricki Lake,percent,29.0,0.138755980861244,0.1132386826905706,11.323868269057058,0.0032338581339938,0.3821853526947124,0.1622,0.0,0.9952153110047848,0.0,False,single_elimination,9,False
13,4,Rob Kardashian,percent,24.0,0.1148325358851674,0.1194190199310862,11.94190199310862,0.0059938466758123,0.3623017715688945,0.1622,0.0,0.9952153110047848,0.0,False,single_elimination,9,False
13,5,Carson Kressley,percent,19.0,0.101063829787234,0.0234717732272099,2.3471773227209907,0.0008901467039964,0.0635130535574122,0.2591,0.0,0.1489361702127659,0.0,False,single_elimination,8,True
13,5,Chaz Bono,percent,21.0,0.1117021276595744,0.148342189056511,14.834218905651086,0.012102396999049,0.4287901904864102,0.2591,0.0,1.0,0.0,False,single_elimination,8,False
13,5,David Arquette,percent,25.0,0.1329787234042553,0.1350632061003304,13.506320610033038,0.0057135788741953,0.4322090173120264,0.2591,0.0,1.0,0.0,False,single_elimination,8,False
13,5,Hope Solo,percent,24.0,0.1276595744680851,0.1406861959387021,14.068619593870205,0.0065732333230279,0.4370948757804967,0.2591,0.0,1.0,0.0,False,single_elimination,8,False
13,5,J.R. Martinez,percent,28.0,0.1489361702127659,0.1341622991589834,13.416229915898336,0.0046924770468397,0.442922939664804,0.2591,0.0,1.0,0.0,False,single_elimination,8,False
13,5,Nancy Grace,percent,22.0,0.1170212765957446,0.1432162428123257,14.321624281232564,0.0093196581518785,0.4318993410231836,0.2591,0.0,1.0,0.0,False,single_elimination,8,False
13,5,Ricki Lake,percent,24.0,0.1276595744680851,0.1372400107232685,13.724001072326846,0.0050444626277529,0.434253930285838,0.2591,0.0,1.0,0.0,False,single_elimination,8,False
13,5,Rob Kardashian,percent,25.0,0.1329787234042553,0.1378180829826693,13.781808298266917,0.0041740459791504,0.4453572895929135,0.2591,0.0,1.0,0.0,False,single_elimination,8,False
13,6,Chaz Bono,percent,19.0,0.1144578313253012,0.0310008860928183,3.100088609281833,0.0012973432742384,0.087131305057491,0.2814,0.0,0.1712564543889845,0.0,False,single_elimination,7,True
13,6,David Arquette,percent,23.0,0.1385542168674698,0.1651462895627902,16.514628956279015,0.0087022244013039,0.4944380592864105,0.2814,0.0,1.0,0.0,False,single_elimination,7,False
13,6,Hope Solo,percent,20.0,0.1204819277108433,0.1747559528347312,17.47559528347311,0.0196388552107641,0.4971709715995848,0.2814,0.0,1.0,0.0,False,single_elimination,7,False
13,6,J.R. Martinez,percent,29.0,0.1746987951807229,0.1530537743086493,15.305377430864924,0.0053455575362002,0.4801716202996682,0.2814,0.0,1.0,0.0,False,single_elimination,7,False
13,6,Nancy Grace,percent,24.0,0.144578313253012,0.1567207665732281,15.6720766573228,0.0082210752612037,0.4821935847380288,0.2814,0.0,1.0,0.0,False,single_elimination,7,False
13,6,Ricki Lake,percent,29.0,0.1746987951807229,0.154278977756913,15.427897775691296,0.0044533288962938,0.4799684518582114,0.2814,0.0,1.0,0.0,False,single_elimination,7,False
13,6,Rob Kardashian,percent,22.0,0.1325301204819277,0.1650433528708704,16.50433528708703,0.0117763683039209,0.4791687899400063,0.2814,0.0,1.0,0.0,False,single_elimination,7,False
13,7,David Arquette,percent,23.5,0.1604095563139931,0.0299814481651105,2.998144816511051,0.0009520785620997,0.092668245820747,0.1872,0.0,0.1729237770193402,0.0,False,single_elimination,6,True
13,7,Hope Solo,percent,25.0,0.1706484641638225,0.1841618578099458,18.416185780994574,0.0133556485298017,0.5239228317751233,0.1872,0.0,0.9897610921501708,0.0,False,single_elimination,6,False
13,7,J.R. Martinez,percent,24.0,0.1638225255972696,0.1980529790892075,19.805297908920743,0.0209448553454085,0.5654654852918973,0.1872,0.0,0.9897610921501708,0.0,False,single_elimination,6,False
13,7,Nancy Grace,percent,22.0,0.1501706484641638,0.2138790515751747,21.387905157517466,0.036479891929021,0.5607685888261984,0.1872,0.0102389078498293,1.0,0.0,False,single_elimination,6,False
13,7,Ricki Lake,percent,26.5,0.1808873720136518,0.1868184184619452,18.681841846194512,0.013328306305666,0.5287925114621824,0.1872,0.0,0.9897610921501708,0.0,False,single_elimination,6,False
13,7,Rob Kardashian,percent,25.5,0.1740614334470989,0.1871062448986165,18.710624489861647,0.0168152693288046,0.517887038249884,0.1872,0.0,0.9897610921501708,0.0,False,single_elimination,6,False
13,8,Hope Solo,percent,26.0,0.2007722007722007,0.2392567809552122,23.92567809552123,0.0135013285521531,0.652052547701122,0.3183,0.0,1.0,0.0,False,single_elimination,5,False
13,8,J.R. Martinez,percent,30.0,0.2316602316602316,0.2231091066875416,22.31091066875417,0.0114991197786694,0.6401739462881578,0.3183,0.0,1.0,0.0,False,single_elimination,5,False
13,8,Nancy Grace,percent,22.0,0.1698841698841698,0.0486749977381134,4.867499773811342,0.0017620297226834,0.141527159047605,0.3183,0.0,0.2301158301158301,0.0,False,single_elimination,5,True
13,8,Ricki Lake,percent,26.0,0.2007722007722007,0.2381846052805266,23.81846052805267,0.0169341716253774,0.6636164044529617,0.3183,0.0,1.0,0.0,False,single_elimination,5,False
13,8,Rob Kardashian,percent,25.5,0.1969111969111969,0.2507745093386058,25.07745093386059,0.017666112093434,0.6755061701977253,0.3183,0.0,1.0,0.0,False,single_elimination,5,False
13,9,Hope Solo,percent,24.4998,0.2067502394524871,0.07843244049777,7.843244049776997,0.0027789860585179,0.2081937366252856,0.3667,0.0,0.2932497605475128,0.0,False,single_elimination,4,True
13,9,J.R. Martinez,percent,28.0,0.2362879168266533,0.3250842808015975,32.508428080159725,0.0319143380242184,0.7808661727482552,0.3667,0.0,1.0,0.0,False,single_elimination,4,False
13,9,Ricki Lake,percent,33.4999,0.2827007708893286,0.2971997360015705,29.71997360015703,0.0201120157175292,0.7571973753769164,0.3667,0.0,1.0,0.0,False,single_elimination,4,False
13,9,Rob Kardashian,percent,32.4998,0.2742610728315309,0.2992835426990628,29.92835426990625,0.0167082695918567,0.7654454107891596,0.3667,0.0,1.0,0.0,False,single_elimination,4,False
13,10,J.R. Martinez,percent,28.1665,0.3333329388541484,0.3376436447184862,33.76436447184858,0.0138412580362855,0.8450508093159231,1.0,0.0,1.0,0.0,False,no_elimination,3,False
13,10,Ricki Lake,percent,27.9999,0.3313613318879616,0.3300780984490046,33.00780984490043,0.0126141204905697,0.840079926716916,1.0,0.0,1.0,0.0,False,no_elimination,3,False
13,10,Rob Kardashian,percent,28.3332,0.33530572925789,0.3322782568325101,33.22782568325098,0.0127428690607899,0.8412138248832489,1.0,0.0,1.0,0.0,False,no_elimination,3,False
14,1,Donald Driver,percent,21.0,0.0777777777777777,0.0828355401870338,8.28355401870339,0.0022958277066797,0.2867884573031312,1.0,0.0,1.0,0.0,False,no_elimination,12,False
14,1,Gavin DeGraw,percent,20.0,0.074074074074074,0.0841232126667739,8.412321266677399,0.0024233508870473,0.2903106019645748,1.0,0.0,1.0,0.0,False,no_elimination,12,False
14,1,Gladys Knight,percent,23.0,0.0851851851851851,0.0841469700137602,8.414697001376025,0.0024166596235201,0.2909783203263668,1.0,0.0,1.0,0.0,False,no_elimination,12,False
14,1,Jack Wagner,percent,23.0,0.0851851851851851,0.0830450254701016,8.304502547010166,0.0022029791218766,0.2880119379847023,1.0,0.0,1.0,0.0,False,no_elimination,12,False
14,1,Jaleel White,percent,26.0,0.0962962962962963,0.0837147733683989,8.371477336839895,0.002390833773627,0.286481511365084,1.0,0.0,1.0,0.0,False,no_elimination,12,False
14,1,Katherine Jenkins,percent,26.0,0.0962962962962963,0.0821662517055846,8.216625170558462,0.0022797814204581,0.2801990485694948,1.0,0.0,1.0,0.0,False,no_elimination,12,False
14,1,Maria Menounos,percent,21.0,0.0777777777777777,0.0838596499873667,8.385964998736677,0.0021061726648862,0.2836898002518997,1.0,0.0,1.0,0.0,False,no_elimination,12,False
14,1,Martina Navratilova,percent,20.0,0.074074074074074,0.0823184719062783,8.231847190627843,0.0020209811786391,0.2823350182205493,1.0,0.0,1.0,0.0,False,no_elimination,12,False
14,1,Melissa Gilbert,percent,20.0,0.074074074074074,0.0841320463823257,8.413204638232582,0.0024804051583972,0.2880526383444484,1.0,0.0,1.0,0.0,False,no_elimination,12,False
14,1,Roshon Fegan,percent,23.0,0.0851851851851851,0.0824972732644822,8.249727326448223,0.0023341240267944,0.27885018391241,1.0,0.0,1.0,0.0,False,no_elimination,12,False
14,1,Sherri Sheperd,percent,23.0,0.0851851851851851,0.0833576652702586,8.335766527025863,0.0022309988575967,0.28512832399752,1.0,0.0,1.0,0.0,False,no_elimination,12,False
14,1,William Levy,percent,24.0,0.0888888888888888,0.0838031197776349,8.380311977763492,0.002263971093538,0.2860121628714047,1.0,0.0,1.0,0.0,False,no_elimination,12,False
14,2,Donald Driver,percent,24.0,0.0892193308550185,0.0893806187319371,8.938061873193712,0.0031758401075791,0.2991978719970851,0.254,0.0,1.0,0.0,False,single_elimination,12,False
14,2,Gavin DeGraw,percent,21.0,0.0780669144981412,0.0911479858657678,9.11479858657679,0.0042963859296818,0.2838640037440347,0.254,0.0,1.0,0.0,False,single_elimination,12,False
14,2,Gladys Knight,percent,19.0,0.070631970260223,0.0977503296357954,9.775032963579545,0.0059692970638373,0.3221939143831114,0.254,0.0,1.0,0.0,False,single_elimination,12,False
14,2,Jack Wagner,percent,21.0,0.0780669144981412,0.0892607489705005,8.926074897050054,0.0036371058068485,0.2983582211177248,0.254,0.0,1.0,0.0,False,single_elimination,12,False
14,2,Jaleel White,percent,22.0,0.0817843866171003,0.0872330655557932,8.723306555579327,0.002859204433364,0.3013466196418343,0.254,0.0,1.0,0.0,False,single_elimination,12,False
14,2,Katherine Jenkins,percent,26.0,0.0966542750929368,0.0901242274832845,9.012422748328458,0.0031374818022781,0.3036070773286013,0.254,0.0,1.0,0.0,False,single_elimination,12,False
14,2,Maria Menounos,percent,25.0,0.0929368029739776,0.0908793888821876,9.087938888218764,0.0022600727842749,0.2993616606463524,0.254,0.0,1.0,0.0,False,single_elimination,12,False
14,2,Martina Navratilova,percent,17.0,0.0631970260223048,0.0141642949074603,1.4164294907460306,0.000577799553519,0.0379970056038792,0.254,0.0,0.1034696406443618,0.0,False,single_elimination,12,True
14,2,Melissa Gilbert,percent,20.0,0.0743494423791821,0.0920791258354521,9.207912583545216,0.0044794908970271,0.2998670064708068,0.254,0.0,1.0,0.0,False,single_elimination,12,False
14,2,Roshon Fegan,percent,26.0,0.0966542750929368,0.0861537458575417,8.61537458575417,0.0024104171792806,0.2922321239398209,0.254,0.0,1.0,0.0,False,single_elimination,12,False
14,2,Sherri Sheperd,percent,23.0,0.0855018587360594,0.0861899955078679,8.618999550786793,0.0032090106135218,0.2789269541244976,0.254,0.0,1.0,0.0,False,single_elimination,12,False
14,2,William Levy,percent,25.0,0.0929368029739776,0.0856364727664114,8.563647276641142,0.0025492506798985,0.2958513177952467,0.254,0.0,1.0,0.0,False,single_elimination,12,False
14,3,Donald Driver,percent,26.0,0.0928571428571428,0.0995571186869873,9.955711868698732,0.0049852987748531,0.3253901607485149,0.1298,0.0,1.0,0.0,False,single_elimination,11,False
14,3,Gavin DeGraw,percent,24.0,0.0857142857142857,0.1007389007304211,10.07389007304212,0.0086291667302611,0.311139938832752,0.1298,-0.0,1.0,0.0,False,single_elimination,11,False
14,3,Gladys Knight,percent,24.0,0.0857142857142857,0.1013002671121687,10.130026711216878,0.0085996587839292,0.3046316047585925,0.1298,0.0,1.0,0.0,False,single_elimination,11,False
14,3,Jack Wagner,percent,24.0,0.0857142857142857,0.010025265599907,1.002526559990708,0.0003518460248542,0.0294034225333659,0.1298,0.0,0.0961038961038961,0.0,False,single_elimination,11,True
14,3,Jaleel White,percent,25.0,0.0892857142857142,0.099497040313373,9.949704031337305,0.0067026959166757,0.313168357956248,0.1298,0.0,1.0,0.0,False,single_elimination,11,False
14,3,Katherine Jenkins,percent,29.0,0.1035714285714285,0.0894009184695845,8.94009184695846,0.0032874219904348,0.3006241609319481,0.1298,0.0,1.0,0.0,False,single_elimination,11,False
14,3,Maria Menounos,percent,27.0,0.0964285714285714,0.0942455788691838,9.42455788691839,0.0034544664894253,0.3100614560071853,0.1298,0.0,1.0,0.0,False,single_elimination,11,False
14,3,Melissa Gilbert,percent,24.0,0.0857142857142857,0.0994947913421756,9.94947913421757,0.0090690516715864,0.3043281960704325,0.1298,0.0,1.0,0.0,False,single_elimination,11,False
14,3,Roshon Fegan,percent,25.0,0.0892857142857142,0.1021296058539741,10.212960585397417,0.0066556496047433,0.3318460527556652,0.1298,0.0,1.0,0.0,False,single_elimination,11,False
14,3,Sherri Sheperd,percent,24.0,0.0857142857142857,0.1049551139028687,10.495511390286874,0.009622936094205,0.3288097292713698,0.1298,0.0,1.0,0.0,False,single_elimination,11,False
14,3,William Levy,percent,28.0,0.1,0.0986553991193554,9.865539911935548,0.0040529335435128,0.3425453966580985,0.1298,0.0,1.0,0.0,False,single_elimination,11,False
14,4,Donald Driver,percent,27.0,0.1158798283261802,0.1038900234650781,10.389002346507809,0.0031904137010654,0.3343563816330774,0.1664,0.0,0.9957081545064378,0.0,False,single_elimination,10,False
14,4,Gavin DeGraw,percent,23.0,0.0987124463519313,0.1103644939041901,11.036449390419014,0.0048391146474991,0.3574192688226237,0.1664,0.0,0.9957081545064378,0.0,False,single_elimination,10,False
14,4,Gladys Knight,percent,20.0,0.0858369098712446,0.1231145865211529,12.311458652115286,0.0150103385479582,0.3742309282902389,0.1664,0.0042918454935622,1.0,0.0,False,single_elimination,10,False
14,4,Jaleel White,percent,22.0,0.0944206008583691,0.1126764034200129,11.267640342001288,0.0075754432652853,0.3529007334681993,0.1664,0.0,0.9957081545064378,0.0,False,single_elimination,10,False
14,4,Katherine Jenkins,percent,24.0,0.1030042918454935,0.1087429059068086,10.87429059068086,0.0046298437485757,0.3570800592662115,0.1664,0.0,0.9957081545064378,0.0,False,single_elimination,10,False
14,4,Maria Menounos,percent,26.0,0.111587982832618,0.1008882897401689,10.088828974016891,0.0033222029580745,0.3199249140211075,0.1664,0.0,0.9957081545064378,0.0,False,single_elimination,10,False
14,4,Melissa Gilbert,percent,22.0,0.0944206008583691,0.112426130047624,11.2426130047624,0.0074155993286394,0.3541389124351432,0.1664,0.0,0.9957081545064378,0.0,False,single_elimination,10,False
14,4,Roshon Fegan,percent,26.0,0.111587982832618,0.1066504575590394,10.665045755903945,0.0041880824751793,0.3667106789905076,0.1664,0.0,0.9957081545064378,0.0,False,single_elimination,10,False
14,4,Sherri Sheperd,percent,21.0,0.0901287553648068,0.0129441042807646,1.2944104280764623,0.0005411546508782,0.0402614254132038,0.1664,0.0,0.1098712446351931,0.0,False,single_elimination,10,True
14,4,William Levy,percent,22.0,0.0944206008583691,0.1083026051551603,10.830260515516034,0.0061139497868761,0.3476646737530994,0.1664,0.0,0.9957081545064378,0.0,False,single_elimination,10,False
14,5,Donald Driver,percent,27.0,0.1205357142857142,0.1156571147082689,11.565711470826884,0.0047931098799901,0.3947609505081701,0.2674,0.0,1.0,0.0,False,single_elimination,9,False
14,5,Gavin DeGraw,percent,19.0,0.0848214285714285,0.021420192161407,2.142019216140707,0.0009974611993712,0.0575940681479019,0.2674,0.0,0.1374007936507936,0.0,False,single_elimination,9,True
14,5,Gladys Knight,percent,22.0,0.0982142857142857,0.1307751419929581,13.077514199295804,0.0079170240786771,0.4109066483054584,0.2674,0.0,1.0,0.0,False,single_elimination,9,False
14,5,Jaleel White,percent,24.0,0.1071428571428571,0.1246238341032622,12.46238341032622,0.0056359359328375,0.400604088783898,0.2674,0.0,1.0,0.0,False,single_elimination,9,False
14,5,Katherine Jenkins,percent,29.0,0.1294642857142857,0.1153567158848025,11.53567158848025,0.0038771462125775,0.3933846105619207,0.2674,0.0,1.0,0.0,False,single_elimination,9,False
14,5,Maria Menounos,percent,27.0,0.1205357142857142,0.1187991755854267,11.879917558542664,0.0039173242958757,0.3906468490018724,0.2674,0.0,1.0,0.0,False,single_elimination,9,False
14,5,Melissa Gilbert,percent,21.0,0.09375,0.1332745947645216,13.32745947645216,0.0098835248408922,0.4062428440043017,0.2674,0.0,1.0,0.0,False,single_elimination,9,False
14,5,Roshon Fegan,percent,26.0,0.1160714285714285,0.1207503124434921,12.075031244349214,0.0041639608325701,0.3876570604713256,0.2674,0.0,1.0,0.0,False,single_elimination,9,False
14,5,William Levy,percent,29.0,0.1294642857142857,0.1193429183558608,11.93429183558608,0.0034021453647659,0.3842082504038586,0.2674,0.0,1.0,0.0,False,single_elimination,9,False
14,6,Donald Driver,percent,33.9999,0.1317829156900813,0.1367361598591189,13.6736159859119,0.0053567751277634,0.41615716316882,0.3021,0.0,1.0,0.0,False,single_elimination,8,False
14,6,Gladys Knight,percent,24.0,0.0930235082033168,0.0274642406804556,2.7464240680455614,0.0010118228267613,0.0752393233959159,0.3021,0.0,0.1569764917966831,0.0,False,single_elimination,8,True
14,6,Jaleel White,percent,36.9998,0.1434104666175451,0.134527747111207,13.452774711120703,0.0041415224776766,0.430172971807698,0.3021,0.0,1.0,0.0,False,single_elimination,8,False
14,6,Katherine Jenkins,percent,38.9999,0.151162813232439,0.1305511386557046,13.055113865570467,0.0042153019632517,0.4185433194628662,0.3021,0.0,1.0,0.0,False,single_elimination,8,False
14,6,Maria Menounos,percent,29.9999,0.1162789976561952,0.146293613547095,14.629361354709513,0.0071445174958997,0.4641352222160662,0.3021,0.0,1.0,0.0,False,single_elimination,8,False
14,6,Melissa Gilbert,percent,30.0,0.116279385254146,0.1443158131515251,14.431581315152512,0.0070209442302265,0.4507374818672125,0.3021,0.0,1.0,0.0,False,single_elimination,8,False
14,6,Roshon Fegan,percent,27.9998,0.1085266510413013,0.1474803014162735,14.74803014162736,0.0095703824435504,0.4311362333821064,0.3021,0.0,1.0,0.0,False,single_elimination,8,False
14,6,William Levy,percent,36.0,0.1395352623049752,0.1326309855786198,13.263098557861984,0.0048926284783457,0.4105583739565694,0.3021,0.0,1.0,0.0,False,single_elimination,8,False
14,7,Donald Driver,percent,26.5,0.1444141689373297,0.1587740076889696,15.877400768896967,0.014067600909448,0.4523230113944122,0.1646,0.0,0.9891008174386922,0.0,False,single_elimination,7,False
14,7,Jaleel White,percent,25.5,0.1389645776566757,0.0220661056803301,2.206610568033018,0.0009887476912467,0.0695379512922632,0.1646,0.0,0.1467497080576099,0.0,False,single_elimination,7,True
14,7,Katherine Jenkins,percent,27.0,0.1471389645776566,0.1582756866460943,15.827568664609435,0.00932409852398,0.4717259119066756,0.1646,0.0,0.9891008174386922,0.0,False,single_elimination,7,False
14,7,Maria Menounos,percent,28.5,0.1553133514986376,0.1542905765329972,15.429057653299727,0.0084326200040516,0.4757951621409749,0.1646,0.0,0.9891008174386922,0.0,False,single_elimination,7,False
14,7,Melissa Gilbert,percent,23.5,0.1280653950953678,0.177821209174435,17.782120917443507,0.03036628207577,0.4901193436380628,0.1646,0.0108991825613078,1.0,0.0,False,single_elimination,7,False
14,7,Roshon Fegan,percent,26.0,0.1416893732970027,0.1653542607376961,16.535426073769614,0.0176858923648658,0.4868114204863126,0.1646,0.0,0.9891008174386922,0.0,False,single_elimination,7,False
14,7,William Levy,percent,26.5,0.1444141689373297,0.1634181535394775,16.34181535394775,0.0131932957449749,0.4688033169911338,0.1646,0.0,0.9891008174386922,0.0,False,single_elimination,7,False
14,8,Donald Driver,percent,27.5,0.1681957186544342,0.2258319364457369,22.583193644573694,0.0433921890529844,0.5595462970764,0.0707,0.0030581039755351,0.9877675840978594,0.0,False,multi_elimination_2,6,False
14,8,Katherine Jenkins,percent,27.5,0.1681957186544342,0.2284211612428642,22.842116124286427,0.0412781280586374,0.5784832032528734,0.0707,0.0030581039755351,0.9877675840978593,0.0,False,multi_elimination_2,6,False
14,8,Maria Menounos,percent,26.5,0.1620795107033639,0.2390132219824222,23.901322198242227,0.049802115719088,0.5812383924916044,0.0707,0.0091743119266055,0.9938837920489296,0.0,False,multi_elimination_2,6,False
14,8,Melissa Gilbert,percent,25.5,0.1559633027522936,0.0499686689453869,4.996866894538692,0.0011858273180179,0.1287575503193962,0.0707,0.0,0.2097859327217125,0.0,False,multi_elimination_2,6,True
14,8,Roshon Fegan,percent,28.0,0.1712538226299694,0.0416373002910039,4.1637300291004,0.0012492344812684,0.116053805877577,0.0707,0.0,0.1975535168195718,0.0,False,multi_elimination_2,6,True
14,8,William Levy,percent,28.5,0.1743119266055046,0.2151277110925857,21.51277110925857,0.0335140351749755,0.5631177408282501,0.0707,0.0,0.9847094801223242,0.0,False,multi_elimination_2,6,False
14,9,Donald Driver,percent,28.5,0.2478260869565217,0.3126842974649228,31.26842974649224,0.0573032094803495,0.7139921188025244,0.2331,0.008695652173913,0.982608695652174,0.0,False,single_elimination,4,False
14,9,Katherine Jenkins,percent,28.0,0.2434782608695652,0.3195202552395919,31.952025523959144,0.0620853693310735,0.73045613819604,0.2331,0.0130434782608695,0.9869565217391304,0.0,False,single_elimination,4,False
14,9,Maria Menounos,percent,29.5,0.2565217391304348,0.0610491879992644,6.104918799926436,0.0019106181910753,0.1725060722656638,0.2331,0.0,0.2434782608695652,0.0,False,single_elimination,4,True
14,9,William Levy,percent,29.0,0.2521739130434782,0.3067462592962223,30.67462592962219,0.051253182674013,0.7267287468350198,0.2331,0.0043478260869565,0.9782608695652174,0.0,False,single_elimination,4,False
14,10,Donald Driver,percent,29.666600000000003,0.3320893016258233,0.3323110048058991,33.231100480589895,0.0119498802288832,0.8473600594724086,1.0,0.0,1.0,0.0,False,no_elimination,3,False
14,10,Katherine Jenkins,percent,30.0,0.3358213967483533,0.3335822339337981,33.35822339337979,0.0130873806603085,0.8351535388830889,1.0,0.0,1.0,0.0,False,no_elimination,3,False
14,10,William Levy,percent,29.666600000000003,0.3320893016258233,0.3341067612603035,33.410676126030324,0.0128512509761984,0.8449519179788193,1.0,0.0,1.0,0.0,False,no_elimination,3,False
15,1,Apolo Anton Ohno,percent,22.0,0.0795660036166365,0.0802744143635363,8.027441436353639,0.0025758889833261,0.2760384047734322,0.229,0.0,1.0,0.0,False,single_elimination,13,False
15,1,Bristol Palin,percent,19.5,0.0705244122965642,0.0849777967554574,8.497779675545747,0.0048563675240691,0.2756459550916108,0.229,0.0,1.0,0.0,False,single_elimination,13,False
15,1,Drew Lachey,percent,21.5,0.077757685352622,0.0781351480906199,7.813514809061998,0.0029622993923629,0.2732609335115877,0.229,0.0,1.0,0.0,False,single_elimination,13,False
15,1,Emmitt Smith,percent,24.5,0.0886075949367088,0.0817961941860597,8.179619418605974,0.002137535266059,0.280611572387088,0.229,0.0,1.0,0.0,False,single_elimination,13,False
15,1,Gilles Marini,percent,24.0,0.0867992766726944,0.0782881301632373,7.828813016323734,0.0022287977193333,0.2572516398111466,0.229,0.0,1.0,0.0,False,single_elimination,13,False
15,1,Helio Castroneves,percent,21.5,0.077757685352622,0.082140589783976,8.214058978397613,0.003400113484638,0.2710370292929367,0.229,0.0,1.0,0.0,False,single_elimination,13,False
15,1,Joey Fatone,percent,20.5,0.0741410488245931,0.0827765158417196,8.277651584171974,0.003660934147759,0.2650040160868878,0.229,0.0,1.0,0.0,False,single_elimination,13,False
15,1,Kelly Monaco,percent,21.5,0.077757685352622,0.0829398100253443,8.293981002534442,0.0026438068872889,0.2785039178575842,0.229,0.0,1.0,0.0,False,single_elimination,13,False
15,1,Kirstie Alley,percent,19.0,0.0687160940325497,0.0848053868756103,8.480538687561042,0.0045896936376671,0.2688915381436847,0.229,0.0,1.0,0.0,False,single_elimination,13,False
15,1,Melissa Rycroft,percent,21.0,0.0759493670886076,0.0818346215296786,8.183462152967872,0.0031774090502901,0.2747182134343674,0.229,0.0,1.0,0.0,False,single_elimination,13,False
15,1,Pamela Anderson,percent,17.0,0.0614828209764918,0.011542984665617,1.1542984665617078,0.0004919015326387,0.0305564332441554,0.229,0.0,0.0923633328696619,0.0,False,single_elimination,13,True
15,1,Sabrina Bryan,percent,22.5,0.081374321880651,0.0862926008163324,8.629260081633246,0.0024229437903657,0.2924657362245637,0.229,0.0,1.0,0.0,False,single_elimination,13,False
15,1,Shawn Johnson,percent,22.0,0.0795660036166365,0.0841958069028101,8.419580690281018,0.0026186343649313,0.2791354174487932,0.229,0.0,1.0,0.0,False,single_elimination,13,False
15,2,Apolo Anton Ohno,percent,24.5,0.0887681159420289,0.0830725344332246,8.307253443322466,0.0033477239903483,0.2677637989588722,0.0888,0.0,0.9764492753623188,0.0,False,single_elimination,12,False
15,2,Bristol Palin,percent,18.0,0.0652173913043478,0.1070115273420693,10.701152734206936,0.0243702033212684,0.3151358354493319,0.0888,0.0163043478260869,0.9927536231884058,0.0,False,single_elimination,12,False
15,2,Drew Lachey,percent,22.5,0.0815217391304347,0.0909265640534846,9.09265640534846,0.0070156101758885,0.2894395375857096,0.0888,0.0,0.9764492753623188,0.0,False,single_elimination,12,False
15,2,Emmitt Smith,percent,22.5,0.0815217391304347,0.0902280067853095,9.02280067853095,0.0090326755338702,0.2734654683134302,0.0888,0.0,0.9764492753623188,0.0,False,single_elimination,12,False
15,2,Gilles Marini,percent,25.5,0.092391304347826,0.0844862918969561,8.44862918969561,0.0040394542734605,0.2782922818583395,0.0888,0.0,0.9764492753623188,0.0,False,single_elimination,12,False
15,2,Helio Castroneves,percent,23.0,0.0833333333333333,0.0909917544953666,9.099175449536665,0.007306477757225,0.2900083655515639,0.0888,0.0,0.9764492753623188,0.0,False,single_elimination,12,False
15,2,Joey Fatone,percent,22.5,0.0815217391304347,0.0084478509491422,0.8447850949142284,0.000279164407131,0.0263982774171013,0.0888,0.0,0.0851449275362318,0.0,False,single_elimination,12,True
15,2,Kelly Monaco,percent,22.0,0.0797101449275362,0.0917444991638506,9.174449916385068,0.0111732825125055,0.2762663157034577,0.0888,0.0018115942028985,0.9782608695652174,0.0,False,single_elimination,12,False
15,2,Kirstie Alley,percent,21.0,0.0760869565217391,0.0985235022886461,9.85235022886462,0.0151928141680327,0.2864333861426945,0.0888,0.0054347826086956,0.9818840579710144,0.0,False,single_elimination,12,False
15,2,Melissa Rycroft,percent,23.5,0.0851449275362318,0.0839607831361851,8.396078313618514,0.0042260917539193,0.2634895331640043,0.0888,0.0,0.9764492753623188,0.0,False,single_elimination,12,False
15,2,Sabrina Bryan,percent,26.0,0.0942028985507246,0.0884552373293461,8.845523732934618,0.0026066194235888,0.2785729119571389,0.0888,0.0,0.9764492753623188,0.0,False,single_elimination,12,False
15,2,Shawn Johnson,percent,25.0,0.0905797101449275,0.0821514481264188,8.21514481264188,0.0034846810121403,0.2644279917091919,0.0888,0.0,0.9764492753623188,0.0,False,single_elimination,12,False
15,3,Apolo Anton Ohno,percent,25.5,0.0917266187050359,0.1094189910782992,10.941899107829927,0.0171749030512009,0.3368559533441982,0.0217,-0.0,0.9820143884892086,0.0,False,multi_elimination_2,11,False
15,3,Bristol Palin,percent,22.5,0.0809352517985611,0.125208446536212,12.520844653621204,0.025505751696534,0.3451460266310847,0.0217,0.0107913669064748,0.9928057553956836,0.0,False,multi_elimination_2,11,False
15,3,Drew Lachey,percent,24.0,0.0863309352517985,0.0144629579736082,1.446295797360826,0.000674390336019,0.0398698495047658,0.0217,0.0,0.1044964028776978,0.0,False,multi_elimination_2,11,True
15,3,Emmitt Smith,percent,25.0,0.0899280575539568,0.1028883526381467,10.288835263814676,0.0154903867687058,0.2976283147207998,0.0217,0.0017985611510791,0.9838129496402878,0.0,False,multi_elimination_2,11,False
15,3,Gilles Marini,percent,25.5,0.0917266187050359,0.0976123633336781,9.76123633336781,0.0114448595057796,0.2990304444872733,0.0217,0.0,0.9820143884892086,0.0,False,multi_elimination_2,11,False
15,3,Helio Castroneves,percent,25.5,0.0917266187050359,0.0122872564024892,1.228725640248921,0.0004602981552119,0.0340656512746233,0.0217,0.0,0.0996402877697841,0.0,False,multi_elimination_2,11,True
15,3,Kelly Monaco,percent,27.0,0.0971223021582733,0.1142980028611964,11.429800286119647,0.0114357650589876,0.3348856929473959,0.0217,0.0,0.9820143884892086,0.0,False,multi_elimination_2,11,False
15,3,Kirstie Alley,percent,24.0,0.0863309352517985,0.1191984141091895,11.91984141091895,0.0199488672003959,0.3406758953597387,0.0217,0.0053956834532374,0.987410071942446,0.0,False,multi_elimination_2,11,False
15,3,Melissa Rycroft,percent,27.0,0.0971223021582733,0.10399490186796,10.399490186796005,0.0098739437277989,0.3331215191829482,0.0217,0.0,0.9820143884892086,0.0,False,multi_elimination_2,11,False
15,3,Sabrina Bryan,percent,25.5,0.0917266187050359,0.1063776874336668,10.637768743366689,0.0175826742810808,0.2764230539134822,0.0217,0.0,0.9820143884892086,0.0,False,multi_elimination_2,11,False
15,3,Shawn Johnson,percent,26.5,0.0953237410071942,0.0942526257655536,9.425262576555362,0.0104838209458726,0.2819415675486493,0.0217,0.0,0.9820143884892086,0.0,False,multi_elimination_2,11,False
15,4,Apolo Anton Ohno,percent,34.5,0.1073094867807153,0.1236874309516917,12.368743095169176,0.0065329391833324,0.3868829251514634,0.1922,0.0,0.9937791601866252,0.0,False,single_elimination,9,False
15,4,Bristol Palin,percent,32.0,0.0995334370139968,0.0159172215158573,1.5917221515857387,0.0006725922716719,0.0480411037425542,0.1922,0.0,0.1226887852082253,0.0,False,single_elimination,9,True
15,4,Emmitt Smith,percent,36.0,0.1119751166407465,0.122966929370544,12.296692937054402,0.005701155164286,0.3831677472488357,0.1922,0.0,0.9937791601866252,0.0,False,single_elimination,9,False
15,4,Gilles Marini,percent,39.5,0.1228615863141524,0.1156834106317278,11.56834106317278,0.0051228193507295,0.3569188392527722,0.1922,0.0,0.9937791601866252,0.0,False,single_elimination,9,False
15,4,Kelly Monaco,percent,37.5,0.1166407465007776,0.1218619958931424,12.186199589314244,0.0058248141678167,0.3894032537286775,0.1922,0.0,0.9937791601866252,0.0,False,single_elimination,9,False
15,4,Kirstie Alley,percent,30.0,0.093312597200622,0.1380991637354409,13.80991637354409,0.0197367731354269,0.4093893525796473,0.1922,0.0062208398133748,1.0,0.0,False,single_elimination,9,False
15,4,Melissa Rycroft,percent,37.0,0.1150855365474339,0.1217474736315538,12.174747363155388,0.0066265045328722,0.3837908953437153,0.1922,0.0,0.9937791601866252,0.0,False,single_elimination,9,False
15,4,Sabrina Bryan,percent,35.5,0.1104199066874028,0.1213233494743289,12.132334947432897,0.0065586901860756,0.3822732035915746,0.1922,0.0,0.9937791601866252,0.0,False,single_elimination,9,False
15,4,Shawn Johnson,percent,39.5,0.1228615863141524,0.1187130247957128,11.871302479571288,0.004899113529088,0.3733925365225943,0.1922,0.0,0.9937791601866252,0.0,False,single_elimination,9,False
15,5,Apolo Anton Ohno,percent,28.25,0.1271091113610798,0.1244685780826534,12.446857808265367,0.0037370615393028,0.4160727241883309,1.0,0.0,1.0,0.0,False,no_elimination,8,False
15,5,Emmitt Smith,percent,28.0,0.1259842519685039,0.1251241019651716,12.512410196517182,0.003583572709473,0.412759993498961,1.0,0.0,1.0,0.0,False,no_elimination,8,False
15,5,Gilles Marini,percent,28.25,0.1271091113610798,0.1234850106274669,12.348501062746712,0.0036092553410698,0.3979245328986449,1.0,0.0,1.0,0.0,False,no_elimination,8,False
15,5,Kelly Monaco,percent,25.75,0.1158605174353205,0.1241253882507295,12.412538825072971,0.0033530496058218,0.4144293785760622,1.0,0.0,1.0,0.0,False,no_elimination,8,False
15,5,Kirstie Alley,percent,26.25,0.1181102362204724,0.1260116098171205,12.601160981712074,0.0038192501636272,0.411174431799033,1.0,0.0,1.0,0.0,False,no_elimination,8,False
15,5,Melissa Rycroft,percent,28.25,0.1271091113610798,0.1252963510963657,12.529635109636589,0.0030992782279129,0.4033214823650183,1.0,0.0,1.0,0.0,False,no_elimination,8,False
15,5,Sabrina Bryan,percent,29.25,0.1316085489313835,0.1261712897975649,12.617128979756512,0.0042047207462956,0.4071232570746326,1.0,0.0,1.0,0.0,False,no_elimination,8,False
15,5,Shawn Johnson,percent,28.25,0.1271091113610798,0.1253176703629257,12.53176703629259,0.0034564526948826,0.4107463403432139,1.0,0.0,1.0,0.0,False,no_elimination,8,False
15,6,Apolo Anton Ohno,percent,30.0,0.1327433628318584,0.1364969001321307,13.649690013213078,0.0115353128237543,0.3863610856346959,0.081,0.0,0.9380530973451326,0.0,False,single_elimination,8,False
15,6,Emmitt Smith,percent,26.5,0.1172566371681416,0.1469483808119902,14.69483808119903,0.0300453952607672,0.3974106550270529,0.081,0.0154867256637168,0.9535398230088494,0.0,False,single_elimination,8,False
15,6,Gilles Marini,percent,27.5,0.1216814159292035,0.1341490688901409,13.414906889014093,0.0242433723184206,0.3819871245289601,0.081,0.0110619469026548,0.9491150442477876,0.0,False,single_elimination,8,False
15,6,Kelly Monaco,percent,27.0,0.1194690265486725,0.1457756225674772,14.577562256747726,0.0251850355710853,0.4185785754316112,0.081,0.0132743362831858,0.9513274336283184,0.0,False,single_elimination,8,False
15,6,Kirstie Alley,percent,27.5,0.1216814159292035,0.1423177670928869,14.231776709288694,0.0237894129168968,0.4086665441986379,0.081,0.0110619469026548,0.9491150442477876,0.0,False,single_elimination,8,False
15,6,Melissa Rycroft,percent,29.5,0.1305309734513274,0.141718811297682,14.171881129768202,0.0209046803405269,0.3960652589010985,0.081,0.0022123893805309,0.9402654867256636,0.0,False,single_elimination,8,False
15,6,Sabrina Bryan,percent,30.0,0.1327433628318584,0.014725889047705,1.472588904770507,0.0003474053147976,0.0476071752165865,0.081,0.0,0.1172566371681415,0.0,False,single_elimination,8,True
15,6,Shawn Johnson,percent,28.0,0.1238938053097345,0.1378675601599867,13.786756015998677,0.0223598501012327,0.3980995557522219,0.081,0.0088495575221239,0.9469026548672566,0.0,False,single_elimination,8,False
15,7,Apolo Anton Ohno,percent,33.0,0.1363640308050478,0.1411614926088911,14.116149260889124,0.0041575198878025,0.4557853470120592,1.0,0.0,1.0,0.0,False,no_elimination,7,False
15,7,Emmitt Smith,percent,34.4999,0.1425619826173051,0.1417847778753343,14.178477787533438,0.0042768155723164,0.4563029892302587,1.0,0.0,1.0,0.0,False,no_elimination,7,False
15,7,Gilles Marini,percent,33.4998,0.1384293260352406,0.143397267600331,14.33972676003311,0.0042640965167362,0.4534087528429815,1.0,0.0,1.0,0.0,False,no_elimination,7,False
15,7,Kelly Monaco,percent,36.0,0.1487607608782339,0.1423935128817714,14.239351288177152,0.0045572620669223,0.4709195801002105,1.0,0.0,1.0,0.0,False,no_elimination,7,False
15,7,Kirstie Alley,percent,27.9999,0.1157024007920684,0.1446779638563718,14.467796385637188,0.0043877917498377,0.4635052999864435,1.0,0.0,1.0,0.0,False,no_elimination,7,False
15,7,Melissa Rycroft,percent,38.9999,0.1611570777270843,0.1442329216816669,14.423292168166704,0.0039491310757582,0.4675979270659838,1.0,0.0,1.0,0.0,False,no_elimination,7,False
15,7,Shawn Johnson,percent,37.9998,0.1570244211450198,0.1423520634956328,14.235206349563292,0.0042638585509985,0.4599843692491471,1.0,0.0,1.0,0.0,False,no_elimination,7,False
15,8,Apolo Anton Ohno,percent,29.2777,0.1469193195013584,0.1839978105836853,18.39978105836853,0.0277305525548496,0.4938947113803732,0.0583,-0.0,0.986897159437046,0.0,False,multi_elimination_2,7,False
15,8,Emmitt Smith,percent,29.0554,0.1458037890899821,0.1799544474465949,17.995444744659487,0.0395730435366958,0.4426738956407395,0.0583,0.0011155304113762,0.9880126898484224,0.0,False,multi_elimination_2,7,False
15,8,Gilles Marini,percent,29.2777,0.1469193195013584,0.0307722313872456,3.0772231387245665,0.0012508800560846,0.0848502919142661,0.0583,0.0,0.1650869591835301,0.0,False,multi_elimination_2,7,True
15,8,Kelly Monaco,percent,28.3333,0.1421801970519487,0.1931293676704323,19.312936767043222,0.0338568393090662,0.4968779882143549,0.0583,0.0047391224494096,0.9916362818864556,0.0,False,multi_elimination_2,7,False
15,8,Kirstie Alley,percent,25.5,0.127962327890669,0.0408444938454284,4.084449384542841,0.0013716076438078,0.1061065332958548,0.0583,0.0,0.1808844521924379,0.0,False,multi_elimination_2,7,True
15,8,Melissa Rycroft,percent,30.0,0.1505439151654929,0.1837497788854979,18.374977888549797,0.031842420403422,0.4793518722757141,0.0583,0.0,0.986897159437046,0.0,False,multi_elimination_2,7,False
15,8,Shawn Johnson,percent,27.8333,0.1396711317991904,0.1875518701811157,18.755187018111567,0.0407195775690075,0.4588743868688973,0.0583,0.0072481877021679,0.994145347139214,0.0,False,multi_elimination_2,7,False
15,9,Apolo Anton Ohno,percent,28.611,0.202915325351756,0.0654216796380662,6.542167963806627,0.0020520650960451,0.1687635332826549,0.103,0.0,0.2492122323664518,0.0,False,multi_elimination_2,5,True
15,9,Emmitt Smith,percent,27.0,0.1914897691271683,0.0676862726298063,6.768627262980631,0.002799441780076,0.1803016182782906,0.103,0.0,0.2577813995348926,0.0,False,multi_elimination_2,5,True
15,9,Kelly Monaco,percent,27.111,0.1922770048446911,0.3005176868717673,30.05176868717672,0.0799459775814593,0.6899193821864174,0.103,0.0106383205070648,1.0,0.0,False,multi_elimination_2,5,False
15,9,Melissa Rycroft,percent,28.7777,0.2040975973707745,0.2874181991194384,28.74181991194383,0.0702457784745724,0.6297215842231465,0.103,0.0,0.9893616794929352,0.0,False,multi_elimination_2,5,False
15,9,Shawn Johnson,percent,29.5,0.2092203033056098,0.278956161740922,27.89561617409219,0.0563893461561685,0.6287564623080669,0.103,0.0,0.9893616794929352,0.0,False,multi_elimination_2,5,False
15,10,Kelly Monaco,percent,29.1109,0.3331212530739241,0.331918174406529,33.19181744065294,0.0127976889342028,0.8408536071148642,1.0,0.0,1.0,0.0,False,no_elimination,3,False
15,10,Melissa Rycroft,percent,29.3331,0.3356639275509422,0.3313287987202207,33.13287987202211,0.0117789626026139,0.8362176308457253,1.0,0.0,1.0,0.0,False,no_elimination,3,False
15,10,Shawn Johnson,percent,28.9443,0.3312148193751337,0.3367530268732493,33.67530268732497,0.0127037901970754,0.8482617668298923,1.0,0.0,1.0,0.0,False,no_elimination,3,False
16,1,Alexandra Raisman,percent,21.0,0.0917030567685589,0.082597778126419,8.259777812641913,0.002557855656066,0.2812118512283448,1.0,0.0,1.0,0.0,False,no_elimination,12,False
16,1,Andy Dick,percent,17.0,0.074235807860262,0.0830763387216392,8.30763387216393,0.0023551003064717,0.2834786808447992,1.0,0.0,1.0,0.0,False,no_elimination,12,False
16,1,D. L. Hughley,percent,12.0,0.0524017467248908,0.08512044442313,8.512044442313016,0.0023759472763272,0.2879428878311327,1.0,0.0,1.0,0.0,False,no_elimination,12,False
16,1,Dorothy Hamill,percent,21.0,0.0917030567685589,0.0836022758575199,8.360227585752002,0.0022929123798264,0.2926075774682619,1.0,0.0,1.0,0.0,False,no_elimination,12,False
16,1,Ingo Rademacher,percent,20.0,0.0873362445414847,0.081810325584303,8.181032558430314,0.0021437169355704,0.2706374574268685,1.0,0.0,1.0,0.0,False,no_elimination,12,False
16,1,Jacoby Jones,percent,20.0,0.0873362445414847,0.0815723596180651,8.157235961806522,0.0022151964585633,0.2801269809054845,1.0,0.0,1.0,0.0,False,no_elimination,12,False
16,1,Kellie Pickler,percent,21.0,0.0917030567685589,0.0838129486944555,8.381294869445561,0.0024078001991667,0.2817863039066335,1.0,0.0,1.0,0.0,False,no_elimination,12,False
16,1,Lisa Vanderpump,percent,18.0,0.0786026200873362,0.0833675572052919,8.336755720529203,0.0022389386358108,0.2806011685693214,1.0,0.0,1.0,0.0,False,no_elimination,12,False
16,1,Sean Lowe,percent,19.0,0.0829694323144104,0.0842516589018489,8.425165890184907,0.0022909064282232,0.2884430094293674,1.0,0.0,1.0,0.0,False,no_elimination,12,False
16,1,Victor Ortiz,percent,18.0,0.0786026200873362,0.0815633959251094,8.156339592510955,0.0022696661396792,0.2807455998054632,1.0,0.0,1.0,0.0,False,no_elimination,12,False
16,1,Wynonna Judd,percent,18.0,0.0786026200873362,0.0843005869525777,8.430058695257777,0.0023105334127627,0.293371177195249,1.0,0.0,1.0,0.0,False,no_elimination,12,False
16,1,Zendaya,percent,24.0,0.1048034934497816,0.0849243299896389,8.4924329989639,0.0022046203744508,0.2853913628924464,1.0,0.0,1.0,0.0,False,no_elimination,12,False
16,2,Alexandra Raisman,percent,24.0,0.0983606557377049,0.0820780588878414,8.207805888784138,0.0023016720955243,0.2826577544197112,1.0,0.0,1.0,0.0,False,no_elimination,12,False
16,2,Andy Dick,percent,20.0,0.081967213114754,0.0818110226950317,8.181102269503167,0.0022712067530618,0.2752629926421527,1.0,0.0,1.0,0.0,False,no_elimination,12,False
16,2,D. L. Hughley,percent,16.0,0.0655737704918032,0.0844696170236102,8.446961702361024,0.0021396258424811,0.2869615150234193,1.0,0.0,1.0,0.0,False,no_elimination,12,False
16,2,Dorothy Hamill,percent,15.0,0.0614754098360655,0.0828938885851117,8.289388858511176,0.0025508289996004,0.2851006952014029,1.0,0.0,1.0,0.0,False,no_elimination,12,False
16,2,Ingo Rademacher,percent,20.0,0.081967213114754,0.083511359939319,8.351135993931896,0.0020762257943947,0.2899386346357621,1.0,0.0,1.0,0.0,False,no_elimination,12,False
16,2,Jacoby Jones,percent,23.0,0.0942622950819672,0.0841717487083843,8.417174870838432,0.0022401375706304,0.292261378092511,1.0,0.0,1.0,0.0,False,no_elimination,12,False
16,2,Kellie Pickler,percent,26.0,0.1065573770491803,0.0849432485786391,8.494324857863905,0.0024251900701022,0.2850624411915465,1.0,0.0,1.0,0.0,False,no_elimination,12,False
16,2,Lisa Vanderpump,percent,18.0,0.0737704918032786,0.0829112195982311,8.291121959823109,0.0023066041762434,0.2857032609343136,1.0,0.0,1.0,0.0,False,no_elimination,12,False
16,2,Sean Lowe,percent,20.0,0.081967213114754,0.0837900826427209,8.379008264272095,0.0024370030810756,0.2824121958533691,1.0,0.0,1.0,0.0,False,no_elimination,12,False
16,2,Victor Ortiz,percent,18.0,0.0737704918032786,0.0842247733616655,8.422477336166553,0.0024365427153698,0.2841710194052066,1.0,0.0,1.0,0.0,False,no_elimination,12,False
16,2,Wynonna Judd,percent,18.0,0.0737704918032786,0.0827914871918401,8.279148719184011,0.0022637454820338,0.2765373092862085,1.0,0.0,1.0,0.0,False,no_elimination,12,False
16,2,Zendaya,percent,26.0,0.1065573770491803,0.0824034927876047,8.240349278760473,0.0022488168641639,0.2787544457348254,1.0,0.0,1.0,0.0,False,no_elimination,12,False
16,3,Alexandra Raisman,percent,23.0,0.0978725070170332,0.0967963330475823,9.679633304758235,0.003535889993519,0.3284595520070622,0.2711,0.0,1.0,0.0,False,single_elimination,11,False
16,3,Andy Dick,percent,18.0,0.0765958750568086,0.1018342556335468,10.183425563354689,0.0050643858151047,0.3239109830538231,0.2711,0.0,1.0,0.0,False,single_elimination,11,False
16,3,D. L. Hughley,percent,16.0,0.0680852222727187,0.1076636131779732,10.766361317797331,0.0102796616321483,0.3215328322408535,0.2711,0.0,1.0,0.0,False,single_elimination,11,False
16,3,Ingo Rademacher,percent,21.0,0.0893618542329433,0.0979597641531174,9.795976415311742,0.003384321230849,0.3102892249679785,0.2711,0.0,1.0,0.0,False,single_elimination,11,False
16,3,Jacoby Jones,percent,25.9998,0.1106376351278895,0.0945399727882315,9.45399727882316,0.0029551320490895,0.3098912683698809,0.2711,0.0,1.0,0.0,False,single_elimination,11,False
16,3,Kellie Pickler,percent,25.0,0.106383159801123,0.099526784640431,9.952678464043109,0.0029884964121403,0.341542748142283,0.2711,0.0,1.0,0.0,False,single_elimination,11,False
16,3,Lisa Vanderpump,percent,21.0,0.0893618542329433,0.0965789852504039,9.657898525040396,0.003493139483852,0.3182576256862804,0.2711,0.0,1.0,0.0,False,single_elimination,11,False
16,3,Sean Lowe,percent,21.0,0.0893618542329433,0.0960264908186178,9.602649081861792,0.0028678168906834,0.3114848413876821,0.2711,0.0,1.0,0.0,False,single_elimination,11,False
16,3,Victor Ortiz,percent,23.0,0.0978725070170332,0.0966161680515972,9.661616805159722,0.0034861774841869,0.3088724282488364,0.2711,0.0,1.0,0.0,False,single_elimination,11,False
16,3,Wynonna Judd,percent,15.0,0.0638298958806738,0.0178593782223297,1.7859378222329705,0.0007355093750406,0.0473165011086625,0.2711,0.0,0.1179882859375079,0.0,False,single_elimination,11,True
16,3,Zendaya,percent,25.9998,0.1106376351278895,0.0945982542161684,9.459825421616848,0.0029837995199939,0.3083706569865611,0.2711,0.0,1.0,0.0,False,single_elimination,11,False
16,4,Alexandra Raisman,percent,27.0,0.1205357142857142,0.1047987775792227,10.47987775792226,0.0037826325675211,0.3521383415177469,0.2259,0.0,1.0,0.0,False,single_elimination,10,False
16,4,Andy Dick,percent,21.0,0.09375,0.1107145274580583,11.071452745805823,0.004017486070868,0.3576377439961383,0.2259,0.0,1.0,0.0,False,single_elimination,10,False
16,4,D. L. Hughley,percent,21.0,0.09375,0.1116081541618816,11.16081541618816,0.0055901744516421,0.369832563592356,0.2259,0.0,1.0,0.0,False,single_elimination,10,False
16,4,Ingo Rademacher,percent,23.0,0.1026785714285714,0.1085135582468244,10.851355824682432,0.0042275748002735,0.3491241941974617,0.2259,0.0,1.0,0.0,False,single_elimination,10,False
16,4,Jacoby Jones,percent,24.0,0.1071428571428571,0.1062434957504224,10.624349575042237,0.0031187970467216,0.3352055331204926,0.2259,0.0,1.0,0.0,False,single_elimination,10,False
16,4,Kellie Pickler,percent,26.0,0.1160714285714285,0.1048612259696457,10.486122596964568,0.0033484834844634,0.3564364358847169,0.2259,0.0,1.0,0.0,False,single_elimination,10,False
16,4,Lisa Vanderpump,percent,18.0,0.0803571428571428,0.0164456199829813,1.6445619982981288,0.0005943952681395,0.0453869378965507,0.2259,0.0,0.1196428571428571,0.0,False,single_elimination,10,True
16,4,Sean Lowe,percent,20.0,0.0892857142857142,0.1132876968693935,11.328769686939346,0.0080309693331819,0.3489616676782321,0.2259,0.0,1.0,0.0,False,single_elimination,10,False
16,4,Victor Ortiz,percent,18.0,0.0803571428571428,0.1176576248435657,11.765762484356566,0.0126354395203311,0.3492408857560636,0.2259,-0.0,1.0,0.0,False,single_elimination,10,False
16,4,Zendaya,percent,26.0,0.1160714285714285,0.1058693191380048,10.586931913800475,0.0032930857997706,0.3418273123953838,0.2259,0.0,1.0,0.0,False,single_elimination,10,False
16,5,Alexandra Raisman,percent,25.0,0.1196172248803827,0.1190706500392987,11.907065003929867,0.0047187969846264,0.3976512828504167,0.2507,0.0,1.0,0.0,False,single_elimination,9,False
16,5,Andy Dick,percent,18.0,0.0861244019138756,0.136928604644345,13.692860464434498,0.0167752128492655,0.4168013605632696,0.2507,-0.0,1.0,0.0,False,single_elimination,9,False
16,5,D. L. Hughley,percent,18.0,0.0861244019138756,0.0205071919673413,2.0507191967341307,0.0008439342429183,0.0559532465835332,0.2507,0.0,0.1360978203083466,0.0,False,single_elimination,9,True
16,5,Ingo Rademacher,percent,21.0,0.1004784688995215,0.129982545822913,12.998254582291295,0.0070696989305657,0.3984443018998269,0.2507,0.0,1.0,0.0,False,single_elimination,9,False
16,5,Jacoby Jones,percent,26.0,0.124401913875598,0.1167499735932147,11.67499735932147,0.0042007232919295,0.3775757062552204,0.2507,0.0,1.0,0.0,False,single_elimination,9,False
16,5,Kellie Pickler,percent,27.0,0.1291866028708134,0.1162845068242951,11.62845068242951,0.0030936838013131,0.384223741928176,0.2507,0.0,1.0,0.0,False,single_elimination,9,False
16,5,Sean Lowe,percent,24.0,0.1148325358851674,0.1198689316334941,11.986893163349407,0.0047571845363631,0.3879168776863194,0.2507,0.0,1.0,0.0,False,single_elimination,9,False
16,5,Victor Ortiz,percent,21.0,0.1004784688995215,0.12569268633846,12.569268633845995,0.0065197186449505,0.3838119976485074,0.2507,0.0,1.0,0.0,False,single_elimination,9,False
16,5,Zendaya,percent,29.0,0.138755980861244,0.1149149091366382,11.491490913663815,0.0039963891036965,0.3724995066611428,0.2507,0.0,1.0,0.0,False,single_elimination,9,False
16,6,Alexandra Raisman,percent,26.0,0.1379310344827586,0.1377717824745089,13.77717824745089,0.0054800864462486,0.4295265929450049,0.2338,0.0,1.0,0.0,False,single_elimination,8,False
16,6,Andy Dick,percent,21.5,0.1140583554376657,0.1508543010418068,15.085430104180675,0.010544901271584,0.4663436288482534,0.2338,0.0,1.0,0.0,False,single_elimination,8,False
16,6,Ingo Rademacher,percent,23.0,0.1220159151193634,0.1391519952500447,13.915199525004466,0.0088037520631617,0.4313951783455623,0.2338,0.0,1.0,0.0,False,single_elimination,8,False
16,6,Jacoby Jones,percent,22.5,0.1193633952254641,0.1413402508852387,14.134025088523869,0.0092141390607992,0.4399266778725013,0.2338,0.0,1.0,0.0,False,single_elimination,8,False
16,6,Kellie Pickler,percent,27.0,0.143236074270557,0.1315035697799483,13.150356977994829,0.0037000024711314,0.4231529545034777,0.2338,0.0,1.0,0.0,False,single_elimination,8,False
16,6,Sean Lowe,percent,23.0,0.1220159151193634,0.1423089746730025,14.230897467300249,0.0069422646043447,0.4475102612761047,0.2338,0.0,1.0,0.0,False,single_elimination,8,False
16,6,Victor Ortiz,percent,20.0,0.1061007957559681,0.0221732834693748,2.21732834693748,0.000781073530114,0.0642825709454073,0.2338,0.0,0.1438992042440318,0.0,False,single_elimination,8,True
16,6,Zendaya,percent,25.5,0.1352785145888594,0.1348958424260753,13.489584242607531,0.0063385322940136,0.4345784469974623,0.2338,0.0,1.0,0.0,False,single_elimination,8,False
16,7,Alexandra Raisman,percent,32.0,0.1739130434782608,0.1579734695782319,15.797346957823194,0.0045474451364213,0.4982282999419952,0.3872,0.0,1.0,0.0,False,single_elimination,7,False
16,7,Andy Dick,percent,17.0,0.092391304347826,0.0389907333983132,3.8990733398313258,0.0019453377398298,0.1021730360307895,0.3872,0.0,0.1933229813664596,0.0,False,single_elimination,7,True
16,7,Ingo Rademacher,percent,25.0,0.1358695652173913,0.1621628696488506,16.216286964885068,0.0072024867653476,0.5050327294829697,0.3872,0.0,1.0,0.0,False,single_elimination,7,False
16,7,Jacoby Jones,percent,27.0,0.1467391304347826,0.1630570761109048,16.305707611090487,0.0060985946787996,0.4813867149423816,0.3872,0.0,1.0,0.0,False,single_elimination,7,False
16,7,Kellie Pickler,percent,29.0,0.1576086956521739,0.1572322674762842,15.723226747628424,0.0059462064880454,0.4855930268165291,0.3872,0.0,1.0,0.0,False,single_elimination,7,False
16,7,Sean Lowe,percent,24.0,0.1304347826086956,0.1655471605270046,16.554716052700464,0.0069207073300482,0.4864445003859373,0.3872,0.0,1.0,0.0,False,single_elimination,7,False
16,7,Zendaya,percent,30.0,0.1630434782608695,0.1550364232604103,15.503642326041035,0.0064085780834817,0.4785852261158762,0.3872,0.0,1.0,0.0,False,single_elimination,7,False
16,8,Alexandra Raisman,percent,28.0,0.180064308681672,0.1859424504393707,18.59424504393709,0.0072308288022386,0.5602619810116382,0.3139,0.0,1.0,0.0,False,single_elimination,6,False
16,8,Ingo Rademacher,percent,24.0,0.1543408360128617,0.2039642529579863,20.39642529579864,0.0149027339810445,0.5814689483211402,0.3139,0.0,1.0,0.0,False,single_elimination,6,False
16,8,Jacoby Jones,percent,26.0,0.1672025723472668,0.1921590567345685,19.215905673456867,0.0108662190992433,0.5656618828439272,0.3139,0.0,1.0,0.0,False,single_elimination,6,False
16,8,Kellie Pickler,percent,27.5,0.1768488745980707,0.188447197524566,18.84471975245661,0.0096186061202427,0.5459206152233358,0.3139,0.0,1.0,0.0,False,single_elimination,6,False
16,8,Sean Lowe,percent,21.0,0.135048231511254,0.0390188501787291,3.901885017872916,0.0014891625543457,0.108715174791321,0.3139,0.0,0.1982851018220792,0.0,False,single_elimination,6,True
16,8,Zendaya,percent,29.0,0.1864951768488746,0.1904681921647785,19.046819216477864,0.0091265003778058,0.567965727459182,0.3139,0.0,1.0,0.0,False,single_elimination,6,False
16,9,Alexandra Raisman,percent,29.5,0.2092198581560283,0.2360046908812998,23.600469088129948,0.0185784908940189,0.6406412679386193,0.2694,0.0,1.0,0.0,False,single_elimination,5,False
16,9,Ingo Rademacher,percent,25.5,0.1808510638297872,0.0465522418438306,4.655224184383053,0.0016380232239591,0.1332488352968925,0.2694,0.0,0.2191489361702127,0.0,False,single_elimination,5,True
16,9,Jacoby Jones,percent,29.5,0.2092198581560283,0.2343298251792336,23.43298251792333,0.0166534451812594,0.6245923123936368,0.2694,0.0,1.0,0.0,False,single_elimination,5,False
16,9,Kellie Pickler,percent,29.0,0.2056737588652482,0.2350730886174654,23.50730886174652,0.018389090428856,0.6454442830819979,0.2694,0.0,1.0,0.0,False,single_elimination,5,False
16,9,Zendaya,percent,27.5,0.1950354609929078,0.2480401534781718,24.804015347817145,0.0258353780459633,0.657966074803646,0.2694,0.0,1.0,0.0,False,single_elimination,5,False
16,10,Alexandra Raisman,percent,29.0,0.2478634597123587,0.0652407053378026,6.5240705337802645,0.002308140286152,0.1781490885600573,0.2531,0.0,0.2521365402876413,0.0,False,single_elimination,4,True
16,10,Jacoby Jones,percent,27.9999,0.2393155891586232,0.3303731505157355,33.037315051573565,0.0601046691166375,0.743351647494879,0.2531,0.0085478705537355,1.0,0.0,False,single_elimination,4,False
16,10,Kellie Pickler,percent,30.0,0.256410475564509,0.3070106492844907,30.701064928449075,0.0483984972784113,0.7335929420518214,0.2531,0.0,0.9914521294462644,0.0,False,single_elimination,4,False
16,10,Zendaya,percent,30.0,0.256410475564509,0.2973754948619709,29.7375494861971,0.0431102408070886,0.7180785389253643,0.2531,0.0,0.9914521294462644,0.0,False,single_elimination,4,False
17,1,Amber Riley,percent,27.0,0.10546875,0.0843463228660859,8.434632286608585,0.0020675283516771,0.2816587590361169,1.0,0.0,1.0,0.0,False,no_elimination,12,False
17,1,Bill Engvall,percent,18.0,0.0703125,0.0827842429569196,8.278424295691948,0.0021520607403906,0.2869157492182088,1.0,0.0,1.0,0.0,False,no_elimination,12,False
17,1,Bill Nye,percent,14.0,0.0546875,0.0836129373868758,8.361293738687568,0.0021950153699732,0.2858336217197702,1.0,0.0,1.0,0.0,False,no_elimination,12,False
17,1,Brant Daugherty,percent,22.0,0.0859375,0.0831269471712738,8.312694717127373,0.0020427311038552,0.2822385707105637,1.0,0.0,1.0,0.0,False,no_elimination,12,False
17,1,Christina Milian,percent,22.0,0.0859375,0.0830403071759723,8.30403071759722,0.0019637689477221,0.2829104424281092,1.0,0.0,1.0,0.0,False,no_elimination,12,False
17,1,Corbin Bleu,percent,24.0,0.09375,0.0829888469177446,8.298884691774454,0.0021021198462652,0.2864163193061956,1.0,0.0,1.0,0.0,False,no_elimination,12,False
17,1,Elizabeth Berkley Lauren,percent,24.0,0.09375,0.08271147444144,8.271147444143995,0.0021200300375731,0.2778566132322101,1.0,0.0,1.0,0.0,False,no_elimination,12,False
17,1,Jack Osbourne,percent,23.0,0.08984375,0.08260254958292,8.260254958291993,0.002413890361801,0.2811096506881803,1.0,0.0,1.0,0.0,False,no_elimination,12,False
17,1,Keyshawn Johnson,percent,17.0,0.06640625,0.0857311460049086,8.573114600490845,0.0025745233947234,0.2872428141512551,1.0,0.0,1.0,0.0,False,no_elimination,12,False
17,1,Leah Remini,percent,21.0,0.08203125,0.0830385067664949,8.303850676649486,0.0025214865491334,0.282210804716446,1.0,0.0,1.0,0.0,False,no_elimination,12,False
17,1,"Nicole ""Snooki"" Polizzi",percent,23.0,0.08984375,0.081294071127728,8.129407112772794,0.0022683582035389,0.2811017555659847,1.0,0.0,1.0,0.0,False,no_elimination,12,False
17,1,Valerie Harper,percent,21.0,0.08203125,0.0847226476016376,8.472264760163755,0.0025118564101686,0.2841971329887987,1.0,0.0,1.0,0.0,False,no_elimination,12,False
17,2,Amber Riley,percent,24.0,0.0902255639097744,0.0882285024596958,8.822850245969589,0.0029814558115035,0.3094880966312623,0.2013,0.0,0.9962406015037594,0.0,False,single_elimination,12,False
17,2,Bill Engvall,percent,21.0,0.0789473684210526,0.0904746006863123,9.047460068631237,0.0042697016928671,0.2905283787909183,0.2013,0.0,0.9962406015037594,0.0,False,single_elimination,12,False
17,2,Bill Nye,percent,17.0,0.0639097744360902,0.1046086415524571,10.460864155245718,0.0132651673455698,0.3166841609949272,0.2013,0.0037593984962406,1.0,0.0,False,single_elimination,12,False
17,2,Brant Daugherty,percent,23.0,0.0864661654135338,0.0883660714881065,8.836607148810657,0.003200853388892,0.2981175196453703,0.2013,0.0,0.9962406015037594,0.0,False,single_elimination,12,False
17,2,Christina Milian,percent,25.0,0.093984962406015,0.0869830868024687,8.698308680246878,0.0031035982852356,0.2932855723415106,0.2013,0.0,0.9962406015037594,0.0,False,single_elimination,12,False
17,2,Corbin Bleu,percent,26.0,0.0977443609022556,0.0843901060065223,8.439010600652235,0.0023765774686492,0.2818456885997357,0.2013,0.0,0.9962406015037594,0.0,False,single_elimination,12,False
17,2,Elizabeth Berkley Lauren,percent,25.0,0.093984962406015,0.0845999224512897,8.459992245128984,0.0031605640051433,0.3043138132736247,0.2013,0.0,0.9962406015037594,0.0,False,single_elimination,12,False
17,2,Jack Osbourne,percent,24.0,0.0902255639097744,0.0862250458442182,8.622504584421833,0.0025454628734251,0.2848968736213974,0.2013,0.0,0.9962406015037594,0.0,False,single_elimination,12,False
17,2,Keyshawn Johnson,percent,18.0,0.0676691729323308,0.0128980780127516,1.2898078012751646,0.0004909040832281,0.0342602176947565,0.2013,0.0,0.0989974937343358,0.0,False,single_elimination,12,True
17,2,Leah Remini,percent,24.0,0.0902255639097744,0.086560422848462,8.656042284846206,0.0033607379871862,0.3001928776898266,0.2013,0.0,0.9962406015037594,0.0,False,single_elimination,12,False
17,2,"Nicole ""Snooki"" Polizzi",percent,20.0,0.075187969924812,0.0911201041038464,9.112010410384649,0.0050722843782148,0.2925178151468486,0.2013,0.0,0.9962406015037594,0.0,False,single_elimination,12,False
17,2,Valerie Harper,percent,19.0,0.0714285714285714,0.0955454177438683,9.554541774386845,0.0073122076950861,0.2948297463766011,0.2013,0.0,0.9962406015037594,0.0,False,single_elimination,12,False
17,3,Amber Riley,percent,24.0,0.0941176470588235,0.0967755133936637,9.67755133936638,0.0034163757948571,0.324698148753047,0.2994,0.0,1.0,0.0,False,single_elimination,11,False
17,3,Bill Engvall,percent,24.0,0.0941176470588235,0.0947628511075581,9.476285110755816,0.003250326295943,0.3161973019811516,0.2994,0.0,1.0,0.0,False,single_elimination,11,False
17,3,Bill Nye,percent,16.0,0.0627450980392156,0.019007620191784,1.9007620191784045,0.0007774849661037,0.0481495609686944,0.2994,0.0,0.1190730837789661,0.0,False,single_elimination,11,True
17,3,Brant Daugherty,percent,27.0,0.1058823529411764,0.0963517258003287,9.63517258003288,0.003393521598458,0.3251570053861815,0.2994,0.0,1.0,0.0,False,single_elimination,11,False
17,3,Christina Milian,percent,26.0,0.1019607843137254,0.0956904004269159,9.569040042691595,0.0032890575579217,0.3283489042178735,0.2994,0.0,1.0,0.0,False,single_elimination,11,False
17,3,Corbin Bleu,percent,26.0,0.1019607843137254,0.0959759801450725,9.597598014507255,0.0027494492165683,0.3234150606868165,0.2994,0.0,1.0,0.0,False,single_elimination,11,False
17,3,Elizabeth Berkley Lauren,percent,25.0,0.0980392156862745,0.0974616451546225,9.746164515462262,0.0033099503555714,0.3306129966449522,0.2994,0.0,1.0,0.0,False,single_elimination,11,False
17,3,Jack Osbourne,percent,22.0,0.0862745098039215,0.099774862397077,9.97748623970771,0.0038716545717517,0.3385124804258725,0.2994,0.0,1.0,0.0,False,single_elimination,11,False
17,3,Leah Remini,percent,24.0,0.0941176470588235,0.0972982038592242,9.729820385922428,0.0039205394267212,0.3259943875570998,0.2994,0.0,1.0,0.0,False,single_elimination,11,False
17,3,"Nicole ""Snooki"" Polizzi",percent,25.0,0.0980392156862745,0.0937484945143015,9.374849451430157,0.0027842084855698,0.3126456238307644,0.2994,0.0,1.0,0.0,False,single_elimination,11,False
17,3,Valerie Harper,percent,16.0,0.0627450980392156,0.113152703009451,11.31527030094511,0.0134540730639047,0.3444521913593021,0.2994,-0.0,1.0,0.0,False,single_elimination,11,False
17,4,Amber Riley,percent,27.0,0.1139240506329113,0.1073057268475541,10.730572684755415,0.0032095644219733,0.3485550951599633,0.2709,0.0,1.0,0.0,False,single_elimination,10,False
17,4,Bill Engvall,percent,21.0,0.0886075949367088,0.1131450810787954,11.314508107879549,0.0049908123055215,0.3859157206843723,0.2709,0.0,1.0,0.0,False,single_elimination,10,False
17,4,Brant Daugherty,percent,21.0,0.0886075949367088,0.1159908538558836,11.599085385588376,0.0068438903940718,0.3695538687760631,0.2709,0.0,1.0,0.0,False,single_elimination,10,False
17,4,Christina Milian,percent,24.0,0.1012658227848101,0.107986359435728,10.798635943572814,0.0041385299502687,0.349518937049652,0.2709,0.0,1.0,0.0,False,single_elimination,10,False
17,4,Corbin Bleu,percent,27.0,0.1139240506329113,0.108334719042959,10.833471904295909,0.0036808453180993,0.3513959962775113,0.2709,0.0,1.0,0.0,False,single_elimination,10,False
17,4,Elizabeth Berkley Lauren,percent,27.0,0.1139240506329113,0.1076670896002167,10.76670896002168,0.0036674864156443,0.3571576702099727,0.2709,0.0,1.0,0.0,False,single_elimination,10,False
17,4,Jack Osbourne,percent,24.0,0.1012658227848101,0.1066711998016152,10.667119980161525,0.0048503533558979,0.3574852234168961,0.2709,0.0,1.0,0.0,False,single_elimination,10,False
17,4,Leah Remini,percent,24.0,0.1012658227848101,0.1078944067085726,10.78944067085727,0.0051107193833825,0.3503648245103081,0.2709,0.0,1.0,0.0,False,single_elimination,10,False
17,4,"Nicole ""Snooki"" Polizzi",percent,24.0,0.1012658227848101,0.1065395756395826,10.653957563958269,0.0042659273978556,0.3534905459505922,0.2709,0.0,1.0,0.0,False,single_elimination,10,False
17,4,Valerie Harper,percent,18.0,0.0759493670886076,0.0184649879890918,1.846498798909187,0.0008908183293017,0.0495840394552715,0.2709,0.0,0.1240506329113923,0.0,False,single_elimination,10,True
17,5,Amber Riley,percent,26.0,0.1106382978723404,0.1232052909383745,12.320529093837454,0.0209068225188129,0.3517251147178398,0.0605,0.0085106382978723,0.9361702127659574,0.0,False,single_elimination,9,False
17,5,Bill Engvall,percent,24.0,0.102127659574468,0.1354386130785032,13.543861307850324,0.0285811656061612,0.3752636134928624,0.0605,0.0170212765957446,0.9446808510638296,0.0,False,single_elimination,9,False
17,5,Brant Daugherty,percent,27.0,0.1148936170212766,0.1217448596072939,12.174485960729394,0.0128222891711725,0.3473900130708152,0.0605,0.0042553191489361,0.9319148936170212,0.0,False,single_elimination,9,False
17,5,Christina Milian,percent,28.0,0.1191489361702127,0.0112644151759679,1.1264415175967917,0.0002132462561869,0.0356517358422999,0.0605,0.0,0.1030732860520094,0.0,False,single_elimination,9,True
17,5,Corbin Bleu,percent,28.0,0.1191489361702127,0.1127372949636188,11.273729496361884,0.0108265866188267,0.3472286817314321,0.0605,0.0,0.927659574468085,0.0,False,single_elimination,9,False
17,5,Elizabeth Berkley Lauren,percent,26.0,0.1106382978723404,0.1197548522266483,11.97548522266484,0.0201577980402582,0.3412087619229704,0.0605,0.0085106382978723,0.9361702127659574,0.0,False,single_elimination,9,False
17,5,Jack Osbourne,percent,27.0,0.1148936170212766,0.1201234158718881,12.012341587188816,0.0141651813433734,0.3521958862262316,0.0605,0.0042553191489361,0.9319148936170212,0.0,False,single_elimination,9,False
17,5,Leah Remini,percent,22.0,0.0936170212765957,0.137197547631798,13.719754763179806,0.0366042743459807,0.3907417505966795,0.0605,0.025531914893617,0.953191489361702,0.0,False,single_elimination,9,False
17,5,"Nicole ""Snooki"" Polizzi",percent,27.0,0.1148936170212766,0.118533710505907,11.853371050590704,0.0153638540835209,0.3656736328333622,0.0605,0.0042553191489361,0.9319148936170212,0.0,False,single_elimination,9,False
17,6,Amber Riley,percent,31.9999,0.138528185378997,0.1237178454746946,12.371784547469472,0.003560147139792,0.3948556132711951,1.0,0.0,1.0,0.0,False,no_elimination,8,False
17,6,Bill Engvall,percent,23.9999,0.1038960308087647,0.1246299395270307,12.462993952703078,0.003437850554828,0.4021261586344983,1.0,0.0,1.0,0.0,False,no_elimination,8,False
17,6,Brant Daugherty,percent,31.0,0.13419959895965,0.1240729395158928,12.407293951589292,0.0035211534761522,0.4042474755162508,1.0,0.0,1.0,0.0,False,no_elimination,8,False
17,6,Corbin Bleu,percent,26.9999,0.1168830887726018,0.1254249947293626,12.542499472936273,0.0034273819040649,0.4087246764392515,1.0,0.0,1.0,0.0,False,no_elimination,8,False
17,6,Elizabeth Berkley Lauren,percent,31.9998,0.1385277524770648,0.1260208782937787,12.602087829377878,0.0039175293583755,0.4136139294651775,1.0,0.0,1.0,0.0,False,no_elimination,8,False
17,6,Jack Osbourne,percent,26.9998,0.1168826558706696,0.1253959842636573,12.539598426365735,0.0038848841412494,0.4077497165199514,1.0,0.0,1.0,0.0,False,no_elimination,8,False
17,6,Leah Remini,percent,27.9999,0.1212121080938808,0.1234747391350272,12.34747391350273,0.0032677488073957,0.4057722054482787,1.0,0.0,1.0,0.0,False,no_elimination,8,False
17,6,"Nicole ""Snooki"" Polizzi",percent,30.0,0.129870579638371,0.1272626790605554,12.726267906055549,0.0034372252864452,0.4219026493525861,1.0,0.0,1.0,0.0,False,no_elimination,8,False
17,7,Amber Riley,percent,29.5,0.1331828442437923,0.1288544808848305,12.885448088483043,0.0054279524668308,0.3960331720655976,0.1346,0.0,0.9887133182844244,0.0,False,single_elimination,8,False
17,7,Bill Engvall,percent,25.0,0.1128668171557562,0.15355210836043,15.355210836042993,0.0228176719917669,0.4554544581944066,0.1346,0.0090293453724605,0.9977426636568848,0.0,False,single_elimination,8,False
17,7,Brant Daugherty,percent,28.5,0.128668171557562,0.1410281843605499,14.102818436054983,0.0086529752484912,0.4171662585294106,0.1346,0.0,0.9887133182844244,0.0,False,single_elimination,8,False
17,7,Corbin Bleu,percent,29.5,0.1331828442437923,0.1316022397163062,13.160223971630614,0.0068078731421074,0.4047275128918468,0.1346,0.0,0.9887133182844244,0.0,False,single_elimination,8,False
17,7,Elizabeth Berkley Lauren,percent,27.0,0.1218961625282167,0.1436064939367201,14.360649393672004,0.0146203550281633,0.4342583521580375,0.1346,0.0,0.9887133182844244,0.0,False,single_elimination,8,False
17,7,Jack Osbourne,percent,28.5,0.128668171557562,0.1408162020531408,14.081620205314069,0.0092929795699762,0.4294252551410853,0.1346,0.0,0.9887133182844244,0.0,False,single_elimination,8,False
17,7,Leah Remini,percent,26.5,0.1196388261851015,0.1443474009582246,14.434740095822448,0.0164616366466621,0.4272303179371188,0.1346,0.0022573363431151,0.9909706546275396,0.0,False,single_elimination,8,False
17,7,"Nicole ""Snooki"" Polizzi",percent,27.0,0.1218961625282167,0.0161928897297983,1.6192889729798314,0.0005326064380941,0.0526942096891336,0.1346,0.0,0.1281038374717832,0.0,False,single_elimination,8,True
17,8,Amber Riley,percent,28.0,0.1458333333333333,0.156995711331365,15.69957113313652,0.0121952218077399,0.4568985450441637,0.1495,0.0,0.9739583333333334,0.0,False,single_elimination,7,False
17,8,Bill Engvall,percent,24.0,0.125,0.1783757106648558,17.8375710664856,0.028951766092484,0.4884194575585481,0.1495,0.015625,0.9895833333333334,0.0,False,single_elimination,7,False
17,8,Brant Daugherty,percent,27.0,0.140625,0.0223402753541479,2.234027535414795,0.0008139560698835,0.0696106717296724,0.1495,0.0,0.1450892857142857,0.0,False,single_elimination,7,True
17,8,Corbin Bleu,percent,30.0,0.15625,0.155072907005381,15.507290700538116,0.0095744836663147,0.4725915415742825,0.1495,0.0,0.9739583333333334,0.0,False,single_elimination,7,False
17,8,Elizabeth Berkley Lauren,percent,25.0,0.1302083333333333,0.172785200171472,17.278520017147216,0.0322173293260926,0.4732373232862864,0.1495,0.0104166666666666,0.984375,0.0,False,single_elimination,7,False
17,8,Jack Osbourne,percent,30.0,0.15625,0.1500621912825357,15.006219128253589,0.009521289041454,0.4601485603729801,0.1495,0.0,0.9739583333333334,0.0,False,single_elimination,7,False
17,8,Leah Remini,percent,28.0,0.1458333333333333,0.1643680041902414,16.436800419024163,0.0148042689185561,0.4581332619031701,0.1495,0.0,0.9739583333333334,0.0,False,single_elimination,7,False
17,9,Amber Riley,percent,25.5,0.1619047619047619,0.1966149419601604,19.66149419601605,0.0349714894343985,0.5075124107283397,0.1243,0.0158730158730158,0.9428571428571428,0.0,False,single_elimination,6,False
17,9,Bill Engvall,percent,21.0,0.1333333333333333,0.2216269239194483,22.162692391944848,0.0633463349568086,0.5652456901940192,0.1243,0.0444444444444444,0.9714285714285716,0.0,False,single_elimination,6,False
17,9,Corbin Bleu,percent,29.0,0.1841269841269841,0.1780980477470658,17.80980477470659,0.0142029296113778,0.493193728206648,0.1243,0.0,0.926984126984127,0.0,False,single_elimination,6,False
17,9,Elizabeth Berkley Lauren,percent,28.0,0.1777777777777777,0.0268537472334442,2.6853747233444274,0.0006021613021228,0.0846783671699785,0.1243,0.0,0.1555555555555555,0.0,False,single_elimination,6,True
17,9,Jack Osbourne,percent,27.0,0.1714285714285714,0.1894015233781207,18.940152337812084,0.0267677689981116,0.5207487224266417,0.1243,0.0063492063492063,0.9333333333333332,0.0,False,single_elimination,6,False
17,9,Leah Remini,percent,27.0,0.1714285714285714,0.1874048157617598,18.740481576175995,0.0261210672794934,0.4991982025171317,0.1243,0.0063492063492063,0.9333333333333332,0.0,False,single_elimination,6,False
17,10,Amber Riley,percent,39.5,0.2257142857142857,0.221665244884007,22.166524488400704,0.0127714794500568,0.6145448357101849,0.2502,0.0,0.9857142857142858,0.0,False,single_elimination,5,False
17,10,Bill Engvall,percent,30.0,0.1714285714285714,0.270724636436621,27.072463643662104,0.0522184133766023,0.6711651547576687,0.2502,0.0142857142857142,1.0,0.0,False,single_elimination,5,False
17,10,Corbin Bleu,percent,37.5,0.2142857142857142,0.2255667289408272,22.55667289408273,0.0155158087867678,0.6186688641197154,0.2502,0.0,0.9857142857142858,0.0,False,single_elimination,5,False
17,10,Jack Osbourne,percent,35.5,0.2028571428571428,0.235927693816063,23.592769381606317,0.0193016176258837,0.6264596762406631,0.2502,0.0,0.9857142857142858,0.0,False,single_elimination,5,False
17,10,Leah Remini,percent,32.5,0.1857142857142857,0.0461156959224815,4.611569592248152,0.0018272926116974,0.1321473358507947,0.2502,0.0,0.2142857142857142,0.0,False,single_elimination,5,True
17,11,Amber Riley,percent,31.3332,0.273653835740624,0.2961939935716564,29.619399357165705,0.021665844577232,0.7368688743437707,0.3331,0.0,1.0,0.0,False,single_elimination,4,False
17,11,Bill Engvall,percent,25.4999,0.2227077172456799,0.0716090157538929,7.160901575389311,0.0026776784528976,0.2014142809589946,0.3331,0.0,0.2772922827543201,0.0,False,single_elimination,4,True
17,11,Corbin Bleu,percent,29.6664,0.2590965542177513,0.3087879454052782,30.87879454052789,0.0279903378790233,0.7552138125094356,0.3331,0.0,1.0,0.0,False,single_elimination,4,False
17,11,Jack Osbourne,percent,27.9999,0.2445418927959448,0.3234090452691703,32.3409045269171,0.0382418788547949,0.7618679655129525,0.3331,0.0,1.0,0.0,False,single_elimination,4,False
18,1,Amy Purdy,percent,24.0,0.0916030534351145,0.0817020356544246,8.170203565442472,0.0023423787248041,0.2797762302842154,1.0,0.0,1.0,0.0,False,no_elimination,12,False
18,1,Billy Dee Williams,percent,15.0,0.0572519083969465,0.0832353304790914,8.323533047909153,0.0021223030702072,0.2820912667547341,1.0,0.0,1.0,0.0,False,no_elimination,12,False
18,1,Candace Cameron Bure,percent,25.0,0.0954198473282442,0.0843349433467466,8.433494334674666,0.0023999103157439,0.2856463797483019,1.0,0.0,1.0,0.0,False,no_elimination,12,False
18,1,Charlie White,percent,27.0,0.1030534351145038,0.0832380264725338,8.323802647253395,0.0023093154452041,0.2765287414207942,1.0,0.0,1.0,0.0,False,no_elimination,12,False
18,1,Cody Simpson,percent,22.0,0.0839694656488549,0.082886161693813,8.288616169381308,0.0022286858125669,0.2896511769664422,1.0,0.0,1.0,0.0,False,no_elimination,12,False
18,1,Danica McKellar,percent,24.0,0.0916030534351145,0.0835529073693577,8.35529073693578,0.0024633461983542,0.2817816497669249,1.0,0.0,1.0,0.0,False,no_elimination,12,False
18,1,Diana Nyad,percent,18.0,0.0687022900763358,0.0831542110622056,8.315421106220574,0.002059817264374,0.281294802006061,1.0,0.0,1.0,0.0,False,no_elimination,12,False
18,1,Drew Carey,percent,21.0,0.0801526717557251,0.081826085793219,8.182608579321911,0.0024879366090106,0.2821582433024972,1.0,0.0,1.0,0.0,False,no_elimination,12,False
18,1,James Maslow,percent,21.0,0.0801526717557251,0.0847844961780264,8.478449617802653,0.0024837166761568,0.2914352341266162,1.0,0.0,1.0,0.0,False,no_elimination,12,False
18,1,Meryl Davis,percent,24.0,0.0916030534351145,0.0845968036314537,8.459680363145385,0.0024724551272997,0.2864435712076137,1.0,0.0,1.0,0.0,False,no_elimination,12,False
18,1,NeNe Leakes,percent,21.0,0.0801526717557251,0.0830390527268132,8.303905272681332,0.0023476093729055,0.2802517038829738,1.0,0.0,1.0,0.0,False,no_elimination,12,False
18,1,Sean Avery,percent,20.0,0.0763358778625954,0.0836499455923137,8.36499455923138,0.00240048716046,0.2853258739735059,1.0,0.0,1.0,0.0,False,no_elimination,12,False
18,2,Amy Purdy,percent,24.0,0.0983606557377049,0.09641337934527736,9.253917740565218,0.0029651730588107503,0.32635076072529023,0.0,0.0,0.9754098360655736,0.0,False,multi_elimination_2,11,False
18,2,Billy Dee Williams,percent,15.0,0.0614754098360655,0.0832353304790914,7.989066523680588,0.0021223030702072,0.2820912667547341,0.0,0.0245901639344262,1.0,0.0,False,multi_elimination_2,11,False
18,2,Candace Cameron Bure,percent,21.0,0.0860655737704918,0.09856072164486095,9.460023253473537,0.0029218549137478003,0.3279416026381742,0.0,0.0,0.9754098360655736,0.0,False,multi_elimination_2,11,False
18,2,Charlie White,percent,25.0,0.1024590163934426,0.09727373536883024,9.336496153681988,0.00280182855912535,0.32114513322842525,0.0,0.0,0.9754098360655736,0.0,False,multi_elimination_2,11,False
18,2,Cody Simpson,percent,22.0,0.0901639344262295,0.0977175467641817,9.379093915245763,0.0027314341160913497,0.32882292747979625,0.0,0.0,0.9754098360655736,0.0,False,multi_elimination_2,11,False
18,2,Danica McKellar,percent,24.0,0.0983606557377049,0.09683429026649615,9.294317476240026,0.0028734151869203002,0.32601294106486567,0.0,0.0,0.9754098360655736,0.0,False,multi_elimination_2,11,False
18,2,Drew Carey,percent,21.0,0.0860655737704918,0.09546023038860485,9.16243290620457,0.0026777974819979502,0.3238525624413569,0.0,0.0,0.9754098360655736,0.0,False,multi_elimination_2,11,False
18,2,James Maslow,percent,25.0,0.1024590163934426,0.09746940269369431,9.355276631465305,0.00280132176072465,0.3272734780632913,0.0,0.0,0.9754098360655736,0.0,False,multi_elimination_2,11,False
18,2,Meryl Davis,percent,25.0,0.1024590163934426,0.09820378313009726,9.42576369658949,0.0029547108790856,0.3242866808260168,0.0,0.0,0.9754098360655736,0.0,False,multi_elimination_2,11,False
18,2,NeNe Leakes,percent,21.0,0.0860655737704918,0.09704716683115085,9.314749725701525,0.00280463053956965,0.3218230246300229,0.0,0.0,0.9754098360655736,0.0,False,multi_elimination_2,11,False
18,2,Sean Avery,percent,21.0,0.0860655737704918,0.0836499455923137,8.028861977151976,0.00240048716046,0.2853258739735059,0.0,0.0,0.09575260804769,0.0,False,multi_elimination_2,11,True
18,3,Amy Purdy,percent,36.0,0.1157556270096463,0.1111247230361301,11.112472303613025,0.0035879673928174,0.3729252911663651,1.0,0.0,1.0,0.0,False,no_elimination,9,False
18,3,Candace Cameron Bure,percent,32.0,0.1028938906752411,0.1127864999429753,11.278649994297536,0.0034437995117517,0.3702368255280464,1.0,0.0,1.0,0.0,False,no_elimination,9,False
18,3,Charlie White,percent,36.0,0.1157556270096463,0.1113094442651267,11.130944426512675,0.0032943416730466,0.3657615250360563,1.0,0.0,1.0,0.0,False,no_elimination,9,False
18,3,Cody Simpson,percent,35.0,0.112540192926045,0.1125489318345504,11.254893183455046,0.0032341824196158,0.3679946779931503,1.0,0.0,1.0,0.0,False,no_elimination,9,False
18,3,Danica McKellar,percent,36.0,0.1157556270096463,0.1101156731636346,11.011567316363465,0.0032834841754864,0.3702442323628064,1.0,0.0,1.0,0.0,False,no_elimination,9,False
18,3,Drew Carey,percent,30.0,0.0964630225080385,0.1090943749839907,10.90943749839908,0.0028676583549853,0.3655468815802166,1.0,0.0,1.0,0.0,False,no_elimination,9,False
18,3,James Maslow,percent,36.0,0.1157556270096463,0.1101543092093622,11.015430920936224,0.0031189268452925,0.3631117219999664,1.0,0.0,1.0,0.0,False,no_elimination,9,False
18,3,Meryl Davis,percent,39.0,0.1254019292604501,0.1118107626287408,11.181076262874088,0.0034369666308715,0.3621297904444199,1.0,0.0,1.0,0.0,False,no_elimination,9,False
18,3,NeNe Leakes,percent,31.0,0.0996784565916398,0.1110552809354885,11.105528093548855,0.0032616517062338,0.3633943453770719,1.0,0.0,1.0,0.0,False,no_elimination,9,False
18,4,Amy Purdy,percent,34.0,0.1144781144781144,0.1105921030117047,11.059210301170468,0.0032960191313311,0.3703243673919297,1.0,0.0,1.0,0.0,False,no_elimination,9,False
18,4,Candace Cameron Bure,percent,28.0,0.0942760942760942,0.1103226190158711,11.032261901587106,0.0033815887756971,0.3651952189663919,1.0,0.0,1.0,0.0,False,no_elimination,9,False
18,4,Charlie White,percent,33.0,0.1111111111111111,0.1132521319837002,11.32521319837002,0.003285472945904,0.3704440077709597,1.0,0.0,1.0,0.0,False,no_elimination,9,False
18,4,Cody Simpson,percent,31.0,0.1043771043771043,0.1116057182266225,11.160571822662243,0.0033093101346576,0.3714957795409374,1.0,0.0,1.0,0.0,False,no_elimination,9,False
18,4,Danica McKellar,percent,32.0,0.1077441077441077,0.1108468287457069,11.084682874570682,0.003267811939227,0.3710000677673255,1.0,0.0,1.0,0.0,False,no_elimination,9,False
18,4,Drew Carey,percent,33.0,0.1111111111111111,0.1091132734646768,10.911327346467674,0.0031004640191965,0.3643776192616315,1.0,0.0,1.0,0.0,False,no_elimination,9,False
18,4,James Maslow,percent,35.0,0.1178451178451178,0.1115818684850228,11.158186848502275,0.0031715145089198,0.3757172166821566,1.0,0.0,1.0,0.0,False,no_elimination,9,False
18,4,Meryl Davis,percent,39.0,0.1313131313131313,0.1118563029129329,11.185630291293284,0.0034155888699728,0.3785044666028513,1.0,0.0,1.0,0.0,False,no_elimination,9,False
18,4,NeNe Leakes,percent,32.0,0.1077441077441077,0.1108291541537625,11.082915415376243,0.0032212738773059,0.3631850050576845,1.0,0.0,1.0,0.0,False,no_elimination,9,False
18,5,Amy Purdy,percent,37.0,0.1149068322981366,0.1193288168717612,11.93288168717612,0.0065275149149641,0.3832402801087781,0.1419,0.0,0.9813664596273292,0.0,False,single_elimination,9,False
18,5,Candace Cameron Bure,percent,35.0,0.108695652173913,0.1247603023137317,12.476030231373164,0.0082252366342302,0.3885905702979034,0.1419,0.0,0.9813664596273292,0.0,False,single_elimination,9,False
18,5,Charlie White,percent,37.0,0.1149068322981366,0.1229824876965765,12.298248769657649,0.0066766189576681,0.3997479361469085,0.1419,0.0,0.9813664596273292,0.0,False,single_elimination,9,False
18,5,Cody Simpson,percent,34.0,0.1055900621118012,0.0142325513464474,1.4232551346447466,0.0005733946012967,0.0446629222376759,0.1419,0.0,0.1166321601104209,0.0,False,single_elimination,9,True
18,5,Danica McKellar,percent,39.0,0.1211180124223602,0.1126764834883915,11.267648348839147,0.0048936424338375,0.3516508406213285,0.1419,0.0,0.9813664596273292,0.0,False,single_elimination,9,False
18,5,Drew Carey,percent,28.0,0.0869565217391304,0.146190360816996,14.619036081699596,0.0303246912768899,0.4397932928965467,0.1419,0.0186335403726708,1.0,0.0,False,single_elimination,9,False
18,5,James Maslow,percent,40.0,0.124223602484472,0.1202057618659282,12.020576186592818,0.0044722666038551,0.3956472371428738,0.1419,0.0,0.9813664596273292,0.0,False,single_elimination,9,False
18,5,Meryl Davis,percent,36.0,0.1118012422360248,0.1211036150057253,12.110361500572528,0.0073464945116016,0.3947625629879667,0.1419,0.0,0.9813664596273292,0.0,False,single_elimination,9,False
18,5,NeNe Leakes,percent,36.0,0.1118012422360248,0.1185196205944423,11.851962059444231,0.0083279066151044,0.3614491282095575,0.1419,0.0,0.9813664596273292,0.0,False,single_elimination,9,False
18,6,Amy Purdy,percent,38.0,0.1347517730496454,0.1387116289322291,13.871162893222923,0.0062761425035694,0.4366232404908289,0.193,0.0,1.0,0.0,False,single_elimination,8,False
18,6,Candace Cameron Bure,percent,32.0,0.1134751773049645,0.1500813807982128,15.008138079821286,0.0181596690741501,0.4568931049481617,0.193,-0.0,1.0,0.0,False,single_elimination,8,False
18,6,Charlie White,percent,36.0,0.1276595744680851,0.1438413789248029,14.384137892480306,0.0066261506342963,0.4583657418703796,0.193,0.0,1.0,0.0,False,single_elimination,8,False
18,6,Danica McKellar,percent,36.0,0.1276595744680851,0.1356337428861016,13.563374288610175,0.0063028911345934,0.4056186857690461,0.193,0.0,1.0,0.0,False,single_elimination,8,False
18,6,Drew Carey,percent,32.0,0.1134751773049645,0.0192197746597722,1.9219774659772264,0.000683956309606,0.0581246291687811,0.193,0.0,0.1365248226950354,0.0,False,single_elimination,8,True
18,6,James Maslow,percent,35.0,0.1241134751773049,0.1374990385534173,13.749903855341742,0.0086242449416252,0.4526588948543367,0.193,0.0,1.0,0.0,False,single_elimination,8,False
18,6,Meryl Davis,percent,40.0,0.1418439716312056,0.1288392347500655,12.88392347500656,0.0046155972839602,0.4254983762186572,0.193,0.0,1.0,0.0,False,single_elimination,8,False
18,6,NeNe Leakes,percent,33.0,0.1170212765957446,0.1461738204953978,14.617382049539788,0.0117157418962201,0.4389379877065833,0.193,0.0,1.0,0.0,False,single_elimination,8,False
18,7,Amy Purdy,percent,37.5,0.1482213438735178,0.1606623891495409,16.066238914954102,0.0079545073331455,0.4738127324529861,0.2049,0.0,1.0,0.0,False,single_elimination,7,False
18,7,Candace Cameron Bure,percent,37.0,0.1462450592885375,0.1617875318089723,16.178753180897242,0.0079225866330829,0.481100375231458,0.2049,0.0,1.0,0.0,False,single_elimination,7,False
18,7,Charlie White,percent,35.5,0.1403162055335968,0.1659865821610769,16.598658216107705,0.0119262436145917,0.4768592963967623,0.2049,0.0,1.0,0.0,False,single_elimination,7,False
18,7,Danica McKellar,percent,36.0,0.1422924901185771,0.1646056767240548,16.46056767240549,0.011639900566375,0.4793652498523997,0.2049,0.0,1.0,0.0,False,single_elimination,7,False
18,7,James Maslow,percent,35.0,0.1383399209486166,0.1660117060159811,16.601170601598124,0.0127425198782037,0.4901907073913372,0.2049,0.0,1.0,0.0,False,single_elimination,7,False
18,7,Meryl Davis,percent,39.0,0.1541501976284585,0.1575620902207099,15.756209022071005,0.0077441888864375,0.4889131872296824,0.2049,0.0,1.0,0.0,False,single_elimination,7,False
18,7,NeNe Leakes,percent,33.0,0.1304347826086956,0.0233840239196633,2.338402391966338,0.0007617635916177,0.0716226119612119,0.2049,0.0,0.15527950310559,0.0,False,single_elimination,7,True
18,8,Amy Purdy,percent,40.0,0.1769911504424778,0.1794783350248196,17.947833502481966,0.0149170774380589,0.5232613906733313,0.1607,0.0,0.9734513274336284,0.0,False,single_elimination,6,False
18,8,Candace Cameron Bure,percent,36.0,0.1592920353982301,0.2049209821541072,20.492098215410724,0.0330343517489575,0.5446756677599955,0.1607,0.0088495575221239,0.9823008849557522,0.0,False,single_elimination,6,False
18,8,Charlie White,percent,40.0,0.1769911504424778,0.1870066294891288,18.70066294891288,0.0141633669104742,0.5164500561908423,0.1607,0.0,0.9734513274336284,0.0,False,single_elimination,6,False
18,8,Danica McKellar,percent,38.0,0.168141592920354,0.0275833515021514,2.758335150215147,0.0008691188743123,0.0871401813376902,0.1607,0.0,0.1651917404129793,0.0,False,single_elimination,6,True
18,8,James Maslow,percent,36.0,0.1592920353982301,0.1988310432648843,19.88310432648844,0.0330739988113781,0.5143477450965165,0.1607,0.0088495575221239,0.9823008849557522,0.0,False,single_elimination,6,False
18,8,Meryl Davis,percent,36.0,0.1592920353982301,0.2021796585649083,20.217965856490835,0.0310163527382025,0.5602727284799593,0.1607,0.0088495575221239,0.9823008849557522,0.0,False,single_elimination,6,False
18,9,Amy Purdy,percent,39.0,0.2041884816753926,0.2338406549930414,23.384065499304132,0.0251089383954274,0.6168109827071592,0.2023,0.0,0.9895287958115184,0.0,False,single_elimination,5,False
18,9,Candace Cameron Bure,percent,36.0,0.1884816753926701,0.2502100401677726,25.02100401677725,0.0422105653122395,0.6444599411242918,0.2023,0.0104712041884816,1.0,0.0,False,single_elimination,5,False
18,9,Charlie White,percent,38.0,0.1989528795811518,0.0401641670300876,4.0164167030087645,0.0014694304014662,0.1232751585343371,0.2023,0.0,0.2010471204188481,0.0,False,single_elimination,5,True
18,9,James Maslow,percent,38.0,0.1989528795811518,0.2435629777100316,24.35629777100316,0.0321994080766623,0.6413673381394367,0.2023,0.0,0.9895287958115184,0.0,False,single_elimination,5,False
18,9,Meryl Davis,percent,40.0,0.2094240837696335,0.2322221600990671,23.222216009906703,0.0203056940119599,0.6224975262726451,0.2023,0.0,0.9895287958115184,0.0,False,single_elimination,5,False
18,10,Amy Purdy,percent,29.666600000000003,0.2587209505138384,0.3010144448836757,30.1014444883676,0.0402386506116723,0.7341464339941237,0.2405,0.0,0.973835404268382,0.0,False,single_elimination,4,False
18,10,Candace Cameron Bure,percent,25.9998,0.2267429691696957,0.3328827431154842,33.28827431154845,0.074083202957589,0.7386444321852913,0.2405,0.026164595731618,1.0,0.0,False,single_elimination,4,False
18,10,James Maslow,percent,29.0,0.2529075649013137,0.0629536192138245,6.295361921382457,0.0023936075017819,0.1793313337085122,0.2405,0.0,0.2470924350986862,0.0,False,single_elimination,4,True
18,10,Meryl Davis,percent,30.0,0.2616285154151521,0.3031491927870146,30.31491927870149,0.0389853572432756,0.7174840736665253,0.2405,0.0,0.973835404268382,0.0,False,single_elimination,4,False
19,1,Alfonso Ribeiro,percent,36.0,0.0967741935483871,0.0787906249911503,7.879062499115033,0.0021283408450275,0.2674602614170949,0.2128,0.0,0.9946236559139784,0.0,False,single_elimination,13,False
19,1,Antonio Sabato Jr.,percent,25.0,0.0672043010752688,0.0871431570427466,8.71431570427467,0.003819068786499,0.2784866452660947,0.2128,0.0,0.9946236559139784,0.0,False,single_elimination,13,False
19,1,Bethany Mota,percent,32.0,0.086021505376344,0.0742311040935659,7.423110409356598,0.0021425164005938,0.2461989819808335,0.2128,0.0,0.9946236559139784,0.0,False,single_elimination,13,False
19,1,Betsey Johnson,percent,20.0,0.053763440860215,0.0960019484391516,9.600194843915167,0.0148655068976203,0.285399531518395,0.2128,0.0053763440860215,1.0,0.0,False,single_elimination,13,False
19,1,Janel Parrish,percent,29.0,0.0779569892473118,0.0807456857764941,8.074568577649414,0.0027941473601439,0.2797831397451288,0.2128,0.0,0.9946236559139784,0.0,False,single_elimination,13,False
19,1,Jonathan Bennett,percent,30.0,0.0806451612903225,0.0800819282939194,8.008192829391946,0.0028441465071699,0.2599648638095516,0.2128,0.0,0.9946236559139784,0.0,False,single_elimination,13,False
19,1,Lea Thompson,percent,32.0,0.086021505376344,0.0797502226417594,7.975022264175948,0.0023757484434552,0.2669473543365635,0.2128,0.0,0.9946236559139784,0.0,False,single_elimination,13,False
19,1,Lolo Jones,percent,22.0,0.0591397849462365,0.0119542719024948,1.1954271902494815,0.0004277983358513,0.0317489951913552,0.2128,0.0,0.0947063688999172,0.0,False,single_elimination,13,True
19,1,Michael Waltrip,percent,25.0,0.0672043010752688,0.085465609984094,8.546560998409403,0.0031505413707109,0.2730963954370914,0.2128,0.0,0.9946236559139784,0.0,False,single_elimination,13,False
19,1,Randy Couture,percent,31.0,0.0833333333333333,0.0814753594146543,8.147535941465438,0.0030073055716902,0.2825447408069276,0.2128,0.0,0.9946236559139784,0.0,False,single_elimination,13,False
19,1,Sadie Robertson,percent,34.0,0.0913978494623656,0.0807467187263199,8.074671872631994,0.0025746934981593,0.2746625436876941,0.2128,0.0,0.9946236559139784,0.0,False,single_elimination,13,False
19,1,Tavis Smiley,percent,29.0,0.0779569892473118,0.0804010679494293,8.040106794942933,0.002965572476836,0.2680519711749621,0.2128,0.0,0.9946236559139784,0.0,False,single_elimination,13,False
19,1,Tommy Chong,percent,27.0,0.0725806451612903,0.0832123007442197,8.321230074421978,0.0033895666965534,0.2761312081715269,0.2128,0.0,0.9946236559139784,0.0,False,single_elimination,13,False
19,2,Alfonso Ribeiro,percent,32.0,0.0883977900552486,0.0880416729662798,8.804167296627986,0.0030789642588563,0.2833713064166431,0.1191,0.0,0.988950276243094,0.0,False,single_elimination,12,False
19,2,Antonio Sabato Jr.,percent,31.0,0.0856353591160221,0.0910813020330773,9.108130203307743,0.0036228922948465,0.319848570173295,0.1191,0.0,0.988950276243094,0.0,False,single_elimination,12,False
19,2,Bethany Mota,percent,33.0,0.0911602209944751,0.0878134710761808,8.781347107618087,0.0031013389053582,0.3095572360951953,0.1191,0.0,0.988950276243094,0.0,False,single_elimination,12,False
19,2,Betsey Johnson,percent,28.0,0.0773480662983425,0.0929871594617805,9.298715946178062,0.0085014096696949,0.3048570045045039,0.1191,-0.0,0.988950276243094,0.0,False,single_elimination,12,False
19,2,Janel Parrish,percent,34.0,0.0939226519337016,0.0810478213874294,8.10478213874295,0.0028561733438926,0.2794965736270526,0.1191,0.0,0.988950276243094,0.0,False,single_elimination,12,False
19,2,Jonathan Bennett,percent,30.0,0.0828729281767955,0.0877516312419098,8.775163124190989,0.0049369732466645,0.2911324348813493,0.1191,0.0,0.988950276243094,0.0,False,single_elimination,12,False
19,2,Lea Thompson,percent,35.0,0.0966850828729281,0.0788081890645859,7.880818906458595,0.0027940183421553,0.25786495285899,0.1191,0.0,0.988950276243094,0.0,False,single_elimination,12,False
19,2,Michael Waltrip,percent,24.0,0.0662983425414364,0.1049509292585042,10.49509292585043,0.0186195213741307,0.3182239683674482,0.1191,0.011049723756906,1.0,0.0,False,single_elimination,12,False
19,2,Randy Couture,percent,28.0,0.0773480662983425,0.0949801754186688,9.498017541866885,0.0107768383269582,0.2772563612808219,0.1191,0.0,0.988950276243094,0.0,False,single_elimination,12,False
19,2,Sadie Robertson,percent,31.0,0.0856353591160221,0.0866847238043732,8.668472380437324,0.0042770982831352,0.3087911654071058,0.1191,0.0,0.988950276243094,0.0,False,single_elimination,12,False
19,2,Tavis Smiley,percent,28.0,0.0773480662983425,0.0092522702399709,0.9252270239970988,0.0003276678599382,0.0268566988136845,0.1191,0.0,0.0893186003683241,0.0,False,single_elimination,12,True
19,2,Tommy Chong,percent,28.0,0.0773480662983425,0.0966006540472385,9.660065404723854,0.0082742856220617,0.2873972277651581,0.1191,0.0,0.988950276243094,0.0,False,single_elimination,12,False
19,3,Alfonso Ribeiro,percent,32.0,0.0906515580736544,0.0971009509046162,9.710095090461628,0.0033257436077012,0.3238362684330596,0.2151,0.0,1.0,0.0,False,single_elimination,11,False
19,3,Antonio Sabato Jr.,percent,29.0,0.0821529745042493,0.1070122805164163,10.701228051641632,0.0067006181617692,0.3385446569989264,0.2151,0.0,1.0,0.0,False,single_elimination,11,False
19,3,Bethany Mota,percent,40.0,0.1133144475920679,0.0955295451098748,9.552954510987483,0.0026134053419555,0.319377844384119,0.2151,0.0,1.0,0.0,False,single_elimination,11,False
19,3,Betsey Johnson,percent,29.0,0.0821529745042493,0.1026672456607106,10.266724566071062,0.0072721438178915,0.3267045259957348,0.2151,0.0,1.0,0.0,False,single_elimination,11,False
19,3,Janel Parrish,percent,40.0,0.1133144475920679,0.0910109021262032,9.101090212620326,0.002967470851024,0.3125705135119264,0.2151,0.0,1.0,0.0,False,single_elimination,11,False
19,3,Jonathan Bennett,percent,32.0,0.0906515580736544,0.0980701580153508,9.807015801535083,0.0040013787597078,0.3139662915807172,0.2151,0.0,1.0,0.0,False,single_elimination,11,False
19,3,Lea Thompson,percent,31.0,0.0878186968838526,0.0974370916914019,9.74370916914019,0.0045514010857818,0.3174972922878921,0.2151,0.0,1.0,0.0,False,single_elimination,11,False
19,3,Michael Waltrip,percent,28.0,0.0793201133144475,0.1041222827545099,10.412228275450994,0.0072710296900654,0.329175255803339,0.2151,0.0,1.0,0.0,False,single_elimination,11,False
19,3,Randy Couture,percent,26.0,0.0736543909348441,0.0139682553978822,1.3968255397882263,0.0005540169168046,0.0382742475469611,0.2151,0.0,0.1081637908833376,0.0,False,single_elimination,11,True
19,3,Sadie Robertson,percent,32.0,0.0906515580736544,0.0983410084504445,9.834100845044452,0.0044159546292931,0.3296678067164544,0.2151,0.0,1.0,0.0,False,single_elimination,11,False
19,3,Tommy Chong,percent,34.0,0.0963172804532577,0.094740279372589,9.474027937258905,0.0028470491489228,0.3175466649199643,0.2151,0.0,1.0,0.0,False,single_elimination,11,False
19,4,Alfonso Ribeiro,percent,40.0,0.125,0.0973868521418369,9.738685214183704,0.0032457729171746,0.3169176683675587,0.1279,0.0,0.96875,0.0,False,single_elimination,10,False
19,4,Antonio Sabato Jr.,percent,29.0,0.090625,0.1135558914810703,11.35558914810704,0.0115032028228838,0.3403309753456231,0.1279,0.0,0.96875,0.0,False,single_elimination,10,False
19,4,Bethany Mota,percent,33.0,0.103125,0.1027774767064091,10.277747670640924,0.0046335545840468,0.3306100412109066,0.1279,0.0,0.96875,0.0,False,single_elimination,10,False
19,4,Betsey Johnson,percent,29.0,0.090625,0.0140864852421628,1.4086485242162825,0.0005116020000367,0.0415164345646167,0.1279,0.0,0.109375,0.0,False,single_elimination,10,True
19,4,Janel Parrish,percent,36.0,0.1125,0.1000971743731214,10.009717437312151,0.0041374678888056,0.3455341328996323,0.1279,0.0,0.96875,0.0,False,single_elimination,10,False
19,4,Jonathan Bennett,percent,24.0,0.075,0.125120417117732,12.512041711773216,0.0284431776983759,0.3305410627308232,0.1279,0.015625,0.984375,0.0,False,single_elimination,10,False
19,4,Lea Thompson,percent,39.0,0.121875,0.1019905006384402,10.199050063844034,0.0025844196354051,0.3497866180410202,0.1279,0.0,0.96875,0.0,False,single_elimination,10,False
19,4,Michael Waltrip,percent,25.0,0.078125,0.1269132281999211,12.691322819992129,0.0233951178176935,0.3738815539312448,0.1279,0.0124999999999999,0.98125,0.0,False,single_elimination,10,False
19,4,Sadie Robertson,percent,37.0,0.115625,0.100404386934586,10.040438693458611,0.00342220246337,0.3221728280723264,0.1279,0.0,0.96875,0.0,False,single_elimination,10,False
19,4,Tommy Chong,percent,28.0,0.0875,0.117667587164719,11.766758716471909,0.014644865824066,0.3476957774038338,0.1279,0.003125,0.971875,0.0,False,single_elimination,10,False
19,5,Alfonso Ribeiro,percent,34.0,0.1287878787878787,0.1105607517753011,11.05607517753012,0.0027075506163744,0.3625929072019082,1.0,0.0,1.0,0.0,False,no_elimination,9,False
19,5,Antonio Sabato Jr.,percent,28.0,0.106060606060606,0.1113748519443071,11.13748519443072,0.0031442600562142,0.3727160677766827,1.0,0.0,1.0,0.0,False,no_elimination,9,False
19,5,Bethany Mota,percent,32.0,0.1212121212121212,0.1100574408205582,11.005744082055834,0.0032536874011349,0.36509928628478,1.0,0.0,1.0,0.0,False,no_elimination,9,False
19,5,Janel Parrish,percent,33.0,0.125,0.1132041567411697,11.32041567411698,0.0030696495751942,0.3696022416885662,1.0,0.0,1.0,0.0,False,no_elimination,9,False
19,5,Jonathan Bennett,percent,24.0,0.0909090909090909,0.1097892582567634,10.978925825676344,0.0030933964936787,0.3662817030352248,1.0,0.0,1.0,0.0,False,no_elimination,9,False
19,5,Lea Thompson,percent,34.0,0.1287878787878787,0.1103818756418098,11.038187564180989,0.0031247410408517,0.3648948763991567,1.0,0.0,1.0,0.0,False,no_elimination,9,False
19,5,Michael Waltrip,percent,20.0,0.0757575757575757,0.1103340541936638,11.033405419366384,0.0027428539247115,0.3649255346246749,1.0,0.0,1.0,0.0,False,no_elimination,9,False
19,5,Sadie Robertson,percent,36.0,0.1363636363636363,0.110900127659344,11.09001276593441,0.0033485673228781,0.368759292713421,1.0,0.0,1.0,0.0,False,no_elimination,9,False
19,5,Tommy Chong,percent,23.0,0.0871212121212121,0.1133974829670819,11.339748296708205,0.0032294845076915,0.3732288551677431,1.0,0.0,1.0,0.0,False,no_elimination,9,False
19,6,Alfonso Ribeiro,percent,39.0,0.1331058020477815,0.1074627198398796,10.746271983987972,0.0028067126168113,0.3644778221182262,0.1134,0.0,0.9658703071672357,0.0,False,single_elimination,9,False
19,6,Antonio Sabato Jr.,percent,28.0,0.0955631399317406,0.1356836128266652,13.56836128266653,0.0255632357638781,0.3744898318673385,0.1134,0.0136518771331057,0.9795221843003412,0.0,False,single_elimination,9,False
19,6,Bethany Mota,percent,36.0,0.1228668941979522,0.1121926923515003,11.219269235150035,0.0045744069970846,0.3566398324534363,0.1134,0.0,0.9658703071672357,0.0,False,single_elimination,9,False
19,6,Janel Parrish,percent,33.0,0.1126279863481228,0.1222020521576193,12.220205215761936,0.008752945449232,0.3595174249609651,0.1134,0.0,0.9658703071672357,0.0,False,single_elimination,9,False
19,6,Jonathan Bennett,percent,32.0,0.1092150170648464,0.0137951659969269,1.379516599692693,0.0003958898754289,0.0443127080775854,0.1134,0.0,0.1130072051573758,0.0,False,single_elimination,9,True
19,6,Lea Thompson,percent,32.0,0.1092150170648464,0.1299518404129114,12.995184041291145,0.0136958854328581,0.4040428952976517,0.1134,0.0,0.9658703071672357,0.0,False,single_elimination,9,False
19,6,Michael Waltrip,percent,30.0,0.1023890784982935,0.1302889071006444,13.02889071006445,0.0189824580934783,0.3920873646906522,0.1134,0.0068259385665529,0.9726962457337884,0.0,False,single_elimination,9,False
19,6,Sadie Robertson,percent,35.0,0.1194539249146757,0.1144000654146931,11.440006541469316,0.0061549313713804,0.3552051478730653,0.1134,0.0,0.9658703071672357,0.0,False,single_elimination,9,False
19,6,Tommy Chong,percent,28.0,0.0955631399317406,0.1340229438991592,13.402294389915925,0.0245512187406885,0.3734502245968643,0.1134,0.0136518771331057,0.9795221843003412,0.0,False,single_elimination,9,False
19,7,Alfonso Ribeiro,percent,34.0,0.1315280464216634,0.1362253773686684,13.622537736866846,0.0070684143537017,0.4201464049105824,0.183,0.0,0.9941972920696324,0.0,False,single_elimination,8,False
19,7,Antonio Sabato Jr.,percent,29.5,0.1141199226305609,0.0188980608613339,1.8898060861333947,0.0006600793641454,0.0555349137656744,0.183,0.0,0.135880077369439,0.0,False,single_elimination,8,True
19,7,Bethany Mota,percent,37.5,0.1450676982591876,0.1335686361293922,13.356863612939229,0.0044302537292736,0.4192874952961519,0.183,0.0,0.9941972920696324,0.0,False,single_elimination,8,False
19,7,Janel Parrish,percent,33.5,0.1295938104448742,0.1364360023782738,13.643600237827384,0.0064242072479197,0.4290147031442092,0.183,0.0,0.9941972920696324,0.0,False,single_elimination,8,False
19,7,Lea Thompson,percent,35.0,0.1353965183752417,0.1306771623992993,13.067716239929933,0.0057747471676795,0.4230545939566297,0.183,0.0,0.9941972920696324,0.0,False,single_elimination,8,False
19,7,Michael Waltrip,percent,28.0,0.1083172147001934,0.1537083218230359,15.370832182303602,0.02375815115783,0.4365515596262151,0.183,0.0058027079303674,1.0,0.0,False,single_elimination,8,False
19,7,Sadie Robertson,percent,31.0,0.1199226305609284,0.1434287330485935,14.342873304859356,0.0109381876014879,0.4357319406125112,0.183,0.0,0.9941972920696324,0.0,False,single_elimination,8,False
19,7,Tommy Chong,percent,30.0,0.11605415860735,0.1470577059914027,14.705770599140273,0.0138778066479852,0.4325176970855671,0.183,0.0,0.9941972920696324,0.0,False,single_elimination,8,False
19,8,Alfonso Ribeiro,percent,41.0,0.1653225806451612,0.1581464327787191,15.81464327787192,0.0052756337887582,0.4944487823551199,0.3348,0.0,1.0,0.0,False,single_elimination,7,False
19,8,Bethany Mota,percent,40.0,0.1612903225806451,0.1552777603071826,15.527776030718274,0.0057913941506707,0.4811780112225397,0.3348,0.0,1.0,0.0,False,single_elimination,7,False
19,8,Janel Parrish,percent,43.0,0.1733870967741935,0.1540307062616079,15.403070626160806,0.0045681789156867,0.4962174963942942,0.3348,0.0,1.0,0.0,False,single_elimination,7,False
19,8,Lea Thompson,percent,32.0,0.1290322580645161,0.1671256798300064,16.71256798300066,0.0093010235668899,0.4798762613667593,0.3348,0.0,1.0,0.0,False,single_elimination,7,False
19,8,Michael Waltrip,percent,25.0,0.1008064516129032,0.0351637924195995,3.516379241959957,0.0010038957138778,0.0957249675487671,0.3348,0.0,0.1849078341013825,0.0,False,single_elimination,7,True
19,8,Sadie Robertson,percent,38.0,0.1532258064516129,0.1552364416411508,15.52364416411509,0.0071475512327571,0.4851067495508847,0.3348,0.0,1.0,0.0,False,single_elimination,7,False
19,8,Tommy Chong,percent,29.0,0.1169354838709677,0.1750191867617327,17.501918676173286,0.0121097183369007,0.5032103484485994,0.3348,0.0,1.0,0.0,False,single_elimination,7,False
19,9,Alfonso Ribeiro,percent,38.5,0.1799065420560747,0.1862038444733617,18.62038444733616,0.0121767193796635,0.5501245166425818,0.1774,0.0,0.969626168224299,0.0,False,single_elimination,6,False
19,9,Bethany Mota,percent,37.0,0.1728971962616822,0.1816265561753038,18.162655617530376,0.013856054163356,0.5250849725893264,0.1774,0.0,0.969626168224299,0.0,False,single_elimination,6,False
19,9,Janel Parrish,percent,38.5,0.1799065420560747,0.1877486806781173,18.774868067811724,0.0123489421202513,0.5386716114698374,0.1774,0.0,0.969626168224299,0.0,False,single_elimination,6,False
19,9,Lea Thompson,percent,35.0,0.1635514018691588,0.0281339819695741,2.813398196957412,0.0010650725474942,0.0892969022090037,0.1774,0.0,0.1697819314641744,0.0,False,single_elimination,6,True
19,9,Sadie Robertson,percent,36.5,0.1705607476635514,0.1889895852521886,18.898958525218852,0.0179208949521143,0.5235526703979936,0.1774,0.0,0.969626168224299,0.0,False,single_elimination,6,False
19,9,Tommy Chong,percent,28.5,0.1331775700934579,0.2272973514514547,22.72973514514546,0.0547458941816386,0.5826487688050986,0.1774,0.0303738317757009,1.0,0.0,False,single_elimination,6,False
19,10,Alfonso Ribeiro,percent,37.5,0.2054794520547945,0.2375971733573171,23.759717335731704,0.0161366344037817,0.6387701644558021,0.3129,0.0,1.0,0.0,False,single_elimination,5,False
19,10,Bethany Mota,percent,38.0,0.2082191780821917,0.2343645704601123,23.43645704601122,0.0147127176398268,0.6472556882628638,0.3129,0.0,1.0,0.0,False,single_elimination,5,False
19,10,Janel Parrish,percent,39.0,0.2136986301369863,0.2386550835458901,23.865508354589,0.0127138718257824,0.6417066340213821,0.3129,0.0,1.0,0.0,False,single_elimination,5,False
19,10,Sadie Robertson,percent,37.0,0.2027397260273972,0.2401072407472627,24.010724074726262,0.0180645594064773,0.6430647945606303,0.3129,0.0,1.0,0.0,False,single_elimination,5,False
19,10,Tommy Chong,percent,31.0,0.1698630136986301,0.0492759318894181,4.92759318894181,0.0020621531632324,0.1395038827120791,0.3129,0.0,0.2301369863013699,0.0,False,single_elimination,5,True
19,11,Alfonso Ribeiro,percent,40.0,0.2558640849980489,0.3129844536402616,31.29844536402617,0.0414109468107572,0.7526233468306532,0.2765,0.0,1.0,0.0,False,single_elimination,4,False
19,11,Bethany Mota,percent,38.0,0.2430708807481465,0.0637611834902075,6.376118349020753,0.0020504622863368,0.1815044546564241,0.2765,0.0,0.2569291192518534,0.0,False,single_elimination,4,True
19,11,Janel Parrish,percent,38.99980000000001,0.2494662035526728,0.3112195390084122,31.12195390084124,0.0420215385834422,0.7565560060382287,0.2765,0.0,1.0,0.0,False,single_elimination,4,False
19,11,Sadie Robertson,percent,39.333200000000005,0.2515988307011315,0.3120348238611182,31.20348238611184,0.0402555855717631,0.7436276129804219,0.2765,0.0,1.0,0.0,False,single_elimination,4,False
20,1,Charlotte McKinney,percent,22.0,0.0691823899371069,0.0829707984997994,8.297079849979944,0.0023821372468393,0.2830514144640312,1.0,0.0,1.0,0.0,False,no_elimination,12,False
20,1,Chris Soules,percent,26.0,0.0817610062893081,0.0821556159871447,8.215561598714473,0.0023542869149274,0.2862148112015107,1.0,0.0,1.0,0.0,False,no_elimination,12,False
20,1,Michael Sam,percent,26.0,0.0817610062893081,0.083389479491508,8.338947949150803,0.0024145331308973,0.2830758591403812,1.0,0.0,1.0,0.0,False,no_elimination,12,False
20,1,Nastia Liukin,percent,30.0,0.0943396226415094,0.0837649803169984,8.376498031699844,0.0021863279916426,0.2890027186116842,1.0,0.0,1.0,0.0,False,no_elimination,12,False
20,1,Noah Galloway,percent,26.0,0.0817610062893081,0.0837278544088444,8.372785440884444,0.0023418352385929,0.2862026095851929,1.0,0.0,1.0,0.0,False,no_elimination,12,False
20,1,Patti LaBelle,percent,25.0,0.0786163522012578,0.0853524120210842,8.535241202108429,0.0022890934716999,0.2914724827938107,1.0,0.0,1.0,0.0,False,no_elimination,12,False
20,1,Redfoo,percent,22.0,0.0691823899371069,0.0819154612782941,8.191546127829417,0.0023437742089638,0.2819329979476141,1.0,0.0,1.0,0.0,False,no_elimination,12,False
20,1,Riker Lynch,percent,31.0,0.0974842767295597,0.0832620857307195,8.326208573071959,0.0023217369900522,0.2800293086900047,1.0,0.0,1.0,0.0,False,no_elimination,12,False
20,1,Robert Herjavec,percent,28.0,0.0880503144654088,0.0831970294509035,8.319702945090352,0.0022218215413996,0.2862614658228735,1.0,0.0,1.0,0.0,False,no_elimination,12,False
20,1,Rumer Willis,percent,32.0,0.10062893081761,0.0835188470655522,8.351884706555222,0.0024626618017923,0.285683555113027,1.0,0.0,1.0,0.0,False,no_elimination,12,False
20,1,Suzanne Somers,percent,25.0,0.0786163522012578,0.0832356206538608,8.323562065386085,0.0024379490832686,0.2880383466713142,1.0,0.0,1.0,0.0,False,no_elimination,12,False
20,1,Willow Shields,percent,25.0,0.0786163522012578,0.0835098150952902,8.35098150952903,0.0024023770871879,0.2867431552563253,1.0,0.0,1.0,0.0,False,no_elimination,12,False
20,2,Charlotte McKinney,percent,26.0,0.0749279538904899,0.093915757793632,9.39157577936321,0.0199749731819777,0.2371975919051963,0.035,0.0144092219020172,0.92507204610951,0.0,False,single_elimination,12,False
20,2,Chris Soules,percent,21.0,0.0605187319884726,0.1114161009923269,11.1416100992327,0.0361503911008044,0.3012235578427944,0.035,0.0288184438040345,0.9394812680115272,0.0,False,single_elimination,12,False
20,2,Michael Sam,percent,28.0,0.0806916426512968,0.0940135094019218,9.401350940192184,0.0150252406463768,0.2665197071584154,0.035,0.0086455331412103,0.9193083573487032,0.0,False,single_elimination,12,False
20,2,Nastia Liukin,percent,34.0,0.0979827089337175,0.0846979747836976,8.469797478369768,0.0036440293988503,0.2598939616496015,0.035,0.0,0.9106628242074928,0.0,False,single_elimination,12,False
20,2,Noah Galloway,percent,27.0,0.0778097982708933,0.092137666314594,9.213766631459402,0.0168979808972582,0.2665305309000425,0.035,0.0115273775216138,0.9221902017291064,0.0,False,single_elimination,12,False
20,2,Patti LaBelle,percent,28.0,0.0806916426512968,0.0921171025313279,9.211710253132791,0.0132147076148896,0.2555484721967746,0.035,0.0086455331412103,0.9193083573487032,0.0,False,single_elimination,12,False
20,2,Redfoo,percent,31.0,0.0893371757925072,0.0067124446955233,0.6712444695523303,0.0001850073122486,0.0239402400565661,0.035,0.0,0.0773294908741594,0.0,False,single_elimination,12,True
20,2,Riker Lynch,percent,32.0,0.0922190201729106,0.0812423167193127,8.124231671931275,0.0052269823812487,0.2813544866646442,0.035,0.0,0.9106628242074928,0.0,False,single_elimination,12,False
20,2,Robert Herjavec,percent,28.0,0.0806916426512968,0.0855843821380861,8.558438213808618,0.0142042582353285,0.2788329792979412,0.035,0.0086455331412103,0.9193083573487032,0.0,False,single_elimination,12,False
20,2,Rumer Willis,percent,32.0,0.0922190201729106,0.0843457935418536,8.434579354185367,0.007189317500836,0.2607464852843681,0.035,0.0,0.9106628242074928,0.0,False,single_elimination,12,False
20,2,Suzanne Somers,percent,28.0,0.0806916426512968,0.0923529007003577,9.235290070035775,0.015498342583756,0.2678105568220095,0.035,0.0086455331412103,0.9193083573487032,0.0,False,single_elimination,12,False
20,2,Willow Shields,percent,32.0,0.0922190201729106,0.0814640503873656,8.146405038736571,0.0061034873602273,0.2860129890390281,0.035,0.0,0.9106628242074928,0.0,False,single_elimination,12,False
20,3,Charlotte McKinney,percent,22.0,0.0702875399361022,0.015805989215443,1.5805989215443048,0.00066042518953,0.0436053488325211,0.2305,0.0,0.1115306418820795,0.0,False,single_elimination,11,True
20,3,Chris Soules,percent,28.0,0.0894568690095846,0.0944099098146477,9.440990981464768,0.0037541943007676,0.3133473373051551,0.2305,0.0,1.0,0.0,False,single_elimination,11,False
20,3,Michael Sam,percent,24.0,0.0766773162939297,0.1031703419896945,10.31703419896945,0.008150465069965,0.3182976457405455,0.2305,0.0,1.0,0.0,False,single_elimination,11,False
20,3,Nastia Liukin,percent,34.0,0.108626198083067,0.0960977772159364,9.60977772159364,0.0032886297544007,0.3261391368239729,0.2305,0.0,1.0,0.0,False,single_elimination,11,False
20,3,Noah Galloway,percent,30.0,0.0958466453674121,0.0973635654337749,9.736356543377491,0.0030731432816583,0.3128386667824088,0.2305,0.0,1.0,0.0,False,single_elimination,11,False
20,3,Patti LaBelle,percent,22.0,0.0702875399361022,0.1121778962466495,11.217789624664947,0.0124069065782091,0.3472482302249255,0.2305,-0.0,1.0,0.0,False,single_elimination,11,False
20,3,Riker Lynch,percent,34.0,0.108626198083067,0.0956767579794636,9.567675797946364,0.0031804472981933,0.3146501585869936,0.2305,0.0,1.0,0.0,False,single_elimination,11,False
20,3,Robert Herjavec,percent,29.0,0.0926517571884984,0.0957822631435646,9.578226314356463,0.0034691548635707,0.3213262054278262,0.2305,0.0,1.0,0.0,False,single_elimination,11,False
20,3,Rumer Willis,percent,33.0,0.1054313099041533,0.0956618457091316,9.566184570913158,0.0027782962231727,0.3207553696650537,0.2305,0.0,1.0,0.0,False,single_elimination,11,False
20,3,Suzanne Somers,percent,25.0,0.0798722044728434,0.1023907706797756,10.23907706797756,0.0057246106887462,0.3264424503422246,0.2305,0.0,1.0,0.0,False,single_elimination,11,False
20,3,Willow Shields,percent,32.0,0.1022364217252396,0.0914628825719184,9.146288257191843,0.0025189342341767,0.3099218246671873,0.2305,0.0,1.0,0.0,False,single_elimination,11,False
20,4,Chris Soules,percent,27.0,0.083076923076923,0.1243774568058461,12.437745680584625,0.0228926991929936,0.3718422661785587,0.1395,0.0092307692307692,0.9938461538461538,0.0,False,single_elimination,10,False
20,4,Michael Sam,percent,30.0,0.0923076923076923,0.0128219070503947,1.2821907050394714,0.0005598459583003,0.0384828619543286,0.1395,0.0,0.1076923076923077,0.0,False,single_elimination,10,True
20,4,Nastia Liukin,percent,36.0,0.1107692307692307,0.1043279058844308,10.432790588443089,0.0038977886795607,0.3281726348497384,0.1395,0.0,0.9846153846153846,0.0,False,single_elimination,10,False
20,4,Noah Galloway,percent,32.0,0.0984615384615384,0.1051136954967531,10.511369549675324,0.0074214409258054,0.3449720202662013,0.1395,0.0,0.9846153846153846,0.0,False,single_elimination,10,False
20,4,Patti LaBelle,percent,30.0,0.0923076923076923,0.1139678755738083,11.396787557380836,0.0126619877199109,0.3396656814755385,0.1395,-0.0,0.9846153846153846,0.0,False,single_elimination,10,False
20,4,Riker Lynch,percent,34.0,0.1046153846153846,0.1081226871107488,10.812268711074896,0.0036648480255348,0.3482947818394579,0.1395,0.0,0.9846153846153846,0.0,False,single_elimination,10,False
20,4,Robert Herjavec,percent,34.0,0.1046153846153846,0.1040419444138709,10.404194441387096,0.0048002592032914,0.3281880584414753,0.1395,0.0,0.9846153846153846,0.0,False,single_elimination,10,False
20,4,Rumer Willis,percent,35.0,0.1076923076923077,0.1055400729261436,10.554007292614374,0.003490322231756,0.3540498995373305,0.1395,0.0,0.9846153846153846,0.0,False,single_elimination,10,False
20,4,Suzanne Somers,percent,28.0,0.0861538461538461,0.1176960200085088,11.769602000850895,0.0159680103797035,0.3365838219235239,0.1395,0.0061538461538461,0.9907692307692308,0.0,False,single_elimination,10,False
20,4,Willow Shields,percent,39.0,0.12,0.1039904347294938,10.399043472949392,0.0044941579639067,0.3531157409865706,0.1395,0.0,0.9846153846153846,0.0,False,single_elimination,10,False
20,5,Chris Soules,percent,27.0,0.0954063604240282,0.1288462081030731,12.88462081030731,0.0167982256912653,0.3777353879977234,0.1478,0.0035335689045936,0.9823321554770318,0.0,False,single_elimination,9,False
20,5,Nastia Liukin,percent,38.0,0.1342756183745583,0.1156374627668442,11.563746276684425,0.0031182194075821,0.3688538678270242,0.1478,0.0,0.978798586572438,0.0,False,single_elimination,9,False
20,5,Noah Galloway,percent,28.0,0.0989399293286219,0.1287954179472771,12.879541794727714,0.0141368291808443,0.3812802054530229,0.1478,0.0,0.978798586572438,0.0,False,single_elimination,9,False
20,5,Patti LaBelle,percent,27.0,0.0954063604240282,0.1268869721203574,12.68869721203574,0.0172570026662724,0.3647439844955925,0.1478,0.0035335689045936,0.9823321554770318,0.0,False,single_elimination,9,False
20,5,Riker Lynch,percent,38.0,0.1342756183745583,0.114983845616843,11.498384561684304,0.0042027235590918,0.3778884463518108,0.1478,0.0,0.978798586572438,0.0,False,single_elimination,9,False
20,5,Robert Herjavec,percent,24.0,0.0848056537102473,0.1431025477456556,14.310254774565564,0.0295326444219519,0.3925601811534676,0.1478,0.0141342756183745,0.9929328621908128,0.0,False,single_elimination,9,False
20,5,Rumer Willis,percent,39.0,0.1378091872791519,0.1098746467463515,10.987464674635152,0.0028574501204275,0.3829144125974244,0.1478,0.0,0.978798586572438,0.0,False,single_elimination,9,False
20,5,Suzanne Somers,percent,28.0,0.0989399293286219,0.0170088965579528,1.7008896557952828,0.0007065128419009,0.0497462564117326,0.1478,0.0,0.1232822928936002,0.0,False,single_elimination,9,True
20,5,Willow Shields,percent,34.0,0.1201413427561837,0.114864002395645,11.4864002395645,0.0047497989013851,0.3592085752410559,0.1478,0.0,0.978798586572438,0.0,False,single_elimination,9,False
20,6,Chris Soules,percent,35.0,0.1236749116607773,0.1416279272140392,14.16279272140393,0.0121081548954821,0.4263955198158837,0.1556,0.0,0.9982332155477032,0.0,False,single_elimination,8,False
20,6,Nastia Liukin,percent,36.5,0.1289752650176678,0.1343350409822444,13.433504098224446,0.0082444049178684,0.4085117030458713,0.1556,0.0,0.9982332155477032,0.0,False,single_elimination,8,False
20,6,Noah Galloway,percent,34.0,0.1201413427561837,0.147889040059622,14.788904005962207,0.0150370922152972,0.4427604928412111,0.1556,-0.0,0.9982332155477032,0.0,False,single_elimination,8,False
20,6,Patti LaBelle,percent,34.0,0.1201413427561837,0.0164525617563734,1.6452561756373405,0.000661481540023,0.0523166180870555,0.1556,0.0,0.1298586572438163,0.0,False,single_elimination,8,True
20,6,Riker Lynch,percent,38.0,0.1342756183745583,0.1349213251245917,13.492132512459182,0.0070103878517872,0.409660469218422,0.1556,0.0,0.9982332155477032,0.0,False,single_elimination,8,False
20,6,Robert Herjavec,percent,33.5,0.1183745583038869,0.1451874425897366,14.518744258973664,0.0144056298175282,0.4241314260043327,0.1556,0.0017667844522968,1.0,0.0,False,single_elimination,8,False
20,6,Rumer Willis,percent,35.5,0.1254416961130742,0.1418881358623018,14.188813586230191,0.0092440632501905,0.4288583389973479,0.1556,0.0,0.9982332155477032,0.0,False,single_elimination,8,False
20,6,Willow Shields,percent,36.5,0.1289752650176678,0.1376985264110903,13.769852641109036,0.007825498663807,0.4154325214845625,0.1556,0.0,0.9982332155477032,0.0,False,single_elimination,8,False
20,7,Chris Soules,percent,31.0,0.1220472440944882,0.181054965498301,18.105496549830093,0.0464561977502884,0.4780503983975921,0.0846,0.0314960629921259,0.9488188976377954,0.0,False,single_elimination,7,False
20,7,Nastia Liukin,percent,41.0,0.1614173228346456,0.1472541771743234,14.725417717432334,0.0085587145628365,0.4155796543567301,0.0846,0.0,0.9173228346456694,0.0,False,single_elimination,7,False
20,7,Noah Galloway,percent,38.0,0.1496062992125984,0.1558453476724801,15.584534767248009,0.0200504103300472,0.4378240431842047,0.0846,0.0039370078740157,0.9212598425196852,0.0,False,single_elimination,7,False
20,7,Riker Lynch,percent,37.0,0.1456692913385826,0.156779912615995,15.677991261599496,0.0243866773398191,0.4332202938624644,0.0846,0.0078740157480315,0.9251968503937008,0.0,False,single_elimination,7,False
20,7,Robert Herjavec,percent,31.0,0.1220472440944882,0.1832612074660848,18.326120746608478,0.0483205575091379,0.4580155626591203,0.0846,0.0314960629921259,0.9488188976377954,0.0,False,single_elimination,7,False
20,7,Rumer Willis,percent,37.0,0.1456692913385826,0.1564322260788253,15.643222607882528,0.0217693668718179,0.4249813827399946,0.0846,0.0078740157480315,0.9251968503937008,0.0,False,single_elimination,7,False
20,7,Willow Shields,percent,39.0,0.1535433070866141,0.0193721634939907,1.9372163493990728,0.0005896155249809,0.0622739034406068,0.0846,0.0,0.1321709786276715,0.0,False,single_elimination,7,True
20,8,Chris Soules,percent,32.0,0.1513002364066193,0.0492834214753877,4.928342147538775,0.0016023084245486,0.1302103573765727,0.1086,0.0,0.2193853427895981,0.0,False,multi_elimination_2,6,True
20,8,Nastia Liukin,percent,38.0,0.1796690307328605,0.2193424206020342,21.93424206020341,0.0264848872071895,0.5551183769170095,0.1086,0.0,0.9976359338061466,0.0,False,multi_elimination_2,6,False
20,8,Noah Galloway,percent,31.5,0.1489361702127659,0.2462157237097057,24.62157237097056,0.051720044683938,0.5899883594594681,0.1086,0.0023640661938534,1.0,0.0,False,multi_elimination_2,6,False
20,8,Riker Lynch,percent,39.0,0.1843971631205673,0.219791923130189,21.979192313018896,0.0295664466854106,0.5806171412631277,0.1086,0.0,0.9976359338061466,0.0,False,multi_elimination_2,6,False
20,8,Robert Herjavec,percent,31.0,0.1465721040189125,0.0512894030317509,5.128940303175094,0.0017016423591031,0.137416925165173,0.1086,0.0,0.2231678486997636,0.0,False,multi_elimination_2,6,True
20,8,Rumer Willis,percent,40.0,0.1891252955082742,0.2140771080509328,21.407710805093277,0.0215255897095255,0.5851076797571628,0.1086,0.0,0.9976359338061466,0.0,False,multi_elimination_2,6,False
20,9,Nastia Liukin,percent,40.0,0.2547770700636942,0.0636993479651845,6.369934796518463,0.0020675370451981,0.1801313135991011,0.2337,0.0,0.2452229299363057,0.0,False,single_elimination,4,True
20,9,Noah Galloway,percent,38.0,0.2420382165605095,0.3250036816364166,32.5003681636417,0.0640207738767969,0.7328184693280134,0.2337,0.0127388535031847,0.9936305732484076,0.0,False,single_elimination,4,False
20,9,Riker Lynch,percent,40.0,0.2547770700636942,0.3086459711861511,30.864597118615155,0.0490471104439973,0.7218382892952849,0.2337,0.0,0.9808917197452228,0.0,False,single_elimination,4,False
20,9,Rumer Willis,percent,39.0,0.2484076433121019,0.3026509992122463,30.26509992122467,0.0530844233577089,0.6993990549539532,0.2337,0.0063694267515923,0.9872611464968152,0.0,False,single_elimination,4,False
20,10,Noah Galloway,percent,36.0,0.3103448275862069,0.3319334582937231,33.1933458293723,0.013534809217088,0.8421445243057335,1.0,0.0,1.0,0.0,False,no_elimination,3,False
20,10,Riker Lynch,percent,40.0,0.3448275862068966,0.3353649960418128,33.536499604181266,0.0137285772330948,0.8479028136543094,1.0,0.0,1.0,0.0,False,no_elimination,3,False
20,10,Rumer Willis,percent,40.0,0.3448275862068966,0.3327015456644643,33.270154566446415,0.0133675186999933,0.8409739988949484,1.0,0.0,1.0,0.0,False,no_elimination,3,False
21,1,Alek Skarlatos,percent,22.0,0.088,0.0766994609792814,7.669946097928138,0.0018574842671719,0.2664042109759333,1.0,0.0,1.0,0.0,False,no_elimination,13,False
21,1,Alexa PenaVega,percent,22.0,0.088,0.0756566765536773,7.565667655367729,0.0020502354986007,0.260823363661936,1.0,0.0,1.0,0.0,False,no_elimination,13,False
21,1,Andy Grammer,percent,21.0,0.084,0.0770777562830897,7.707775628308966,0.0020503487442945,0.2668498941646004,1.0,0.0,1.0,0.0,False,no_elimination,13,False
21,1,Bindi Irwin,percent,24.0,0.096,0.0762024845618015,7.620248456180145,0.0019273430377592,0.260966429372219,1.0,0.0,1.0,0.0,False,no_elimination,13,False
21,1,Carlos PenaVega,percent,23.0,0.092,0.0773919422348054,7.739194223480538,0.0020301683920213,0.26392018254436,1.0,0.0,1.0,0.0,False,no_elimination,13,False
21,1,Chaka Khan,percent,13.0,0.052,0.0772849884773147,7.728498847731462,0.0020034766552212,0.2662816890368181,1.0,0.0,1.0,0.0,False,no_elimination,13,False
21,1,Gary Busey,percent,15.0,0.06,0.0772079686883916,7.720796868839151,0.0023189414418124,0.2641703085977105,1.0,0.0,1.0,0.0,False,no_elimination,13,False
21,1,Hayes Grier,percent,21.0,0.084,0.0775615286774516,7.75615286774516,0.001918990058913,0.2648205355569065,1.0,0.0,1.0,0.0,False,no_elimination,13,False
21,1,Kim Zolciak-Biermann,percent,12.0,0.048,0.0772959320925822,7.729593209258214,0.0018997477959409,0.2682321792113133,1.0,0.0,1.0,0.0,False,no_elimination,13,False
21,1,Nick Carter,percent,24.0,0.096,0.0770488230106566,7.704882301065655,0.0023491849520633,0.2690578767782669,1.0,0.0,1.0,0.0,False,no_elimination,13,False
21,1,Paula Deen,percent,15.0,0.06,0.0778206227378136,7.782062273781351,0.0022603668841387,0.2688000071077393,1.0,0.0,1.0,0.0,False,no_elimination,13,False
21,1,Tamar Braxton,percent,23.0,0.092,0.0761175312913443,7.611753129134426,0.0021564375393611,0.259859988364816,1.0,0.0,1.0,0.0,False,no_elimination,13,False
21,1,Victor Espinoza,percent,15.0,0.06,0.0766342844117908,7.663428441179073,0.0019898550997306,0.2669355063223543,1.0,0.0,1.0,0.0,False,no_elimination,13,False
21,2,Alek Skarlatos,percent,22.5,0.0831792975970425,0.0808784090979012,8.087840909790128,0.0039668153110512,0.2755601320532199,0.0575,0.0,0.9926062846580408,0.0,False,multi_elimination_2,13,False
21,2,Alexa PenaVega,percent,23.0,0.0850277264325323,0.0830230333707867,8.302303337078671,0.0041347719694895,0.29025260172517,0.0575,0.0,0.9926062846580408,0.0,False,multi_elimination_2,13,False
21,2,Andy Grammer,percent,22.0,0.0813308687615526,0.0844519459328584,8.445194593285844,0.0061640156504081,0.2944233489666534,0.0575,0.0,0.9926062846580408,0.0,False,multi_elimination_2,13,False
21,2,Bindi Irwin,percent,24.0,0.088724584103512,0.0849618099029668,8.496180990296686,0.0023354374111072,0.2868391998267552,0.0575,0.0,0.9926062846580408,0.0,False,multi_elimination_2,13,False
21,2,Carlos PenaVega,percent,22.5,0.0831792975970425,0.0835255032278143,8.35255032278143,0.0043370204045731,0.2706360762080393,0.0575,0.0,0.9926062846580408,0.0,False,multi_elimination_2,13,False
21,2,Chaka Khan,percent,15.0,0.055452865064695,0.017233023487065,1.723302348706507,0.0007475952377684,0.0410374917462455,0.0575,0.0,0.1055144793592113,0.0,False,multi_elimination_2,13,True
21,2,Gary Busey,percent,16.5,0.0609981515711645,0.1007004613694314,10.070046136943144,0.0190075201266791,0.2769837324109286,0.0575,0.0073937153419593,1.0,0.0,False,multi_elimination_2,13,False
21,2,Hayes Grier,percent,22.5,0.0831792975970425,0.0848915105505708,8.489151055057082,0.0040774210981164,0.273285011459389,0.0575,0.0,0.9926062846580408,0.0,False,multi_elimination_2,13,False
21,2,Kim Zolciak-Biermann,percent,18.5,0.0683918669131238,0.107809985211374,10.780998521137407,0.0135185546259837,0.3242122396293641,0.0575,0.0,0.9926062846580408,0.0,False,multi_elimination_2,13,False
21,2,Nick Carter,percent,22.5,0.0831792975970425,0.0853685050051008,8.536850500510083,0.0046566631678059,0.2705595741265202,0.0575,0.0,0.9926062846580408,0.0,False,multi_elimination_2,13,False
21,2,Paula Deen,percent,18.5,0.0683918669131238,0.093100518207903,9.310051820790306,0.013691245100594,0.2660478322688269,0.0575,0.0,0.9926062846580408,0.0,False,multi_elimination_2,13,False
21,2,Tamar Braxton,percent,24.5,0.0905730129390018,0.0822353129905407,8.223531299054072,0.0032872924970307,0.2786837565718033,0.0575,0.0,0.9926062846580408,0.0,False,multi_elimination_2,13,False
21,2,Victor Espinoza,percent,18.5,0.0683918669131238,0.0118199816456861,1.1819981645686195,0.0005065139643926,0.0332150941456538,0.0575,0.0,0.0936537276648182,0.0,False,multi_elimination_2,13,True
21,3,Alek Skarlatos,percent,33.0,0.1081967213114754,0.1002120812621784,10.02120812621784,0.0027539390910776,0.3356958628449038,1.0,0.0,1.0,0.0,False,no_elimination,10,False
21,3,Alexa PenaVega,percent,36.0,0.1180327868852459,0.0988730793871121,9.887307938711212,0.0031104864863407,0.3275757137245071,1.0,0.0,1.0,0.0,False,no_elimination,10,False
21,3,Andy Grammer,percent,29.0,0.0950819672131147,0.1007678247732533,10.076782477325336,0.0029522702478895,0.3353056144831279,1.0,0.0,1.0,0.0,False,no_elimination,10,False
21,3,Bindi Irwin,percent,32.0,0.1049180327868852,0.1003083388689369,10.030833886893696,0.0027633400495395,0.3342375583439489,1.0,0.0,1.0,0.0,False,no_elimination,10,False
21,3,Carlos PenaVega,percent,31.0,0.101639344262295,0.0996168307585935,9.96168307585936,0.0028908079470536,0.3283432489305466,1.0,0.0,1.0,0.0,False,no_elimination,10,False
21,3,Gary Busey,percent,25.0,0.081967213114754,0.1000920471063244,10.009204710632442,0.0027893972806752,0.3366307408972527,1.0,0.0,1.0,0.0,False,no_elimination,10,False
21,3,Hayes Grier,percent,30.0,0.0983606557377049,0.0990879175595555,9.90879175595556,0.0028579392619404,0.3273494357470664,1.0,0.0,1.0,0.0,False,no_elimination,10,False
21,3,Nick Carter,percent,36.0,0.1180327868852459,0.100348105437252,10.034810543725207,0.0028195458787645,0.3377798947298882,1.0,0.0,1.0,0.0,False,no_elimination,10,False
21,3,Paula Deen,percent,20.0,0.0655737704918032,0.1011370494911901,10.11370494911902,0.0029299565243236,0.3368791421404766,1.0,0.0,1.0,0.0,False,no_elimination,10,False
21,3,Tamar Braxton,percent,33.0,0.1081967213114754,0.0995567253556033,9.955672535560334,0.002601387848124,0.3389094140422557,1.0,0.0,1.0,0.0,False,no_elimination,10,False
21,4,Alek Skarlatos,percent,24.0,0.1016949152542373,0.1055108365041249,10.551083650412506,0.0035020972070896,0.3430337332162191,0.3143,0.0,1.0,0.0,False,single_elimination,10,False
21,4,Alexa PenaVega,percent,21.0,0.0889830508474576,0.1104696238907648,11.046962389076487,0.0058977591250956,0.358464426725382,0.3143,0.0,1.0,0.0,False,single_elimination,10,False
21,4,Andy Grammer,percent,23.0,0.097457627118644,0.1061577857665476,10.615778576654774,0.0045954195557537,0.3461215184103925,0.3143,0.0,1.0,0.0,False,single_elimination,10,False
21,4,Bindi Irwin,percent,28.0,0.1186440677966101,0.1096345953876523,10.963459538765248,0.0034899737847444,0.3551843330865491,0.3143,0.0,1.0,0.0,False,single_elimination,10,False
21,4,Carlos PenaVega,percent,25.0,0.1059322033898305,0.108548046542159,10.854804654215918,0.0041683806065024,0.3549083495539675,0.3143,0.0,1.0,0.0,False,single_elimination,10,False
21,4,Gary Busey,percent,16.0,0.0677966101694915,0.0220947409549653,2.209474095496537,0.00097662430205,0.0572277301198576,0.3143,0.0,0.1322033898305085,0.0,False,single_elimination,10,True
21,4,Hayes Grier,percent,27.0,0.1144067796610169,0.1048188716054879,10.481887160548805,0.0033398386864002,0.3458949721265379,0.3143,0.0,1.0,0.0,False,single_elimination,10,False
21,4,Nick Carter,percent,27.0,0.1144067796610169,0.1074093168732519,10.7409316873252,0.0031174215190934,0.3639810907670136,0.3143,0.0,1.0,0.0,False,single_elimination,10,False
21,4,Paula Deen,percent,18.0,0.0762711864406779,0.1220954583181379,12.209545831813802,0.0086423495680367,0.3624718074727608,0.3143,0.0,1.0,0.0,False,single_elimination,10,False
21,4,Tamar Braxton,percent,27.0,0.1144067796610169,0.1032607241569071,10.326072415690724,0.0032605702090286,0.3474433892187126,0.3143,0.0,1.0,0.0,False,single_elimination,10,False
21,5,Alek Skarlatos,percent,29.0,0.0963455149501661,0.1114402938538082,11.144029385380836,0.0032236578700767,0.369950552767376,1.0,0.0,1.0,0.0,False,no_elimination,9,False
21,5,Alexa PenaVega,percent,40.0,0.132890365448505,0.1104169520191486,11.041695201914878,0.0034188139267414,0.3592319085777987,1.0,0.0,1.0,0.0,False,no_elimination,9,False
21,5,Andy Grammer,percent,36.0,0.1196013289036544,0.11071675810695,11.071675810695012,0.0034692022789492,0.371217424288369,1.0,0.0,1.0,0.0,False,no_elimination,9,False
21,5,Bindi Irwin,percent,37.0,0.1229235880398671,0.1104411415094116,11.044114150941178,0.0032020174218143,0.3724870510748124,1.0,0.0,1.0,0.0,False,no_elimination,9,False
21,5,Carlos PenaVega,percent,39.0,0.1295681063122923,0.1112091988467892,11.120919884678935,0.0027241221825361,0.3695671122233042,1.0,0.0,1.0,0.0,False,no_elimination,9,False
21,5,Hayes Grier,percent,30.0,0.0996677740863787,0.1102105140077391,11.021051400773922,0.0033473115633391,0.3646844162043485,1.0,0.0,1.0,0.0,False,no_elimination,9,False
21,5,Nick Carter,percent,35.0,0.1162790697674418,0.1122280015270702,11.22280015270703,0.0033253539633837,0.3772903065331237,1.0,0.0,1.0,0.0,False,no_elimination,9,False
21,5,Paula Deen,percent,26.0,0.0863787375415282,0.1116082219300041,11.16082219300042,0.0029386978330098,0.3699607887045097,1.0,0.0,1.0,0.0,False,no_elimination,9,False
21,5,Tamar Braxton,percent,29.0,0.0963455149501661,0.1117289181990776,11.172891819907775,0.003225651881689,0.3763008855945522,1.0,0.0,1.0,0.0,False,no_elimination,9,False
21,6,Alek Skarlatos,percent,30.0,0.0958466453674121,0.1319202277468782,13.192022774687825,0.0075255207105538,0.4027306815365459,0.3233,0.0,1.0,0.0,False,single_elimination,9,False
21,6,Alexa PenaVega,percent,30.0,0.0958466453674121,0.124881187871496,12.488118787149602,0.0068665146720179,0.3772918151209203,0.3233,0.0,1.0,0.0,False,single_elimination,9,False
21,6,Andy Grammer,percent,40.0,0.1277955271565495,0.1210505358235749,12.10505358235749,0.0033616783614884,0.3988187461397319,0.3233,0.0,1.0,0.0,False,single_elimination,9,False
21,6,Bindi Irwin,percent,40.0,0.1277955271565495,0.1180839682959597,11.808396829595976,0.0044523503760251,0.3946338607439665,0.3233,0.0,1.0,0.0,False,single_elimination,9,False
21,6,Carlos PenaVega,percent,38.0,0.121405750798722,0.117203827771985,11.720382777198504,0.0035760506135562,0.3885100525616914,0.3233,0.0,1.0,0.0,False,single_elimination,9,False
21,6,Hayes Grier,percent,32.0,0.1022364217252396,0.1256874542271417,12.568745422714178,0.00539978609559,0.3809168433979787,0.3233,0.0,1.0,0.0,False,single_elimination,9,False
21,6,Nick Carter,percent,39.0,0.1246006389776357,0.1174405504761461,11.744055047614612,0.0042470158928709,0.3903289681000602,0.3233,0.0,1.0,0.0,False,single_elimination,9,False
21,6,Paula Deen,percent,24.0,0.0766773162939297,0.0249271694952035,2.492716949520356,0.0010279246149337,0.0664129770147881,0.3233,0.0,0.1455449059282925,0.0,False,single_elimination,9,True
21,6,Tamar Braxton,percent,40.0,0.1277955271565495,0.1188050782916146,11.880507829161465,0.0035609227955759,0.3870269339858431,0.3233,0.0,1.0,0.0,False,single_elimination,9,False
21,7,Alek Skarlatos,percent,26.5,0.1199095022624434,0.1452752542367162,14.52752542367162,0.0196615066750337,0.4124558713778551,0.1127,0.006787330316742,0.98868778280543,0.0,False,single_elimination,8,False
21,7,Alexa PenaVega,percent,27.5,0.1244343891402715,0.1420935663928579,14.209356639285788,0.015448287860508,0.4013678718386353,0.1127,0.002262443438914,0.984162895927602,0.0,False,single_elimination,8,False
21,7,Andy Grammer,percent,28.0,0.1266968325791855,0.1387910349685678,13.879103496856784,0.0121233838839162,0.4076985000910924,0.1127,0.0,0.9819004524886878,0.0,False,single_elimination,8,False
21,7,Bindi Irwin,percent,29.0,0.1312217194570135,0.1353280922540388,13.532809225403888,0.0105832074401378,0.4082835637307546,0.1127,0.0,0.9819004524886878,0.0,False,single_elimination,8,False
21,7,Carlos PenaVega,percent,28.0,0.1266968325791855,0.1407496392850467,14.074963928504678,0.0137269766786515,0.4382209005163104,0.1127,0.0,0.9819004524886878,0.0,False,single_elimination,8,False
21,7,Hayes Grier,percent,28.0,0.1266968325791855,0.0154929434886159,1.5492943488615916,0.000444521365421,0.050214794148258,0.1127,0.0,0.1233031674208144,0.0,False,single_elimination,8,True
21,7,Nick Carter,percent,27.0,0.1221719457013574,0.141796992358908,14.179699235890808,0.0173097579908177,0.4054800396259202,0.1127,0.004524886877828,0.986425339366516,0.0,False,single_elimination,8,False
21,7,Tamar Braxton,percent,27.0,0.1221719457013574,0.1404724770152485,14.047247701524851,0.017236012056517,0.4197120250475608,0.1127,0.004524886877828,0.986425339366516,0.0,False,single_elimination,8,False
21,8,Alek Skarlatos,percent,25.0,0.1288663779372513,0.1684790554381959,16.847905543819603,0.0163722077777223,0.4752607020707062,0.234,0.0,1.0,0.0,False,single_elimination,7,False
21,8,Alexa PenaVega,percent,26.9998,0.1391746572412079,0.1625097611156752,16.250976111567525,0.0101981238066777,0.4811059259023195,0.234,0.0,1.0,0.0,False,single_elimination,7,False
21,8,Andy Grammer,percent,23.9998,0.1237106918887378,0.0265297321463948,2.6529732146394878,0.000871860198735,0.0750517893122594,0.234,0.0,0.1620035938255479,0.0,False,single_elimination,7,True
21,8,Bindi Irwin,percent,28.0,0.1443303432897215,0.1623264495765005,16.23264495765006,0.0088508076893267,0.4853667688158518,0.234,0.0,1.0,0.0,False,single_elimination,7,False
21,8,Carlos PenaVega,percent,28.9998,0.149483967476188,0.1629311515358024,16.293115153580253,0.0083463495939377,0.4951396202101873,0.234,0.0,1.0,0.0,False,single_elimination,7,False
21,8,Nick Carter,percent,33.0,0.1701036188771717,0.1530973855459677,15.309738554596777,0.0059212218001848,0.4834656954200935,0.234,0.0,1.0,0.0,False,single_elimination,7,False
21,8,Tamar Braxton,percent,28.0,0.1443303432897215,0.1641264646414628,16.412646464146288,0.0096194293869121,0.4888037260511603,0.234,0.0,1.0,0.0,False,single_elimination,7,False
21,9,Alek Skarlatos,percent,25.5,0.155015197568389,0.2035246992725684,20.352469927256845,0.0439057814739494,0.5313461179252491,0.1036,0.0273556231003039,0.9331306990881458,0.0,False,single_elimination,6,False
21,9,Alexa PenaVega,percent,30.0,0.182370820668693,0.0247794858367494,2.477948583674942,0.0005002553615978,0.080625312953097,0.1036,0.0,0.1509625126646403,0.0,False,single_elimination,6,True
21,9,Bindi Irwin,percent,30.0,0.182370820668693,0.1736274823013812,17.362748230138124,0.0178952281531702,0.4936785908688721,0.1036,0.0,0.905775075987842,0.0,False,single_elimination,6,False
21,9,Carlos PenaVega,percent,27.0,0.1641337386018237,0.1882003951586993,18.820039515869933,0.0427089526291135,0.493904689472962,0.1036,0.0182370820668693,0.9240121580547112,0.0,False,single_elimination,6,False
21,9,Nick Carter,percent,27.5,0.1671732522796352,0.1995274007413554,19.952740074135544,0.0357776506262006,0.5310481217050413,0.1036,0.0151975683890577,0.9209726443768996,0.0,False,single_elimination,6,False
21,9,Tamar Braxton,percent,24.5,0.1489361702127659,0.2103405366892461,21.034053668924617,0.0525069041902374,0.5003618210220697,0.1036,0.033434650455927,0.9392097264437692,0.0,False,single_elimination,6,False
21,10,Alek Skarlatos,percent,28.5,0.240506329113924,0.2500602645057843,25.006026450578418,0.0082310897030588,0.7165976735994378,1.0,0.0,1.0,0.0,False,no_elimination,4,False
21,10,Bindi Irwin,percent,31.5,0.2658227848101265,0.2496193473834953,24.96193473834952,0.0085072411365841,0.7101911786459602,1.0,0.0,1.0,0.0,False,no_elimination,4,False
21,10,Carlos PenaVega,percent,31.5,0.2658227848101265,0.2499898269868024,24.998982698680223,0.0090513053746941,0.7142804808401549,1.0,0.0,1.0,0.0,False,no_elimination,4,False
21,10,Nick Carter,percent,27.0,0.2278481012658227,0.2503305611239185,25.03305611239184,0.0083871964494368,0.6991935864334587,1.0,0.0,1.0,0.0,False,no_elimination,4,False
21,11,Alek Skarlatos,percent,27.9999,0.2372874892266858,0.3222246399986215,32.22246399986215,0.0637659190082788,0.7430705740218753,0.2345,0.0169500143644189,1.0,0.0,False,single_elimination,4,False
21,11,Bindi Irwin,percent,30.0,0.2542375035911047,0.308433246216467,30.84332462164669,0.0478149105243383,0.7078010058933653,0.2345,0.0,0.983049985635581,0.0,False,single_elimination,4,False
21,11,Carlos PenaVega,percent,30.0,0.2542375035911047,0.0618641083724206,6.186410837242063,0.0015637194862234,0.1737769819090401,0.2345,0.0,0.2457624964088952,0.0,False,single_elimination,4,True
21,11,Nick Carter,percent,30.0,0.2542375035911047,0.307478005412491,30.74780054124909,0.0470212182211291,0.7362020751996129,0.2345,0.0,0.983049985635581,0.0,False,single_elimination,4,False
22,1,Antonio Brown,percent,21.0,0.0886075949367088,0.0836921495147319,8.36921495147319,0.0020520364126517,0.2889405068078666,1.0,0.0,1.0,0.0,False,no_elimination,12,False
22,1,Doug Flutie,percent,15.0,0.0632911392405063,0.083219598828662,8.321959882866201,0.0024011233750459,0.2826973709626509,1.0,0.0,1.0,0.0,False,no_elimination,12,False
22,1,Geraldo Rivera,percent,13.0,0.0548523206751054,0.0827426907778397,8.274269077783973,0.0021844761772681,0.2875928311596455,1.0,0.0,1.0,0.0,False,no_elimination,12,False
22,1,Ginger Zee,percent,23.0,0.0970464135021097,0.0827450975471029,8.27450975471029,0.002403690898876,0.2851708373560406,1.0,0.0,1.0,0.0,False,no_elimination,12,False
22,1,Jodie Sweetin,percent,20.0,0.0843881856540084,0.0848757624664149,8.487576246641494,0.0024428264703328,0.2895534188967109,1.0,0.0,1.0,0.0,False,no_elimination,12,False
22,1,Kim Fields,percent,20.0,0.0843881856540084,0.0831208261468068,8.31208261468068,0.0023612708846975,0.2840452534475261,1.0,0.0,1.0,0.0,False,no_elimination,12,False
22,1,Marla Maples,percent,21.0,0.0886075949367088,0.0835152707436339,8.35152707436339,0.0022404436665742,0.2880073359609731,1.0,0.0,1.0,0.0,False,no_elimination,12,False
22,1,Mischa Barton,percent,16.0,0.0675105485232067,0.0837467317971228,8.374673179712278,0.0023593924566626,0.2842240020401349,1.0,0.0,1.0,0.0,False,no_elimination,12,False
22,1,Nyle DiMarco,percent,23.0,0.0970464135021097,0.0842641906246973,8.426419062469732,0.0023751250158314,0.2824955715022176,1.0,0.0,1.0,0.0,False,no_elimination,12,False
22,1,Paige VanZant,percent,21.0,0.0886075949367088,0.0814247062549782,8.142470625497824,0.0024570588954551,0.2774589102872381,1.0,0.0,1.0,0.0,False,no_elimination,12,False
22,1,Von Miller,percent,21.0,0.0886075949367088,0.0833310232576922,8.33310232576922,0.0024112225688789,0.2908989626776177,1.0,0.0,1.0,0.0,False,no_elimination,12,False
22,1,Wanya Morris,percent,23.0,0.0970464135021097,0.0833219520403172,8.332195204031718,0.0022524083233087,0.2803596489777913,1.0,0.0,1.0,0.0,False,no_elimination,12,False
22,2,Antonio Brown,percent,19.0,0.0805084745762711,0.0908823099311012,9.088230993110118,0.0037190631500773,0.3037035559178996,0.3202,0.0,1.0,0.0,False,single_elimination,12,False
22,2,Doug Flutie,percent,20.0,0.0847457627118644,0.0894832768234226,8.948327682342255,0.0026854706517789,0.2956094369337426,0.3202,0.0,1.0,0.0,False,single_elimination,12,False
22,2,Geraldo Rivera,percent,13.0,0.0550847457627118,0.0178974967336297,1.7897496733629763,0.0008178924107122,0.0451943733388027,0.3202,0.0,0.1115819209039547,0.0,False,single_elimination,12,True
22,2,Ginger Zee,percent,21.0,0.0889830508474576,0.0868634599773248,8.68634599773248,0.0028823596705436,0.293869971796335,0.3202,0.0,1.0,0.0,False,single_elimination,12,False
22,2,Jodie Sweetin,percent,21.0,0.0889830508474576,0.0888256373455218,8.882563734552178,0.0032236506050701,0.3012041846401805,0.3202,0.0,1.0,0.0,False,single_elimination,12,False
22,2,Kim Fields,percent,19.0,0.0805084745762711,0.0884709797770839,8.847097977708387,0.0031209934664091,0.2887329857180083,0.3202,0.0,1.0,0.0,False,single_elimination,12,False
22,2,Marla Maples,percent,20.0,0.0847457627118644,0.088549615633855,8.854961563385503,0.0030653084748233,0.2947100498759256,0.3202,0.0,1.0,0.0,False,single_elimination,12,False
22,2,Mischa Barton,percent,15.0,0.0635593220338983,0.0966926620429879,9.669266204298788,0.0065454811742078,0.3108748185476662,0.3202,0.0,1.0,0.0,False,single_elimination,12,False
22,2,Nyle DiMarco,percent,20.0,0.0847457627118644,0.0911758341283664,9.11758341283664,0.0032709225804629,0.3018885962632266,0.3202,0.0,1.0,0.0,False,single_elimination,12,False
22,2,Paige VanZant,percent,24.0,0.1016949152542373,0.0850627227866969,8.506272278669693,0.0022900321609017,0.2941885594964443,0.3202,0.0,1.0,0.0,False,single_elimination,12,False
22,2,Von Miller,percent,20.0,0.0847457627118644,0.0899896075632281,8.998960756322811,0.0032400676905424,0.3067504806415398,0.3202,0.0,1.0,0.0,False,single_elimination,12,False
22,2,Wanya Morris,percent,24.0,0.1016949152542373,0.0861063972567816,8.610639725678155,0.0026313780675678,0.2965884482665794,0.3202,0.0,1.0,0.0,False,single_elimination,12,False
22,3,Antonio Brown,percent,20.0,0.0843881856540084,0.1024371702724236,10.24371702724237,0.0051228607343026,0.3336517939237075,0.2225,0.0,1.0,0.0,False,single_elimination,11,False
22,3,Doug Flutie,percent,20.0,0.0843881856540084,0.1026478567295633,10.26478567295634,0.0054022235519945,0.3418244485903,0.2225,0.0,1.0,0.0,False,single_elimination,11,False
22,3,Ginger Zee,percent,21.0,0.0886075949367088,0.0986359169058729,9.863591690587295,0.0050342244437124,0.3206339102065294,0.2225,0.0,1.0,0.0,False,single_elimination,11,False
22,3,Jodie Sweetin,percent,23.0,0.0970464135021097,0.0939516989758552,9.395169897585529,0.0025527086221568,0.3125034180041567,0.2225,0.0,1.0,0.0,False,single_elimination,11,False
22,3,Kim Fields,percent,22.0,0.0928270042194092,0.0967623751175085,9.67623751175086,0.0026389179712926,0.3254559399862212,0.2225,0.0,1.0,0.0,False,single_elimination,11,False
22,3,Marla Maples,percent,21.0,0.0886075949367088,0.0992162970694489,9.921629706944891,0.0043333952384016,0.3131969484170681,0.2225,0.0,1.0,0.0,False,single_elimination,11,False
22,3,Mischa Barton,percent,18.0,0.0759493670886076,0.0129771027217687,1.297710272176877,0.0005542571983747,0.0364627574313417,0.2225,0.0,0.1058688147295742,0.0,False,single_elimination,11,True
22,3,Nyle DiMarco,percent,25.0,0.1054852320675105,0.0970014230823825,9.700142308238256,0.0035484852886035,0.329368006196395,0.2225,0.0,1.0,0.0,False,single_elimination,11,False
22,3,Paige VanZant,percent,23.0,0.0970464135021097,0.0990937007162963,9.909370071629638,0.0031825222422874,0.3366410897708598,0.2225,0.0,1.0,0.0,False,single_elimination,11,False
22,3,Von Miller,percent,20.0,0.0843881856540084,0.0993611355529608,9.936113555296084,0.0051558825024794,0.3241368535049097,0.2225,0.0,1.0,0.0,False,single_elimination,11,False
22,3,Wanya Morris,percent,24.0,0.1012658227848101,0.0979153228559184,9.791532285591847,0.0024848028739736,0.3390261245466289,0.2225,0.0,1.0,0.0,False,single_elimination,11,False
22,4,Antonio Brown,percent,35.0,0.109717868338558,0.1031408919548709,10.314089195487092,0.0046848624060065,0.3463968466233869,0.1687,0.0,0.9843260188087776,0.0,False,single_elimination,10,False
22,4,Doug Flutie,percent,24.0,0.0752351097178683,0.1270420142766096,12.70420142766096,0.0252879715812124,0.3674105690199516,0.1687,0.012539184952978,0.9968652037617556,0.0,False,single_elimination,10,False
22,4,Ginger Zee,percent,36.0,0.1128526645768025,0.1034969152785983,10.34969152785983,0.0030080243795306,0.3360088478968806,0.1687,0.0,0.9843260188087776,0.0,False,single_elimination,10,False
22,4,Jodie Sweetin,percent,27.0,0.0846394984326018,0.1215165798263863,12.15165798263863,0.0154924149660427,0.3656701510607172,0.1687,0.0031347962382445,0.987460815047022,0.0,False,single_elimination,10,False
22,4,Kim Fields,percent,32.0,0.1003134796238244,0.107814159498162,10.781415949816203,0.0044708410804643,0.3531525654878794,0.1687,0.0,0.9843260188087776,0.0,False,single_elimination,10,False
22,4,Marla Maples,percent,28.0,0.0877742946708464,0.0147068013008262,1.4706801300826209,0.0005002753792969,0.0413329885440936,0.1687,0.0,0.1122257053291536,0.0,False,single_elimination,10,True
22,4,Nyle DiMarco,percent,34.0,0.1065830721003134,0.1073323126478669,10.733231264786692,0.0042750775399314,0.3459977409284929,0.1687,0.0,0.9843260188087776,0.0,False,single_elimination,10,False
22,4,Paige VanZant,percent,36.0,0.1128526645768025,0.1004724184114983,10.047241841149829,0.0038107786063953,0.3324700880733752,0.1687,0.0,0.9843260188087776,0.0,False,single_elimination,10,False
22,4,Von Miller,percent,32.0,0.1003134796238244,0.1086609874137252,10.866098741372523,0.0046134155856522,0.3414776866976028,0.1687,0.0,0.9843260188087776,0.0,False,single_elimination,10,False
22,4,Wanya Morris,percent,35.0,0.109717868338558,0.1058169193914562,10.581691939145616,0.0048412450957016,0.3411138890944691,0.1687,0.0,0.9843260188087776,0.0,False,single_elimination,10,False
22,5,Antonio Brown,percent,26.0,0.0942028985507246,0.1112453310554111,11.124533105541104,0.0029554535916278,0.3639080277235064,1.0,0.0,1.0,0.0,False,no_elimination,9,False
22,5,Doug Flutie,percent,28.0,0.1014492753623188,0.1096247162953113,10.962471629531125,0.0034345310404968,0.3619862295838539,1.0,0.0,1.0,0.0,False,no_elimination,9,False
22,5,Ginger Zee,percent,32.0,0.1159420289855072,0.1093047453537644,10.930474535376431,0.0032558474012969,0.3586588677870131,1.0,0.0,1.0,0.0,False,no_elimination,9,False
22,5,Jodie Sweetin,percent,35.0,0.1268115942028985,0.1122051934557872,11.220519345578714,0.0030543504650642,0.3702537514151558,1.0,0.0,1.0,0.0,False,no_elimination,9,False
22,5,Kim Fields,percent,28.0,0.1014492753623188,0.113051844357128,11.305184435712796,0.0030502425448015,0.3748098929999102,1.0,0.0,1.0,0.0,False,no_elimination,9,False
22,5,Nyle DiMarco,percent,37.0,0.1340579710144927,0.1110378921884269,11.103789218842689,0.0032548786729221,0.3699411424829156,1.0,0.0,1.0,0.0,False,no_elimination,9,False
22,5,Paige VanZant,percent,31.0,0.1123188405797101,0.110566886949819,11.056688694981895,0.0028609410824866,0.3639113333726209,1.0,0.0,1.0,0.0,False,no_elimination,9,False
22,5,Von Miller,percent,29.0,0.1050724637681159,0.1106714905987387,11.067149059873872,0.0030914982338971,0.3719103461023911,1.0,0.0,1.0,0.0,False,no_elimination,9,False
22,5,Wanya Morris,percent,30.0,0.108695652173913,0.112291899745614,11.229189974561397,0.0032802554394715,0.3660418630245414,1.0,0.0,1.0,0.0,False,no_elimination,9,False
22,6,Antonio Brown,percent,27.0,0.118942731277533,0.1189720178914305,11.89720178914306,0.0042803475928829,0.388123165269066,0.2405,0.0,1.0,0.0,False,single_elimination,9,False
22,6,Doug Flutie,percent,21.0,0.092511013215859,0.0187075329214631,1.8707532921463117,0.000917072971078,0.0520008881402183,0.2405,0.0,0.1297112090063632,0.0,False,single_elimination,9,True
22,6,Ginger Zee,percent,24.0,0.105726872246696,0.1221727333696136,12.217273336961366,0.0074365640094095,0.3984143486195808,0.2405,0.0,1.0,0.0,False,single_elimination,9,False
22,6,Jodie Sweetin,percent,25.0,0.1101321585903083,0.123633051589559,12.363305158955905,0.0059025283099812,0.3905351772106017,0.2405,0.0,1.0,0.0,False,single_elimination,9,False
22,6,Kim Fields,percent,24.0,0.105726872246696,0.1262897318483201,12.628973184832018,0.0073001566212058,0.3937699406401225,0.2405,0.0,1.0,0.0,False,single_elimination,9,False
22,6,Nyle DiMarco,percent,25.0,0.1101321585903083,0.1269674676409087,12.696746764090877,0.0082664212417821,0.385596570458934,0.2405,0.0,1.0,0.0,False,single_elimination,9,False
22,6,Paige VanZant,percent,28.0,0.1233480176211453,0.1184824994986871,11.84824994986872,0.0046161523648303,0.4023248253457775,0.2405,0.0,1.0,0.0,False,single_elimination,9,False
22,6,Von Miller,percent,24.0,0.105726872246696,0.1263408529943898,12.63408529943899,0.0070605723264451,0.4044489983028679,0.2405,0.0,1.0,0.0,False,single_elimination,9,False
22,6,Wanya Morris,percent,29.0,0.1277533039647577,0.1184341122456275,11.843411224562756,0.0042705650157655,0.4033042134049146,0.2405,0.0,1.0,0.0,False,single_elimination,9,False
22,7,Antonio Brown,percent,26.0,0.1214953271028037,0.1655713263891017,16.557132638910176,0.0327897795769242,0.4274479005935041,0.0406,-0.0,0.9976635514018692,0.0,False,multi_elimination_2,8,False
22,7,Ginger Zee,percent,27.5,0.1285046728971962,0.1520434532433935,15.20434532433935,0.0238448634486586,0.4233898990456649,0.0406,0.0,0.9976635514018692,0.0,False,multi_elimination_2,8,False
22,7,Jodie Sweetin,percent,25.5,0.1191588785046729,0.1629942689168167,16.299426891681673,0.0343373944639921,0.4258967903512247,0.0406,0.0023364485981308,1.0,0.0,False,multi_elimination_2,8,False
22,7,Kim Fields,percent,26.0,0.1214953271028037,0.0263748380157995,2.637483801579954,0.0006594779210526,0.0733652890728297,0.0406,0.0,0.1468624833110814,0.0,False,multi_elimination_2,8,True
22,7,Nyle DiMarco,percent,28.0,0.1308411214953271,0.1479794495866456,14.797944958664566,0.0186721023549366,0.4046622533913895,0.0406,0.0,0.9976635514018692,0.0,False,multi_elimination_2,8,False
22,7,Paige VanZant,percent,27.5,0.1285046728971962,0.1550596535385441,15.505965353854414,0.022448634343812,0.4382591502771579,0.0406,0.0,0.9976635514018692,0.0,False,multi_elimination_2,8,False
22,7,Von Miller,percent,26.0,0.1214953271028037,0.026609110104175,2.6609110104175064,0.0008189013260978,0.0747416804468261,0.0406,0.0,0.1468624833110814,0.0,False,multi_elimination_2,8,True
22,7,Wanya Morris,percent,27.5,0.1285046728971962,0.1633679002055235,16.336790020552357,0.0231864040964941,0.4697685700832648,0.0406,0.0,0.9976635514018692,0.0,False,multi_elimination_2,8,False
22,8,Antonio Brown,percent,27.0,0.1597633136094674,0.1979344866815517,19.79344866815517,0.036276981908435,0.5102304952443656,0.1209,0.0177514792899408,0.9526627218934912,0.0,False,single_elimination,6,False
22,8,Ginger Zee,percent,30.0,0.1775147928994082,0.1795298439929765,17.95298439929765,0.0212906402512539,0.521812018477726,0.1209,0.0,0.9349112426035504,0.0,False,single_elimination,6,False
22,8,Jodie Sweetin,percent,30.0,0.1775147928994082,0.0259032606889695,2.590326068896956,0.0005854747001588,0.0846427385036205,0.1209,0.0,0.155818540433925,0.0,False,single_elimination,6,True
22,8,Nyle DiMarco,percent,29.0,0.1715976331360946,0.1841710022565926,18.417100225659265,0.022443450197715,0.5273039400642795,0.1209,0.0059171597633136,0.940828402366864,0.0,False,single_elimination,6,False
22,8,Paige VanZant,percent,28.0,0.165680473372781,0.193699175538283,19.3699175538283,0.034494352085036,0.5355494554222442,0.1209,0.0118343195266271,0.9467455621301776,0.0,False,single_elimination,6,False
22,8,Wanya Morris,percent,25.0,0.1479289940828402,0.2187622308416267,21.876223084162667,0.049784313859214,0.554969957123793,0.1209,0.029585798816568,0.9644970414201184,0.0,False,single_elimination,6,False
22,9,Antonio Brown,percent,27.5,0.1916376306620209,0.068539618764713,6.853961876471303,0.003067717597193,0.1691319723670911,0.0918,0.0,0.2560975609756097,0.0,False,multi_elimination_2,5,True
22,9,Ginger Zee,percent,28.0,0.1951219512195122,0.2933217409057851,29.332174090578523,0.0777100630368953,0.6229909451565939,0.0918,0.0139372822299651,0.9860627177700348,0.0,False,multi_elimination_2,5,False
22,9,Nyle DiMarco,percent,28.5,0.1986062717770035,0.2874423320759067,28.74423320759068,0.0743148938734259,0.6187728560468463,0.0918,0.0104529616724738,0.9825783972125436,0.0,False,multi_elimination_2,5,False
22,9,Paige VanZant,percent,29.5,0.205574912891986,0.2879557764006086,28.79557764006087,0.0722930926322685,0.644487799799974,0.0918,0.0034843205574912,0.975609756097561,0.0,False,multi_elimination_2,5,False
22,9,Wanya Morris,percent,30.0,0.2090592334494773,0.0627405318529861,6.2740531852986186,0.0018820413463756,0.1669469551622817,0.0918,0.0,0.2430313588850174,0.0,False,multi_elimination_2,5,True
22,10,Ginger Zee,percent,28.3332,0.3256704628527028,0.3357997484812821,33.579974848128224,0.012223714060403,0.8467420898335687,1.0,0.0,1.0,0.0,False,no_elimination,3,False
22,10,Nyle DiMarco,percent,28.9998,0.3333325670462853,0.3328911000116577,33.28911000116578,0.0119005551880115,0.8413559923788922,1.0,0.0,1.0,0.0,False,no_elimination,3,False
22,10,Paige VanZant,percent,29.666600000000003,0.340996970101012,0.3313091515070597,33.13091515070599,0.0129902841766149,0.8411394137599958,1.0,0.0,1.0,0.0,False,no_elimination,3,False
23,1,Amber Rose,percent,24.0,0.0727272727272727,0.078090070833583,7.809007083358304,0.00193808910387,0.2671260211201319,1.0,0.0,1.0,0.0,False,no_elimination,13,False
23,1,Babyface,percent,26.0,0.0787878787878787,0.0773103321037453,7.731033210374533,0.0022347776181499,0.2666229559667945,1.0,0.0,1.0,0.0,False,no_elimination,13,False
23,1,Calvin Johnson Jr.,percent,26.0,0.0787878787878787,0.0776114358615495,7.761143586154959,0.002076333023512,0.2658511186713974,1.0,0.0,1.0,0.0,False,no_elimination,13,False
23,1,Jake T. Austin,percent,22.0,0.0666666666666666,0.0761067963982615,7.610679639826151,0.0021758351012282,0.2589833178522284,1.0,0.0,1.0,0.0,False,no_elimination,13,False
23,1,James Hinchcliffe,percent,31.0,0.0939393939393939,0.0776393105143435,7.763931051434353,0.00225976875218,0.2659101728691562,1.0,0.0,1.0,0.0,False,no_elimination,13,False
23,1,Jana Kramer,percent,27.0,0.0818181818181818,0.0770781642787347,7.707816427873476,0.0020737787609117,0.2653076184580857,1.0,0.0,1.0,0.0,False,no_elimination,13,False
23,1,Laurie Hernandez,percent,31.0,0.0939393939393939,0.0760289672359438,7.602896723594385,0.0021953073845655,0.2597562653342443,1.0,0.0,1.0,0.0,False,no_elimination,13,False
23,1,Marilu Henner,percent,27.0,0.0818181818181818,0.0765854859846042,7.658548598460421,0.0022617888472616,0.2636466782276904,1.0,0.0,1.0,0.0,False,no_elimination,13,False
23,1,Maureen McCormick,percent,22.0,0.0666666666666666,0.0764392196051649,7.643921960516491,0.0022046441169559,0.26469768669588,1.0,0.0,1.0,0.0,False,no_elimination,13,False
23,1,Rick Perry,percent,20.0,0.0606060606060606,0.0757961792420017,7.57961792420017,0.0020830511669423,0.2643978251354053,1.0,0.0,1.0,0.0,False,no_elimination,13,False
23,1,Ryan Lochte,percent,24.0,0.0727272727272727,0.0769329145384823,7.69329145384823,0.0019898298419982,0.2638305424852198,1.0,0.0,1.0,0.0,False,no_elimination,13,False
23,1,Terra Jole,percent,25.0,0.0757575757575757,0.0773316350353253,7.733163503532535,0.0021392747294391,0.2658697495627767,1.0,0.0,1.0,0.0,False,no_elimination,13,False
23,1,Vanilla Ice,percent,25.0,0.0757575757575757,0.0770494883682601,7.704948836826013,0.0019345689456814,0.2629892247031732,1.0,0.0,1.0,0.0,False,no_elimination,13,False
23,2,Amber Rose,percent,24.0,0.0681818181818181,0.0899707391427158,8.997073914271587,0.0085172530862721,0.2776063410168466,0.1392,-0.0,0.994318181818182,0.0,False,single_elimination,13,False
23,2,Babyface,percent,30.0,0.0852272727272727,0.0773270574130822,7.732705741308226,0.0023425664594736,0.2642708498989329,0.1392,0.0,0.994318181818182,0.0,False,single_elimination,13,False
23,2,Calvin Johnson Jr.,percent,28.0,0.0795454545454545,0.0805851854937104,8.058518549371042,0.0024387757221567,0.2742638206579044,0.1392,0.0,0.994318181818182,0.0,False,single_elimination,13,False
23,2,Jake T. Austin,percent,24.0,0.0681818181818181,0.0087564076002352,0.8756407600235222,0.0002682884659629,0.0250123500938647,0.1392,0.0,0.0856643356643356,0.0,False,single_elimination,13,True
23,2,James Hinchcliffe,percent,29.0,0.0823863636363636,0.0767171280262891,7.671712802628913,0.0028830767847626,0.273299146174577,0.1392,0.0,0.994318181818182,0.0,False,single_elimination,13,False
23,2,Jana Kramer,percent,29.0,0.0823863636363636,0.0836365929070643,8.363659290706433,0.0030932324518774,0.2797444136584041,0.1392,0.0,0.994318181818182,0.0,False,single_elimination,13,False
23,2,Laurie Hernandez,percent,32.0,0.0909090909090909,0.0786250988871687,7.862509888716874,0.002102795209991,0.2586888768945206,0.1392,0.0,0.994318181818182,0.0,False,single_elimination,13,False
23,2,Marilu Henner,percent,27.0,0.0767045454545454,0.0809581532975987,8.095815329759875,0.0044540549734884,0.2612395722604275,0.1392,0.0,0.994318181818182,0.0,False,single_elimination,13,False
23,2,Maureen McCormick,percent,26.0,0.0738636363636363,0.0815807890423216,8.15807890423216,0.0048925794679128,0.2715936710475302,0.1392,0.0,0.994318181818182,0.0,False,single_elimination,13,False
23,2,Rick Perry,percent,22.0,0.0625,0.090124762655903,9.012476265590308,0.0157139457525705,0.2608125350540782,0.1392,0.0056818181818181,1.0,0.0,False,single_elimination,13,False
23,2,Ryan Lochte,percent,24.0,0.0681818181818181,0.0875431334892088,8.754313348920888,0.0087025590687997,0.2901332731106663,0.1392,0.0,0.994318181818182,0.0,False,single_elimination,13,False
23,2,Terra Jole,percent,31.0,0.0880681818181818,0.0794780910707244,7.947809107072443,0.0021803344040203,0.2835020539785322,0.1392,0.0,0.994318181818182,0.0,False,single_elimination,13,False
23,2,Vanilla Ice,percent,26.0,0.0738636363636363,0.0846968609739773,8.469686097397732,0.0048192288962162,0.2872245017952475,0.1392,0.0,0.994318181818182,0.0,False,single_elimination,13,False
23,3,Amber Rose,percent,25.0,0.0769230769230769,0.0907269280750501,9.072692807505014,0.0048666286920271,0.2922470737260764,0.1853,0.0,1.0,0.0,False,single_elimination,12,False
23,3,Babyface,percent,25.0,0.0769230769230769,0.0925644204634907,9.256442046349076,0.0048202738839458,0.286860274644718,0.1853,0.0,1.0,0.0,False,single_elimination,12,False
23,3,Calvin Johnson Jr.,percent,32.0,0.0984615384615384,0.0858846451762784,8.588464517627846,0.0028222772101855,0.3012616856846685,0.1853,0.0,1.0,0.0,False,single_elimination,12,False
23,3,James Hinchcliffe,percent,29.0,0.0892307692307692,0.087014615092857,8.701461509285707,0.0026890169885124,0.2974137328283553,0.1853,0.0,1.0,0.0,False,single_elimination,12,False
23,3,Jana Kramer,percent,26.0,0.08,0.0909357867339171,9.093578673391711,0.0043636747623834,0.2876800769594861,0.1853,0.0,1.0,0.0,False,single_elimination,12,False
23,3,Laurie Hernandez,percent,31.0,0.0953846153846153,0.0876325222222572,8.763252222225727,0.0021191053912745,0.2937867814294136,0.1853,0.0,1.0,0.0,False,single_elimination,12,False
23,3,Marilu Henner,percent,28.0,0.0861538461538461,0.0873322279521251,8.733222795212518,0.0031883642367348,0.2800314892935791,0.1853,0.0,1.0,0.0,False,single_elimination,12,False
23,3,Maureen McCormick,percent,28.0,0.0861538461538461,0.0893513722210181,8.935137222101813,0.0034256575212999,0.2811308371435983,0.1853,0.0,1.0,0.0,False,single_elimination,12,False
23,3,Rick Perry,percent,23.0,0.0707692307692307,0.0111748865985264,1.1174886598526477,0.0004132290426905,0.0321450510075124,0.1853,0.0,0.0958974358974359,0.0,False,single_elimination,12,True
23,3,Ryan Lochte,percent,25.0,0.0769230769230769,0.0905944929436786,9.05944929436787,0.0052077364059645,0.2836555486830336,0.1853,0.0,1.0,0.0,False,single_elimination,12,False
23,3,Terra Jole,percent,30.0,0.0923076923076923,0.0887900647981924,8.879006479819246,0.0029281442803002,0.2934051802805982,0.1853,0.0,1.0,0.0,False,single_elimination,12,False
23,3,Vanilla Ice,percent,23.0,0.0707692307692307,0.0979980377226081,9.799803772260812,0.0103480338692923,0.2923303097229832,0.1853,-0.0,1.0,0.0,False,single_elimination,12,False
23,4,Amber Rose,percent,24.0,0.0919540229885057,0.1105096438584255,11.050964385842557,0.0101811559971685,0.3323894800755084,0.0438,0.0,0.9885057471264368,0.0,False,multi_elimination_2,11,False
23,4,Babyface,percent,18.0,0.0689655172413793,0.0207915304864671,2.0791530486467185,0.0007216162715006,0.0518838421920012,0.0438,0.0,0.1222222222222222,0.0,False,multi_elimination_2,11,True
23,4,Calvin Johnson Jr.,percent,23.0,0.0881226053639846,0.1093636108233198,10.93636108233199,0.0124420451514915,0.3115662772578736,0.0438,-0.0,0.9885057471264368,0.0,False,multi_elimination_2,11,False
23,4,James Hinchcliffe,percent,28.0,0.10727969348659,0.092811295814567,9.281129581456703,0.0057247177679566,0.2909341601042149,0.0438,0.0,0.9885057471264368,0.0,False,multi_elimination_2,11,False
23,4,Jana Kramer,percent,23.0,0.0881226053639846,0.1132993537215336,11.329935372153365,0.0118602886379153,0.3585118584833051,0.0438,0.0,0.9885057471264368,0.0,False,multi_elimination_2,11,False
23,4,Laurie Hernandez,percent,30.0,0.1149425287356321,0.0979137197682055,9.791371976820562,0.0013553185146251,0.3427288026631148,0.0438,0.0,0.9885057471264368,0.0,False,multi_elimination_2,11,False
23,4,Marilu Henner,percent,21.0,0.0804597701149425,0.1100550574770537,11.00550574770538,0.0211175940928805,0.2869588270196105,0.0438,0.0076628352490421,0.9961685823754788,0.0,False,multi_elimination_2,11,False
23,4,Maureen McCormick,percent,24.0,0.0919540229885057,0.109276888435714,10.927688843571408,0.0100909095346252,0.3597021813822527,0.0438,0.0,0.9885057471264368,0.0,False,multi_elimination_2,11,False
23,4,Ryan Lochte,percent,22.0,0.0842911877394636,0.120637361779107,12.063736177910704,0.0197825688105145,0.363075086491363,0.0438,0.003831417624521,0.992337164750958,0.0,False,multi_elimination_2,11,False
23,4,Terra Jole,percent,25.0,0.0957854406130268,0.1016862868569316,10.168628685693164,0.0080943919331288,0.3253996383786618,0.0438,0.0,0.9885057471264368,0.0,False,multi_elimination_2,11,False
23,4,Vanilla Ice,percent,23.0,0.0881226053639846,0.0136552509786746,1.3655250978674631,0.0005250572667316,0.0387619596371093,0.0438,0.0,0.1049808429118773,0.0,False,multi_elimination_2,11,True
23,5,Amber Rose,percent,24.0,0.1043478260869565,0.1132985224416584,11.329852244165831,0.0033138856027868,0.3770428318793484,1.0,0.0,1.0,0.0,False,no_elimination,9,False
23,5,Calvin Johnson Jr.,percent,24.0,0.1043478260869565,0.1110828945433484,11.108289454334832,0.003272092161756,0.363391312480486,1.0,0.0,1.0,0.0,False,no_elimination,9,False
23,5,James Hinchcliffe,percent,29.0,0.1260869565217391,0.1112214649318544,11.122146493185436,0.0033263822682327,0.3741484077078248,1.0,0.0,1.0,0.0,False,no_elimination,9,False
23,5,Jana Kramer,percent,26.0,0.1130434782608695,0.1116723909371515,11.167239093715144,0.0034500922057786,0.3706821957233416,1.0,0.0,1.0,0.0,False,no_elimination,9,False
23,5,Laurie Hernandez,percent,25.0,0.108695652173913,0.1105923993868818,11.05923993868818,0.0030334143976385,0.3719005842973004,1.0,0.0,1.0,0.0,False,no_elimination,9,False
23,5,Marilu Henner,percent,27.0,0.117391304347826,0.1098233324858995,10.98233324858995,0.0030494428818592,0.3693371764719665,1.0,0.0,1.0,0.0,False,no_elimination,9,False
23,5,Maureen McCormick,percent,24.0,0.1043478260869565,0.1097940963684955,10.979409636849551,0.003227456564546,0.368424425371801,1.0,0.0,1.0,0.0,False,no_elimination,9,False
23,5,Ryan Lochte,percent,24.0,0.1043478260869565,0.1112765520057513,11.127655200575123,0.0032096689782405,0.3715012021471504,1.0,0.0,1.0,0.0,False,no_elimination,9,False
23,5,Terra Jole,percent,27.0,0.117391304347826,0.1112383468989594,11.12383468989594,0.0030558575477487,0.3653308743383751,1.0,0.0,1.0,0.0,False,no_elimination,9,False
23,6,Amber Rose,percent,28.0,0.0918032786885245,0.0187443887456869,1.8744388745686973,0.0008276979674966,0.0520529651593967,0.2324,0.0,0.1304189435336976,0.0,False,single_elimination,9,True
23,6,Calvin Johnson Jr.,percent,37.0,0.121311475409836,0.1220364858006847,12.203648580068482,0.0037934665225536,0.3890369938552633,0.2324,0.0,1.0,0.0,False,single_elimination,9,False
23,6,James Hinchcliffe,percent,38.0,0.1245901639344262,0.119443935901858,11.944393590185811,0.0042245950320042,0.3860749675835683,0.2324,0.0,1.0,0.0,False,single_elimination,9,False
23,6,Jana Kramer,percent,40.0,0.1311475409836065,0.116944739988473,11.694473998847307,0.0037938474993948,0.383480315419589,0.2324,0.0,1.0,0.0,False,single_elimination,9,False
23,6,Laurie Hernandez,percent,37.0,0.121311475409836,0.1200189197139433,12.00189197139434,0.0033332696191457,0.3905090725673446,0.2324,0.0,1.0,0.0,False,single_elimination,9,False
23,6,Marilu Henner,percent,34.0,0.1114754098360655,0.1206584083085994,12.065840830859951,0.0049590780991613,0.3766543285971947,0.2324,0.0,1.0,0.0,False,single_elimination,9,False
23,6,Maureen McCormick,percent,31.0,0.101639344262295,0.1251433286937773,12.514332869377736,0.0089015804160094,0.3821453398908689,0.2324,0.0,1.0,0.0,False,single_elimination,9,False
23,6,Ryan Lochte,percent,30.0,0.0983606557377049,0.1306629584206832,13.066295842068328,0.0100528587812578,0.3965363579803171,0.2324,0.0,1.0,0.0,False,single_elimination,9,False
23,6,Terra Jole,percent,30.0,0.0983606557377049,0.1263468344262934,12.634683442629347,0.0103755249911909,0.3862467288411032,0.2324,0.0,1.0,0.0,False,single_elimination,9,False
23,7,Calvin Johnson Jr.,percent,37.0,0.1343012704174228,0.1356118978095254,13.561189780952548,0.0070804954804305,0.4228193890478227,0.1622,0.0,0.9963702359346642,0.0,False,single_elimination,8,False
23,7,James Hinchcliffe,percent,37.0,0.1343012704174228,0.1341690695529026,13.416906955290262,0.0061114991295818,0.4150056277229488,0.1622,0.0,0.9963702359346642,0.0,False,single_elimination,8,False
23,7,Jana Kramer,percent,34.5,0.1252268602540834,0.1356712933181169,13.567129331811692,0.0098190781298092,0.4330114344986672,0.1622,0.0,0.9963702359346642,0.0,False,single_elimination,8,False
23,7,Laurie Hernandez,percent,34.5,0.1252268602540834,0.1427250405993853,14.272504059938532,0.0098535333806179,0.4327877339897191,0.1622,0.0,0.9963702359346642,0.0,False,single_elimination,8,False
23,7,Marilu Henner,percent,32.0,0.1161524500907441,0.1486045259241991,14.860452592419913,0.0181900590569659,0.4354129734974347,0.1622,0.0036297640653357,1.0,0.0,False,single_elimination,8,False
23,7,Maureen McCormick,percent,33.0,0.1197822141560798,0.0167487705858792,1.6748770585879234,0.0007130358262678,0.0532425813502926,0.1622,0.0,0.1302177858439201,0.0,False,single_elimination,8,True
23,7,Ryan Lochte,percent,33.0,0.1197822141560798,0.1418998001170978,14.18998001170978,0.0128505715340094,0.4154607162171497,0.1622,0.0,0.9963702359346642,0.0,False,single_elimination,8,False
23,7,Terra Jole,percent,34.5,0.1252268602540834,0.1445696020928935,14.456960209289354,0.0089727030935,0.414838832347237,0.1622,0.0,0.9963702359346642,0.0,False,single_elimination,8,False
23,8,Calvin Johnson Jr.,percent,30.0,0.1492538798546068,0.1557255084040139,15.572550840401378,0.0085535066787131,0.4885848694560198,0.1951,0.0,0.9751243533575656,0.0,False,single_elimination,7,False
23,8,James Hinchcliffe,percent,34.9998,0.1741285314711756,0.1456733144163856,14.56733144163855,0.0044585365895093,0.4518380800296124,0.1951,0.0,0.9751243533575656,0.0,False,single_elimination,7,False
23,8,Jana Kramer,percent,30.0,0.1492538798546068,0.1566119518375249,15.66119518375248,0.0096337946790387,0.4823712446376055,0.1951,0.0,0.9751243533575656,0.0,False,single_elimination,7,False
23,8,Laurie Hernandez,percent,33.0,0.1641792678400675,0.1508273377083816,15.082733770838155,0.0060568722520854,0.4711032074017256,0.1951,0.0,0.9751243533575656,0.0,False,single_elimination,7,False
23,8,Marilu Henner,percent,23.0,0.1144279745551985,0.1850087741023073,18.50087741023072,0.0329033538355696,0.4790476412741561,0.1951,0.0149253879854606,0.9900497413430264,0.0,False,single_elimination,7,False
23,8,Ryan Lochte,percent,26.0,0.1293533625406592,0.0249983044907046,2.499830449070466,0.00083827892315,0.0759604208982197,0.1951,0.0,0.1563609231736264,0.0,False,single_elimination,7,True
23,8,Terra Jole,percent,24.0,0.1194031038836854,0.1811548090406826,18.11548090406825,0.0279892018456221,0.5222339414950189,0.1951,0.0099502586569737,0.9850746120145392,0.0,False,single_elimination,7,False
23,9,Calvin Johnson Jr.,percent,37.0,0.1629955947136563,0.1975984927743662,19.759849277436626,0.0197585472221864,0.5486918248358855,0.1972,0.0,1.0,0.0,False,single_elimination,6,False
23,9,James Hinchcliffe,percent,36.0,0.158590308370044,0.2026125453739308,20.26125453739309,0.0210040591188275,0.5591910030570564,0.1972,-0.0,1.0,0.0,False,single_elimination,6,False
23,9,Jana Kramer,percent,40.0,0.1762114537444934,0.1846450124968602,18.46450124968603,0.0101260498341741,0.5388946777285571,0.1972,0.0,1.0,0.0,False,single_elimination,6,False
23,9,Laurie Hernandez,percent,40.0,0.1762114537444934,0.1884621986681206,18.846219866812067,0.0154715887203132,0.5536618755046411,0.1972,0.0,1.0,0.0,False,single_elimination,6,False
23,9,Marilu Henner,percent,36.0,0.158590308370044,0.0303528483356137,3.035284833561371,0.0009079698364775,0.0907488266349449,0.1972,0.0,0.1747430249632892,0.0,False,single_elimination,6,True
23,9,Terra Jole,percent,38.0,0.1674008810572687,0.1963289023511082,19.63289023511083,0.0155048230860352,0.5479564545097991,0.1972,0.0,1.0,0.0,False,single_elimination,6,False
23,10,Calvin Johnson Jr.,percent,28.0,0.1911262798634812,0.2472195882265108,24.721958822651093,0.0434381125355613,0.6194704407533077,0.1842,0.0136518771331057,0.9897610921501708,0.0,False,single_elimination,5,False
23,10,James Hinchcliffe,percent,29.5,0.2013651877133105,0.2402756835183489,24.0275683518349,0.034237451993354,0.6270339299154655,0.1842,0.0034129692832764,0.9795221843003412,0.0,False,single_elimination,5,False
23,10,Jana Kramer,percent,29.0,0.1979522184300341,0.2403496340639154,24.034963406391547,0.0341723071035951,0.6142332831238436,0.1842,0.0068259385665528,0.9829351535836176,0.0,False,single_elimination,5,False
23,10,Laurie Hernandez,percent,30.0,0.204778156996587,0.234360733594189,23.436073359418906,0.0266808470744357,0.5978654784049844,0.1842,0.0,0.9761092150170648,0.0,False,single_elimination,5,False
23,10,Terra Jole,percent,30.0,0.204778156996587,0.0377943605970355,3.779436059703557,0.0011965381745467,0.1105256649069307,0.1842,0.0,0.195221843003413,0.0,False,single_elimination,5,True
23,11,Calvin Johnson Jr.,percent,38.3331,0.2519161626669803,0.3152282357012896,31.52282357012896,0.0340915853353772,0.7795367606884105,0.2961,0.0,1.0,0.0,False,single_elimination,4,False
23,11,James Hinchcliffe,percent,38.9998,0.2562975590489603,0.3059968009544397,30.599680095443976,0.0298441749194391,0.7448540847109358,0.2961,0.0,1.0,0.0,False,single_elimination,4,False
23,11,Jana Kramer,percent,35.5,0.2332976924558098,0.067578460345554,6.757846034555399,0.0023691389300592,0.1885879795654473,0.2961,0.0,0.2667023075441902,0.0,False,single_elimination,4,True
23,11,Laurie Hernandez,percent,39.333200000000005,0.2584885858282496,0.3111965029987166,31.119650299871655,0.0303615704251675,0.7550971990337989,0.2961,0.0,1.0,0.0,False,single_elimination,4,False
24,1,Bonner Bolton,percent,22.0,0.0728476821192053,0.08287280524836,8.287280524836,0.0023938726754297,0.2850891037979961,1.0,0.0,1.0,0.0,False,no_elimination,12,False
24,1,Charo,percent,21.0,0.0695364238410596,0.0846030603252336,8.460306032523357,0.00206775608164,0.2890068736435592,1.0,0.0,1.0,0.0,False,no_elimination,12,False
24,1,Chris Kattan,percent,17.0,0.0562913907284768,0.0828115924456859,8.281159244568585,0.0022846462046836,0.2859639238609567,1.0,0.0,1.0,0.0,False,no_elimination,12,False
24,1,David Ross,percent,28.0,0.0927152317880794,0.0832124585589909,8.321245855899088,0.0024333308026262,0.2844411118233583,1.0,0.0,1.0,0.0,False,no_elimination,12,False
24,1,Erika Jayne,percent,24.0,0.0794701986754966,0.083264109922584,8.326410992258396,0.0022311972281601,0.2835961967915383,1.0,0.0,1.0,0.0,False,no_elimination,12,False
24,1,Heather Morris,percent,28.0,0.0927152317880794,0.0834102651845743,8.34102651845743,0.0020614490894811,0.2844766800454155,1.0,0.0,1.0,0.0,False,no_elimination,12,False
24,1,Mr. T,percent,20.0,0.0662251655629139,0.083118962420247,8.311896242024693,0.0022741805266645,0.283056687318153,1.0,0.0,1.0,0.0,False,no_elimination,12,False
24,1,Nancy Kerrigan,percent,28.0,0.0927152317880794,0.0830692125604294,8.306921256042935,0.0023133941283684,0.2851903773451792,1.0,0.0,1.0,0.0,False,no_elimination,12,False
24,1,Nick Viall,percent,24.0,0.0794701986754966,0.0834618779371607,8.346187793716064,0.0022965671608265,0.2836642111403868,1.0,0.0,1.0,0.0,False,no_elimination,12,False
24,1,Normani,percent,27.0,0.0894039735099337,0.0829274397945367,8.29274397945367,0.002250004746915,0.286745157505643,1.0,0.0,1.0,0.0,False,no_elimination,12,False
24,1,Rashad Jennings,percent,31.0,0.1026490066225165,0.0846640142342498,8.466401423424974,0.0021132354146515,0.284922502905596,1.0,0.0,1.0,0.0,False,no_elimination,12,False
24,1,Simone Biles,percent,32.0,0.1059602649006622,0.0825842013679479,8.25842013679479,0.0022229758604778,0.278208384510741,1.0,0.0,1.0,0.0,False,no_elimination,12,False
24,2,Bonner Bolton,percent,28.0,0.0853658536585365,0.0864084645720037,8.640846457200377,0.0028270229116695,0.3032804385279349,0.213,0.0,1.0,0.0,False,single_elimination,12,False
24,2,Charo,percent,25.0,0.0762195121951219,0.0943662311759055,9.436623117590557,0.0051590738899807,0.2988423251173895,0.213,0.0,1.0,0.0,False,single_elimination,12,False
24,2,Chris Kattan,percent,22.0,0.0670731707317073,0.0123457615597329,1.2345761559732962,0.0005263019199254,0.0341492310066294,0.213,0.0,0.0995934959349593,0.0,False,single_elimination,12,True
24,2,David Ross,percent,27.0,0.0823170731707317,0.0883729293730654,8.837292937306549,0.0043435079863048,0.2978728479725512,0.213,0.0,1.0,0.0,False,single_elimination,12,False
24,2,Erika Jayne,percent,28.0,0.0853658536585365,0.087502027460526,8.750202746052606,0.0028582641366415,0.3021062938490982,0.213,0.0,1.0,0.0,False,single_elimination,12,False
24,2,Heather Morris,percent,30.0,0.0914634146341463,0.0878009009080607,8.780090090806075,0.0023285641984148,0.2942722244293326,0.213,0.0,1.0,0.0,False,single_elimination,12,False
24,2,Mr. T,percent,22.0,0.0670731707317073,0.0984767353113554,9.847673531135548,0.0106125597137801,0.3090846315425681,0.213,-0.0,1.0,0.0,False,single_elimination,12,False
24,2,Nancy Kerrigan,percent,28.0,0.0853658536585365,0.0890838710133433,8.90838710133433,0.0032901318790252,0.2992384929905122,0.213,0.0,1.0,0.0,False,single_elimination,12,False
24,2,Nick Viall,percent,25.0,0.0762195121951219,0.0896426151110711,8.964261511107118,0.0049857959739618,0.2995985219308973,0.213,0.0,1.0,0.0,False,single_elimination,12,False
24,2,Normani,percent,32.0,0.0975609756097561,0.0896794963472589,8.967949634725898,0.002992695456134,0.3027699748582598,0.213,0.0,1.0,0.0,False,single_elimination,12,False
24,2,Rashad Jennings,percent,32.0,0.0975609756097561,0.087471463112778,8.747146311277806,0.0029029428606402,0.2984441621899282,0.213,0.0,1.0,0.0,False,single_elimination,12,False
24,2,Simone Biles,percent,29.0,0.0884146341463414,0.0888495040548984,8.88495040548984,0.0028540483422126,0.3027465154130567,0.213,0.0,1.0,0.0,False,single_elimination,12,False
24,3,Bonner Bolton,percent,24.0,0.0761904761904762,0.1082202884384317,10.822028843843167,0.0092369074520811,0.3220709781253783,0.1893,-0.0,1.0,0.0,False,single_elimination,11,False
24,3,Charo,percent,24.0,0.0761904761904762,0.0133216307849206,1.332163078492068,0.0003569182708533,0.0381417218287022,0.1893,0.0,0.1056277056277055,0.0,False,single_elimination,11,True
24,3,David Ross,percent,31.0,0.0984126984126984,0.095757550359364,9.575755035936398,0.0031205576507194,0.3088658240595072,0.1893,0.0,1.0,0.0,False,single_elimination,11,False
24,3,Erika Jayne,percent,26.0,0.0825396825396825,0.1018658208051346,10.18658208051346,0.007444174174466,0.3268531056179245,0.1893,0.0,1.0,0.0,False,single_elimination,11,False
24,3,Heather Morris,percent,33.0,0.1047619047619047,0.0932548577682937,9.325485776829373,0.0024836391618407,0.3135301653170583,0.1893,0.0,1.0,0.0,False,single_elimination,11,False
24,3,Mr. T,percent,24.0,0.0761904761904762,0.1062171257700336,10.621712577003354,0.0119303379869465,0.3195377200477355,0.1893,0.0,1.0,0.0,False,single_elimination,11,False
24,3,Nancy Kerrigan,percent,33.0,0.1047619047619047,0.091296644578353,9.1296644578353,0.0034447511563236,0.3028031937342901,0.1893,0.0,1.0,0.0,False,single_elimination,11,False
24,3,Nick Viall,percent,26.0,0.0825396825396825,0.1025939333923635,10.259393339236343,0.0061863977647337,0.3110582871857542,0.1893,0.0,1.0,0.0,False,single_elimination,11,False
24,3,Normani,percent,34.0,0.1079365079365079,0.0949270817120264,9.492708171202636,0.0035885774521088,0.3282045199580562,0.1893,0.0,1.0,0.0,False,single_elimination,11,False
24,3,Rashad Jennings,percent,28.0,0.0888888888888888,0.0988404575589033,9.88404575589033,0.0048748159803344,0.3173829149811583,0.1893,0.0,1.0,0.0,False,single_elimination,11,False
24,3,Simone Biles,percent,32.0,0.1015873015873015,0.0937046088321757,9.370460883217566,0.0034486705380479,0.3091241812378059,0.1893,0.0,1.0,0.0,False,single_elimination,11,False
24,4,Bonner Bolton,percent,32.0,0.0981595092024539,0.1146667123478419,11.4666712347842,0.0051152964947227,0.3659947537212241,0.2037,0.0,1.0,0.0,False,single_elimination,10,False
24,4,David Ross,percent,31.0,0.0950920245398773,0.1084330392979787,10.843303929797882,0.0068790966873456,0.3433318053639302,0.2037,0.0,1.0,0.0,False,single_elimination,10,False
24,4,Erika Jayne,percent,30.0,0.0920245398773006,0.11615519426951,11.615519426951014,0.0062200458681337,0.3562444114149063,0.2037,0.0,1.0,0.0,False,single_elimination,10,False
24,4,Heather Morris,percent,35.0,0.107361963190184,0.1063107360084213,10.631073600842136,0.0034849483389971,0.3490720438659218,0.2037,0.0,1.0,0.0,False,single_elimination,10,False
24,4,Mr. T,percent,28.0,0.0858895705521472,0.0142417964874478,1.4241796487447898,0.0005459627946587,0.0404188041245772,0.2037,0.0,0.1141104294478527,0.0,False,single_elimination,10,True
24,4,Nancy Kerrigan,percent,33.0,0.1012269938650306,0.1075495039794365,10.754950397943658,0.0040060684826103,0.3594216070981567,0.2037,0.0,1.0,0.0,False,single_elimination,10,False
24,4,Nick Viall,percent,30.0,0.0920245398773006,0.1149700767490877,11.497007674908785,0.0083298634579695,0.3619117205159847,0.2037,0.0,1.0,0.0,False,single_elimination,10,False
24,4,Normani,percent,32.0,0.0981595092024539,0.1126948541439176,11.269485414391774,0.0057563447876062,0.3550048570417292,0.2037,0.0,1.0,0.0,False,single_elimination,10,False
24,4,Rashad Jennings,percent,39.0,0.1196319018404908,0.1027495606966753,10.274956069667535,0.0033570067088697,0.3379791358623263,0.2037,0.0,1.0,0.0,False,single_elimination,10,False
24,4,Simone Biles,percent,36.0,0.1104294478527607,0.1022285260196823,10.222852601968231,0.003277311590897,0.3367229065304257,0.2037,0.0,1.0,0.0,False,single_elimination,10,False
24,5,Bonner Bolton,percent,30.0,0.0986842105263157,0.1318860249447551,13.188602494475516,0.0195032115646921,0.3891034012741857,0.1361,0.006578947368421,0.9901315789473684,0.0,False,single_elimination,9,False
24,5,David Ross,percent,29.0,0.0953947368421052,0.1373037662054741,13.73037662054741,0.0233111433905156,0.3973719563547704,0.1361,0.0098684210526315,0.993421052631579,0.0,False,single_elimination,9,False
24,5,Erika Jayne,percent,32.0,0.1052631578947368,0.0150359290079417,1.5035929007941702,0.000529519359877,0.0464871915380589,0.1361,0.0,0.1169590643274853,0.0,False,single_elimination,9,True
24,5,Heather Morris,percent,34.0,0.1118421052631579,0.1215606059483729,12.156060594837289,0.0095817539091165,0.3630625526914552,0.1361,0.0,0.9835526315789476,0.0,False,single_elimination,9,False
24,5,Nancy Kerrigan,percent,36.0,0.1184210526315789,0.1180013488711745,11.80013488711745,0.0067904183288877,0.364775205766873,0.1361,0.0,0.9835526315789476,0.0,False,single_elimination,9,False
24,5,Nick Viall,percent,34.0,0.1118421052631579,0.1277353324856977,12.773533248569771,0.008280711270716,0.4010403836380302,0.1361,0.0,0.9835526315789476,0.0,False,single_elimination,9,False
24,5,Normani,percent,39.0,0.1282894736842105,0.1098275974733432,10.98275974733432,0.003662106091146,0.3643278912765823,0.1361,0.0,0.9835526315789476,0.0,False,single_elimination,9,False
24,5,Rashad Jennings,percent,32.0,0.1052631578947368,0.1250422812051915,12.504228120519151,0.0122899011152687,0.3854315995863857,0.1361,0.0,0.9835526315789476,0.0,False,single_elimination,9,False
24,5,Simone Biles,percent,38.0,0.125,0.1136071138580492,11.36071138580492,0.0037405107429712,0.3693221009847742,0.1361,0.0,0.9835526315789476,0.0,False,single_elimination,9,False
24,6,Bonner Bolton,percent,31.5,0.1171003717472119,0.1457040830674779,14.570408306747783,0.0334582883496934,0.3934930229504027,0.0548,0.020446096654275,0.9200743494423792,0.0,False,single_elimination,8,False
24,6,David Ross,percent,31.0,0.1152416356877323,0.1444736518150867,14.447365181508673,0.033137836436328,0.3884155503751234,0.0548,0.0223048327137546,0.9219330855018588,0.0,False,single_elimination,8,False
24,6,Heather Morris,percent,37.0,0.137546468401487,0.014008084022018,1.4008084022018077,0.000412252497849,0.0449923900704469,0.0548,0.0,0.112453531598513,0.0,False,single_elimination,8,True
24,6,Nancy Kerrigan,percent,33.5,0.1245353159851301,0.1415351445917227,14.15351445917227,0.0249782621940003,0.4134219142834764,0.0548,0.0130111524163568,0.912639405204461,0.0,False,single_elimination,8,False
24,6,Nick Viall,percent,30.5,0.1133828996282527,0.1498480671035779,14.984806710357793,0.0376526409884981,0.4166591198630525,0.0548,0.0241635687732341,0.9237918215613384,0.0,False,single_elimination,8,False
24,6,Normani,percent,36.0,0.1338289962825278,0.1295152850263806,12.951528502638055,0.0154492872551907,0.3570256528581478,0.0548,0.0037174721189591,0.9033457249070632,0.0,False,single_elimination,8,False
24,6,Rashad Jennings,percent,35.0,0.1301115241635687,0.1344562344971264,13.44562344971264,0.0228496803147913,0.3718218854078828,0.0548,0.0074349442379182,0.9070631970260224,0.0,False,single_elimination,8,False
24,6,Simone Biles,percent,34.5,0.1282527881040892,0.1404594498766097,14.045944987660969,0.0262880659614197,0.3955929554653554,0.0548,0.0092936802973977,0.9089219330855018,0.0,False,single_elimination,8,False
24,7,Bonner Bolton,percent,31.0,0.1225296442687747,0.2057105622883223,20.571056228832244,0.0488450306477541,0.504826010577,0.0599,0.0197628458498023,0.984189723320158,0.0,False,multi_elimination_2,7,False
24,7,David Ross,percent,32.0,0.1264822134387351,0.2127143919004497,21.271439190044983,0.0452595599681672,0.5360743145611947,0.0599,0.0158102766798419,0.9802371541501976,0.0,False,multi_elimination_2,7,False
24,7,Nancy Kerrigan,percent,36.0,0.1422924901185771,0.0325711476932373,3.2571147693237408,0.0010233919740227,0.0887057943831843,0.0599,0.0,0.1686429512516468,0.0,False,multi_elimination_2,7,True
24,7,Nick Viall,percent,34.0,0.1343873517786561,0.0349080928129319,3.4908092812931923,0.0010255277076705,0.0935704969287661,0.0599,0.0,0.1752305665349143,0.0,False,multi_elimination_2,7,True
24,7,Normani,percent,42.0,0.1660079051383399,0.1644073957925266,16.440739579252668,0.0154767375111671,0.435503844467332,0.0599,0.0,0.9644268774703556,0.0,False,multi_elimination_2,7,False
24,7,Rashad Jennings,percent,39.0,0.1541501976284585,0.1754707607067652,17.547076070676525,0.0181533668394244,0.4862801498828011,0.0599,0.0,0.9644268774703556,0.0,False,multi_elimination_2,7,False
24,7,Simone Biles,percent,39.0,0.1541501976284585,0.1742176488057663,17.421764880576642,0.0250061998884613,0.4630250257874711,0.0599,0.0,0.9644268774703556,0.0,False,multi_elimination_2,7,False
24,8,Bonner Bolton,percent,29.0,0.166189111747851,0.0505156427544297,5.051564275442973,0.0019305059930573,0.1409901843753956,0.3253,0.0,0.2338108882521489,0.0,False,single_elimination,5,True
24,8,David Ross,percent,32.5,0.1862464183381088,0.2563910567377246,25.639105673772477,0.0231802490655155,0.6569169039131987,0.3253,0.0,1.0,0.0,False,single_elimination,5,False
24,8,Normani,percent,39.5,0.2263610315186246,0.2286169875511478,22.861698755114794,0.0089390370998567,0.6339845277771947,0.3253,0.0,1.0,0.0,False,single_elimination,5,False
24,8,Rashad Jennings,percent,37.5,0.2148997134670487,0.2309215187613184,23.09215187613185,0.0101143347289757,0.6474388840282932,0.3253,0.0,1.0,0.0,False,single_elimination,5,False
24,8,Simone Biles,percent,36.0,0.2063037249283667,0.2335547941953789,23.3554794195379,0.0147332702996975,0.6554570312899693,0.3253,0.0,1.0,0.0,False,single_elimination,5,False
24,9,David Ross,percent,35.0,0.231023102310231,0.3244733084703545,32.4473308470354,0.0813090590397412,0.7110094112390453,0.2135,0.0330033003300329,0.976897689768977,0.0,False,single_elimination,4,False
24,9,Normani,percent,38.0,0.2508250825082508,0.307868783474279,30.78687834742786,0.0632535165103881,0.7187381408795955,0.2135,0.0132013201320131,0.9570957095709572,0.0,False,single_elimination,4,False
24,9,Rashad Jennings,percent,38.5,0.2541254125412541,0.3096552336008888,30.96552336008885,0.0550314378875905,0.7001847041620304,0.2135,0.0099009900990098,0.953795379537954,0.0,False,single_elimination,4,False
24,9,Simone Biles,percent,40.0,0.264026402640264,0.0580026744544789,5.80026744544789,0.0020530932656027,0.1692593189374212,0.2135,0.0,0.2359735973597359,0.0,False,single_elimination,4,True
24,10,David Ross,percent,36.3333,0.3150292500591763,0.3360353227181843,33.603532271818445,0.0133884179491397,0.8379108270872482,1.0,0.0,1.0,0.0,False,no_elimination,3,False
24,10,Normani,percent,39.333200000000005,0.341039996323692,0.3309498427111542,33.09498427111543,0.0129071306939934,0.8399713685221727,1.0,0.0,1.0,0.0,False,no_elimination,3,False
24,10,Rashad Jennings,percent,39.6666,0.3439307536171315,0.3330148345706611,33.30148345706612,0.0120400874974532,0.836801896336873,1.0,0.0,1.0,0.0,False,no_elimination,3,False
25,1,Barbara Corcoran,percent,14.0,0.0585774058577405,0.0772854366333692,7.728543663336924,0.0021705558066838,0.2657570200859773,1.0,0.0,1.0,0.0,False,no_elimination,13,False
25,1,Debbie Gibson,percent,17.0,0.0711297071129707,0.0768159442689034,7.681594426890342,0.0021480682953966,0.2649849491251377,1.0,0.0,1.0,0.0,False,no_elimination,13,False
25,1,Derek Fisher,percent,18.0,0.0753138075313807,0.0768741144661085,7.687411446610853,0.0025052339262343,0.261134294196166,1.0,0.0,1.0,0.0,False,no_elimination,13,False
25,1,Drew Scott,percent,16.0,0.0669456066945606,0.0768471372773257,7.684713727732576,0.0019754806821098,0.2598814912087152,1.0,0.0,1.0,0.0,False,no_elimination,13,False
25,1,Frankie Muniz,percent,19.0,0.0794979079497908,0.0757543355810191,7.575433558101912,0.0021788692534853,0.2592220134248765,1.0,0.0,1.0,0.0,False,no_elimination,13,False
25,1,Jordan Fisher,percent,22.0,0.0920502092050209,0.0771518772003505,7.715187720035058,0.0022212023193764,0.2614028016911155,1.0,0.0,1.0,0.0,False,no_elimination,13,False
25,1,Lindsey Stirling,percent,22.0,0.0920502092050209,0.0774781896108441,7.747818961084413,0.0021493982145995,0.2628340721684983,1.0,0.0,1.0,0.0,False,no_elimination,13,False
25,1,Nick Lachey,percent,18.0,0.0753138075313807,0.0773730251071236,7.737302510712361,0.002394442515913,0.2614063884195157,1.0,0.0,1.0,0.0,False,no_elimination,13,False
25,1,Nikki Bella,percent,20.0,0.0836820083682008,0.0776347913045103,7.763479130451032,0.0021467252791911,0.2653309906679733,1.0,0.0,1.0,0.0,False,no_elimination,13,False
25,1,Sasha Pieterse,percent,18.0,0.0753138075313807,0.0776305510918036,7.763055109180361,0.0019917244700939,0.26503245936595,1.0,0.0,1.0,0.0,False,no_elimination,13,False
25,1,Terrell Owens,percent,15.0,0.0627615062761506,0.0769949910800433,7.699499108004337,0.0025019258126849,0.2636824351377405,1.0,0.0,1.0,0.0,False,no_elimination,13,False
25,1,Vanessa Lachey,percent,21.0,0.0878661087866108,0.0760638797344243,7.606387973442437,0.002130641464225,0.2570055292028185,1.0,0.0,1.0,0.0,False,no_elimination,13,False
25,1,Victoria Arlen,percent,19.0,0.0794979079497908,0.0760957266441739,7.609572664417392,0.0020228930407281,0.2600817416525179,1.0,0.0,1.0,0.0,False,no_elimination,13,False
25,2,Barbara Corcoran,percent,17.0,0.0621572212065813,0.0146326086096855,1.463260860968554,0.000664266663385,0.0334949432954124,0.0284,0.0,0.0982632541133455,0.0,False,multi_elimination_2,13,True
25,2,Debbie Gibson,percent,20.5,0.0749542961608775,0.0092231788105319,0.9223178810531912,0.0002817234071185,0.0293216641990737,0.0284,0.0,0.0865326020719074,0.0,False,multi_elimination_2,13,True
25,2,Derek Fisher,percent,19.0,0.0694698354661791,0.0967121055123749,9.67121055123749,0.0183969523197053,0.263216171939936,0.0284,0.0054844606946983,0.9872029250457038,0.0,False,multi_elimination_2,13,False
25,2,Drew Scott,percent,20.5,0.0749542961608775,0.0906783272906097,9.067832729060974,0.0106278568260446,0.2508344913560582,0.0284,0.0,0.9817184643510056,0.0,False,multi_elimination_2,13,False
25,2,Frankie Muniz,percent,24.0,0.0877513711151736,0.0838540681300498,8.385406813004982,0.0021837421361078,0.2936608272130855,0.0284,0.0,0.9817184643510056,0.0,False,multi_elimination_2,13,False
25,2,Jordan Fisher,percent,24.0,0.0877513711151736,0.0880799931774189,8.807999317741897,0.0053087090697703,0.2702148452055582,0.0284,0.0,0.9817184643510056,0.0,False,multi_elimination_2,13,False
25,2,Lindsey Stirling,percent,22.5,0.0822669104204753,0.0748699617086406,7.486996170864063,0.007095875179787,0.2532848765185573,0.0284,0.0,0.9817184643510056,0.0,False,multi_elimination_2,13,False
25,2,Nick Lachey,percent,19.0,0.0694698354661791,0.0957748267097922,9.577482670979224,0.0141152405798633,0.2556643110002011,0.0284,0.0054844606946983,0.9872029250457038,0.0,False,multi_elimination_2,13,False
25,2,Nikki Bella,percent,19.5,0.0712979890310786,0.0919417541089878,9.194175410898788,0.0139483560837088,0.2404295557330725,0.0284,0.0036563071297989,0.9853747714808044,0.0,False,multi_elimination_2,13,False
25,2,Sasha Pieterse,percent,22.5,0.0822669104204753,0.0880572884809575,8.80572884809576,0.0084487220067998,0.2733507097633254,0.0284,0.0,0.9817184643510056,0.0,False,multi_elimination_2,13,False
25,2,Terrell Owens,percent,19.5,0.0712979890310786,0.0931195662183891,9.311956621838911,0.0140167084311625,0.2868287025416047,0.0284,0.0036563071297989,0.9853747714808044,0.0,False,multi_elimination_2,13,False
25,2,Vanessa Lachey,percent,23.5,0.0859232175502742,0.0830742023173752,8.307420231737524,0.0043931352271248,0.231786787939475,0.0284,0.0,0.9817184643510056,0.0,False,multi_elimination_2,13,False
25,2,Victoria Arlen,percent,22.0,0.0804387568555758,0.0899821189251863,8.998211892518636,0.0068984026617518,0.2759449356897909,0.0284,0.0,0.9817184643510056,0.0,False,multi_elimination_2,13,False
25,3,Derek Fisher,percent,21.0,0.0860655737704918,0.0908550453746985,9.08550453746986,0.0027318518324716,0.3082490707836573,1.0,0.0,1.0,0.0,False,no_elimination,11,False
25,3,Drew Scott,percent,23.0,0.0942622950819672,0.0911666048471083,9.116660484710849,0.0027642848413716,0.3193574796604359,1.0,0.0,1.0,0.0,False,no_elimination,11,False
25,3,Frankie Muniz,percent,21.0,0.0860655737704918,0.0908719932501333,9.087199325013346,0.0026377646485496,0.3130080667578046,1.0,0.0,1.0,0.0,False,no_elimination,11,False
25,3,Jordan Fisher,percent,25.0,0.1024590163934426,0.0891778757807422,8.91778757807423,0.0024969897628771,0.3009519315131888,1.0,0.0,1.0,0.0,False,no_elimination,11,False
25,3,Lindsey Stirling,percent,27.0,0.110655737704918,0.0911345329232326,9.113453292323277,0.0025402743510993,0.3091776522054235,1.0,0.0,1.0,0.0,False,no_elimination,11,False
25,3,Nick Lachey,percent,21.0,0.0860655737704918,0.0915051327898331,9.15051327898332,0.0027089929851108,0.3058629246520922,1.0,0.0,1.0,0.0,False,no_elimination,11,False
25,3,Nikki Bella,percent,21.0,0.0860655737704918,0.0907066630119586,9.070666301195878,0.0024372269170943,0.3110042358462317,1.0,0.0,1.0,0.0,False,no_elimination,11,False
25,3,Sasha Pieterse,percent,19.0,0.0778688524590164,0.0919800781056425,9.19800781056426,0.0027360999390447,0.3072493991602943,1.0,0.0,1.0,0.0,False,no_elimination,11,False
25,3,Terrell Owens,percent,21.0,0.0860655737704918,0.090451588518368,9.04515885183681,0.0026581713128851,0.3061950139056047,1.0,0.0,1.0,0.0,False,no_elimination,11,False
25,3,Vanessa Lachey,percent,23.0,0.0942622950819672,0.0915043278014005,9.15043278014006,0.0026678265699111,0.3097086336689394,1.0,0.0,1.0,0.0,False,no_elimination,11,False
25,3,Victoria Arlen,percent,22.0,0.0901639344262295,0.090646157596881,9.064615759688117,0.0025564384358072,0.3076076547153634,1.0,0.0,1.0,0.0,False,no_elimination,11,False
25,4,Derek Fisher,percent,23.0,0.084870848708487,0.0103361750122374,1.0336175012237434,0.0003881247304399,0.0319731954340638,0.1344,0.0,0.0969473331096947,0.0,False,single_elimination,11,True
25,4,Drew Scott,percent,24.0,0.088560885608856,0.1020758411991642,10.207584119916428,0.0066729241438726,0.3219813983711097,0.1344,0.0,0.996309963099631,0.0,False,single_elimination,11,False
25,4,Frankie Muniz,percent,24.0,0.088560885608856,0.0970034559845229,9.700345598452296,0.0071486127368002,0.2948788324009067,0.1344,0.0,0.996309963099631,0.0,False,single_elimination,11,False
25,4,Jordan Fisher,percent,29.0,0.1070110701107011,0.0934744862983043,9.34744862983044,0.0020933020936013,0.3387317925191577,0.1344,0.0,0.996309963099631,0.0,False,single_elimination,11,False
25,4,Lindsey Stirling,percent,26.0,0.0959409594095941,0.0972619393466562,9.72619393466563,0.0030823369464286,0.3073221332597192,0.1344,0.0,0.996309963099631,0.0,False,single_elimination,11,False
25,4,Nick Lachey,percent,22.0,0.081180811808118,0.1050146506707095,10.501465067070956,0.0127182821519671,0.3199174414439804,0.1344,0.003690036900369,1.0,0.0,False,single_elimination,11,False
25,4,Nikki Bella,percent,24.0,0.088560885608856,0.1038804446644774,10.388044466447749,0.0078803913897779,0.3338011086684661,0.1344,0.0,0.996309963099631,0.0,False,single_elimination,11,False
25,4,Sasha Pieterse,percent,24.0,0.088560885608856,0.1006556329458196,10.065563294581962,0.0065727811113476,0.307293148340901,0.1344,0.0,0.996309963099631,0.0,False,single_elimination,11,False
25,4,Terrell Owens,percent,24.0,0.088560885608856,0.0956529135645629,9.565291356456294,0.0056624903664336,0.2989119915654744,0.1344,0.0,0.996309963099631,0.0,False,single_elimination,11,False
25,4,Vanessa Lachey,percent,24.0,0.088560885608856,0.1014086937091449,10.140869370914494,0.0064725041601617,0.3274876464043744,0.1344,0.0,0.996309963099631,0.0,False,single_elimination,11,False
25,4,Victoria Arlen,percent,27.0,0.0996309963099631,0.0932357666044,9.323576660440002,0.0032591864166129,0.3019718397005687,0.1344,0.0,0.996309963099631,0.0,False,single_elimination,11,False
25,5,Drew Scott,percent,25.0,0.0957854406130268,0.1139648479181758,11.39648479181758,0.0080050111201645,0.3524032234611523,0.1466,0.0,0.992337164750958,0.0,False,single_elimination,10,False
25,5,Frankie Muniz,percent,29.0,0.1111111111111111,0.1030167031568011,10.301670315680116,0.0032381755731319,0.3285652318640336,0.1466,0.0,0.992337164750958,0.0,False,single_elimination,10,False
25,5,Jordan Fisher,percent,30.0,0.1149425287356321,0.1042361657308563,10.423616573085631,0.0037032416814345,0.3325480327213698,0.1466,0.0,0.992337164750958,0.0,False,single_elimination,10,False
25,5,Lindsey Stirling,percent,28.0,0.10727969348659,0.0984971498081914,9.849714980819147,0.0030316157141294,0.3347094872128355,0.1466,0.0,0.992337164750958,0.0,False,single_elimination,10,False
25,5,Nick Lachey,percent,22.0,0.0842911877394636,0.125720283531252,12.5720283531252,0.0178855504550757,0.352288677855602,0.1466,0.0076628352490421,1.0,0.0,False,single_elimination,10,False
25,5,Nikki Bella,percent,27.0,0.1034482758620689,0.1040313799869687,10.403137998696875,0.0048653982449812,0.3290907325159793,0.1466,0.0,0.992337164750958,0.0,False,single_elimination,10,False
25,5,Sasha Pieterse,percent,24.0,0.0919540229885057,0.0125509574547336,1.2550957454733642,0.0005218952047833,0.0369513535321874,0.1466,0.0,0.1080459770114942,0.0,False,single_elimination,10,True
25,5,Terrell Owens,percent,25.0,0.0957854406130268,0.1077347356896058,10.773473568960585,0.0066342346618127,0.331186179338195,0.1466,0.0,0.992337164750958,0.0,False,single_elimination,10,False
25,5,Vanessa Lachey,percent,24.0,0.0919540229885057,0.1188613381109305,11.886133811093051,0.0106963520012642,0.3608380736089105,0.1466,0.0,0.992337164750958,0.0,False,single_elimination,10,False
25,5,Victoria Arlen,percent,27.0,0.1034482758620689,0.1113864386124844,11.13864386124844,0.0063138269231669,0.3620968289753811,0.1466,0.0,0.992337164750958,0.0,False,single_elimination,10,False
25,6,Drew Scott,percent,30.0,0.0980392156862745,0.1263131976299117,12.63131976299117,0.0095754762245082,0.4029959443340329,0.2752,0.0,1.0,0.0,False,single_elimination,9,False
25,6,Frankie Muniz,percent,31.0,0.1013071895424836,0.1267213271648206,12.672132716482054,0.0070580722573344,0.4083639690466756,0.2752,0.0,1.0,0.0,False,single_elimination,9,False
25,6,Jordan Fisher,percent,39.0,0.1274509803921568,0.1206220688158018,12.062206881580178,0.0035502248045872,0.3991479815615583,0.2752,0.0,1.0,0.0,False,single_elimination,9,False
25,6,Lindsey Stirling,percent,40.0,0.130718954248366,0.1184978011440845,11.84978011440844,0.0036516148571932,0.3965285682208043,0.2752,0.0,1.0,0.0,False,single_elimination,9,False
25,6,Nick Lachey,percent,26.0,0.0849673202614379,0.0217371240251142,2.1737124025114274,0.0009669689802825,0.0578695846661389,0.2752,0.0,0.1372549019607843,0.0,False,single_elimination,9,True
25,6,Nikki Bella,percent,36.0,0.1176470588235294,0.1211428717061876,12.114287170618756,0.0043784103297913,0.3805995868203138,0.2752,0.0,1.0,0.0,False,single_elimination,9,False
25,6,Terrell Owens,percent,37.0,0.1209150326797385,0.1196238927455397,11.962389274553962,0.0045460321077495,0.3946387305293877,0.2752,0.0,1.0,0.0,False,single_elimination,9,False
25,6,Vanessa Lachey,percent,36.0,0.1176470588235294,0.1208674319052227,12.086743190522268,0.0044019550009672,0.3765993053493815,0.2752,0.0,1.0,0.0,False,single_elimination,9,False
25,6,Victoria Arlen,percent,31.0,0.1013071895424836,0.1244742848633176,12.447428486331752,0.0060082021120428,0.3894039769193317,0.2752,0.0,1.0,0.0,False,single_elimination,9,False
25,7,Drew Scott,percent,28.5,0.1325581395348837,0.1527660114370167,15.276601143701676,0.0152822930699149,0.442359231313867,0.0485,0.0,0.9813953488372092,0.0,False,multi_elimination_2,8,False
25,7,Frankie Muniz,percent,30.0,0.1395348837209302,0.1517082394633652,15.170823946336526,0.0098264372239882,0.4509123827748323,0.0485,0.0,0.9813953488372092,0.0,False,multi_elimination_2,8,False
25,7,Jordan Fisher,percent,27.0,0.1255813953488372,0.1587823108033653,15.878231080336532,0.0199582226312219,0.4592530411186492,0.0485,-0.0,0.9813953488372092,0.0,False,multi_elimination_2,8,False
25,7,Lindsey Stirling,percent,25.5,0.1186046511627907,0.1643287023318961,16.432870233189618,0.0292066686921418,0.4735979988787659,0.0485,0.0069767441860465,0.9883720930232558,0.0,False,multi_elimination_2,8,False
25,7,Nikki Bella,percent,24.0,0.1116279069767441,0.0277654015088068,2.776540150880688,0.0010229353991565,0.0741798688024177,0.0485,0.0,0.1561461794019933,0.0,False,multi_elimination_2,8,True
25,7,Terrell Owens,percent,24.5,0.113953488372093,0.1693730686125193,16.937306861251933,0.0396793727469535,0.4368808154367322,0.0485,0.0116279069767441,0.9930232558139536,0.0,False,multi_elimination_2,8,False
25,7,Vanessa Lachey,percent,27.0,0.1255813953488372,0.0214739445897753,2.1473944589775376,0.0004674321646448,0.0614922625033653,0.0485,0.0,0.1441860465116279,0.0,False,multi_elimination_2,8,True
25,7,Victoria Arlen,percent,28.5,0.1325581395348837,0.1538023212532548,15.380232125325492,0.022323347390055,0.4303770640404398,0.0485,0.0,0.9813953488372092,0.0,False,multi_elimination_2,8,False
25,8,Drew Scott,percent,23.5,0.1501597444089457,0.2106654768317616,21.066547683176164,0.0344038353844732,0.5715390597664268,0.1736,0.0127795527156549,0.9904153354632588,0.0,False,single_elimination,6,False
25,8,Frankie Muniz,percent,26.5,0.1693290734824281,0.1879554340265064,18.795543402650647,0.0164701056824482,0.5063248405578314,0.1736,0.0,0.977635782747604,0.0,False,single_elimination,6,False
25,8,Jordan Fisher,percent,30.0,0.1916932907348242,0.183721820471237,18.37218204712371,0.0084118763802429,0.5513492656739207,0.1736,0.0,0.977635782747604,0.0,False,single_elimination,6,False
25,8,Lindsey Stirling,percent,27.0,0.1725239616613418,0.1862778245277276,18.627782452772767,0.0138344579317721,0.5247525293768363,0.1736,0.0,0.977635782747604,0.0,False,single_elimination,6,False
25,8,Terrell Owens,percent,25.5,0.1629392971246006,0.0284533982659419,2.8453398265941967,0.0009804346311393,0.0885311042414141,0.1736,0.0,0.1703940362087327,0.0,False,single_elimination,6,True
25,8,Victoria Arlen,percent,24.0,0.1533546325878594,0.202926045876825,20.292604587682508,0.0319149372827127,0.5151287240636975,0.1736,0.0095846645367412,0.9872204472843452,0.0,False,single_elimination,6,False
25,9,Drew Scott,percent,24.0,0.1777777777777777,0.2607583675642948,26.07583675642949,0.0588646225293809,0.6363795630365423,0.1681,0.0296296296296296,0.9814814814814816,0.0,False,single_elimination,5,False
25,9,Frankie Muniz,percent,25.5,0.1888888888888888,0.2538151209929265,25.381512099292664,0.0438879093353563,0.6117870200885407,0.1681,0.0185185185185185,0.9703703703703704,0.0,False,single_elimination,5,False
25,9,Jordan Fisher,percent,29.0,0.2148148148148148,0.2262437517653121,22.62437517653122,0.0225678467058113,0.5940279500482657,0.1681,0.0,0.9518518518518518,0.0,False,single_elimination,5,False
25,9,Lindsey Stirling,percent,28.5,0.2111111111111111,0.2211910462701164,22.119104627011648,0.0263088643050388,0.5922093949850564,0.1681,0.0,0.9518518518518518,0.0,False,single_elimination,5,False
25,9,Victoria Arlen,percent,28.0,0.2074074074074074,0.0379917134073498,3.799171340734986,0.0011743741517818,0.1163533502173042,0.1681,0.0,0.1925925925925926,0.0,False,single_elimination,5,True
25,10,Drew Scott,percent,37.5,0.2397871457464638,0.0662376500589495,6.623765005894961,0.0023622284987222,0.1804407383689307,0.2803,0.0,0.2602128542535362,0.0,False,single_elimination,4,True
25,10,Frankie Muniz,percent,38.8887,0.2486669433277468,0.3173537287680749,31.7353728768075,0.0444923660751304,0.7542790482950777,0.2803,0.0,1.0,0.0,False,single_elimination,4,False
25,10,Jordan Fisher,percent,40.0,0.2557729554628947,0.3081402976780419,30.8140297678042,0.0386169278562703,0.7285367231037289,0.2803,0.0,1.0,0.0,False,single_elimination,4,False
25,10,Lindsey Stirling,percent,40.0,0.2557729554628947,0.3082683234949332,30.826832349493333,0.0373563385818243,0.7498430143526443,0.2803,0.0,1.0,0.0,False,single_elimination,4,False
26,1,Adam Rippon,percent,24.0,0.1142857142857142,0.111262637760136,11.126263776013609,0.0051937180067613,0.3649056394762749,0.0512,0.0,0.9904761904761904,0.0,False,multi_elimination_2,10,False
26,1,Arike Ogunbowale,percent,20.0,0.0952380952380952,0.1179894944055807,11.79894944055808,0.0144620577151358,0.3574867513568983,0.0512,0.0,0.9904761904761904,0.0,False,multi_elimination_2,10,False
26,1,Chris Mazdzer,percent,21.0,0.1,0.1132117695733013,11.321176957330136,0.0120845935669336,0.3414317081554425,0.0512,0.0,0.9904761904761904,0.0,False,multi_elimination_2,10,False
26,1,Jamie Anderson,percent,19.0,0.0904761904761904,0.0172681302498291,1.7268130249829143,0.0006232044892441,0.051361347947633,0.0512,0.0,0.1222222222222221,0.0,False,multi_elimination_2,10,True
26,1,Jennie Finch Daigle,percent,21.0,0.1,0.1185933646994947,11.85933646994948,0.0092282212014446,0.3610342997871792,0.0512,0.0,0.9904761904761904,0.0,False,multi_elimination_2,10,False
26,1,Johnny Damon,percent,18.0,0.0857142857142857,0.0200467716427012,2.0046771642701247,0.0008293391619196,0.0523471620973924,0.0512,0.0,0.1264550264550264,0.0,False,multi_elimination_2,10,True
26,1,Josh Norman,percent,24.0,0.1142857142857142,0.1150801001158953,11.508010011589535,0.003787620685544,0.363141928646981,0.0512,0.0,0.9904761904761904,0.0,False,multi_elimination_2,10,False
26,1,Kareem Abdul-Jabbar,percent,17.0,0.0809523809523809,0.1452224202047447,14.52224202047448,0.0292579917278777,0.4094242420385308,0.0512,0.0095238095238095,1.0,0.0,False,multi_elimination_2,10,False
26,1,Mirai Nagasu,percent,23.0,0.1095238095238095,0.1191345535397859,11.913455353978597,0.0044017520976355,0.3743837721772542,0.0512,0.0,0.9904761904761904,0.0,False,multi_elimination_2,10,False
26,1,Tonya Harding,percent,23.0,0.1095238095238095,0.1221907578085305,12.219075780853055,0.0050742735678282,0.4031549515477918,0.0512,0.0,0.9904761904761904,0.0,False,multi_elimination_2,10,False
26,2,Adam Rippon,percent,37.0,0.1383177570093458,0.151239170925359,15.123917092535914,0.0205740240115185,0.4054533268834964,0.0454,0.0,0.9588785046728971,0.0,False,multi_elimination_2,8,False
26,2,Arike Ogunbowale,percent,35.0,0.1308411214953271,0.0214270096546139,2.1427009654613998,0.0010907036733765,0.0670546807036805,0.0454,0.0,0.1391188251001335,0.0,False,multi_elimination_2,8,True
26,2,Chris Mazdzer,percent,33.0,0.1233644859813084,0.1560378030285817,15.603780302858183,0.0266130382284737,0.4570339630620675,0.0454,0.0074766355140186,0.966355140186916,0.0,False,multi_elimination_2,8,False
26,2,Jennie Finch Daigle,percent,31.5,0.1177570093457943,0.168336719115407,16.833671911540712,0.0319478646080385,0.4281411567829229,0.0454,0.0130841121495327,0.97196261682243,0.0,False,multi_elimination_2,8,False
26,2,Josh Norman,percent,31.5,0.1177570093457943,0.1652130580109727,16.52130580109728,0.0373758919582444,0.4691737788859988,0.0454,0.0130841121495327,0.97196261682243,0.0,False,multi_elimination_2,8,False
26,2,Kareem Abdul-Jabbar,percent,29.5,0.1102803738317757,0.0313344490447575,3.1334449044757533,0.0009240447010093,0.0758753904938365,0.0454,0.0,0.1567423230974632,0.0,False,multi_elimination_2,8,True
26,2,Mirai Nagasu,percent,37.0,0.1383177570093458,0.1469678307401063,14.696783074010636,0.01390191556211,0.3882095828846417,0.0454,0.0,0.9588785046728971,0.0,False,multi_elimination_2,8,False
26,2,Tonya Harding,percent,33.0,0.1233644859813084,0.1594439594802012,15.94439594802013,0.0350079030883239,0.4172425544289329,0.0454,0.0074766355140186,0.966355140186916,0.0,False,multi_elimination_2,8,False
26,3,Adam Rippon,percent,41.0,0.1943127962085308,0.2491297411882195,24.91297411882195,0.0523322792126684,0.5554414293427948,0.0742,0.0,1.0,0.0,False,multi_elimination_3,6,False
26,3,Chris Mazdzer,percent,33.0,0.1563981042654028,0.0704388236596641,7.043882365966413,0.0035236956526826,0.1774905800441745,0.0742,0.0,0.2677725118483411,0.0,False,multi_elimination_3,6,True
26,3,Jennie Finch Daigle,percent,29.0,0.1374407582938388,0.0736630764093015,7.366307640930151,0.0035550409266581,0.1875530075214407,0.0742,0.0,0.2819905213270143,0.0,False,multi_elimination_3,6,True
26,3,Josh Norman,percent,38.0,0.1800947867298578,0.267186187592727,26.7186187592727,0.0739805272362668,0.6345832904954659,0.0742,0.0,1.0,0.0,False,multi_elimination_3,6,False
26,3,Mirai Nagasu,percent,35.0,0.1658767772511848,0.0641970653333294,6.419706533332945,0.0036574392266319,0.1683614972107887,0.0742,0.0,0.2606635071090047,0.0,False,multi_elimination_3,6,True
26,3,Tonya Harding,percent,35.0,0.1658767772511848,0.2753851058167584,27.53851058167584,0.0780459478970688,0.5997709714043103,0.0742,-0.0,1.0,0.0,False,multi_elimination_3,6,False
26,4,Adam Rippon,percent,29.0,0.3391812865497076,0.3367935333638432,33.6793533363844,0.0125491268084627,0.8356106893133962,1.0,0.0,1.0,0.0,False,no_elimination,3,False
26,4,Josh Norman,percent,28.5,0.3333333333333333,0.3339406660280296,33.39406660280304,0.0122381491483206,0.8430866555537095,1.0,0.0,1.0,0.0,False,no_elimination,3,False
26,4,Tonya Harding,percent,28.0,0.327485380116959,0.3292658006081248,32.92658006081256,0.0118954903795466,0.8323721299748871,1.0,0.0,1.0,0.0,False,no_elimination,3,False
27,1,Alexis Ren,percent,22.0,0.0862745098039215,0.0772333336675038,7.723333366750385,0.0023744888835528,0.2728864507843287,0.1302,0.0,0.9862745098039216,0.0,False,single_elimination,13,False
27,1,Bobby Bones,percent,20.0,0.0784313725490196,0.0830164667509864,8.301646675098649,0.0032459992803677,0.2600533803467764,0.1302,0.0,0.9862745098039216,0.0,False,single_elimination,13,False
27,1,Danelle Umstead,percent,18.0,0.0705882352941176,0.0839617836286642,8.396178362866424,0.008134247693769,0.269129957650885,0.1302,0.0,0.9862745098039216,0.0,False,single_elimination,13,False
27,1,DeMarcus Ware,percent,23.0,0.0901960784313725,0.0804777518001886,8.047775180018862,0.0021557579248778,0.2830432055831857,0.1302,0.0,0.9862745098039216,0.0,False,single_elimination,13,False
27,1,Evanna Lynch,percent,18.0,0.0705882352941176,0.0822865163560415,8.228651635604155,0.0058055616530236,0.2573083918840107,0.1302,0.0,0.9862745098039216,0.0,False,single_elimination,13,False
27,1,Joe Amabile,percent,14.0,0.0549019607843137,0.0987939453481087,9.87939453481088,0.0229433760097459,0.2755012561209155,0.1302,0.0137254901960784,1.0,0.0,False,single_elimination,13,False
27,1,John Schneider,percent,18.0,0.0705882352941176,0.0836886189433817,8.368861894338174,0.0067060736853293,0.2918199802507883,0.1302,0.0,0.9862745098039216,0.0,False,single_elimination,13,False
27,1,Juan Pablo Di Pace,percent,22.0,0.0862745098039215,0.0792359771985444,7.9235977198544445,0.0026346657795678,0.2844188516080676,0.1302,0.0,0.9862745098039216,0.0,False,single_elimination,13,False
27,1,Mary Lou Retton,percent,20.0,0.0784313725490196,0.0802730547245644,8.027305472456446,0.0030051263024508,0.2608287509985068,0.1302,0.0,0.9862745098039216,0.0,False,single_elimination,13,False
27,1,Milo Manheim,percent,20.0,0.0784313725490196,0.0774492987877664,7.744929878776649,0.0028171360653233,0.2550776401579217,0.1302,0.0,0.9862745098039216,0.0,False,single_elimination,13,False
27,1,Nancy McKeon,percent,19.5,0.0764705882352941,0.0831030536111033,8.31030536111034,0.0028214918962754,0.2736894425899096,0.1302,0.0,0.9862745098039216,0.0,False,single_elimination,13,False
27,1,Nikki Glaser,percent,17.5,0.0686274509803921,0.009045588773224,0.904558877322404,0.0003459636839502,0.0264618548711529,0.1302,0.0,0.0852187028657616,0.0,False,single_elimination,13,True
27,1,Tinashe,percent,23.0,0.0901960784313725,0.0814346104099218,8.143461040992186,0.0029278203003286,0.2801071494640819,0.1302,0.0,0.9862745098039216,0.0,False,single_elimination,13,False
27,2,Alexis Ren,percent,24.5,0.0905730129390018,0.0875964959614797,8.759649596147966,0.0032203468836181,0.3235282532663049,0.1893,0.0,0.9963031423290204,0.0,False,single_elimination,12,False
27,2,Bobby Bones,percent,19.5,0.0720887245841035,0.0952251809570444,9.522518095704443,0.0060807921770899,0.3056736031277238,0.1893,0.0,0.9963031423290204,0.0,False,single_elimination,12,False
27,2,Danelle Umstead,percent,18.5,0.0683918669131238,0.0124764655992364,1.2476465599236397,0.0006145600563328,0.0350726743367487,0.1893,0.0,0.0982747997535428,0.0,False,single_elimination,12,True
27,2,DeMarcus Ware,percent,23.5,0.0868761552680221,0.0882309391743884,8.823093917438838,0.0038135760738724,0.2849794513501464,0.1893,0.0,0.9963031423290204,0.0,False,single_elimination,12,False
27,2,Evanna Lynch,percent,24.0,0.088724584103512,0.0872763047060607,8.72763047060607,0.0034909480721744,0.2927869594469283,0.1893,0.0,0.9963031423290204,0.0,False,single_elimination,12,False
27,2,Joe Amabile,percent,17.5,0.0646950092421441,0.1024696158810884,10.246961588108835,0.0144066963924274,0.328517679174126,0.1893,0.0036968576709796,1.0,0.0,False,single_elimination,12,False
27,2,John Schneider,percent,21.5,0.0794824399260628,0.0903178161316578,9.031781613165776,0.0036526373958189,0.2925509704391432,0.1893,0.0,0.9963031423290204,0.0,False,single_elimination,12,False
27,2,Juan Pablo Di Pace,percent,26.0,0.0961182994454713,0.0859923730513469,8.599237305134691,0.0024799837770651,0.2826758690852877,0.1893,0.0,0.9963031423290204,0.0,False,single_elimination,12,False
27,2,Mary Lou Retton,percent,23.0,0.0850277264325323,0.0870730373394719,8.707303733947192,0.0033051983313929,0.2810010807394512,0.1893,0.0,0.9963031423290204,0.0,False,single_elimination,12,False
27,2,Milo Manheim,percent,26.0,0.0961182994454713,0.0857347312536109,8.573473125361089,0.0026649595191136,0.3062199061333631,0.1893,0.0,0.9963031423290204,0.0,False,single_elimination,12,False
27,2,Nancy McKeon,percent,20.5,0.0757855822550831,0.0907234386960584,9.072343869605842,0.0046486311827469,0.3040909348112609,0.1893,0.0,0.9963031423290204,0.0,False,single_elimination,12,False
27,2,Tinashe,percent,26.0,0.0961182994454713,0.0868836012485559,8.688360124855594,0.0022977226158853,0.2846156042571978,0.1893,0.0,0.9963031423290204,0.0,False,single_elimination,12,False
27,3,Alexis Ren,percent,26.0,0.0959409594095941,0.0950898258818462,9.50898258818463,0.0029336764345438,0.2849487307116162,0.1458,0.0,0.981549815498155,0.0,False,single_elimination,11,False
27,3,Bobby Bones,percent,23.0,0.084870848708487,0.1023537009122252,10.235370091222528,0.0080265215721502,0.3035097475564465,0.1458,0.0,0.981549815498155,0.0,False,single_elimination,11,False
27,3,DeMarcus Ware,percent,26.0,0.0959409594095941,0.0892477739804967,8.924777398049676,0.0031254728242562,0.284641183277796,0.1458,0.0,0.981549815498155,0.0,False,single_elimination,11,False
27,3,Evanna Lynch,percent,27.0,0.0996309963099631,0.0963190429334173,9.631904293341735,0.003476385702918,0.2980044845970356,0.1458,0.0,0.981549815498155,0.0,False,single_elimination,11,False
27,3,Joe Amabile,percent,18.0,0.066420664206642,0.1207110790972264,12.071107909722649,0.0253972683121021,0.3380190753045451,0.1458,0.014760147601476,0.996309963099631,0.0,False,single_elimination,11,False
27,3,John Schneider,percent,21.0,0.077490774907749,0.1066488198942141,10.664881989421424,0.0142996873966257,0.3242889841477503,0.1458,0.0036900369003689,0.985239852398524,0.0,False,single_elimination,11,False
27,3,Juan Pablo Di Pace,percent,30.0,0.1107011070110701,0.09177150678103,9.177150678103008,0.0024526649537265,0.3177882172691507,0.1458,0.0,0.981549815498155,0.0,False,single_elimination,11,False
27,3,Mary Lou Retton,percent,24.0,0.088560885608856,0.0945421248970585,9.454212489705862,0.0062796845724951,0.3016725554202861,0.1458,0.0,0.981549815498155,0.0,False,single_elimination,11,False
27,3,Milo Manheim,percent,27.0,0.0996309963099631,0.0970170130888023,9.70170130888024,0.0028472578148741,0.3179307050617851,0.1458,0.0,0.981549815498155,0.0,False,single_elimination,11,False
27,3,Nancy McKeon,percent,22.0,0.081180811808118,0.0122931109566692,1.2293110956669238,0.0003911698341536,0.0343311853703997,0.1458,0.0,0.1006373700100637,0.0,False,single_elimination,11,True
27,3,Tinashe,percent,27.0,0.0996309963099631,0.0940060015770132,9.400600157701328,0.0042236355735702,0.331378744156159,0.1458,0.0,0.981549815498155,0.0,False,single_elimination,11,False
27,4,Alexis Ren,percent,25.0,0.1077586206896551,0.0973507901695192,9.735079016951929,0.0118119172013942,0.2992141730173064,0.0292,0.0043103448275862,0.8706896551724138,0.0,False,single_elimination,10,False
27,4,Bobby Bones,percent,20.0,0.0862068965517241,0.1326250127956867,13.262501279568678,0.0337406895005501,0.3437953873338107,0.0292,0.0258620689655172,0.8922413793103449,0.0,False,single_elimination,10,False
27,4,DeMarcus Ware,percent,22.0,0.0948275862068965,0.1068182776111845,10.68182776111845,0.026269389416082,0.2852191290208822,0.0292,0.0172413793103448,0.8836206896551725,0.0,False,single_elimination,10,False
27,4,Evanna Lynch,percent,24.0,0.1034482758620689,0.1070109777607583,10.701097776075834,0.0148347056802265,0.3064293855897063,0.0292,0.0086206896551724,0.875,0.0,False,single_elimination,10,False
27,4,Joe Amabile,percent,15.0,0.0646551724137931,0.1437338292669293,14.373382926692935,0.0589900576871625,0.3439828205080874,0.0292,0.0474137931034482,0.913793103448276,0.0,False,single_elimination,10,False
27,4,John Schneider,percent,21.0,0.0905172413793103,0.1171238240782913,11.71238240782913,0.0261843129451852,0.3050452660900475,0.0292,0.021551724137931,0.8879310344827587,0.0,False,single_elimination,10,False
27,4,Juan Pablo Di Pace,percent,24.0,0.1034482758620689,0.1061013378167285,10.610133781672856,0.0157616041324441,0.3161423439841502,0.0292,0.0086206896551724,0.875,0.0,False,single_elimination,10,False
27,4,Mary Lou Retton,percent,26.0,0.1120689655172413,0.0921187673160886,9.211876731608868,0.0100994156169793,0.2638459897006627,0.0292,0.0,0.8663793103448276,0.0,False,single_elimination,10,False
27,4,Milo Manheim,percent,29.0,0.125,0.0889627273115125,8.896272731151253,0.0030265825815994,0.2665527292268796,0.0292,0.0,0.8663793103448276,0.0,False,single_elimination,10,False
27,4,Tinashe,percent,26.0,0.1120689655172413,0.0081544558733006,0.8154455873300616,0.0002502115468251,0.0294451360266879,0.0292,0.0,0.0879310344827586,0.0,False,single_elimination,10,True
27,5,Alexis Ren,percent,29.0,0.1306306306306306,0.1105043262759155,11.050432627591562,0.0029284303211386,0.3678471305305013,1.0,0.0,1.0,0.0,False,no_elimination,9,False
27,5,Bobby Bones,percent,21.0,0.0945945945945946,0.1118343180489206,11.183431804892068,0.0027999241331644,0.3715614202578567,1.0,0.0,1.0,0.0,False,no_elimination,9,False
27,5,DeMarcus Ware,percent,26.0,0.1171171171171171,0.1100685260961138,11.006852609611387,0.002738728650471,0.3666921847815453,1.0,0.0,1.0,0.0,False,no_elimination,9,False
27,5,Evanna Lynch,percent,24.0,0.1081081081081081,0.1123366536689504,11.233665366895048,0.0033527575665289,0.372683463669598,1.0,0.0,1.0,0.0,False,no_elimination,9,False
27,5,Joe Amabile,percent,17.0,0.0765765765765765,0.1104178857242851,11.041788572428516,0.0033438095283388,0.3634911216945664,1.0,0.0,1.0,0.0,False,no_elimination,9,False
27,5,John Schneider,percent,24.0,0.1081081081081081,0.110668817545633,11.066881754563308,0.003048383284799,0.3696056601931769,1.0,0.0,1.0,0.0,False,no_elimination,9,False
27,5,Juan Pablo Di Pace,percent,29.0,0.1306306306306306,0.1124009896080183,11.240098960801836,0.0034320662059854,0.3749334197046409,1.0,0.0,1.0,0.0,False,no_elimination,9,False
27,5,Mary Lou Retton,percent,25.0,0.1126126126126126,0.1102620060854462,11.026200608544633,0.0032239124179057,0.3689992139678815,1.0,0.0,1.0,0.0,False,no_elimination,9,False
27,5,Milo Manheim,percent,27.0,0.1216216216216216,0.1115064769467164,11.15064769467165,0.0032801278035162,0.3764975349647595,1.0,0.0,1.0,0.0,False,no_elimination,9,False
27,6,Alexis Ren,percent,27.0,0.1179039301310043,0.1174278848673618,11.742788486736186,0.0049532637835405,0.3588143893557834,0.1254,0.0,0.960698689956332,0.0,False,single_elimination,9,False
27,6,Bobby Bones,percent,22.0,0.0960698689956331,0.129778093955855,12.977809395585505,0.0207547878341021,0.373384635440027,0.1254,0.0087336244541484,0.9694323144104804,0.0,False,single_elimination,9,False
27,6,DeMarcus Ware,percent,26.0,0.1135371179039301,0.1175870754687426,11.758707546874266,0.0068642386399234,0.3646219372580117,0.1254,0.0,0.960698689956332,0.0,False,single_elimination,9,False
27,6,Evanna Lynch,percent,29.0,0.1266375545851528,0.1101706103937208,11.01706103937209,0.0043549245320853,0.3475212163544225,0.1254,0.0,0.960698689956332,0.0,False,single_elimination,9,False
27,6,Joe Amabile,percent,22.0,0.0960698689956331,0.1350059544682257,13.50059544682258,0.0210406003512281,0.4101130631156124,0.1254,0.0087336244541484,0.9694323144104804,0.0,False,single_elimination,9,False
27,6,John Schneider,percent,19.0,0.0829694323144104,0.1520580495847708,15.205804958477083,0.0358671736063699,0.3995248341178501,0.1254,0.0218340611353711,0.982532751091703,0.0,False,single_elimination,9,False
27,6,Juan Pablo Di Pace,percent,30.0,0.131004366812227,0.1083217031786317,10.83217031786318,0.0036918485591672,0.35600569281778,0.1254,0.0,0.960698689956332,0.0,False,single_elimination,9,False
27,6,Mary Lou Retton,percent,24.0,0.1048034934497816,0.0153367427005127,1.5336742700512769,0.0004606757760708,0.0454273712921961,0.1254,0.0,0.1174187287724405,0.0,False,single_elimination,9,True
27,6,Milo Manheim,percent,30.0,0.131004366812227,0.1143138853821783,11.431388538217842,0.00411085403869,0.3812106872868524,0.1254,0.0,0.960698689956332,0.0,False,single_elimination,9,False
27,7,Alexis Ren,percent,27.5,0.1264367816091954,0.1627216749175829,16.2721674917583,0.0280653710494201,0.4742257799408671,0.0437,0.0,0.9816091954022989,0.0,False,multi_elimination_2,8,False
27,7,Bobby Bones,percent,26.5,0.1218390804597701,0.1674347325696381,16.743473256963814,0.0298674254378287,0.4999262845757195,0.0437,0.0022988505747126,0.9839080459770116,0.0,False,multi_elimination_2,8,False
27,7,DeMarcus Ware,percent,26.5,0.1218390804597701,0.0245127716182821,2.4512771618282114,0.0013655163692768,0.0736933662025305,0.0437,0.0,0.1461412151067324,0.0,False,multi_elimination_2,8,True
27,7,Evanna Lynch,percent,29.5,0.135632183908046,0.1460767122829655,14.607671228296551,0.0177203260485663,0.4556287388174007,0.0437,0.0,0.9816091954022989,0.0,False,multi_elimination_2,8,False
27,7,Joe Amabile,percent,23.5,0.1080459770114942,0.1688139966007145,16.881399660071455,0.0387566116546756,0.4237620862578414,0.0437,0.0160919540229885,0.9977011494252872,0.0,False,multi_elimination_2,8,False
27,7,John Schneider,percent,27.0,0.1241379310344827,0.0223579014409525,2.235790144095253,0.0007601512846844,0.0712325992036452,0.0437,0.0,0.1441707717569787,0.0,False,multi_elimination_2,8,True
27,7,Juan Pablo Di Pace,percent,28.0,0.128735632183908,0.1551621567455057,15.51621567455058,0.020663124468124,0.4789044810735322,0.0437,0.0,0.9816091954022989,0.0,False,multi_elimination_2,8,False
27,7,Milo Manheim,percent,29.0,0.1333333333333333,0.1529200538243583,15.292005382435834,0.0187033280654953,0.4481486460238211,0.0437,0.0,0.9816091954022989,0.0,False,multi_elimination_2,8,False
27,8,Alexis Ren,percent,29.0,0.1801242236024844,0.2144051257463314,21.44051257463313,0.0365344349241846,0.5462378098622251,0.0674,0.0062111801242235,0.9316770186335404,0.0,False,multi_elimination_2,6,False
27,8,Bobby Bones,percent,22.5,0.139751552795031,0.2636279382309087,26.36279382309085,0.0846134705805419,0.6139932252731762,0.0674,0.046583850931677,0.9720496894409938,0.0,False,multi_elimination_2,6,False
27,8,Evanna Lynch,percent,29.0,0.1801242236024844,0.2167556710186289,21.675567101862875,0.0381160850379904,0.5095361928844226,0.0674,0.0062111801242235,0.9316770186335404,0.0,False,multi_elimination_2,6,False
27,8,Joe Amabile,percent,23.0,0.1428571428571428,0.0524202153585253,5.242021535852532,0.0015927197558416,0.1372657068640909,0.0674,0.0,0.2198757763975155,0.0,False,multi_elimination_2,6,True
27,8,Juan Pablo Di Pace,percent,30.0,0.186335403726708,0.0402884171879985,4.028841718799852,0.001251435553511,0.1126600739477165,0.0674,0.0,0.1850931677018633,0.0,False,multi_elimination_2,6,True
27,8,Milo Manheim,percent,27.5,0.170807453416149,0.2125026324576077,21.250263245760763,0.0483419359455809,0.5201755929849271,0.0674,0.015527950310559,0.9409937888198756,0.0,False,multi_elimination_2,6,False
27,9,Alexis Ren,percent,28.5,0.2467532467532467,0.250263807482575,25.02638074825749,0.0083129839629254,0.7115147004458447,1.0,0.0,1.0,0.0,False,no_elimination,4,False
27,9,Bobby Bones,percent,27.0,0.2337662337662337,0.2511547401728424,25.115474017284235,0.0085714967297274,0.7137631547507853,1.0,0.0,1.0,0.0,False,no_elimination,4,False
27,9,Evanna Lynch,percent,30.0,0.2597402597402597,0.2510616494591603,25.106164945916028,0.008510257076249,0.7050091274059737,1.0,0.0,1.0,0.0,False,no_elimination,4,False
27,9,Milo Manheim,percent,30.0,0.2597402597402597,0.2475198028854224,24.75198028854224,0.0086902989707991,0.7096644839880558,1.0,0.0,1.0,0.0,False,no_elimination,4,False
28,1,Ally Brooke,rank,16.0,7.0,6.5113,8.323036440335,1.0,12.0,1.0,1.0,12.0,0.0,False,no_elimination,12,False
28,1,Hannah Brown,rank,20.0,2.0,6.5098,8.324398503190979,1.0,12.0,1.0,1.0,12.0,0.0,False,no_elimination,12,False
28,1,James Van Der Beek,rank,21.0,1.0,6.5119,8.32249167759679,1.0,12.0,1.0,1.0,12.0,0.0,False,no_elimination,12,False
28,1,Karamo Brown,rank,17.0,5.0,6.5343,8.3021793623611,1.0,12.0,1.0,1.0,12.0,0.0,False,no_elimination,12,False
28,1,Kate Flannery,rank,15.0,9.0,6.4955,8.337394699253256,1.0,12.0,1.0,1.0,12.0,0.0,False,no_elimination,12,False
28,1,Kel Mitchell,rank,16.0,7.0,6.4857,8.346312898465156,1.0,12.0,1.0,1.0,12.0,0.0,False,no_elimination,12,False
28,1,Lamar Odom,rank,11.0,12.0,6.5505,8.287520104465793,1.0,12.0,1.0,1.0,12.0,0.0,False,no_elimination,12,False
28,1,Lauren Alaina,rank,19.0,3.0,6.4705,8.360164083480095,1.0,12.0,1.0,1.0,12.0,0.0,False,no_elimination,12,False
28,1,Mary Wilson,rank,17.0,5.0,6.4591,8.370567555267327,1.0,12.0,1.0,1.0,12.0,0.0,False,no_elimination,12,False
28,1,Ray Lewis,rank,15.0,9.0,6.4837,8.34813411085895,1.0,12.0,1.0,1.0,12.0,0.0,False,no_elimination,12,False
28,1,Sailor Brinkley-Cook,rank,18.0,4.0,6.4841,8.347769836591063,1.0,12.0,1.0,1.0,12.0,0.0,False,no_elimination,12,False
28,1,Sean Spicer,rank,12.0,11.0,6.5036,8.330030728134496,1.0,12.0,1.0,1.0,12.0,0.0,False,no_elimination,12,False
28,2,Ally Brooke,rank,20.0,3.0,6.644802668148972,8.140789392664088,1.0,12.0,0.1799,10.0,12.0,0.0,False,single_elimination,12,False
28,2,Hannah Brown,rank,24.0,1.0,6.418565869927738,8.344207038799047,1.0,12.0,0.1799,1.0,12.0,0.0,False,single_elimination,12,False
28,2,James Van Der Beek,rank,20.0,3.0,6.434685936631462,8.329546205422822,1.0,12.0,0.1799,1.0,11.0,0.0,False,single_elimination,12,False
28,2,Karamo Brown,rank,19.0,6.0,6.501389660922735,8.26915401066605,1.0,12.0,0.1799,1.0,9.0,0.0,False,single_elimination,12,False
28,2,Kate Flannery,rank,21.0,2.0,6.400222345747638,8.360921447493382,1.0,12.0,0.1799,1.0,12.0,0.0,False,single_elimination,12,False
28,2,Kel Mitchell,rank,20.0,3.0,6.553085047248471,8.222651392919637,1.0,12.0,0.1799,1.0,11.0,0.0,False,single_elimination,12,False
28,2,Lamar Odom,rank,12.0,12.0,4.420789327404114,10.37611768999369,1.0,11.0,0.1799,1.0,3.0,0.0,False,single_elimination,12,False
28,2,Lauren Alaina,rank,19.0,6.0,6.603112840466926,8.177897870154732,1.0,12.0,0.1799,1.0,9.0,0.0,False,single_elimination,12,False
28,2,Mary Wilson,rank,15.0,10.0,9.832684824902724,5.7495304450440585,6.0,12.0,0.1799,3.0,12.0,0.0,False,single_elimination,12,True
28,2,Ray Lewis,rank,15.0,10.0,5.744302390216787,8.98111057085194,1.0,12.0,0.1799,1.0,5.0,0.0,False,single_elimination,12,False
28,2,Sailor Brinkley-Cook,rank,18.0,8.0,6.2590327959977765,8.490697380496755,1.0,12.0,0.1799,1.0,7.0,0.0,False,single_elimination,12,False
28,2,Sean Spicer,rank,16.0,9.0,6.187326292384658,8.5573765554938,1.0,12.0,0.1799,1.0,6.0,0.0,False,single_elimination,12,False
28,3,Ally Brooke,rank,24.0,1.0,5.5042,9.994307660083994,1.0,10.0,1.0,1.0,10.0,0.0,False,no_elimination,10,False
28,3,Hannah Brown,rank,21.0,5.0,5.5249,9.966761402264316,1.0,10.0,1.0,1.0,10.0,0.0,False,no_elimination,10,False
28,3,James Van Der Beek,rank,23.0,3.0,5.5143,9.9808577174291,1.0,10.0,1.0,1.0,10.0,0.0,False,no_elimination,10,False
28,3,Karamo Brown,rank,16.0,8.0,5.4277,10.096771274291314,1.0,10.0,1.0,1.0,10.0,0.0,False,no_elimination,10,False
28,3,Kate Flannery,rank,24.0,1.0,5.4488,10.0684056108487,1.0,10.0,1.0,1.0,10.0,0.0,False,no_elimination,10,False
28,3,Kel Mitchell,rank,20.0,6.0,5.5068,9.990843567239285,1.0,10.0,1.0,1.0,10.0,0.0,False,no_elimination,10,False
28,3,Lamar Odom,rank,12.0,10.0,5.5352,9.953083111181574,1.0,10.0,1.0,1.0,10.0,0.0,False,no_elimination,10,False
28,3,Lauren Alaina,rank,20.0,6.0,5.514,9.981256959722591,1.0,10.0,1.0,1.0,10.0,0.0,False,no_elimination,10,False
28,3,Sailor Brinkley-Cook,rank,23.0,3.0,5.5054,9.992708698778696,1.0,10.0,1.0,1.0,10.0,0.0,False,no_elimination,10,False
28,3,Sean Spicer,rank,15.0,9.0,5.5187,9.975003998160425,1.0,10.0,1.0,1.0,10.0,0.0,False,no_elimination,10,False
28,4,Ally Brooke,rank,32.0,1.0,5.455491098219644,10.023991580709378,1.0,10.0,0.4999,9.0,10.0,0.0,False,single_elimination,10,False
28,4,Hannah Brown,rank,32.0,1.0,5.4672934586917386,10.008229750814625,1.0,10.0,0.4999,1.0,9.0,0.0,False,single_elimination,10,False
28,4,James Van Der Beek,rank,28.0,6.0,5.30626125225045,10.22543956734294,1.0,10.0,0.4999,1.0,5.0,0.0,False,single_elimination,10,False
28,4,Karamo Brown,rank,28.0,6.0,5.376675335067014,10.129886826650411,1.0,10.0,0.4999,1.0,5.0,0.0,False,single_elimination,10,False
28,4,Kate Flannery,rank,26.0,8.0,5.204240848169634,10.365483695383118,1.0,10.0,0.4999,1.0,3.0,0.0,False,single_elimination,10,False
28,4,Kel Mitchell,rank,32.0,1.0,5.491898379675935,9.975449989482293,1.0,10.0,0.4999,1.0,9.0,0.0,False,single_elimination,10,False
28,4,Lamar Odom,rank,20.0,10.0,7.303260652130426,7.835087972010117,3.0,10.0,0.4999,1.0,10.0,0.0,False,single_elimination,10,True
28,4,Lauren Alaina,rank,32.0,1.0,5.4482896579315865,10.033621160001076,1.0,10.0,0.4999,1.0,9.0,0.0,False,single_elimination,10,False
28,4,Sailor Brinkley-Cook,rank,31.0,5.0,5.325265053010602,10.199562736234263,1.0,10.0,0.4999,1.0,6.0,0.0,False,single_elimination,10,False
28,4,Sean Spicer,rank,21.0,9.0,4.62132426485297,11.203246721371778,1.0,10.0,0.4999,1.0,2.0,0.0,False,single_elimination,10,False
28,5,Ally Brooke,rank,27.0,1.0,5.021,11.075995929221758,1.0,9.0,1.0,1.0,9.0,0.0,False,no_elimination,9,False
28,5,Hannah Brown,rank,25.0,4.0,5.0485,11.030401549074163,1.0,9.0,1.0,1.0,9.0,0.0,False,no_elimination,9,False
28,5,James Van Der Beek,rank,26.0,2.0,5.0387,11.04662816299052,1.0,9.0,1.0,1.0,9.0,0.0,False,no_elimination,9,False
28,5,Karamo Brown,rank,21.0,8.0,4.9814,11.14198313301454,1.0,9.0,1.0,1.0,9.0,0.0,False,no_elimination,9,False
28,5,Kate Flannery,rank,24.0,5.0,4.9333,11.222663244831082,1.0,9.0,1.0,1.0,9.0,0.0,False,no_elimination,9,False
28,5,Kel Mitchell,rank,26.0,2.0,4.9754,11.152015431691478,1.0,9.0,1.0,1.0,9.0,0.0,False,no_elimination,9,False
28,5,Lauren Alaina,rank,23.0,7.0,4.9622,11.174118296861735,1.0,9.0,1.0,1.0,9.0,0.0,False,no_elimination,9,False
28,5,Sailor Brinkley-Cook,rank,24.0,5.0,5.0058,11.101278010560916,1.0,9.0,1.0,1.0,9.0,0.0,False,no_elimination,9,False
28,5,Sean Spicer,rank,19.0,9.0,5.0337,11.054916241753796,1.0,9.0,1.0,1.0,9.0,0.0,False,no_elimination,9,False
28,6,Ally Brooke,rank,25.0,6.0,,,,,0.0,4.0,8.0,0.0,False,single_elimination,9,False
28,6,Hannah Brown,rank,24.0,8.0,,,,,0.0,2.0,2.0,0.0,False,single_elimination,9,False
28,6,James Van Der Beek,rank,27.0,1.0,,,,,0.0,3.0,8.0,0.0,False,single_elimination,9,False
28,6,Karamo Brown,rank,25.0,6.0,,,,,0.0,3.0,4.0,0.0,False,single_elimination,9,False
28,6,Kate Flannery,rank,27.0,1.0,,,,,0.0,3.0,8.0,0.0,False,single_elimination,9,False
28,6,Kel Mitchell,rank,26.0,4.0,,,,,0.0,3.0,6.0,0.0,False,single_elimination,9,False
28,6,Lauren Alaina,rank,26.0,4.0,,,,,0.0,3.0,6.0,0.0,False,single_elimination,9,False
28,6,Sailor Brinkley-Cook,rank,27.0,1.0,,,,,0.0,9.0,9.0,0.0,False,single_elimination,9,True
28,6,Sean Spicer,rank,21.0,9.0,,,,,0.0,1.0,1.0,0.0,False,single_elimination,9,False
28,7,Ally Brooke,rank,27.0,1.0,4.495387453874539,12.333189844245188,1.0,8.0,0.1084,8.0,8.0,0.0,False,single_elimination,8,False
28,7,Hannah Brown,rank,26.0,4.0,4.595018450184502,12.12433257915808,1.0,8.0,0.1084,3.0,5.0,0.0,False,single_elimination,8,False
28,7,James Van Der Beek,rank,27.0,1.0,4.3099630996309966,12.731522716749565,1.0,8.0,0.1084,3.0,7.0,0.0,False,single_elimination,8,False
28,7,Karamo Brown,rank,24.5,6.0,6.777675276752768,8.339845146173728,4.0,8.0,0.1084,3.0,7.0,0.0,False,single_elimination,8,True
28,7,Kate Flannery,rank,24.0,7.0,4.083948339483395,13.234491436220186,1.0,8.0,0.1084,2.0,2.0,0.0,False,single_elimination,8,False
28,7,Kel Mitchell,rank,25.5,5.0,4.294280442804428,12.76579690012414,1.0,8.0,0.1084,3.0,4.0,0.0,False,single_elimination,8,False
28,7,Lauren Alaina,rank,27.0,1.0,4.582103321033211,12.151205857963372,1.0,8.0,0.1084,3.0,7.0,0.0,False,single_elimination,8,False
28,7,Sean Spicer,rank,21.0,8.0,2.8616236162361623,16.319615519365744,1.0,8.0,0.1084,1.0,1.0,0.0,False,single_elimination,8,False
28,8,Ally Brooke,rank,30.0,3.0,4.218550106609808,13.350592563496946,1.0,7.0,0.0938,5.0,7.0,0.0,False,single_elimination,7,False
28,8,Hannah Brown,rank,30.9998,2.0,4.047974413646055,13.813907979256689,1.0,7.0,0.0938,1.0,7.0,0.0,False,single_elimination,7,False
28,8,James Van Der Beek,rank,31.9998,1.0,3.9957356076759054,13.958988956985744,1.0,7.0,0.0938,1.0,7.0,0.0,False,single_elimination,7,False
28,8,Kate Flannery,rank,25.9998,5.0,6.038379530916845,9.277525715651068,4.0,7.0,0.0938,3.0,7.0,0.0,False,single_elimination,7,True
28,8,Kel Mitchell,rank,29.9998,4.0,4.301705756929637,13.130393279080918,1.0,7.0,0.0938,1.0,6.0,0.0,False,single_elimination,7,False
28,8,Lauren Alaina,rank,24.0,6.0,3.3240938166311302,15.965849400012187,1.0,7.0,0.0938,1.0,4.0,0.0,False,single_elimination,7,False
28,8,Sean Spicer,rank,20.0,7.0,2.0735607675906182,20.50274210551645,1.0,6.0,0.0938,1.0,3.0,0.0,False,single_elimination,7,False
28,9,Ally Brooke,rank,40.0,1.0,3.5015529879488136,16.635614797553373,1.0,6.0,0.8049,5.0,6.0,0.0,False,single_elimination,6,False
28,9,Hannah Brown,rank,35.5,4.0,3.294943471238663,17.481307214535363,1.0,6.0,0.8049,1.0,3.0,0.0,False,single_elimination,6,False
28,9,James Van Der Beek,rank,36.0,3.0,3.395328612249969,17.065172949021676,1.0,6.0,0.8049,1.0,4.0,0.0,False,single_elimination,6,False
28,9,Kel Mitchell,rank,37.0,2.0,3.483538327742577,16.707694892578058,1.0,6.0,0.8049,1.0,5.0,0.0,False,single_elimination,6,False
28,9,Lauren Alaina,rank,35.0,5.0,3.33594235308734,17.31013934674782,1.0,6.0,0.8049,1.0,2.0,0.0,False,single_elimination,6,False
28,9,Sean Spicer,rank,25.0,6.0,3.9886942477326377,14.800070799563706,1.0,6.0,0.8049,1.0,6.0,0.0,False,single_elimination,6,True
28,10,Ally Brooke,rank,29.5,1.0,3.040962175352972,19.70845146042436,1.0,5.0,0.5737,4.0,5.0,0.0,False,single_elimination,5,False
28,10,Hannah Brown,rank,27.0,3.0,2.8373714484922434,20.94970929101172,1.0,5.0,0.5737,1.0,3.0,0.0,False,single_elimination,5,False
28,10,James Van Der Beek,rank,25.5,5.0,3.4409970367788043,17.479645565732273,1.0,5.0,0.5737,1.0,5.0,0.0,False,single_elimination,5,True
28,10,Kel Mitchell,rank,28.5,2.0,2.842077740979606,20.920151524211587,1.0,5.0,0.5737,1.0,4.0,0.0,False,single_elimination,5,False
28,10,Lauren Alaina,rank,27.0,3.0,2.8385915983963743,20.942042158620065,1.0,5.0,0.5737,1.0,3.0,0.0,False,single_elimination,5,False
28,11,Ally Brooke,rank,30.0,1.0,2.4946,25.05371767945352,1.0,4.0,1.0,1.0,4.0,0.0,False,no_elimination,4,False
28,11,Hannah Brown,rank,29.0,3.0,2.4886,25.113918814349542,1.0,4.0,1.0,1.0,4.0,0.0,False,no_elimination,4,False
28,11,Kel Mitchell,rank,29.5,2.0,2.5222,24.778645826743425,1.0,4.0,1.0,1.0,4.0,0.0,False,no_elimination,4,False
28,11,Lauren Alaina,rank,28.5,4.0,2.4946,25.05371767945352,1.0,4.0,1.0,1.0,4.0,0.0,False,no_elimination,4,False
29,1,AJ McLean,rank,18.0,6.0,7.9507,6.694847905213508,1.0,15.0,1.0,1.0,15.0,0.0,False,no_elimination,15,False
29,1,Anne Heche,rank,18.0,6.0,7.9227,6.710934836782176,1.0,15.0,1.0,1.0,15.0,0.0,False,no_elimination,15,False
29,1,Carole Baskin,rank,11.0,15.0,8.0316,6.648584504223887,1.0,15.0,1.0,1.0,15.0,0.0,False,no_elimination,15,False
29,1,Charles Oakley,rank,12.0,14.0,8.0089,6.661533343359029,1.0,15.0,1.0,1.0,15.0,0.0,False,no_elimination,15,False
29,1,Chrishell Stause,rank,13.0,13.0,8.0268,6.651320484640144,1.0,15.0,1.0,1.0,15.0,0.0,False,no_elimination,15,False
29,1,Jeannie Mai,rank,18.0,6.0,8.0331,6.647729741166431,1.0,15.0,1.0,1.0,15.0,0.0,False,no_elimination,15,False
29,1,Jesse Metcalfe,rank,18.0,6.0,8.0517,6.637139804543072,1.0,15.0,1.0,1.0,15.0,0.0,False,no_elimination,15,False
29,1,Johnny Weir,rank,18.0,6.0,8.022,6.654057590948511,1.0,15.0,1.0,1.0,15.0,0.0,False,no_elimination,15,False
29,1,Justina Machado,rank,21.0,1.0,7.8928,6.728156062408336,1.0,15.0,1.0,1.0,15.0,0.0,False,no_elimination,15,False
29,1,Kaitlyn Bristowe,rank,20.0,3.0,7.9688,6.6844693797441606,1.0,15.0,1.0,1.0,15.0,0.0,False,no_elimination,15,False
29,1,Monica Aldama,rank,19.0,5.0,8.0031,6.664845900417114,1.0,15.0,1.0,1.0,15.0,0.0,False,no_elimination,15,False
29,1,Nelly,rank,16.0,12.0,8.0327,6.647957667236266,1.0,15.0,1.0,1.0,15.0,0.0,False,no_elimination,15,False
29,1,Nev Schulman,rank,20.0,3.0,8.0046,6.66398904674312,1.0,15.0,1.0,1.0,15.0,0.0,False,no_elimination,15,False
29,1,Skai Jackson,rank,21.0,1.0,8.0025,6.665188672734636,1.0,15.0,1.0,1.0,15.0,0.0,False,no_elimination,15,False
29,1,Veron Davis,rank,17.0,11.0,8.048,6.639245059839635,1.0,15.0,1.0,1.0,15.0,0.0,False,no_elimination,15,False
29,2,AJ McLean,rank,19.0,5.0,8.187957948391208,6.54069898739828,1.0,15.0,0.3139,10.0,15.0,0.0,False,single_elimination,15,False
29,2,Anne Heche,rank,18.0,6.0,7.850907932462568,6.732415805408029,1.0,15.0,0.3139,1.0,14.0,0.0,False,single_elimination,15,False
29,2,Carole Baskin,rank,16.0,12.0,7.422746097483275,6.984082462309861,1.0,15.0,0.3139,1.0,8.0,0.0,False,single_elimination,15,False
29,2,Charles Oakley,rank,15.0,14.0,11.269194010831477,5.022551594644272,6.0,15.0,0.3139,2.0,15.0,0.0,False,single_elimination,15,True
29,2,Chrishell Stause,rank,18.0,6.0,7.81267919719656,6.754512423156994,1.0,15.0,0.3139,1.0,14.0,0.0,False,single_elimination,15,False
29,2,Jeannie Mai,rank,18.0,6.0,7.852500796431984,6.73149668336271,1.0,15.0,0.3139,1.0,14.0,0.0,False,single_elimination,15,False
29,2,Jesse Metcalfe,rank,20.0,4.0,8.023574386747372,6.633509882328253,1.0,15.0,0.3139,1.0,15.0,0.0,False,single_elimination,15,False
29,2,Johnny Weir,rank,18.0,6.0,7.926728257406817,6.68880447535337,1.0,15.0,0.3139,1.0,14.0,0.0,False,single_elimination,15,False
29,2,Justina Machado,rank,21.0,2.0,7.944249761070404,6.678766479663197,1.0,15.0,0.3139,1.0,15.0,0.0,False,single_elimination,15,False
29,2,Kaitlyn Bristowe,rank,22.0,1.0,7.877986619942657,6.716807784310573,1.0,15.0,0.3139,1.0,15.0,0.0,False,single_elimination,15,False
29,2,Monica Aldama,rank,16.0,12.0,7.295316979929914,7.060784198250003,1.0,15.0,0.3139,1.0,8.0,0.0,False,single_elimination,15,False
29,2,Nelly,rank,18.0,6.0,7.929913985345651,6.686978263731475,1.0,15.0,0.3139,1.0,14.0,0.0,False,single_elimination,15,False
29,2,Nev Schulman,rank,21.0,2.0,7.920993947116917,6.692092913183591,1.0,15.0,0.3139,1.0,15.0,0.0,False,single_elimination,15,False
29,2,Skai Jackson,rank,15.0,14.0,6.8591908251035365,7.329727677378309,1.0,15.0,0.3139,1.0,6.0,0.0,False,single_elimination,15,False
29,2,Veron Davis,rank,18.0,6.0,7.826059254539662,6.746770369521093,1.0,15.0,0.3139,1.0,14.0,0.0,False,single_elimination,15,False
29,3,AJ McLean,rank,21.0,7.0,7.485184347432708,7.125773758025927,1.0,14.0,0.4421,7.0,14.0,0.0,False,single_elimination,14,False
29,3,Anne Heche,rank,15.0,13.0,6.7310563220990725,7.639484565082448,1.0,14.0,0.4421,1.0,8.0,0.0,False,single_elimination,14,False
29,3,Carole Baskin,rank,12.0,14.0,10.921284777199729,5.188993857686927,6.0,14.0,0.4421,1.0,14.0,0.0,False,single_elimination,14,True
29,3,Chrishell Stause,rank,22.0,4.0,7.333408731056322,7.226308860631716,1.0,14.0,0.4421,1.0,14.0,0.0,False,single_elimination,14,False
29,3,Jeannie Mai,rank,22.0,4.0,7.455553042298122,7.145290835222375,1.0,14.0,0.4421,1.0,14.0,0.0,False,single_elimination,14,False
29,3,Jesse Metcalfe,rank,20.0,9.0,7.042976702103596,7.422660012130895,1.0,14.0,0.4421,1.0,12.0,0.0,False,single_elimination,14,False
29,3,Johnny Weir,rank,24.0,1.0,7.405790545125537,7.1781879499578025,1.0,14.0,0.4421,1.0,14.0,0.0,False,single_elimination,14,False
29,3,Justina Machado,rank,19.0,10.0,7.070798461886451,7.403621872453169,1.0,14.0,0.4421,1.0,11.0,0.0,False,single_elimination,14,False
29,3,Kaitlyn Bristowe,rank,23.0,3.0,7.242705270300837,7.2870660440627875,1.0,14.0,0.4421,1.0,14.0,0.0,False,single_elimination,14,False
29,3,Monica Aldama,rank,21.0,7.0,7.380004523863379,7.195294168751766,1.0,14.0,0.4421,1.0,13.0,0.0,False,single_elimination,14,False
29,3,Nelly,rank,18.0,11.0,6.945939832617055,7.489445289414847,1.0,14.0,0.4421,1.0,10.0,0.0,False,single_elimination,14,False
29,3,Nev Schulman,rank,24.0,1.0,7.551232752770867,7.082461678652295,1.0,14.0,0.4421,1.0,14.0,0.0,False,single_elimination,14,False
29,3,Skai Jackson,rank,18.0,11.0,6.888939154037548,7.528955615621538,1.0,14.0,0.4421,1.0,10.0,0.0,False,single_elimination,14,False
29,3,Veron Davis,rank,22.0,4.0,7.545125537208777,7.086455492305498,1.0,14.0,0.4421,1.0,14.0,0.0,False,single_elimination,14,False
29,4,AJ McLean,rank,24.0,3.0,6.93794506612411,7.695044659192904,1.0,13.0,0.1966,10.0,13.0,0.0,False,single_elimination,13,False
29,4,Anne Heche,rank,21.0,10.0,10.769074262461851,5.245988300695146,7.0,13.0,0.1966,4.0,13.0,0.0,False,single_elimination,13,True
29,4,Chrishell Stause,rank,22.0,8.0,6.517802644964394,8.025233884310602,1.0,13.0,0.1966,1.0,8.0,0.0,False,single_elimination,13,False
29,4,Jeannie Mai,rank,21.0,10.0,6.3346897253306205,8.173539979203877,1.0,13.0,0.1966,1.0,6.0,0.0,False,single_elimination,13,False
29,4,Jesse Metcalfe,rank,21.0,10.0,6.1805696846388605,8.300486346803718,1.0,13.0,0.1966,1.0,6.0,0.0,False,single_elimination,13,False
29,4,Johnny Weir,rank,24.0,3.0,6.914038657171923,7.713462754399643,1.0,13.0,0.1966,1.0,12.0,0.0,False,single_elimination,13,False
29,4,Justina Machado,rank,24.0,3.0,6.94557477110885,7.689175806299008,1.0,13.0,0.1966,1.0,12.0,0.0,False,single_elimination,13,False
29,4,Kaitlyn Bristowe,rank,25.0,2.0,7.04883011190234,7.610189449399458,1.0,13.0,0.1966,1.0,13.0,0.0,False,single_elimination,13,False
29,4,Monica Aldama,rank,24.0,3.0,7.049338758901323,7.609802369241386,1.0,13.0,0.1966,1.0,12.0,0.0,False,single_elimination,13,False
29,4,Nelly,rank,21.0,10.0,5.99237029501526,8.458180233428628,1.0,13.0,0.1966,1.0,6.0,0.0,False,single_elimination,13,False
29,4,Nev Schulman,rank,24.0,3.0,6.922177009155646,7.7071878206361,1.0,13.0,0.1966,1.0,12.0,0.0,False,single_elimination,13,False
29,4,Skai Jackson,rank,28.0,1.0,6.81943031536114,7.786784843640119,1.0,13.0,0.1966,1.0,13.0,0.0,False,single_elimination,13,False
29,4,Veron Davis,rank,22.0,8.0,6.568158697863683,7.9849235527494065,1.0,13.0,0.1966,1.0,8.0,0.0,False,single_elimination,13,False
29,5,AJ McLean,rank,24.0,5.0,6.423240938166312,8.370341281028594,1.0,12.0,0.3752,7.0,12.0,0.0,False,single_elimination,12,False
29,5,Chrishell Stause,rank,19.0,11.0,5.161247334754798,9.605796203254446,1.0,12.0,0.3752,1.0,6.0,0.0,False,single_elimination,12,False
29,5,Jeannie Mai,rank,24.0,5.0,6.43043710021322,8.363772841532981,1.0,12.0,0.3752,1.0,11.0,0.0,False,single_elimination,12,False
29,5,Jesse Metcalfe,rank,19.0,11.0,8.963486140724946,6.344428330844186,5.0,12.0,0.3752,2.0,12.0,0.0,False,single_elimination,12,True
29,5,Johnny Weir,rank,29.0,1.0,6.320362473347548,8.464811635990534,1.0,12.0,0.3752,1.0,12.0,0.0,False,single_elimination,12,False
29,5,Justina Machado,rank,24.0,5.0,6.446162046908316,8.349437517303167,1.0,12.0,0.3752,1.0,11.0,0.0,False,single_elimination,12,False
29,5,Kaitlyn Bristowe,rank,27.0,2.0,6.497867803837953,8.302474022340789,1.0,12.0,0.3752,1.0,12.0,0.0,False,single_elimination,12,False
29,5,Monica Aldama,rank,26.0,3.0,6.6138059701492535,8.198127261201762,1.0,12.0,0.3752,1.0,12.0,0.0,False,single_elimination,12,False
29,5,Nelly,rank,24.0,5.0,6.448027718550106,8.347738347444912,1.0,12.0,0.3752,1.0,11.0,0.0,False,single_elimination,12,False
29,5,Nev Schulman,rank,26.0,3.0,6.513859275053305,8.288002782432393,1.0,12.0,0.3752,1.0,12.0,0.0,False,single_elimination,12,False
29,5,Skai Jackson,rank,24.0,5.0,6.332356076759062,8.453743577122829,1.0,12.0,0.3752,1.0,11.0,0.0,False,single_elimination,12,False
29,5,Veron Davis,rank,21.0,10.0,5.849147121535181,8.911326199503396,1.0,12.0,0.3752,1.0,7.0,0.0,False,single_elimination,12,False
29,6,AJ McLean,rank,27.0,1.0,6.081275258194881,8.9410944473963,1.0,11.0,0.2227,11.0,11.0,0.0,False,single_elimination,11,False
29,6,Chrishell Stause,rank,24.0,7.0,5.844634036820835,9.19863358510725,1.0,11.0,0.2227,2.0,5.0,0.0,False,single_elimination,11,False
29,6,Jeannie Mai,rank,25.0,6.0,5.892231701841042,9.146243329165546,1.0,11.0,0.2227,2.0,6.0,0.0,False,single_elimination,11,False
29,6,Johnny Weir,rank,22.0,9.0,5.521778176919623,9.562007101228009,1.0,11.0,0.2227,2.0,3.0,0.0,False,single_elimination,11,False
29,6,Justina Machado,rank,27.0,1.0,6.040862146385272,8.98456025146562,1.0,11.0,0.2227,2.0,10.0,0.0,False,single_elimination,11,False
29,6,Kaitlyn Bristowe,rank,27.0,1.0,6.072743601257296,8.950253016919325,1.0,11.0,0.2227,2.0,10.0,0.0,False,single_elimination,11,False
29,6,Monica Aldama,rank,27.0,1.0,6.01930848675348,9.007828347684042,1.0,11.0,0.2227,2.0,10.0,0.0,False,single_elimination,11,False
29,6,Nelly,rank,24.0,7.0,5.845083071396497,9.198137937917709,1.0,11.0,0.2227,2.0,5.0,0.0,False,single_elimination,11,False
29,6,Nev Schulman,rank,26.0,5.0,5.907498877413561,9.129502192911854,1.0,11.0,0.2227,2.0,7.0,0.0,False,single_elimination,11,False
29,6,Skai Jackson,rank,18.0,11.0,4.11585092052088,11.319296493453496,1.0,11.0,0.2227,1.0,1.0,0.0,False,single_elimination,11,False
29,6,Veron Davis,rank,21.0,10.0,8.658733722496633,6.562443296750857,5.0,11.0,0.2227,2.0,10.0,0.0,False,single_elimination,11,True
29,7,AJ McLean,rank,26.0,5.0,5.352746037596757,10.175696689098526,1.0,10.0,0.5426,5.0,10.0,0.0,False,single_elimination,10,False
29,7,Chrishell Stause,rank,26.0,5.0,5.3759675635827495,10.144239385988824,1.0,10.0,0.5426,1.0,9.0,0.0,False,single_elimination,10,False
29,7,Jeannie Mai,rank,25.0,8.0,5.112421673424254,10.507039364627186,1.0,10.0,0.5426,1.0,7.0,0.0,False,single_elimination,10,False
29,7,Johnny Weir,rank,27.0,2.0,5.504054552156284,9.972464360865356,1.0,10.0,0.5426,1.0,10.0,0.0,False,single_elimination,10,False
29,7,Justina Machado,rank,26.0,5.0,5.412274235164025,10.095250913171702,1.0,10.0,0.5426,1.0,9.0,0.0,False,single_elimination,10,False
29,7,Kaitlyn Bristowe,rank,24.0,9.0,4.935127165499448,10.75837709695354,1.0,10.0,0.5426,1.0,6.0,0.0,False,single_elimination,10,False
29,7,Monica Aldama,rank,22.0,10.0,6.946737928492444,8.22739917838869,3.0,10.0,0.5426,1.0,10.0,0.0,False,single_elimination,10,True
29,7,Nelly,rank,27.0,2.0,5.465352008846296,10.024058666273383,1.0,10.0,0.5426,1.0,10.0,0.0,False,single_elimination,10,False
29,7,Nev Schulman,rank,30.0,1.0,5.441208993733874,10.056378792031868,1.0,10.0,0.5426,1.0,10.0,0.0,False,single_elimination,10,False
29,7,Skai Jackson,rank,27.0,2.0,5.45410984150387,10.039095552600925,1.0,10.0,0.5426,1.0,10.0,0.0,False,single_elimination,10,False
29,8,AJ McLean,rank,27.0,5.0,4.069444444444445,13.212568029506674,1.0,8.0,0.0864,4.0,8.0,0.0,False,single_elimination,8,False
29,8,Chrishell Stause,rank,27.0,5.0,7.289351851851852,7.607878636862919,5.0,8.0,0.0864,4.0,8.0,0.0,False,single_elimination,8,True
29,8,Johnny Weir,rank,30.0,1.0,4.561342592592593,12.14409572641796,1.0,8.0,0.0864,1.0,8.0,0.0,False,single_elimination,8,False
29,8,Justina Machado,rank,28.9998,3.0,4.381944444444445,12.523377172197264,1.0,8.0,0.0864,1.0,8.0,0.0,False,single_elimination,8,False
29,8,Kaitlyn Bristowe,rank,28.0,4.0,4.230324074074074,12.853152795449626,1.0,8.0,0.0864,1.0,7.0,0.0,False,single_elimination,8,False
29,8,Nelly,rank,24.0,8.0,2.857638888888889,16.263227786858163,1.0,8.0,0.0864,1.0,4.0,0.0,False,single_elimination,8,False
29,8,Nev Schulman,rank,30.0,1.0,4.513888888888889,12.243289902680992,1.0,8.0,0.0864,1.0,8.0,0.0,False,single_elimination,8,False
29,8,Skai Jackson,rank,26.9998,7.0,4.096064814814815,13.152409950026406,1.0,8.0,0.0864,1.0,5.0,0.0,False,single_elimination,8,False
29,9,AJ McLean,rank,24.9998,6.0,5.350262697022767,10.826243003318917,3.0,7.0,0.2855,2.0,6.0,0.0,False,single_elimination,7,True
29,9,Johnny Weir,rank,30.0,1.0,3.930297723292469,14.381836973167877,1.0,7.0,0.2855,7.0,7.0,0.0,False,single_elimination,7,False
29,9,Justina Machado,rank,25.9998,5.0,3.9274956217162873,14.389899105658465,1.0,7.0,0.2855,2.0,3.0,0.0,False,single_elimination,7,False
29,9,Kaitlyn Bristowe,rank,30.0,1.0,3.939754816112084,14.354660608775438,1.0,7.0,0.2855,2.0,6.0,0.0,False,single_elimination,7,False
29,9,Nelly,rank,24.0,7.0,3.123292469352014,16.900904478368677,1.0,7.0,0.2855,1.0,1.0,0.0,False,single_elimination,7,False
29,9,Nev Schulman,rank,28.9998,3.0,3.914535901926445,14.427245296409708,1.0,7.0,0.2855,2.0,5.0,0.0,False,single_elimination,7,False
29,9,Skai Jackson,rank,28.9998,3.0,3.8143607705779337,14.719210534300926,1.0,7.0,0.2855,2.0,5.0,0.0,False,single_elimination,7,False
29,10,Johnny Weir,rank,28.5,4.0,5.293103448275862,10.371670911426062,4.0,6.0,0.0986,3.0,6.0,0.0,False,multi_elimination_2,6,True
29,10,Justina Machado,rank,29.0,3.0,2.8042596348884383,18.84788401658255,1.0,5.0,0.0986,1.0,5.0,0.0,False,multi_elimination_2,6,False
29,10,Kaitlyn Bristowe,rank,30.0,1.0,3.4340770791075053,16.20377868530047,1.0,6.0,0.0986,1.0,6.0,0.0,False,multi_elimination_2,6,False
29,10,Nelly,rank,28.0,6.0,1.4695740365111565,25.96436958122238,1.0,3.0,0.0986,1.0,3.0,0.0,False,multi_elimination_2,6,False
29,10,Nev Schulman,rank,30.0,1.0,3.376267748478702,16.43016059614939,1.0,6.0,0.0986,1.0,6.0,0.0,False,multi_elimination_2,6,False
29,10,Skai Jackson,rank,28.5,4.0,4.622718052738337,12.18213620931915,3.0,6.0,0.0986,3.0,6.0,0.0,False,multi_elimination_2,6,True
29,11,Justina Machado,rank,30.0,1.0,2.5119,24.881033349248145,1.0,4.0,1.0,1.0,4.0,0.0,False,no_elimination,4,False
29,11,Kaitlyn Bristowe,rank,30.0,1.0,2.4972,25.027764793024037,1.0,4.0,1.0,1.0,4.0,0.0,False,no_elimination,4,False
29,11,Nelly,rank,28.5,4.0,2.483,25.170326990405957,1.0,4.0,1.0,1.0,4.0,0.0,False,no_elimination,4,False
29,11,Nev Schulman,rank,30.0,1.0,2.5079,24.920874867321874,1.0,4.0,1.0,1.0,4.0,0.0,False,no_elimination,4,False
30,1,Amanda Kloots,rank,28.0,2.0,8.0582,6.6334321357601365,1.0,15.0,1.0,1.0,15.0,0.0,False,no_elimination,15,False
30,1,Brian Austin Green,rank,24.0,9.0,8.0777,6.622354088423249,1.0,15.0,1.0,1.0,15.0,0.0,False,no_elimination,15,False
30,1,Christine Chiu,rank,25.0,7.0,7.9356,6.703507582726729,1.0,15.0,1.0,1.0,15.0,0.0,False,no_elimination,15,False
30,1,Cody Rigsby,rank,24.0,9.0,7.97,6.683770923571059,1.0,15.0,1.0,1.0,15.0,0.0,False,no_elimination,15,False
30,1,Iman Shumpert,rank,21.0,14.0,8.0704,6.626499086638496,1.0,15.0,1.0,1.0,15.0,0.0,False,no_elimination,15,False
30,1,Jimmie Allen,rank,22.0,13.0,7.9585,6.6903624602050655,1.0,15.0,1.0,1.0,15.0,0.0,False,no_elimination,15,False
30,1,JoJo Siwa,rank,29.0,1.0,8.0293,6.649884463764029,1.0,15.0,1.0,1.0,15.0,0.0,False,no_elimination,15,False
30,1,Kenya Moore,rank,26.0,5.0,8.0022,6.665349149564273,1.0,15.0,1.0,1.0,15.0,0.0,False,no_elimination,15,False
30,1,Martin Kove,rank,13.0,15.0,7.9727,6.68222428698931,1.0,15.0,1.0,1.0,15.0,0.0,False,no_elimination,15,False
30,1,Matt James,rank,24.0,9.0,7.9017,6.723014387349738,1.0,15.0,1.0,1.0,15.0,0.0,False,no_elimination,15,False
30,1,Melanie C,rank,27.0,4.0,7.9856,6.674839739487039,1.0,15.0,1.0,1.0,15.0,0.0,False,no_elimination,15,False
30,1,Melora Hardin,rank,26.0,5.0,8.0149,6.658097388664569,1.0,15.0,1.0,1.0,15.0,0.0,False,no_elimination,15,False
30,1,"Mike ""The Miz"" Mizanin",rank,24.0,9.0,8.0111,6.660266379316178,1.0,15.0,1.0,1.0,15.0,0.0,False,no_elimination,15,False
30,1,Olivia Jade,rank,25.0,7.0,7.9613,6.68875696588164,1.0,15.0,1.0,1.0,15.0,0.0,False,no_elimination,15,False
30,1,Suni Lee,rank,28.0,2.0,8.0508,6.637640961658496,1.0,15.0,1.0,1.0,15.0,0.0,False,no_elimination,15,False
30,2,Amanda Kloots,rank,32.0,1.0,7.927313221299858,6.687530877302363,1.0,15.0,0.4939,14.0,15.0,0.0,False,single_elimination,15,False
30,2,Brian Austin Green,rank,23.0,13.0,7.117027738408585,7.168509627765548,1.0,15.0,0.4939,1.0,3.0,0.0,False,single_elimination,15,False
30,2,Christine Chiu,rank,24.0,10.0,7.634946345414051,6.857238072377618,1.0,15.0,0.4939,1.0,6.0,0.0,False,single_elimination,15,False
30,2,Cody Rigsby,rank,24.0,10.0,7.656205709657826,6.844753976981701,1.0,15.0,0.4939,1.0,6.0,0.0,False,single_elimination,15,False
30,2,Iman Shumpert,rank,25.0,9.0,7.832759667948977,6.741950802817957,1.0,15.0,0.4939,1.0,7.0,0.0,False,single_elimination,15,False
30,2,Jimmie Allen,rank,27.0,5.0,7.8981575217655395,6.70426431817692,1.0,15.0,0.4939,1.0,11.0,0.0,False,single_elimination,15,False
30,2,JoJo Siwa,rank,31.0,2.0,7.893905648916784,6.706708107415518,1.0,15.0,0.4939,1.0,14.0,0.0,False,single_elimination,15,False
30,2,Kenya Moore,rank,24.0,10.0,7.610852399271107,6.871414242031074,1.0,15.0,0.4939,1.0,6.0,0.0,False,single_elimination,15,False
30,2,Martin Kove,rank,15.0,15.0,11.496456772626038,4.924969783446909,6.0,15.0,0.4939,1.0,15.0,0.0,False,single_elimination,15,True
30,2,Matt James,rank,22.0,14.0,7.476614699331849,6.95093394595344,1.0,15.0,0.4939,1.0,2.0,0.0,False,single_elimination,15,False
30,2,Melanie C,rank,30.0,3.0,7.843085644867382,6.735986251767328,1.0,15.0,0.4939,1.0,13.0,0.0,False,single_elimination,15,False
30,2,Melora Hardin,rank,27.0,5.0,7.854626442599715,6.7293262331193855,1.0,15.0,0.4939,1.0,11.0,0.0,False,single_elimination,15,False
30,2,"Mike ""The Miz"" Mizanin",rank,26.0,8.0,7.867989471552946,6.721622858726042,1.0,15.0,0.4939,1.0,8.0,0.0,False,single_elimination,15,False
30,2,Olivia Jade,rank,27.0,5.0,7.967199838023891,6.664706232505734,1.0,15.0,0.4939,1.0,11.0,0.0,False,single_elimination,15,False
30,2,Suni Lee,rank,28.0,4.0,7.922858878315448,6.690084669612463,1.0,15.0,0.4939,1.0,12.0,0.0,False,single_elimination,15,False
30,3,Amanda Kloots,rank,24.0,1.0,7.709302325581396,6.894817314085088,1.0,13.0,0.0172,14.0,14.0,0.0,False,single_elimination,14,False
30,3,Brian Austin Green,rank,19.0,12.0,5.3023255813953485,8.610242510346914,1.0,11.724999999999994,0.0172,2.0,3.0,0.0,False,single_elimination,14,False
30,3,Christine Chiu,rank,21.0,7.0,13.430232558139537,4.066099344361271,11.0,14.0,0.0172,8.0,13.0,0.0,False,single_elimination,14,True
30,3,Cody Rigsby,rank,18.0,14.0,4.563953488372093,9.217555830699638,1.0,13.0,0.0172,1.0,1.0,0.0,False,single_elimination,14,False
30,3,Iman Shumpert,rank,19.0,12.0,5.406976744186046,8.527467096909648,1.0,12.0,0.0172,2.0,3.0,0.0,False,single_elimination,14,False
30,3,Jimmie Allen,rank,20.0,10.0,6.569767441860465,7.659585353538612,1.0,14.0,0.0172,4.0,5.0,0.0,False,single_elimination,14,False
30,3,JoJo Siwa,rank,24.0,1.0,8.395348837209303,6.4717247220191645,1.0,14.0,0.0172,6.0,13.0,0.0,False,single_elimination,14,False
30,3,Kenya Moore,rank,21.0,7.0,7.546511627906977,6.999206945286443,1.0,13.0,0.0172,6.0,8.0,0.0,False,single_elimination,14,False
30,3,Matt James,rank,20.0,10.0,6.377906976744186,7.796446458754519,1.0,14.0,0.0172,4.0,5.0,0.0,False,single_elimination,14,False
30,3,Melanie C,rank,22.0,5.0,7.936046511627907,6.752006925012262,1.0,14.0,0.0172,6.0,10.0,0.0,False,single_elimination,14,False
30,3,Melora Hardin,rank,23.0,4.0,7.540697674418604,7.0029642362109765,1.0,14.0,0.0172,6.0,11.0,0.0,False,single_elimination,14,False
30,3,"Mike ""The Miz"" Mizanin",rank,22.0,5.0,8.215116279069768,6.580294470500587,1.0,13.724999999999994,0.0172,6.0,10.0,0.0,False,single_elimination,14,False
30,3,Olivia Jade,rank,24.0,1.0,7.895348837209302,6.777419950974083,1.0,14.0,0.0172,6.0,13.0,0.0,False,single_elimination,14,False
30,3,Suni Lee,rank,21.0,7.0,8.11046511627907,6.644168841300805,1.0,13.0,0.0172,6.0,8.0,0.0,False,single_elimination,14,False
30,4,Amanda Kloots,rank,34.0,4.0,7.073825503355705,7.549393590536813,1.0,13.0,0.1639,1.0,13.0,0.0,False,multi_elimination_2,13,False
30,4,Brian Austin Green,rank,26.0,13.0,10.278218425869431,5.479577221648848,6.0,13.0,0.1639,1.0,13.0,0.0,False,multi_elimination_2,13,True
30,4,Cody Rigsby,rank,29.0,11.0,4.905430140329469,9.377439742532614,1.0,11.0,0.1639,1.0,13.0,0.0,False,multi_elimination_2,13,False
30,4,Iman Shumpert,rank,31.5,9.0,5.875533862111043,8.510463487987037,1.0,12.0,0.1639,1.0,13.0,0.0,False,multi_elimination_2,13,False
30,4,Jimmie Allen,rank,32.5,7.0,6.535692495424039,7.966781159840234,1.0,13.0,0.1639,1.0,13.0,0.0,False,multi_elimination_2,13,False
30,4,JoJo Siwa,rank,35.0,2.0,6.797437461866992,7.760960055616099,1.0,13.0,0.1639,1.0,13.0,0.0,False,multi_elimination_2,13,False
30,4,Kenya Moore,rank,29.5,10.0,5.387431360585723,8.93616615226608,1.0,12.0,0.1639,1.0,13.0,0.0,False,multi_elimination_2,13,False
30,4,Matt James,rank,28.5,12.0,10.452715070164734,5.384789846999935,6.0,13.0,0.1639,1.0,13.0,0.0,False,multi_elimination_2,13,True
30,4,Melanie C,rank,33.0,6.0,6.702257474069555,7.8351815235521,1.0,13.0,0.1639,1.0,13.0,0.0,False,multi_elimination_2,13,False
30,4,Melora Hardin,rank,36.5,1.0,6.708968883465528,7.829924776668805,1.0,13.0,0.1639,1.0,13.0,0.0,False,multi_elimination_2,13,False
30,4,"Mike ""The Miz"" Mizanin",rank,32.5,7.0,6.663209273947529,7.865836308923167,1.0,13.0,0.1639,1.0,13.0,0.0,False,multi_elimination_2,13,False
30,4,Olivia Jade,rank,35.0,2.0,6.729713239780354,7.813698937268655,1.0,13.0,0.1639,1.0,13.0,0.0,False,multi_elimination_2,13,False
30,4,Suni Lee,rank,34.0,4.0,6.889566809029897,7.689787196159613,1.0,13.0,0.1639,1.0,13.0,0.0,False,multi_elimination_2,13,False
30,5,Amanda Kloots,rank,39.0,2.0,6.838709677419355,7.950185859865114,1.0,10.0,0.0031,10.0,11.0,0.0,False,single_elimination,11,False
30,5,Cody Rigsby,rank,32.0,9.0,4.645161290322581,10.344149699186488,1.0,10.0,0.0031,1.0,4.0,0.0,False,single_elimination,11,False
30,5,Iman Shumpert,rank,28.0,11.0,1.903225806451613,14.37446504181466,1.0,4.0,0.0031,1.0,2.0,0.0,False,single_elimination,11,False
30,5,Jimmie Allen,rank,34.0,8.0,6.032258064516129,8.75801692188704,2.0,10.0,0.0031,1.0,5.0,0.0,False,single_elimination,11,False
30,5,JoJo Siwa,rank,40.0,1.0,6.709677419354839,8.074243479415028,1.0,10.0,0.0031,1.0,11.0,0.0,False,single_elimination,11,False
30,5,Kenya Moore,rank,36.0,3.0,6.258064516129032,8.523889291951551,2.0,10.0,0.0031,1.0,9.0,0.0,False,single_elimination,11,False
30,5,Melanie C,rank,36.0,3.0,10.96774193548387,4.843857638548736,10.75,11.0,0.0031,9.0,11.0,0.0,False,single_elimination,11,True
30,5,Melora Hardin,rank,36.0,3.0,7.129032258064516,7.677980810677486,2.5,10.25,0.0031,1.0,9.0,0.0,False,single_elimination,11,False
30,5,"Mike ""The Miz"" Mizanin",rank,32.0,9.0,3.548387096774193,11.799226950661543,1.0,8.5,0.0031,1.0,4.0,0.0,False,single_elimination,11,False
30,5,Olivia Jade,rank,36.0,3.0,6.516129032258065,8.263969031497883,1.75,9.25,0.0031,1.0,9.0,0.0,False,single_elimination,11,False
30,5,Suni Lee,rank,36.0,3.0,5.451612903225806,9.390015274494475,1.0,10.0,0.0031,1.0,9.0,0.0,False,single_elimination,11,False
30,6,Amanda Kloots,rank,38.0,3.0,5.46517820565342,10.01560406135112,1.0,10.0,0.4882,7.0,10.0,0.0,False,single_elimination,10,False
30,6,Cody Rigsby,rank,36.0,5.0,5.332650553052028,10.194156221421451,1.0,10.0,0.4882,1.0,8.0,0.0,False,single_elimination,10,False
30,6,Iman Shumpert,rank,40.0,1.0,5.431790249897583,10.060290192158794,1.0,10.0,0.4882,1.0,10.0,0.0,False,single_elimination,10,False
30,6,Jimmie Allen,rank,38.0,3.0,5.422982384268742,10.07211175687699,1.0,10.0,0.4882,1.0,9.0,0.0,False,single_elimination,10,False
30,6,JoJo Siwa,rank,40.0,1.0,5.538099139696846,9.91869630461642,1.0,10.0,0.4882,1.0,10.0,0.0,False,single_elimination,10,False
30,6,Kenya Moore,rank,32.0,10.0,7.2156902908644,7.930710844959611,3.0,10.0,0.4882,1.0,10.0,0.0,False,single_elimination,10,True
30,6,Melora Hardin,rank,34.0,8.0,4.906595657517411,10.790023487430432,1.0,10.0,0.4882,1.0,5.0,0.0,False,single_elimination,10,False
30,6,"Mike ""The Miz"" Mizanin",rank,34.0,8.0,4.957394510446538,10.717187655497089,1.0,10.0,0.4882,1.0,5.0,0.0,False,single_elimination,10,False
30,6,Olivia Jade,rank,36.0,5.0,5.33674723473986,10.188589446831402,1.0,10.0,0.4882,1.0,8.0,0.0,False,single_elimination,10,False
30,6,Suni Lee,rank,36.0,5.0,5.39287177386317,10.112630028856682,1.0,10.0,0.4882,1.0,8.0,0.0,False,single_elimination,10,False
30,7,Amanda Kloots,rank,34.0,6.0,4.52031888003111,11.90727077135518,1.0,9.0,0.5143,3.0,9.0,0.0,False,single_elimination,9,False
30,7,Cody Rigsby,rank,36.0,5.0,4.862920474431266,11.310810655669073,1.0,9.0,0.5143,1.0,9.0,0.0,False,single_elimination,9,False
30,7,Iman Shumpert,rank,34.0,6.0,4.58428932529652,11.793560190609938,1.0,9.0,0.5143,1.0,8.0,0.0,False,single_elimination,9,False
30,7,Jimmie Allen,rank,38.0,3.0,4.969861948279214,11.1308189444127,1.0,9.0,0.5143,1.0,9.0,0.0,False,single_elimination,9,False
30,7,JoJo Siwa,rank,39.0,2.0,4.9988333657398405,11.082552555951905,1.0,9.0,0.5143,1.0,9.0,0.0,False,single_elimination,9,False
30,7,Melora Hardin,rank,38.0,3.0,4.970834143496014,11.12919586342142,1.0,9.0,0.5143,1.0,9.0,0.0,False,single_elimination,9,False
30,7,"Mike ""The Miz"" Mizanin",rank,32.0,9.0,6.35426793700175,9.043595649699116,3.0,9.0,0.5143,1.0,9.0,0.0,False,single_elimination,9,True
30,7,Olivia Jade,rank,42.0,1.0,4.965195411238577,11.13861302878272,1.0,9.0,0.5143,1.0,9.0,0.0,False,single_elimination,9,False
30,7,Suni Lee,rank,34.0,6.0,4.773478514485709,11.463582340097965,1.0,9.0,0.5143,1.0,8.0,0.0,False,single_elimination,9,False
30,8,Amanda Kloots,rank,42.0,1.0,4.342069588793493,12.616371670906997,1.0,8.0,0.2213,1.0,8.0,0.0,False,multi_elimination_2,8,False
30,8,Cody Rigsby,rank,38.0,5.0,3.500225937641211,14.57505293291992,1.0,7.0,0.2213,1.0,8.0,0.0,False,multi_elimination_2,8,False
30,8,Iman Shumpert,rank,35.0,7.0,2.8816086760054227,16.205651467398297,1.0,6.0,0.2213,1.0,7.0,0.0,False,multi_elimination_2,8,False
30,8,Jimmie Allen,rank,32.0,8.0,5.826931766832354,9.78105652700825,2.0,8.0,0.2213,1.0,8.0,0.0,False,multi_elimination_2,8,True
30,8,JoJo Siwa,rank,41.0,4.0,3.96475372797108,13.459403792941318,1.0,8.0,0.2213,1.0,8.0,0.0,False,multi_elimination_2,8,False
30,8,Melora Hardin,rank,42.0,1.0,4.461816538635337,12.360022358445468,1.0,8.0,0.2213,1.0,8.0,0.0,False,multi_elimination_2,8,False
30,8,Olivia Jade,rank,36.0,6.0,6.587889742431089,8.5848375264197,4.0,8.0,0.2213,2.0,8.0,0.0,False,multi_elimination_2,8,True
30,8,Suni Lee,rank,42.0,1.0,4.434704021690013,12.417603723960054,1.0,8.0,0.2213,1.0,8.0,0.0,False,multi_elimination_2,8,False
30,9,Amanda Kloots,rank,39.5,2.0,3.44149377593361,16.24772112389655,1.0,6.0,0.1205,1.0,6.0,0.0,False,multi_elimination_2,6,False
30,9,Cody Rigsby,rank,35.5,6.0,1.6058091286307057,25.242194412820798,1.0,3.0,0.1205,1.0,3.0,0.0,False,multi_elimination_2,6,False
30,9,Iman Shumpert,rank,37.5,3.0,2.8771784232365145,18.604218294987383,1.0,5.0,0.1205,1.0,5.0,0.0,False,multi_elimination_2,6,False
30,9,JoJo Siwa,rank,40.0,1.0,3.4630705394190877,16.16380102172554,1.0,6.0,0.1205,1.0,6.0,0.0,False,multi_elimination_2,6,False
30,9,Melora Hardin,rank,36.0,5.0,4.115352697095435,13.821516150891652,2.0,6.0,0.1205,2.0,6.0,0.0,False,multi_elimination_2,6,True
30,9,Suni Lee,rank,37.5,3.0,5.497095435684647,9.920548995678097,4.0,6.0,0.1205,4.0,6.0,0.0,False,multi_elimination_2,6,True
30,10,Amanda Kloots,rank,39.0,3.0,2.5033,24.96688927370408,1.0,4.0,1.0,1.0,4.0,0.0,False,no_elimination,4,False
30,10,Cody Rigsby,rank,38.0,4.0,2.4968,25.03188764708536,1.0,4.0,1.0,1.0,4.0,0.0,False,no_elimination,4,False
30,10,Iman Shumpert,rank,40.0,1.0,2.511,24.890109556202937,1.0,4.0,1.0,1.0,4.0,0.0,False,no_elimination,4,False
30,10,JoJo Siwa,rank,40.0,1.0,2.4889,25.11111352300762,1.0,4.0,1.0,1.0,4.0,0.0,False,no_elimination,4,False
31,1,Charli D'Amelio,rank,32.0,1.0,8.407900040306329,6.26777765180507,1.0,16.0,0.2481,16.0,16.0,0.0,False,single_elimination,16,False
31,1,Cheryl Ladd,rank,21.0,10.0,8.403466344216042,6.270001199824773,1.0,16.0,0.2481,2.0,7.0,0.0,False,single_elimination,16,False
31,1,Daniel Durant,rank,27.0,6.0,8.517533252720677,6.213045493259186,1.0,16.0,0.2481,2.0,11.0,0.0,False,single_elimination,16,False
31,1,Gabby Windey,rank,28.0,3.0,8.631197097944376,6.156805686773807,1.0,16.0,0.2481,2.0,14.0,0.0,False,single_elimination,16,False
31,1,Heidi D'Amelio,rank,24.0,8.0,8.266827891979041,6.338915025522455,1.0,16.0,0.2481,2.0,9.0,0.0,False,single_elimination,16,False
31,1,Jason Lewis,rank,18.0,15.0,12.92341797662233,4.367454807029004,8.0,16.0,0.2481,2.0,15.0,0.0,False,single_elimination,16,True
31,1,Jessie James Decker,rank,20.0,12.0,8.045143087464732,6.452337101814747,1.0,16.0,0.2481,2.0,5.0,0.0,False,single_elimination,16,False
31,1,Jordin Sparks,rank,26.0,7.0,8.506650544135429,6.21845702968673,1.0,16.0,0.2481,2.0,10.0,0.0,False,single_elimination,16,False
31,1,Joseph Baena,rank,23.0,9.0,8.273276904474002,6.335645489629763,1.0,16.0,0.2481,2.0,8.0,0.0,False,single_elimination,16,False
31,1,Sam Champion,rank,20.0,12.0,7.920999596936719,6.51673762067278,1.0,16.0,0.2481,2.0,5.0,0.0,False,single_elimination,16,False
31,1,Selma Blair,rank,28.0,3.0,8.438935912938332,6.252234879219149,1.0,16.0,0.2481,2.0,14.0,0.0,False,single_elimination,16,False
31,1,Shangela,rank,28.0,3.0,8.386134623135833,6.27870082256586,1.0,16.0,0.2481,2.0,14.0,0.0,False,single_elimination,16,False
31,1,Teresa Giudice,rank,20.0,12.0,7.79322853688029,6.5836912651523125,1.0,16.0,0.2481,2.0,5.0,0.0,False,single_elimination,16,False
31,1,Trevor Donovan,rank,21.0,10.0,8.39782345828295,6.272832310927852,1.0,16.0,0.2481,2.0,7.0,0.0,False,single_elimination,16,False
31,1,Vinny Guadagnino,rank,17.0,16.0,6.549375251914551,7.272527068305,1.0,16.0,0.2481,1.0,1.0,0.0,False,single_elimination,16,False
31,1,Wayne Brady,rank,29.0,2.0,8.538089480048368,6.202836547811518,1.0,16.0,0.2481,2.0,15.0,0.0,False,single_elimination,16,False
31,2,Charli D'Amelio,rank,32.0,1.0,7.919717138103161,6.678269076697181,1.0,15.0,0.2404,15.0,15.0,0.0,False,single_elimination,15,False
31,2,Cheryl Ladd,rank,21.0,15.0,5.68594009983361,8.087546722992615,1.0,14.0,0.2404,1.0,1.0,0.0,False,single_elimination,15,False
31,2,Daniel Durant,rank,29.0,5.0,8.002911813643927,6.630815920294106,1.0,15.0,0.2404,2.0,11.0,0.0,False,single_elimination,15,False
31,2,Gabby Windey,rank,32.0,1.0,8.046173044925125,6.6062736857753,1.0,15.0,0.2404,2.0,14.0,0.0,False,single_elimination,15,False
31,2,Heidi D'Amelio,rank,28.0,6.0,7.848585690515807,6.719110736751174,1.0,15.0,0.2404,2.0,10.0,0.0,False,single_elimination,15,False
31,2,Jessie James Decker,rank,25.0,12.0,7.259983361064892,7.066797755727583,1.0,15.0,0.2404,2.0,4.0,0.0,False,single_elimination,15,False
31,2,Jordin Sparks,rank,27.0,9.0,7.978785357737105,6.644542516114946,1.0,15.0,0.2404,2.0,7.0,0.0,False,single_elimination,15,False
31,2,Joseph Baena,rank,24.0,13.0,7.136023294509151,7.142283847048701,1.0,15.0,0.2404,2.0,3.0,0.0,False,single_elimination,15,False
31,2,Sam Champion,rank,26.0,11.0,8.038269550748753,6.610750571643263,1.0,15.0,0.2404,2.0,5.0,0.0,False,single_elimination,15,False
31,2,Selma Blair,rank,28.0,6.0,8.000415973377704,6.632234596954432,1.0,15.0,0.2404,2.0,10.0,0.0,False,single_elimination,15,False
31,2,Shangela,rank,28.0,6.0,8.096505823627288,6.577834039464436,1.0,15.0,0.2404,2.0,10.0,0.0,False,single_elimination,15,False
31,2,Teresa Giudice,rank,23.0,14.0,11.944259567387688,4.729871589618977,7.0,15.0,0.2404,2.0,14.0,0.0,False,single_elimination,15,True
31,2,Trevor Donovan,rank,30.0,4.0,8.067803660565724,6.59403665331151,1.0,15.0,0.2404,2.0,12.0,0.0,False,single_elimination,15,False
31,2,Vinny Guadagnino,rank,27.0,9.0,7.914725457570715,6.681127041119006,1.0,15.0,0.2404,2.0,7.0,0.0,False,single_elimination,15,False
31,2,Wayne Brady,rank,32.0,1.0,8.059900166389351,6.598505246486752,1.0,15.0,0.2404,2.0,14.0,0.0,False,single_elimination,15,False
31,3,Charli D'Amelio,rank,33.0,1.0,7.482608695652174,7.112847744240761,1.0,14.0,0.23,14.0,14.0,0.0,False,single_elimination,14,False
31,3,Cheryl Ladd,rank,24.0,13.0,11.461739130434784,4.9263499688575445,7.0,14.0,0.23,2.0,13.0,0.0,False,single_elimination,14,True
31,3,Daniel Durant,rank,31.0,5.0,7.67304347826087,6.9889064209161615,1.0,14.0,0.23,2.0,10.0,0.0,False,single_elimination,14,False
31,3,Gabby Windey,rank,33.0,1.0,7.611739130434783,7.028567797313621,1.0,14.0,0.23,2.0,13.0,0.0,False,single_elimination,14,False
31,3,Heidi D'Amelio,rank,32.0,4.0,7.371304347826087,7.186303608030981,1.0,14.0,0.23,2.0,11.0,0.0,False,single_elimination,14,False
31,3,Jessie James Decker,rank,26.0,11.0,7.016086956521739,7.425843161844541,1.0,14.0,0.23,2.0,4.0,0.0,False,single_elimination,14,False
31,3,Jordin Sparks,rank,29.0,7.0,7.367826086956522,7.1886112866564575,1.0,14.0,0.23,2.0,8.0,0.0,False,single_elimination,14,False
31,3,Joseph Baena,rank,29.0,7.0,7.367391304347826,7.18889979858455,1.0,14.0,0.23,2.0,8.0,0.0,False,single_elimination,14,False
31,3,Sam Champion,rank,25.0,12.0,6.677391304347826,7.661673629969139,1.0,14.0,0.23,2.0,3.0,0.0,False,single_elimination,14,False
31,3,Selma Blair,rank,28.0,9.0,7.2986956521739135,7.234630436864569,1.0,14.0,0.23,2.0,6.0,0.0,False,single_elimination,14,False
31,3,Shangela,rank,30.0,6.0,7.502173913043478,7.100013391519704,1.0,14.0,0.23,2.0,9.0,0.0,False,single_elimination,14,False
31,3,Trevor Donovan,rank,27.0,10.0,7.14304347826087,7.339327167321009,1.0,14.0,0.23,2.0,5.0,0.0,False,single_elimination,14,False
31,3,Vinny Guadagnino,rank,23.0,14.0,5.553913043478261,8.498894830127755,1.0,14.0,0.23,1.0,1.0,0.0,False,single_elimination,14,False
31,3,Wayne Brady,rank,33.0,1.0,7.47304347826087,7.119130757753192,1.0,14.0,0.23,2.0,13.0,0.0,False,single_elimination,14,False
31,4,Charli D'Amelio,rank,36.0,1.0,7.018994172242607,7.6516959676817615,1.0,13.0,0.4633,12.0,13.0,0.0,False,single_elimination,13,False
31,4,Daniel Durant,rank,29.0,9.0,6.654003885171595,7.9361347315207,1.0,13.0,0.4633,1.0,5.0,0.0,False,single_elimination,13,False
31,4,Gabby Windey,rank,36.0,1.0,6.9622274983811785,7.695255620486263,1.0,13.0,0.4633,1.0,12.0,0.0,False,single_elimination,13,False
31,4,Heidi D'Amelio,rank,34.0,4.0,6.957478955320527,7.698910613479824,1.0,13.0,0.4633,1.0,10.0,0.0,False,single_elimination,13,False
31,4,Jessie James Decker,rank,31.0,8.0,6.817828620764084,7.807180393742747,1.0,13.0,0.4633,1.0,6.0,0.0,False,single_elimination,13,False
31,4,Jordin Sparks,rank,34.0,4.0,7.045542844808979,7.631408672553146,1.0,13.0,0.4633,1.0,10.0,0.0,False,single_elimination,13,False
31,4,Joseph Baena,rank,28.0,11.0,6.398877617094755,8.141211272376088,1.0,13.0,0.4633,1.0,3.0,0.0,False,single_elimination,13,False
31,4,Sam Champion,rank,25.0,13.0,9.846104036261602,5.76737093011095,5.0,13.0,0.4633,1.0,13.0,0.0,False,single_elimination,13,True
31,4,Selma Blair,rank,32.0,6.0,6.948197712065617,7.706059476703728,1.0,13.0,0.4633,1.0,8.0,0.0,False,single_elimination,13,False
31,4,Shangela,rank,32.0,6.0,6.778976904813296,7.837571628598861,1.0,13.0,0.4633,1.0,8.0,0.0,False,single_elimination,13,False
31,4,Trevor Donovan,rank,28.0,11.0,6.2682926829268295,8.24822039450636,1.0,13.0,0.4633,1.0,3.0,0.0,False,single_elimination,13,False
31,4,Vinny Guadagnino,rank,29.0,9.0,6.453701705158645,8.09669995012325,1.0,13.0,0.4633,1.0,5.0,0.0,False,single_elimination,13,False
31,4,Wayne Brady,rank,36.0,1.0,6.849773364990287,7.782280348116309,1.0,13.0,0.4633,1.0,12.0,0.0,False,single_elimination,13,False
31,5,Charli D'Amelio,rank,42.0,1.0,6.493907392363932,8.264119823918817,1.0,12.0,0.1231,12.0,12.0,0.0,False,single_elimination,12,False
31,5,Daniel Durant,rank,33.5,11.0,5.609260763606824,9.101417186464216,1.0,12.0,0.1231,2.0,2.0,0.0,False,single_elimination,12,False
31,5,Gabby Windey,rank,41.0,2.0,6.421608448415922,8.329557959964028,1.0,12.0,0.1231,3.0,11.0,0.0,False,single_elimination,12,False
31,5,Heidi D'Amelio,rank,39.0,5.0,6.493095044679123,8.264852220582299,1.0,12.0,0.1231,3.0,8.0,0.0,False,single_elimination,12,False
31,5,Jessie James Decker,rank,36.0,7.0,6.588952071486596,8.178875901103604,1.0,12.0,0.1231,3.0,6.0,0.0,False,single_elimination,12,False
31,5,Jordin Sparks,rank,35.5,9.0,6.222583265637693,8.512385553489278,1.0,12.0,0.1231,3.0,4.0,0.0,False,single_elimination,12,False
31,5,Joseph Baena,rank,35.0,10.0,9.916328188464664,5.689192004211487,7.0,12.0,0.1231,3.0,11.0,0.0,False,single_elimination,12,True
31,5,Selma Blair,rank,40.0,4.0,6.416734362307068,8.333988117593883,1.0,12.0,0.1231,3.0,9.0,0.0,False,single_elimination,12,False
31,5,Shangela,rank,38.5,6.0,6.699431356620634,8.080893395070971,1.0,12.0,0.1231,3.0,7.0,0.0,False,single_elimination,12,False
31,5,Trevor Donovan,rank,36.0,7.0,6.484971567831032,8.27217975808901,1.0,12.0,0.1231,3.0,6.0,0.0,False,single_elimination,12,False
31,5,Vinny Guadagnino,rank,31.0,12.0,3.9910641754671,10.858635619629911,1.0,11.0,0.1231,1.0,1.0,0.0,False,single_elimination,12,False
31,5,Wayne Brady,rank,41.0,2.0,6.662063363119415,8.113902459882501,1.0,12.0,0.1231,3.0,11.0,0.0,False,single_elimination,12,False
31,6,Charli D'Amelio,rank,40.0,1.0,5.491947291361639,9.924663671578228,1.0,10.0,0.2049,10.0,10.0,0.0,False,single_elimination,10,False
31,6,Daniel Durant,rank,34.0,5.0,5.6608101512933136,9.703706161232793,1.0,10.0,0.2049,2.0,6.0,0.0,False,single_elimination,10,False
31,6,Gabby Windey,rank,37.0,2.0,5.526110297706198,9.879558963996764,1.0,10.0,0.2049,2.0,9.0,0.0,False,single_elimination,10,False
31,6,Heidi D'Amelio,rank,36.0,3.0,5.6359199609565644,9.735963269774992,1.0,10.0,0.2049,2.0,8.0,0.0,False,single_elimination,10,False
31,6,Jessie James Decker,rank,32.0,9.0,7.296730112249878,7.802039934391177,4.0,10.0,0.2049,2.0,9.0,0.0,False,single_elimination,10,True
31,6,Jordin Sparks,rank,34.0,5.0,5.640800390434358,9.729629906349176,1.0,10.0,0.2049,2.0,6.0,0.0,False,single_elimination,10,False
31,6,Shangela,rank,36.0,3.0,5.468033186920449,9.956359435589938,1.0,10.0,0.2049,2.0,8.0,0.0,False,single_elimination,10,False
31,6,Trevor Donovan,rank,34.0,5.0,5.473401659346022,9.949235260144873,1.0,10.0,0.2049,2.0,6.0,0.0,False,single_elimination,10,False
31,6,Vinny Guadagnino,rank,28.0,10.0,3.061493411420205,13.723139962173532,1.0,10.0,0.2049,1.0,1.0,0.0,False,single_elimination,10,False
31,6,Wayne Brady,rank,34.0,5.0,5.744753538311372,9.595703434768511,1.0,10.0,0.2049,2.0,6.0,0.0,False,single_elimination,10,False
31,7,Charli D'Amelio,rank,39.0,1.0,5.0668880455407965,10.906619327587734,1.0,9.0,0.2108,9.0,9.0,0.0,False,single_elimination,9,False
31,7,Daniel Durant,rank,36.5,4.0,4.982447817836812,11.045641511792333,1.0,9.0,0.2108,2.0,6.0,0.0,False,single_elimination,9,False
31,7,Gabby Windey,rank,35.5,6.0,4.743358633776091,11.44896455967478,1.0,9.0,0.2108,2.0,4.0,0.0,False,single_elimination,9,False
31,7,Heidi D'Amelio,rank,35.0,7.0,4.727703984819734,11.47588057753194,1.0,9.0,0.2108,2.0,3.0,0.0,False,single_elimination,9,False
31,7,Jordin Sparks,rank,34.5,8.0,7.065939278937382,8.0809722855802,4.0,9.0,0.2108,2.0,8.0,0.0,False,single_elimination,9,True
31,7,Shangela,rank,36.5,4.0,5.009013282732448,11.00171420085142,1.0,9.0,0.2108,2.0,6.0,0.0,False,single_elimination,9,False
31,7,Trevor Donovan,rank,39.0,1.0,5.035578747628083,10.957961584032567,1.0,9.0,0.2108,2.0,8.0,0.0,False,single_elimination,9,False
31,7,Vinny Guadagnino,rank,31.5,9.0,3.378557874762808,14.049958025882471,1.0,9.0,0.2108,1.0,1.0,0.0,False,single_elimination,9,False
31,7,Wayne Brady,rank,38.0,3.0,4.990512333965844,11.032287927066564,1.0,9.0,0.2108,2.0,7.0,0.0,False,single_elimination,9,False
31,8,Charli D'Amelio,rank,45.0,1.0,4.401373283395755,12.554184135717088,1.0,8.0,0.3204,1.0,8.0,0.0,False,multi_elimination_2,8,False
31,8,Daniel Durant,rank,39.0,5.0,3.5724094881398254,14.471223429803596,1.0,8.0,0.3204,1.0,8.0,0.0,False,multi_elimination_2,8,False
31,8,Gabby Windey,rank,40.0,4.0,4.042134831460674,13.351620214964491,1.0,8.0,0.3204,1.0,8.0,0.0,False,multi_elimination_2,8,False
31,8,Heidi D'Amelio,rank,35.0,7.0,6.436953807740324,8.856019045371157,4.0,8.0,0.3204,1.0,8.0,0.0,False,multi_elimination_2,8,True
31,8,Shangela,rank,42.0,3.0,4.207553058676655,12.978320759388732,1.0,8.0,0.3204,1.0,8.0,0.0,False,multi_elimination_2,8,False
31,8,Trevor Donovan,rank,39.0,5.0,3.42103620474407,14.85166220814816,1.0,7.0,0.3204,1.0,8.0,0.0,False,multi_elimination_2,8,False
31,8,Vinny Guadagnino,rank,29.0,8.0,5.553995006242197,10.303274032262497,2.0,8.0,0.3204,1.0,8.0,0.0,False,multi_elimination_2,8,True
31,8,Wayne Brady,rank,45.0,1.0,4.364544319600499,12.63369617434428,1.0,8.0,0.3204,1.0,8.0,0.0,False,multi_elimination_2,8,False
31,9,Charli D'Amelio,rank,40.0,1.0,3.453400503778337,16.589762351151492,1.0,6.0,0.397,1.0,6.0,0.0,False,multi_elimination_2,6,False
31,9,Daniel Durant,rank,34.5,5.0,4.872292191435768,11.801796601386188,3.0,6.0,0.397,1.0,6.0,0.0,False,multi_elimination_2,6,True
31,9,Gabby Windey,rank,40.0,1.0,3.4193954659949624,16.725708859463335,1.0,6.0,0.397,1.0,6.0,0.0,False,multi_elimination_2,6,False
31,9,Shangela,rank,36.5,3.0,2.796977329974811,19.42046371871051,1.0,6.0,0.397,1.0,6.0,0.0,False,multi_elimination_2,6,False
31,9,Trevor Donovan,rank,32.5,6.0,3.893702770780856,14.92612801316176,1.0,6.0,0.397,1.0,6.0,0.0,False,multi_elimination_2,6,True
31,9,Wayne Brady,rank,36.5,3.0,2.5642317380352644,20.536140456126716,1.0,5.0,0.397,1.0,6.0,0.0,False,multi_elimination_2,6,False
31,10,Charli D'Amelio,rank,40.0,1.0,2.4882,25.117996926788397,1.0,4.0,1.0,1.0,4.0,0.0,False,no_elimination,4,False
31,10,Gabby Windey,rank,40.0,1.0,2.4886,25.11397836877332,1.0,4.0,1.0,1.0,4.0,0.0,False,no_elimination,4,False
31,10,Shangela,rank,38.0,3.0,2.515,24.850170116284986,1.0,4.0,1.0,1.0,4.0,0.0,False,no_elimination,4,False
31,10,Wayne Brady,rank,38.0,3.0,2.5082,24.917854588153297,1.0,4.0,1.0,1.0,4.0,0.0,False,no_elimination,4,False
32,1,Adrian Peterson,rank,18.0,5.0,7.444444444444445,7.141752655355347,1.0,14.0,0.2412,9.0,14.0,0.0,False,single_elimination,14,False
32,1,Alyson Hannigan,rank,13.0,11.0,6.708955223880597,7.643453492309398,1.0,14.0,0.2412,1.0,8.0,0.0,False,single_elimination,14,False
32,1,Ariana Madix,rank,21.0,2.0,7.427860696517411,7.1526936760518485,1.0,14.0,0.2412,1.0,14.0,0.0,False,single_elimination,14,False
32,1,Barry Williams,rank,16.0,8.0,7.393449419568823,7.175449797528898,1.0,14.0,0.2412,1.0,11.0,0.0,False,single_elimination,14,False
32,1,Charity Lawson,rank,22.0,1.0,7.422885572139304,7.155979249570593,1.0,14.0,0.2412,1.0,14.0,0.0,False,single_elimination,14,False
32,1,Harry Jowsey,rank,12.0,12.0,6.360281923714759,7.893461484169638,1.0,14.0,0.2412,1.0,7.0,0.0,False,single_elimination,14,False
32,1,Jamie Lynn Spears,rank,15.0,9.0,7.331260364842454,7.216759124161564,1.0,14.0,0.2412,1.0,10.0,0.0,False,single_elimination,14,False
32,1,Jason Mraz,rank,21.0,2.0,7.498341625207296,7.106309787062686,1.0,14.0,0.2412,1.0,14.0,0.0,False,single_elimination,14,False
32,1,Lele Pons,rank,19.0,4.0,7.486733001658375,7.1139287430662055,1.0,14.0,0.2412,1.0,14.0,0.0,False,single_elimination,14,False
32,1,Matt Walsh,rank,12.0,12.0,11.45066334991708,4.934016657289129,7.0,14.0,0.2412,3.0,14.0,0.0,False,single_elimination,14,True
32,1,Mauricio Umansky,rank,15.0,9.0,7.189054726368159,7.312115658688858,1.0,14.0,0.2412,1.0,10.0,0.0,False,single_elimination,14,False
32,1,Mira Sorvino,rank,17.0,7.0,7.442371475953565,7.143119367178823,1.0,14.0,0.2412,1.0,12.0,0.0,False,single_elimination,14,False
32,1,Tyson Beckford,rank,12.0,12.0,6.341210613598673,7.907369598254578,1.0,14.0,0.2412,1.0,7.0,0.0,False,single_elimination,14,False
32,1,Xochitl Gomez,rank,18.0,5.0,7.502487562189055,7.10359070931241,1.0,14.0,0.2412,1.0,13.0,0.0,False,single_elimination,14,False
32,2,Adrian Peterson,rank,15.0,10.0,6.319338422391858,8.15033685180584,1.0,13.0,0.0786,4.0,13.0,0.0,False,single_elimination,13,False
32,2,Alyson Hannigan,rank,19.0,6.0,7.156488549618321,7.4958103554714866,1.0,13.0,0.0786,1.0,13.0,0.0,False,single_elimination,13,False
32,2,Ariana Madix,rank,20.0,5.0,7.00763358778626,7.60822380117856,1.0,13.0,0.0786,1.0,13.0,0.0,False,single_elimination,13,False
32,2,Barry Williams,rank,15.0,10.0,6.684478371501272,7.858103269425124,1.0,13.0,0.0786,1.0,11.0,0.0,False,single_elimination,13,False
32,2,Charity Lawson,rank,21.0,3.0,6.852417302798982,7.727237075077904,1.0,13.0,0.0786,1.0,13.0,0.0,False,single_elimination,13,False
32,2,Harry Jowsey,rank,15.0,10.0,6.377862595419847,8.102776985230555,1.0,13.0,0.0786,1.0,11.0,0.0,False,single_elimination,13,False
32,2,Jamie Lynn Spears,rank,16.0,9.0,11.50763358778626,4.851217679470268,9.0,13.0,0.0786,5.0,13.0,0.0,False,single_elimination,13,True
32,2,Jason Mraz,rank,24.0,1.0,7.133587786259542,7.512996004097627,1.0,13.0,0.0786,1.0,13.0,0.0,False,single_elimination,13,False
32,2,Lele Pons,rank,21.0,3.0,7.080152671755725,7.553249235293552,1.0,13.0,0.0786,1.0,13.0,0.0,False,single_elimination,13,False
32,2,Mauricio Umansky,rank,12.0,13.0,4.293893129770993,9.980206556673393,1.0,12.0,0.0786,1.0,9.0,0.0,False,single_elimination,13,False
32,2,Mira Sorvino,rank,18.0,7.0,6.82824427480916,7.745938741576573,1.0,13.0,0.0786,1.0,13.0,0.0,False,single_elimination,13,False
32,2,Tyson Beckford,rank,18.0,7.0,6.786259541984733,7.778528223593587,1.0,13.0,0.0786,1.0,13.0,0.0,False,single_elimination,13,False
32,2,Xochitl Gomez,rank,24.0,1.0,6.972010178117048,7.635375221105523,1.0,13.0,0.0786,1.0,13.0,0.0,False,single_elimination,13,False
32,3,Adrian Peterson,rank,22.0,11.0,5.761568790205437,9.005895274269433,1.0,12.0,0.4819,1.0,12.0,0.0,False,single_elimination,12,False
32,3,Alyson Hannigan,rank,24.0,8.0,6.159991699522722,8.62284499453078,1.0,12.0,0.4819,1.0,12.0,0.0,False,single_elimination,12,False
32,3,Ariana Madix,rank,34.0,1.0,6.4422079269558,8.361416505335736,1.0,12.0,0.4819,1.0,12.0,0.0,False,single_elimination,12,False
32,3,Barry Williams,rank,25.0,7.0,6.367711143390745,8.429645955953523,1.0,12.0,0.4819,1.0,12.0,0.0,False,single_elimination,12,False
32,3,Charity Lawson,rank,32.0,3.0,6.4727121809504045,8.333638157085964,1.0,12.0,0.4819,1.0,12.0,0.0,False,single_elimination,12,False
32,3,Harry Jowsey,rank,24.0,8.0,6.312720481427682,8.480367230327879,1.0,12.0,0.4819,1.0,12.0,0.0,False,single_elimination,12,False
32,3,Jason Mraz,rank,34.0,1.0,6.441170367296119,8.362362973640804,1.0,12.0,0.4819,1.0,12.0,0.0,False,single_elimination,12,False
32,3,Lele Pons,rank,27.0,5.0,6.361485785432662,8.435372725456775,1.0,12.0,0.4819,1.0,12.0,0.0,False,single_elimination,12,False
32,3,Mauricio Umansky,rank,23.0,10.0,6.041087362523345,8.735423785518739,1.0,12.0,0.4819,1.0,12.0,0.0,False,single_elimination,12,False
32,3,Mira Sorvino,rank,26.0,6.0,6.3685411911184895,8.428882680496528,1.0,12.0,0.4819,1.0,12.0,0.0,False,single_elimination,12,False
32,3,Tyson Beckford,rank,20.0,12.0,8.818012035692051,6.452381072011589,4.0,12.0,0.4819,1.0,12.0,0.0,False,single_elimination,12,True
32,3,Xochitl Gomez,rank,32.0,3.0,6.45279103548454,8.35176864537225,1.0,12.0,0.4819,1.0,12.0,0.0,False,single_elimination,12,False
32,4,Adrian Peterson,rank,21.0,6.0,10.18295739348371,5.423137836799386,8.0,11.0,0.0399,5.0,11.0,0.0,False,single_elimination,11,True
32,4,Alyson Hannigan,rank,18.0,10.0,4.225563909774436,11.084655922373823,1.0,11.0,0.0399,2.0,11.0,0.0,False,single_elimination,11,False
32,4,Ariana Madix,rank,25.0,2.0,6.18796992481203,8.758924126987777,1.0,11.0,0.0399,1.0,11.0,0.0,False,single_elimination,11,False
32,4,Barry Williams,rank,18.0,10.0,4.233082706766917,11.074659239520305,1.0,11.0,0.0399,1.0,7.0,0.0,False,single_elimination,11,False
32,4,Charity Lawson,rank,24.0,3.0,6.142857142857143,8.806469437061287,1.0,11.0,0.0399,1.0,11.0,0.0,False,single_elimination,11,False
32,4,Harry Jowsey,rank,21.0,6.0,5.949874686716792,9.01278846601122,1.0,11.0,0.0399,1.0,10.0,0.0,False,single_elimination,11,False
32,4,Jason Mraz,rank,24.0,3.0,6.0776942355889725,8.875601995665265,1.0,11.0,0.0399,1.0,11.0,0.0,False,single_elimination,11,False
32,4,Lele Pons,rank,22.0,5.0,5.807017543859649,9.168625339377163,1.0,11.0,0.0399,1.0,11.0,0.0,False,single_elimination,11,False
32,4,Mauricio Umansky,rank,19.0,9.0,5.132832080200501,9.941218733982836,1.0,11.0,0.0399,1.0,8.0,0.0,False,single_elimination,11,False
32,4,Mira Sorvino,rank,21.0,6.0,5.942355889724311,9.02092397483113,1.0,11.0,0.0399,1.0,10.0,0.0,False,single_elimination,11,False
32,4,Xochitl Gomez,rank,27.0,1.0,6.117794486215539,8.83299492738981,1.0,11.0,0.0399,1.0,11.0,0.0,False,single_elimination,11,False
32,5,Alyson Hannigan,rank,21.0,9.0,5.095933926302414,10.473348790964362,1.0,10.0,0.1574,2.0,10.0,0.0,False,single_elimination,10,False
32,5,Ariana Madix,rank,24.0,4.0,5.48856416772554,9.93916607432162,1.0,10.0,0.1574,1.0,10.0,0.0,False,single_elimination,10,False
32,5,Barry Williams,rank,24.0,4.0,5.513341804320203,9.906384381656194,1.0,10.0,0.1574,1.0,10.0,0.0,False,single_elimination,10,False
32,5,Charity Lawson,rank,28.0,1.0,5.49428208386277,9.93159145301354,1.0,10.0,0.1574,1.0,10.0,0.0,False,single_elimination,10,False
32,5,Harry Jowsey,rank,18.0,10.0,3.4936467598475223,12.967835625017928,1.0,10.0,0.1574,1.0,8.0,0.0,False,single_elimination,10,False
32,5,Jason Mraz,rank,27.0,3.0,5.620711562897077,9.76557521633055,1.0,10.0,0.1574,1.0,10.0,0.0,False,single_elimination,10,False
32,5,Lele Pons,rank,24.0,4.0,5.622617534942821,9.763093809860273,1.0,10.0,0.1574,1.0,10.0,0.0,False,single_elimination,10,False
32,5,Mauricio Umansky,rank,24.0,4.0,5.574968233799238,9.825318544505432,1.0,10.0,0.1574,1.0,10.0,0.0,False,single_elimination,10,False
32,5,Mira Sorvino,rank,22.0,8.0,7.593392630241423,7.507025580990918,4.0,10.0,0.1574,3.0,10.0,0.0,False,single_elimination,10,True
32,5,Xochitl Gomez,rank,28.0,1.0,5.502541296060991,9.920660523339189,1.0,10.0,0.1574,1.0,10.0,0.0,False,single_elimination,10,False
32,6,Alyson Hannigan,rank,31.0,8.0,3.941926345609065,12.81669688051922,1.0,9.0,0.0706,2.0,9.0,0.0,False,single_elimination,9,False
32,6,Ariana Madix,rank,41.0,2.0,5.043909348441926,10.863964620650822,1.0,9.0,0.0706,1.0,9.0,0.0,False,single_elimination,9,False
32,6,Barry Williams,rank,32.0,7.0,4.664305949008498,11.500515082612525,1.0,9.0,0.0706,1.0,8.0,0.0,False,single_elimination,9,False
32,6,Charity Lawson,rank,38.0,4.0,5.086402266288951,10.794938604688635,1.0,9.0,0.0706,1.0,9.0,0.0,False,single_elimination,9,False
32,6,Harry Jowsey,rank,29.0,9.0,3.218130311614731,14.28654477892283,1.0,9.0,0.0706,1.0,6.0,0.0,False,single_elimination,9,False
32,6,Jason Mraz,rank,39.0,3.0,4.973087818696884,10.979990201715042,1.0,9.0,0.0706,1.0,9.0,0.0,False,single_elimination,9,False
32,6,Lele Pons,rank,37.0,5.0,4.951841359773371,11.015038908237864,1.0,9.0,0.0706,1.0,9.0,0.0,False,single_elimination,9,False
32,6,Mauricio Umansky,rank,33.0,6.0,8.05099150141643,6.919814696422227,6.0,9.0,0.0706,4.0,9.0,0.0,False,single_elimination,9,True
32,6,Xochitl Gomez,rank,42.0,1.0,5.069405099150142,10.822496226230838,1.0,9.0,0.0706,1.0,9.0,0.0,False,single_elimination,9,False
32,7,Alyson Hannigan,rank,35.0,6.0,4.292079207920792,12.626591135325569,1.0,8.0,0.0202,3.0,8.0,0.0,False,single_elimination,8,False
32,7,Ariana Madix,rank,37.0,1.0,4.7772277227722775,11.6189418088088,1.0,8.0,0.0202,1.0,8.0,0.0,False,single_elimination,8,False
32,7,Barry Williams,rank,32.5,7.0,3.084158415841584,15.53160738173376,1.0,8.0,0.0202,1.0,4.0,0.0,False,single_elimination,8,False
32,7,Charity Lawson,rank,36.0,4.0,4.628712871287129,11.918554288209124,1.0,7.0,0.0202,1.0,7.0,0.0,False,single_elimination,8,False
32,7,Harry Jowsey,rank,32.0,8.0,2.6584158415841586,16.70756439791766,1.0,8.0,0.0202,1.0,3.0,0.0,False,single_elimination,8,False
32,7,Jason Mraz,rank,36.0,4.0,4.242574257425742,12.734203479335566,1.0,7.974999999999994,0.0202,1.0,7.0,0.0,False,single_elimination,8,False
32,7,Lele Pons,rank,36.5,3.0,7.5495049504950495,7.223857977861216,6.0,8.0,0.0202,6.0,8.0,0.0,False,single_elimination,8,True
32,7,Xochitl Gomez,rank,37.0,1.0,4.767326732673268,11.638679530808322,1.0,8.0,0.0202,1.0,8.0,0.0,False,single_elimination,8,False
32,8,Alyson Hannigan,rank,36.0,4.0,4.326829268292683,13.044287504787084,1.0,7.0,0.082,4.0,7.0,0.0,False,single_elimination,7,False
32,8,Ariana Madix,rank,42.0,1.0,4.036585365853658,13.823901397385768,1.0,7.0,0.082,1.0,7.0,0.0,False,single_elimination,7,False
32,8,Barry Williams,rank,35.0,5.0,5.871951219512195,9.576631465482825,4.0,7.0,0.082,3.0,7.0,0.0,False,single_elimination,7,True
32,8,Charity Lawson,rank,39.0,3.0,4.43780487804878,12.757957274361589,1.0,7.0,0.082,1.0,7.0,0.0,False,single_elimination,7,False
32,8,Harry Jowsey,rank,28.0,7.0,1.854878048780488,21.386086408258244,1.0,4.0,0.082,1.0,4.0,0.0,False,single_elimination,7,False
32,8,Jason Mraz,rank,33.0,6.0,3.44390243902439,15.563612610130548,1.0,7.0,0.082,1.0,5.0,0.0,False,single_elimination,7,False
32,8,Xochitl Gomez,rank,40.0,2.0,4.028048780487805,13.847523339593945,1.0,7.0,0.082,1.0,7.0,0.0,False,single_elimination,7,False
32,9,Alyson Hannigan,rank,32.0,5.0,3.0862352413690037,18.356318150219717,1.0,6.0,0.6691,1.0,6.0,0.0,False,single_elimination,6,False
32,9,Ariana Madix,rank,37.0,4.0,3.399491854730235,17.026862455710667,1.0,6.0,0.6691,1.0,6.0,0.0,False,single_elimination,6,False
32,9,Charity Lawson,rank,38.0,3.0,3.451203108653415,16.81685303541502,1.0,6.0,0.6691,1.0,6.0,0.0,False,single_elimination,6,False
32,9,Harry Jowsey,rank,30.0,6.0,4.128979225825736,14.2922191290682,2.0,6.0,0.6691,1.0,6.0,0.0,False,single_elimination,6,True
32,9,Jason Mraz,rank,43.0,1.0,3.5087430877297865,16.586215278491903,1.0,6.0,0.6691,1.0,6.0,0.0,False,single_elimination,6,False
32,9,Xochitl Gomez,rank,41.0,2.0,3.425347481691825,16.921531951094497,1.0,6.0,0.6691,1.0,6.0,0.0,False,single_elimination,6,False
32,10,Alyson Hannigan,rank,25.5,5.0,2.9787,20.1277401154467,1.0,5.0,1.0,1.0,5.0,0.0,False,no_elimination,5,False
32,10,Ariana Madix,rank,29.0,3.0,3.0294,19.82391364594053,1.0,5.0,1.0,1.0,5.0,0.0,False,no_elimination,5,False
32,10,Charity Lawson,rank,29.5,2.0,2.9733,20.16037348032236,1.0,5.0,1.0,1.0,5.0,0.0,False,no_elimination,5,False
32,10,Jason Mraz,rank,28.5,4.0,3.0232,19.860820437998363,1.0,5.0,1.0,1.0,5.0,0.0,False,no_elimination,5,False
32,10,Xochitl Gomez,rank,30.0,1.0,2.9954,20.027152320292064,1.0,5.0,1.0,1.0,5.0,0.0,False,no_elimination,5,False
32,11,Alyson Hannigan,rank,26.5,5.0,3.0129,19.922452534000914,1.0,5.0,1.0,1.0,5.0,0.0,False,no_elimination,5,False
32,11,Ariana Madix,rank,29.5,3.0,3.0161,19.903336156897424,1.0,5.0,1.0,1.0,5.0,0.0,False,no_elimination,5,False
32,11,Charity Lawson,rank,29.5,3.0,2.9697,20.18232787362939,1.0,5.0,1.0,1.0,5.0,0.0,False,no_elimination,5,False
32,11,Jason Mraz,rank,30.0,1.0,2.9882,20.070626212763703,1.0,5.0,1.0,1.0,5.0,0.0,False,no_elimination,5,False
32,11,Xochitl Gomez,rank,30.0,1.0,3.0131,19.92125722270857,1.0,5.0,1.0,1.0,5.0,0.0,False,no_elimination,5,False
33,1,Anna Delvey,rank,18.0,8.0,7.0366,7.664144686328841,1.0,13.0,1.0,1.0,13.0,0.0,False,no_elimination,13,False
33,1,Brooks Nader,rank,18.0,8.0,6.9677,7.717132978261397,1.0,13.0,1.0,1.0,13.0,0.0,False,no_elimination,13,False
33,1,Chandler Kinney,rank,23.0,1.0,7.0025,7.690324030122393,1.0,13.0,1.0,1.0,13.0,0.0,False,no_elimination,13,False
33,1,Danny Amendola,rank,20.0,5.0,6.9804,7.707338440227124,1.0,13.0,1.0,1.0,13.0,0.0,False,no_elimination,13,False
33,1,Dwight Howard ,rank,22.0,2.0,6.9305,7.745894175600173,1.0,13.0,1.0,1.0,13.0,0.0,False,no_elimination,13,False
33,1,Eric Roberts,rank,15.0,13.0,6.9981,7.693708517228208,1.0,13.0,1.0,1.0,13.0,0.0,False,no_elimination,13,False
33,1,Ilona Maher,rank,18.0,8.0,7.0293,7.669741554558218,1.0,13.0,1.0,1.0,13.0,0.0,False,no_elimination,13,False
33,1,Jenn Tran,rank,19.0,6.0,7.0272,7.671352369414315,1.0,13.0,1.0,1.0,13.0,0.0,False,no_elimination,13,False
33,1,Joey Graziadei,rank,21.0,3.0,6.9406,7.738074771946378,1.0,13.0,1.0,1.0,13.0,0.0,False,no_elimination,13,False
33,1,Phaedra Parks,rank,19.0,6.0,7.0506,7.653422391125932,1.0,13.0,1.0,1.0,13.0,0.0,False,no_elimination,13,False
33,1,Reginald VelJohnson,rank,16.0,12.0,6.98,7.707646739930686,1.0,13.0,1.0,1.0,13.0,0.0,False,no_elimination,13,False
33,1,Stephen Nedoroscik,rank,21.0,3.0,6.9878,7.701637119530185,1.0,13.0,1.0,1.0,13.0,0.0,False,no_elimination,13,False
33,1,Tori Spelling,rank,17.0,11.0,7.0687,7.639582225726162,1.0,13.0,1.0,1.0,13.0,0.0,False,no_elimination,13,False
33,2,Anna Delvey,rank,17.0,11.0,10.32128514056225,5.421426802564411,7.0,13.0,0.0498,3.0,13.0,0.0,False,multi_elimination_2,13,True
33,2,Brooks Nader,rank,20.0,8.0,6.046184738955823,8.313403307706265,1.0,12.0,0.0498,1.0,13.0,0.0,False,multi_elimination_2,13,False
33,2,Chandler Kinney,rank,24.0,1.0,6.877510040160643,7.650236317621917,1.0,13.0,0.0498,1.0,13.0,0.0,False,multi_elimination_2,13,False
33,2,Danny Amendola,rank,21.0,5.0,6.967871485943775,7.581419065770589,1.0,13.0,0.0498,1.0,13.0,0.0,False,multi_elimination_2,13,False
33,2,Dwight Howard ,rank,22.0,2.0,6.849397590361446,7.671773264698157,1.0,13.0,0.0498,1.0,13.0,0.0,False,multi_elimination_2,13,False
33,2,Eric Roberts,rank,15.0,12.0,4.720883534136546,9.491523993666062,1.0,9.0,0.0498,1.0,10.0,0.0,False,multi_elimination_2,13,False
33,2,Ilona Maher,rank,21.0,5.0,6.751004016064257,7.747631168482556,1.0,13.0,0.0498,1.0,13.0,0.0,False,multi_elimination_2,13,False
33,2,Jenn Tran,rank,19.0,9.0,5.676706827309237,8.62631021045342,1.0,11.0,0.0498,1.0,12.0,0.0,False,multi_elimination_2,13,False
33,2,Joey Graziadei,rank,22.0,2.0,7.0,7.557100180270376,1.0,13.0,0.0498,1.0,13.0,0.0,False,multi_elimination_2,13,False
33,2,Phaedra Parks,rank,21.0,5.0,6.821285140562249,7.69337084259286,1.0,13.0,0.0498,1.0,13.0,0.0,False,multi_elimination_2,13,False
33,2,Reginald VelJohnson,rank,15.0,12.0,4.2008032128514055,9.998221441088416,1.0,9.0,0.0498,1.0,10.0,0.0,False,multi_elimination_2,13,False
33,2,Stephen Nedoroscik,rank,22.0,2.0,7.004016064257028,7.554065809630456,1.0,13.0,0.0498,1.0,13.0,0.0,False,multi_elimination_2,13,False
33,2,Tori Spelling,rank,19.0,9.0,11.763052208835342,4.69351759545453,9.0,13.0,0.0498,5.0,13.0,0.0,False,multi_elimination_2,13,True
33,3,Brooks Nader,rank,30.5,5.0,5.6774969915764135,9.320925078312277,1.0,11.0,0.1662,1.0,11.0,0.0,False,multi_elimination_2,11,False
33,3,Chandler Kinney,rank,34.5,2.0,5.780986762936221,9.205886427597171,1.0,11.0,0.1662,1.0,11.0,0.0,False,multi_elimination_2,11,False
33,3,Danny Amendola,rank,30.0,6.0,5.371239470517449,9.66984986632491,1.0,11.0,0.1662,1.0,11.0,0.0,False,multi_elimination_2,11,False
33,3,Dwight Howard ,rank,26.0,9.0,4.01985559566787,11.37228037808906,1.0,9.0,0.1662,1.0,11.0,0.0,False,multi_elimination_2,11,False
33,3,Eric Roberts,rank,23.0,10.0,9.114320096269555,6.170890213945805,5.0,11.0,0.1662,1.0,11.0,0.0,False,multi_elimination_2,11,True
33,3,Ilona Maher,rank,28.0,7.0,5.004813477737666,10.104530652915663,1.0,10.474999999999907,0.1662,1.0,11.0,0.0,False,multi_elimination_2,11,False
33,3,Jenn Tran,rank,31.0,3.0,5.859205776173285,9.119881649283922,1.0,11.0,0.1662,1.0,11.0,0.0,False,multi_elimination_2,11,False
33,3,Joey Graziadei,rank,35.0,1.0,5.951263537906137,9.019689369784452,1.0,11.0,0.1662,1.0,11.0,0.0,False,multi_elimination_2,11,False
33,3,Phaedra Parks,rank,28.0,7.0,4.974127557160048,10.141807261829308,1.0,11.0,0.1662,1.0,11.0,0.0,False,multi_elimination_2,11,False
33,3,Reginald VelJohnson,rank,21.0,11.0,8.459085439229844,6.675681305938215,4.0,11.0,0.1662,1.0,11.0,0.0,False,multi_elimination_2,11,True
33,3,Stephen Nedoroscik,rank,31.0,3.0,5.787605294825512,9.198577795979215,1.0,11.0,0.1662,1.0,11.0,0.0,False,multi_elimination_2,11,False
33,4,Brooks Nader,rank,32.0,4.0,8.291139240506329,6.6801418415798,7.0,9.0,0.0632,6.0,9.0,0.0,False,single_elimination,9,True
33,4,Chandler Kinney,rank,32.0,4.0,4.80379746835443,11.271083762499208,1.0,9.0,0.0632,6.0,9.0,0.0,False,single_elimination,9,False
33,4,Danny Amendola,rank,36.0,1.0,4.920886075949367,11.074854695235448,1.0,9.0,0.0632,1.0,9.0,0.0,False,single_elimination,9,False
33,4,Dwight Howard ,rank,29.0,9.0,3.5427215189873418,13.61812844911736,1.0,9.0,0.0632,1.0,3.0,0.0,False,single_elimination,9,False
33,4,Ilona Maher,rank,32.0,4.0,4.6455696202531644,11.541793490556955,1.0,9.0,0.0632,1.0,7.0,0.0,False,single_elimination,9,False
33,4,Jenn Tran,rank,32.0,4.0,4.7325949367088604,11.39210836113452,1.0,9.0,0.0632,1.0,7.0,0.0,False,single_elimination,9,False
33,4,Joey Graziadei,rank,36.0,1.0,4.955696202531645,11.01717784259582,1.0,9.0,0.0632,1.0,9.0,0.0,False,single_elimination,9,False
33,4,Phaedra Parks,rank,32.0,4.0,4.620253164556962,11.58570641228454,1.0,9.0,0.0632,1.0,7.0,0.0,False,single_elimination,9,False
33,4,Stephen Nedoroscik,rank,33.0,3.0,4.487341772151899,11.81900514499635,1.0,9.0,0.0632,1.0,8.0,0.0,False,single_elimination,9,False
33,5,Chandler Kinney,rank,27.0,1.0,4.491993185689949,12.428974058770605,1.0,8.0,0.2935,7.0,8.0,0.0,False,single_elimination,8,False
33,5,Danny Amendola,rank,25.5,4.0,4.286541737649063,12.874525774763812,1.0,8.0,0.2935,1.0,5.0,0.0,False,single_elimination,8,False
33,5,Dwight Howard ,rank,24.0,6.0,3.819420783645656,13.947893463618218,1.0,8.0,0.2935,1.0,3.0,0.0,False,single_elimination,8,False
33,5,Ilona Maher,rank,26.0,2.0,4.435434412265758,12.550068884125562,1.0,8.0,0.2935,1.0,7.0,0.0,False,single_elimination,8,False
33,5,Jenn Tran,rank,25.5,4.0,4.387052810902896,12.654591872019468,1.0,8.0,0.2935,1.0,5.0,0.0,False,single_elimination,8,False
33,5,Joey Graziadei,rank,26.0,2.0,4.480408858603067,12.453681092027075,1.0,8.0,0.2935,1.0,7.0,0.0,False,single_elimination,8,False
33,5,Phaedra Parks,rank,24.0,6.0,6.272572402044293,9.15946905183665,4.0,8.0,0.2935,3.0,8.0,0.0,False,single_elimination,8,True
33,5,Stephen Nedoroscik,rank,24.0,6.0,3.826575809199319,13.930795802838611,1.0,8.0,0.2935,1.0,3.0,0.0,False,single_elimination,8,False
33,6,Chandler Kinney,rank,32.0,1.0,4.117647058823529,13.546615306022758,1.0,7.0,0.0221,7.0,7.0,0.0,False,single_elimination,7,False
33,6,Danny Amendola,rank,28.0,5.0,3.420814479638009,15.572448624846178,1.0,7.0,0.0221,2.0,3.0,0.0,False,single_elimination,7,False
33,6,Dwight Howard ,rank,31.0,3.0,3.900452488687783,14.148033472689932,1.0,7.0,0.0221,4.0,5.0,0.0,False,single_elimination,7,False
33,6,Ilona Maher,rank,24.0,7.0,1.981900452488688,20.765356483976948,1.0,7.0,0.0221,1.0,1.0,0.0,False,single_elimination,7,False
33,6,Jenn Tran,rank,31.0,3.0,6.515837104072398,8.385455476211604,5.0,7.0,0.0221,5.0,6.0,0.0,False,single_elimination,7,True
33,6,Joey Graziadei,rank,32.0,1.0,4.217194570135747,13.27957606797319,1.0,7.0,0.0221,4.0,6.0,0.0,False,single_elimination,7,False
33,6,Stephen Nedoroscik,rank,28.0,5.0,3.8461538461538463,14.302514568279392,1.0,7.0,0.0221,2.0,3.0,0.0,False,single_elimination,7,False
33,7,Chandler Kinney,rank,30.0,1.0,3.4978565861262667,16.60430279100943,1.0,6.0,0.5132,5.0,6.0,0.0,False,single_elimination,6,False
33,7,Danny Amendola,rank,25.5,5.0,3.200506625097428,17.832557448015816,1.0,6.0,0.5132,1.0,2.0,0.0,False,single_elimination,6,False
33,7,Dwight Howard ,rank,24.0,6.0,4.352689010132502,13.5244895701608,2.0,6.0,0.5132,1.0,6.0,0.0,False,single_elimination,6,True
33,7,Ilona Maher,rank,26.0,4.0,3.2314886983632114,17.700451701548996,1.0,6.0,0.5132,1.0,3.0,0.0,False,single_elimination,6,False
33,7,Joey Graziadei,rank,27.5,2.0,3.403936087295401,16.98282918668269,1.0,6.0,0.5132,1.0,5.0,0.0,False,single_elimination,6,False
33,7,Stephen Nedoroscik,rank,27.0,3.0,3.313522992985191,17.35536930258227,1.0,6.0,0.5132,1.0,4.0,0.0,False,single_elimination,6,False
33,8,Chandler Kinney,rank,29.0,1.0,2.9909,20.05455880066065,1.0,5.0,1.0,1.0,5.0,0.0,False,no_elimination,5,False
33,8,Danny Amendola,rank,27.0,4.0,3.0104,19.937582122064363,1.0,5.0,1.0,1.0,5.0,0.0,False,no_elimination,5,False
33,8,Ilona Maher,rank,28.5,3.0,2.9823,20.106366365387206,1.0,5.0,1.0,1.0,5.0,0.0,False,no_elimination,5,False
33,8,Joey Graziadei,rank,29.0,1.0,3.0071,19.95733010200236,1.0,5.0,1.0,1.0,5.0,0.0,False,no_elimination,5,False
33,8,Stephen Nedoroscik,rank,26.5,5.0,3.0093,19.944162609885414,1.0,5.0,1.0,1.0,5.0,0.0,False,no_elimination,5,False
33,9,Chandler Kinney,rank,30.0,1.0,3.0161,19.903467441044263,1.0,5.0,1.0,1.0,5.0,0.0,False,no_elimination,5,False
33,9,Danny Amendola,rank,28.0,5.0,2.9884,20.069554390981008,1.0,5.0,1.0,1.0,5.0,0.0,False,no_elimination,5,False
33,9,Ilona Maher,rank,28.5,4.0,3.0125,19.924974797762705,1.0,5.0,1.0,1.0,5.0,0.0,False,no_elimination,5,False
33,9,Joey Graziadei,rank,29.5,2.0,3.0022,19.98663819076597,1.0,5.0,1.0,1.0,5.0,0.0,False,no_elimination,5,False
33,9,Stephen Nedoroscik,rank,29.5,2.0,2.9808,20.115365179446066,1.0,5.0,1.0,1.0,5.0,0.0,False,no_elimination,5,False
34,1,Alix Earle,rank,13.0,4.0,7.4631,7.167141448908844,1.0,14.0,1.0,1.0,14.0,0.0,False,no_elimination,14,False
34,1,Andy Richter,rank,9.0,13.0,7.5001,7.142704658541181,1.0,14.0,1.0,1.0,14.0,0.0,False,no_elimination,14,False
34,1,Baron Davis,rank,10.0,9.0,7.4455,7.17879476068213,1.0,14.0,1.0,1.0,14.0,0.0,False,no_elimination,14,False
34,1,Corey Feldman,rank,9.0,13.0,7.5369,7.118482603775036,1.0,14.0,1.0,1.0,14.0,0.0,False,no_elimination,14,False
34,1,Danielle Fishel,rank,12.0,6.0,7.5037,7.140331477174317,1.0,14.0,1.0,1.0,14.0,0.0,False,no_elimination,14,False
34,1,Dylan Efron,rank,10.0,9.0,7.532,7.121703076481664,1.0,14.0,1.0,1.0,14.0,0.0,False,no_elimination,14,False
34,1,Elaine Hendrix,rank,12.0,6.0,7.5897,7.083872625082684,1.0,14.0,1.0,1.0,14.0,0.0,False,no_elimination,14,False
34,1,Hilaria Baldwin,rank,14.0,3.0,7.4453,7.178927293501087,1.0,14.0,1.0,1.0,14.0,0.0,False,no_elimination,14,False
34,1,Jen Affleck,rank,12.0,6.0,7.5574,7.105024981383325,1.0,14.0,1.0,1.0,14.0,0.0,False,no_elimination,14,False
34,1,Jordan Chiles,rank,10.0,9.0,7.4206,7.195313921387372,1.0,14.0,1.0,1.0,14.0,0.0,False,no_elimination,14,False
34,1,Lauren Jauregui,rank,13.0,4.0,7.5408,7.115920411259999,1.0,14.0,1.0,1.0,14.0,0.0,False,no_elimination,14,False
34,1,Robert Irwin,rank,15.0,1.0,7.4205,7.195380339976272,1.0,14.0,1.0,1.0,14.0,0.0,False,no_elimination,14,False
34,1,Scott Hoying,rank,10.0,9.0,7.5639,7.1007632450432485,1.0,14.0,1.0,1.0,14.0,0.0,False,no_elimination,14,False
34,1,Whitney Leavitt,rank,15.0,1.0,7.4805,7.155639156802837,1.0,14.0,1.0,1.0,14.0,0.0,False,no_elimination,14,False
34,2,Alix Earle,rank,21.0,5.0,7.322245322245322,7.166047199619564,1.0,14.0,0.0962,1.0,14.0,0.0,False,multi_elimination_2,14,False
34,2,Andy Richter,rank,16.0,13.0,5.044698544698544,8.842673761499947,1.0,10.0,0.0962,1.0,12.0,0.0,False,multi_elimination_2,14,False
34,2,Baron Davis,rank,18.0,11.0,12.175675675675675,4.578380119042516,8.0,14.0,0.0962,3.0,14.0,0.0,False,multi_elimination_2,14,True
34,2,Corey Feldman,rank,15.0,14.0,10.723492723492724,5.235136439321568,6.0,14.0,0.0962,1.0,14.0,0.0,False,multi_elimination_2,14,True
34,2,Danielle Fishel,rank,19.0,10.0,5.746361746361746,8.288096938552208,1.0,12.0,0.0962,1.0,14.0,0.0,False,multi_elimination_2,14,False
34,2,Dylan Efron,rank,20.0,9.0,6.360706860706861,7.831167476716677,1.0,13.0,0.0962,1.0,14.0,0.0,False,multi_elimination_2,14,False
34,2,Elaine Hendrix,rank,21.0,5.0,7.497920997920998,7.0507781685524105,1.0,14.0,0.0962,1.0,14.0,0.0,False,multi_elimination_2,14,False
34,2,Hilaria Baldwin,rank,21.0,5.0,7.446985446985447,7.084007172508889,1.0,14.0,0.0962,1.0,14.0,0.0,False,multi_elimination_2,14,False
34,2,Jen Affleck,rank,22.0,1.0,7.572765072765073,7.002234451098084,1.0,14.0,0.0962,1.0,14.0,0.0,False,multi_elimination_2,14,False
34,2,Jordan Chiles,rank,22.0,1.0,7.434511434511434,7.092168731379099,1.0,14.0,0.0962,1.0,14.0,0.0,False,multi_elimination_2,14,False
34,2,Lauren Jauregui,rank,21.0,5.0,7.334719334719335,7.157800622542563,1.0,14.0,0.0962,1.0,14.0,0.0,False,multi_elimination_2,14,False
34,2,Robert Irwin,rank,22.0,1.0,7.302494802494802,7.179123715142678,1.0,14.0,0.0962,1.0,14.0,0.0,False,multi_elimination_2,14,False
34,2,Scott Hoying,rank,18.0,11.0,5.58939708939709,8.409057737318278,1.0,12.0,0.0962,1.0,13.0,0.0,False,multi_elimination_2,14,False
34,2,Whitney Leavitt,rank,22.0,1.0,7.448024948024948,7.083327466705512,1.0,14.0,0.0962,1.0,14.0,0.0,False,multi_elimination_2,14,False
34,3,Alix Earle,rank,23.0,3.0,6.464454976303317,8.32978233593327,1.0,12.0,0.3376,9.0,12.0,0.0,False,single_elimination,12,False
34,3,Andy Richter,rank,18.0,11.0,5.233116113744076,9.527336584263429,1.0,12.0,0.3376,1.0,4.0,0.0,False,single_elimination,12,False
34,3,Danielle Fishel,rank,21.0,8.0,6.317239336492891,8.464637689598478,1.0,12.0,0.3376,1.0,7.0,0.0,False,single_elimination,12,False
34,3,Dylan Efron,rank,23.0,3.0,6.586789099526066,8.219355379290242,1.0,12.0,0.3376,1.0,11.0,0.0,False,single_elimination,12,False
34,3,Elaine Hendrix,rank,21.0,8.0,6.237559241706161,8.538536197409675,1.0,12.0,0.3376,1.0,7.0,0.0,False,single_elimination,12,False
34,3,Hilaria Baldwin,rank,22.0,5.0,6.414988151658768,8.374854517936567,1.0,12.0,0.3376,1.0,10.0,0.0,False,single_elimination,12,False
34,3,Jen Affleck,rank,19.0,10.0,5.7538507109004735,9.00119900295972,1.0,12.0,0.3376,1.0,5.0,0.0,False,single_elimination,12,False
34,3,Jordan Chiles,rank,24.0,1.0,6.491409952606635,8.305324231557135,1.0,12.0,0.3376,1.0,12.0,0.0,False,single_elimination,12,False
34,3,Lauren Jauregui,rank,18.0,11.0,9.133886255924171,6.225331168207356,5.0,12.0,0.3376,2.0,12.0,0.0,False,single_elimination,12,True
34,3,Robert Irwin,rank,22.0,5.0,6.471267772511848,8.323593823965691,1.0,12.0,0.3376,1.0,10.0,0.0,False,single_elimination,12,False
34,3,Scott Hoying,rank,22.0,5.0,6.427428909952607,8.363496095631595,1.0,12.0,0.3376,1.0,10.0,0.0,False,single_elimination,12,False
34,3,Whitney Leavitt,rank,24.0,1.0,6.468009478672986,8.326552973246834,1.0,12.0,0.3376,1.0,12.0,0.0,False,single_elimination,12,False
34,4,Alix Earle,rank,24.0,2.0,6.487654320987654,8.405613783324059,1.0,11.0,0.0162,10.0,11.0,0.0,False,single_elimination,11,False
34,4,Andy Richter,rank,18.0,11.0,3.234567901234568,12.419529092640316,1.0,9.974999999999994,0.0162,1.0,2.0,0.0,False,single_elimination,11,False
34,4,Danielle Fishel,rank,21.0,9.0,4.95679012345679,10.100687530665478,1.0,10.0,0.0162,1.0,4.0,0.0,False,single_elimination,11,False
34,4,Dylan Efron,rank,23.0,5.0,6.006172839506172,8.905575737599964,1.0,10.974999999999994,0.0162,1.0,8.0,0.0,False,single_elimination,11,False
34,4,Elaine Hendrix,rank,24.0,2.0,6.62962962962963,8.263620040885836,1.0,11.0,0.0162,1.0,10.0,0.0,False,single_elimination,11,False
34,4,Hilaria Baldwin,rank,23.0,5.0,10.524691358024691,5.1781888160851,9.0,11.0,0.0162,7.0,11.0,0.0,False,single_elimination,11,True
34,4,Jen Affleck,rank,23.0,5.0,6.006172839506172,8.905575737599964,1.0,11.0,0.0162,1.0,8.0,0.0,False,single_elimination,11,False
34,4,Jordan Chiles,rank,24.0,2.0,6.2407407407407405,8.658395426639869,1.0,11.0,0.0162,1.0,10.0,0.0,False,single_elimination,11,False
34,4,Robert Irwin,rank,22.0,8.0,4.932098765432099,10.130659875265144,1.0,10.0,0.0162,1.0,5.0,0.0,False,single_elimination,11,False
34,4,Scott Hoying,rank,21.0,9.0,4.703703703703703,10.412154901637855,1.0,10.0,0.0162,1.0,4.0,0.0,False,single_elimination,11,False
34,4,Whitney Leavitt,rank,25.0,1.0,6.277777777777778,8.619999057656424,1.0,11.0,0.0162,1.0,11.0,0.0,False,single_elimination,11,False
34,5,Alix Earle,rank,35.0,2.0,5.4648,10.046929471993526,1.0,10.0,1.0,1.0,10.0,0.0,False,no_elimination,10,False
34,5,Andy Richter,rank,24.0,10.0,5.5384,9.94881779277173,1.0,10.0,1.0,1.0,10.0,0.0,False,no_elimination,10,False
34,5,Danielle Fishel,rank,29.0,8.0,5.4468,10.071071061045211,1.0,10.0,1.0,1.0,10.0,0.0,False,no_elimination,10,False
34,5,Dylan Efron,rank,36.0,1.0,5.5573,9.92377833490174,1.0,10.0,1.0,1.0,10.0,0.0,False,no_elimination,10,False
34,5,Elaine Hendrix,rank,30.0,6.0,5.5048,9.993488484118766,1.0,10.0,1.0,1.0,10.0,0.0,False,no_elimination,10,False
34,5,Jen Affleck,rank,29.0,8.0,5.4692,10.041037001996829,1.0,10.0,1.0,1.0,10.0,0.0,False,no_elimination,10,False
34,5,Jordan Chiles,rank,32.0,5.0,5.5131,9.982435140841051,1.0,10.0,1.0,1.0,10.0,0.0,False,no_elimination,10,False
34,5,Robert Irwin,rank,35.0,2.0,5.4592,10.054433980667197,1.0,10.0,1.0,1.0,10.0,0.0,False,no_elimination,10,False
34,5,Scott Hoying,rank,30.0,6.0,5.5292,9.961029164040692,1.0,10.0,1.0,1.0,10.0,0.0,False,no_elimination,10,False
34,5,Whitney Leavitt,rank,33.0,4.0,5.5172,9.97697956762327,1.0,10.0,1.0,1.0,10.0,0.0,False,no_elimination,10,False
34,6,Alix Earle,rank,35.0,6.0,5.439328277356446,10.029309421900866,1.0,10.0,0.3692,5.0,10.0,0.0,False,single_elimination,10,False
34,6,Andy Richter,rank,27.0,10.0,3.9851029252437695,12.175289683144651,1.0,10.0,0.3692,1.0,6.0,0.0,False,single_elimination,10,False
34,6,Danielle Fishel,rank,36.0,3.0,5.568797399783315,9.85766375336923,1.0,10.0,0.3692,1.0,10.0,0.0,False,single_elimination,10,False
34,6,Dylan Efron,rank,32.0,7.0,5.304442036836403,10.211316646419291,1.0,10.0,0.3692,1.0,9.0,0.0,False,single_elimination,10,False
34,6,Elaine Hendrix,rank,36.0,3.0,5.476977248104009,9.97908981817821,1.0,10.0,0.3692,1.0,10.0,0.0,False,single_elimination,10,False
34,6,Jen Affleck,rank,32.0,7.0,5.436619718309859,10.032932072907863,1.0,10.0,0.3692,1.0,9.0,0.0,False,single_elimination,10,False
34,6,Jordan Chiles,rank,39.0,1.0,5.489165763813651,9.962885616353567,1.0,10.0,0.3692,1.0,10.0,0.0,False,single_elimination,10,False
34,6,Robert Irwin,rank,36.0,3.0,5.440411700975082,10.027860727779176,1.0,10.0,0.3692,1.0,10.0,0.0,False,single_elimination,10,False
34,6,Scott Hoying,rank,28.0,9.0,7.395720476706392,7.726526860521372,4.0,10.0,0.3692,2.0,10.0,0.0,False,single_elimination,10,True
34,6,Whitney Leavitt,rank,39.0,1.0,5.4634344528710725,9.997125399425752,1.0,10.0,0.3692,1.0,10.0,0.0,False,single_elimination,10,False
34,7,Alix Earle,rank,43.0,1.0,4.985887096774194,10.98288749312495,1.0,9.0,0.0992,9.0,9.0,0.0,False,single_elimination,9,False
34,7,Andy Richter,rank,29.0,9.0,2.829637096774193,15.176920397555309,1.0,8.225000000000023,0.0992,1.0,1.0,0.0,False,single_elimination,9,False
34,7,Danielle Fishel,rank,35.0,6.0,5.148185483870968,10.718740102247178,1.0,9.0,0.0992,3.0,4.0,0.0,False,single_elimination,9,False
34,7,Dylan Efron,rank,38.0,4.0,5.018145161290323,10.929872853786597,1.0,9.0,0.0992,3.0,6.0,0.0,False,single_elimination,9,False
34,7,Elaine Hendrix,rank,32.0,8.0,4.222782258064516,12.314828493375682,1.0,9.0,0.0992,2.0,2.0,0.0,False,single_elimination,9,False
34,7,Jen Affleck,rank,34.0,7.0,7.386088709677419,7.6622688705101565,5.0,9.0,0.0992,3.0,8.0,0.0,False,single_elimination,9,True
34,7,Jordan Chiles,rank,38.0,4.0,5.203629032258065,10.62996700823421,1.0,9.0,0.0992,3.0,6.0,0.0,False,single_elimination,9,False
34,7,Robert Irwin,rank,41.0,3.0,5.155241935483871,10.707400663888302,1.0,9.0,0.0992,3.0,7.0,0.0,False,single_elimination,9,False
34,7,Whitney Leavitt,rank,42.0,2.0,5.050403225806452,10.877114117277612,1.0,9.0,0.0992,3.0,8.0,0.0,False,single_elimination,9,False
34,8,Alix Earle,rank,38.5,3.0,4.386562804284323,12.634726401442297,1.0,8.0,0.2054,6.0,8.0,0.0,False,single_elimination,8,False
34,8,Andy Richter,rank,34.0,8.0,3.142161635832522,15.639112706334252,1.0,8.0,0.2054,1.0,3.0,0.0,False,single_elimination,8,False
34,8,Danielle Fishel,rank,37.0,7.0,6.240019474196689,9.195494698793809,4.0,8.0,0.2054,2.0,8.0,0.0,False,single_elimination,8,True
34,8,Dylan Efron,rank,38.0,4.0,4.433300876338851,12.533898398033005,1.0,8.0,0.2054,1.0,7.0,0.0,False,single_elimination,8,False
34,8,Elaine Hendrix,rank,37.5,6.0,4.462512171372931,12.471289906043932,1.0,8.0,0.2054,1.0,5.0,0.0,False,single_elimination,8,False
34,8,Jordan Chiles,rank,39.0,2.0,4.44888023369036,12.500468188493862,1.0,8.0,0.2054,1.0,8.0,0.0,False,single_elimination,8,False
34,8,Robert Irwin,rank,38.0,4.0,4.429892891918208,12.541223165564755,1.0,8.0,0.2054,1.0,7.0,0.0,False,single_elimination,8,False
34,8,Whitney Leavitt,rank,39.5,1.0,4.456669912366115,12.48378653529409,1.0,8.0,0.2054,1.0,8.0,0.0,False,single_elimination,8,False
34,9,Alix Earle,rank,40.0,4.0,3.812129380053909,14.803583379958562,1.0,7.0,0.742,3.0,7.0,0.0,False,single_elimination,7,False
34,9,Andy Richter,rank,29.0,7.0,4.740161725067385,12.295862242439384,2.0,7.0,0.742,1.0,7.0,0.0,False,single_elimination,7,True
34,9,Dylan Efron,rank,42.0,1.0,3.965633423180593,14.356007031864252,1.0,7.0,0.742,1.0,7.0,0.0,False,single_elimination,7,False
34,9,Elaine Hendrix,rank,36.0,6.0,3.7650943396226415,14.943497865093672,1.0,7.0,0.742,1.0,5.0,0.0,False,single_elimination,7,False
34,9,Jordan Chiles,rank,39.0,5.0,3.732749326145552,15.04048074610992,1.0,7.0,0.742,1.0,6.0,0.0,False,single_elimination,7,False
34,9,Robert Irwin,rank,42.0,1.0,4.011994609164421,14.223509950925743,1.0,7.0,0.742,1.0,7.0,0.0,False,single_elimination,7,False
34,9,Whitney Leavitt,rank,42.0,1.0,3.972237196765499,14.337058783608466,1.0,7.0,0.742,1.0,7.0,0.0,False,single_elimination,7,False
34,10,Alix Earle,rank,29.0,2.0,3.224719101123596,17.3422176828458,1.0,5.0,0.0712,5.0,6.0,0.0,False,single_elimination,6,False
34,10,Dylan Efron,rank,27.5,6.0,2.768258426966292,19.350038691286585,1.0,6.0,0.0712,1.0,1.0,0.0,False,single_elimination,6,False
34,10,Elaine Hendrix,rank,28.5,4.0,2.779494382022472,19.297929103365757,1.0,6.0,0.0712,2.0,3.0,0.0,False,single_elimination,6,False
34,10,Jordan Chiles,rank,28.5,4.0,2.9115168539325844,18.696052336066845,1.0,6.0,0.0712,2.0,3.0,0.0,False,single_elimination,6,False
34,10,Robert Irwin,rank,29.5,1.0,3.648876404494382,15.663702678620025,1.0,6.0,0.0712,4.0,4.0,0.0,False,single_elimination,6,False
34,10,Whitney Leavitt,rank,29.0,2.0,5.667134831460674,9.650059507814996,5.0,6.0,0.0712,5.0,6.0,0.0,False,single_elimination,6,True
34,11,Alix Earle,rank,30.0,1.0,3.0045,19.972894096079123,1.0,5.0,1.0,1.0,5.0,0.0,False,no_elimination,5,False
34,11,Dylan Efron,rank,29.3332,4.0,3.0006,19.99627605795193,1.0,5.0,1.0,1.0,5.0,0.0,False,no_elimination,5,False
34,11,Elaine Hendrix,rank,28.9998,5.0,2.9928,20.04312213245885,1.0,5.0,1.0,1.0,5.0,0.0,False,no_elimination,5,False
34,11,Jordan Chiles,rank,29.666600000000003,2.0,2.9835,20.099120524640757,1.0,5.0,1.0,1.0,5.0,0.0,False,no_elimination,5,False
34,11,Robert Irwin,rank,29.666600000000003,2.0,3.0186,19.888587188869337,1.0,5.0,1.0,1.0,5.0,0.0,False,no_elimination,5,False
