season,week,celebrity_name,is_eliminated_this_week,normalized_score,score_z_score,score_improvement,prev_avg_score,score_consistency,judge_variance,judge_rank,judge_share,judge_contribution,voting_scheme,industry_category,is_athlete,is_actor,is_singer,is_reality,age_group,is_us_celebrity,partner_avg_rank,partner_seasons_count,weeks_survived,contestants_remaining,season_progress
1,1,Evander Holyfield,False,0.6,-0.06140634384863414,0.0,,0.0,1.0,4.0,0.1651376146788991,-4.0,rank_based,Sports,0,0,0,0,40-50,True,7.495238095238095,11,1,6,0.16666666666666666
1,2,Evander Holyfield,False,0.4666666666666667,-1.3870232926631425,-0.1333333333333333,0.6,0.0,0.5773502691896258,6.0,0.11570247933884298,-6.0,rank_based,Sports,0,0,0,0,40-50,True,7.495238095238095,11,2,6,0.3333333333333333
1,3,Evander Holyfield,True,0.43333333333333335,-1.649929455000344,-0.033333333333333326,0.5333333333333333,0.09428090415820632,0.5773502691896258,5.0,0.12264150943396226,-5.0,rank_based,Sports,0,0,0,0,40-50,True,7.495238095238095,11,3,5,0.5
1,4,Evander Holyfield,False,,,0.0,0.5,0.08819171036881966,0.0,5.0,0.0,-5.0,rank_based,Sports,0,0,0,0,40-50,True,7.495238095238095,11,4,4,0.6666666666666666
1,5,Evander Holyfield,False,,,0.0,0.5,0.08819171036881966,0.0,4.0,0.0,-4.0,rank_based,Sports,0,0,0,0,40-50,True,7.495238095238095,11,5,3,0.8333333333333334
1,6,Evander Holyfield,False,,,0.0,0.5,0.08819171036881966,0.0,3.0,0.0,-3.0,rank_based,Sports,0,0,0,0,40-50,True,7.495238095238095,11,6,2,1.0
1,1,Joey McIntyre,False,0.6666666666666666,0.6754697823349779,0.0,,0.0,0.5773502691896258,1.0,0.1834862385321101,-1.0,rank_based,Music,0,0,0,0,30-40,True,7.764705882352941,4,1,6,0.16666666666666666
1,2,Joey McIntyre,False,0.7,0.18743558008961397,0.033333333333333326,0.6666666666666666,0.0,1.0,3.0,0.17355371900826447,-3.0,rank_based,Music,0,0,0,0,30-40,True,7.764705882352941,4,2,6,0.3333333333333333
1,3,Joey McIntyre,False,0.7333333333333333,0.16096872731710643,0.033333333333333326,0.6833333333333333,0.02357022603955154,0.5773502691896258,3.0,0.20754716981132076,-3.0,rank_based,Music,0,0,0,0,30-40,True,7.764705882352941,4,3,5,0.5
1,4,Joey McIntyre,False,0.6666666666666666,-1.0190493307301367,-0.06666666666666665,0.6999999999999998,0.0333333333333333,0.5773502691896258,4.0,0.21739130434782608,-4.0,rank_based,Music,0,0,0,0,30-40,True,7.764705882352941,4,4,4,0.6666666666666666
1,5,Joey McIntyre,False,0.75,-0.7758801774444566,0.08333333333333337,0.6916666666666667,0.031914236925211246,0.8660254037844386,3.0,0.3082191780821918,-3.0,rank_based,Music,0,0,0,0,30-40,True,7.764705882352941,4,5,3,0.8333333333333334
1,6,Joey McIntyre,False,,,0.0,0.7033333333333334,0.03800584750330458,0.0,3.0,0.0,-3.0,rank_based,Music,0,0,0,0,30-40,True,7.764705882352941,4,6,2,1.0
1,1,John O'Hurley,False,0.6666666666666666,0.6754697823349779,0.0,,0.0,0.5773502691896258,1.0,0.1834862385321101,-1.0,rank_based,Entertainment,0,1,0,0,40-50,True,2.0,1,1,6,0.16666666666666666
1,2,John O'Hurley,False,0.8666666666666667,1.3120490606272979,0.20000000000000007,0.6666666666666666,0.0,0.5773502691896257,1.0,0.21487603305785125,-1.0,rank_based,Entertainment,0,1,0,0,40-50,True,2.0,1,2,6,0.3333333333333333
1,3,John O'Hurley,False,0.8,0.5633905456098739,-0.06666666666666665,0.7666666666666666,0.1414213562373096,1.0,2.0,0.22641509433962265,-2.0,rank_based,Entertainment,0,1,0,0,40-50,True,2.0,1,3,5,0.5
1,4,John O'Hurley,False,0.7,-0.6793662204867582,-0.10000000000000009,0.7777777777777778,0.10183501544346318,1.0,3.0,0.22826086956521738,-3.0,rank_based,Entertainment,0,1,0,0,40-50,True,2.0,1,4,4,0.6666666666666666
1,5,John O'Hurley,False,0.9,1.1285529853737586,0.20000000000000007,0.7583333333333333,0.09179284245476842,0.0,1.0,0.3698630136986301,-1.0,rank_based,Entertainment,0,1,0,0,40-50,True,2.0,1,5,3,0.8333333333333334
1,6,John O'Hurley,False,0.9,-0.7071067811865476,0.0,0.7866666666666667,0.10165300454651276,0.0,2.0,0.4954128440366973,-2.0,rank_based,Entertainment,0,1,0,0,40-50,True,2.0,1,6,2,1.0
1,1,Kelly Monaco,False,0.43333333333333335,-1.9035966593076643,0.0,,0.0,0.5773502691896258,6.0,0.11926605504587157,-6.0,rank_based,Entertainment,0,1,0,0,20-30,True,9.043478260869565,5,1,6,0.16666666666666666
1,2,Kelly Monaco,False,0.5666666666666667,-0.7122552043405326,0.1333333333333333,0.43333333333333335,0.0,0.5773502691896258,5.0,0.14049586776859505,-5.0,rank_based,Entertainment,0,1,0,0,20-30,True,9.043478260869565,5,2,6,0.3333333333333333
1,3,Kelly Monaco,False,0.7,-0.04024218182927695,0.1333333333333333,0.5,0.09428090415820632,1.0,4.0,0.19811320754716982,-4.0,rank_based,Entertainment,0,1,0,0,20-30,True,9.043478260869565,5,3,5,0.5
1,4,Kelly Monaco,False,0.8666666666666667,1.0190493307301356,0.16666666666666674,0.5666666666666667,0.1333333333333333,0.5773502691896257,1.0,0.2826086956521739,-1.0,rank_based,Entertainment,0,1,0,0,20-30,True,9.043478260869565,5,4,4,0.6666666666666666
1,5,Kelly Monaco,False,0.7833333333333333,-0.3526728079292978,-0.08333333333333337,0.6416666666666666,0.18534252575124754,0.5773502691896258,2.0,0.3219178082191781,-2.0,rank_based,Entertainment,0,1,0,0,20-30,True,9.043478260869565,5,5,3,0.8333333333333334
1,6,Kelly Monaco,False,0.9166666666666666,0.7071067811865476,0.1333333333333333,0.67,0.17256238807393048,0.5773502691896257,1.0,0.5045871559633027,-1.0,rank_based,Entertainment,0,1,0,0,20-30,True,9.043478260869565,5,6,2,1.0
1,1,Rachel Hunter,False,0.6666666666666666,0.6754697823349779,0.0,,0.0,0.5773502691896258,1.0,0.1834862385321101,-1.0,rank_based,Fashion,0,0,0,0,30-40,False,9.092307692307692,7,1,6,0.16666666666666666
1,2,Rachel Hunter,False,0.8,0.8622036684122246,0.13333333333333341,0.6666666666666666,0.0,0.0,2.0,0.19834710743801653,-2.0,rank_based,Fashion,0,0,0,0,30-40,False,9.092307692307692,7,2,6,0.3333333333333333
1,3,Rachel Hunter,False,0.8666666666666667,0.9658123639026406,0.06666666666666665,0.7333333333333334,0.09428090415820635,0.5773502691896257,1.0,0.24528301886792453,-1.0,rank_based,Fashion,0,0,0,0,30-40,False,9.092307692307692,7,3,5,0.5
1,4,Rachel Hunter,True,0.8333333333333334,0.6793662204867571,-0.033333333333333326,0.7777777777777778,0.10183501544346311,1.1547005383792517,2.0,0.2717391304347826,-2.0,rank_based,Fashion,0,0,0,0,30-40,False,9.092307692307692,7,4,4,0.6666666666666666
1,5,Rachel Hunter,False,,,0.0,0.7916666666666667,0.08766518798921945,0.0,4.0,0.0,-4.0,rank_based,Fashion,0,0,0,0,30-40,False,9.092307692307692,7,5,3,0.8333333333333334
1,6,Rachel Hunter,False,,,0.0,0.7916666666666667,0.08766518798921945,0.0,3.0,0.0,-3.0,rank_based,Fashion,0,0,0,0,30-40,False,9.092307692307692,7,6,2,1.0
1,1,Trista Sutter,False,0.6,-0.06140634384863414,0.0,,0.0,0.0,4.0,0.1651376146788991,-4.0,rank_based,Media,0,0,0,0,30-40,True,7.114285714285714,11,1,6,0.16666666666666666
1,2,Trista Sutter,True,0.6333333333333333,-0.2624098121254593,0.033333333333333326,0.6,0.0,0.5773502691896258,4.0,0.15702479338842976,-4.0,rank_based,Media,0,0,0,0,30-40,True,7.114285714285714,11,2,6,0.3333333333333333
1,3,Trista Sutter,False,,,0.0,0.6166666666666667,0.02357022603955154,0.0,6.0,0.0,-6.0,rank_based,Media,0,0,0,0,30-40,True,7.114285714285714,11,3,5,0.5
1,4,Trista Sutter,False,,,0.0,0.6166666666666667,0.02357022603955154,0.0,5.0,0.0,-5.0,rank_based,Media,0,0,0,0,30-40,True,7.114285714285714,11,4,4,0.6666666666666666
1,5,Trista Sutter,False,,,0.0,0.6166666666666667,0.02357022603955154,0.0,4.0,0.0,-4.0,rank_based,Media,0,0,0,0,30-40,True,7.114285714285714,11,5,3,0.8333333333333334
1,6,Trista Sutter,False,,,0.0,0.6166666666666667,0.02357022603955154,0.0,3.0,0.0,-3.0,rank_based,Media,0,0,0,0,30-40,True,7.114285714285714,11,6,2,1.0
2,1,Drew Lachey,False,0.8,1.086099282057325,0.0,,0.0,0.0,1.0,0.12307692307692308,-1.0,rank_based,Music,0,0,0,0,20-30,True,5.853754940711463,25,1,10,0.125
2,2,Drew Lachey,False,0.9,1.1278749146893077,0.09999999999999998,0.8,0.0,0.0,2.0,0.135,-2.0,rank_based,Music,0,0,0,0,20-30,True,5.853754940711463,25,2,9,0.25
2,3,Drew Lachey,False,0.9,0.9386679716361959,0.0,0.8500000000000001,0.0707106781186547,0.0,1.0,0.14835164835164835,-1.0,rank_based,Music,0,0,0,0,20-30,True,5.853754940711463,25,3,8,0.375
2,4,Drew Lachey,False,0.9333333333333333,0.8008137977782759,0.033333333333333326,0.8666666666666667,0.05773502691896253,0.5773502691896257,1.0,0.17721518987341772,-1.0,rank_based,Music,0,0,0,0,20-30,True,5.853754940711463,25,4,7,0.5
2,5,Drew Lachey,False,0.9,0.6263765644712495,-0.033333333333333326,0.8833333333333333,0.057735026918962554,0.0,2.0,0.17880794701986755,-2.0,rank_based,Music,0,0,0,0,20-30,True,5.853754940711463,25,5,6,0.625
2,6,Drew Lachey,False,1.0,0.9694521124707416,0.09999999999999998,0.8866666666666667,0.05055250296034366,0.0,1.0,0.22556390977443608,-1.0,rank_based,Music,0,0,0,0,20-30,True,5.853754940711463,25,6,5,0.75
2,7,Drew Lachey,False,0.9166666666666666,0.5940885257860047,-0.08333333333333337,0.9055555555555556,0.0646930072355984,0.2886751345948129,1.0,0.2696078431372549,-1.0,rank_based,Music,0,0,0,0,20-30,True,5.853754940711463,25,7,4,0.875
2,8,Drew Lachey,False,0.96666,0.7043551963328213,0.049993333333333334,0.9071428571428571,0.05920549810018498,0.0,1.0,0.34387291318097685,-1.0,rank_based,Music,0,0,0,0,20-30,True,5.853754940711463,25,8,3,1.0
2,1,George Hamilton,False,0.6,-0.3620330940191086,0.0,,0.0,1.0,8.0,0.09230769230769231,-8.0,rank_based,Entertainment,0,1,0,0,60+,True,7.495238095238095,11,1,10,0.125
2,2,George Hamilton,False,0.7333333333333333,-0.0524592983576431,0.1333333333333333,0.6,0.0,0.5773502691896258,5.0,0.11,-5.0,rank_based,Entertainment,0,1,0,0,60+,True,7.495238095238095,11,2,9,0.25
2,3,George Hamilton,False,0.7333333333333333,-0.16564728911226995,0.0,0.6666666666666666,0.09428090415820632,0.5773502691896258,5.0,0.12087912087912088,-5.0,rank_based,Entertainment,0,1,0,0,60+,True,7.495238095238095,11,3,8,0.375
2,4,George Hamilton,False,0.7,-0.23181452040950104,-0.033333333333333326,0.6888888888888888,0.07698003589195007,0.0,6.0,0.13291139240506328,-6.0,rank_based,Entertainment,0,1,0,0,60+,True,7.495238095238095,11,4,7,0.5
2,5,George Hamilton,False,0.8,-0.39860326829988757,0.10000000000000009,0.6916666666666667,0.06309898162000302,0.0,4.0,0.15894039735099338,-4.0,rank_based,Entertainment,0,1,0,0,60+,True,7.495238095238095,11,5,6,0.625
2,6,George Hamilton,True,0.7666666666666667,-1.0264787073219621,-0.033333333333333326,0.7133333333333333,0.07302967433402215,0.5773502691896258,4.0,0.17293233082706766,-4.0,rank_based,Entertainment,0,1,0,0,60+,True,7.495238095238095,11,6,5,0.75
2,7,George Hamilton,False,,,0.0,0.7222222222222222,0.06885303726590963,0.0,5.0,0.0,-5.0,rank_based,Entertainment,0,1,0,0,60+,True,7.495238095238095,11,7,4,0.875
2,8,George Hamilton,False,,,0.0,0.7222222222222222,0.06885303726590963,0.0,4.0,0.0,-4.0,rank_based,Entertainment,0,1,0,0,60+,True,7.495238095238095,11,8,3,1.0
2,1,Giselle Fernandez,False,0.7666666666666667,0.8447438860445863,0.0,,0.0,0.5773502691896258,2.0,0.11794871794871795,-2.0,rank_based,Other,0,0,0,0,40-50,False,9.092307692307692,7,1,10,0.125
2,2,Giselle Fernandez,False,0.8,0.4196743868611377,0.033333333333333326,0.7666666666666667,0.0,0.0,3.0,0.12,-3.0,rank_based,Other,0,0,0,0,40-50,False,9.092307692307692,7,2,9,0.25
2,3,Giselle Fernandez,True,0.7333333333333333,-0.16564728911226995,-0.06666666666666676,0.7833333333333334,0.02357022603955154,0.5773502691896258,5.0,0.12087912087912088,-5.0,rank_based,Other,0,0,0,0,40-50,False,9.092307692307692,7,3,8,0.375
2,4,Giselle Fernandez,False,,,0.0,0.7666666666666666,0.033333333333333395,0.0,8.0,0.0,-8.0,rank_based,Other,0,0,0,0,40-50,False,9.092307692307692,7,4,7,0.5
2,5,Giselle Fernandez,False,,,0.0,0.7666666666666666,0.033333333333333395,0.0,7.0,0.0,-7.0,rank_based,Other,0,0,0,0,40-50,False,9.092307692307692,7,5,6,0.625
2,6,Giselle Fernandez,False,,,0.0,0.7666666666666666,0.033333333333333395,0.0,6.0,0.0,-6.0,rank_based,Other,0,0,0,0,40-50,False,9.092307692307692,7,6,5,0.75
2,7,Giselle Fernandez,False,,,0.0,0.7666666666666666,0.033333333333333395,0.0,5.0,0.0,-5.0,rank_based,Other,0,0,0,0,40-50,False,9.092307692307692,7,7,4,0.875
2,8,Giselle Fernandez,False,,,0.0,0.7666666666666666,0.033333333333333395,0.0,4.0,0.0,-4.0,rank_based,Other,0,0,0,0,40-50,False,9.092307692307692,7,8,3,1.0
2,1,Jerry Rice,False,0.7,0.3620330940191078,0.0,,0.0,0.0,5.0,0.1076923076923077,-5.0,rank_based,Sports,0,0,0,0,40-50,True,8.220183486238533,11,1,10,0.125
2,2,Jerry Rice,False,0.7666666666666667,0.18360754425174772,0.06666666666666676,0.7,0.0,0.5773502691896258,4.0,0.115,-4.0,rank_based,Sports,0,0,0,0,40-50,True,8.220183486238533,11,2,9,0.25
2,3,Jerry Rice,False,0.6333333333333333,-0.828236445561349,-0.13333333333333341,0.7333333333333334,0.047140452079103196,0.5773502691896258,7.0,0.1043956043956044,-7.0,rank_based,Sports,0,0,0,0,40-50,True,8.220183486238533,11,3,8,0.375
2,4,Jerry Rice,False,0.8,0.2107404730995465,0.16666666666666674,0.7000000000000001,0.06666666666666674,0.0,5.0,0.1518987341772152,-5.0,rank_based,Sports,0,0,0,0,40-50,True,8.220183486238533,11,4,7,0.5
2,5,Jerry Rice,False,0.7666666666666667,-0.7402632125569332,-0.033333333333333326,0.725,0.0739118594202782,0.5773502691896258,5.0,0.152317880794702,-5.0,rank_based,Sports,0,0,0,0,40-50,True,8.220183486238533,11,5,6,0.625
2,6,Jerry Rice,False,0.7666666666666667,-1.0264787073219621,0.0,0.7333333333333334,0.06666666666666668,0.5773502691896258,4.0,0.17293233082706766,-4.0,rank_based,Sports,0,0,0,0,40-50,True,8.220183486238533,11,6,5,0.75
2,7,Jerry Rice,False,0.6833333333333333,-1.4852213144650115,-0.08333333333333337,0.7388888888888889,0.06116159530899062,0.28867513459481287,4.0,0.20098039215686275,-4.0,rank_based,Sports,0,0,0,0,40-50,True,8.220183486238533,11,7,4,0.875
2,8,Jerry Rice,False,0.8888866666666667,-1.144587099654887,0.20555333333333337,0.730952380952381,0.05965065848924939,0.1924885797478208,3.0,0.31620636785880724,-3.0,rank_based,Sports,0,0,0,0,40-50,True,8.220183486238533,11,8,3,1.0
2,1,Kenny Mayne,True,0.43333333333333335,-1.5688100740828026,0.0,,0.0,0.5773502691896258,9.0,0.06666666666666667,-9.0,rank_based,Other,0,0,0,0,40-50,True,10.0,1,1,10,0.125
2,2,Kenny Mayne,False,,,0.0,0.43333333333333335,0.0,0.0,10.0,0.0,-10.0,rank_based,Other,0,0,0,0,40-50,True,10.0,1,2,9,0.25
2,3,Kenny Mayne,False,,,0.0,0.43333333333333335,0.0,0.0,9.0,0.0,-9.0,rank_based,Other,0,0,0,0,40-50,True,10.0,1,3,8,0.375
2,4,Kenny Mayne,False,,,0.0,0.43333333333333335,0.0,0.0,8.0,0.0,-8.0,rank_based,Other,0,0,0,0,40-50,True,10.0,1,4,7,0.5
2,5,Kenny Mayne,False,,,0.0,0.43333333333333335,0.0,0.0,7.0,0.0,-7.0,rank_based,Other,0,0,0,0,40-50,True,10.0,1,5,6,0.625
2,6,Kenny Mayne,False,,,0.0,0.43333333333333335,0.0,0.0,6.0,0.0,-6.0,rank_based,Other,0,0,0,0,40-50,True,10.0,1,6,5,0.75
2,7,Kenny Mayne,False,,,0.0,0.43333333333333335,0.0,0.0,5.0,0.0,-5.0,rank_based,Other,0,0,0,0,40-50,True,10.0,1,7,4,0.875
2,8,Kenny Mayne,False,,,0.0,0.43333333333333335,0.0,0.0,4.0,0.0,-4.0,rank_based,Other,0,0,0,0,40-50,True,10.0,1,8,3,1.0
2,1,Lisa Rinna,False,0.6333333333333333,-0.12067769800636981,0.0,,0.0,1.1547005383792517,7.0,0.09743589743589744,-7.0,rank_based,Entertainment,0,1,0,0,40-50,True,7.114285714285714,11,1,10,0.125
2,2,Lisa Rinna,False,0.6666666666666666,-0.5245929835764231,0.033333333333333326,0.6333333333333333,0.0,0.5773502691896258,7.0,0.1,-7.0,rank_based,Entertainment,0,1,0,0,40-50,True,7.114285714285714,11,2,9,0.25
2,3,Lisa Rinna,False,0.8333333333333334,0.49694186733680984,0.16666666666666674,0.6499999999999999,0.02357022603955162,0.5773502691896257,4.0,0.13736263736263737,-4.0,rank_based,Entertainment,0,1,0,0,40-50,True,7.114285714285714,11,3,8,0.375
2,4,Lisa Rinna,False,0.8666666666666667,0.5057771354389112,0.033333333333333326,0.7111111111111111,0.10715167512214403,0.5773502691896257,2.0,0.16455696202531644,-2.0,rank_based,Entertainment,0,1,0,0,40-50,True,7.114285714285714,11,4,7,0.5
2,5,Lisa Rinna,False,0.8333333333333334,-0.05694332404284189,-0.033333333333333326,0.75,0.11706281947614162,1.1547005383792517,3.0,0.16556291390728478,-3.0,rank_based,Entertainment,0,1,0,0,40-50,True,7.114285714285714,11,5,6,0.625
2,6,Lisa Rinna,False,0.9,0.11405318970244002,0.06666666666666665,0.7666666666666667,0.1080123449734644,0.0,3.0,0.20300751879699247,-3.0,rank_based,Entertainment,0,1,0,0,40-50,True,7.114285714285714,11,6,5,0.75
2,7,Lisa Rinna,True,0.8833333333333333,0.29704426289300234,-0.01666666666666672,0.7888888888888889,0.11088866622110803,0.2886751345948129,3.0,0.25980392156862747,-3.0,rank_based,Entertainment,0,1,0,0,40-50,True,7.114285714285714,11,7,4,0.875
2,8,Lisa Rinna,False,,,0.0,0.8023809523809524,0.10733668534645566,0.0,4.0,0.0,-4.0,rank_based,Entertainment,0,1,0,0,40-50,True,7.114285714285714,11,8,3,1.0
2,1,Master P,False,0.4,-1.8101654700955414,0.0,,0.0,0.0,10.0,0.06153846153846154,-10.0,rank_based,Music,0,0,0,0,30-40,True,7.764705882352941,4,1,10,0.125
2,2,Master P,False,0.5333333333333333,-1.4688603540139833,0.1333333333333333,0.4,0.0,0.5773502691896258,9.0,0.08,-9.0,rank_based,Music,0,0,0,0,30-40,True,7.764705882352941,4,2,9,0.25
2,3,Master P,False,0.4666666666666667,-1.932551706309814,-0.06666666666666665,0.4666666666666667,0.09428090415820632,1.1547005383792517,8.0,0.07692307692307693,-8.0,rank_based,Music,0,0,0,0,30-40,True,7.764705882352941,4,3,8,0.375
2,4,Master P,True,0.26666666666666666,-2.149552825615372,-0.2,0.4666666666666666,0.06666666666666665,1.1547005383792515,7.0,0.05063291139240506,-7.0,rank_based,Music,0,0,0,0,30-40,True,7.764705882352941,4,4,7,0.5
2,5,Master P,False,,,0.0,0.4166666666666667,0.1138550085106622,0.0,7.0,0.0,-7.0,rank_based,Music,0,0,0,0,30-40,True,7.764705882352941,4,5,6,0.625
2,6,Master P,False,,,0.0,0.4166666666666667,0.1138550085106622,0.0,6.0,0.0,-6.0,rank_based,Music,0,0,0,0,30-40,True,7.764705882352941,4,6,5,0.75
2,7,Master P,False,,,0.0,0.4166666666666667,0.1138550085106622,0.0,5.0,0.0,-5.0,rank_based,Music,0,0,0,0,30-40,True,7.764705882352941,4,7,4,0.875
2,8,Master P,False,,,0.0,0.4166666666666667,0.1138550085106622,0.0,4.0,0.0,-4.0,rank_based,Music,0,0,0,0,30-40,True,7.764705882352941,4,8,3,1.0
2,1,Stacy Keibler,False,0.7333333333333333,0.6033884900318466,0.0,,0.0,1.1547005383792517,4.0,0.11282051282051282,-4.0,rank_based,Sports,0,0,0,0,20-30,True,7.702830188679245,21,1,10,0.125
2,2,Stacy Keibler,False,0.9666666666666667,1.6000085999080877,0.2333333333333334,0.7333333333333333,0.0,0.5773502691896257,1.0,0.145,-1.0,rank_based,Sports,0,0,0,0,20-30,True,7.702830188679245,21,2,9,0.25
2,3,Stacy Keibler,False,0.9,0.9386679716361959,-0.06666666666666665,0.85,0.16499158227686112,0.0,1.0,0.14835164835164835,-1.0,rank_based,Sports,0,0,0,0,20-30,True,7.702830188679245,21,3,8,0.375
2,4,Stacy Keibler,False,0.8666666666666667,0.5057771354389112,-0.033333333333333326,0.8666666666666667,0.12018504251546634,0.5773502691896257,2.0,0.16455696202531644,-2.0,rank_based,Sports,0,0,0,0,20-30,True,7.702830188679245,21,4,7,0.5
2,5,Stacy Keibler,False,1.0,1.6513563972423864,0.1333333333333333,0.8666666666666667,0.09813067629253165,0.0,1.0,0.1986754966887417,-1.0,rank_based,Sports,0,0,0,0,20-30,True,7.702830188679245,21,5,6,0.625
2,6,Stacy Keibler,False,1.0,0.9694521124707416,0.0,0.8933333333333333,0.1038160766826496,0.0,1.0,0.22556390977443608,-1.0,rank_based,Sports,0,0,0,0,20-30,True,7.702830188679245,21,6,5,0.75
2,7,Stacy Keibler,False,0.9166666666666666,0.5940885257860047,-0.08333333333333337,0.9111111111111111,0.10255982897079402,0.2886751345948129,1.0,0.2696078431372549,-1.0,rank_based,Sports,0,0,0,0,20-30,True,7.702830188679245,21,7,4,0.875
2,8,Stacy Keibler,False,0.95555,0.440231903322063,0.03888333333333338,0.9119047619047619,0.09364743066331971,0.192430844720903,2.0,0.33992071896021603,-2.0,rank_based,Sports,0,0,0,0,20-30,True,7.702830188679245,21,8,3,1.0
2,1,Tatum O'Neal,False,0.7666666666666667,0.8447438860445863,0.0,,0.0,0.5773502691896258,2.0,0.11794871794871795,-2.0,rank_based,Entertainment,0,1,0,0,40-50,True,8.444444444444445,2,1,10,0.125
2,2,Tatum O'Neal,True,0.5666666666666667,-1.2327935114045931,-0.20000000000000007,0.7666666666666667,0.0,0.5773502691896258,8.0,0.085,-8.0,rank_based,Entertainment,0,1,0,0,40-50,True,8.444444444444445,2,2,9,0.25
2,3,Tatum O'Neal,False,,,0.0,0.6666666666666667,0.1414213562373096,0.0,9.0,0.0,-9.0,rank_based,Entertainment,0,1,0,0,40-50,True,8.444444444444445,2,3,8,0.375
2,4,Tatum O'Neal,False,,,0.0,0.6666666666666667,0.1414213562373096,0.0,8.0,0.0,-8.0,rank_based,Entertainment,0,1,0,0,40-50,True,8.444444444444445,2,4,7,0.5
2,5,Tatum O'Neal,False,,,0.0,0.6666666666666667,0.1414213562373096,0.0,7.0,0.0,-7.0,rank_based,Entertainment,0,1,0,0,40-50,True,8.444444444444445,2,5,6,0.625
2,6,Tatum O'Neal,False,,,0.0,0.6666666666666667,0.1414213562373096,0.0,6.0,0.0,-6.0,rank_based,Entertainment,0,1,0,0,40-50,True,8.444444444444445,2,6,5,0.75
2,7,Tatum O'Neal,False,,,0.0,0.6666666666666667,0.1414213562373096,0.0,5.0,0.0,-5.0,rank_based,Entertainment,0,1,0,0,40-50,True,8.444444444444445,2,7,4,0.875
2,8,Tatum O'Neal,False,,,0.0,0.6666666666666667,0.1414213562373096,0.0,4.0,0.0,-4.0,rank_based,Entertainment,0,1,0,0,40-50,True,8.444444444444445,2,8,3,1.0
2,1,Tia Carrere,False,0.6666666666666666,0.120677698006369,0.0,,0.0,0.5773502691896258,6.0,0.10256410256410256,-6.0,rank_based,Entertainment,0,1,0,0,30-40,True,5.9941176470588236,17,1,10,0.125
2,2,Tia Carrere,False,0.7333333333333333,-0.0524592983576431,0.06666666666666665,0.6666666666666666,0.0,0.5773502691896258,5.0,0.11,-5.0,rank_based,Entertainment,0,1,0,0,30-40,True,5.9941176470588236,17,2,9,0.25
2,3,Tia Carrere,False,0.8666666666666667,0.7178049194865028,0.13333333333333341,0.7,0.04714045207910316,0.5773502691896257,3.0,0.14285714285714285,-3.0,rank_based,Entertainment,0,1,0,0,30-40,True,5.9941176470588236,17,3,8,0.375
2,4,Tia Carrere,False,0.8333333333333334,0.35825880426922885,-0.033333333333333326,0.7555555555555555,0.10183501544346316,0.5773502691896257,4.0,0.15822784810126583,-4.0,rank_based,Entertainment,0,1,0,0,30-40,True,5.9941176470588236,17,4,7,0.5
2,5,Tia Carrere,True,0.7333333333333333,-1.08192315681398,-0.10000000000000009,0.775,0.0917928424547684,0.5773502691896258,6.0,0.1456953642384106,-6.0,rank_based,Entertainment,0,1,0,0,30-40,True,5.9941176470588236,17,5,6,0.625
2,6,Tia Carrere,False,,,0.0,0.7666666666666666,0.08164965809277264,0.0,6.0,0.0,-6.0,rank_based,Entertainment,0,1,0,0,30-40,True,5.9941176470588236,17,6,5,0.75
2,7,Tia Carrere,False,,,0.0,0.7666666666666666,0.08164965809277264,0.0,5.0,0.0,-5.0,rank_based,Entertainment,0,1,0,0,30-40,True,5.9941176470588236,17,7,4,0.875
2,8,Tia Carrere,False,,,0.0,0.7666666666666666,0.08164965809277264,0.0,4.0,0.0,-4.0,rank_based,Entertainment,0,1,0,0,30-40,True,5.9941176470588236,17,8,3,1.0
3,1,Emmitt Smith,False,0.8,1.1326852593525718,0.0,,0.0,0.0,2.0,0.11320754716981132,0.11320754716981132,percentage_based,Sports,0,0,0,0,30-40,True,5.853754940711463,25,1,11,0.1
3,2,Emmitt Smith,False,0.8,0.3441236008058436,0.0,0.8,0.0,0.0,3.0,0.10434782608695652,0.10434782608695652,percentage_based,Sports,0,0,0,0,30-40,True,5.853754940711463,25,2,10,0.2
3,3,Emmitt Smith,False,0.6333333333333333,-1.4605934866804435,-0.16666666666666674,0.8,0.0,0.5773502691896258,9.0,0.09178743961352658,0.09178743961352658,percentage_based,Sports,0,0,0,0,30-40,True,5.853754940711463,25,3,9,0.3
3,4,Emmitt Smith,False,0.8,-0.24518259280950996,0.16666666666666674,0.7444444444444445,0.09622504486493767,0.0,4.0,0.12121212121212122,0.12121212121212122,percentage_based,Sports,0,0,0,0,30-40,True,5.853754940711463,25,4,8,0.4
3,5,Emmitt Smith,False,0.9,0.7807200583588284,0.09999999999999998,0.7583333333333333,0.08333333333333338,0.0,1.0,0.14917127071823205,0.14917127071823205,percentage_based,Sports,0,0,0,0,30-40,True,5.853754940711463,25,5,7,0.5
3,6,Emmitt Smith,False,0.8333333333333334,0.38388594797495695,-0.06666666666666665,0.7866666666666667,0.09603240193925294,0.5773502691896257,2.0,0.211864406779661,0.211864406779661,percentage_based,Sports,0,0,0,0,30-40,True,5.853754940711463,25,6,5,0.6
3,7,Emmitt Smith,False,0.95,0.6469966392206299,0.11666666666666659,0.7944444444444444,0.08798147953257408,0.5,1.0,0.2111111111111111,0.2111111111111111,percentage_based,Sports,0,0,0,0,30-40,True,5.853754940711463,25,7,5,0.7
3,8,Emmitt Smith,False,0.9,-0.28867513459481203,-0.04999999999999993,0.8166666666666667,0.09953596037316069,0.5,2.0,0.24770642201834864,0.24770642201834864,percentage_based,Sports,0,0,0,0,30-40,True,5.853754940711463,25,8,4,0.8
3,9,Emmitt Smith,False,0.9833333333333333,0.0,0.08333333333333326,0.8270833333333334,0.09674770822928601,0.2886751345948129,1.0,0.3333333333333333,0.3333333333333333,percentage_based,Sports,0,0,0,0,30-40,True,5.853754940711463,25,9,3,0.9
3,10,Emmitt Smith,False,0.9888866666666668,0.0,0.005553333333333521,0.8444444444444444,0.10441636738451393,0.1924885797478208,1.0,0.5,0.5,percentage_based,Sports,0,0,0,0,30-40,True,5.853754940711463,25,10,2,1.0
3,1,Harry Hamlin,False,0.5666666666666667,-0.5445602208425829,0.0,,0.0,0.5773502691896258,8.0,0.08018867924528301,0.08018867924528301,percentage_based,Entertainment,0,1,0,0,50-60,True,7.764705882352941,4,1,11,0.1
3,2,Harry Hamlin,False,0.7,-0.6882472016116848,0.1333333333333333,0.5666666666666667,0.0,0.0,7.0,0.09130434782608696,0.09130434782608696,percentage_based,Entertainment,0,1,0,0,50-60,True,7.764705882352941,4,2,10,0.2
3,3,Harry Hamlin,True,0.7333333333333333,-0.36514837167011177,0.033333333333333326,0.6333333333333333,0.09428090415820632,0.5773502691896258,4.0,0.10628019323671498,0.10628019323671498,percentage_based,Entertainment,0,1,0,0,50-60,True,7.764705882352941,4,3,9,0.3
3,4,Harry Hamlin,False,,,0.0,0.6666666666666666,0.08819171036881966,0.0,9.0,0.0,0.0,percentage_based,Entertainment,0,1,0,0,50-60,True,7.764705882352941,4,4,8,0.4
3,5,Harry Hamlin,False,,,0.0,0.6666666666666666,0.08819171036881966,0.0,8.0,0.0,0.0,percentage_based,Entertainment,0,1,0,0,50-60,True,7.764705882352941,4,5,7,0.5
3,6,Harry Hamlin,False,,,0.0,0.6666666666666666,0.08819171036881966,0.0,6.0,0.0,0.0,percentage_based,Entertainment,0,1,0,0,50-60,True,7.764705882352941,4,6,5,0.6
3,7,Harry Hamlin,False,,,0.0,0.6666666666666666,0.08819171036881966,0.0,6.0,0.0,0.0,percentage_based,Entertainment,0,1,0,0,50-60,True,7.764705882352941,4,7,5,0.7
3,8,Harry Hamlin,False,,,0.0,0.6666666666666666,0.08819171036881966,0.0,5.0,0.0,0.0,percentage_based,Entertainment,0,1,0,0,50-60,True,7.764705882352941,4,8,4,0.8
3,9,Harry Hamlin,False,,0.0,0.0,0.6666666666666666,0.08819171036881966,0.0,4.0,0.0,0.0,percentage_based,Entertainment,0,1,0,0,50-60,True,7.764705882352941,4,9,3,0.9
3,10,Harry Hamlin,False,,0.0,0.0,0.6666666666666666,0.08819171036881966,0.0,3.0,0.0,0.0,percentage_based,Entertainment,0,1,0,0,50-60,True,7.764705882352941,4,10,2,1.0
3,1,Jerry Springer,False,0.5333333333333333,-0.7841667180133192,0.0,,0.0,0.5773502691896258,9.0,0.07547169811320754,0.07547169811320754,percentage_based,Media,0,0,0,0,60+,False,6.163120567375887,14,1,11,0.1
3,2,Jerry Springer,False,0.6333333333333333,-1.3764944032233697,0.09999999999999998,0.5333333333333333,0.0,0.5773502691896258,10.0,0.08260869565217391,0.08260869565217391,percentage_based,Media,0,0,0,0,60+,False,6.163120567375887,14,2,10,0.2
3,3,Jerry Springer,False,0.7,-0.7302967433402223,0.06666666666666665,0.5833333333333333,0.07071067811865478,0.0,8.0,0.10144927536231885,0.10144927536231885,percentage_based,Media,0,0,0,0,60+,False,6.163120567375887,14,3,9,0.3
3,4,Jerry Springer,False,0.7333333333333333,-0.8990028403015369,0.033333333333333326,0.6222222222222222,0.08388704928078615,0.5773502691896258,7.0,0.1111111111111111,0.1111111111111111,percentage_based,Media,0,0,0,0,60+,False,6.163120567375887,14,4,8,0.4
3,5,Jerry Springer,False,0.8,-1.2686700948330911,0.06666666666666676,0.6499999999999999,0.08819171036881972,0.0,6.0,0.13259668508287292,0.13259668508287292,percentage_based,Media,0,0,0,0,60+,False,6.163120567375887,14,5,7,0.5
3,6,Jerry Springer,False,0.6,-1.5355437918998296,-0.20000000000000007,0.6799999999999999,0.10165300454651277,1.0,5.0,0.15254237288135594,0.15254237288135594,percentage_based,Media,0,0,0,0,60+,False,6.163120567375887,14,6,5,0.6
3,7,Jerry Springer,True,0.7666666666666667,-1.725324371255015,0.16666666666666674,0.6666666666666666,0.09660917830792964,0.28867513459481287,5.0,0.17037037037037037,0.17037037037037037,percentage_based,Media,0,0,0,0,60+,False,6.163120567375887,14,7,5,0.7
3,8,Jerry Springer,False,,,0.0,0.680952380952381,0.09594972228385665,0.0,5.0,0.0,0.0,percentage_based,Media,0,0,0,0,60+,False,6.163120567375887,14,8,4,0.8
3,9,Jerry Springer,False,,0.0,0.0,0.680952380952381,0.09594972228385665,0.0,4.0,0.0,0.0,percentage_based,Media,0,0,0,0,60+,False,6.163120567375887,14,9,3,0.9
3,10,Jerry Springer,False,,0.0,0.0,0.680952380952381,0.09594972228385665,0.0,3.0,0.0,0.0,percentage_based,Media,0,0,0,0,60+,False,6.163120567375887,14,10,2,1.0
3,1,Joey Lawrence,False,0.7,0.4138657678403622,0.0,,0.0,0.0,5.0,0.09905660377358491,0.09905660377358491,percentage_based,Entertainment,0,1,0,0,20-30,True,7.495238095238095,11,1,11,0.1
3,2,Joey Lawrence,False,0.9666666666666667,2.064741604835056,0.2666666666666667,0.7,0.0,0.5773502691896257,1.0,0.12608695652173912,0.12608695652173912,percentage_based,Entertainment,0,1,0,0,20-30,True,7.495238095238095,11,2,10,0.2
3,3,Joey Lawrence,False,0.7333333333333333,-0.36514837167011177,-0.2333333333333334,0.8333333333333333,0.18856180831641275,1.1547005383792517,4.0,0.10628019323671498,0.10628019323671498,percentage_based,Entertainment,0,1,0,0,20-30,True,7.495238095238095,11,3,9,0.3
3,4,Joey Lawrence,False,0.9,0.7355477784285288,0.16666666666666674,0.7999999999999999,0.14529663145135582,0.0,3.0,0.13636363636363635,0.13636363636363635,percentage_based,Entertainment,0,1,0,0,20-30,True,7.495238095238095,11,4,8,0.4
3,5,Joey Lawrence,False,0.8333333333333334,-0.585540043769118,-0.06666666666666665,0.825,0.12874033584729414,0.5773502691896257,5.0,0.13812154696132597,0.13812154696132597,percentage_based,Entertainment,0,1,0,0,20-30,True,7.495238095238095,11,5,7,0.5
3,6,Joey Lawrence,False,0.8,0.10968169942141615,-0.033333333333333326,0.8266666666666665,0.11155467020454345,0.0,3.0,0.2033898305084746,0.2033898305084746,percentage_based,Entertainment,0,1,0,0,20-30,True,7.495238095238095,11,6,5,0.6
3,7,Joey Lawrence,False,0.95,0.6469966392206299,0.1499999999999999,0.8222222222222223,0.1003696870278775,0.5,1.0,0.2111111111111111,0.2111111111111111,percentage_based,Entertainment,0,1,0,0,20-30,True,7.495238095238095,11,7,5,0.7
3,8,Joey Lawrence,False,0.9,-0.28867513459481203,-0.04999999999999993,0.8404761904761904,0.10357370915204897,0.5,2.0,0.24770642201834864,0.24770642201834864,percentage_based,Entertainment,0,1,0,0,20-30,True,7.495238095238095,11,8,4,0.8
3,9,Joey Lawrence,False,0.9833333333333333,0.0,0.08333333333333326,0.8479166666666667,0.09817279065706969,0.2886751345948129,1.0,0.3333333333333333,0.3333333333333333,percentage_based,Entertainment,0,1,0,0,20-30,True,7.495238095238095,11,9,3,0.9
3,10,Joey Lawrence,False,,0.0,0.0,0.8629629629629629,0.10232633586885481,0.0,3.0,0.0,0.0,percentage_based,Entertainment,0,1,0,0,20-30,True,7.495238095238095,11,10,2,1.0
3,1,Mario Lopez,False,0.8666666666666667,1.6118982536940445,0.0,,0.0,0.5773502691896257,1.0,0.12264150943396226,0.12264150943396226,percentage_based,Entertainment,0,1,0,0,30-40,True,6.711956521739131,18,1,11,0.1
3,2,Mario Lopez,False,0.7,-0.6882472016116848,-0.16666666666666674,0.8666666666666667,0.0,1.0,7.0,0.09130434782608696,0.09130434782608696,percentage_based,Entertainment,0,1,0,0,30-40,True,6.711956521739131,18,2,10,0.2
3,3,Mario Lopez,False,0.7333333333333333,-0.36514837167011177,0.033333333333333326,0.7833333333333333,0.11785113019775798,1.1547005383792517,4.0,0.10628019323671498,0.10628019323671498,percentage_based,Entertainment,0,1,0,0,30-40,True,6.711956521739131,18,3,9,0.3
3,4,Mario Lopez,False,0.9666666666666667,1.3893680259205548,0.2333333333333334,0.7666666666666666,0.08819171036881973,0.5773502691896257,1.0,0.14646464646464646,0.14646464646464646,percentage_based,Entertainment,0,1,0,0,30-40,True,6.711956521739131,18,4,8,0.4
3,5,Mario Lopez,False,0.9,0.7807200583588284,-0.06666666666666665,0.8166666666666667,0.12322818340454912,0.0,1.0,0.14917127071823205,0.14917127071823205,percentage_based,Entertainment,0,1,0,0,30-40,True,6.711956521739131,18,5,7,0.5
3,6,Mario Lopez,False,0.9333333333333333,1.2064986936355793,0.033333333333333326,0.8333333333333334,0.11303883305208784,0.5773502691896257,1.0,0.23728813559322035,0.23728813559322035,percentage_based,Entertainment,0,1,0,0,30-40,True,6.711956521739131,18,6,5,0.6
3,7,Mario Lopez,False,0.9333333333333333,0.43133109281375376,0.0,0.85,0.10903618155864087,0.2886751345948129,3.0,0.2074074074074074,0.2074074074074074,percentage_based,Entertainment,0,1,0,0,30-40,True,6.711956521739131,18,7,5,0.7
3,8,Mario Lopez,False,0.95,1.443375672974064,0.016666666666666607,0.8619047619047618,0.10440053112638317,0.5,1.0,0.26146788990825687,0.26146788990825687,percentage_based,Entertainment,0,1,0,0,30-40,True,6.711956521739131,18,8,4,0.8
3,9,Mario Lopez,False,0.9833333333333333,0.0,0.033333333333333326,0.8729166666666667,0.1015504800579495,0.2886751345948129,1.0,0.3333333333333333,0.3333333333333333,percentage_based,Entertainment,0,1,0,0,30-40,True,6.711956521739131,18,9,3,0.9
3,10,Mario Lopez,False,0.9888866666666668,0.0,0.005553333333333521,0.8851851851851852,0.10187289344940137,0.1924885797478208,1.0,0.5,0.5,percentage_based,Entertainment,0,1,0,0,30-40,True,6.711956521739131,18,10,2,1.0
3,1,Monique Coleman,False,0.6333333333333333,-0.06534722650111033,0.0,,0.0,0.5773502691896258,6.0,0.08962264150943396,0.08962264150943396,percentage_based,Entertainment,0,1,0,0,20-30,True,7.114285714285714,11,1,11,0.1
3,2,Monique Coleman,False,0.8666666666666667,1.0323708024175284,0.2333333333333334,0.6333333333333333,0.0,0.5773502691896257,2.0,0.11304347826086956,0.11304347826086956,percentage_based,Entertainment,0,1,0,0,20-30,True,7.114285714285714,11,2,10,0.2
3,3,Monique Coleman,False,0.9,1.4605934866804422,0.033333333333333326,0.75,0.16499158227686112,0.0,1.0,0.13043478260869565,0.13043478260869565,percentage_based,Entertainment,0,1,0,0,20-30,True,7.114285714285714,11,3,9,0.3
3,4,Monique Coleman,False,0.8,-0.24518259280950996,-0.09999999999999998,0.7999999999999999,0.1452966314513558,0.0,4.0,0.12121212121212122,0.12121212121212122,percentage_based,Entertainment,0,1,0,0,20-30,True,7.114285714285714,11,4,8,0.4
3,5,Monique Coleman,False,0.9,0.7807200583588284,0.09999999999999998,0.8,0.11863420280034792,0.0,1.0,0.14917127071823205,0.14917127071823205,percentage_based,Entertainment,0,1,0,0,20-30,True,7.114285714285714,11,5,7,0.5
3,6,Monique Coleman,False,0.7666666666666667,-0.16452254913212466,-0.1333333333333333,0.82,0.11205157542647741,1.1547005383792517,4.0,0.19491525423728814,0.19491525423728814,percentage_based,Entertainment,0,1,0,0,20-30,True,7.114285714285714,11,6,5,0.6
3,7,Monique Coleman,False,0.9,0.0,0.1333333333333333,0.8111111111111112,0.10255982897079402,0.0,4.0,0.2,0.2,percentage_based,Entertainment,0,1,0,0,20-30,True,7.114285714285714,11,7,5,0.7
3,8,Monique Coleman,True,0.8833333333333333,-0.8660254037844399,-0.01666666666666672,0.8238095238095238,0.09946949227868761,0.2886751345948129,4.0,0.24311926605504589,0.24311926605504589,percentage_based,Entertainment,0,1,0,0,20-30,True,7.114285714285714,11,8,4,0.8
3,9,Monique Coleman,False,,0.0,0.0,0.83125,0.09446486707295529,0.0,4.0,0.0,0.0,percentage_based,Entertainment,0,1,0,0,20-30,True,7.114285714285714,11,9,3,0.9
3,10,Monique Coleman,False,,0.0,0.0,0.83125,0.09446486707295529,0.0,3.0,0.0,0.0,percentage_based,Entertainment,0,1,0,0,20-30,True,7.114285714285714,11,10,2,1.0
3,1,Sara Evans,False,0.5,-1.0237732151840555,0.0,,0.0,0.0,10.0,0.07075471698113207,0.07075471698113207,percentage_based,Music,0,0,0,0,30-40,True,7.702830188679245,21,1,11,0.1
3,2,Sara Evans,False,0.7,-0.6882472016116848,0.19999999999999996,0.5,0.0,0.0,7.0,0.09130434782608696,0.09130434782608696,percentage_based,Music,0,0,0,0,30-40,True,7.702830188679245,21,2,10,0.2
3,3,Sara Evans,False,0.8333333333333334,0.7302967433402211,0.13333333333333341,0.6,0.14142135623730948,0.5773502691896257,3.0,0.12077294685990338,0.12077294685990338,percentage_based,Music,0,0,0,0,30-40,True,7.702830188679245,21,3,9,0.3
3,4,Sara Evans,False,0.6666666666666666,-1.5528230877935627,-0.16666666666666674,0.6777777777777777,0.16777409856157222,0.5773502691896258,8.0,0.10101010101010101,0.10101010101010101,percentage_based,Music,0,0,0,0,30-40,True,7.702830188679245,21,4,8,0.4
3,5,Sara Evans,False,0.8,-1.2686700948330911,0.13333333333333341,0.675,0.13709958532503408,0.0,6.0,0.13259668508287292,0.13259668508287292,percentage_based,Music,0,0,0,0,30-40,True,7.702830188679245,21,5,7,0.5
3,6,Sara Evans,False,,,0.0,0.7,0.13123346456686352,0.0,6.0,0.0,0.0,percentage_based,Music,0,0,0,0,30-40,True,7.702830188679245,21,6,5,0.6
3,7,Sara Evans,False,,,0.0,0.7,0.13123346456686352,0.0,6.0,0.0,0.0,percentage_based,Music,0,0,0,0,30-40,True,7.702830188679245,21,7,5,0.7
3,8,Sara Evans,False,,,0.0,0.7,0.13123346456686352,0.0,5.0,0.0,0.0,percentage_based,Music,0,0,0,0,30-40,True,7.702830188679245,21,8,4,0.8
3,9,Sara Evans,False,,0.0,0.0,0.7,0.13123346456686352,0.0,4.0,0.0,0.0,percentage_based,Music,0,0,0,0,30-40,True,7.702830188679245,21,9,3,0.9
3,10,Sara Evans,False,,0.0,0.0,0.7,0.13123346456686352,0.0,3.0,0.0,0.0,percentage_based,Music,0,0,0,0,30-40,True,7.702830188679245,21,10,2,1.0
3,1,Shanna Moakler,False,0.6,-0.3049537236718466,0.0,,0.0,1.0,7.0,0.08490566037735849,0.08490566037735849,percentage_based,Fashion,0,0,0,0,30-40,True,10.0,1,1,11,0.1
3,2,Shanna Moakler,True,0.7333333333333333,-0.3441236008058424,0.1333333333333333,0.6,0.0,0.5773502691896258,6.0,0.09565217391304348,0.09565217391304348,percentage_based,Fashion,0,0,0,0,30-40,True,10.0,1,2,10,0.2
3,3,Shanna Moakler,False,,,0.0,0.6666666666666666,0.09428090415820632,0.0,10.0,0.0,0.0,percentage_based,Fashion,0,0,0,0,30-40,True,10.0,1,3,9,0.3
3,4,Shanna Moakler,False,,,0.0,0.6666666666666666,0.09428090415820632,0.0,9.0,0.0,0.0,percentage_based,Fashion,0,0,0,0,30-40,True,10.0,1,4,8,0.4
3,5,Shanna Moakler,False,,,0.0,0.6666666666666666,0.09428090415820632,0.0,8.0,0.0,0.0,percentage_based,Fashion,0,0,0,0,30-40,True,10.0,1,5,7,0.5
3,6,Shanna Moakler,False,,,0.0,0.6666666666666666,0.09428090415820632,0.0,6.0,0.0,0.0,percentage_based,Fashion,0,0,0,0,30-40,True,10.0,1,6,5,0.6
3,7,Shanna Moakler,False,,,0.0,0.6666666666666666,0.09428090415820632,0.0,6.0,0.0,0.0,percentage_based,Fashion,0,0,0,0,30-40,True,10.0,1,7,5,0.7
3,8,Shanna Moakler,False,,,0.0,0.6666666666666666,0.09428090415820632,0.0,5.0,0.0,0.0,percentage_based,Fashion,0,0,0,0,30-40,True,10.0,1,8,4,0.8
3,9,Shanna Moakler,False,,0.0,0.0,0.6666666666666666,0.09428090415820632,0.0,4.0,0.0,0.0,percentage_based,Fashion,0,0,0,0,30-40,True,10.0,1,9,3,0.9
3,10,Shanna Moakler,False,,0.0,0.0,0.6666666666666666,0.09428090415820632,0.0,3.0,0.0,0.0,percentage_based,Fashion,0,0,0,0,30-40,True,10.0,1,10,2,1.0
3,1,Tucker Carlson,True,0.4,-1.7425927066962643,0.0,,0.0,1.0,11.0,0.05660377358490566,0.05660377358490566,percentage_based,Media,0,0,0,0,30-40,True,9.5,2,1,11,0.1
3,2,Tucker Carlson,False,,,0.0,0.4,0.0,0.0,11.0,0.0,0.0,percentage_based,Media,0,0,0,0,30-40,True,9.5,2,2,10,0.2
3,3,Tucker Carlson,False,,,0.0,0.4,0.0,0.0,10.0,0.0,0.0,percentage_based,Media,0,0,0,0,30-40,True,9.5,2,3,9,0.3
3,4,Tucker Carlson,False,,,0.0,0.4,0.0,0.0,9.0,0.0,0.0,percentage_based,Media,0,0,0,0,30-40,True,9.5,2,4,8,0.4
3,5,Tucker Carlson,False,,,0.0,0.4,0.0,0.0,8.0,0.0,0.0,percentage_based,Media,0,0,0,0,30-40,True,9.5,2,5,7,0.5
3,6,Tucker Carlson,False,,,0.0,0.4,0.0,0.0,6.0,0.0,0.0,percentage_based,Media,0,0,0,0,30-40,True,9.5,2,6,5,0.6
3,7,Tucker Carlson,False,,,0.0,0.4,0.0,0.0,6.0,0.0,0.0,percentage_based,Media,0,0,0,0,30-40,True,9.5,2,7,5,0.7
3,8,Tucker Carlson,False,,,0.0,0.4,0.0,0.0,5.0,0.0,0.0,percentage_based,Media,0,0,0,0,30-40,True,9.5,2,8,4,0.8
3,9,Tucker Carlson,False,,0.0,0.0,0.4,0.0,0.0,4.0,0.0,0.0,percentage_based,Media,0,0,0,0,30-40,True,9.5,2,9,3,0.9
3,10,Tucker Carlson,False,,0.0,0.0,0.4,0.0,0.0,3.0,0.0,0.0,percentage_based,Media,0,0,0,0,30-40,True,9.5,2,10,2,1.0
3,1,Vivica A. Fox,False,0.7333333333333333,0.6534722650110985,0.0,,0.0,1.1547005383792517,3.0,0.10377358490566038,0.10377358490566038,percentage_based,Entertainment,0,1,0,0,40-50,True,8.444444444444445,2,1,11,0.1
3,2,Vivica A. Fox,False,0.8,0.3441236008058436,0.06666666666666676,0.7333333333333333,0.0,0.0,3.0,0.10434782608695652,0.10434782608695652,percentage_based,Entertainment,0,1,0,0,40-50,True,8.444444444444445,2,2,10,0.2
3,3,Vivica A. Fox,False,0.9,1.4605934866804422,0.09999999999999998,0.7666666666666666,0.04714045207910327,0.0,1.0,0.13043478260869565,0.13043478260869565,percentage_based,Entertainment,0,1,0,0,40-50,True,8.444444444444445,2,3,9,0.3
3,4,Vivica A. Fox,True,0.8,-0.24518259280950996,-0.09999999999999998,0.8111111111111112,0.08388704928078616,0.0,4.0,0.12121212121212122,0.12121212121212122,percentage_based,Entertainment,0,1,0,0,40-50,True,8.444444444444445,2,4,8,0.4
3,5,Vivica A. Fox,False,,,0.0,0.8083333333333333,0.06871842709362772,0.0,8.0,0.0,0.0,percentage_based,Entertainment,0,1,0,0,40-50,True,8.444444444444445,2,5,7,0.5
3,6,Vivica A. Fox,False,,,0.0,0.8083333333333333,0.06871842709362772,0.0,6.0,0.0,0.0,percentage_based,Entertainment,0,1,0,0,40-50,True,8.444444444444445,2,6,5,0.6
3,7,Vivica A. Fox,False,,,0.0,0.8083333333333333,0.06871842709362772,0.0,6.0,0.0,0.0,percentage_based,Entertainment,0,1,0,0,40-50,True,8.444444444444445,2,7,5,0.7
3,8,Vivica A. Fox,False,,,0.0,0.8083333333333333,0.06871842709362772,0.0,5.0,0.0,0.0,percentage_based,Entertainment,0,1,0,0,40-50,True,8.444444444444445,2,8,4,0.8
3,9,Vivica A. Fox,False,,0.0,0.0,0.8083333333333333,0.06871842709362772,0.0,4.0,0.0,0.0,percentage_based,Entertainment,0,1,0,0,40-50,True,8.444444444444445,2,9,3,0.9
3,10,Vivica A. Fox,False,,0.0,0.0,0.8083333333333333,0.06871842709362772,0.0,3.0,0.0,0.0,percentage_based,Entertainment,0,1,0,0,40-50,True,8.444444444444445,2,10,2,1.0
3,1,Willa Ford,False,0.7333333333333333,0.6534722650110985,0.0,,0.0,0.5773502691896258,3.0,0.10377358490566038,0.10377358490566038,percentage_based,Music,0,0,0,0,20-30,True,5.9941176470588236,17,1,11,0.1
3,2,Willa Ford,False,0.7666666666666667,1.1461618347946873e-15,0.03333333333333344,0.7333333333333333,0.0,0.5773502691896258,5.0,0.1,0.1,percentage_based,Music,0,0,0,0,20-30,True,5.9941176470588236,17,2,10,0.2
3,3,Willa Ford,False,0.7333333333333333,-0.36514837167011177,-0.03333333333333344,0.75,0.023570226039551657,0.5773502691896258,4.0,0.10628019323671498,0.10628019323671498,percentage_based,Music,0,0,0,0,20-30,True,5.9941176470588236,17,3,9,0.3
3,4,Willa Ford,False,0.9333333333333333,1.0624579021745417,0.20000000000000007,0.7444444444444445,0.019245008972987594,0.5773502691896257,2.0,0.1414141414141414,0.1414141414141414,percentage_based,Music,0,0,0,0,20-30,True,5.9941176470588236,17,4,8,0.4
3,5,Willa Ford,True,0.9,0.7807200583588284,-0.033333333333333326,0.7916666666666666,0.0957427107756338,0.0,1.0,0.14917127071823205,0.14917127071823205,percentage_based,Music,0,0,0,0,20-30,True,5.9941176470588236,17,5,7,0.5
3,6,Willa Ford,False,,,0.0,0.8133333333333332,0.09603240193925287,0.0,6.0,0.0,0.0,percentage_based,Music,0,0,0,0,20-30,True,5.9941176470588236,17,6,5,0.6
3,7,Willa Ford,False,,,0.0,0.8133333333333332,0.09603240193925287,0.0,6.0,0.0,0.0,percentage_based,Music,0,0,0,0,20-30,True,5.9941176470588236,17,7,5,0.7
3,8,Willa Ford,False,,,0.0,0.8133333333333332,0.09603240193925287,0.0,5.0,0.0,0.0,percentage_based,Music,0,0,0,0,20-30,True,5.9941176470588236,17,8,4,0.8
3,9,Willa Ford,False,,0.0,0.0,0.8133333333333332,0.09603240193925287,0.0,4.0,0.0,0.0,percentage_based,Music,0,0,0,0,20-30,True,5.9941176470588236,17,9,3,0.9
3,10,Willa Ford,False,,0.0,0.0,0.8133333333333332,0.09603240193925287,0.0,3.0,0.0,0.0,percentage_based,Music,0,0,0,0,20-30,True,5.9941176470588236,17,10,2,1.0
4,1,Apolo Anton Ohno,False,0.7,0.6725875846772356,0.0,,0.0,0.0,3.0,0.10194174757281553,0.10194174757281553,percentage_based,Sports,0,0,0,0,20-30,True,4.235294117647059,5,1,11,0.1
4,2,Apolo Anton Ohno,False,0.8666666666666667,1.3873219667848207,0.16666666666666674,0.7,0.0,0.5773502691896257,2.0,0.10612244897959183,0.10612244897959183,percentage_based,Sports,0,0,0,0,20-30,True,4.235294117647059,5,2,11,0.2
4,3,Apolo Anton Ohno,False,0.7666666666666667,0.46631498413575484,-0.09999999999999998,0.7833333333333333,0.11785113019775798,0.5773502691896258,5.0,0.10550458715596331,0.10550458715596331,percentage_based,Sports,0,0,0,0,20-30,True,4.235294117647059,5,3,10,0.3
4,4,Apolo Anton Ohno,False,0.8666666666666667,1.0516509510937095,0.09999999999999998,0.7777777777777778,0.08388704928078615,0.5773502691896257,2.0,0.1368421052631579,0.1368421052631579,percentage_based,Sports,0,0,0,0,20-30,True,4.235294117647059,5,4,9,0.4
4,5,Apolo Anton Ohno,False,1.0,1.3777899276543437,0.1333333333333333,0.8,0.08164965809277262,0.0,1.0,0.17045454545454544,0.17045454545454544,percentage_based,Sports,0,0,0,0,20-30,True,4.235294117647059,5,5,8,0.5
4,6,Apolo Anton Ohno,False,0.9333333333333333,1.0475698532329953,-0.06666666666666665,0.8400000000000001,0.11401754250991379,0.5773502691896257,1.0,0.16470588235294117,0.16470588235294117,percentage_based,Sports,0,0,0,0,20-30,True,4.235294117647059,5,6,7,0.6
4,7,Apolo Anton Ohno,False,0.9,0.29902081496535715,-0.033333333333333326,0.8555555555555556,0.10886621079036345,0.5,3.0,0.17475728155339806,0.17475728155339806,percentage_based,Sports,0,0,0,0,20-30,True,4.235294117647059,5,7,6,0.7
4,8,Apolo Anton Ohno,False,0.9666666666666667,0.9850557995513073,0.06666666666666665,0.8619047619047618,0.10079052613579391,0.5773502691896257,1.0,0.23107569721115537,0.23107569721115537,percentage_based,Sports,0,0,0,0,20-30,True,4.235294117647059,5,8,5,0.8
4,9,Apolo Anton Ohno,False,0.9833333333333333,-0.26111648393355275,0.016666666666666607,0.875,0.10039604115384768,0.2886751345948129,3.0,0.2489451476793249,0.2489451476793249,percentage_based,Sports,0,0,0,0,20-30,True,4.235294117647059,5,9,4,0.9
4,10,Apolo Anton Ohno,False,0.9777733333333334,1.091103478621191,-0.005559999999999898,0.8870370370370371,0.10061539042374905,0.1924885797478208,1.0,0.33976850076853665,0.33976850076853665,percentage_based,Sports,0,0,0,0,20-30,True,4.235294117647059,5,10,3,1.0
4,1,Billy Ray Cyrus,False,0.43333333333333335,-1.6949207133866317,0.0,,0.0,0.5773502691896258,11.0,0.06310679611650485,0.06310679611650485,percentage_based,Music,0,0,0,0,40-50,True,6.711956521739131,18,1,11,0.1
4,2,Billy Ray Cyrus,False,0.7,-0.47371969597530345,0.2666666666666666,0.43333333333333335,0.0,0.0,6.0,0.08571428571428572,0.08571428571428572,percentage_based,Music,0,0,0,0,40-50,True,6.711956521739131,18,2,11,0.2
4,3,Billy Ray Cyrus,False,0.7,-0.3108766560905058,0.0,0.5666666666666667,0.18856180831641264,0.0,6.0,0.0963302752293578,0.0963302752293578,percentage_based,Music,0,0,0,0,40-50,True,6.711956521739131,18,3,10,0.3
4,4,Billy Ray Cyrus,False,0.7,-0.02390115797940288,0.0,0.611111111111111,0.15396007178390017,0.0,5.0,0.11052631578947368,0.11052631578947368,percentage_based,Music,0,0,0,0,40-50,True,6.711956521739131,18,4,9,0.4
4,5,Billy Ray Cyrus,False,0.5666666666666667,-0.8611187047839653,-0.1333333333333333,0.6333333333333333,0.1333333333333333,0.5773502691896258,7.0,0.09659090909090909,0.09659090909090909,percentage_based,Music,0,0,0,0,40-50,True,6.711956521739131,18,5,8,0.5
4,6,Billy Ray Cyrus,False,0.7,-0.9266964086291868,0.1333333333333333,0.6199999999999999,0.11925695879998877,0.0,6.0,0.12352941176470589,0.12352941176470589,percentage_based,Music,0,0,0,0,40-50,True,6.711956521739131,18,6,7,0.6
4,7,Billy Ray Cyrus,False,0.6333333333333333,-1.6147124008129308,-0.06666666666666665,0.6333333333333333,0.11155467020454339,0.28867513459481287,6.0,0.12297734627831715,0.12297734627831715,percentage_based,Music,0,0,0,0,40-50,True,6.711956521739131,18,7,6,0.7
4,8,Billy Ray Cyrus,True,0.6333333333333333,-1.5407283018623013,0.0,0.6333333333333334,0.10183501544346309,0.28867513459481287,5.0,0.15139442231075698,0.15139442231075698,percentage_based,Music,0,0,0,0,40-50,True,6.711956521739131,18,8,5,0.8
4,9,Billy Ray Cyrus,False,,,0.0,0.6333333333333333,0.09428090415820632,0.0,5.0,0.0,0.0,percentage_based,Music,0,0,0,0,40-50,True,6.711956521739131,18,9,4,0.9
4,10,Billy Ray Cyrus,False,,,0.0,0.6333333333333333,0.09428090415820632,0.0,4.0,0.0,0.0,percentage_based,Music,0,0,0,0,40-50,True,6.711956521739131,18,10,3,1.0
4,1,Clyde Drexler,False,0.5333333333333333,-0.8071051016126815,0.0,,0.0,0.5773502691896258,9.0,0.07766990291262135,0.07766990291262135,percentage_based,Sports,0,0,0,0,40-50,True,9.5,2,1,11,0.1
4,2,Clyde Drexler,False,0.6,-1.5903446936313772,0.06666666666666665,0.5333333333333333,0.0,0.0,11.0,0.07346938775510205,0.07346938775510205,percentage_based,Sports,0,0,0,0,40-50,True,9.5,2,2,11,0.2
4,3,Clyde Drexler,False,0.5333333333333333,-2.2538557566561543,-0.06666666666666665,0.5666666666666667,0.04714045207910316,0.5773502691896258,10.0,0.07339449541284404,0.07339449541284404,percentage_based,Sports,0,0,0,0,40-50,True,9.5,2,3,10,0.3
4,4,Clyde Drexler,False,0.5,-1.3145636888671368,-0.033333333333333326,0.5555555555555555,0.03849001794597505,1.0,9.0,0.07894736842105263,0.07894736842105263,percentage_based,Sports,0,0,0,0,40-50,True,9.5,2,4,9,0.4
4,5,Clyde Drexler,True,0.43333333333333335,-1.5500136686111372,-0.06666666666666665,0.5416666666666666,0.041943524640393075,0.5773502691896258,8.0,0.07386363636363637,0.07386363636363637,percentage_based,Sports,0,0,0,0,40-50,True,9.5,2,5,8,0.5
4,6,Clyde Drexler,False,,,0.0,0.52,0.060553007081949856,0.0,8.0,0.0,0.0,percentage_based,Sports,0,0,0,0,40-50,True,9.5,2,6,7,0.6
4,7,Clyde Drexler,False,,,0.0,0.52,0.060553007081949856,0.0,7.0,0.0,0.0,percentage_based,Sports,0,0,0,0,40-50,True,9.5,2,7,6,0.7
4,8,Clyde Drexler,False,,,0.0,0.52,0.060553007081949856,0.0,6.0,0.0,0.0,percentage_based,Sports,0,0,0,0,40-50,True,9.5,2,8,5,0.8
4,9,Clyde Drexler,False,,,0.0,0.52,0.060553007081949856,0.0,5.0,0.0,0.0,percentage_based,Sports,0,0,0,0,40-50,True,9.5,2,9,4,0.9
4,10,Clyde Drexler,False,,,0.0,0.52,0.060553007081949856,0.0,4.0,0.0,0.0,percentage_based,Sports,0,0,0,0,40-50,True,9.5,2,10,3,1.0
4,1,Heather Mills,False,0.6,-0.21522802709671468,0.0,,0.0,0.0,7.0,0.08737864077669903,0.08737864077669903,percentage_based,Fashion,0,0,0,0,30-40,False,9.092307692307692,7,1,11,0.1
4,2,Heather Mills,False,0.8,0.6429053016807715,0.20000000000000007,0.6,0.0,0.0,3.0,0.09795918367346938,0.09795918367346938,percentage_based,Fashion,0,0,0,0,30-40,False,9.092307692307692,7,2,11,0.2
4,3,Heather Mills,False,0.8,0.8549108042488844,0.0,0.7,0.1414213562373096,0.0,1.0,0.11009174311926606,0.11009174311926606,percentage_based,Fashion,0,0,0,0,30-40,False,9.092307692307692,7,3,10,0.3
4,4,Heather Mills,False,0.7666666666666667,0.4063196856498425,-0.033333333333333326,0.7333333333333334,0.11547005383792525,0.5773502691896258,4.0,0.12105263157894737,0.12105263157894737,percentage_based,Fashion,0,0,0,0,30-40,False,9.092307692307692,7,4,9,0.4
4,5,Heather Mills,False,0.7,-0.17222374095679355,-0.06666666666666676,0.7416666666666667,0.09574271077563389,0.0,5.0,0.11931818181818182,0.11931818181818182,percentage_based,Fashion,0,0,0,0,30-40,False,9.092307692307692,7,5,8,0.5
4,6,Heather Mills,True,0.7666666666666667,-0.3626203338114198,0.06666666666666676,0.7333333333333334,0.08498365855987981,0.5773502691896258,5.0,0.13529411764705881,0.13529411764705881,percentage_based,Fashion,0,0,0,0,30-40,False,9.092307692307692,7,6,7,0.6
4,7,Heather Mills,False,,,0.0,0.7388888888888889,0.07722022379508475,0.0,7.0,0.0,0.0,percentage_based,Fashion,0,0,0,0,30-40,False,9.092307692307692,7,7,6,0.7
4,8,Heather Mills,False,,,0.0,0.7388888888888889,0.07722022379508475,0.0,6.0,0.0,0.0,percentage_based,Fashion,0,0,0,0,30-40,False,9.092307692307692,7,8,5,0.8
4,9,Heather Mills,False,,,0.0,0.7388888888888889,0.07722022379508475,0.0,5.0,0.0,0.0,percentage_based,Fashion,0,0,0,0,30-40,False,9.092307692307692,7,9,4,0.9
4,10,Heather Mills,False,,,0.0,0.7388888888888889,0.07722022379508475,0.0,4.0,0.0,0.0,percentage_based,Fashion,0,0,0,0,30-40,False,9.092307692307692,7,10,3,1.0
4,1,Ian Ziering,False,0.7,0.6725875846772356,0.0,,0.0,0.0,3.0,0.10194174757281553,0.10194174757281553,percentage_based,Entertainment,0,1,0,0,40-50,True,5.853754940711463,25,1,11,0.1
4,2,Ian Ziering,False,0.7333333333333333,-0.10151136342327886,0.033333333333333326,0.7,0.0,0.5773502691896258,5.0,0.08979591836734693,0.08979591836734693,percentage_based,Entertainment,0,1,0,0,40-50,True,5.853754940711463,25,2,11,0.2
4,3,Ian Ziering,False,0.8,0.8549108042488844,0.06666666666666676,0.7166666666666666,0.02357022603955162,0.0,1.0,0.11009174311926606,0.11009174311926606,percentage_based,Entertainment,0,1,0,0,40-50,True,5.853754940711463,25,3,10,0.3
4,4,Ian Ziering,False,0.8,0.6214301074644648,0.0,0.7444444444444445,0.05091750772173166,1.0,3.0,0.12631578947368421,0.12631578947368421,percentage_based,Entertainment,0,1,0,0,40-50,True,5.853754940711463,25,4,9,0.4
4,5,Ian Ziering,False,0.8,0.34444748191358593,0.0,0.7583333333333333,0.05000000000000011,0.0,4.0,0.13636363636363635,0.13636363636363635,percentage_based,Entertainment,0,1,0,0,40-50,True,5.853754940711463,25,5,8,0.5
4,6,Ian Ziering,False,0.8,-0.0805822964025368,0.0,0.7666666666666667,0.04714045207910327,0.0,4.0,0.1411764705882353,0.1411764705882353,percentage_based,Entertainment,0,1,0,0,40-50,True,5.853754940711463,25,6,7,0.6
4,7,Ian Ziering,False,0.9,0.29902081496535715,0.09999999999999998,0.7722222222222223,0.044305337860837624,0.0,3.0,0.17475728155339806,0.17475728155339806,percentage_based,Entertainment,0,1,0,0,40-50,True,5.853754940711463,25,7,6,0.7
4,8,Ian Ziering,False,0.7833333333333333,-0.4041254562261774,-0.1166666666666667,0.7904761904761904,0.06299407883487129,0.28867513459481287,4.0,0.18725099601593626,0.18725099601593626,percentage_based,Entertainment,0,1,0,0,40-50,True,5.853754940711463,25,8,5,0.8
4,9,Ian Ziering,True,0.9666666666666667,-1.305582419667736,0.18333333333333335,0.7895833333333333,0.05837583485688324,0.2886751345948129,4.0,0.24472573839662448,0.24472573839662448,percentage_based,Entertainment,0,1,0,0,40-50,True,5.853754940711463,25,9,4,0.9
4,10,Ian Ziering,False,,,0.0,0.8092592592592592,0.08041174903405632,0.0,4.0,0.0,0.0,percentage_based,Entertainment,0,1,0,0,40-50,True,5.853754940711463,25,10,3,1.0
4,1,Joey Fatone,False,0.8,1.5604031964511869,0.0,,0.0,0.0,1.0,0.11650485436893204,0.11650485436893204,percentage_based,Music,0,0,0,0,20-30,True,6.163120567375887,14,1,11,0.1
4,2,Joey Fatone,False,0.8,0.6429053016807715,0.0,0.8,0.0,0.0,3.0,0.09795918367346938,0.09795918367346938,percentage_based,Music,0,0,0,0,20-30,True,6.163120567375887,14,2,11,0.2
4,3,Joey Fatone,False,0.8,0.8549108042488844,0.0,0.8,0.0,0.0,1.0,0.11009174311926606,0.11009174311926606,percentage_based,Music,0,0,0,0,20-30,True,6.163120567375887,14,3,10,0.3
4,4,Joey Fatone,False,0.9333333333333333,1.4818717947229543,0.1333333333333333,0.8,0.0,0.5773502691896257,1.0,0.14736842105263157,0.14736842105263157,percentage_based,Music,0,0,0,0,20-30,True,6.163120567375887,14,4,9,0.4
4,5,Joey Fatone,False,0.8333333333333334,0.5166712228703789,-0.09999999999999998,0.8333333333333334,0.06666666666666665,0.5773502691896257,3.0,0.14204545454545456,0.14204545454545456,percentage_based,Music,0,0,0,0,20-30,True,6.163120567375887,14,5,8,0.5
4,6,Joey Fatone,False,0.9,0.7655318158241122,0.06666666666666665,0.8333333333333334,0.05773502691896256,0.0,3.0,0.1588235294117647,0.1588235294117647,percentage_based,Music,0,0,0,0,20-30,True,6.163120567375887,14,6,7,0.6
4,7,Joey Fatone,False,0.9833333333333333,0.8970624448960715,0.08333333333333326,0.8444444444444444,0.058373002384727535,0.2886751345948129,1.0,0.19093851132686085,0.19093851132686085,percentage_based,Music,0,0,0,0,20-30,True,6.163120567375887,14,7,6,0.7
4,8,Joey Fatone,False,0.9166666666666666,0.6061881843392657,-0.06666666666666665,0.8642857142857142,0.07480132415430953,0.2886751345948129,2.0,0.21912350597609562,0.21912350597609562,percentage_based,Music,0,0,0,0,20-30,True,6.163120567375887,14,8,5,0.8
4,9,Joey Fatone,False,1.0,0.7833494518006374,0.08333333333333337,0.8708333333333333,0.07168604389202186,0.0,1.0,0.25316455696202533,0.25316455696202533,percentage_based,Music,0,0,0,0,20-30,True,6.163120567375887,14,9,4,0.9
4,10,Joey Fatone,False,0.95555,-0.21825997466389396,-0.04444999999999999,0.8851851851851852,0.07968882382100582,0.192430844720903,2.0,0.3320460681848982,0.3320460681848982,percentage_based,Music,0,0,0,0,20-30,True,6.163120567375887,14,10,3,1.0
4,1,John Ratzenberger,False,0.5666666666666667,-0.5111665643546981,0.0,,0.0,0.5773502691896258,8.0,0.0825242718446602,0.0825242718446602,percentage_based,Entertainment,0,1,0,0,50-60,True,7.495238095238095,11,1,11,0.1
4,2,John Ratzenberger,False,0.7,-0.47371969597530345,0.1333333333333333,0.5666666666666667,0.0,0.0,6.0,0.08571428571428572,0.08571428571428572,percentage_based,Entertainment,0,1,0,0,50-60,True,7.495238095238095,11,2,11,0.2
4,3,John Ratzenberger,False,0.6666666666666666,-0.6994724762036355,-0.033333333333333326,0.6333333333333333,0.09428090415820632,0.5773502691896258,9.0,0.09174311926605505,0.09174311926605505,percentage_based,Entertainment,0,1,0,0,50-60,True,7.495238095238095,11,3,10,0.3
4,4,John Ratzenberger,False,0.5333333333333333,-1.0994532670525146,-0.1333333333333333,0.6444444444444444,0.06938886664887108,0.5773502691896258,7.0,0.08421052631578947,0.08421052631578947,percentage_based,Entertainment,0,1,0,0,50-60,True,7.495238095238095,11,4,9,0.4
4,5,John Ratzenberger,False,0.6,-0.6888949638271724,0.06666666666666665,0.6166666666666667,0.07934920476158719,0.0,6.0,0.10227272727272728,0.10227272727272728,percentage_based,Entertainment,0,1,0,0,50-60,True,7.495238095238095,11,5,8,0.5
4,6,John Ratzenberger,False,0.6333333333333333,-1.4907724834469527,0.033333333333333326,0.6133333333333333,0.06912147117775903,0.5773502691896258,7.0,0.11176470588235295,0.11176470588235295,percentage_based,Entertainment,0,1,0,0,50-60,True,7.495238095238095,11,6,7,0.6
4,7,John Ratzenberger,True,0.75,-0.7774541189099297,0.1166666666666667,0.6166666666666666,0.06236095644623233,0.0,5.0,0.14563106796116504,0.14563106796116504,percentage_based,Entertainment,0,1,0,0,50-60,True,7.495238095238095,11,7,6,0.7
4,8,John Ratzenberger,False,,,0.0,0.6357142857142858,0.07602909495991175,0.0,6.0,0.0,0.0,percentage_based,Entertainment,0,1,0,0,50-60,True,7.495238095238095,11,8,5,0.8
4,9,John Ratzenberger,False,,,0.0,0.6357142857142858,0.07602909495991175,0.0,5.0,0.0,0.0,percentage_based,Entertainment,0,1,0,0,50-60,True,7.495238095238095,11,9,4,0.9
4,10,John Ratzenberger,False,,,0.0,0.6357142857142858,0.07602909495991175,0.0,4.0,0.0,0.0,percentage_based,Entertainment,0,1,0,0,50-60,True,7.495238095238095,11,10,3,1.0
4,1,Laila Ali,False,0.7666666666666667,1.2644646591932034,0.0,,0.0,0.5773502691896258,2.0,0.11165048543689321,0.11165048543689321,percentage_based,Sports,0,0,0,0,20-30,True,5.9941176470588236,17,1,11,0.1
4,2,Laila Ali,False,0.9,1.7595302993368453,0.1333333333333333,0.7666666666666667,0.0,0.0,1.0,0.11020408163265306,0.11020408163265306,percentage_based,Sports,0,0,0,0,20-30,True,5.9941176470588236,17,2,11,0.2
4,3,Laila Ali,False,0.7,-0.3108766560905058,-0.20000000000000007,0.8333333333333334,0.09428090415820632,0.0,6.0,0.0963302752293578,0.0963302752293578,percentage_based,Sports,0,0,0,0,20-30,True,5.9941176470588236,17,3,10,0.3
4,4,Laila Ali,False,0.7,-0.02390115797940288,0.0,0.7888888888888889,0.10183501544346313,0.0,5.0,0.11052631578947368,0.11052631578947368,percentage_based,Sports,0,0,0,0,20-30,True,5.9941176470588236,17,4,9,0.4
4,5,Laila Ali,False,0.9333333333333333,1.0333424457407578,0.2333333333333334,0.7666666666666666,0.09428090415820635,0.5773502691896257,2.0,0.1590909090909091,0.1590909090909091,percentage_based,Sports,0,0,0,0,20-30,True,5.9941176470588236,17,5,8,0.5
4,6,Laila Ali,False,0.9333333333333333,1.0475698532329953,0.0,0.8,0.11055415967851336,0.5773502691896257,1.0,0.16470588235294117,0.16470588235294117,percentage_based,Sports,0,0,0,0,20-30,True,5.9941176470588236,17,6,7,0.6
4,7,Laila Ali,False,0.9833333333333333,0.8970624448960715,0.04999999999999993,0.8222222222222223,0.11287488977066933,0.2886751345948129,1.0,0.19093851132686085,0.19093851132686085,percentage_based,Sports,0,0,0,0,20-30,True,5.9941176470588236,17,7,6,0.7
4,8,Laila Ali,False,0.8833333333333333,0.3536097741979049,-0.09999999999999998,0.8452380952380952,0.11968874978625531,0.2886751345948129,3.0,0.21115537848605578,0.21115537848605578,percentage_based,Sports,0,0,0,0,20-30,True,5.9941176470588236,17,8,5,0.8
4,9,Laila Ali,False,1.0,0.7833494518006374,0.1166666666666667,0.85,0.11162579209267662,0.0,1.0,0.25316455696202533,0.25316455696202533,percentage_based,Sports,0,0,0,0,20-30,True,5.9941176470588236,17,9,4,0.9
4,10,Laila Ali,False,0.9444400000000002,-0.8728435039572972,-0.05555999999999983,0.8666666666666667,0.11577036657874838,0.384861689441805,3.0,0.3281854310465651,0.3281854310465651,percentage_based,Sports,0,0,0,0,20-30,True,5.9941176470588236,17,10,3,1.0
4,1,Leeza Gibbons,False,0.5,-1.1030436388706648,0.0,,0.0,0.0,10.0,0.07281553398058252,0.07281553398058252,percentage_based,Media,0,0,0,0,40-50,True,7.702830188679245,21,1,11,0.1
4,2,Leeza Gibbons,False,0.7,-0.47371969597530345,0.19999999999999996,0.5,0.0,0.0,6.0,0.08571428571428572,0.08571428571428572,percentage_based,Media,0,0,0,0,40-50,True,7.702830188679245,21,2,11,0.2
4,3,Leeza Gibbons,False,0.8,0.8549108042488844,0.10000000000000009,0.6,0.14142135623730948,0.0,1.0,0.11009174311926606,0.11009174311926606,percentage_based,Media,0,0,0,0,40-50,True,7.702830188679245,21,3,10,0.3
4,4,Leeza Gibbons,True,0.5333333333333333,-1.0994532670525146,-0.2666666666666667,0.6666666666666666,0.1527525231651947,0.5773502691896258,7.0,0.08421052631578947,0.08421052631578947,percentage_based,Media,0,0,0,0,40-50,True,7.702830188679245,21,4,9,0.4
4,5,Leeza Gibbons,False,,,0.0,0.6333333333333333,0.14142135623730953,0.0,9.0,0.0,0.0,percentage_based,Media,0,0,0,0,40-50,True,7.702830188679245,21,5,8,0.5
4,6,Leeza Gibbons,False,,,0.0,0.6333333333333333,0.14142135623730953,0.0,8.0,0.0,0.0,percentage_based,Media,0,0,0,0,40-50,True,7.702830188679245,21,6,7,0.6
4,7,Leeza Gibbons,False,,,0.0,0.6333333333333333,0.14142135623730953,0.0,7.0,0.0,0.0,percentage_based,Media,0,0,0,0,40-50,True,7.702830188679245,21,7,6,0.7
4,8,Leeza Gibbons,False,,,0.0,0.6333333333333333,0.14142135623730953,0.0,6.0,0.0,0.0,percentage_based,Media,0,0,0,0,40-50,True,7.702830188679245,21,8,5,0.8
4,9,Leeza Gibbons,False,,,0.0,0.6333333333333333,0.14142135623730953,0.0,5.0,0.0,0.0,percentage_based,Media,0,0,0,0,40-50,True,7.702830188679245,21,9,4,0.9
4,10,Leeza Gibbons,False,,,0.0,0.6333333333333333,0.14142135623730953,0.0,4.0,0.0,0.0,percentage_based,Media,0,0,0,0,40-50,True,7.702830188679245,21,10,3,1.0
4,1,Paulina Porizkova,False,0.6333333333333333,0.08071051016126873,0.0,,0.0,0.5773502691896258,5.0,0.09223300970873786,0.09223300970873786,percentage_based,Fashion,0,0,0,0,40-50,False,9.043478260869565,5,1,11,0.1
4,2,Paulina Porizkova,True,0.7,-0.47371969597530345,0.06666666666666665,0.6333333333333333,0.0,0.0,6.0,0.08571428571428572,0.08571428571428572,percentage_based,Fashion,0,0,0,0,40-50,False,9.043478260869565,5,2,11,0.2
4,3,Paulina Porizkova,False,,,0.0,0.6666666666666666,0.04714045207910316,0.0,11.0,0.0,0.0,percentage_based,Fashion,0,0,0,0,40-50,False,9.043478260869565,5,3,10,0.3
4,4,Paulina Porizkova,False,,,0.0,0.6666666666666666,0.04714045207910316,0.0,10.0,0.0,0.0,percentage_based,Fashion,0,0,0,0,40-50,False,9.043478260869565,5,4,9,0.4
4,5,Paulina Porizkova,False,,,0.0,0.6666666666666666,0.04714045207910316,0.0,9.0,0.0,0.0,percentage_based,Fashion,0,0,0,0,40-50,False,9.043478260869565,5,5,8,0.5
4,6,Paulina Porizkova,False,,,0.0,0.6666666666666666,0.04714045207910316,0.0,8.0,0.0,0.0,percentage_based,Fashion,0,0,0,0,40-50,False,9.043478260869565,5,6,7,0.6
4,7,Paulina Porizkova,False,,,0.0,0.6666666666666666,0.04714045207910316,0.0,7.0,0.0,0.0,percentage_based,Fashion,0,0,0,0,40-50,False,9.043478260869565,5,7,6,0.7
4,8,Paulina Porizkova,False,,,0.0,0.6666666666666666,0.04714045207910316,0.0,6.0,0.0,0.0,percentage_based,Fashion,0,0,0,0,40-50,False,9.043478260869565,5,8,5,0.8
4,9,Paulina Porizkova,False,,,0.0,0.6666666666666666,0.04714045207910316,0.0,5.0,0.0,0.0,percentage_based,Fashion,0,0,0,0,40-50,False,9.043478260869565,5,9,4,0.9
4,10,Paulina Porizkova,False,,,0.0,0.6666666666666666,0.04714045207910316,0.0,4.0,0.0,0.0,percentage_based,Fashion,0,0,0,0,40-50,False,9.043478260869565,5,10,3,1.0
4,1,Shandi Finnessey,False,0.6333333333333333,0.08071051016126873,0.0,,0.0,0.5773502691896258,5.0,0.09223300970873786,0.09223300970873786,percentage_based,Other,0,0,0,0,20-30,True,10.0,1,1,11,0.1
4,2,Shandi Finnessey,False,0.6666666666666666,-0.8459280285273281,0.033333333333333326,0.6333333333333333,0.0,0.5773502691896258,10.0,0.08163265306122448,0.08163265306122448,percentage_based,Other,0,0,0,0,20-30,True,10.0,1,2,11,0.2
4,3,Shandi Finnessey,True,0.7,-0.3108766560905058,0.033333333333333326,0.6499999999999999,0.02357022603955162,0.0,6.0,0.0963302752293578,0.0963302752293578,percentage_based,Other,0,0,0,0,20-30,True,10.0,1,3,10,0.3
4,4,Shandi Finnessey,False,,,0.0,0.6666666666666666,0.033333333333333354,0.0,10.0,0.0,0.0,percentage_based,Other,0,0,0,0,20-30,True,10.0,1,4,9,0.4
4,5,Shandi Finnessey,False,,,0.0,0.6666666666666666,0.033333333333333354,0.0,9.0,0.0,0.0,percentage_based,Other,0,0,0,0,20-30,True,10.0,1,5,8,0.5
4,6,Shandi Finnessey,False,,,0.0,0.6666666666666666,0.033333333333333354,0.0,8.0,0.0,0.0,percentage_based,Other,0,0,0,0,20-30,True,10.0,1,6,7,0.6
4,7,Shandi Finnessey,False,,,0.0,0.6666666666666666,0.033333333333333354,0.0,7.0,0.0,0.0,percentage_based,Other,0,0,0,0,20-30,True,10.0,1,7,6,0.7
4,8,Shandi Finnessey,False,,,0.0,0.6666666666666666,0.033333333333333354,0.0,6.0,0.0,0.0,percentage_based,Other,0,0,0,0,20-30,True,10.0,1,8,5,0.8
4,9,Shandi Finnessey,False,,,0.0,0.6666666666666666,0.033333333333333354,0.0,5.0,0.0,0.0,percentage_based,Other,0,0,0,0,20-30,True,10.0,1,9,4,0.9
4,10,Shandi Finnessey,False,,,0.0,0.6666666666666666,0.033333333333333354,0.0,4.0,0.0,0.0,percentage_based,Other,0,0,0,0,20-30,True,10.0,1,10,3,1.0
5,1,Albert Reed,False,0.7,-0.1418449445479999,0.0,,0.0,0.0,5.0,0.08171206225680934,0.08171206225680934,percentage_based,Fashion,0,0,0,0,20-30,True,8.220183486238533,11,1,12,0.1
5,2,Albert Reed,True,0.7,-0.18802535827258893,0.0,0.7,0.0,0.0,5.0,0.08823529411764706,0.08823529411764706,percentage_based,Fashion,0,0,0,0,20-30,True,8.220183486238533,11,2,11,0.2
5,3,Albert Reed,False,,,0.0,0.7,0.0,0.0,11.0,0.0,0.0,percentage_based,Fashion,0,0,0,0,20-30,True,8.220183486238533,11,3,10,0.3
5,4,Albert Reed,False,,,0.0,0.7,0.0,0.0,10.0,0.0,0.0,percentage_based,Fashion,0,0,0,0,20-30,True,8.220183486238533,11,4,9,0.4
5,5,Albert Reed,False,,,0.0,0.7,0.0,0.0,9.0,0.0,0.0,percentage_based,Fashion,0,0,0,0,20-30,True,8.220183486238533,11,5,8,0.5
5,6,Albert Reed,False,,,0.0,0.7,0.0,0.0,8.0,0.0,0.0,percentage_based,Fashion,0,0,0,0,20-30,True,8.220183486238533,11,6,7,0.6
5,7,Albert Reed,False,,,0.0,0.7,0.0,0.0,7.0,0.0,0.0,percentage_based,Fashion,0,0,0,0,20-30,True,8.220183486238533,11,7,6,0.7
5,8,Albert Reed,False,,,0.0,0.7,0.0,0.0,6.0,0.0,0.0,percentage_based,Fashion,0,0,0,0,20-30,True,8.220183486238533,11,8,5,0.8
5,9,Albert Reed,False,,,0.0,0.7,0.0,0.0,5.0,0.0,0.0,percentage_based,Fashion,0,0,0,0,20-30,True,8.220183486238533,11,9,4,0.9
5,10,Albert Reed,False,,,0.0,0.7,0.0,0.0,4.0,0.0,0.0,percentage_based,Fashion,0,0,0,0,20-30,True,8.220183486238533,11,10,3,1.0
5,1,Cameron Mathison,False,0.7,-0.1418449445479999,0.0,,0.0,0.0,5.0,0.08171206225680934,0.08171206225680934,percentage_based,Entertainment,0,1,0,0,30-40,False,7.495238095238095,11,1,12,0.1
5,2,Cameron Mathison,False,0.7,-0.18802535827258893,0.0,0.7,0.0,0.0,5.0,0.08823529411764706,0.08823529411764706,percentage_based,Entertainment,0,1,0,0,30-40,False,7.495238095238095,11,2,11,0.2
5,3,Cameron Mathison,False,0.7666666666666667,-0.2742848850053808,0.06666666666666676,0.7,0.0,0.5773502691896258,7.0,0.09623430962343096,0.09623430962343096,percentage_based,Entertainment,0,1,0,0,30-40,False,7.495238095238095,11,3,10,0.3
5,4,Cameron Mathison,False,0.9,0.4264014327112207,0.1333333333333333,0.7222222222222222,0.038490017945975105,0.0,2.0,0.11538461538461539,0.11538461538461539,percentage_based,Entertainment,0,1,0,0,30-40,False,7.495238095238095,11,4,9,0.4
5,5,Cameron Mathison,False,0.8666666666666667,0.3753725783333302,-0.033333333333333326,0.7666666666666666,0.09428090415820639,0.5773502691896257,3.0,0.1306532663316583,0.1306532663316583,percentage_based,Entertainment,0,1,0,0,30-40,False,7.495238095238095,11,5,8,0.5
5,6,Cameron Mathison,False,0.8333333333333334,-0.2540548953377864,-0.033333333333333326,0.7866666666666667,0.09309493362512633,0.5773502691896257,4.0,0.1388888888888889,0.1388888888888889,percentage_based,Entertainment,0,1,0,0,30-40,False,7.495238095238095,11,6,7,0.6
5,7,Cameron Mathison,False,0.85,-0.7071067811865546,0.016666666666666607,0.7944444444444444,0.08541836041681147,0.0,5.0,0.16346153846153846,0.16346153846153846,percentage_based,Entertainment,0,1,0,0,30-40,False,7.495238095238095,11,7,6,0.7
5,8,Cameron Mathison,True,0.85,-0.43872679768566464,0.0,0.8023809523809524,0.08075372450335669,0.0,3.0,0.19391634980988592,0.19391634980988592,percentage_based,Entertainment,0,1,0,0,30-40,False,7.495238095238095,11,8,5,0.8
5,9,Cameron Mathison,False,,,0.0,0.8083333333333333,0.0766356044734814,0.0,5.0,0.0,0.0,percentage_based,Entertainment,0,1,0,0,30-40,False,7.495238095238095,11,9,4,0.9
5,10,Cameron Mathison,False,,,0.0,0.8083333333333333,0.0766356044734814,0.0,4.0,0.0,0.0,percentage_based,Entertainment,0,1,0,0,30-40,False,7.495238095238095,11,10,3,1.0
5,1,Floyd Mayweather Jr. ,False,0.6,-1.1631285452935944,0.0,,0.0,0.0,11.0,0.07003891050583658,0.07003891050583658,percentage_based,Sports,0,0,0,0,20-30,True,6.711956521739131,18,1,12,0.1
5,2,Floyd Mayweather Jr. ,False,0.7,-0.18802535827258893,0.09999999999999998,0.6,0.0,0.0,5.0,0.08823529411764706,0.08823529411764706,percentage_based,Sports,0,0,0,0,20-30,True,6.711956521739131,18,2,11,0.2
5,3,Floyd Mayweather Jr. ,False,0.7,-0.8838068516840051,0.0,0.6499999999999999,0.07071067811865478,0.0,8.0,0.08786610878661087,0.08786610878661087,percentage_based,Sports,0,0,0,0,20-30,True,6.711956521739131,18,3,10,0.3
5,4,Floyd Mayweather Jr. ,True,0.7666666666666667,-1.2792042981336622,0.06666666666666676,0.6666666666666666,0.057735026918962595,0.5773502691896258,8.0,0.09829059829059829,0.09829059829059829,percentage_based,Sports,0,0,0,0,20-30,True,6.711956521739131,18,4,9,0.4
5,5,Floyd Mayweather Jr. ,False,,,0.0,0.6916666666666667,0.06871842709362772,0.0,9.0,0.0,0.0,percentage_based,Sports,0,0,0,0,20-30,True,6.711956521739131,18,5,8,0.5
5,6,Floyd Mayweather Jr. ,False,,,0.0,0.6916666666666667,0.06871842709362772,0.0,8.0,0.0,0.0,percentage_based,Sports,0,0,0,0,20-30,True,6.711956521739131,18,6,7,0.6
5,7,Floyd Mayweather Jr. ,False,,,0.0,0.6916666666666667,0.06871842709362772,0.0,7.0,0.0,0.0,percentage_based,Sports,0,0,0,0,20-30,True,6.711956521739131,18,7,6,0.7
5,8,Floyd Mayweather Jr. ,False,,,0.0,0.6916666666666667,0.06871842709362772,0.0,6.0,0.0,0.0,percentage_based,Sports,0,0,0,0,20-30,True,6.711956521739131,18,8,5,0.8
5,9,Floyd Mayweather Jr. ,False,,,0.0,0.6916666666666667,0.06871842709362772,0.0,5.0,0.0,0.0,percentage_based,Sports,0,0,0,0,20-30,True,6.711956521739131,18,9,4,0.9
5,10,Floyd Mayweather Jr. ,False,,,0.0,0.6916666666666667,0.06871842709362772,0.0,4.0,0.0,0.0,percentage_based,Sports,0,0,0,0,20-30,True,6.711956521739131,18,10,3,1.0
5,1,Helio Castroneves,False,0.8333333333333334,1.2198665231127939,0.0,,0.0,0.5773502691896257,2.0,0.09727626459143969,0.09727626459143969,percentage_based,Other,0,0,0,0,30-40,False,4.235294117647059,5,1,12,0.1
5,2,Helio Castroneves,False,0.9,1.584785162583248,0.06666666666666665,0.8333333333333334,0.0,0.0,1.0,0.1134453781512605,0.1134453781512605,percentage_based,Other,0,0,0,0,30-40,False,4.235294117647059,5,2,11,0.2
5,3,Helio Castroneves,False,0.8,0.03047609833393086,-0.09999999999999998,0.8666666666666667,0.04714045207910316,0.0,6.0,0.100418410041841,0.100418410041841,percentage_based,Other,0,0,0,0,30-40,False,4.235294117647059,5,3,10,0.3
5,4,Helio Castroneves,False,0.9,0.4264014327112207,0.09999999999999998,0.8444444444444444,0.050917507721731536,0.0,2.0,0.11538461538461539,0.11538461538461539,percentage_based,Other,0,0,0,0,30-40,False,4.235294117647059,5,4,9,0.4
5,5,Helio Castroneves,False,0.7666666666666667,-0.6256209638888841,-0.1333333333333333,0.8583333333333334,0.04999999999999998,0.5773502691896258,6.0,0.11557788944723618,0.11557788944723618,percentage_based,Other,0,0,0,0,30-40,False,4.235294117647059,5,5,8,0.5
5,6,Helio Castroneves,False,0.9333333333333333,0.812975665080925,0.16666666666666663,0.8400000000000001,0.05962847939999438,0.5773502691896257,2.0,0.15555555555555556,0.15555555555555556,percentage_based,Other,0,0,0,0,30-40,False,4.235294117647059,5,6,7,0.6
5,7,Helio Castroneves,False,0.8666666666666667,-4.710277376051326e-15,-0.06666666666666665,0.8555555555555556,0.06554613868334498,0.2886751345948129,3.0,0.16666666666666666,0.16666666666666666,percentage_based,Other,0,0,0,0,30-40,False,4.235294117647059,5,7,6,0.7
5,8,Helio Castroneves,False,0.95,1.2064986936355806,0.08333333333333326,0.8571428571428571,0.05998236072282914,0.0,1.0,0.21673003802281368,0.21673003802281368,percentage_based,Other,0,0,0,0,30-40,False,4.235294117647059,5,8,5,0.8
5,9,Helio Castroneves,False,1.0,0.7833494518006412,0.050000000000000044,0.86875,0.06451128854089294,0.0,1.0,0.2564102564102564,0.2564102564102564,percentage_based,Other,0,0,0,0,30-40,False,4.235294117647059,5,9,4,0.9
5,10,Helio Castroneves,False,0.9333300000000001,0.5206700467404893,-0.0666699999999999,0.8833333333333333,0.07453559924999296,0.3333000000000004,2.0,0.35294095402801606,0.35294095402801606,percentage_based,Other,0,0,0,0,30-40,False,4.235294117647059,5,10,3,1.0
5,1,Jane Seymour,False,0.8,0.8794386561975958,0.0,,0.0,0.0,3.0,0.0933852140077821,0.0933852140077821,percentage_based,Entertainment,0,1,0,0,50-60,False,7.702830188679245,21,1,12,0.1
5,2,Jane Seymour,False,0.7,-0.18802535827258893,-0.10000000000000009,0.8,0.0,0.0,5.0,0.08823529411764706,0.08823529411764706,percentage_based,Entertainment,0,1,0,0,50-60,False,7.702830188679245,21,2,11,0.2
5,3,Jane Seymour,False,0.9,0.9447590483518657,0.20000000000000007,0.75,0.07071067811865482,0.0,1.0,0.11297071129707113,0.11297071129707113,percentage_based,Entertainment,0,1,0,0,50-60,False,7.702830188679245,21,3,10,0.3
5,4,Jane Seymour,False,0.8666666666666667,0.0,-0.033333333333333326,0.7999999999999999,0.10000000000000002,0.5773502691896257,5.0,0.1111111111111111,0.1111111111111111,percentage_based,Entertainment,0,1,0,0,50-60,False,7.702830188679245,21,4,9,0.4
5,5,Jane Seymour,False,0.8666666666666667,0.3753725783333302,0.0,0.8166666666666667,0.0881917103688197,0.5773502691896257,3.0,0.1306532663316583,0.1306532663316583,percentage_based,Entertainment,0,1,0,0,50-60,False,7.702830188679245,21,5,8,0.5
5,6,Jane Seymour,False,0.7333333333333333,-1.321085455756499,-0.13333333333333341,0.8266666666666668,0.07958224257542217,0.5773502691896258,7.0,0.12222222222222222,0.12222222222222222,percentage_based,Entertainment,0,1,0,0,50-60,False,7.702830188679245,21,6,7,0.6
5,7,Jane Seymour,True,0.8333333333333334,-1.4142135623730996,0.10000000000000009,0.8111111111111112,0.08073734277593314,0.2886751345948129,6.0,0.16025641025641027,0.16025641025641027,percentage_based,Entertainment,0,1,0,0,50-60,False,7.702830188679245,21,7,6,0.7
5,8,Jane Seymour,False,,,0.0,0.8142857142857143,0.0741798187018916,0.0,6.0,0.0,0.0,percentage_based,Entertainment,0,1,0,0,50-60,False,7.702830188679245,21,8,5,0.8
5,9,Jane Seymour,False,,,0.0,0.8142857142857143,0.0741798187018916,0.0,5.0,0.0,0.0,percentage_based,Entertainment,0,1,0,0,50-60,False,7.702830188679245,21,9,4,0.9
5,10,Jane Seymour,False,,,0.0,0.8142857142857143,0.0741798187018916,0.0,4.0,0.0,0.0,percentage_based,Entertainment,0,1,0,0,50-60,False,7.702830188679245,21,10,3,1.0
5,1,Jennie Garth,False,0.7,-0.1418449445479999,0.0,,0.0,0.0,5.0,0.08171206225680934,0.08171206225680934,percentage_based,Entertainment,0,1,0,0,30-40,True,2.954285714285714,17,1,12,0.1
5,2,Jennie Garth,False,0.7,-0.18802535827258893,0.0,0.7,0.0,0.0,5.0,0.08823529411764706,0.08823529411764706,percentage_based,Entertainment,0,1,0,0,30-40,True,2.954285714285714,17,2,11,0.2
5,3,Jennie Garth,False,0.8666666666666667,0.6399980650125542,0.16666666666666674,0.7,0.0,0.5773502691896257,4.0,0.1087866108786611,0.1087866108786611,percentage_based,Entertainment,0,1,0,0,30-40,True,2.954285714285714,17,3,10,0.3
5,4,Jennie Garth,False,0.9,0.4264014327112207,0.033333333333333326,0.7555555555555555,0.09622504486493767,1.0,2.0,0.11538461538461539,0.11538461538461539,percentage_based,Entertainment,0,1,0,0,30-40,True,2.954285714285714,17,4,9,0.4
5,5,Jennie Garth,False,0.8333333333333334,0.04170806425925879,-0.06666666666666665,0.7916666666666666,0.10671873729054752,0.5773502691896257,5.0,0.12562814070351758,0.12562814070351758,percentage_based,Entertainment,0,1,0,0,30-40,True,2.954285714285714,17,5,8,0.5
5,6,Jennie Garth,False,0.9,0.4572988116080212,0.06666666666666665,0.8,0.09428090415820638,0.0,3.0,0.15,0.15,percentage_based,Entertainment,0,1,0,0,30-40,True,2.954285714285714,17,6,7,0.6
5,7,Jennie Garth,False,0.8833333333333333,0.7071067811865405,-0.01666666666666672,0.8166666666666668,0.09368979548370136,0.5773502691896257,2.0,0.16987179487179488,0.16987179487179488,percentage_based,Entertainment,0,1,0,0,30-40,True,2.954285714285714,17,7,6,0.7
5,8,Jennie Garth,False,0.8333333333333334,-0.7129310462392047,-0.04999999999999993,0.8261904761904761,0.08916128896407599,0.2886751345948129,4.0,0.19011406844106463,0.19011406844106463,percentage_based,Entertainment,0,1,0,0,30-40,True,2.954285714285714,17,8,5,0.8
5,9,Jennie Garth,True,0.9666666666666667,-0.2611164839335459,0.1333333333333333,0.8270833333333334,0.08258593408042629,0.2886751345948129,3.0,0.24786324786324787,0.24786324786324787,percentage_based,Entertainment,0,1,0,0,30-40,True,2.954285714285714,17,9,4,0.9
5,10,Jennie Garth,False,,,0.0,0.8425925925925926,0.09018157267082187,0.0,4.0,0.0,0.0,percentage_based,Entertainment,0,1,0,0,30-40,True,2.954285714285714,17,10,3,1.0
5,1,Josie Maran,True,0.5333333333333333,-1.8439842791239907,0.0,,0.0,0.5773502691896258,12.0,0.0622568093385214,0.0622568093385214,percentage_based,Fashion,0,0,0,0,20-30,True,9.043478260869565,5,1,12,0.1
5,2,Josie Maran,False,,,0.0,0.5333333333333333,0.0,0.0,12.0,0.0,0.0,percentage_based,Fashion,0,0,0,0,20-30,True,9.043478260869565,5,2,11,0.2
5,3,Josie Maran,False,,,0.0,0.5333333333333333,0.0,0.0,11.0,0.0,0.0,percentage_based,Fashion,0,0,0,0,20-30,True,9.043478260869565,5,3,10,0.3
5,4,Josie Maran,False,,,0.0,0.5333333333333333,0.0,0.0,10.0,0.0,0.0,percentage_based,Fashion,0,0,0,0,20-30,True,9.043478260869565,5,4,9,0.4
5,5,Josie Maran,False,,,0.0,0.5333333333333333,0.0,0.0,9.0,0.0,0.0,percentage_based,Fashion,0,0,0,0,20-30,True,9.043478260869565,5,5,8,0.5
5,6,Josie Maran,False,,,0.0,0.5333333333333333,0.0,0.0,8.0,0.0,0.0,percentage_based,Fashion,0,0,0,0,20-30,True,9.043478260869565,5,6,7,0.6
5,7,Josie Maran,False,,,0.0,0.5333333333333333,0.0,0.0,7.0,0.0,0.0,percentage_based,Fashion,0,0,0,0,20-30,True,9.043478260869565,5,7,6,0.7
5,8,Josie Maran,False,,,0.0,0.5333333333333333,0.0,0.0,6.0,0.0,0.0,percentage_based,Fashion,0,0,0,0,20-30,True,9.043478260869565,5,8,5,0.8
5,9,Josie Maran,False,,,0.0,0.5333333333333333,0.0,0.0,5.0,0.0,0.0,percentage_based,Fashion,0,0,0,0,20-30,True,9.043478260869565,5,9,4,0.9
5,10,Josie Maran,False,,,0.0,0.5333333333333333,0.0,0.0,4.0,0.0,0.0,percentage_based,Fashion,0,0,0,0,20-30,True,9.043478260869565,5,10,3,1.0
5,1,Marie Osmond,False,0.7,-0.1418449445479999,0.0,,0.0,0.0,5.0,0.08171206225680934,0.08171206225680934,percentage_based,Music,0,0,0,0,40-50,True,9.092307692307692,7,1,12,0.1
5,2,Marie Osmond,False,0.8,0.6983799021553301,0.10000000000000009,0.7,0.0,0.0,3.0,0.10084033613445378,0.10084033613445378,percentage_based,Music,0,0,0,0,40-50,True,9.092307692307692,7,2,11,0.2
5,3,Marie Osmond,False,0.8666666666666667,0.6399980650125542,0.06666666666666665,0.75,0.07071067811865482,0.5773502691896257,4.0,0.1087866108786611,0.1087866108786611,percentage_based,Music,0,0,0,0,40-50,True,9.092307692307692,7,3,10,0.3
5,4,Marie Osmond,False,0.8666666666666667,0.0,0.0,0.7888888888888889,0.08388704928078616,0.5773502691896257,5.0,0.1111111111111111,0.1111111111111111,percentage_based,Music,0,0,0,0,40-50,True,9.092307692307692,7,4,9,0.4
5,5,Marie Osmond,False,0.7,-1.292949992037028,-0.16666666666666674,0.8083333333333333,0.07876359377087686,0.0,7.0,0.10552763819095477,0.10552763819095477,percentage_based,Music,0,0,0,0,40-50,True,9.092307692307692,7,5,8,0.5
5,6,Marie Osmond,False,0.7666666666666667,-0.9654086022835939,0.06666666666666676,0.7866666666666667,0.0836660026534076,0.5773502691896258,6.0,0.12777777777777777,0.12777777777777777,percentage_based,Music,0,0,0,0,40-50,True,9.092307692307692,7,6,7,0.6
5,7,Marie Osmond,False,0.8666666666666667,-4.710277376051326e-15,0.09999999999999998,0.7833333333333333,0.07527726527090814,0.2886751345948129,3.0,0.16666666666666666,0.16666666666666666,percentage_based,Music,0,0,0,0,40-50,True,9.092307692307692,7,7,6,0.7
5,8,Marie Osmond,False,0.8166666666666667,-0.9871352947927464,-0.050000000000000044,0.7952380952380952,0.07559289460184548,0.2886751345948129,5.0,0.18631178707224336,0.18631178707224336,percentage_based,Music,0,0,0,0,40-50,True,9.092307692307692,7,8,5,0.8
5,9,Marie Osmond,False,0.9333333333333333,-1.305582419667733,0.1166666666666667,0.7979166666666667,0.07039429765866798,0.2886751345948129,4.0,0.23931623931623933,0.23931623931623933,percentage_based,Music,0,0,0,0,40-50,True,9.092307692307692,7,9,4,0.9
5,10,Marie Osmond,False,0.7666666666666667,-1.1529026828899254,-0.16666666666666663,0.8129629629629629,0.0798339325733329,0.28867513459481287,3.0,0.2899168190830813,0.2899168190830813,percentage_based,Music,0,0,0,0,40-50,True,9.092307692307692,7,10,3,1.0
5,1,Mark Cuban,False,0.7,-0.1418449445479999,0.0,,0.0,0.0,5.0,0.08171206225680934,0.08171206225680934,percentage_based,Media,0,0,0,0,40-50,True,6.163120567375887,14,1,12,0.1
5,2,Mark Cuban,False,0.6,-1.0744306187005068,-0.09999999999999998,0.7,0.0,0.0,10.0,0.07563025210084033,0.07563025210084033,percentage_based,Media,0,0,0,0,40-50,True,6.163120567375887,14,2,11,0.2
5,3,Mark Cuban,False,0.6666666666666666,-1.1885678350233166,0.06666666666666665,0.6499999999999999,0.0707106781186547,0.5773502691896258,9.0,0.08368200836820083,0.08368200836820083,percentage_based,Media,0,0,0,0,40-50,True,6.163120567375887,14,3,10,0.3
5,4,Mark Cuban,False,0.7333333333333333,-1.7056057308448842,0.06666666666666665,0.6555555555555556,0.05091750772173152,0.5773502691896258,9.0,0.09401709401709402,0.09401709401709402,percentage_based,Media,0,0,0,0,40-50,True,6.163120567375887,14,4,9,0.4
5,5,Mark Cuban,True,0.7,-1.292949992037028,-0.033333333333333326,0.6749999999999999,0.0569275042553311,0.0,7.0,0.10552763819095477,0.10552763819095477,percentage_based,Media,0,0,0,0,40-50,True,6.163120567375887,14,5,8,0.5
5,6,Mark Cuban,False,,,0.0,0.6799999999999999,0.050552502960343665,0.0,8.0,0.0,0.0,percentage_based,Media,0,0,0,0,40-50,True,6.163120567375887,14,6,7,0.6
5,7,Mark Cuban,False,,,0.0,0.6799999999999999,0.050552502960343665,0.0,7.0,0.0,0.0,percentage_based,Media,0,0,0,0,40-50,True,6.163120567375887,14,7,6,0.7
5,8,Mark Cuban,False,,,0.0,0.6799999999999999,0.050552502960343665,0.0,6.0,0.0,0.0,percentage_based,Media,0,0,0,0,40-50,True,6.163120567375887,14,8,5,0.8
5,9,Mark Cuban,False,,,0.0,0.6799999999999999,0.050552502960343665,0.0,5.0,0.0,0.0,percentage_based,Media,0,0,0,0,40-50,True,6.163120567375887,14,9,4,0.9
5,10,Mark Cuban,False,,,0.0,0.6799999999999999,0.050552502960343665,0.0,4.0,0.0,0.0,percentage_based,Media,0,0,0,0,40-50,True,6.163120567375887,14,10,3,1.0
5,1,Mel B,False,0.8,0.8794386561975958,0.0,,0.0,0.0,3.0,0.0933852140077821,0.0933852140077821,percentage_based,Music,0,0,0,0,30-40,False,5.9941176470588236,17,1,12,0.1
5,2,Mel B,False,0.7666666666666667,0.4029114820126907,-0.033333333333333326,0.8,0.0,0.5773502691896258,4.0,0.09663865546218488,0.09663865546218488,percentage_based,Music,0,0,0,0,30-40,False,5.9941176470588236,17,2,11,0.2
5,3,Mel B,False,0.9,0.9447590483518657,0.1333333333333333,0.7833333333333334,0.02357022603955162,0.0,1.0,0.11297071129707113,0.11297071129707113,percentage_based,Music,0,0,0,0,30-40,False,5.9941176470588236,17,3,10,0.3
5,4,Mel B,False,0.8666666666666667,0.0,-0.033333333333333326,0.8222222222222223,0.06938886664887105,0.5773502691896257,5.0,0.1111111111111111,0.1111111111111111,percentage_based,Music,0,0,0,0,30-40,False,5.9941176470588236,17,4,9,0.4
5,5,Mel B,False,0.9666666666666667,1.3763661205555444,0.09999999999999998,0.8333333333333334,0.060858061945018416,0.5773502691896257,1.0,0.1457286432160804,0.1457286432160804,percentage_based,Music,0,0,0,0,30-40,False,5.9941176470588236,17,5,8,0.5
5,6,Mel B,False,1.0,1.5243293720267326,0.033333333333333326,0.86,0.07958224257542212,0.0,1.0,0.16666666666666666,0.16666666666666666,percentage_based,Music,0,0,0,0,30-40,False,5.9941176470588236,17,6,7,0.6
5,7,Mel B,False,0.9,1.4142135623730903,-0.09999999999999998,0.8833333333333334,0.09128709291752768,0.0,1.0,0.17307692307692307,0.17307692307692307,percentage_based,Music,0,0,0,0,30-40,False,5.9941176470588236,17,7,6,0.7
5,8,Mel B,False,0.9333333333333333,0.9322944450820406,0.033333333333333326,0.8857142857142858,0.08357108940373449,0.2886751345948129,2.0,0.21292775665399238,0.21292775665399238,percentage_based,Music,0,0,0,0,30-40,False,5.9941176470588236,17,8,5,0.8
5,9,Mel B,False,1.0,0.7833494518006412,0.06666666666666665,0.8916666666666667,0.07918232927769471,0.0,1.0,0.2564102564102564,0.2564102564102564,percentage_based,Music,0,0,0,0,30-40,False,5.9941176470588236,17,9,4,0.9
5,10,Mel B,False,0.94444,0.6322326361494393,-0.055560000000000054,0.9037037037037037,0.08240220541217404,0.19243084472090302,1.0,0.35714222688890257,0.35714222688890257,percentage_based,Music,0,0,0,0,30-40,False,5.9941176470588236,17,10,3,1.0
5,1,Sabrina Bryan,False,0.8666666666666667,1.560294390027992,0.0,,0.0,0.5773502691896257,1.0,0.10116731517509728,0.10116731517509728,percentage_based,Entertainment,0,1,0,0,20-30,True,5.134883720930232,21,1,12,0.1
5,2,Sabrina Bryan,False,0.8666666666666667,1.2893167424406087,0.0,0.8666666666666667,0.0,0.5773502691896257,2.0,0.1092436974789916,0.1092436974789916,percentage_based,Entertainment,0,1,0,0,20-30,True,5.134883720930232,21,2,11,0.2
5,3,Sabrina Bryan,False,0.9,0.9447590483518657,0.033333333333333326,0.8666666666666667,0.0,0.0,1.0,0.11297071129707113,0.11297071129707113,percentage_based,Entertainment,0,1,0,0,20-30,True,5.134883720930232,21,3,10,0.3
5,4,Sabrina Bryan,False,1.0,1.7056057308448829,0.09999999999999998,0.8777777777777778,0.01924500897298754,0.0,1.0,0.1282051282051282,0.1282051282051282,percentage_based,Entertainment,0,1,0,0,20-30,True,5.134883720930232,21,4,9,0.4
5,5,Sabrina Bryan,False,0.9333333333333333,1.0427016064814731,-0.06666666666666665,0.9083333333333333,0.06309898162000305,0.5773502691896257,2.0,0.1407035175879397,0.1407035175879397,percentage_based,Entertainment,0,1,0,0,20-30,True,5.134883720930232,21,5,8,0.5
5,6,Sabrina Bryan,True,0.8333333333333334,-0.2540548953377864,-0.09999999999999998,0.9133333333333333,0.05577733510227171,0.5773502691896257,4.0,0.1388888888888889,0.1388888888888889,percentage_based,Entertainment,0,1,0,0,20-30,True,5.134883720930232,21,6,7,0.6
5,7,Sabrina Bryan,False,,,0.0,0.9,0.05962847939999439,0.0,7.0,0.0,0.0,percentage_based,Entertainment,0,1,0,0,20-30,True,5.134883720930232,21,7,6,0.7
5,8,Sabrina Bryan,False,,,0.0,0.9,0.05962847939999439,0.0,6.0,0.0,0.0,percentage_based,Entertainment,0,1,0,0,20-30,True,5.134883720930232,21,8,5,0.8
5,9,Sabrina Bryan,False,,,0.0,0.9,0.05962847939999439,0.0,5.0,0.0,0.0,percentage_based,Entertainment,0,1,0,0,20-30,True,5.134883720930232,21,9,4,0.9
5,10,Sabrina Bryan,False,,,0.0,0.9,0.05962847939999439,0.0,4.0,0.0,0.0,percentage_based,Entertainment,0,1,0,0,20-30,True,5.134883720930232,21,10,3,1.0
5,1,Wayne Newton,False,0.6333333333333333,-0.8227006783783962,0.0,,0.0,0.5773502691896258,10.0,0.07392996108949416,0.07392996108949416,percentage_based,Music,0,0,0,0,60+,True,5.853754940711463,25,1,12,0.1
5,2,Wayne Newton,False,0.5,-1.9608358791284248,-0.1333333333333333,0.6333333333333333,0.0,0.0,11.0,0.06302521008403361,0.06302521008403361,percentage_based,Music,0,0,0,0,60+,True,5.853754940711463,25,2,11,0.2
5,3,Wayne Newton,True,0.6,-1.79808980170194,0.09999999999999998,0.5666666666666667,0.09428090415820632,0.0,10.0,0.07531380753138076,0.07531380753138076,percentage_based,Music,0,0,0,0,60+,True,5.853754940711463,25,3,10,0.3
5,4,Wayne Newton,False,,,0.0,0.5777777777777778,0.06938886664887108,0.0,10.0,0.0,0.0,percentage_based,Music,0,0,0,0,60+,True,5.853754940711463,25,4,9,0.4
5,5,Wayne Newton,False,,,0.0,0.5777777777777778,0.06938886664887108,0.0,9.0,0.0,0.0,percentage_based,Music,0,0,0,0,60+,True,5.853754940711463,25,5,8,0.5
5,6,Wayne Newton,False,,,0.0,0.5777777777777778,0.06938886664887108,0.0,8.0,0.0,0.0,percentage_based,Music,0,0,0,0,60+,True,5.853754940711463,25,6,7,0.6
5,7,Wayne Newton,False,,,0.0,0.5777777777777778,0.06938886664887108,0.0,7.0,0.0,0.0,percentage_based,Music,0,0,0,0,60+,True,5.853754940711463,25,7,6,0.7
5,8,Wayne Newton,False,,,0.0,0.5777777777777778,0.06938886664887108,0.0,6.0,0.0,0.0,percentage_based,Music,0,0,0,0,60+,True,5.853754940711463,25,8,5,0.8
5,9,Wayne Newton,False,,,0.0,0.5777777777777778,0.06938886664887108,0.0,5.0,0.0,0.0,percentage_based,Music,0,0,0,0,60+,True,5.853754940711463,25,9,4,0.9
5,10,Wayne Newton,False,,,0.0,0.5777777777777778,0.06938886664887108,0.0,4.0,0.0,0.0,percentage_based,Music,0,0,0,0,60+,True,5.853754940711463,25,10,3,1.0
6,1,Adam Carolla,False,0.5,-1.3586354959881266,0.0,,0.0,0.0,11.0,0.06172839506172839,0.06172839506172839,percentage_based,Other,0,0,0,0,40-50,True,4.235294117647059,5,1,12,0.1
6,2,Adam Carolla,False,0.6333333333333333,-0.5741014008103684,0.1333333333333333,0.5,0.0,0.5773502691896258,9.0,0.07392996108949416,0.07392996108949416,percentage_based,Other,0,0,0,0,40-50,True,4.235294117647059,5,2,12,0.2
6,3,Adam Carolla,False,0.7,-0.688023708440795,0.06666666666666665,0.5666666666666667,0.09428090415820632,0.0,6.0,0.09210526315789473,0.09210526315789473,percentage_based,Other,0,0,0,0,40-50,True,4.235294117647059,5,3,10,0.3
6,4,Adam Carolla,True,0.6333333333333333,-1.788854381999833,-0.06666666666666665,0.611111111111111,0.1018350154434631,0.5773502691896258,9.0,0.08444444444444445,0.08444444444444445,percentage_based,Other,0,0,0,0,40-50,True,4.235294117647059,5,4,9,0.4
6,5,Adam Carolla,False,,,0.0,0.6166666666666667,0.08388704928078611,0.0,9.0,0.0,0.0,percentage_based,Other,0,0,0,0,40-50,True,4.235294117647059,5,5,8,0.5
6,6,Adam Carolla,False,,,0.0,0.6166666666666667,0.08388704928078611,0.0,8.0,0.0,0.0,percentage_based,Other,0,0,0,0,40-50,True,4.235294117647059,5,6,7,0.6
6,7,Adam Carolla,False,,,0.0,0.6166666666666667,0.08388704928078611,0.0,7.0,0.0,0.0,percentage_based,Other,0,0,0,0,40-50,True,4.235294117647059,5,7,6,0.7
6,8,Adam Carolla,False,,,0.0,0.6166666666666667,0.08388704928078611,0.0,6.0,0.0,0.0,percentage_based,Other,0,0,0,0,40-50,True,4.235294117647059,5,8,5,0.8
6,9,Adam Carolla,False,,,0.0,0.6166666666666667,0.08388704928078611,0.0,5.0,0.0,0.0,percentage_based,Other,0,0,0,0,40-50,True,4.235294117647059,5,9,4,0.9
6,10,Adam Carolla,False,,,0.0,0.6166666666666667,0.08388704928078611,0.0,4.0,0.0,0.0,percentage_based,Other,0,0,0,0,40-50,True,4.235294117647059,5,10,3,1.0
6,1,Cristian de la Fuente,False,0.7,0.19409078514116118,0.0,,0.0,0.0,6.0,0.08641975308641975,0.08641975308641975,percentage_based,Entertainment,0,1,0,0,30-40,False,5.853754940711463,25,1,12,0.1
6,2,Cristian de la Fuente,False,0.6666666666666666,-0.33654220047504374,-0.033333333333333326,0.7,0.0,0.5773502691896258,8.0,0.07782101167315175,0.07782101167315175,percentage_based,Entertainment,0,1,0,0,30-40,False,5.853754940711463,25,2,12,0.2
6,3,Cristian de la Fuente,False,0.8333333333333334,0.8409178658720823,0.16666666666666674,0.6833333333333333,0.02357022603955162,0.5773502691896257,3.0,0.10964912280701754,0.10964912280701754,percentage_based,Entertainment,0,1,0,0,30-40,False,5.853754940711463,25,3,10,0.3
6,4,Cristian de la Fuente,False,0.8666666666666667,0.29814239699997086,0.033333333333333326,0.7333333333333334,0.08819171036881969,0.5773502691896257,4.0,0.11555555555555555,0.11555555555555555,percentage_based,Entertainment,0,1,0,0,30-40,False,5.853754940711463,25,4,9,0.4
6,5,Cristian de la Fuente,False,0.7666666666666667,-0.5303300858899098,-0.09999999999999998,0.7666666666666666,0.09813067629253162,0.5773502691896258,5.0,0.11734693877551021,0.11734693877551021,percentage_based,Entertainment,0,1,0,0,30-40,False,5.853754940711463,25,5,8,0.5
6,6,Cristian de la Fuente,False,0.9,0.43085715906811284,0.1333333333333333,0.7666666666666667,0.08498365855987974,0.0,3.0,0.15,0.15,percentage_based,Entertainment,0,1,0,0,30-40,False,5.853754940711463,25,6,7,0.6
6,7,Cristian de la Fuente,False,0.7666666666666667,-1.7480147469502534,-0.1333333333333333,0.7888888888888889,0.09349192874650056,0.28867513459481287,6.0,0.1488673139158576,0.1488673139158576,percentage_based,Entertainment,0,1,0,0,30-40,False,5.853754940711463,25,7,6,0.7
6,8,Cristian de la Fuente,False,0.95,1.3324197783556893,0.18333333333333324,0.7857142857142857,0.08575836609041332,0.5,1.0,0.21348314606741572,0.21348314606741572,percentage_based,Entertainment,0,1,0,0,30-40,False,5.853754940711463,25,8,5,0.8
6,9,Cristian de la Fuente,False,0.9333333333333333,0.46291004988627754,-0.016666666666666607,0.80625,0.0983746886403172,0.2886751345948129,2.0,0.2545454545454545,0.2545454545454545,percentage_based,Entertainment,0,1,0,0,30-40,False,5.853754940711463,25,9,4,0.9
6,10,Cristian de la Fuente,False,0.8666666666666667,-1.0722219284950174,-0.06666666666666665,0.8203703703703704,0.10130323627116922,0.5773502691896257,3.0,0.3076923076923077,0.3076923076923077,percentage_based,Entertainment,0,1,0,0,30-40,False,5.853754940711463,25,10,3,1.0
6,1,Jason Taylor,False,0.7333333333333333,0.45287849866270913,0.0,,0.0,0.5773502691896258,4.0,0.09053497942386832,0.09053497942386832,percentage_based,Sports,0,0,0,0,30-40,True,7.495238095238095,11,1,12,0.1
6,2,Jason Taylor,False,0.9,1.3263722018722297,0.16666666666666674,0.7333333333333333,0.0,0.0,1.0,0.10505836575875487,0.10505836575875487,percentage_based,Sports,0,0,0,0,30-40,True,7.495238095238095,11,2,12,0.2
6,3,Jason Taylor,False,0.7666666666666667,0.07644707871564431,-0.1333333333333333,0.8166666666666667,0.11785113019775798,0.5773502691896258,5.0,0.10087719298245613,0.10087719298245613,percentage_based,Sports,0,0,0,0,30-40,True,7.495238095238095,11,3,10,0.3
6,4,Jason Taylor,False,0.9666666666666667,1.1925695879998863,0.19999999999999996,0.7999999999999999,0.08819171036881972,0.5773502691896257,1.0,0.1288888888888889,0.1288888888888889,percentage_based,Sports,0,0,0,0,30-40,True,7.495238095238095,11,4,9,0.4
6,5,Jason Taylor,False,0.9,0.8838834764831847,-0.06666666666666665,0.8416666666666667,0.11013459778666117,0.0,2.0,0.1377551020408163,0.1377551020408163,percentage_based,Sports,0,0,0,0,30-40,True,7.495238095238095,11,5,8,0.5
6,6,Jason Taylor,False,0.8,-0.5744762120908152,-0.09999999999999998,0.8533333333333333,0.09888264649460884,0.0,5.0,0.13333333333333333,0.13333333333333333,percentage_based,Sports,0,0,0,0,30-40,True,7.495238095238095,11,6,7,0.6
6,7,Jason Taylor,False,0.9166666666666666,1.112373020786523,0.11666666666666659,0.8444444444444444,0.09108400680852978,0.5773502691896257,1.0,0.1779935275080906,0.1779935275080906,percentage_based,Sports,0,0,0,0,30-40,True,7.495238095238095,11,7,6,0.7
6,8,Jason Taylor,False,0.8666666666666667,-0.5181632471383237,-0.04999999999999993,0.8547619047619047,0.08751417118804335,0.5773502691896257,4.0,0.1947565543071161,0.1947565543071161,percentage_based,Sports,0,0,0,0,30-40,True,7.495238095238095,11,8,5,0.8
6,9,Jason Taylor,False,0.9166666666666666,0.0,0.04999999999999993,0.85625,0.08113162928131833,0.2886751345948129,3.0,0.25,0.25,percentage_based,Sports,0,0,0,0,30-40,True,7.495238095238095,11,9,4,0.9
6,10,Jason Taylor,False,0.95,0.1649572197684656,0.033333333333333326,0.8629629629629629,0.07851830013945871,0.0,2.0,0.33727810650887574,0.33727810650887574,percentage_based,Sports,0,0,0,0,30-40,True,7.495238095238095,11,10,3,1.0
6,1,Kristi Yamaguchi,False,0.9,1.7468170662704499,0.0,,0.0,0.0,1.0,0.1111111111111111,0.1111111111111111,percentage_based,Sports,0,0,0,0,30-40,True,5.134883720930232,21,1,12,0.1
6,2,Kristi Yamaguchi,False,0.9,1.3263722018722297,0.0,0.9,0.0,0.0,1.0,0.10505836575875487,0.10505836575875487,percentage_based,Sports,0,0,0,0,30-40,True,5.134883720930232,21,2,12,0.2
6,3,Kristi Yamaguchi,False,0.9,1.6053886530285202,0.0,0.9,0.0,0.0,1.0,0.11842105263157894,0.11842105263157894,percentage_based,Sports,0,0,0,0,30-40,True,5.134883720930232,21,3,10,0.3
6,4,Kristi Yamaguchi,False,0.9666666666666667,1.1925695879998863,0.06666666666666665,0.9,0.0,0.5773502691896257,1.0,0.1288888888888889,0.1288888888888889,percentage_based,Sports,0,0,0,0,30-40,True,5.134883720930232,21,4,9,0.4
6,5,Kristi Yamaguchi,False,0.9666666666666667,1.590990257669732,0.0,0.9166666666666667,0.033333333333333305,0.5773502691896257,1.0,0.14795918367346939,0.14795918367346939,percentage_based,Sports,0,0,0,0,30-40,True,5.134883720930232,21,5,8,0.5
6,6,Kristi Yamaguchi,False,1.0,1.4361905302270408,0.033333333333333326,0.9266666666666667,0.03651483716701104,0.0,1.0,0.16666666666666666,0.16666666666666666,percentage_based,Sports,0,0,0,0,30-40,True,5.134883720930232,21,6,7,0.6
6,7,Kristi Yamaguchi,False,0.9,0.7945521577046598,-0.09999999999999998,0.938888888888889,0.04430533786083747,0.8660254037844386,2.0,0.17475728155339806,0.17475728155339806,percentage_based,Sports,0,0,0,0,30-40,True,5.134883720930232,21,7,6,0.7
6,8,Kristi Yamaguchi,False,0.9166666666666666,0.5921865681580836,0.016666666666666607,0.9333333333333333,0.043033148291193486,0.5773502691896257,2.0,0.20599250936329588,0.20599250936329588,percentage_based,Sports,0,0,0,0,30-40,True,5.134883720930232,21,8,5,0.8
6,9,Kristi Yamaguchi,False,0.95,0.925820099772552,0.033333333333333326,0.93125,0.040274356723898244,0.5,1.0,0.2590909090909091,0.2590909090909091,percentage_based,Sports,0,0,0,0,30-40,True,5.134883720930232,21,9,4,0.9
6,10,Kristi Yamaguchi,False,1.0,0.9072647087265567,0.050000000000000044,0.9333333333333333,0.03818813079129863,0.0,1.0,0.35502958579881655,0.35502958579881655,percentage_based,Sports,0,0,0,0,30-40,True,5.134883720930232,21,10,3,1.0
6,1,Mario,False,0.8,0.9704539257058059,0.0,,0.0,0.0,2.0,0.09876543209876543,0.09876543209876543,percentage_based,Music,0,0,0,0,20-30,True,6.711956521739131,18,1,12,0.1
6,2,Mario,False,0.8666666666666667,1.088813001536905,0.06666666666666665,0.8,0.0,0.5773502691896257,3.0,0.10116731517509728,0.10116731517509728,percentage_based,Music,0,0,0,0,20-30,True,6.711956521739131,18,2,12,0.2
6,3,Mario,False,0.7,-0.688023708440795,-0.16666666666666674,0.8333333333333334,0.04714045207910316,1.0,6.0,0.09210526315789473,0.09210526315789473,percentage_based,Music,0,0,0,0,20-30,True,6.711956521739131,18,3,10,0.3
6,4,Mario,False,0.8,-0.2981423969999728,0.10000000000000009,0.7888888888888889,0.08388704928078614,1.0,5.0,0.10666666666666667,0.10666666666666667,percentage_based,Music,0,0,0,0,20-30,True,6.711956521739131,18,4,9,0.4
6,5,Mario,False,0.9,0.8838834764831847,0.09999999999999998,0.7916666666666667,0.0687184270936277,0.0,2.0,0.1377551020408163,0.1377551020408163,percentage_based,Music,0,0,0,0,20-30,True,6.711956521739131,18,5,8,0.5
6,6,Mario,False,0.9333333333333333,0.7659682827877555,0.033333333333333326,0.8133333333333332,0.07673909622147562,0.5773502691896257,2.0,0.15555555555555556,0.15555555555555556,percentage_based,Music,0,0,0,0,20-30,True,6.711956521739131,18,6,7,0.6
6,7,Mario,False,0.85,-0.15891043154093368,-0.08333333333333337,0.8333333333333334,0.0843274042711568,0.0,4.0,0.1650485436893204,0.1650485436893204,percentage_based,Music,0,0,0,0,20-30,True,6.711956521739131,18,7,6,0.7
6,8,Mario,True,0.8833333333333333,-0.1480466420395221,0.033333333333333326,0.8357142857142856,0.07723735149271024,0.2886751345948129,3.0,0.19850187265917604,0.19850187265917604,percentage_based,Music,0,0,0,0,20-30,True,6.711956521739131,18,8,5,0.8
6,9,Mario,False,,,0.0,0.8416666666666667,0.07346308866924531,0.0,5.0,0.0,0.0,percentage_based,Music,0,0,0,0,20-30,True,6.711956521739131,18,9,4,0.9
6,10,Mario,False,,,0.0,0.8416666666666667,0.07346308866924531,0.0,4.0,0.0,0.0,percentage_based,Music,0,0,0,0,20-30,True,6.711956521739131,18,10,3,1.0
6,1,Marissa Jaret Winokur,False,0.6,-0.5822723554234827,0.0,,0.0,0.0,8.0,0.07407407407407407,0.07407407407407407,percentage_based,Entertainment,0,1,0,0,30-40,True,7.702830188679245,21,1,12,0.1
6,2,Marissa Jaret Winokur,False,0.7,-0.09898300013971907,0.09999999999999998,0.6,0.0,0.0,6.0,0.08171206225680934,0.08171206225680934,percentage_based,Entertainment,0,1,0,0,30-40,True,7.702830188679245,21,2,12,0.2
6,3,Marissa Jaret Winokur,False,0.6333333333333333,-1.452494495597233,-0.06666666666666665,0.6499999999999999,0.07071067811865478,0.5773502691896258,10.0,0.08333333333333333,0.08333333333333333,percentage_based,Entertainment,0,1,0,0,30-40,True,7.702830188679245,21,3,10,0.3
6,4,Marissa Jaret Winokur,False,0.8,-0.2981423969999728,0.16666666666666674,0.6444444444444444,0.05091750772173157,0.0,5.0,0.10666666666666667,0.10666666666666667,percentage_based,Entertainment,0,1,0,0,30-40,True,7.702830188679245,21,4,9,0.4
6,5,Marissa Jaret Winokur,False,0.8,-0.17677669529663623,0.0,0.6833333333333333,0.08819171036881973,0.0,4.0,0.12244897959183673,0.12244897959183673,percentage_based,Entertainment,0,1,0,0,30-40,True,7.702830188679245,21,5,8,0.5
6,6,Marissa Jaret Winokur,False,0.8666666666666667,0.09574603534847013,0.06666666666666665,0.7066666666666667,0.09249624617007743,0.5773502691896257,4.0,0.14444444444444443,0.14444444444444443,percentage_based,Entertainment,0,1,0,0,30-40,True,7.702830188679245,21,6,7,0.6
6,7,Marissa Jaret Winokur,False,0.8666666666666667,0.15891043154093154,0.0,0.7333333333333334,0.105409255338946,0.2886751345948129,3.0,0.16828478964401294,0.16828478964401294,percentage_based,Entertainment,0,1,0,0,30-40,True,7.702830188679245,21,7,6,0.7
6,8,Marissa Jaret Winokur,False,0.8333333333333334,-1.2583964573359294,-0.033333333333333326,0.7523809523809524,0.10862293403762302,0.2886751345948129,5.0,0.18726591760299627,0.18726591760299627,percentage_based,Entertainment,0,1,0,0,30-40,True,7.702830188679245,21,8,5,0.8
6,9,Marissa Jaret Winokur,True,0.8666666666666667,-1.3887301496588265,0.033333333333333326,0.7625,0.10455878577403088,0.2886751345948129,4.0,0.23636363636363636,0.23636363636363636,percentage_based,Entertainment,0,1,0,0,30-40,True,7.702830188679245,21,9,4,0.9
6,10,Marissa Jaret Winokur,False,,,0.0,0.7740740740740741,0.10378634273483002,0.0,4.0,0.0,0.0,percentage_based,Entertainment,0,1,0,0,30-40,True,7.702830188679245,21,10,3,1.0
6,1,Marlee Matlin,False,0.7333333333333333,0.45287849866270913,0.0,,0.0,0.5773502691896258,4.0,0.09053497942386832,0.09053497942386832,percentage_based,Entertainment,0,1,0,0,40-50,True,7.0,1,1,12,0.1
6,2,Marlee Matlin,False,0.8,0.6136946008662557,0.06666666666666676,0.7333333333333333,0.0,0.0,4.0,0.0933852140077821,0.0933852140077821,percentage_based,Entertainment,0,1,0,0,40-50,True,7.0,1,2,12,0.2
6,3,Marlee Matlin,False,0.7,-0.688023708440795,-0.10000000000000009,0.7666666666666666,0.04714045207910327,0.0,6.0,0.09210526315789473,0.09210526315789473,percentage_based,Entertainment,0,1,0,0,40-50,True,7.0,1,3,10,0.3
6,4,Marlee Matlin,False,0.8,-0.2981423969999728,0.10000000000000009,0.7444444444444445,0.05091750772173159,0.0,5.0,0.10666666666666667,0.10666666666666667,percentage_based,Entertainment,0,1,0,0,40-50,True,7.0,1,4,9,0.4
6,5,Marlee Matlin,False,0.7333333333333333,-0.8838834764831847,-0.06666666666666676,0.7583333333333333,0.05000000000000006,0.5773502691896258,7.0,0.11224489795918367,0.11224489795918367,percentage_based,Entertainment,0,1,0,0,40-50,True,7.0,1,5,8,0.5
6,6,Marlee Matlin,True,0.7,-1.5798095832497445,-0.033333333333333326,0.7533333333333333,0.04472135954999584,0.0,7.0,0.11666666666666667,0.11666666666666667,percentage_based,Entertainment,0,1,0,0,40-50,True,7.0,1,6,7,0.6
6,7,Marlee Matlin,False,,,0.0,0.7444444444444445,0.045542003404264925,0.0,7.0,0.0,0.0,percentage_based,Entertainment,0,1,0,0,40-50,True,7.0,1,7,6,0.7
6,8,Marlee Matlin,False,,,0.0,0.7444444444444445,0.045542003404264925,0.0,6.0,0.0,0.0,percentage_based,Entertainment,0,1,0,0,40-50,True,7.0,1,8,5,0.8
6,9,Marlee Matlin,False,,,0.0,0.7444444444444445,0.045542003404264925,0.0,5.0,0.0,0.0,percentage_based,Entertainment,0,1,0,0,40-50,True,7.0,1,9,4,0.9
6,10,Marlee Matlin,False,,,0.0,0.7444444444444445,0.045542003404264925,0.0,4.0,0.0,0.0,percentage_based,Entertainment,0,1,0,0,40-50,True,7.0,1,10,3,1.0
6,1,Monica Seles,False,0.5,-1.3586354959881266,0.0,,0.0,0.0,11.0,0.06172839506172839,0.06172839506172839,percentage_based,Sports,0,0,0,0,30-40,False,9.092307692307692,7,1,12,0.1
6,2,Monica Seles,True,0.5,-1.5243382021516672,0.0,0.5,0.0,0.0,12.0,0.058365758754863814,0.058365758754863814,percentage_based,Sports,0,0,0,0,30-40,False,9.092307692307692,7,2,12,0.2
6,3,Monica Seles,False,,,0.0,0.5,0.0,0.0,11.0,0.0,0.0,percentage_based,Sports,0,0,0,0,30-40,False,9.092307692307692,7,3,10,0.3
6,4,Monica Seles,False,,,0.0,0.5,0.0,0.0,10.0,0.0,0.0,percentage_based,Sports,0,0,0,0,30-40,False,9.092307692307692,7,4,9,0.4
6,5,Monica Seles,False,,,0.0,0.5,0.0,0.0,9.0,0.0,0.0,percentage_based,Sports,0,0,0,0,30-40,False,9.092307692307692,7,5,8,0.5
6,6,Monica Seles,False,,,0.0,0.5,0.0,0.0,8.0,0.0,0.0,percentage_based,Sports,0,0,0,0,30-40,False,9.092307692307692,7,6,7,0.6
6,7,Monica Seles,False,,,0.0,0.5,0.0,0.0,7.0,0.0,0.0,percentage_based,Sports,0,0,0,0,30-40,False,9.092307692307692,7,7,6,0.7
6,8,Monica Seles,False,,,0.0,0.5,0.0,0.0,6.0,0.0,0.0,percentage_based,Sports,0,0,0,0,30-40,False,9.092307692307692,7,8,5,0.8
6,9,Monica Seles,False,,,0.0,0.5,0.0,0.0,5.0,0.0,0.0,percentage_based,Sports,0,0,0,0,30-40,False,9.092307692307692,7,9,4,0.9
6,10,Monica Seles,False,,,0.0,0.5,0.0,0.0,4.0,0.0,0.0,percentage_based,Sports,0,0,0,0,30-40,False,9.092307692307692,7,10,3,1.0
6,1,Penn Jillette,False,0.5333333333333333,-1.0998477824665787,0.0,,0.0,0.5773502691896258,10.0,0.06584362139917696,0.06584362139917696,percentage_based,Other,0,0,0,0,50-60,True,6.163120567375887,14,1,12,0.1
6,2,Penn Jillette,True,0.5666666666666667,-1.0492198014810177,0.033333333333333326,0.5333333333333333,0.0,0.5773502691896258,10.0,0.06614785992217899,0.06614785992217899,percentage_based,Other,0,0,0,0,50-60,True,6.163120567375887,14,2,12,0.2
6,3,Penn Jillette,False,,,0.0,0.55,0.02357022603955154,0.0,11.0,0.0,0.0,percentage_based,Other,0,0,0,0,50-60,True,6.163120567375887,14,3,10,0.3
6,4,Penn Jillette,False,,,0.0,0.55,0.02357022603955154,0.0,10.0,0.0,0.0,percentage_based,Other,0,0,0,0,50-60,True,6.163120567375887,14,4,9,0.4
6,5,Penn Jillette,False,,,0.0,0.55,0.02357022603955154,0.0,9.0,0.0,0.0,percentage_based,Other,0,0,0,0,50-60,True,6.163120567375887,14,5,8,0.5
6,6,Penn Jillette,False,,,0.0,0.55,0.02357022603955154,0.0,8.0,0.0,0.0,percentage_based,Other,0,0,0,0,50-60,True,6.163120567375887,14,6,7,0.6
6,7,Penn Jillette,False,,,0.0,0.55,0.02357022603955154,0.0,7.0,0.0,0.0,percentage_based,Other,0,0,0,0,50-60,True,6.163120567375887,14,7,6,0.7
6,8,Penn Jillette,False,,,0.0,0.55,0.02357022603955154,0.0,6.0,0.0,0.0,percentage_based,Other,0,0,0,0,50-60,True,6.163120567375887,14,8,5,0.8
6,9,Penn Jillette,False,,,0.0,0.55,0.02357022603955154,0.0,5.0,0.0,0.0,percentage_based,Other,0,0,0,0,50-60,True,6.163120567375887,14,9,4,0.9
6,10,Penn Jillette,False,,,0.0,0.55,0.02357022603955154,0.0,4.0,0.0,0.0,percentage_based,Other,0,0,0,0,50-60,True,6.163120567375887,14,10,3,1.0
6,1,Priscilla Presley,False,0.8,0.9704539257058059,0.0,,0.0,0.0,2.0,0.09876543209876543,0.09876543209876543,percentage_based,Entertainment,0,1,0,0,60+,True,7.114285714285714,11,1,12,0.1
6,2,Priscilla Presley,False,0.7,-0.09898300013971907,-0.10000000000000009,0.8,0.0,0.0,6.0,0.08171206225680934,0.08171206225680934,percentage_based,Entertainment,0,1,0,0,60+,True,7.114285714285714,11,2,12,0.2
6,3,Priscilla Presley,False,0.8666666666666667,1.2231532594503012,0.16666666666666674,0.75,0.07071067811865482,0.5773502691896257,2.0,0.11403508771929824,0.11403508771929824,percentage_based,Entertainment,0,1,0,0,60+,True,7.114285714285714,11,3,10,0.3
6,4,Priscilla Presley,False,0.7333333333333333,-0.8944271909999175,-0.13333333333333341,0.7888888888888889,0.08388704928078616,0.5773502691896258,8.0,0.09777777777777778,0.09777777777777778,percentage_based,Entertainment,0,1,0,0,60+,True,7.114285714285714,11,4,9,0.4
6,5,Priscilla Presley,True,0.7,-1.2374368670764584,-0.033333333333333326,0.775,0.07391185942027821,0.0,8.0,0.10714285714285714,0.10714285714285714,percentage_based,Entertainment,0,1,0,0,60+,True,7.114285714285714,11,5,8,0.5
6,6,Priscilla Presley,False,,,0.0,0.76,0.07226494462892935,0.0,8.0,0.0,0.0,percentage_based,Entertainment,0,1,0,0,60+,True,7.114285714285714,11,6,7,0.6
6,7,Priscilla Presley,False,,,0.0,0.76,0.07226494462892935,0.0,7.0,0.0,0.0,percentage_based,Entertainment,0,1,0,0,60+,True,7.114285714285714,11,7,6,0.7
6,8,Priscilla Presley,False,,,0.0,0.76,0.07226494462892935,0.0,6.0,0.0,0.0,percentage_based,Entertainment,0,1,0,0,60+,True,7.114285714285714,11,8,5,0.8
6,9,Priscilla Presley,False,,,0.0,0.76,0.07226494462892935,0.0,5.0,0.0,0.0,percentage_based,Entertainment,0,1,0,0,60+,True,7.114285714285714,11,9,4,0.9
6,10,Priscilla Presley,False,,,0.0,0.76,0.07226494462892935,0.0,4.0,0.0,0.0,percentage_based,Entertainment,0,1,0,0,60+,True,7.114285714285714,11,10,3,1.0
6,1,Shannon Elizabeth,False,0.7,0.19409078514116118,0.0,,0.0,0.0,6.0,0.08641975308641975,0.08641975308641975,percentage_based,Entertainment,0,1,0,0,30-40,True,2.954285714285714,17,1,12,0.1
6,2,Shannon Elizabeth,False,0.8,0.6136946008662557,0.10000000000000009,0.7,0.0,0.0,4.0,0.0933852140077821,0.0933852140077821,percentage_based,Entertainment,0,1,0,0,30-40,True,2.954285714285714,17,2,12,0.2
6,3,Shannon Elizabeth,False,0.8,0.4586824722938633,0.0,0.75,0.07071067811865482,0.0,4.0,0.10526315789473684,0.10526315789473684,percentage_based,Entertainment,0,1,0,0,30-40,True,2.954285714285714,17,3,10,0.3
6,4,Shannon Elizabeth,False,0.9333333333333333,0.8944271909999145,0.1333333333333333,0.7666666666666666,0.05773502691896262,0.5773502691896257,3.0,0.12444444444444444,0.12444444444444444,percentage_based,Entertainment,0,1,0,0,30-40,True,2.954285714285714,17,4,9,0.4
6,5,Shannon Elizabeth,False,0.7666666666666667,-0.5303300858899098,-0.16666666666666663,0.8083333333333333,0.09574271077563382,0.5773502691896258,5.0,0.11734693877551021,0.11734693877551021,percentage_based,Entertainment,0,1,0,0,30-40,True,2.954285714285714,17,5,8,0.5
6,6,Shannon Elizabeth,False,0.8,-0.5744762120908152,0.033333333333333326,0.8,0.08498365855987976,0.0,5.0,0.13333333333333333,0.13333333333333333,percentage_based,Entertainment,0,1,0,0,30-40,True,2.954285714285714,17,6,7,0.6
6,7,Shannon Elizabeth,True,0.85,-0.15891043154093368,0.04999999999999993,0.7999999999999999,0.0760116950066092,0.0,4.0,0.1650485436893204,0.1650485436893204,percentage_based,Entertainment,0,1,0,0,30-40,True,2.954285714285714,17,7,6,0.7
6,8,Shannon Elizabeth,False,,,0.0,0.8071428571428572,0.0719163240993147,0.0,6.0,0.0,0.0,percentage_based,Entertainment,0,1,0,0,30-40,True,2.954285714285714,17,8,5,0.8
6,9,Shannon Elizabeth,False,,,0.0,0.8071428571428572,0.0719163240993147,0.0,5.0,0.0,0.0,percentage_based,Entertainment,0,1,0,0,30-40,True,2.954285714285714,17,9,4,0.9
6,10,Shannon Elizabeth,False,,,0.0,0.8071428571428572,0.0719163240993147,0.0,4.0,0.0,0.0,percentage_based,Entertainment,0,1,0,0,30-40,True,2.954285714285714,17,10,3,1.0
6,1,Steve Guttenberg,False,0.6,-0.5822723554234827,0.0,,0.0,0.0,8.0,0.07407407407407407,0.07407407407407407,percentage_based,Entertainment,0,1,0,0,40-50,True,8.220183486238533,11,1,12,0.1
6,2,Steve Guttenberg,False,0.5333333333333333,-1.2867790018163423,-0.06666666666666665,0.6,0.0,0.5773502691896258,11.0,0.0622568093385214,0.0622568093385214,percentage_based,Entertainment,0,1,0,0,40-50,True,8.220183486238533,11,2,12,0.2
6,3,Steve Guttenberg,True,0.7,-0.688023708440795,0.16666666666666663,0.5666666666666667,0.04714045207910316,0.0,6.0,0.09210526315789473,0.09210526315789473,percentage_based,Entertainment,0,1,0,0,40-50,True,8.220183486238533,11,3,10,0.3
6,4,Steve Guttenberg,False,,,0.0,0.611111111111111,0.08388704928078611,0.0,10.0,0.0,0.0,percentage_based,Entertainment,0,1,0,0,40-50,True,8.220183486238533,11,4,9,0.4
6,5,Steve Guttenberg,False,,,0.0,0.611111111111111,0.08388704928078611,0.0,9.0,0.0,0.0,percentage_based,Entertainment,0,1,0,0,40-50,True,8.220183486238533,11,5,8,0.5
6,6,Steve Guttenberg,False,,,0.0,0.611111111111111,0.08388704928078611,0.0,8.0,0.0,0.0,percentage_based,Entertainment,0,1,0,0,40-50,True,8.220183486238533,11,6,7,0.6
6,7,Steve Guttenberg,False,,,0.0,0.611111111111111,0.08388704928078611,0.0,7.0,0.0,0.0,percentage_based,Entertainment,0,1,0,0,40-50,True,8.220183486238533,11,7,6,0.7
6,8,Steve Guttenberg,False,,,0.0,0.611111111111111,0.08388704928078611,0.0,6.0,0.0,0.0,percentage_based,Entertainment,0,1,0,0,40-50,True,8.220183486238533,11,8,5,0.8
6,9,Steve Guttenberg,False,,,0.0,0.611111111111111,0.08388704928078611,0.0,5.0,0.0,0.0,percentage_based,Entertainment,0,1,0,0,40-50,True,8.220183486238533,11,9,4,0.9
6,10,Steve Guttenberg,False,,,0.0,0.611111111111111,0.08388704928078611,0.0,4.0,0.0,0.0,percentage_based,Entertainment,0,1,0,0,40-50,True,8.220183486238533,11,10,3,1.0
7,1,Brooke Burke,False,0.8166666666666667,1.613752088827712,0.0,,0.0,0.2886751345948129,1.0,0.09722222222222222,0.09722222222222222,percentage_based,Media,0,0,0,0,30-40,True,2.954285714285714,17,1,13,0.1
7,2,Brooke Burke,False,0.8,1.2688838319687494,-0.016666666666666607,0.8166666666666667,0.0,0.0,1.0,0.1085972850678733,0.1085972850678733,percentage_based,Media,0,0,0,0,30-40,True,2.954285714285714,17,2,11,0.2
7,3,Brooke Burke,False,0.9333333333333333,1.7471208900673254,0.1333333333333333,0.8083333333333333,0.01178511301977575,0.5773502691896257,1.0,0.1407035175879397,0.1407035175879397,percentage_based,Media,0,0,0,0,30-40,True,2.954285714285714,17,3,9,0.3
7,4,Brooke Burke,False,0.8666666666666667,1.3230477593065912,-0.06666666666666665,0.85,0.07264831572567791,0.5773502691896257,1.0,0.12807881773399016,0.12807881773399016,percentage_based,Media,0,0,0,0,30-40,True,2.954285714285714,17,4,9,0.4
7,5,Brooke Burke,False,0.9666666666666667,1.4047899935096744,0.09999999999999998,0.8541666666666667,0.05989960736902175,0.5773502691896257,1.0,0.14871794871794872,0.14871794871794872,percentage_based,Media,0,0,0,0,30-40,True,2.954285714285714,17,5,8,0.5
7,6,Brooke Burke,False,0.8666666666666667,0.7822299479882563,-0.09999999999999998,0.8766666666666667,0.07226494462892936,1.1547005383792517,2.0,0.1625,0.1625,percentage_based,Media,0,0,0,0,30-40,True,2.954285714285714,17,6,7,0.6
7,7,Brooke Burke,False,1.0,1.7480147469502514,0.1333333333333333,0.875,0.06476453075908485,0.0,1.0,0.20408163265306123,0.20408163265306123,percentage_based,Media,0,0,0,0,30-40,True,2.954285714285714,17,7,6,0.7
7,8,Brooke Burke,False,0.9166666666666666,1.2060453783110547,-0.08333333333333337,0.8928571428571429,0.0756803358047071,0.5773502691896257,1.0,0.21568627450980393,0.21568627450980393,percentage_based,Media,0,0,0,0,30-40,True,2.954285714285714,17,8,5,0.8
7,9,Brooke Burke,False,0.8166666666666667,-0.2649994700015892,-0.09999999999999998,0.8958333333333334,0.07057023969180444,0.2886751345948129,2.0,0.24378109452736318,0.24378109452736318,percentage_based,Media,0,0,0,0,30-40,True,2.954285714285714,17,9,4,0.9
7,10,Brooke Burke,False,1.0,1.154700538379254,0.18333333333333335,0.8870370370370371,0.07109157717816517,0.0,1.0,0.35294117647058826,0.35294117647058826,percentage_based,Media,0,0,0,0,30-40,True,2.954285714285714,17,10,3,1.0
7,1,Cloris Leachman,False,0.5333333333333333,-1.06774574298375,0.0,,0.0,0.5773502691896258,12.0,0.06349206349206349,0.06349206349206349,percentage_based,Entertainment,0,1,0,0,60+,True,7.5,2,1,13,0.1
7,2,Cloris Leachman,False,0.5,-1.6524998741918586,-0.033333333333333326,0.5333333333333333,0.0,0.0,11.0,0.06787330316742081,0.06787330316742081,percentage_based,Entertainment,0,1,0,0,60+,True,7.5,2,2,11,0.2
7,3,Cloris Leachman,False,0.5333333333333333,-1.8130499802585454,0.033333333333333326,0.5166666666666666,0.02357022603955154,0.5773502691896258,9.0,0.08040201005025126,0.08040201005025126,percentage_based,Entertainment,0,1,0,0,60+,True,7.5,2,3,9,0.3
7,4,Cloris Leachman,False,0.7333333333333333,-0.21339479988816085,0.19999999999999996,0.5222222222222223,0.01924500897298752,0.5773502691896258,5.0,0.10837438423645321,0.10837438423645321,percentage_based,Entertainment,0,1,0,0,60+,True,7.5,2,4,9,0.4
7,5,Cloris Leachman,False,0.7,-1.0251170222908421,-0.033333333333333326,0.575,0.10671873729054748,0.0,7.0,0.1076923076923077,0.1076923076923077,percentage_based,Entertainment,0,1,0,0,60+,True,7.5,2,5,8,0.5
7,6,Cloris Leachman,True,0.5,-1.955574869970639,-0.19999999999999996,0.6,0.10801234497346433,0.0,7.0,0.09375,0.09375,percentage_based,Entertainment,0,1,0,0,60+,True,7.5,2,6,7,0.6
7,7,Cloris Leachman,False,,,0.0,0.5833333333333334,0.10488088481701516,0.0,7.0,0.0,0.0,percentage_based,Entertainment,0,1,0,0,60+,True,7.5,2,7,6,0.7
7,8,Cloris Leachman,False,,,0.0,0.5833333333333334,0.10488088481701516,0.0,6.0,0.0,0.0,percentage_based,Entertainment,0,1,0,0,60+,True,7.5,2,8,5,0.8
7,9,Cloris Leachman,False,,,0.0,0.5833333333333334,0.10488088481701516,0.0,5.0,0.0,0.0,percentage_based,Entertainment,0,1,0,0,60+,True,7.5,2,9,4,0.9
7,10,Cloris Leachman,False,,,0.0,0.5833333333333334,0.10488088481701516,0.0,4.0,0.0,0.0,percentage_based,Entertainment,0,1,0,0,60+,True,7.5,2,10,3,1.0
7,1,Cody Linley,False,0.6833333333333333,0.35187075621055364,0.0,,0.0,0.28867513459481287,6.0,0.08134920634920635,0.08134920634920635,percentage_based,Entertainment,0,1,0,0,Under 20,True,4.235294117647059,5,1,13,0.1
7,2,Cody Linley,False,0.7,0.29508926324854595,0.016666666666666607,0.6833333333333333,0.0,0.0,4.0,0.09502262443438914,0.09502262443438914,percentage_based,Entertainment,0,1,0,0,Under 20,True,4.235294117647059,5,2,11,0.2
7,3,Cody Linley,False,0.7,-0.3296454509560996,0.0,0.6916666666666667,0.01178511301977575,0.0,6.0,0.10552763819095477,0.10552763819095477,percentage_based,Entertainment,0,1,0,0,Under 20,True,4.235294117647059,5,3,9,0.3
7,4,Cody Linley,False,0.7666666666666667,0.17071583991052816,0.06666666666666676,0.6944444444444443,0.00962250448649373,0.5773502691896258,4.0,0.11330049261083744,0.11330049261083744,percentage_based,Entertainment,0,1,0,0,Under 20,True,4.235294117647059,5,4,9,0.4
7,5,Cody Linley,False,0.9333333333333333,1.10105161653461,0.16666666666666663,0.7125,0.03695592971013911,0.5773502691896257,2.0,0.14358974358974358,0.14358974358974358,percentage_based,Entertainment,0,1,0,0,Under 20,True,4.235294117647059,5,5,8,0.5
7,6,Cody Linley,False,0.7666666666666667,0.0355559067267396,-0.16666666666666663,0.7566666666666666,0.10381607668264958,0.5773502691896258,4.0,0.14375,0.14375,percentage_based,Entertainment,0,1,0,0,Under 20,True,4.235294117647059,5,6,7,0.6
7,7,Cody Linley,False,0.7333333333333333,-0.7945521577046616,-0.03333333333333344,0.7583333333333333,0.0929456232906579,0.5773502691896258,5.0,0.14965986394557823,0.14965986394557823,percentage_based,Entertainment,0,1,0,0,Under 20,True,4.235294117647059,5,7,6,0.7
7,8,Cody Linley,False,0.8,-0.9045340337332901,0.06666666666666676,0.7547619047619047,0.08537189109045078,0.0,4.0,0.18823529411764706,0.18823529411764706,percentage_based,Entertainment,0,1,0,0,Under 20,True,4.235294117647059,5,8,5,0.8
7,9,Cody Linley,True,0.7666666666666667,-0.9009981980054046,-0.033333333333333326,0.7604166666666666,0.08064103292044436,0.28867513459481287,4.0,0.22885572139303484,0.22885572139303484,percentage_based,Entertainment,0,1,0,0,Under 20,True,4.235294117647059,5,9,4,0.9
7,10,Cody Linley,False,,,0.0,0.7611111111111111,0.07546154281781181,0.0,4.0,0.0,0.0,percentage_based,Entertainment,0,1,0,0,Under 20,True,4.235294117647059,5,10,3,1.0
7,1,Jeffrey Ross,True,0.4,-2.3296270756009085,0.0,,0.0,0.0,13.0,0.047619047619047616,0.047619047619047616,percentage_based,Entertainment,0,1,0,0,40-50,True,7.495238095238095,11,1,13,0.1
7,2,Jeffrey Ross,False,,,0.0,0.4,0.0,0.0,12.0,0.0,0.0,percentage_based,Entertainment,0,1,0,0,40-50,True,7.495238095238095,11,2,11,0.2
7,3,Jeffrey Ross,False,,,0.0,0.4,0.0,0.0,10.0,0.0,0.0,percentage_based,Entertainment,0,1,0,0,40-50,True,7.495238095238095,11,3,9,0.3
7,4,Jeffrey Ross,False,,,0.0,0.4,0.0,0.0,10.0,0.0,0.0,percentage_based,Entertainment,0,1,0,0,40-50,True,7.495238095238095,11,4,9,0.4
7,5,Jeffrey Ross,False,,,0.0,0.4,0.0,0.0,9.0,0.0,0.0,percentage_based,Entertainment,0,1,0,0,40-50,True,7.495238095238095,11,5,8,0.5
7,6,Jeffrey Ross,False,,,0.0,0.4,0.0,0.0,8.0,0.0,0.0,percentage_based,Entertainment,0,1,0,0,40-50,True,7.495238095238095,11,6,7,0.6
7,7,Jeffrey Ross,False,,,0.0,0.4,0.0,0.0,7.0,0.0,0.0,percentage_based,Entertainment,0,1,0,0,40-50,True,7.495238095238095,11,7,6,0.7
7,8,Jeffrey Ross,False,,,0.0,0.4,0.0,0.0,6.0,0.0,0.0,percentage_based,Entertainment,0,1,0,0,40-50,True,7.495238095238095,11,8,5,0.8
7,9,Jeffrey Ross,False,,,0.0,0.4,0.0,0.0,5.0,0.0,0.0,percentage_based,Entertainment,0,1,0,0,40-50,True,7.495238095238095,11,9,4,0.9
7,10,Jeffrey Ross,False,,,0.0,0.4,0.0,0.0,4.0,0.0,0.0,percentage_based,Entertainment,0,1,0,0,40-50,True,7.495238095238095,11,10,3,1.0
7,1,Kim Kardashian,False,0.6166666666666667,-0.2790699100980255,0.0,,0.0,0.28867513459481287,8.0,0.07341269841269842,0.07341269841269842,percentage_based,Media,0,0,0,0,20-30,True,5.134883720930232,21,1,13,0.1
7,2,Kim Kardashian,True,0.5666666666666667,-1.0033034950450572,-0.050000000000000044,0.6166666666666667,0.0,0.5773502691896258,9.0,0.07692307692307693,0.07692307692307693,percentage_based,Media,0,0,0,0,20-30,True,5.134883720930232,21,2,11,0.2
7,3,Kim Kardashian,False,,,0.0,0.5916666666666667,0.03535533905932741,0.0,10.0,0.0,0.0,percentage_based,Media,0,0,0,0,20-30,True,5.134883720930232,21,3,9,0.3
7,4,Kim Kardashian,False,,,0.0,0.5916666666666667,0.03535533905932741,0.0,10.0,0.0,0.0,percentage_based,Media,0,0,0,0,20-30,True,5.134883720930232,21,4,9,0.4
7,5,Kim Kardashian,False,,,0.0,0.5916666666666667,0.03535533905932741,0.0,9.0,0.0,0.0,percentage_based,Media,0,0,0,0,20-30,True,5.134883720930232,21,5,8,0.5
7,6,Kim Kardashian,False,,,0.0,0.5916666666666667,0.03535533905932741,0.0,8.0,0.0,0.0,percentage_based,Media,0,0,0,0,20-30,True,5.134883720930232,21,6,7,0.6
7,7,Kim Kardashian,False,,,0.0,0.5916666666666667,0.03535533905932741,0.0,7.0,0.0,0.0,percentage_based,Media,0,0,0,0,20-30,True,5.134883720930232,21,7,6,0.7
7,8,Kim Kardashian,False,,,0.0,0.5916666666666667,0.03535533905932741,0.0,6.0,0.0,0.0,percentage_based,Media,0,0,0,0,20-30,True,5.134883720930232,21,8,5,0.8
7,9,Kim Kardashian,False,,,0.0,0.5916666666666667,0.03535533905932741,0.0,5.0,0.0,0.0,percentage_based,Media,0,0,0,0,20-30,True,5.134883720930232,21,9,4,0.9
7,10,Kim Kardashian,False,,,0.0,0.5916666666666667,0.03535533905932741,0.0,4.0,0.0,0.0,percentage_based,Media,0,0,0,0,20-30,True,5.134883720930232,21,10,3,1.0
7,1,Lance Bass,False,0.7166666666666667,0.6673410893648433,0.0,,0.0,1.0408329997330665,3.0,0.08531746031746032,0.08531746031746032,percentage_based,Music,0,0,0,0,20-30,True,6.19672131147541,6,1,13,0.1
7,2,Lance Bass,False,0.6666666666666666,-0.02950892632485481,-0.050000000000000044,0.7166666666666667,0.0,0.5773502691896258,7.0,0.09049773755656108,0.09049773755656108,percentage_based,Music,0,0,0,0,20-30,True,6.19672131147541,6,2,11,0.2
7,3,Lance Bass,False,0.7333333333333333,-0.032964545095610455,0.06666666666666665,0.6916666666666667,0.03535533905932741,0.5773502691896258,4.0,0.11055276381909548,0.11055276381909548,percentage_based,Music,0,0,0,0,20-30,True,6.19672131147541,6,3,9,0.3
7,4,Lance Bass,False,0.8666666666666667,1.3230477593065912,0.13333333333333341,0.7055555555555556,0.03469443332443556,0.5773502691896257,1.0,0.12807881773399016,0.12807881773399016,percentage_based,Music,0,0,0,0,20-30,True,6.19672131147541,6,4,9,0.4
7,5,Lance Bass,False,0.7,-1.0251170222908421,-0.16666666666666674,0.7458333333333333,0.08539125638299669,0.0,7.0,0.1076923076923077,0.1076923076923077,percentage_based,Music,0,0,0,0,20-30,True,6.19672131147541,6,5,8,0.5
7,6,Lance Bass,False,0.9,1.0311212950754285,0.20000000000000007,0.7366666666666666,0.07673909622147562,0.0,1.0,0.16875,0.16875,percentage_based,Music,0,0,0,0,20-30,True,6.19672131147541,6,6,7,0.6
7,7,Lance Bass,False,0.8333333333333334,0.15891043154093146,-0.06666666666666665,0.7638888888888888,0.09569434365419624,1.1547005383792517,2.0,0.17006802721088435,0.17006802721088435,percentage_based,Music,0,0,0,0,20-30,True,6.19672131147541,6,7,6,0.7
7,8,Lance Bass,False,0.8333333333333334,-0.3015113445777627,0.0,0.7738095238095238,0.09121461407091422,0.7637626158259733,3.0,0.19607843137254902,0.19607843137254902,percentage_based,Music,0,0,0,0,20-30,True,6.19672131147541,6,8,5,0.8
7,9,Lance Bass,False,0.95,1.4309971380085873,0.11666666666666659,0.78125,0.08703105630695725,0.5,1.0,0.2835820895522388,0.2835820895522388,percentage_based,Music,0,0,0,0,20-30,True,6.19672131147541,6,9,4,0.9
7,10,Lance Bass,False,0.9166666666666666,-0.5773502691896234,-0.033333333333333326,0.8,0.09895285072531597,0.2886751345948129,2.0,0.3235294117647059,0.3235294117647059,percentage_based,Music,0,0,0,0,20-30,True,6.19672131147541,6,10,3,1.0
7,1,Maurice Greene,False,0.65,0.036400423056264064,0.0,,0.0,0.0,7.0,0.07738095238095238,0.07738095238095238,percentage_based,Sports,0,0,0,0,30-40,True,5.853754940711463,25,1,13,0.1
7,2,Maurice Greene,False,0.6333333333333333,-0.3541071158982556,-0.01666666666666672,0.65,0.0,0.5773502691896258,8.0,0.08597285067873303,0.08597285067873303,percentage_based,Sports,0,0,0,0,30-40,True,5.853754940711463,25,2,11,0.2
7,3,Maurice Greene,False,0.8,0.5603972666253688,0.16666666666666674,0.6416666666666666,0.01178511301977579,0.0,3.0,0.12060301507537688,0.12060301507537688,percentage_based,Sports,0,0,0,0,30-40,True,5.853754940711463,25,3,9,0.3
7,4,Maurice Greene,False,0.6666666666666666,-0.9816160794855363,-0.13333333333333341,0.6944444444444445,0.09179284245476843,0.5773502691896258,8.0,0.09852216748768473,0.09852216748768473,percentage_based,Sports,0,0,0,0,30-40,True,5.853754940711463,25,4,9,0.4
7,5,Maurice Greene,False,0.9,0.7973132395595456,0.2333333333333334,0.6875,0.07622457074451251,0.0,3.0,0.13846153846153847,0.13846153846153847,percentage_based,Sports,0,0,0,0,30-40,True,5.853754940711463,25,5,8,0.5
7,6,Maurice Greene,False,0.7,-0.46222678744760565,-0.20000000000000007,0.73,0.11571036638473192,0.0,6.0,0.13125,0.13125,percentage_based,Sports,0,0,0,0,30-40,True,5.853754940711463,25,6,7,0.6
7,7,Maurice Greene,False,0.8333333333333334,0.15891043154093146,0.13333333333333341,0.725,0.10421665467242325,0.5773502691896257,2.0,0.17006802721088435,0.17006802721088435,percentage_based,Sports,0,0,0,0,30-40,True,5.853754940711463,25,7,6,0.7
7,8,Maurice Greene,True,0.8,-0.9045340337332901,-0.033333333333333326,0.7404761904761905,0.10357370915204897,0.0,4.0,0.18823529411764706,0.18823529411764706,percentage_based,Sports,0,0,0,0,30-40,True,5.853754940711463,25,8,5,0.8
7,9,Maurice Greene,False,,,0.0,0.7479166666666667,0.0981727906570697,0.0,5.0,0.0,0.0,percentage_based,Sports,0,0,0,0,30-40,True,5.853754940711463,25,9,4,0.9
7,10,Maurice Greene,False,,,0.0,0.7479166666666667,0.0981727906570697,0.0,4.0,0.0,0.0,percentage_based,Sports,0,0,0,0,30-40,True,5.853754940711463,25,10,3,1.0
7,1,Misty May-Treanor,False,0.7,0.5096059227876979,0.0,,0.0,0.5,5.0,0.08333333333333333,0.08333333333333333,percentage_based,Sports,0,0,0,0,30-40,True,5.9941176470588236,17,1,13,0.1
7,2,Misty May-Treanor,False,0.7,0.29508926324854595,0.0,0.7,0.0,0.0,4.0,0.09502262443438914,0.09502262443438914,percentage_based,Sports,0,0,0,0,30-40,True,5.9941176470588236,17,2,11,0.2
7,3,Misty May-Treanor,False,,,0.0,0.7,0.0,0.0,10.0,0.0,0.0,percentage_based,Sports,0,0,0,0,30-40,True,5.9941176470588236,17,3,9,0.3
7,4,Misty May-Treanor,False,,,0.0,0.7,0.0,0.0,10.0,0.0,0.0,percentage_based,Sports,0,0,0,0,30-40,True,5.9941176470588236,17,4,9,0.4
7,5,Misty May-Treanor,False,,,0.0,0.7,0.0,0.0,9.0,0.0,0.0,percentage_based,Sports,0,0,0,0,30-40,True,5.9941176470588236,17,5,8,0.5
7,6,Misty May-Treanor,False,,,0.0,0.7,0.0,0.0,8.0,0.0,0.0,percentage_based,Sports,0,0,0,0,30-40,True,5.9941176470588236,17,6,7,0.6
7,7,Misty May-Treanor,False,,,0.0,0.7,0.0,0.0,7.0,0.0,0.0,percentage_based,Sports,0,0,0,0,30-40,True,5.9941176470588236,17,7,6,0.7
7,8,Misty May-Treanor,False,,,0.0,0.7,0.0,0.0,6.0,0.0,0.0,percentage_based,Sports,0,0,0,0,30-40,True,5.9941176470588236,17,8,5,0.8
7,9,Misty May-Treanor,False,,,0.0,0.7,0.0,0.0,5.0,0.0,0.0,percentage_based,Sports,0,0,0,0,30-40,True,5.9941176470588236,17,9,4,0.9
7,10,Misty May-Treanor,False,,,0.0,0.7,0.0,0.0,4.0,0.0,0.0,percentage_based,Sports,0,0,0,0,30-40,True,5.9941176470588236,17,10,3,1.0
7,1,Rocco DiSpirito,False,0.5833333333333334,-0.5945402432523151,0.0,,0.0,0.28867513459481287,11.0,0.06944444444444445,0.06944444444444445,percentage_based,Media,0,0,0,0,40-50,True,6.711956521739131,18,1,13,0.1
7,2,Rocco DiSpirito,False,0.5333333333333333,-1.327901684618458,-0.050000000000000044,0.5833333333333334,0.0,0.5773502691896258,10.0,0.07239819004524888,0.07239819004524888,percentage_based,Media,0,0,0,0,40-50,True,6.711956521739131,18,2,11,0.2
7,3,Rocco DiSpirito,False,0.6666666666666666,-0.6263263568165888,0.1333333333333333,0.5583333333333333,0.03535533905932741,0.5773502691896258,8.0,0.10050251256281408,0.10050251256281408,percentage_based,Media,0,0,0,0,40-50,True,6.711956521739131,18,3,9,0.3
7,4,Rocco DiSpirito,True,0.6,-1.7498373590829117,-0.06666666666666665,0.5944444444444444,0.06735753140545632,0.0,9.0,0.08866995073891626,0.08866995073891626,percentage_based,Media,0,0,0,0,40-50,True,6.711956521739131,18,4,9,0.4
7,5,Rocco DiSpirito,False,,,0.0,0.5958333333333333,0.05506729889333056,0.0,9.0,0.0,0.0,percentage_based,Media,0,0,0,0,40-50,True,6.711956521739131,18,5,8,0.5
7,6,Rocco DiSpirito,False,,,0.0,0.5958333333333333,0.05506729889333056,0.0,8.0,0.0,0.0,percentage_based,Media,0,0,0,0,40-50,True,6.711956521739131,18,6,7,0.6
7,7,Rocco DiSpirito,False,,,0.0,0.5958333333333333,0.05506729889333056,0.0,7.0,0.0,0.0,percentage_based,Media,0,0,0,0,40-50,True,6.711956521739131,18,7,6,0.7
7,8,Rocco DiSpirito,False,,,0.0,0.5958333333333333,0.05506729889333056,0.0,6.0,0.0,0.0,percentage_based,Media,0,0,0,0,40-50,True,6.711956521739131,18,8,5,0.8
7,9,Rocco DiSpirito,False,,,0.0,0.5958333333333333,0.05506729889333056,0.0,5.0,0.0,0.0,percentage_based,Media,0,0,0,0,40-50,True,6.711956521739131,18,9,4,0.9
7,10,Rocco DiSpirito,False,,,0.0,0.5958333333333333,0.05506729889333056,0.0,4.0,0.0,0.0,percentage_based,Media,0,0,0,0,40-50,True,6.711956521739131,18,10,3,1.0
7,1,Susan Lucci,False,0.6166666666666667,-0.2790699100980255,0.0,,0.0,0.28867513459481287,8.0,0.07341269841269842,0.07341269841269842,percentage_based,Entertainment,0,1,0,0,60+,True,7.702830188679245,21,1,13,0.1
7,2,Susan Lucci,False,0.7,0.29508926324854595,0.08333333333333326,0.6166666666666667,0.0,0.0,4.0,0.09502262443438914,0.09502262443438914,percentage_based,Entertainment,0,1,0,0,60+,True,7.702830188679245,21,2,11,0.2
7,3,Susan Lucci,False,0.7,-0.3296454509560996,0.0,0.6583333333333333,0.058925565098878904,0.0,6.0,0.10552763819095477,0.10552763819095477,percentage_based,Entertainment,0,1,0,0,60+,True,7.702830188679245,21,3,9,0.3
7,4,Susan Lucci,False,0.8,0.554826479709216,0.10000000000000009,0.6722222222222222,0.048112522432468774,0.0,3.0,0.11822660098522167,0.11822660098522167,percentage_based,Entertainment,0,1,0,0,60+,True,7.702830188679245,21,4,9,0.4
7,5,Susan Lucci,False,0.7333333333333333,-0.7213786453157777,-0.06666666666666676,0.7041666666666666,0.07500000000000004,0.5773502691896258,5.0,0.11282051282051282,0.11282051282051282,percentage_based,Entertainment,0,1,0,0,60+,True,7.702830188679245,21,5,8,0.5
7,6,Susan Lucci,False,0.7666666666666667,0.0355559067267396,0.03333333333333344,0.71,0.066248689714506,0.5773502691896258,4.0,0.14375,0.14375,percentage_based,Entertainment,0,1,0,0,60+,True,7.702830188679245,21,6,7,0.6
7,7,Susan Lucci,True,0.8,-0.1589104315409325,0.033333333333333326,0.7194444444444444,0.06361050460652155,0.0,4.0,0.16326530612244897,0.16326530612244897,percentage_based,Entertainment,0,1,0,0,60+,True,7.702830188679245,21,7,6,0.7
7,8,Susan Lucci,False,,,0.0,0.730952380952381,0.0655663160391203,0.0,6.0,0.0,0.0,percentage_based,Entertainment,0,1,0,0,60+,True,7.702830188679245,21,8,5,0.8
7,9,Susan Lucci,False,,,0.0,0.730952380952381,0.0655663160391203,0.0,5.0,0.0,0.0,percentage_based,Entertainment,0,1,0,0,60+,True,7.702830188679245,21,9,4,0.9
7,10,Susan Lucci,False,,,0.0,0.730952380952381,0.0655663160391203,0.0,4.0,0.0,0.0,percentage_based,Entertainment,0,1,0,0,60+,True,7.702830188679245,21,10,3,1.0
7,1,Ted McGinley,True,0.6166666666666667,-0.2790699100980255,0.0,,0.0,0.28867513459481287,8.0,0.07341269841269842,0.07341269841269842,percentage_based,Entertainment,0,1,0,0,40-50,True,12.0,1,1,13,0.1
7,2,Ted McGinley,False,,,0.0,0.6166666666666667,0.0,0.0,12.0,0.0,0.0,percentage_based,Entertainment,0,1,0,0,40-50,True,12.0,1,2,11,0.2
7,3,Ted McGinley,False,,,0.0,0.6166666666666667,0.0,0.0,10.0,0.0,0.0,percentage_based,Entertainment,0,1,0,0,40-50,True,12.0,1,3,9,0.3
7,4,Ted McGinley,False,,,0.0,0.6166666666666667,0.0,0.0,10.0,0.0,0.0,percentage_based,Entertainment,0,1,0,0,40-50,True,12.0,1,4,9,0.4
7,5,Ted McGinley,False,,,0.0,0.6166666666666667,0.0,0.0,9.0,0.0,0.0,percentage_based,Entertainment,0,1,0,0,40-50,True,12.0,1,5,8,0.5
7,6,Ted McGinley,False,,,0.0,0.6166666666666667,0.0,0.0,8.0,0.0,0.0,percentage_based,Entertainment,0,1,0,0,40-50,True,12.0,1,6,7,0.6
7,7,Ted McGinley,False,,,0.0,0.6166666666666667,0.0,0.0,7.0,0.0,0.0,percentage_based,Entertainment,0,1,0,0,40-50,True,12.0,1,7,6,0.7
7,8,Ted McGinley,False,,,0.0,0.6166666666666667,0.0,0.0,6.0,0.0,0.0,percentage_based,Entertainment,0,1,0,0,40-50,True,12.0,1,8,5,0.8
7,9,Ted McGinley,False,,,0.0,0.6166666666666667,0.0,0.0,5.0,0.0,0.0,percentage_based,Entertainment,0,1,0,0,40-50,True,12.0,1,9,4,0.9
7,10,Ted McGinley,False,,,0.0,0.6166666666666667,0.0,0.0,4.0,0.0,0.0,percentage_based,Entertainment,0,1,0,0,40-50,True,12.0,1,10,3,1.0
7,1,Toni Braxton,False,0.75,0.9828114225191328,0.0,,0.0,0.5,2.0,0.08928571428571429,0.08928571428571429,percentage_based,Music,0,0,0,0,30-40,True,9.043478260869565,5,1,13,0.1
7,2,Toni Braxton,False,0.7666666666666667,0.9442856423953486,0.01666666666666672,0.75,0.0,0.5773502691896258,3.0,0.10407239819004525,0.10407239819004525,percentage_based,Music,0,0,0,0,30-40,True,9.043478260869565,5,2,11,0.2
7,3,Toni Braxton,False,0.7333333333333333,-0.032964545095610455,-0.03333333333333344,0.7583333333333333,0.011785113019775868,0.5773502691896258,4.0,0.11055276381909548,0.11055276381909548,percentage_based,Music,0,0,0,0,30-40,True,9.043478260869565,5,3,9,0.3
7,4,Toni Braxton,False,0.7333333333333333,-0.21339479988816085,0.0,0.75,0.01666666666666672,0.5773502691896258,5.0,0.10837438423645321,0.10837438423645321,percentage_based,Music,0,0,0,0,30-40,True,9.043478260869565,5,4,9,0.4
7,5,Toni Braxton,True,0.7333333333333333,-0.7213786453157777,0.0,0.7458333333333333,0.01595711846260569,0.5773502691896258,5.0,0.11282051282051282,0.11282051282051282,percentage_based,Music,0,0,0,0,30-40,True,9.043478260869565,5,5,8,0.5
7,6,Toni Braxton,False,,,0.0,0.7433333333333334,0.014907119849998648,0.0,8.0,0.0,0.0,percentage_based,Music,0,0,0,0,30-40,True,9.043478260869565,5,6,7,0.6
7,7,Toni Braxton,False,,,0.0,0.7433333333333334,0.014907119849998648,0.0,7.0,0.0,0.0,percentage_based,Music,0,0,0,0,30-40,True,9.043478260869565,5,7,6,0.7
7,8,Toni Braxton,False,,,0.0,0.7433333333333334,0.014907119849998648,0.0,6.0,0.0,0.0,percentage_based,Music,0,0,0,0,30-40,True,9.043478260869565,5,8,5,0.8
7,9,Toni Braxton,False,,,0.0,0.7433333333333334,0.014907119849998648,0.0,5.0,0.0,0.0,percentage_based,Music,0,0,0,0,30-40,True,9.043478260869565,5,9,4,0.9
7,10,Toni Braxton,False,,,0.0,0.7433333333333334,0.014907119849998648,0.0,4.0,0.0,0.0,percentage_based,Music,0,0,0,0,30-40,True,9.043478260869565,5,10,3,1.0
7,1,Warren Sapp,False,0.7166666666666667,0.6673410893648433,0.0,,0.0,0.28867513459481287,3.0,0.08531746031746032,0.08531746031746032,percentage_based,Sports,0,0,0,0,30-40,True,6.163120567375887,14,1,13,0.1
7,2,Warren Sapp,False,0.8,1.2688838319687494,0.08333333333333337,0.7166666666666667,0.0,0.0,1.0,0.1085972850678733,0.1085972850678733,percentage_based,Sports,0,0,0,0,30-40,True,6.163120567375887,14,2,11,0.2
7,3,Warren Sapp,False,0.8333333333333334,0.857078172485858,0.033333333333333326,0.7583333333333333,0.05892556509887902,0.5773502691896257,2.0,0.12562814070351758,0.12562814070351758,percentage_based,Sports,0,0,0,0,30-40,True,6.163120567375887,14,3,9,0.3
7,4,Warren Sapp,False,0.7333333333333333,-0.21339479988816085,-0.10000000000000009,0.7833333333333333,0.06009252125773321,0.5773502691896258,5.0,0.10837438423645321,0.10837438423645321,percentage_based,Sports,0,0,0,0,30-40,True,6.163120567375887,14,4,9,0.4
7,5,Warren Sapp,False,0.8333333333333334,0.18983648560941666,0.10000000000000009,0.7708333333333334,0.055067298893330625,0.5773502691896257,4.0,0.1282051282051282,0.1282051282051282,percentage_based,Sports,0,0,0,0,30-40,True,6.163120567375887,14,5,8,0.5
7,6,Warren Sapp,False,0.8333333333333334,0.533338600901084,0.0,0.7833333333333334,0.05527707983925672,0.5773502691896257,3.0,0.15625,0.15625,percentage_based,Sports,0,0,0,0,30-40,True,6.163120567375887,14,6,7,0.6
7,7,Warren Sapp,False,0.7,-1.1123730207865254,-0.13333333333333341,0.7916666666666666,0.0534893551196041,0.0,6.0,0.14285714285714285,0.14285714285714285,percentage_based,Sports,0,0,0,0,30-40,True,6.163120567375887,14,7,6,0.7
7,8,Warren Sapp,False,0.9,0.9045340337332921,0.20000000000000007,0.7785714285714286,0.05987199750013432,0.5,2.0,0.21176470588235294,0.21176470588235294,percentage_based,Sports,0,0,0,0,30-40,True,6.163120567375887,14,8,5,0.8
7,9,Warren Sapp,False,0.8166666666666667,-0.2649994700015892,-0.08333333333333337,0.79375,0.07011187205584093,0.2886751345948129,2.0,0.24378109452736318,0.24378109452736318,percentage_based,Sports,0,0,0,0,30-40,True,6.163120567375887,14,9,4,0.9
7,10,Warren Sapp,False,0.9166666666666666,-0.5773502691896234,0.09999999999999998,0.7962962962962963,0.06602702402224844,0.2886751345948129,2.0,0.3235294117647059,0.3235294117647059,percentage_based,Sports,0,0,0,0,30-40,True,6.163120567375887,14,10,3,1.0
8,1,Belinda Carlisle,False,0.5666666666666667,-0.4941013981736698,0.0,,0.0,0.5773502691896258,9.0,0.06995884773662552,0.06995884773662552,percentage_based,Music,0,0,0,0,40-50,True,9.092307692307692,7,1,13,0.09090909090909091
8,2,Belinda Carlisle,True,0.6,-0.6315580123521842,0.033333333333333326,0.5666666666666667,0.0,0.0,9.0,0.06792452830188679,0.06792452830188679,percentage_based,Music,0,0,0,0,40-50,True,9.092307692307692,7,2,13,0.18181818181818182
8,3,Belinda Carlisle,False,,,0.0,0.5833333333333333,0.02357022603955162,0.0,13.0,0.0,0.0,percentage_based,Music,0,0,0,0,40-50,True,9.092307692307692,7,3,12,0.2727272727272727
8,4,Belinda Carlisle,False,,,0.0,0.5833333333333333,0.02357022603955162,0.0,12.0,0.0,0.0,percentage_based,Music,0,0,0,0,40-50,True,9.092307692307692,7,4,11,0.36363636363636365
8,5,Belinda Carlisle,False,,,0.0,0.5833333333333333,0.02357022603955162,0.0,10.0,0.0,0.0,percentage_based,Music,0,0,0,0,40-50,True,9.092307692307692,7,5,9,0.45454545454545453
8,6,Belinda Carlisle,False,,,0.0,0.5833333333333333,0.02357022603955162,0.0,9.0,0.0,0.0,percentage_based,Music,0,0,0,0,40-50,True,9.092307692307692,7,6,8,0.5454545454545454
8,7,Belinda Carlisle,False,,,0.0,0.5833333333333333,0.02357022603955162,0.0,8.0,0.0,0.0,percentage_based,Music,0,0,0,0,40-50,True,9.092307692307692,7,7,7,0.6363636363636364
8,8,Belinda Carlisle,False,,,0.0,0.5833333333333333,0.02357022603955162,0.0,7.0,0.0,0.0,percentage_based,Music,0,0,0,0,40-50,True,9.092307692307692,7,8,6,0.7272727272727273
8,9,Belinda Carlisle,False,,,0.0,0.5833333333333333,0.02357022603955162,0.0,6.0,0.0,0.0,percentage_based,Music,0,0,0,0,40-50,True,9.092307692307692,7,9,5,0.8181818181818182
8,10,Belinda Carlisle,False,,,0.0,0.5833333333333333,0.02357022603955162,0.0,5.0,0.0,0.0,percentage_based,Music,0,0,0,0,40-50,True,9.092307692307692,7,10,4,0.9090909090909091
8,11,Belinda Carlisle,False,,,0.0,0.5833333333333333,0.02357022603955162,0.0,4.0,0.0,0.0,percentage_based,Music,0,0,0,0,40-50,True,9.092307692307692,7,11,3,1.0
8,1,Chuck Wicks,False,0.6666666666666666,0.38180562586147165,0.0,,0.0,0.5773502691896258,5.0,0.0823045267489712,0.0823045267489712,percentage_based,Music,0,0,0,0,20-30,True,4.235294117647059,5,1,13,0.09090909090909091
8,2,Chuck Wicks,False,0.6666666666666666,-0.10186419554067459,0.0,0.6666666666666666,0.0,0.5773502691896258,6.0,0.07547169811320754,0.07547169811320754,percentage_based,Music,0,0,0,0,20-30,True,4.235294117647059,5,2,13,0.18181818181818182
8,3,Chuck Wicks,False,0.7666666666666667,0.32992202764365575,0.10000000000000009,0.6666666666666666,0.0,0.5773502691896258,6.0,0.09055118110236221,0.09055118110236221,percentage_based,Music,0,0,0,0,20-30,True,4.235294117647059,5,3,12,0.2727272727272727
8,4,Chuck Wicks,False,0.7333333333333333,0.0,-0.03333333333333344,0.7000000000000001,0.057735026918962644,0.5773502691896258,6.0,0.09090909090909091,0.09090909090909091,percentage_based,Music,0,0,0,0,20-30,True,4.235294117647059,5,4,11,0.36363636363636365
8,5,Chuck Wicks,False,0.7666666666666667,-0.0962250448649363,0.03333333333333344,0.7083333333333333,0.05000000000000005,0.5773502691896258,5.0,0.10952380952380952,0.10952380952380952,percentage_based,Music,0,0,0,0,20-30,True,4.235294117647059,5,5,9,0.45454545454545453
8,6,Chuck Wicks,False,0.7666666666666667,-0.05724642834319293,0.0,0.72,0.050552502960343734,0.5773502691896258,5.0,0.12365591397849462,0.12365591397849462,percentage_based,Music,0,0,0,0,20-30,True,4.235294117647059,5,6,8,0.5454545454545454
8,7,Chuck Wicks,False,0.9,0.36927447293799925,0.1333333333333333,0.7277777777777779,0.04906533814626588,0.0,3.0,0.14835164835164835,0.14835164835164835,percentage_based,Music,0,0,0,0,20-30,True,4.235294117647059,5,7,7,0.6363636363636364
8,8,Chuck Wicks,True,0.85,-0.2839809171235353,-0.050000000000000044,0.7523809523809524,0.07901510136288031,0.0,5.0,0.16346153846153846,0.16346153846153846,percentage_based,Music,0,0,0,0,20-30,True,4.235294117647059,5,8,6,0.7272727272727273
8,9,Chuck Wicks,False,,,0.0,0.7645833333333334,0.08088670304913372,0.0,6.0,0.0,0.0,percentage_based,Music,0,0,0,0,20-30,True,4.235294117647059,5,9,5,0.8181818181818182
8,10,Chuck Wicks,False,,,0.0,0.7645833333333334,0.08088670304913372,0.0,5.0,0.0,0.0,percentage_based,Music,0,0,0,0,20-30,True,4.235294117647059,5,10,4,0.9090909090909091
8,11,Chuck Wicks,False,,,0.0,0.7645833333333334,0.08088670304913372,0.0,4.0,0.0,0.0,percentage_based,Music,0,0,0,0,20-30,True,4.235294117647059,5,11,3,1.0
8,1,David Alan Grier,False,0.6333333333333333,0.0898366178497578,0.0,,0.0,0.5773502691896258,6.0,0.07818930041152264,0.07818930041152264,percentage_based,Entertainment,0,1,0,0,50-60,True,6.163120567375887,14,1,13,0.09090909090909091
8,2,David Alan Grier,False,0.5666666666666667,-0.896404920757939,-0.06666666666666665,0.6333333333333333,0.0,0.5773502691896258,11.0,0.06415094339622641,0.06415094339622641,percentage_based,Entertainment,0,1,0,0,50-60,True,6.163120567375887,14,2,13,0.18181818181818182
8,3,David Alan Grier,False,0.8,0.5098794972674678,0.2333333333333334,0.6,0.04714045207910316,0.0,5.0,0.09448818897637795,0.09448818897637795,percentage_based,Entertainment,0,1,0,0,50-60,True,6.163120567375887,14,3,12,0.2727272727272727
8,4,David Alan Grier,False,0.7333333333333333,0.0,-0.06666666666666676,0.6666666666666666,0.12018504251546637,0.5773502691896258,6.0,0.09090909090909091,0.09090909090909091,percentage_based,Entertainment,0,1,0,0,50-60,True,6.163120567375887,14,4,11,0.36363636363636365
8,5,David Alan Grier,True,0.7333333333333333,-0.38490017945975,0.0,0.6833333333333333,0.1036375450343202,0.5773502691896258,6.0,0.10476190476190476,0.10476190476190476,percentage_based,Entertainment,0,1,0,0,50-60,True,6.163120567375887,14,5,9,0.45454545454545453
8,6,David Alan Grier,False,,,0.0,0.6933333333333334,0.0924962461700774,0.0,9.0,0.0,0.0,percentage_based,Entertainment,0,1,0,0,50-60,True,6.163120567375887,14,6,8,0.5454545454545454
8,7,David Alan Grier,False,,,0.0,0.6933333333333334,0.0924962461700774,0.0,8.0,0.0,0.0,percentage_based,Entertainment,0,1,0,0,50-60,True,6.163120567375887,14,7,7,0.6363636363636364
8,8,David Alan Grier,False,,,0.0,0.6933333333333334,0.0924962461700774,0.0,7.0,0.0,0.0,percentage_based,Entertainment,0,1,0,0,50-60,True,6.163120567375887,14,8,6,0.7272727272727273
8,9,David Alan Grier,False,,,0.0,0.6933333333333334,0.0924962461700774,0.0,6.0,0.0,0.0,percentage_based,Entertainment,0,1,0,0,50-60,True,6.163120567375887,14,9,5,0.8181818181818182
8,10,David Alan Grier,False,,,0.0,0.6933333333333334,0.0924962461700774,0.0,5.0,0.0,0.0,percentage_based,Entertainment,0,1,0,0,50-60,True,6.163120567375887,14,10,4,0.9090909090909091
8,11,David Alan Grier,False,,,0.0,0.6933333333333334,0.0924962461700774,0.0,4.0,0.0,0.0,percentage_based,Entertainment,0,1,0,0,50-60,True,6.163120567375887,14,11,3,1.0
8,1,Denise Richards,False,0.6,-0.20213239016195603,0.0,,0.0,0.0,7.0,0.07407407407407407,0.07407407407407407,percentage_based,Entertainment,0,1,0,0,30-40,True,5.9941176470588236,17,1,13,0.09090909090909091
8,2,Denise Richards,False,0.7,0.16298271286508023,0.09999999999999998,0.6,0.0,0.0,5.0,0.07924528301886792,0.07924528301886792,percentage_based,Entertainment,0,1,0,0,30-40,True,5.9941176470588236,17,2,13,0.18181818181818182
8,3,Denise Richards,True,0.5333333333333333,-0.92978025972303,-0.16666666666666663,0.6499999999999999,0.07071067811865478,0.5773502691896258,10.0,0.06299212598425197,0.06299212598425197,percentage_based,Entertainment,0,1,0,0,30-40,True,5.9941176470588236,17,3,12,0.2727272727272727
8,4,Denise Richards,False,,,0.0,0.611111111111111,0.08388704928078608,0.0,12.0,0.0,0.0,percentage_based,Entertainment,0,1,0,0,30-40,True,5.9941176470588236,17,4,11,0.36363636363636365
8,5,Denise Richards,False,,,0.0,0.611111111111111,0.08388704928078608,0.0,10.0,0.0,0.0,percentage_based,Entertainment,0,1,0,0,30-40,True,5.9941176470588236,17,5,9,0.45454545454545453
8,6,Denise Richards,False,,,0.0,0.611111111111111,0.08388704928078608,0.0,9.0,0.0,0.0,percentage_based,Entertainment,0,1,0,0,30-40,True,5.9941176470588236,17,6,8,0.5454545454545454
8,7,Denise Richards,False,,,0.0,0.611111111111111,0.08388704928078608,0.0,8.0,0.0,0.0,percentage_based,Entertainment,0,1,0,0,30-40,True,5.9941176470588236,17,7,7,0.6363636363636364
8,8,Denise Richards,False,,,0.0,0.611111111111111,0.08388704928078608,0.0,7.0,0.0,0.0,percentage_based,Entertainment,0,1,0,0,30-40,True,5.9941176470588236,17,8,6,0.7272727272727273
8,9,Denise Richards,False,,,0.0,0.611111111111111,0.08388704928078608,0.0,6.0,0.0,0.0,percentage_based,Entertainment,0,1,0,0,30-40,True,5.9941176470588236,17,9,5,0.8181818181818182
8,10,Denise Richards,False,,,0.0,0.611111111111111,0.08388704928078608,0.0,5.0,0.0,0.0,percentage_based,Entertainment,0,1,0,0,30-40,True,5.9941176470588236,17,10,4,0.9090909090909091
8,11,Denise Richards,False,,,0.0,0.611111111111111,0.08388704928078608,0.0,4.0,0.0,0.0,percentage_based,Entertainment,0,1,0,0,30-40,True,5.9941176470588236,17,11,3,1.0
8,1,Gilles Marini,False,0.8,1.549681657908328,0.0,,0.0,0.0,1.0,0.09876543209876543,0.09876543209876543,percentage_based,Entertainment,0,1,0,0,30-40,False,5.853754940711463,25,1,13,0.09090909090909091
8,2,Gilles Marini,False,0.9,1.75206416329961,0.09999999999999998,0.8,0.0,0.0,1.0,0.1018867924528302,0.1018867924528302,percentage_based,Entertainment,0,1,0,0,30-40,False,5.853754940711463,25,2,13,0.18181818181818182
8,3,Gilles Marini,False,0.9,1.0497519061389045,0.0,0.8500000000000001,0.0707106781186547,0.0,1.0,0.1062992125984252,0.1062992125984252,percentage_based,Entertainment,0,1,0,0,30-40,False,5.853754940711463,25,3,12,0.2727272727272727
8,4,Gilles Marini,False,1.0,1.3522468075656269,0.09999999999999998,0.8666666666666667,0.05773502691896253,0.0,1.0,0.12396694214876033,0.12396694214876033,percentage_based,Entertainment,0,1,0,0,30-40,False,5.853754940711463,25,4,11,0.36363636363636365
8,5,Gilles Marini,False,0.9666666666666667,1.6358257627039403,-0.033333333333333326,0.9,0.08164965809277257,0.5773502691896257,1.0,0.1380952380952381,0.1380952380952381,percentage_based,Entertainment,0,1,0,0,30-40,False,5.853754940711463,25,5,9,0.45454545454545453
8,6,Gilles Marini,False,0.8666666666666667,0.6297107117751337,-0.09999999999999998,0.9133333333333333,0.07673909622147555,0.5773502691896257,3.0,0.13978494623655913,0.13978494623655913,percentage_based,Entertainment,0,1,0,0,30-40,False,5.853754940711463,25,6,8,0.5454545454545454
8,7,Gilles Marini,False,0.9,0.36927447293799925,0.033333333333333326,0.9055555555555556,0.07123253522144266,0.0,3.0,0.14835164835164835,0.14835164835164835,percentage_based,Entertainment,0,1,0,0,30-40,False,5.853754940711463,25,7,7,0.6363636363636364
8,8,Gilles Marini,False,0.9166666666666666,0.8519427513705945,0.016666666666666607,0.9047619047619049,0.06506000486323552,0.2886751345948129,2.0,0.1762820512820513,0.1762820512820513,percentage_based,Entertainment,0,1,0,0,30-40,False,5.853754940711463,25,8,6,0.7272727272727273
8,9,Gilles Marini,False,0.9333333333333333,0.5700877125495691,0.01666666666666672,0.90625,0.06038073644245597,0.2886751345948129,2.0,0.20973782771535582,0.20973782771535582,percentage_based,Entertainment,0,1,0,0,30-40,False,5.853754940711463,25,9,5,0.8181818181818182
8,10,Gilles Marini,False,1.0,1.051754387188332,0.06666666666666665,0.9092592592592593,0.057197945227705535,0.0,1.0,0.273972602739726,0.273972602739726,percentage_based,Entertainment,0,1,0,0,30-40,False,5.853754940711463,25,10,4,0.9090909090909091
8,11,Gilles Marini,False,0.9666666666666667,-0.21821789023599145,-0.033333333333333326,0.9183333333333333,0.061085853366237584,0.2886751345948129,2.0,0.3314285714285714,0.3314285714285714,percentage_based,Entertainment,0,1,0,0,30-40,False,5.853754940711463,25,11,3,1.0
8,1,Holly Madison,False,0.6,-0.20213239016195603,0.0,,0.0,0.0,7.0,0.07407407407407407,0.07407407407407407,percentage_based,Media,0,0,0,0,20-30,True,6.774193548387097,3,1,13,0.09090909090909091
8,2,Holly Madison,False,0.6,-0.6315580123521842,0.0,0.6,0.0,0.0,9.0,0.06792452830188679,0.06792452830188679,percentage_based,Media,0,0,0,0,20-30,True,6.774193548387097,3,2,13,0.18181818181818182
8,3,Holly Madison,False,0.5666666666666667,-0.7498227900992178,-0.033333333333333326,0.6,0.0,0.5773502691896258,9.0,0.06692913385826772,0.06692913385826772,percentage_based,Media,0,0,0,0,20-30,True,6.774193548387097,3,3,12,0.2727272727272727
8,4,Holly Madison,True,0.5333333333333333,-1.0141851056742197,-0.033333333333333326,0.5888888888888889,0.01924500897298754,0.5773502691896258,9.0,0.06611570247933884,0.06611570247933884,percentage_based,Media,0,0,0,0,20-30,True,6.774193548387097,3,4,11,0.36363636363636365
8,5,Holly Madison,False,,,0.0,0.575,0.03191423692521127,0.0,10.0,0.0,0.0,percentage_based,Media,0,0,0,0,20-30,True,6.774193548387097,3,5,9,0.45454545454545453
8,6,Holly Madison,False,,,0.0,0.575,0.03191423692521127,0.0,9.0,0.0,0.0,percentage_based,Media,0,0,0,0,20-30,True,6.774193548387097,3,6,8,0.5454545454545454
8,7,Holly Madison,False,,,0.0,0.575,0.03191423692521127,0.0,8.0,0.0,0.0,percentage_based,Media,0,0,0,0,20-30,True,6.774193548387097,3,7,7,0.6363636363636364
8,8,Holly Madison,False,,,0.0,0.575,0.03191423692521127,0.0,7.0,0.0,0.0,percentage_based,Media,0,0,0,0,20-30,True,6.774193548387097,3,8,6,0.7272727272727273
8,9,Holly Madison,False,,,0.0,0.575,0.03191423692521127,0.0,6.0,0.0,0.0,percentage_based,Media,0,0,0,0,20-30,True,6.774193548387097,3,9,5,0.8181818181818182
8,10,Holly Madison,False,,,0.0,0.575,0.03191423692521127,0.0,5.0,0.0,0.0,percentage_based,Media,0,0,0,0,20-30,True,6.774193548387097,3,10,4,0.9090909090909091
8,11,Holly Madison,False,,,0.0,0.575,0.03191423692521127,0.0,4.0,0.0,0.0,percentage_based,Media,0,0,0,0,20-30,True,6.774193548387097,3,11,3,1.0
8,1,Lawrence Taylor,False,0.5333333333333333,-0.7860704061853837,0.0,,0.0,0.5773502691896258,11.0,0.06584362139917696,0.06584362139917696,percentage_based,Sports,0,0,0,0,40-50,True,7.495238095238095,11,1,13,0.09090909090909091
8,2,Lawrence Taylor,False,0.6666666666666666,-0.10186419554067459,0.1333333333333333,0.5333333333333333,0.0,0.5773502691896258,6.0,0.07547169811320754,0.07547169811320754,percentage_based,Sports,0,0,0,0,40-50,True,7.495238095238095,11,2,13,0.18181818181818182
8,3,Lawrence Taylor,False,0.6666666666666666,-0.20995038122778134,0.0,0.6,0.09428090415820632,0.5773502691896258,8.0,0.07874015748031496,0.07874015748031496,percentage_based,Sports,0,0,0,0,40-50,True,7.495238095238095,11,3,12,0.2727272727272727
8,4,Lawrence Taylor,False,0.6333333333333333,-0.5070925528371099,-0.033333333333333326,0.6222222222222222,0.07698003589195007,1.1547005383792517,8.0,0.07851239669421488,0.07851239669421488,percentage_based,Sports,0,0,0,0,40-50,True,7.495238095238095,11,4,11,0.36363636363636365
8,5,Lawrence Taylor,False,0.6666666666666666,-0.9622504486493756,0.033333333333333326,0.625,0.06309898162000302,0.5773502691896258,8.0,0.09523809523809523,0.09523809523809523,percentage_based,Sports,0,0,0,0,40-50,True,7.495238095238095,11,5,9,0.45454545454545453
8,6,Lawrence Taylor,False,0.7333333333333333,-0.2862321417159692,0.06666666666666665,0.6333333333333333,0.057735026918962554,0.5773502691896258,6.0,0.11827956989247312,0.11827956989247312,percentage_based,Sports,0,0,0,0,40-50,True,7.495238095238095,11,6,8,0.5454545454545454
8,7,Lawrence Taylor,True,0.7,-1.84637236468999,-0.033333333333333326,0.65,0.06582805886043833,0.0,7.0,0.11538461538461539,0.11538461538461539,percentage_based,Sports,0,0,0,0,40-50,True,7.495238095238095,11,7,7,0.6363636363636364
8,8,Lawrence Taylor,False,,,0.0,0.6571428571428571,0.06299407883487121,0.0,7.0,0.0,0.0,percentage_based,Sports,0,0,0,0,40-50,True,7.495238095238095,11,8,6,0.7272727272727273
8,9,Lawrence Taylor,False,,,0.0,0.6571428571428571,0.06299407883487121,0.0,6.0,0.0,0.0,percentage_based,Sports,0,0,0,0,40-50,True,7.495238095238095,11,9,5,0.8181818181818182
8,10,Lawrence Taylor,False,,,0.0,0.6571428571428571,0.06299407883487121,0.0,5.0,0.0,0.0,percentage_based,Sports,0,0,0,0,40-50,True,7.495238095238095,11,10,4,0.9090909090909091
8,11,Lawrence Taylor,False,,,0.0,0.6571428571428571,0.06299407883487121,0.0,4.0,0.0,0.0,percentage_based,Sports,0,0,0,0,40-50,True,7.495238095238095,11,11,3,1.0
8,1,Lil' Kim,False,0.7,0.6737746338731855,0.0,,0.0,0.0,4.0,0.08641975308641975,0.08641975308641975,percentage_based,Music,0,0,0,0,30-40,True,2.954285714285714,17,1,13,0.09090909090909091
8,2,Lil' Kim,False,0.7666666666666667,0.6926765296765908,0.06666666666666676,0.7,0.0,0.5773502691896258,4.0,0.08679245283018867,0.08679245283018867,percentage_based,Music,0,0,0,0,30-40,True,2.954285714285714,17,2,13,0.18181818181818182
8,3,Lil' Kim,False,0.8333333333333334,0.68983696689128,0.06666666666666665,0.7333333333333334,0.047140452079103196,0.5773502691896257,4.0,0.0984251968503937,0.0984251968503937,percentage_based,Music,0,0,0,0,30-40,True,2.954285714285714,17,3,12,0.2727272727272727
8,4,Lil' Kim,False,0.9,0.845154254728517,0.06666666666666665,0.7666666666666666,0.06666666666666667,1.0,3.0,0.1115702479338843,0.1115702479338843,percentage_based,Music,0,0,0,0,30-40,True,2.954285714285714,17,4,11,0.36363636363636365
8,5,Lil' Kim,False,0.8666666666666667,0.7698003589195019,-0.033333333333333326,0.8,0.08606629658238703,0.5773502691896257,2.0,0.12380952380952381,0.12380952380952381,percentage_based,Music,0,0,0,0,30-40,True,2.954285714285714,17,5,9,0.45454545454545453
8,6,Lil' Kim,False,0.9333333333333333,1.0876821385206847,0.06666666666666665,0.8133333333333332,0.08027729719194862,1.1547005383792517,1.0,0.15053763440860216,0.15053763440860216,percentage_based,Music,0,0,0,0,30-40,True,2.954285714285714,17,6,8,0.5454545454545454
8,7,Lil' Kim,False,0.8666666666666667,1.2299310667862543e-15,-0.06666666666666665,0.8333333333333334,0.08692269873603531,0.5773502691896257,5.0,0.14285714285714285,0.14285714285714285,percentage_based,Music,0,0,0,0,30-40,True,2.954285714285714,17,7,7,0.6363636363636364
8,8,Lil' Kim,False,0.9333333333333333,1.1359236684941278,0.06666666666666665,0.8380952380952381,0.08034317926884929,0.5773502691896257,1.0,0.1794871794871795,0.1794871794871795,percentage_based,Music,0,0,0,0,30-40,True,2.954285714285714,17,8,6,0.7272727272727273
8,9,Lil' Kim,True,0.8666666666666667,-0.3069703067574601,-0.06666666666666665,0.85,0.0816496580927726,0.2886751345948129,4.0,0.1947565543071161,0.1947565543071161,percentage_based,Music,0,0,0,0,30-40,True,2.954285714285714,17,9,5,0.8181818181818182
8,10,Lil' Kim,False,,,0.0,0.8518518518518519,0.07657804862272345,0.0,5.0,0.0,0.0,percentage_based,Music,0,0,0,0,30-40,True,2.954285714285714,17,10,4,0.9090909090909091
8,11,Lil' Kim,False,,,0.0,0.8518518518518519,0.07657804862272345,0.0,4.0,0.0,0.0,percentage_based,Music,0,0,0,0,30-40,True,2.954285714285714,17,11,3,1.0
8,1,Melissa Rycroft,False,0.7666666666666667,1.257712649896614,0.0,,0.0,0.5773502691896258,2.0,0.09465020576131687,0.09465020576131687,percentage_based,Media,0,0,0,0,20-30,True,7.702830188679245,21,1,13,0.09090909090909091
8,2,Melissa Rycroft,False,0.8666666666666667,1.4872172548938551,0.09999999999999998,0.7666666666666667,0.0,0.5773502691896257,2.0,0.09811320754716982,0.09811320754716982,percentage_based,Media,0,0,0,0,20-30,True,7.702830188679245,21,2,13,0.18181818181818182
8,3,Melissa Rycroft,False,0.9,1.0497519061389045,0.033333333333333326,0.8166666666666667,0.07071067811865478,0.0,1.0,0.1062992125984252,0.1062992125984252,percentage_based,Media,0,0,0,0,20-30,True,7.702830188679245,21,3,12,0.2727272727272727
8,4,Melissa Rycroft,False,0.9666666666666667,1.1832159566199236,0.06666666666666665,0.8444444444444444,0.06938886664887112,0.5773502691896257,2.0,0.11983471074380166,0.11983471074380166,percentage_based,Media,0,0,0,0,20-30,True,7.702830188679245,21,4,11,0.36363636363636365
8,5,Melissa Rycroft,False,0.8333333333333334,0.48112522432468924,-0.1333333333333333,0.875,0.08333333333333336,0.5773502691896257,4.0,0.11904761904761904,0.11904761904761904,percentage_based,Media,0,0,0,0,20-30,True,7.702830188679245,21,5,9,0.45454545454545453
8,6,Melissa Rycroft,False,0.9,0.8586964251479092,0.06666666666666665,0.8666666666666668,0.074535599249993,0.0,2.0,0.14516129032258066,0.14516129032258066,percentage_based,Media,0,0,0,0,20-30,True,7.702830188679245,21,6,8,0.5454545454545454
8,7,Melissa Rycroft,False,0.9666666666666667,1.1078234188139953,0.06666666666666665,0.8722222222222222,0.06804138174397718,0.5773502691896257,1.0,0.15934065934065933,0.15934065934065933,percentage_based,Media,0,0,0,0,20-30,True,7.702830188679245,21,7,7,0.6363636363636364
8,8,Melissa Rycroft,False,0.7666666666666667,-1.7038855027411965,-0.19999999999999996,0.8857142857142858,0.07163989902474134,0.28867513459481287,6.0,0.14743589743589744,0.14743589743589744,percentage_based,Media,0,0,0,0,20-30,True,7.702830188679245,21,8,6,0.7272727272727273
8,9,Melissa Rycroft,False,0.95,0.7893522173763258,0.18333333333333324,0.8708333333333333,0.07855338898249344,0.0,1.0,0.21348314606741572,0.21348314606741572,percentage_based,Media,0,0,0,0,20-30,True,7.702830188679245,21,9,5,0.8181818181818182
8,10,Melissa Rycroft,False,0.9166666666666666,0.0500835422470645,-0.033333333333333326,0.8796296296296297,0.07807482956975108,0.2886751345948129,3.0,0.2511415525114155,0.2511415525114155,percentage_based,Media,0,0,0,0,20-30,True,7.702830188679245,21,10,4,0.9090909090909091
8,11,Melissa Rycroft,False,0.95,-0.8728715609439701,0.033333333333333326,0.8833333333333334,0.07453559924999298,0.0,3.0,0.32571428571428573,0.32571428571428573,percentage_based,Media,0,0,0,0,20-30,True,7.702830188679245,21,11,3,1.0
8,1,Shawn Johnson,False,0.7666666666666667,1.257712649896614,0.0,,0.0,0.5773502691896258,2.0,0.09465020576131687,0.09465020576131687,percentage_based,Sports,0,0,0,0,Under 20,True,5.134883720930232,21,1,13,0.09090909090909091
8,2,Shawn Johnson,False,0.8,0.9575234380823455,0.033333333333333326,0.7666666666666667,0.0,0.0,3.0,0.09056603773584905,0.09056603773584905,percentage_based,Sports,0,0,0,0,Under 20,True,5.134883720930232,21,2,13,0.18181818181818182
8,3,Shawn Johnson,False,0.9,1.0497519061389045,0.09999999999999998,0.7833333333333334,0.02357022603955154,0.0,1.0,0.1062992125984252,0.1062992125984252,percentage_based,Sports,0,0,0,0,Under 20,True,5.134883720930232,21,3,12,0.2727272727272727
8,4,Shawn Johnson,False,0.8333333333333334,0.5070925528371104,-0.06666666666666665,0.8222222222222223,0.06938886664887103,0.5773502691896257,4.0,0.10330578512396695,0.10330578512396695,percentage_based,Sports,0,0,0,0,Under 20,True,5.134883720930232,21,4,11,0.36363636363636365
8,5,Shawn Johnson,False,0.8666666666666667,0.7698003589195019,0.033333333333333326,0.8250000000000001,0.05692750425533106,0.5773502691896257,2.0,0.12380952380952381,0.12380952380952381,percentage_based,Sports,0,0,0,0,Under 20,True,5.134883720930232,21,5,9,0.45454545454545453
8,6,Shawn Johnson,False,0.8666666666666667,0.6297107117751337,0.0,0.8333333333333334,0.052704627669472946,0.5773502691896257,3.0,0.13978494623655913,0.13978494623655913,percentage_based,Sports,0,0,0,0,Under 20,True,5.134883720930232,21,6,8,0.5454545454545454
8,7,Shawn Johnson,False,0.9333333333333333,0.7385489458759973,0.06666666666666665,0.8388888888888889,0.049065338146265784,0.5773502691896257,2.0,0.15384615384615385,0.15384615384615385,percentage_based,Sports,0,0,0,0,Under 20,True,5.134883720930232,21,7,7,0.6363636363636364
8,8,Shawn Johnson,False,0.8666666666666667,-1.891692916468285e-15,-0.06666666666666665,0.8523809523809524,0.05727497953228162,0.5773502691896257,3.0,0.16666666666666666,0.16666666666666666,percentage_based,Sports,0,0,0,0,Under 20,True,5.134883720930232,21,8,6,0.7272727272727273
8,9,Shawn Johnson,False,0.9333333333333333,0.5700877125495691,0.06666666666666665,0.8541666666666667,0.05326632695523116,0.2886751345948129,2.0,0.20973782771535582,0.20973782771535582,percentage_based,Sports,0,0,0,0,Under 20,True,5.134883720930232,21,9,5,0.8181818181818182
8,10,Shawn Johnson,False,0.9333333333333333,0.2504177112353185,0.0,0.8629629629629629,0.05638273091717899,0.2886751345948129,2.0,0.2557077625570776,0.2557077625570776,percentage_based,Sports,0,0,0,0,Under 20,True,5.134883720930232,21,10,4,0.9090909090909091
8,11,Shawn Johnson,False,1.0,1.0910894511799616,0.06666666666666665,0.8700000000000001,0.05762801102173307,0.0,1.0,0.34285714285714286,0.34285714285714286,percentage_based,Sports,0,0,0,0,Under 20,True,5.134883720930232,21,11,3,1.0
8,1,Steve Wozniak,False,0.43333333333333335,-1.6619774302205252,0.0,,0.0,0.5773502691896258,13.0,0.053497942386831275,0.053497942386831275,percentage_based,Other,0,0,0,0,50-60,True,6.711956521739131,18,1,13,0.09090909090909091
8,2,Steve Wozniak,False,0.5666666666666667,-0.896404920757939,0.1333333333333333,0.43333333333333335,0.0,0.5773502691896258,11.0,0.06415094339622641,0.06415094339622641,percentage_based,Other,0,0,0,0,50-60,True,6.711956521739131,18,2,13,0.18181818181818182
8,3,Steve Wozniak,False,0.3333333333333333,-2.009525077465903,-0.23333333333333334,0.5,0.09428090415820632,0.5773502691896258,12.0,0.03937007874015748,0.03937007874015748,percentage_based,Other,0,0,0,0,50-60,True,6.711956521739131,18,3,12,0.2727272727272727
8,4,Steve Wozniak,True,0.4,-1.690308509457033,0.06666666666666671,0.4444444444444444,0.11706281947614154,0.0,11.0,0.049586776859504134,0.049586776859504134,percentage_based,Other,0,0,0,0,50-60,True,6.711956521739131,18,4,11,0.36363636363636365
8,5,Steve Wozniak,False,,,0.0,0.43333333333333335,0.09813067629253162,0.0,10.0,0.0,0.0,percentage_based,Other,0,0,0,0,50-60,True,6.711956521739131,18,5,9,0.45454545454545453
8,6,Steve Wozniak,False,,,0.0,0.43333333333333335,0.09813067629253162,0.0,9.0,0.0,0.0,percentage_based,Other,0,0,0,0,50-60,True,6.711956521739131,18,6,8,0.5454545454545454
8,7,Steve Wozniak,False,,,0.0,0.43333333333333335,0.09813067629253162,0.0,8.0,0.0,0.0,percentage_based,Other,0,0,0,0,50-60,True,6.711956521739131,18,7,7,0.6363636363636364
8,8,Steve Wozniak,False,,,0.0,0.43333333333333335,0.09813067629253162,0.0,7.0,0.0,0.0,percentage_based,Other,0,0,0,0,50-60,True,6.711956521739131,18,8,6,0.7272727272727273
8,9,Steve Wozniak,False,,,0.0,0.43333333333333335,0.09813067629253162,0.0,6.0,0.0,0.0,percentage_based,Other,0,0,0,0,50-60,True,6.711956521739131,18,9,5,0.8181818181818182
8,10,Steve Wozniak,False,,,0.0,0.43333333333333335,0.09813067629253162,0.0,5.0,0.0,0.0,percentage_based,Other,0,0,0,0,50-60,True,6.711956521739131,18,10,4,0.9090909090909091
8,11,Steve Wozniak,False,,,0.0,0.43333333333333335,0.09813067629253162,0.0,4.0,0.0,0.0,percentage_based,Other,0,0,0,0,50-60,True,6.711956521739131,18,11,3,1.0
8,1,Steve-O,False,0.5666666666666667,-0.4941013981736698,0.0,,0.0,0.5773502691896258,9.0,0.06995884773662552,0.06995884773662552,percentage_based,Media,0,0,0,0,30-40,False,6.19672131147541,6,1,13,0.09090909090909091
8,2,Steve-O,False,0.4666666666666667,-1.6909456459752035,-0.09999999999999998,0.5666666666666667,0.0,0.5773502691896258,13.0,0.052830188679245285,0.052830188679245285,percentage_based,Media,0,0,0,0,30-40,False,6.19672131147541,6,2,13,0.18181818181818182
8,3,Steve-O,False,0.5,-1.1097377293468422,0.033333333333333326,0.5166666666666666,0.0707106781186547,0.0,11.0,0.05905511811023622,0.05905511811023622,percentage_based,Media,0,0,0,0,30-40,False,6.19672131147541,6,3,12,0.2727272727272727
8,4,Steve-O,False,0.5,-1.183215956619923,0.0,0.5111111111111111,0.050917507721731516,0.0,10.0,0.06198347107438017,0.06198347107438017,percentage_based,Media,0,0,0,0,30-40,False,6.19672131147541,6,4,11,0.36363636363636365
8,5,Steve-O,False,0.6,-1.539600717839001,0.09999999999999998,0.5083333333333333,0.04194352464039302,0.0,9.0,0.08571428571428572,0.08571428571428572,percentage_based,Media,0,0,0,0,30-40,False,6.19672131147541,6,5,9,0.45454545454545453
8,6,Steve-O,True,0.5333333333333333,-1.6601464219526223,-0.06666666666666665,0.5266666666666666,0.0547722557505166,1.5275252316519465,8.0,0.08602150537634409,0.08602150537634409,percentage_based,Media,0,0,0,0,30-40,False,6.19672131147541,6,6,8,0.5454545454545454
8,7,Steve-O,False,,,0.0,0.5277777777777778,0.049065338146265805,0.0,8.0,0.0,0.0,percentage_based,Media,0,0,0,0,30-40,False,6.19672131147541,6,7,7,0.6363636363636364
8,8,Steve-O,False,,,0.0,0.5277777777777778,0.049065338146265805,0.0,7.0,0.0,0.0,percentage_based,Media,0,0,0,0,30-40,False,6.19672131147541,6,8,6,0.7272727272727273
8,9,Steve-O,False,,,0.0,0.5277777777777778,0.049065338146265805,0.0,6.0,0.0,0.0,percentage_based,Media,0,0,0,0,30-40,False,6.19672131147541,6,9,5,0.8181818181818182
8,10,Steve-O,False,,,0.0,0.5277777777777778,0.049065338146265805,0.0,5.0,0.0,0.0,percentage_based,Media,0,0,0,0,30-40,False,6.19672131147541,6,10,4,0.9090909090909091
8,11,Steve-O,False,,,0.0,0.5277777777777778,0.049065338146265805,0.0,4.0,0.0,0.0,percentage_based,Media,0,0,0,0,30-40,False,6.19672131147541,6,11,3,1.0
8,1,Ty Murray,False,0.4666666666666667,-1.3700084222088114,0.0,,0.0,0.5773502691896258,12.0,0.05761316872427984,0.05761316872427984,percentage_based,Sports,0,0,0,0,30-40,True,7.098591549295775,7,1,13,0.09090909090909091
8,2,Ty Murray,False,0.6666666666666666,-0.10186419554067459,0.19999999999999996,0.4666666666666667,0.0,0.5773502691896258,6.0,0.07547169811320754,0.07547169811320754,percentage_based,Sports,0,0,0,0,30-40,True,7.098591549295775,7,2,13,0.18181818181818182
8,3,Ty Murray,False,0.7666666666666667,0.32992202764365575,0.10000000000000009,0.5666666666666667,0.14142135623730948,0.5773502691896258,6.0,0.09055118110236221,0.09055118110236221,percentage_based,Sports,0,0,0,0,30-40,True,7.098591549295775,7,3,12,0.2727272727272727
8,4,Ty Murray,False,0.8333333333333334,0.5070925528371104,0.06666666666666665,0.6333333333333333,0.1527525231651947,0.5773502691896257,4.0,0.10330578512396695,0.10330578512396695,percentage_based,Sports,0,0,0,0,30-40,True,7.098591549295775,7,4,11,0.36363636363636365
8,5,Ty Murray,False,0.7,-0.6735753140545628,-0.13333333333333341,0.6833333333333333,0.15986105077709067,0.0,7.0,0.1,0.1,percentage_based,Sports,0,0,0,0,30-40,True,7.098591549295775,7,5,9,0.45454545454545453
8,6,Ty Murray,False,0.6,-1.2021749952070713,-0.09999999999999998,0.6866666666666668,0.13864422895390283,0.0,7.0,0.0967741935483871,0.0967741935483871,percentage_based,Sports,0,0,0,0,30-40,True,7.098591549295775,7,6,8,0.5454545454545454
8,7,Ty Murray,False,0.8,-0.7385489458759948,0.20000000000000007,0.6722222222222222,0.12895592126625915,0.0,6.0,0.13186813186813187,0.13186813186813187,percentage_based,Sports,0,0,0,0,30-40,True,7.098591549295775,7,7,7,0.6363636363636364
8,8,Ty Murray,False,0.8666666666666667,-1.891692916468285e-15,0.06666666666666665,0.6904761904761905,0.12724180205607039,0.5773502691896257,3.0,0.16666666666666666,0.16666666666666666,percentage_based,Sports,0,0,0,0,30-40,True,7.098591549295775,7,8,6,0.7272727272727273
8,9,Ty Murray,False,0.7666666666666667,-1.622557335718004,-0.09999999999999998,0.7125,0.1332589077995783,0.28867513459481287,5.0,0.17228464419475656,0.17228464419475656,percentage_based,Sports,0,0,0,0,30-40,True,7.098591549295775,7,9,5,0.8181818181818182
8,10,Ty Murray,True,0.8,-1.3522556406707082,0.033333333333333326,0.7185185185185186,0.12595315609727373,0.0,4.0,0.2191780821917808,0.2191780821917808,percentage_based,Sports,0,0,0,0,30-40,True,7.098591549295775,7,10,4,0.9090909090909091
8,11,Ty Murray,False,,,0.0,0.7266666666666667,0.12151309435104284,0.0,4.0,0.0,0.0,percentage_based,Sports,0,0,0,0,30-40,True,7.098591549295775,7,11,3,1.0
9,1,Aaron Carter,False,1.0,1.0997732773840403,0.0,,0.0,0.5773502691896258,2.0,0.07881779829674204,0.07881779829674204,percentage_based,Music,0,0,0,0,20-30,True,6.711956521739131,18,1,16,0.1
9,2,Aaron Carter,False,0.9,1.9427283774081998,-0.09999999999999998,1.0,0.0,0.0,1.0,0.09183673469387756,0.09183673469387756,percentage_based,Music,0,0,0,0,20-30,True,6.711956521739131,18,2,14,0.2
9,3,Aaron Carter,False,0.7,0.2981767567952603,-0.20000000000000007,0.95,0.0707106781186547,1.0,4.0,0.08139534883720931,0.08139534883720931,percentage_based,Music,0,0,0,0,20-30,True,6.711956521739131,18,3,13,0.3
9,4,Aaron Carter,False,0.6,-0.8728715609439707,-0.09999999999999998,0.8666666666666667,0.15275252316519464,0.0,8.0,0.0743801652892562,0.0743801652892562,percentage_based,Music,0,0,0,0,20-30,True,6.711956521739131,18,4,11,0.4
9,5,Aaron Carter,False,0.8,-0.08046626711787218,0.20000000000000007,0.8,0.18257418583505533,0.0,4.0,0.09917355371900827,0.09917355371900827,percentage_based,Music,0,0,0,0,20-30,True,6.711956521739131,18,5,10,0.5
9,6,Aaron Carter,False,1.0,0.8211079110498645,0.19999999999999996,0.8,0.15811388300841892,0.5773502691896258,3.0,0.12692274704027823,0.12692274704027823,percentage_based,Music,0,0,0,0,20-30,True,6.711956521739131,18,6,9,0.6
9,7,Aaron Carter,False,0.8833333333333333,0.6968739820248347,-0.1166666666666667,0.8333333333333334,0.1632993161855452,0.2886751345948129,2.0,0.150997150997151,0.150997150997151,percentage_based,Music,0,0,0,0,20-30,True,6.711956521739131,18,7,7,0.7
9,8,Aaron Carter,True,0.8333333333333334,-0.6346630624175351,-0.04999999999999993,0.8404761904761904,0.1502643173856158,0.2886751345948129,4.0,0.19083969465648856,0.19083969465648856,percentage_based,Music,0,0,0,0,20-30,True,6.711956521739131,18,8,5,0.8
9,9,Aaron Carter,False,,,0.0,0.8395833333333333,0.13914064484405356,0.0,5.0,0.0,0.0,percentage_based,Music,0,0,0,0,20-30,True,6.711956521739131,18,9,4,0.9
9,10,Aaron Carter,False,,,0.0,0.8395833333333333,0.13914064484405356,0.0,4.0,0.0,0.0,percentage_based,Music,0,0,0,0,20-30,True,6.711956521739131,18,10,3,1.0
9,1,Ashley Hamiliton,True,0.6333300000000001,-1.2607055022522673,0.0,,0.0,1.0,15.0,0.046797967676719905,0.046797967676719905,percentage_based,Entertainment,0,1,0,0,30-40,True,7.495238095238095,11,1,16,0.1
9,2,Ashley Hamiliton,False,,,0.0,0.6333300000000001,0.0,0.0,15.0,0.0,0.0,percentage_based,Entertainment,0,1,0,0,30-40,True,7.495238095238095,11,2,14,0.2
9,3,Ashley Hamiliton,False,,,0.0,0.6333300000000001,0.0,0.0,14.0,0.0,0.0,percentage_based,Entertainment,0,1,0,0,30-40,True,7.495238095238095,11,3,13,0.3
9,4,Ashley Hamiliton,False,,,0.0,0.6333300000000001,0.0,0.0,12.0,0.0,0.0,percentage_based,Entertainment,0,1,0,0,30-40,True,7.495238095238095,11,4,11,0.4
9,5,Ashley Hamiliton,False,,,0.0,0.6333300000000001,0.0,0.0,11.0,0.0,0.0,percentage_based,Entertainment,0,1,0,0,30-40,True,7.495238095238095,11,5,10,0.5
9,6,Ashley Hamiliton,False,,,0.0,0.6333300000000001,0.0,0.0,10.0,0.0,0.0,percentage_based,Entertainment,0,1,0,0,30-40,True,7.495238095238095,11,6,9,0.6
9,7,Ashley Hamiliton,False,,,0.0,0.6333300000000001,0.0,0.0,8.0,0.0,0.0,percentage_based,Entertainment,0,1,0,0,30-40,True,7.495238095238095,11,7,7,0.7
9,8,Ashley Hamiliton,False,,,0.0,0.6333300000000001,0.0,0.0,6.0,0.0,0.0,percentage_based,Entertainment,0,1,0,0,30-40,True,7.495238095238095,11,8,5,0.8
9,9,Ashley Hamiliton,False,,,0.0,0.6333300000000001,0.0,0.0,5.0,0.0,0.0,percentage_based,Entertainment,0,1,0,0,30-40,True,7.495238095238095,11,9,4,0.9
9,10,Ashley Hamiliton,False,,,0.0,0.6333300000000001,0.0,0.0,4.0,0.0,0.0,percentage_based,Entertainment,0,1,0,0,30-40,True,7.495238095238095,11,10,3,1.0
9,1,Chuck Liddell,False,0.7333333333333333,-0.6169229560220622,0.0,,0.0,0.5773502691896258,10.0,0.05418740566465287,0.05418740566465287,percentage_based,Sports,0,0,0,0,30-40,True,8.220183486238533,11,1,16,0.1
9,2,Chuck Liddell,False,0.6333333333333333,-0.6475761258027329,-0.09999999999999998,0.7333333333333333,0.0,0.5773502691896258,9.0,0.06462585034013606,0.06462585034013606,percentage_based,Sports,0,0,0,0,30-40,True,8.220183486238533,11,2,14,0.2
9,3,Chuck Liddell,False,0.5666666666666667,-0.7355026667616424,-0.06666666666666665,0.6833333333333333,0.07071067811865478,0.5773502691896258,10.0,0.06589147286821706,0.06589147286821706,percentage_based,Sports,0,0,0,0,30-40,True,8.220183486238533,11,3,13,0.3
9,4,Chuck Liddell,True,0.5666666666666667,-1.091089451179963,0.0,0.6444444444444444,0.08388704928078615,0.5773502691896258,9.0,0.07024793388429752,0.07024793388429752,percentage_based,Sports,0,0,0,0,30-40,True,8.220183486238533,11,4,11,0.4
9,5,Chuck Liddell,False,,,0.0,0.625,0.07876359377087684,0.0,11.0,0.0,0.0,percentage_based,Sports,0,0,0,0,30-40,True,8.220183486238533,11,5,10,0.5
9,6,Chuck Liddell,False,,,0.0,0.625,0.07876359377087684,0.0,10.0,0.0,0.0,percentage_based,Sports,0,0,0,0,30-40,True,8.220183486238533,11,6,9,0.6
9,7,Chuck Liddell,False,,,0.0,0.625,0.07876359377087684,0.0,8.0,0.0,0.0,percentage_based,Sports,0,0,0,0,30-40,True,8.220183486238533,11,7,7,0.7
9,8,Chuck Liddell,False,,,0.0,0.625,0.07876359377087684,0.0,6.0,0.0,0.0,percentage_based,Sports,0,0,0,0,30-40,True,8.220183486238533,11,8,5,0.8
9,9,Chuck Liddell,False,,,0.0,0.625,0.07876359377087684,0.0,5.0,0.0,0.0,percentage_based,Sports,0,0,0,0,30-40,True,8.220183486238533,11,9,4,0.9
9,10,Chuck Liddell,False,,,0.0,0.625,0.07876359377087684,0.0,4.0,0.0,0.0,percentage_based,Sports,0,0,0,0,30-40,True,8.220183486238533,11,10,3,1.0
9,1,Debi Mazar,False,0.7333333333333333,-0.6169229560220622,0.0,,0.0,0.5773502691896258,10.0,0.05418740566465287,0.05418740566465287,percentage_based,Entertainment,0,1,0,0,40-50,True,5.9941176470588236,17,1,16,0.1
9,2,Debi Mazar,False,0.7,0.0,-0.033333333333333326,0.7333333333333333,0.0,0.0,4.0,0.07142857142857142,0.07142857142857142,percentage_based,Entertainment,0,1,0,0,40-50,True,5.9941176470588236,17,2,14,0.2
9,3,Debi Mazar,True,0.5666666666666667,-0.7355026667616424,-0.1333333333333333,0.7166666666666666,0.02357022603955154,0.5773502691896258,10.0,0.06589147286821706,0.06589147286821706,percentage_based,Entertainment,0,1,0,0,40-50,True,5.9941176470588236,17,3,13,0.3
9,4,Debi Mazar,False,,,0.0,0.6666666666666666,0.08819171036881965,0.0,12.0,0.0,0.0,percentage_based,Entertainment,0,1,0,0,40-50,True,5.9941176470588236,17,4,11,0.4
9,5,Debi Mazar,False,,,0.0,0.6666666666666666,0.08819171036881965,0.0,11.0,0.0,0.0,percentage_based,Entertainment,0,1,0,0,40-50,True,5.9941176470588236,17,5,10,0.5
9,6,Debi Mazar,False,,,0.0,0.6666666666666666,0.08819171036881965,0.0,10.0,0.0,0.0,percentage_based,Entertainment,0,1,0,0,40-50,True,5.9941176470588236,17,6,9,0.6
9,7,Debi Mazar,False,,,0.0,0.6666666666666666,0.08819171036881965,0.0,8.0,0.0,0.0,percentage_based,Entertainment,0,1,0,0,40-50,True,5.9941176470588236,17,7,7,0.7
9,8,Debi Mazar,False,,,0.0,0.6666666666666666,0.08819171036881965,0.0,6.0,0.0,0.0,percentage_based,Entertainment,0,1,0,0,40-50,True,5.9941176470588236,17,8,5,0.8
9,9,Debi Mazar,False,,,0.0,0.6666666666666666,0.08819171036881965,0.0,5.0,0.0,0.0,percentage_based,Entertainment,0,1,0,0,40-50,True,5.9941176470588236,17,9,4,0.9
9,10,Debi Mazar,False,,,0.0,0.6666666666666666,0.08819171036881965,0.0,4.0,0.0,0.0,percentage_based,Entertainment,0,1,0,0,40-50,True,5.9941176470588236,17,10,3,1.0
9,1,Donny Osmond,False,0.9999966666666665,1.099751818681122,0.0,,0.0,0.5773502691896257,5.0,0.07389167050904633,0.07389167050904633,percentage_based,Music,0,0,0,0,50-60,True,6.163120567375887,14,1,16,0.1
9,2,Donny Osmond,False,0.8333333333333334,1.295152251605467,-0.16666333333333316,0.9999966666666665,0.0,0.5773502691896257,3.0,0.08503401360544217,0.08503401360544217,percentage_based,Music,0,0,0,0,50-60,True,6.163120567375887,14,2,14,0.2
9,3,Donny Osmond,False,0.7,0.2981767567952603,-0.13333333333333341,0.916665,0.11784877317515384,0.0,4.0,0.08139534883720931,0.08139534883720931,percentage_based,Music,0,0,0,0,50-60,True,6.163120567375887,14,3,13,0.3
9,4,Donny Osmond,False,0.8,0.4364357804719839,0.10000000000000009,0.8444433333333333,0.1503066002468879,0.0,4.0,0.09917355371900827,0.09917355371900827,percentage_based,Music,0,0,0,0,50-60,True,6.163120567375887,14,4,11,0.4
9,5,Donny Osmond,False,0.9666666666666667,1.9311904108289524,0.16666666666666663,0.8333325,0.1247204281100853,0.5773502691896257,1.0,0.11983471074380166,0.11983471074380166,percentage_based,Music,0,0,0,0,50-60,True,6.163120567375887,14,5,10,0.5
9,6,Donny Osmond,False,1.0,0.8211079110498645,0.033333333333333326,0.8599993333333333,0.12337742456021322,0.0,5.0,0.11923079733737539,0.11923079733737539,percentage_based,Music,0,0,0,0,50-60,True,6.163120567375887,14,6,9,0.6
9,7,Donny Osmond,False,0.8666666666666667,0.4529680883161437,-0.1333333333333333,0.8833327777777779,0.12427505337251213,0.2886751345948129,3.0,0.14814814814814814,0.14814814814814814,percentage_based,Music,0,0,0,0,50-60,True,6.163120567375887,14,7,7,0.7
9,8,Donny Osmond,False,0.8333333333333334,-0.6346630624175351,-0.033333333333333326,0.8809519047619048,0.11362183168963583,0.2886751345948129,4.0,0.19083969465648856,0.19083969465648856,percentage_based,Music,0,0,0,0,50-60,True,6.163120567375887,14,8,5,0.8
9,9,Donny Osmond,False,0.8222200000000001,-1.0954277693855157,-0.011113333333333308,0.8749995833333333,0.10653209517782042,0.192430844720902,4.0,0.23125016992245911,0.23125016992245911,percentage_based,Music,0,0,0,0,50-60,True,6.163120567375887,14,9,4,0.9
9,10,Donny Osmond,False,0.96666,0.7347099250696917,0.1444399999999999,0.8691351851851852,0.1011927461869881,0.0,1.0,0.35127769056340485,0.35127769056340485,percentage_based,Music,0,0,0,0,50-60,True,6.163120567375887,14,10,3,1.0
9,1,Joanna Krupa,False,1.0,1.0997732773840403,0.0,,0.0,0.0,1.0,0.08374392608443776,0.08374392608443776,percentage_based,Fashion,0,0,0,0,20-30,False,2.954285714285714,17,1,16,0.1
9,2,Joanna Krupa,False,0.6666666666666666,-0.32378806290136647,-0.33333333333333337,1.0,0.0,0.5773502691896258,7.0,0.06802721088435375,0.06802721088435375,percentage_based,Fashion,0,0,0,0,20-30,False,2.954285714285714,17,2,14,0.2
9,3,Joanna Krupa,False,0.7666666666666667,0.8150164685737126,0.10000000000000009,0.8333333333333333,0.23570226039551584,0.5773502691896258,3.0,0.08914728682170543,0.08914728682170543,percentage_based,Fashion,0,0,0,0,20-30,False,2.954285714285714,17,3,13,0.3
9,4,Joanna Krupa,False,0.8666666666666667,0.8728715609439684,0.09999999999999998,0.8111111111111112,0.1710533813148961,0.5773502691896257,3.0,0.10743801652892562,0.10743801652892562,percentage_based,Fashion,0,0,0,0,20-30,False,2.954285714285714,17,4,11,0.4
9,5,Joanna Krupa,False,0.8,-0.08046626711787218,-0.06666666666666665,0.825,0.14240006242195882,0.0,4.0,0.09917355371900827,0.09917355371900827,percentage_based,Fashion,0,0,0,0,20-30,False,2.954285714285714,17,5,10,0.5
9,6,Joanna Krupa,False,1.0,0.8211079110498645,0.19999999999999996,0.82,0.12382783747337806,0.5773502691896257,1.0,0.13846163313642237,0.13846163313642237,percentage_based,Fashion,0,0,0,0,20-30,False,2.954285714285714,17,6,9,0.6
9,7,Joanna Krupa,False,0.9166666666666666,1.1846857694422184,-0.08333333333333337,0.85,0.13291601358251257,0.2886751345948129,1.0,0.15669515669515668,0.15669515669515668,percentage_based,Fashion,0,0,0,0,20-30,False,2.954285714285714,17,7,7,0.7
9,8,Joanna Krupa,False,0.8666666666666667,-0.10577717706958976,-0.04999999999999993,0.8595238095238095,0.1239239398064105,0.2886751345948129,2.0,0.1984732824427481,0.1984732824427481,percentage_based,Fashion,0,0,0,0,20-30,False,2.954285714285714,17,8,5,0.8
9,9,Joanna Krupa,True,0.9,0.18262378480099253,0.033333333333333326,0.8604166666666667,0.11475906437899733,0.0,2.0,0.2531258701201785,0.2531258701201785,percentage_based,Fashion,0,0,0,0,20-30,False,2.954285714285714,17,9,4,0.9
9,10,Joanna Krupa,False,,,0.0,0.8648148148148148,0.1081551240773988,0.0,4.0,0.0,0.0,percentage_based,Fashion,0,0,0,0,20-30,False,2.954285714285714,17,10,3,1.0
9,1,Kathy Ireland,False,0.6666633333333334,-1.0461184730765045,0.0,,0.0,0.5773502691896258,12.0,0.04926103157056776,0.04926103157056776,percentage_based,Fashion,0,0,0,0,40-50,True,7.702830188679245,21,1,16,0.1
9,2,Kathy Ireland,True,0.6,-0.9713641887040995,-0.06666333333333341,0.6666633333333334,0.0,0.0,13.0,0.061224489795918366,0.061224489795918366,percentage_based,Fashion,0,0,0,0,40-50,True,7.702830188679245,21,2,14,0.2
9,3,Kathy Ireland,False,,,0.0,0.6333316666666666,0.04713809505649923,0.0,14.0,0.0,0.0,percentage_based,Fashion,0,0,0,0,40-50,True,7.702830188679245,21,3,13,0.3
9,4,Kathy Ireland,False,,,0.0,0.6333316666666666,0.04713809505649923,0.0,12.0,0.0,0.0,percentage_based,Fashion,0,0,0,0,40-50,True,7.702830188679245,21,4,11,0.4
9,5,Kathy Ireland,False,,,0.0,0.6333316666666666,0.04713809505649923,0.0,11.0,0.0,0.0,percentage_based,Fashion,0,0,0,0,40-50,True,7.702830188679245,21,5,10,0.5
9,6,Kathy Ireland,False,,,0.0,0.6333316666666666,0.04713809505649923,0.0,10.0,0.0,0.0,percentage_based,Fashion,0,0,0,0,40-50,True,7.702830188679245,21,6,9,0.6
9,7,Kathy Ireland,False,,,0.0,0.6333316666666666,0.04713809505649923,0.0,8.0,0.0,0.0,percentage_based,Fashion,0,0,0,0,40-50,True,7.702830188679245,21,7,7,0.7
9,8,Kathy Ireland,False,,,0.0,0.6333316666666666,0.04713809505649923,0.0,6.0,0.0,0.0,percentage_based,Fashion,0,0,0,0,40-50,True,7.702830188679245,21,8,5,0.8
9,9,Kathy Ireland,False,,,0.0,0.6333316666666666,0.04713809505649923,0.0,5.0,0.0,0.0,percentage_based,Fashion,0,0,0,0,40-50,True,7.702830188679245,21,9,4,0.9
9,10,Kathy Ireland,False,,,0.0,0.6333316666666666,0.04713809505649923,0.0,4.0,0.0,0.0,percentage_based,Fashion,0,0,0,0,40-50,True,7.702830188679245,21,10,3,1.0
9,1,Kelly Osbourne,False,1.0,1.0997732773840403,0.0,,0.0,0.5773502691896257,4.0,0.07635448809650482,0.07635448809650482,percentage_based,Media,0,0,0,0,20-30,False,7.114285714285714,11,1,16,0.1
9,2,Kelly Osbourne,False,0.6333333333333333,-0.6475761258027329,-0.3666666666666667,1.0,0.0,0.5773502691896258,9.0,0.06462585034013606,0.06462585034013606,percentage_based,Media,0,0,0,0,20-30,False,7.114285714285714,11,2,14,0.2
9,3,Kelly Osbourne,False,0.6666666666666666,0.03975690090603459,0.033333333333333326,0.8166666666666667,0.25927248643506745,0.5773502691896258,6.0,0.07751937984496124,0.07751937984496124,percentage_based,Media,0,0,0,0,20-30,False,7.114285714285714,11,3,13,0.3
9,4,Kelly Osbourne,False,0.7666666666666667,0.21821789023599156,0.10000000000000009,0.7666666666666666,0.20275875100994067,0.5773502691896258,6.0,0.09504132231404959,0.09504132231404959,percentage_based,Media,0,0,0,0,20-30,False,7.114285714285714,11,4,11,0.4
9,5,Kelly Osbourne,False,0.8,-0.08046626711787218,0.033333333333333326,0.7666666666666666,0.16555182695279266,0.0,4.0,0.09917355371900827,0.09917355371900827,percentage_based,Media,0,0,0,0,20-30,False,7.114285714285714,11,5,10,0.5
9,6,Kelly Osbourne,False,0.8333266666666667,-0.6569158881335039,0.033326666666666616,0.7733333333333333,0.14414498873626438,0.5773502691896263,6.0,0.09615340976180302,0.09615340976180302,percentage_based,Media,0,0,0,0,20-30,False,7.114285714285714,11,6,9,0.6
9,7,Kelly Osbourne,False,0.8666666666666667,0.4529680883161437,0.033340000000000036,0.7833322222222222,0.13123295659359466,0.2886751345948129,3.0,0.14814814814814814,0.14814814814814814,percentage_based,Media,0,0,0,0,20-30,False,7.114285714285714,11,7,7,0.7
9,8,Kelly Osbourne,False,0.85,-0.3702201197435633,-0.01666666666666672,0.7952371428571429,0.12387021713947183,0.5,3.0,0.1946564885496183,0.1946564885496183,percentage_based,Media,0,0,0,0,20-30,False,7.114285714285714,11,8,5,0.8
9,9,Kelly Osbourne,False,0.86666,-0.3652064905471465,0.016660000000000008,0.8020825,0.11630445475574763,0.0,3.0,0.2437489628870599,0.2437489628870599,percentage_based,Media,0,0,0,0,20-30,False,7.114285714285714,11,9,4,0.9
9,10,Kelly Osbourne,False,0.84074,-1.1388152625523282,-0.025919999999999943,0.8092577777777777,0.11090196987530124,0.16038790478087755,3.0,0.305519216233502,0.305519216233502,percentage_based,Media,0,0,0,0,20-30,False,7.114285714285714,11,10,3,1.0
9,1,Louie Vito,False,0.8999933333333333,0.45596927245091673,0.0,,0.0,0.5773502691896258,7.0,0.06650223252111338,0.06650223252111338,percentage_based,Sports,0,0,0,0,20-30,True,7.098591549295775,7,1,16,0.1
9,2,Louie Vito,False,0.6333333333333333,-0.6475761258027329,-0.26666,0.8999933333333333,0.0,0.5773502691896258,9.0,0.06462585034013606,0.06462585034013606,percentage_based,Sports,0,0,0,0,20-30,True,7.098591549295775,7,2,14,0.2
9,3,Louie Vito,False,0.6666666666666666,0.03975690090603459,0.033333333333333326,0.7666633333333333,0.18855709427120473,1.5275252316519465,6.0,0.07751937984496124,0.07751937984496124,percentage_based,Sports,0,0,0,0,20-30,True,7.098591549295775,7,3,13,0.3
9,4,Louie Vito,False,0.5333333333333333,-1.3093073414159553,-0.1333333333333333,0.7333311111111112,0.14529280785646206,0.5773502691896258,10.0,0.06611570247933884,0.06611570247933884,percentage_based,Sports,0,0,0,0,20-30,True,7.098591549295775,7,4,11,0.4
9,5,Louie Vito,False,0.7333333333333333,-0.8851289382966033,0.19999999999999996,0.6833316666666667,0.1551551195488638,0.5773502691896258,8.0,0.09090909090909091,0.09090909090909091,percentage_based,Sports,0,0,0,0,20-30,True,7.098591549295775,7,5,10,0.5
9,6,Louie Vito,True,0.8,-0.9524497056655085,0.06666666666666676,0.6933320000000001,0.13621624967512339,0.0,7.0,0.09230801183542559,0.09230801183542559,percentage_based,Sports,0,0,0,0,20-30,True,7.098591549295775,7,6,9,0.6
9,7,Louie Vito,False,,,0.0,0.71111,0.12938406796991833,0.0,8.0,0.0,0.0,percentage_based,Sports,0,0,0,0,20-30,True,7.098591549295775,7,7,7,0.7
9,8,Louie Vito,False,,,0.0,0.71111,0.12938406796991833,0.0,6.0,0.0,0.0,percentage_based,Sports,0,0,0,0,20-30,True,7.098591549295775,7,8,5,0.8
9,9,Louie Vito,False,,,0.0,0.71111,0.12938406796991833,0.0,5.0,0.0,0.0,percentage_based,Sports,0,0,0,0,20-30,True,7.098591549295775,7,9,4,0.9
9,10,Louie Vito,False,,,0.0,0.71111,0.12938406796991833,0.0,4.0,0.0,0.0,percentage_based,Sports,0,0,0,0,20-30,True,7.098591549295775,7,10,3,1.0
9,1,Macy Gray,True,0.6333300000000001,-1.2607055022522673,0.0,,0.0,1.0,15.0,0.046797967676719905,0.046797967676719905,percentage_based,Music,0,0,0,0,40-50,True,9.092307692307692,7,1,16,0.1
9,2,Macy Gray,False,,,0.0,0.6333300000000001,0.0,0.0,15.0,0.0,0.0,percentage_based,Music,0,0,0,0,40-50,True,9.092307692307692,7,2,14,0.2
9,3,Macy Gray,False,,,0.0,0.6333300000000001,0.0,0.0,14.0,0.0,0.0,percentage_based,Music,0,0,0,0,40-50,True,9.092307692307692,7,3,13,0.3
9,4,Macy Gray,False,,,0.0,0.6333300000000001,0.0,0.0,12.0,0.0,0.0,percentage_based,Music,0,0,0,0,40-50,True,9.092307692307692,7,4,11,0.4
9,5,Macy Gray,False,,,0.0,0.6333300000000001,0.0,0.0,11.0,0.0,0.0,percentage_based,Music,0,0,0,0,40-50,True,9.092307692307692,7,5,10,0.5
9,6,Macy Gray,False,,,0.0,0.6333300000000001,0.0,0.0,10.0,0.0,0.0,percentage_based,Music,0,0,0,0,40-50,True,9.092307692307692,7,6,9,0.6
9,7,Macy Gray,False,,,0.0,0.6333300000000001,0.0,0.0,8.0,0.0,0.0,percentage_based,Music,0,0,0,0,40-50,True,9.092307692307692,7,7,7,0.7
9,8,Macy Gray,False,,,0.0,0.6333300000000001,0.0,0.0,6.0,0.0,0.0,percentage_based,Music,0,0,0,0,40-50,True,9.092307692307692,7,8,5,0.8
9,9,Macy Gray,False,,,0.0,0.6333300000000001,0.0,0.0,5.0,0.0,0.0,percentage_based,Music,0,0,0,0,40-50,True,9.092307692307692,7,9,4,0.9
9,10,Macy Gray,False,,,0.0,0.6333300000000001,0.0,0.0,4.0,0.0,0.0,percentage_based,Music,0,0,0,0,40-50,True,9.092307692307692,7,10,3,1.0
9,1,Mark Dacascos,False,0.96666,0.8851433308024421,0.0,,0.0,0.0,6.0,0.0714283603088091,0.0714283603088091,percentage_based,Entertainment,0,1,0,0,40-50,True,6.19672131147541,6,1,16,0.1
9,2,Mark Dacascos,False,0.7,0.0,-0.26666,0.96666,0.0,0.0,4.0,0.07142857142857142,0.07142857142857142,percentage_based,Entertainment,0,1,0,0,40-50,True,6.19672131147541,6,2,14,0.2
9,3,Mark Dacascos,False,0.6,-0.4770828108724168,-0.09999999999999998,0.8333299999999999,0.18855709427120473,0.0,9.0,0.06976744186046512,0.06976744186046512,percentage_based,Entertainment,0,1,0,0,40-50,True,6.19672131147541,6,3,13,0.3
9,4,Mark Dacascos,False,0.7333333333333333,-1.453623156750743e-15,0.1333333333333333,0.7555533333333333,0.18953764410621263,0.5773502691896258,7.0,0.09090909090909091,0.09090909090909091,percentage_based,Entertainment,0,1,0,0,40-50,True,6.19672131147541,6,4,11,0.4
9,5,Mark Dacascos,False,0.8666666666666667,0.7241964040608576,0.13333333333333341,0.7499983333333333,0.1551551195488638,0.5773502691896257,3.0,0.10743801652892562,0.10743801652892562,percentage_based,Entertainment,0,1,0,0,40-50,True,6.19672131147541,6,5,10,0.5
9,6,Mark Dacascos,False,1.0,0.8211079110498645,0.1333333333333333,0.773332,0.14414275334619572,0.5773502691896257,4.0,0.12307734911390078,0.12307734911390078,percentage_based,Entertainment,0,1,0,0,40-50,True,6.19672131147541,6,6,9,0.6
9,7,Mark Dacascos,True,0.7166666666666667,-1.7421849550620836,-0.2833333333333333,0.8111099999999999,0.15869710261305267,0.28867513459481287,7.0,0.1225071225071225,0.1225071225071225,percentage_based,Entertainment,0,1,0,0,40-50,True,6.19672131147541,6,7,7,0.7
9,8,Mark Dacascos,False,,,0.0,0.7976180952380952,0.14920297955094028,0.0,6.0,0.0,0.0,percentage_based,Entertainment,0,1,0,0,40-50,True,6.19672131147541,6,8,5,0.8
9,9,Mark Dacascos,False,,,0.0,0.7976180952380952,0.14920297955094028,0.0,5.0,0.0,0.0,percentage_based,Entertainment,0,1,0,0,40-50,True,6.19672131147541,6,9,4,0.9
9,10,Mark Dacascos,False,,,0.0,0.7976180952380952,0.14920297955094028,0.0,4.0,0.0,0.0,percentage_based,Entertainment,0,1,0,0,40-50,True,6.19672131147541,6,10,3,1.0
9,1,Melissa Joan Hart,False,0.8,-0.187748897670536,0.0,,0.0,0.0,9.0,0.05911353345234858,0.05911353345234858,percentage_based,Entertainment,0,1,0,0,30-40,True,5.134883720930232,21,1,16,0.1
9,2,Melissa Joan Hart,False,0.6333333333333333,-0.6475761258027329,-0.16666666666666674,0.8,0.0,0.5773502691896258,9.0,0.06462585034013606,0.06462585034013606,percentage_based,Entertainment,0,1,0,0,30-40,True,5.134883720930232,21,2,14,0.2
9,3,Melissa Joan Hart,False,0.6333333333333333,-0.2186629549831911,0.0,0.7166666666666667,0.11785113019775798,0.5773502691896258,8.0,0.07364341085271318,0.07364341085271318,percentage_based,Entertainment,0,1,0,0,30-40,True,5.134883720930232,21,3,13,0.3
9,4,Melissa Joan Hart,False,0.9333333333333333,1.309307341415953,0.30000000000000004,0.6888888888888888,0.09622504486493767,0.5773502691896257,1.0,0.11570247933884298,0.11570247933884298,percentage_based,Entertainment,0,1,0,0,30-40,True,5.134883720930232,21,4,11,0.4
9,5,Melissa Joan Hart,False,0.7666666666666667,-0.4827976027072371,-0.16666666666666663,0.75,0.14529663145135582,0.5773502691896258,7.0,0.09504132231404959,0.09504132231404959,percentage_based,Entertainment,0,1,0,0,30-40,True,5.134883720930232,21,5,10,0.5
9,6,Melissa Joan Hart,True,0.7999966666666667,-0.9524792649591206,0.03332999999999997,0.7533333333333333,0.12605113600792694,0.5773502691896252,8.0,0.09230762721870961,0.09230762721870961,percentage_based,Entertainment,0,1,0,0,30-40,True,5.134883720930232,21,6,9,0.6
9,7,Melissa Joan Hart,False,,,0.0,0.7611105555555556,0.11434169066475307,0.0,8.0,0.0,0.0,percentage_based,Entertainment,0,1,0,0,30-40,True,5.134883720930232,21,7,7,0.7
9,8,Melissa Joan Hart,False,,,0.0,0.7611105555555556,0.11434169066475307,0.0,6.0,0.0,0.0,percentage_based,Entertainment,0,1,0,0,30-40,True,5.134883720930232,21,8,5,0.8
9,9,Melissa Joan Hart,False,,,0.0,0.7611105555555556,0.11434169066475307,0.0,5.0,0.0,0.0,percentage_based,Entertainment,0,1,0,0,30-40,True,5.134883720930232,21,9,4,0.9
9,10,Melissa Joan Hart,False,,,0.0,0.7611105555555556,0.11434169066475307,0.0,4.0,0.0,0.0,percentage_based,Entertainment,0,1,0,0,30-40,True,5.134883720930232,21,10,3,1.0
9,1,Michael Irvin,False,0.6333333333333333,-1.2606840435493503,0.0,,0.0,0.5773502691896258,14.0,0.046798213983109294,0.046798213983109294,percentage_based,Sports,0,0,0,0,40-50,True,6.0,1,1,16,0.1
9,2,Michael Irvin,False,0.6666666666666666,-0.32378806290136647,0.033333333333333326,0.6333333333333333,0.0,0.5773502691896258,7.0,0.06802721088435375,0.06802721088435375,percentage_based,Sports,0,0,0,0,40-50,True,6.0,1,2,14,0.2
9,3,Michael Irvin,False,0.4666666666666667,-1.5107622344293195,-0.19999999999999996,0.6499999999999999,0.02357022603955162,0.5773502691896258,13.0,0.05426356589147287,0.05426356589147287,percentage_based,Sports,0,0,0,0,40-50,True,6.0,1,3,13,0.3
9,4,Michael Irvin,False,0.5333333333333333,-1.3093073414159553,0.06666666666666665,0.5888888888888889,0.10715167512214387,0.5773502691896258,10.0,0.06611570247933884,0.06611570247933884,percentage_based,Sports,0,0,0,0,40-50,True,6.0,1,4,11,0.4
9,5,Michael Irvin,False,0.7,-1.2874602738859682,0.16666666666666663,0.575,0.09179284245476829,0.0,10.0,0.08677685950413223,0.08677685950413223,percentage_based,Sports,0,0,0,0,40-50,True,6.0,1,5,10,0.5
9,6,Michael Irvin,False,0.7333266666666667,-1.5436946964911904,0.03332666666666673,0.6,0.09718253158075496,1.154700538379252,9.0,0.08461490828237482,0.08461490828237482,percentage_based,Sports,0,0,0,0,40-50,True,6.0,1,6,9,0.6
9,7,Michael Irvin,True,0.7833333333333333,-0.7665613802273162,0.050006666666666644,0.6222211111111111,0.102558384492101,0.28867513459481287,6.0,0.1339031339031339,0.1339031339031339,percentage_based,Sports,0,0,0,0,40-50,True,6.0,1,7,7,0.7
9,8,Michael Irvin,False,,,0.0,0.6452371428571428,0.11168414933507086,0.0,6.0,0.0,0.0,percentage_based,Sports,0,0,0,0,40-50,True,6.0,1,8,5,0.8
9,9,Michael Irvin,False,,,0.0,0.6452371428571428,0.11168414933507086,0.0,5.0,0.0,0.0,percentage_based,Sports,0,0,0,0,40-50,True,6.0,1,9,4,0.9
9,10,Michael Irvin,False,,,0.0,0.6452371428571428,0.11168414933507086,0.0,4.0,0.0,0.0,percentage_based,Sports,0,0,0,0,40-50,True,6.0,1,10,3,1.0
9,1,Mya,False,1.0,1.0997732773840403,0.0,,0.0,1.7320508075688772,3.0,0.07635473440289418,0.07635473440289418,percentage_based,Music,0,0,0,0,20-30,True,6.774193548387097,3,1,16,0.1
9,2,Mya,False,0.9,1.9427283774081998,-0.09999999999999998,1.0,0.0,0.0,1.0,0.09183673469387756,0.09183673469387756,percentage_based,Music,0,0,0,0,20-30,True,6.774193548387097,3,2,14,0.2
9,3,Mya,False,0.9,1.8486958921306154,0.0,0.95,0.0707106781186547,1.7320508075688772,1.0,0.10465116279069768,0.10465116279069768,percentage_based,Music,0,0,0,0,20-30,True,6.774193548387097,3,3,13,0.3
9,4,Mya,False,0.9333333333333333,1.309307341415953,0.033333333333333326,0.9333333333333332,0.05773502691896253,1.1547005383792517,1.0,0.11570247933884298,0.11570247933884298,percentage_based,Music,0,0,0,0,20-30,True,6.774193548387097,3,4,11,0.4
9,5,Mya,False,0.9,1.1265277396502227,-0.033333333333333326,0.9333333333333333,0.04714045207910313,0.0,2.0,0.1115702479338843,0.1115702479338843,percentage_based,Music,0,0,0,0,20-30,True,6.774193548387097,3,5,10,0.5
9,6,Mya,False,1.0,0.8211079110498645,0.09999999999999998,0.9266666666666667,0.04346134936801763,1.0,2.0,0.12692351627371018,0.12692351627371018,percentage_based,Music,0,0,0,0,20-30,True,6.774193548387097,3,6,9,0.6
9,7,Mya,False,0.8166666666666667,-0.2787495928099326,-0.18333333333333335,0.938888888888889,0.0490653381462658,0.5773502691896257,5.0,0.1396011396011396,0.1396011396011396,percentage_based,Music,0,0,0,0,20-30,True,6.774193548387097,3,7,7,0.7
9,8,Mya,False,0.9833333333333333,1.7453234216482179,0.16666666666666663,0.9214285714285715,0.06434447637685489,0.2886751345948129,1.0,0.22519083969465647,0.22519083969465647,percentage_based,Music,0,0,0,0,20-30,True,6.774193548387097,3,8,5,0.8
9,9,Mya,False,0.9666633333333333,1.2780104751316679,-0.016669999999999963,0.9291666666666667,0.06346477588219922,0.33335000124993774,1.0,0.27187499707030244,0.27187499707030244,percentage_based,Music,0,0,0,0,20-30,True,6.774193548387097,3,9,4,0.9
9,10,Mya,False,0.94444,0.4041053374826416,-0.022223333333333373,0.933332962962963,0.06066735348614068,0.0,2.0,0.34320309320309317,0.34320309320309317,percentage_based,Music,0,0,0,0,20-30,True,6.774193548387097,3,10,3,1.0
9,1,Natalie Coughlin,False,0.8999933333333333,0.45596927245091673,0.0,,0.0,0.5773502691896258,7.0,0.06650223252111338,0.06650223252111338,percentage_based,Sports,0,0,0,0,20-30,True,9.043478260869565,5,1,16,0.1
9,2,Natalie Coughlin,False,0.7,0.0,-0.19999333333333336,0.8999933333333333,0.0,0.0,4.0,0.07142857142857142,0.07142857142857142,percentage_based,Sports,0,0,0,0,20-30,True,9.043478260869565,5,2,14,0.2
9,3,Natalie Coughlin,False,0.8666666666666667,1.5902760362413897,0.16666666666666674,0.7999966666666667,0.14141664219210165,0.5773502691896257,2.0,0.10077519379844961,0.10077519379844961,percentage_based,Sports,0,0,0,0,20-30,True,9.043478260869565,5,3,13,0.3
9,4,Natalie Coughlin,False,0.8,0.4364357804719839,-0.06666666666666665,0.8222200000000001,0.10714925561000312,0.0,4.0,0.09917355371900827,0.09917355371900827,percentage_based,Sports,0,0,0,0,20-30,True,9.043478260869565,5,4,11,0.4
9,5,Natalie Coughlin,True,0.7333333333333333,-0.8851289382966033,-0.06666666666666676,0.816665,0.08818961060418921,0.5773502691896258,8.0,0.09090909090909091,0.09090909090909091,percentage_based,Sports,0,0,0,0,20-30,True,9.043478260869565,5,5,10,0.5
9,6,Natalie Coughlin,False,,,0.0,0.7999986666666666,0.08498169742819794,0.0,10.0,0.0,0.0,percentage_based,Sports,0,0,0,0,20-30,True,9.043478260869565,5,6,9,0.6
9,7,Natalie Coughlin,False,,,0.0,0.7999986666666666,0.08498169742819794,0.0,8.0,0.0,0.0,percentage_based,Sports,0,0,0,0,20-30,True,9.043478260869565,5,7,7,0.7
9,8,Natalie Coughlin,False,,,0.0,0.7999986666666666,0.08498169742819794,0.0,6.0,0.0,0.0,percentage_based,Sports,0,0,0,0,20-30,True,9.043478260869565,5,8,5,0.8
9,9,Natalie Coughlin,False,,,0.0,0.7999986666666666,0.08498169742819794,0.0,5.0,0.0,0.0,percentage_based,Sports,0,0,0,0,20-30,True,9.043478260869565,5,9,4,0.9
9,10,Natalie Coughlin,False,,,0.0,0.7999986666666666,0.08498169742819794,0.0,4.0,0.0,0.0,percentage_based,Sports,0,0,0,0,20-30,True,9.043478260869565,5,10,3,1.0
9,1,Tom DeLay,False,0.6666633333333334,-1.0461184730765045,0.0,,0.0,0.5773502691896258,12.0,0.04926103157056776,0.04926103157056776,percentage_based,Politics,0,0,0,0,60+,True,5.853754940711463,25,1,16,0.1
9,2,Tom DeLay,False,0.6,-0.9713641887040995,-0.06666333333333341,0.6666633333333334,0.0,0.0,13.0,0.061224489795918366,0.061224489795918366,percentage_based,Politics,0,0,0,0,60+,True,5.853754940711463,25,2,14,0.2
9,3,Tom DeLay,False,0.5,-1.2523423785400938,-0.09999999999999998,0.6333316666666666,0.04713809505649923,1.0,12.0,0.05813953488372093,0.05813953488372093,percentage_based,Politics,0,0,0,0,60+,True,5.853754940711463,25,3,13,0.3
9,4,Tom DeLay,False,,,0.0,0.5888877777777778,0.08388550400087896,0.0,12.0,0.0,0.0,percentage_based,Politics,0,0,0,0,60+,True,5.853754940711463,25,4,11,0.4
9,5,Tom DeLay,False,,,0.0,0.5888877777777778,0.08388550400087896,0.0,11.0,0.0,0.0,percentage_based,Politics,0,0,0,0,60+,True,5.853754940711463,25,5,10,0.5
9,6,Tom DeLay,False,,,0.0,0.5888877777777778,0.08388550400087896,0.0,10.0,0.0,0.0,percentage_based,Politics,0,0,0,0,60+,True,5.853754940711463,25,6,9,0.6
9,7,Tom DeLay,False,,,0.0,0.5888877777777778,0.08388550400087896,0.0,8.0,0.0,0.0,percentage_based,Politics,0,0,0,0,60+,True,5.853754940711463,25,7,7,0.7
9,8,Tom DeLay,False,,,0.0,0.5888877777777778,0.08388550400087896,0.0,6.0,0.0,0.0,percentage_based,Politics,0,0,0,0,60+,True,5.853754940711463,25,8,5,0.8
9,9,Tom DeLay,False,,,0.0,0.5888877777777778,0.08388550400087896,0.0,5.0,0.0,0.0,percentage_based,Politics,0,0,0,0,60+,True,5.853754940711463,25,9,4,0.9
9,10,Tom DeLay,False,,,0.0,0.5888877777777778,0.08388550400087896,0.0,4.0,0.0,0.0,percentage_based,Politics,0,0,0,0,60+,True,5.853754940711463,25,10,3,1.0
10,1,Aiden Turner,False,0.5,-1.1846977555181843,0.0,,0.0,0.0,10.0,0.07177033492822966,0.07177033492822966,percentage_based,Entertainment,0,1,0,0,30-40,False,7.495238095238095,11,1,11,0.1
10,2,Aiden Turner,False,0.6333333333333333,-0.22360679774997969,0.1333333333333333,0.5,0.0,0.5773502691896258,8.0,0.08636363636363636,0.08636363636363636,percentage_based,Entertainment,0,1,0,0,30-40,False,7.495238095238095,11,2,11,0.2
10,3,Aiden Turner,False,0.6666666666666666,-0.07890487954095615,0.033333333333333326,0.5666666666666667,0.09428090415820632,0.5773502691896258,7.0,0.09852216748768473,0.09852216748768473,percentage_based,Entertainment,0,1,0,0,30-40,False,7.495238095238095,11,3,10,0.3
10,4,Aiden Turner,True,0.55,-1.122081839859675,-0.11666666666666659,0.6,0.08819171036881966,0.0,8.0,0.0889487870619946,0.0889487870619946,percentage_based,Entertainment,0,1,0,0,30-40,False,7.495238095238095,11,4,9,0.4
10,5,Aiden Turner,False,,,0.0,0.5875,0.07622457074451244,0.0,9.0,0.0,0.0,percentage_based,Entertainment,0,1,0,0,30-40,False,7.495238095238095,11,5,8,0.5
10,6,Aiden Turner,False,,,0.0,0.5875,0.07622457074451244,0.0,8.0,0.0,0.0,percentage_based,Entertainment,0,1,0,0,30-40,False,7.495238095238095,11,6,7,0.6
10,7,Aiden Turner,False,,,0.0,0.5875,0.07622457074451244,0.0,7.0,0.0,0.0,percentage_based,Entertainment,0,1,0,0,30-40,False,7.495238095238095,11,7,6,0.7
10,8,Aiden Turner,False,,,0.0,0.5875,0.07622457074451244,0.0,6.0,0.0,0.0,percentage_based,Entertainment,0,1,0,0,30-40,False,7.495238095238095,11,8,5,0.8
10,9,Aiden Turner,False,,,0.0,0.5875,0.07622457074451244,0.0,5.0,0.0,0.0,percentage_based,Entertainment,0,1,0,0,30-40,False,7.495238095238095,11,9,4,0.9
10,10,Aiden Turner,False,,,0.0,0.5875,0.07622457074451244,0.0,4.0,0.0,0.0,percentage_based,Entertainment,0,1,0,0,30-40,False,7.495238095238095,11,10,3,1.0
10,1,Buzz Aldrin,False,0.4666666666666667,-1.4808721943977305,0.0,,0.0,0.5773502691896258,11.0,0.06698564593301436,0.06698564593301436,percentage_based,Other,0,0,0,0,60+,True,7.764705882352941,4,1,11,0.1
10,2,Buzz Aldrin,False,0.4,-1.7888543819998324,-0.06666666666666665,0.4666666666666667,0.0,0.0,11.0,0.05454545454545454,0.05454545454545454,percentage_based,Other,0,0,0,0,60+,True,7.764705882352941,4,2,11,0.2
10,3,Buzz Aldrin,True,0.43333333333333335,-1.9200187354965979,0.033333333333333326,0.43333333333333335,0.04714045207910316,0.5773502691896258,10.0,0.06403940886699508,0.06403940886699508,percentage_based,Other,0,0,0,0,60+,True,7.764705882352941,4,3,10,0.3
10,4,Buzz Aldrin,False,,,0.0,0.43333333333333335,0.033333333333333326,0.0,10.0,0.0,0.0,percentage_based,Other,0,0,0,0,60+,True,7.764705882352941,4,4,9,0.4
10,5,Buzz Aldrin,False,,,0.0,0.43333333333333335,0.033333333333333326,0.0,9.0,0.0,0.0,percentage_based,Other,0,0,0,0,60+,True,7.764705882352941,4,5,8,0.5
10,6,Buzz Aldrin,False,,,0.0,0.43333333333333335,0.033333333333333326,0.0,8.0,0.0,0.0,percentage_based,Other,0,0,0,0,60+,True,7.764705882352941,4,6,7,0.6
10,7,Buzz Aldrin,False,,,0.0,0.43333333333333335,0.033333333333333326,0.0,7.0,0.0,0.0,percentage_based,Other,0,0,0,0,60+,True,7.764705882352941,4,7,6,0.7
10,8,Buzz Aldrin,False,,,0.0,0.43333333333333335,0.033333333333333326,0.0,6.0,0.0,0.0,percentage_based,Other,0,0,0,0,60+,True,7.764705882352941,4,8,5,0.8
10,9,Buzz Aldrin,False,,,0.0,0.43333333333333335,0.033333333333333326,0.0,5.0,0.0,0.0,percentage_based,Other,0,0,0,0,60+,True,7.764705882352941,4,9,4,0.9
10,10,Buzz Aldrin,False,,,0.0,0.43333333333333335,0.033333333333333326,0.0,4.0,0.0,0.0,percentage_based,Other,0,0,0,0,60+,True,7.764705882352941,4,10,3,1.0
10,1,Chad Ochocinco,False,0.6,-0.2961744388795461,0.0,,0.0,0.0,6.0,0.0861244019138756,0.0861244019138756,percentage_based,Sports,0,0,0,0,30-40,True,5.853754940711463,25,1,11,0.1
10,2,Chad Ochocinco,False,0.5333333333333333,-0.8944271909999165,-0.06666666666666665,0.6,0.0,0.5773502691896258,9.0,0.07272727272727272,0.07272727272727272,percentage_based,Sports,0,0,0,0,30-40,True,5.853754940711463,25,2,11,0.2
10,3,Chad Ochocinco,False,0.6666666666666666,-0.07890487954095615,0.1333333333333333,0.5666666666666667,0.04714045207910316,0.5773502691896258,7.0,0.09852216748768473,0.09852216748768473,percentage_based,Sports,0,0,0,0,30-40,True,5.853754940711463,25,3,10,0.3
10,4,Chad Ochocinco,False,0.7333333333333333,0.3790817026552957,0.06666666666666665,0.6,0.06666666666666665,0.7637626158259734,4.0,0.11859838274932614,0.11859838274932614,percentage_based,Sports,0,0,0,0,30-40,True,5.853754940711463,25,4,9,0.4
10,5,Chad Ochocinco,False,0.6,-0.768190262285176,-0.1333333333333333,0.6333333333333333,0.08606629658238703,0.0,6.0,0.10404624277456648,0.10404624277456648,percentage_based,Sports,0,0,0,0,30-40,True,5.853754940711463,25,5,8,0.5
10,6,Chad Ochocinco,False,1.0,0.7740799176372362,0.4,0.6266666666666667,0.07601169500660918,0.0,3.0,0.148325377166335,0.148325377166335,percentage_based,Sports,0,0,0,0,30-40,True,5.853754940711463,25,6,7,0.6
10,7,Chad Ochocinco,False,0.8666666666666667,0.08587567332159388,-0.1333333333333333,0.6888888888888888,0.166888740937943,0.2886751345948129,3.0,0.16720257234726688,0.16720257234726688,percentage_based,Sports,0,0,0,0,30-40,True,5.853754940711463,25,7,6,0.7
10,8,Chad Ochocinco,False,0.75,-0.8559849767220409,-0.1166666666666667,0.7142857142857143,0.16650786085007438,0.0,4.0,0.17786561264822134,0.17786561264822134,percentage_based,Sports,0,0,0,0,30-40,True,5.853754940711463,25,8,5,0.8
10,9,Chad Ochocinco,True,0.8666666666666667,-1.3568010505999366,0.1166666666666667,0.71875,0.15467259327725488,0.2886751345948129,4.0,0.23008849557522124,0.23008849557522124,percentage_based,Sports,0,0,0,0,30-40,True,5.853754940711463,25,9,4,0.9
10,10,Chad Ochocinco,False,,,0.0,0.7351851851851852,0.1528535165799734,0.0,4.0,0.0,0.0,percentage_based,Sports,0,0,0,0,30-40,True,5.853754940711463,25,10,3,1.0
10,1,Erin Andrews,False,0.7,0.5923488777590922,0.0,,0.0,0.0,3.0,0.10047846889952153,0.10047846889952153,percentage_based,Other,0,0,0,0,30-40,True,5.9941176470588236,17,1,11,0.1
10,2,Erin Andrews,False,0.7666666666666667,0.6708203932499368,0.06666666666666676,0.7,0.0,0.5773502691896258,3.0,0.10454545454545454,0.10454545454545454,percentage_based,Other,0,0,0,0,30-40,True,5.9941176470588236,17,2,11,0.2
10,3,Erin Andrews,False,0.7666666666666667,0.7101439158686055,0.0,0.7333333333333334,0.047140452079103196,0.5773502691896258,2.0,0.11330049261083744,0.11330049261083744,percentage_based,Other,0,0,0,0,30-40,True,5.9941176470588236,17,3,10,0.3
10,4,Erin Andrews,False,0.65,-0.3032653621242362,-0.1166666666666667,0.7444444444444445,0.03849001794597508,0.0,5.0,0.10512129380053908,0.10512129380053908,percentage_based,Other,0,0,0,0,30-40,True,5.9941176470588236,17,4,9,0.4
10,5,Erin Andrews,False,0.7333333333333333,0.0794679581674317,0.08333333333333326,0.7208333333333333,0.05672382737961705,0.5773502691896258,4.0,0.12716763005780346,0.12716763005780346,percentage_based,Other,0,0,0,0,30-40,True,5.9941176470588236,17,5,8,0.5
10,6,Erin Andrews,False,1.0,0.7740799176372362,0.2666666666666667,0.7233333333333334,0.04944132324730442,1.1547005383792517,2.0,0.16267997069846646,0.16267997069846646,percentage_based,Other,0,0,0,0,30-40,True,5.9941176470588236,17,6,7,0.6
10,7,Erin Andrews,False,0.85,-0.4293783666079522,-0.15000000000000002,0.7694444444444445,0.12129700310792088,0.0,4.0,0.1639871382636656,0.1639871382636656,percentage_based,Other,0,0,0,0,30-40,True,5.9941176470588236,17,7,6,0.7
10,8,Erin Andrews,False,0.8833333333333333,0.3668507043094452,0.033333333333333326,0.780952380952381,0.1148382805854855,0.2886751345948129,2.0,0.20948616600790515,0.20948616600790515,percentage_based,Other,0,0,0,0,30-40,True,5.9941176470588236,17,8,5,0.8
10,9,Erin Andrews,False,0.9333333333333333,-0.1507556722888814,0.050000000000000044,0.79375,0.11231245390243821,0.2886751345948129,3.0,0.24778761061946902,0.24778761061946902,percentage_based,Other,0,0,0,0,30-40,True,5.9941176470588236,17,9,4,0.9
10,10,Erin Andrews,False,0.8999933333333333,-0.5241512302893324,-0.033340000000000036,0.8092592592592592,0.11490065488859133,0.19248857974782183,2.0,0.32661232765023673,0.32661232765023673,percentage_based,Other,0,0,0,0,30-40,True,5.9941176470588236,17,10,3,1.0
10,1,Evan Lysacek,False,0.7666666666666667,1.1846977555181855,0.0,,0.0,0.5773502691896258,2.0,0.11004784688995216,0.11004784688995216,percentage_based,Sports,0,0,0,0,20-30,True,8.220183486238533,11,1,11,0.1
10,2,Evan Lysacek,False,0.8,0.8944271909999159,0.033333333333333326,0.7666666666666667,0.0,0.0,2.0,0.10909090909090909,0.10909090909090909,percentage_based,Sports,0,0,0,0,20-30,True,8.220183486238533,11,2,11,0.2
10,3,Evan Lysacek,False,0.8666666666666667,1.4991927112781662,0.06666666666666665,0.7833333333333334,0.02357022603955154,0.5773502691896257,1.0,0.12807881773399016,0.12807881773399016,percentage_based,Sports,0,0,0,0,20-30,True,8.220183486238533,11,3,10,0.3
10,4,Evan Lysacek,False,0.8666666666666667,1.4708370063025484,0.0,0.8111111111111112,0.05091750772173149,0.5773502691896257,1.0,0.14016172506738545,0.14016172506738545,percentage_based,Sports,0,0,0,0,20-30,True,8.220183486238533,11,4,9,0.4
10,5,Evan Lysacek,False,0.9,1.139040733733192,0.033333333333333326,0.8250000000000001,0.04999999999999993,0.0,2.0,0.15606936416184972,0.15606936416184972,percentage_based,Sports,0,0,0,0,20-30,True,8.220183486238533,11,5,8,0.5
10,6,Evan Lysacek,False,0.9,-0.5805034972523068,0.0,0.8400000000000001,0.05477225575051655,0.0,5.0,0.12918703555466454,0.12918703555466454,percentage_based,Sports,0,0,0,0,20-30,True,8.220183486238533,11,6,7,0.6
10,7,Evan Lysacek,False,0.9,1.1163837531806826,0.0,0.8500000000000001,0.05477225575051655,0.0,1.0,0.17363344051446947,0.17363344051446947,percentage_based,Sports,0,0,0,0,20-30,True,8.220183486238533,11,7,6,0.7
10,8,Evan Lysacek,False,0.8833333333333333,0.3668507043094452,-0.01666666666666672,0.8571428571428571,0.053452248382484815,0.2886751345948129,2.0,0.20948616600790515,0.20948616600790515,percentage_based,Sports,0,0,0,0,20-30,True,8.220183486238533,11,8,5,0.8
10,9,Evan Lysacek,False,0.9833333333333333,0.7537783614444089,0.09999999999999998,0.8604166666666667,0.050346024889977324,0.2886751345948129,1.0,0.2610619469026549,0.2610619469026549,percentage_based,Sports,0,0,0,0,20-30,True,8.220183486238533,11,9,4,0.9
10,10,Evan Lysacek,False,0.8962899999999999,-0.628962608412345,-0.08704333333333336,0.8740740740740741,0.06242279181734502,0.3207758095617561,3.0,0.325268368450467,0.325268368450467,percentage_based,Sports,0,0,0,0,20-30,True,8.220183486238533,11,10,3,1.0
10,1,Jake Pavelka,False,0.6666666666666666,0.2961744388795461,0.0,,0.0,0.5773502691896258,5.0,0.09569377990430622,0.09569377990430622,percentage_based,Media,0,0,0,0,30-40,True,7.098591549295775,7,1,11,0.1
10,2,Jake Pavelka,False,0.6666666666666666,-7.44760245974182e-16,0.0,0.6666666666666666,0.0,0.5773502691896258,6.0,0.09090909090909091,0.09090909090909091,percentage_based,Media,0,0,0,0,30-40,True,7.098591549295775,7,2,11,0.2
10,3,Jake Pavelka,False,0.7,0.1841113855955641,0.033333333333333326,0.6666666666666666,0.0,0.0,4.0,0.10344827586206896,0.10344827586206896,percentage_based,Media,0,0,0,0,30-40,True,7.098591549295775,7,3,10,0.3
10,4,Jake Pavelka,False,0.6333333333333333,-0.4397347750801432,-0.06666666666666665,0.6777777777777777,0.01924500897298754,0.28867513459481287,6.0,0.10242587601078167,0.10242587601078167,percentage_based,Media,0,0,0,0,30-40,True,7.098591549295775,7,4,9,0.4
10,5,Jake Pavelka,False,0.7666666666666667,0.29138251328058434,0.13333333333333341,0.6666666666666666,0.02721655269759086,0.5773502691896258,3.0,0.1329479768786127,0.1329479768786127,percentage_based,Media,0,0,0,0,30-40,True,7.098591549295775,7,5,8,0.5
10,6,Jake Pavelka,True,0.8333299999999999,-1.4836042599591668,0.06666333333333319,0.6866666666666666,0.0505525029603437,0.0,7.0,0.11961714704307622,0.11961714704307622,percentage_based,Media,0,0,0,0,30-40,True,7.098591549295775,7,6,7,0.6
10,7,Jake Pavelka,False,,,0.0,0.7111105555555555,0.07502977188102414,0.0,7.0,0.0,0.0,percentage_based,Media,0,0,0,0,30-40,True,7.098591549295775,7,7,6,0.7
10,8,Jake Pavelka,False,,,0.0,0.7111105555555555,0.07502977188102414,0.0,6.0,0.0,0.0,percentage_based,Media,0,0,0,0,30-40,True,7.098591549295775,7,8,5,0.8
10,9,Jake Pavelka,False,,,0.0,0.7111105555555555,0.07502977188102414,0.0,5.0,0.0,0.0,percentage_based,Media,0,0,0,0,30-40,True,7.098591549295775,7,9,4,0.9
10,10,Jake Pavelka,False,,,0.0,0.7111105555555555,0.07502977188102414,0.0,4.0,0.0,0.0,percentage_based,Media,0,0,0,0,30-40,True,7.098591549295775,7,10,3,1.0
10,1,Kate Gosselin,False,0.5333333333333333,-0.8885233166386383,0.0,,0.0,0.5773502691896258,9.0,0.07655502392344497,0.07655502392344497,percentage_based,Media,0,0,0,0,30-40,True,7.702830188679245,21,1,11,0.1
10,2,Kate Gosselin,False,0.5,-1.1180339887498956,-0.033333333333333326,0.5333333333333333,0.0,0.0,10.0,0.06818181818181818,0.06818181818181818,percentage_based,Media,0,0,0,0,30-40,True,7.702830188679245,21,2,11,0.2
10,3,Kate Gosselin,False,0.5,-1.3939862052235574,0.0,0.5166666666666666,0.02357022603955154,0.0,9.0,0.07389162561576355,0.07389162561576355,percentage_based,Media,0,0,0,0,30-40,True,7.702830188679245,21,3,10,0.3
10,4,Kate Gosselin,False,0.5333333333333333,-1.258551252815582,0.033333333333333326,0.5111111111111111,0.01924500897298748,0.28867513459481287,9.0,0.0862533692722372,0.0862533692722372,percentage_based,Media,0,0,0,0,30-40,True,7.702830188679245,21,4,9,0.4
10,5,Kate Gosselin,True,0.5,-1.4039339276246317,-0.033333333333333326,0.5166666666666666,0.01924500897298751,0.0,8.0,0.08670520231213873,0.08670520231213873,percentage_based,Media,0,0,0,0,30-40,True,7.702830188679245,21,5,8,0.5
10,6,Kate Gosselin,False,,,0.0,0.5133333333333333,0.01825741858350552,0.0,8.0,0.0,0.0,percentage_based,Media,0,0,0,0,30-40,True,7.702830188679245,21,6,7,0.6
10,7,Kate Gosselin,False,,,0.0,0.5133333333333333,0.01825741858350552,0.0,7.0,0.0,0.0,percentage_based,Media,0,0,0,0,30-40,True,7.702830188679245,21,7,6,0.7
10,8,Kate Gosselin,False,,,0.0,0.5133333333333333,0.01825741858350552,0.0,6.0,0.0,0.0,percentage_based,Media,0,0,0,0,30-40,True,7.702830188679245,21,8,5,0.8
10,9,Kate Gosselin,False,,,0.0,0.5133333333333333,0.01825741858350552,0.0,5.0,0.0,0.0,percentage_based,Media,0,0,0,0,30-40,True,7.702830188679245,21,9,4,0.9
10,10,Kate Gosselin,False,,,0.0,0.5133333333333333,0.01825741858350552,0.0,4.0,0.0,0.0,percentage_based,Media,0,0,0,0,30-40,True,7.702830188679245,21,10,3,1.0
10,1,Nicole Scherzinger,False,0.8333333333333334,1.7770466332772776,0.0,,0.0,1.1547005383792517,1.0,0.11961722488038277,0.11961722488038277,percentage_based,Music,0,0,0,0,30-40,True,2.954285714285714,17,1,11,0.1
10,2,Nicole Scherzinger,False,0.9333333333333333,1.7888543819998317,0.09999999999999998,0.8333333333333334,0.0,1.1547005383792517,1.0,0.12727272727272726,0.12727272727272726,percentage_based,Music,0,0,0,0,30-40,True,2.954285714285714,17,2,11,0.2
10,3,Nicole Scherzinger,False,0.7666666666666667,0.7101439158686055,-0.16666666666666663,0.8833333333333333,0.07071067811865478,1.5275252316519465,2.0,0.11330049261083744,0.11330049261083744,percentage_based,Music,0,0,0,0,30-40,True,2.954285714285714,17,3,10,0.3
10,4,Nicole Scherzinger,False,0.8333333333333334,1.1978981803907356,0.06666666666666665,0.8444444444444444,0.08388704928078608,0.2886751345948129,2.0,0.1347708894878706,0.1347708894878706,percentage_based,Music,0,0,0,0,30-40,True,2.954285714285714,17,4,9,0.4
10,5,Nicole Scherzinger,False,0.9666666666666667,1.562869843959496,0.1333333333333333,0.8416666666666667,0.06871842709362765,0.5773502691896257,1.0,0.1676300578034682,0.1676300578034682,percentage_based,Music,0,0,0,0,30-40,True,2.954285714285714,17,5,8,0.5
10,6,Nicole Scherzinger,False,1.0,0.7740799176372362,0.033333333333333326,0.8666666666666668,0.08164965809277258,1.5275252316519468,1.0,0.17224890226905065,0.17224890226905065,percentage_based,Music,0,0,0,0,30-40,True,2.954285714285714,17,6,7,0.6
10,7,Nicole Scherzinger,False,0.9,1.1163837531806826,-0.09999999999999998,0.888888888888889,0.09108400680852974,0.0,1.0,0.17363344051446947,0.17363344051446947,percentage_based,Music,0,0,0,0,30-40,True,2.954285714285714,17,7,6,0.7
10,8,Nicole Scherzinger,False,0.9833333333333333,1.2839774650830598,0.08333333333333326,0.8904761904761905,0.08325393042503715,0.2886751345948129,1.0,0.233201581027668,0.233201581027668,percentage_based,Music,0,0,0,0,30-40,True,2.954285714285714,17,8,5,0.8
10,9,Nicole Scherzinger,False,0.9833333333333333,0.7537783614444089,0.0,0.9020833333333333,0.08377857247738947,0.2886751345948129,1.0,0.2610619469026549,0.2610619469026549,percentage_based,Music,0,0,0,0,30-40,True,2.954285714285714,17,9,4,0.9
10,10,Nicole Scherzinger,False,0.9592566666666666,1.1531138387016773,-0.024076666666666635,0.911111111111111,0.08291561975888496,0.16033016975395872,1.0,0.3481193038992962,0.3481193038992962,percentage_based,Music,0,0,0,0,30-40,True,2.954285714285714,17,10,3,1.0
10,1,Niecy Nash,False,0.6,-0.2961744388795461,0.0,,0.0,1.0,6.0,0.0861244019138756,0.0861244019138756,percentage_based,Entertainment,0,1,0,0,30-40,True,7.114285714285714,11,1,11,0.1
10,2,Niecy Nash,False,0.7,0.22360679774997821,0.09999999999999998,0.6,0.0,0.0,5.0,0.09545454545454546,0.09545454545454546,percentage_based,Entertainment,0,1,0,0,30-40,True,7.114285714285714,11,2,11,0.2
10,3,Niecy Nash,False,0.7,0.1841113855955641,0.0,0.6499999999999999,0.07071067811865478,0.0,4.0,0.10344827586206896,0.10344827586206896,percentage_based,Entertainment,0,1,0,0,30-40,True,7.114285714285714,11,3,10,0.3
10,4,Niecy Nash,False,0.6,-0.7126736009919561,-0.09999999999999998,0.6666666666666666,0.057735026918962595,0.0,7.0,0.09703504043126684,0.09703504043126684,percentage_based,Entertainment,0,1,0,0,30-40,True,7.114285714285714,11,4,9,0.4
10,5,Niecy Nash,False,0.6,-0.768190262285176,0.0,0.6499999999999999,0.05773502691896258,0.0,6.0,0.10404624277456648,0.10404624277456648,percentage_based,Entertainment,0,1,0,0,30-40,True,7.114285714285714,11,5,8,0.5
10,6,Niecy Nash,False,0.86666,-1.032121607776481,0.26666,0.6399999999999999,0.0547722557505166,0.0,6.0,0.12440137359311731,0.12440137359311731,percentage_based,Entertainment,0,1,0,0,30-40,True,7.114285714285714,11,6,7,0.6
10,7,Niecy Nash,False,0.8166666666666667,-1.459886446467041,-0.049993333333333334,0.6777766666666666,0.10470176343627968,0.2886751345948129,6.0,0.15755627009646303,0.15755627009646303,percentage_based,Entertainment,0,1,0,0,30-40,True,7.114285714285714,11,7,6,0.7
10,8,Niecy Nash,True,0.7166666666666667,-1.1616938969799124,-0.09999999999999998,0.6976180952380951,0.10904658975184847,0.28867513459481287,5.0,0.16996047430830039,0.16996047430830039,percentage_based,Entertainment,0,1,0,0,30-40,True,7.114285714285714,11,8,5,0.8
10,9,Niecy Nash,False,,,0.0,0.6999991666666666,0.10118190442630214,0.0,5.0,0.0,0.0,percentage_based,Entertainment,0,1,0,0,30-40,True,7.114285714285714,11,9,4,0.9
10,10,Niecy Nash,False,,,0.0,0.6999991666666666,0.10118190442630214,0.0,4.0,0.0,0.0,percentage_based,Entertainment,0,1,0,0,30-40,True,7.114285714285714,11,10,3,1.0
10,1,Pamela Anderson,False,0.7,0.5923488777590922,0.0,,0.0,1.0,3.0,0.10047846889952153,0.10047846889952153,percentage_based,Fashion,0,0,0,0,40-50,False,6.0,1,1,11,0.1
10,2,Pamela Anderson,False,0.7333333333333333,0.44721359549995715,0.033333333333333326,0.7,0.0,0.5773502691896258,4.0,0.1,0.1,percentage_based,Fashion,0,0,0,0,40-50,False,6.0,1,2,11,0.2
10,3,Pamela Anderson,False,0.7,0.1841113855955641,-0.033333333333333326,0.7166666666666666,0.02357022603955162,0.0,4.0,0.10344827586206896,0.10344827586206896,percentage_based,Fashion,0,0,0,0,40-50,False,6.0,1,3,10,0.3
10,4,Pamela Anderson,False,0.7833333333333333,0.7884899415230157,0.08333333333333337,0.7111111111111111,0.01924500897298753,0.5773502691896258,3.0,0.12668463611859837,0.12668463611859837,percentage_based,Fashion,0,0,0,0,40-50,False,6.0,1,4,9,0.4
10,5,Pamela Anderson,False,0.7,-0.13244659694572022,-0.08333333333333337,0.7291666666666666,0.039381796885438435,1.0,5.0,0.12138728323699421,0.12138728323699421,percentage_based,Fashion,0,0,0,0,40-50,False,6.0,1,5,8,0.5
10,6,Pamela Anderson,False,0.9999933333333334,0.7739896120762445,0.29999333333333345,0.7233333333333333,0.0365148371670111,0.5773502691896258,4.0,0.14354019367528983,0.14354019367528983,percentage_based,Fashion,0,0,0,0,40-50,False,6.0,1,6,7,0.6
10,7,Pamela Anderson,True,0.85,-0.4293783666079522,-0.14999333333333342,0.7694433333333333,0.11757320811590828,0.0,4.0,0.1639871382636656,0.1639871382636656,percentage_based,Fashion,0,0,0,0,40-50,False,6.0,1,7,6,0.7
10,8,Pamela Anderson,False,,,0.0,0.7809514285714286,0.11156434547359831,0.0,6.0,0.0,0.0,percentage_based,Fashion,0,0,0,0,40-50,False,6.0,1,8,5,0.8
10,9,Pamela Anderson,False,,,0.0,0.7809514285714286,0.11156434547359831,0.0,5.0,0.0,0.0,percentage_based,Fashion,0,0,0,0,40-50,False,6.0,1,9,4,0.9
10,10,Pamela Anderson,False,,,0.0,0.7809514285714286,0.11156434547359831,0.0,4.0,0.0,0.0,percentage_based,Fashion,0,0,0,0,40-50,False,6.0,1,10,3,1.0
10,1,Shannen Doherty,False,0.6,-0.2961744388795461,0.0,,0.0,0.0,6.0,0.0861244019138756,0.0861244019138756,percentage_based,Entertainment,0,1,0,0,30-40,True,5.134883720930232,21,1,11,0.1
10,2,Shannen Doherty,True,0.6666666666666666,-7.44760245974182e-16,0.06666666666666665,0.6,0.0,0.5773502691896258,6.0,0.09090909090909091,0.09090909090909091,percentage_based,Entertainment,0,1,0,0,30-40,True,5.134883720930232,21,2,11,0.2
10,3,Shannen Doherty,False,,,0.0,0.6333333333333333,0.04714045207910316,0.0,11.0,0.0,0.0,percentage_based,Entertainment,0,1,0,0,30-40,True,5.134883720930232,21,3,10,0.3
10,4,Shannen Doherty,False,,,0.0,0.6333333333333333,0.04714045207910316,0.0,10.0,0.0,0.0,percentage_based,Entertainment,0,1,0,0,30-40,True,5.134883720930232,21,4,9,0.4
10,5,Shannen Doherty,False,,,0.0,0.6333333333333333,0.04714045207910316,0.0,9.0,0.0,0.0,percentage_based,Entertainment,0,1,0,0,30-40,True,5.134883720930232,21,5,8,0.5
10,6,Shannen Doherty,False,,,0.0,0.6333333333333333,0.04714045207910316,0.0,8.0,0.0,0.0,percentage_based,Entertainment,0,1,0,0,30-40,True,5.134883720930232,21,6,7,0.6
10,7,Shannen Doherty,False,,,0.0,0.6333333333333333,0.04714045207910316,0.0,7.0,0.0,0.0,percentage_based,Entertainment,0,1,0,0,30-40,True,5.134883720930232,21,7,6,0.7
10,8,Shannen Doherty,False,,,0.0,0.6333333333333333,0.04714045207910316,0.0,6.0,0.0,0.0,percentage_based,Entertainment,0,1,0,0,30-40,True,5.134883720930232,21,8,5,0.8
10,9,Shannen Doherty,False,,,0.0,0.6333333333333333,0.04714045207910316,0.0,5.0,0.0,0.0,percentage_based,Entertainment,0,1,0,0,30-40,True,5.134883720930232,21,9,4,0.9
10,10,Shannen Doherty,False,,,0.0,0.6333333333333333,0.04714045207910316,0.0,4.0,0.0,0.0,percentage_based,Entertainment,0,1,0,0,30-40,True,5.134883720930232,21,10,3,1.0
11,1,Audrina Patridge,False,0.6333333333333333,0.024728905966593894,0.0,,0.0,0.5773502691896258,5.0,0.08370044052863436,0.08370044052863436,percentage_based,Media,0,0,0,0,20-30,True,7.702830188679245,21,1,12,0.1
11,2,Audrina Patridge,False,0.7666666666666667,0.8815059066904357,0.13333333333333341,0.6333333333333333,0.0,0.5773502691896258,2.0,0.10407239819004525,0.10407239819004525,percentage_based,Media,0,0,0,0,20-30,True,7.702830188679245,21,2,11,0.2
11,3,Audrina Patridge,False,0.8666666666666667,1.4752327293425171,0.09999999999999998,0.7,0.09428090415820643,0.5773502691896257,1.0,0.11764705882352941,0.11764705882352941,percentage_based,Media,0,0,0,0,20-30,True,7.702830188679245,21,3,10,0.3
11,4,Audrina Patridge,False,0.7666666666666667,0.7036514198824484,-0.09999999999999998,0.7555555555555555,0.11706281947614162,0.28867513459481287,3.0,0.12849162011173185,0.12849162011173185,percentage_based,Media,0,0,0,0,20-30,True,7.702830188679245,21,4,9,0.4
11,5,Audrina Patridge,False,0.7666666666666667,0.08574929257125523,0.0,0.7583333333333333,0.09574271077563387,0.5773502691896258,5.0,0.12637362637362637,0.12637362637362637,percentage_based,Media,0,0,0,0,20-30,True,7.702830188679245,21,5,8,0.5
11,6,Audrina Patridge,True,1.0,0.5352738146044231,0.23333333333333328,0.76,0.08299933065325828,0.0,2.0,0.1545889285615942,0.1545889285615942,percentage_based,Media,0,0,0,0,20-30,True,7.702830188679245,21,6,7,0.6
11,7,Audrina Patridge,False,,,0.0,0.7999999999999999,0.12292725943057185,0.0,7.0,0.0,0.0,percentage_based,Media,0,0,0,0,20-30,True,7.702830188679245,21,7,6,0.7
11,8,Audrina Patridge,False,,,0.0,0.7999999999999999,0.12292725943057185,0.0,6.0,0.0,0.0,percentage_based,Media,0,0,0,0,20-30,True,7.702830188679245,21,8,5,0.8
11,9,Audrina Patridge,False,,,0.0,0.7999999999999999,0.12292725943057185,0.0,5.0,0.0,0.0,percentage_based,Media,0,0,0,0,20-30,True,7.702830188679245,21,9,4,0.9
11,10,Audrina Patridge,False,,,0.0,0.7999999999999999,0.12292725943057185,0.0,4.0,0.0,0.0,percentage_based,Media,0,0,0,0,20-30,True,7.702830188679245,21,10,3,1.0
11,1,Brandy,False,0.7666666666666667,1.2117163923631056,0.0,,0.0,0.5773502691896258,2.0,0.1013215859030837,0.1013215859030837,percentage_based,Music,0,0,0,0,30-40,True,5.9941176470588236,17,1,12,0.1
11,2,Brandy,False,0.7,0.2754705958407607,-0.06666666666666676,0.7666666666666667,0.0,0.0,5.0,0.09502262443438914,0.09502262443438914,percentage_based,Music,0,0,0,0,30-40,True,5.9941176470588236,17,2,11,0.2
11,3,Brandy,False,0.8,0.7187031245514836,0.10000000000000009,0.7333333333333334,0.04714045207910327,0.0,2.0,0.1085972850678733,0.1085972850678733,percentage_based,Music,0,0,0,0,30-40,True,5.9941176470588236,17,3,10,0.3
11,4,Brandy,False,0.8,0.9298250905589495,0.0,0.7555555555555555,0.05091750772173159,0.0,2.0,0.1340782122905028,0.1340782122905028,percentage_based,Music,0,0,0,0,30-40,True,5.9941176470588236,17,4,9,0.4
11,5,Brandy,False,0.9,1.4577379737113252,0.09999999999999998,0.7666666666666667,0.04714045207910319,0.0,1.0,0.14835164835164835,0.14835164835164835,percentage_based,Music,0,0,0,0,30-40,True,5.9941176470588236,17,5,8,0.5
11,6,Brandy,False,1.0,0.5352738146044231,0.09999999999999998,0.7933333333333333,0.07226494462892934,0.5773502691896257,1.0,0.17391314849856981,0.17391314849856981,percentage_based,Music,0,0,0,0,30-40,True,5.9941176470588236,17,6,7,0.6
11,7,Brandy,False,0.9125,1.0905596674870746,-0.08750000000000002,0.8277777777777778,0.10628403594282775,0.25,1.0,0.1750599520383693,0.1750599520383693,percentage_based,Music,0,0,0,0,30-40,True,5.9941176470588236,17,7,6,0.7
11,8,Brandy,False,0.95,0.7921180343813382,0.03749999999999998,0.8398809523809524,0.10217136631776097,0.5,1.0,0.21509433962264152,0.21509433962264152,percentage_based,Music,0,0,0,0,30-40,True,5.9941176470588236,17,8,5,0.8
11,9,Brandy,True,0.95,0.0,0.0,0.8536458333333333,0.10229115143891196,0.0,3.0,0.25,0.25,percentage_based,Music,0,0,0,0,30-40,True,5.9941176470588236,17,9,4,0.9
11,10,Brandy,False,,,0.0,0.8643518518518518,0.10093123499457872,0.0,4.0,0.0,0.0,percentage_based,Music,0,0,0,0,30-40,True,5.9941176470588236,17,10,3,1.0
11,1,Bristol Palin,False,0.6,-0.27201796563253383,0.0,,0.0,0.0,7.0,0.07929515418502203,0.07929515418502203,percentage_based,Media,0,0,0,0,Under 20,True,5.134883720930232,21,1,12,0.1
11,2,Bristol Palin,False,0.7333333333333333,0.5784882512655977,0.1333333333333333,0.6,0.0,0.5773502691896258,3.0,0.09954751131221719,0.09954751131221719,percentage_based,Media,0,0,0,0,Under 20,True,5.134883720930232,21,2,11,0.2
11,3,Bristol Palin,False,0.6333333333333333,-1.1726208874261017,-0.09999999999999998,0.6666666666666666,0.09428090415820632,0.5773502691896258,9.0,0.08597285067873303,0.08597285067873303,percentage_based,Media,0,0,0,0,Under 20,True,5.134883720930232,21,3,10,0.3
11,4,Bristol Palin,False,0.5333333333333333,-0.8795642748530603,-0.09999999999999998,0.6555555555555556,0.06938886664887108,0.28867513459481287,8.0,0.0893854748603352,0.0893854748603352,percentage_based,Media,0,0,0,0,Under 20,True,5.134883720930232,21,4,9,0.4
11,5,Bristol Palin,False,0.6,-1.6292365588538333,0.06666666666666665,0.625,0.08333333333333333,0.0,8.0,0.0989010989010989,0.0989010989010989,percentage_based,Media,0,0,0,0,Under 20,True,5.134883720930232,21,5,8,0.5
11,6,Bristol Palin,False,0.9333266666666666,-0.14602711879821534,0.33332666666666666,0.6199999999999999,0.07302967433402215,0.5773502691896257,6.0,0.13526519171803963,0.13526519171803963,percentage_based,Media,0,0,0,0,Under 20,True,5.134883720930232,21,6,7,0.6
11,7,Bristol Palin,False,0.8125,-1.4021481439119488,-0.12082666666666664,0.672221111111111,0.1436277596453441,0.25,6.0,0.15587529976019185,0.15587529976019185,percentage_based,Media,0,0,0,0,Under 20,True,5.134883720930232,21,7,6,0.7
11,8,Bristol Palin,False,0.7833333333333333,-1.1881770515720107,-0.029166666666666674,0.6922609523809523,0.1414282307419337,0.28867513459481287,5.0,0.17735849056603772,0.17735849056603772,percentage_based,Media,0,0,0,0,Under 20,True,5.134883720930232,21,8,5,0.8
11,9,Bristol Palin,False,0.8833333333333333,-1.3587324409735142,0.09999999999999998,0.703645,0.1348380366829328,0.2886751345948129,4.0,0.2324561403508772,0.2324561403508772,percentage_based,Media,0,0,0,0,Under 20,True,5.134883720930232,21,9,4,0.9
11,10,Bristol Palin,False,0.8555533333333334,-0.914974398948898,-0.027779999999999916,0.7236103703703703,0.13962871569157614,0.3849194244687238,3.0,0.3092368897274452,0.3092368897274452,percentage_based,Media,0,0,0,0,Under 20,True,5.134883720930232,21,10,3,1.0
11,1,David Hasselhoff,True,0.5,-1.1622585804299168,0.0,,0.0,0.0,10.0,0.06607929515418502,0.06607929515418502,percentage_based,Entertainment,0,1,0,0,50-60,True,6.163120567375887,14,1,12,0.1
11,2,David Hasselhoff,False,,,0.0,0.5,0.0,0.0,12.0,0.0,0.0,percentage_based,Entertainment,0,1,0,0,50-60,True,6.163120567375887,14,2,11,0.2
11,3,David Hasselhoff,False,,,0.0,0.5,0.0,0.0,11.0,0.0,0.0,percentage_based,Entertainment,0,1,0,0,50-60,True,6.163120567375887,14,3,10,0.3
11,4,David Hasselhoff,False,,,0.0,0.5,0.0,0.0,10.0,0.0,0.0,percentage_based,Entertainment,0,1,0,0,50-60,True,6.163120567375887,14,4,9,0.4
11,5,David Hasselhoff,False,,,0.0,0.5,0.0,0.0,9.0,0.0,0.0,percentage_based,Entertainment,0,1,0,0,50-60,True,6.163120567375887,14,5,8,0.5
11,6,David Hasselhoff,False,,,0.0,0.5,0.0,0.0,8.0,0.0,0.0,percentage_based,Entertainment,0,1,0,0,50-60,True,6.163120567375887,14,6,7,0.6
11,7,David Hasselhoff,False,,,0.0,0.5,0.0,0.0,7.0,0.0,0.0,percentage_based,Entertainment,0,1,0,0,50-60,True,6.163120567375887,14,7,6,0.7
11,8,David Hasselhoff,False,,,0.0,0.5,0.0,0.0,6.0,0.0,0.0,percentage_based,Entertainment,0,1,0,0,50-60,True,6.163120567375887,14,8,5,0.8
11,9,David Hasselhoff,False,,,0.0,0.5,0.0,0.0,5.0,0.0,0.0,percentage_based,Entertainment,0,1,0,0,50-60,True,6.163120567375887,14,9,4,0.9
11,10,David Hasselhoff,False,,,0.0,0.5,0.0,0.0,4.0,0.0,0.0,percentage_based,Entertainment,0,1,0,0,50-60,True,6.163120567375887,14,10,3,1.0
11,1,Florence Henderson,False,0.6,-0.27201796563253383,0.0,,0.0,0.0,7.0,0.07929515418502203,0.07929515418502203,percentage_based,Entertainment,0,1,0,0,60+,True,7.5,2,1,12,0.1
11,2,Florence Henderson,False,0.6333333333333333,-0.33056471500891327,0.033333333333333326,0.6,0.0,0.5773502691896258,8.0,0.08597285067873303,0.08597285067873303,percentage_based,Entertainment,0,1,0,0,60+,True,7.5,2,2,11,0.2
11,3,Florence Henderson,False,0.6666666666666666,-0.7943560850305849,0.033333333333333326,0.6166666666666667,0.02357022603955154,0.5773502691896258,7.0,0.09049773755656108,0.09049773755656108,percentage_based,Entertainment,0,1,0,0,60+,True,7.5,2,3,10,0.3
11,4,Florence Henderson,False,0.5833333333333334,-0.5403037688383082,-0.08333333333333326,0.6333333333333333,0.0333333333333333,0.28867513459481287,6.0,0.09776536312849161,0.09776536312849161,percentage_based,Entertainment,0,1,0,0,60+,True,7.5,2,4,9,0.4
11,5,Florence Henderson,True,0.7,-0.6002450479987809,0.11666666666666659,0.6208333333333333,0.03695592971013905,0.0,6.0,0.11538461538461539,0.11538461538461539,percentage_based,Entertainment,0,1,0,0,60+,True,7.5,2,5,8,0.5
11,6,Florence Henderson,False,,,0.0,0.6366666666666666,0.04772607021092112,0.0,8.0,0.0,0.0,percentage_based,Entertainment,0,1,0,0,60+,True,7.5,2,6,7,0.6
11,7,Florence Henderson,False,,,0.0,0.6366666666666666,0.04772607021092112,0.0,7.0,0.0,0.0,percentage_based,Entertainment,0,1,0,0,60+,True,7.5,2,7,6,0.7
11,8,Florence Henderson,False,,,0.0,0.6366666666666666,0.04772607021092112,0.0,6.0,0.0,0.0,percentage_based,Entertainment,0,1,0,0,60+,True,7.5,2,8,5,0.8
11,9,Florence Henderson,False,,,0.0,0.6366666666666666,0.04772607021092112,0.0,5.0,0.0,0.0,percentage_based,Entertainment,0,1,0,0,60+,True,7.5,2,9,4,0.9
11,10,Florence Henderson,False,,,0.0,0.6366666666666666,0.04772607021092112,0.0,4.0,0.0,0.0,percentage_based,Entertainment,0,1,0,0,60+,True,7.5,2,10,3,1.0
11,1,Jennifer Grey,False,0.8,1.5084632639622333,0.0,,0.0,0.0,1.0,0.10572687224669604,0.10572687224669604,percentage_based,Entertainment,0,1,0,0,40-50,True,2.954285714285714,17,1,12,0.1
11,2,Jennifer Grey,False,0.8,1.1845235621152728,0.0,0.8,0.0,0.0,1.0,0.1085972850678733,0.1085972850678733,percentage_based,Entertainment,0,1,0,0,40-50,True,2.954285714285714,17,2,11,0.2
11,3,Jennifer Grey,False,0.8,0.7187031245514836,0.0,0.8,0.0,0.0,2.0,0.1085972850678733,0.1085972850678733,percentage_based,Entertainment,0,1,0,0,40-50,True,2.954285714285714,17,3,10,0.3
11,4,Jennifer Grey,False,0.9333333333333333,1.834519773264954,0.1333333333333333,0.8,0.0,0.2886751345948129,1.0,0.1564245810055866,0.1564245810055866,percentage_based,Entertainment,0,1,0,0,40-50,True,2.954285714285714,17,4,9,0.4
11,5,Jennifer Grey,False,0.8333333333333334,0.7717436331412901,-0.09999999999999998,0.8333333333333334,0.06666666666666665,0.5773502691896257,2.0,0.13736263736263737,0.13736263736263737,percentage_based,Entertainment,0,1,0,0,40-50,True,2.954285714285714,17,5,8,0.5
11,6,Jennifer Grey,False,0.9666666666666667,0.19465740954361016,0.1333333333333333,0.8333333333333334,0.05773502691896256,0.5773502691896257,5.0,0.14009709211577046,0.14009709211577046,percentage_based,Entertainment,0,1,0,0,40-50,True,2.954285714285714,17,6,7,0.6
11,7,Jennifer Grey,False,0.9125,1.0905596674870746,-0.054166666666666696,0.8555555555555556,0.075030857849485,0.25,1.0,0.1750599520383693,0.1750599520383693,percentage_based,Entertainment,0,1,0,0,40-50,True,2.954285714285714,17,7,6,0.7
11,8,Jennifer Grey,False,0.95,0.7921180343813382,0.03749999999999998,0.8636904761904762,0.07179551908612791,0.0,1.0,0.21509433962264152,0.21509433962264152,percentage_based,Entertainment,0,1,0,0,40-50,True,2.954285714285714,17,8,5,0.8
11,9,Jennifer Grey,False,1.0,1.0190493307301367,0.050000000000000044,0.8744791666666667,0.07313954033975813,0.0,1.0,0.2631578947368421,0.2631578947368421,percentage_based,Entertainment,0,1,0,0,40-50,True,2.954285714285714,17,9,4,0.9
11,10,Jennifer Grey,False,1.0,1.0675006312536823,0.0,0.888425925925926,0.08019555574028914,0.0,1.0,0.36144665408832316,0.36144665408832316,percentage_based,Entertainment,0,1,0,0,40-50,True,2.954285714285714,17,10,3,1.0
11,1,Kurt Warner,False,0.6333333333333333,0.024728905966593894,0.0,,0.0,1.1547005383792517,5.0,0.08370044052863436,0.08370044052863436,percentage_based,Sports,0,0,0,0,30-40,True,8.220183486238533,11,1,12,0.1
11,2,Kurt Warner,False,0.7,0.2754705958407607,0.06666666666666665,0.6333333333333333,0.0,0.0,5.0,0.09502262443438914,0.09502262443438914,percentage_based,Sports,0,0,0,0,30-40,True,8.220183486238533,11,2,11,0.2
11,3,Kurt Warner,False,0.7666666666666667,0.34043832215596675,0.06666666666666676,0.6666666666666666,0.04714045207910316,0.5773502691896258,5.0,0.10407239819004525,0.10407239819004525,percentage_based,Sports,0,0,0,0,30-40,True,8.220183486238533,11,3,10,0.3
11,4,Kurt Warner,False,0.5666666666666667,-0.6533906041765591,-0.20000000000000007,0.7000000000000001,0.06666666666666672,0.28867513459481287,7.0,0.09497206703910614,0.09497206703910614,percentage_based,Sports,0,0,0,0,30-40,True,8.220183486238533,11,4,9,0.4
11,5,Kurt Warner,False,0.8,0.4287464628562727,0.2333333333333334,0.6666666666666666,0.08606629658238706,0.0,3.0,0.13186813186813187,0.13186813186813187,percentage_based,Sports,0,0,0,0,30-40,True,8.220183486238533,11,5,8,0.5
11,6,Kurt Warner,False,0.73333,-2.1896914875225866,-0.06667000000000001,0.6933333333333334,0.09545214042184237,0.0,7.0,0.10628006954612891,0.10628006954612891,percentage_based,Sports,0,0,0,0,30-40,True,8.220183486238533,11,6,7,0.6
11,7,Kurt Warner,False,0.875,0.1557942382124412,0.14166999999999996,0.6999994444444444,0.08692244309131542,0.5,3.0,0.16786570743405277,0.16786570743405277,percentage_based,Sports,0,0,0,0,30-40,True,8.220183486238533,11,7,6,0.7
11,8,Kurt Warner,True,0.8,-0.9901475429766751,-0.07499999999999996,0.7249995238095238,0.10330192175668534,0.0,4.0,0.1811320754716981,0.1811320754716981,percentage_based,Sports,0,0,0,0,30-40,True,8.220183486238533,11,8,5,0.8
11,9,Kurt Warner,False,,,0.0,0.7343745833333334,0.09924692131385124,0.0,5.0,0.0,0.0,percentage_based,Sports,0,0,0,0,30-40,True,8.220183486238533,11,9,4,0.9
11,10,Kurt Warner,False,,,0.0,0.7343745833333334,0.09924692131385124,0.0,4.0,0.0,0.0,percentage_based,Sports,0,0,0,0,30-40,True,8.220183486238533,11,10,3,1.0
11,1,Kyle Massey,False,0.7666666666666667,1.2117163923631056,0.0,,0.0,0.5773502691896258,2.0,0.1013215859030837,0.1013215859030837,percentage_based,Entertainment,0,1,0,0,Under 20,True,6.19672131147541,6,1,12,0.1
11,2,Kyle Massey,False,0.7333333333333333,0.5784882512655977,-0.03333333333333344,0.7666666666666667,0.0,0.5773502691896258,3.0,0.09954751131221719,0.09954751131221719,percentage_based,Entertainment,0,1,0,0,Under 20,True,6.19672131147541,6,2,11,0.2
11,3,Kyle Massey,False,0.7666666666666667,0.34043832215596675,0.03333333333333344,0.75,0.023570226039551657,0.5773502691896258,5.0,0.10407239819004525,0.10407239819004525,percentage_based,Entertainment,0,1,0,0,Under 20,True,6.19672131147541,6,3,10,0.3
11,4,Kyle Massey,False,0.6666666666666666,0.025130407852944237,-0.10000000000000009,0.7555555555555555,0.019245008972987594,0.28867513459481287,4.0,0.11173184357541899,0.11173184357541899,percentage_based,Entertainment,0,1,0,0,Under 20,True,6.19672131147541,6,4,9,0.4
11,5,Kyle Massey,False,0.6666666666666666,-0.9432422182837983,0.0,0.7333333333333334,0.04714045207910319,1.5275252316519465,7.0,0.10989010989010989,0.10989010989010989,percentage_based,Entertainment,0,1,0,0,Under 20,True,6.19672131147541,6,5,8,0.5
11,6,Kyle Massey,False,0.9999966666666665,0.5352397529639157,0.3333299999999999,0.72,0.05055250296034368,0.5773502691896257,4.0,0.14492754323323798,0.14492754323323798,percentage_based,Entertainment,0,1,0,0,Under 20,True,6.19672131147541,6,6,7,0.6
11,7,Kyle Massey,False,0.8375,-0.7789711910621923,-0.1624966666666665,0.7666661111111112,0.12292599400392028,0.47871355387816905,5.0,0.1606714628297362,0.1606714628297362,percentage_based,Entertainment,0,1,0,0,Under 20,True,6.19672131147541,6,7,6,0.7
11,8,Kyle Massey,False,0.9333333333333333,0.594088525786004,0.09583333333333333,0.776785238095238,0.1153651180007317,0.2886751345948129,3.0,0.21132075471698114,0.21132075471698114,percentage_based,Entertainment,0,1,0,0,Under 20,True,6.19672131147541,6,8,5,0.8
11,9,Kyle Massey,False,0.9666666666666667,0.33968311024337966,0.033333333333333326,0.79635375,0.12029639322777351,0.5773502691896257,2.0,0.2543859649122807,0.2543859649122807,percentage_based,Entertainment,0,1,0,0,Under 20,True,6.19672131147541,6,9,4,0.9
11,10,Kyle Massey,False,0.9111066666666666,-0.15252623230478124,-0.055560000000000054,0.8152774074074074,0.12603675151604016,0.38491942446872274,2.0,0.3293164561842318,0.3293164561842318,percentage_based,Entertainment,0,1,0,0,Under 20,True,6.19672131147541,6,10,3,1.0
11,1,Margaret Cho,False,0.5,-1.1622585804299168,0.0,,0.0,0.0,10.0,0.06607929515418502,0.06607929515418502,percentage_based,Entertainment,0,1,0,0,40-50,True,7.114285714285714,11,1,12,0.1
11,2,Margaret Cho,False,0.6,-0.6335823704337502,0.09999999999999998,0.5,0.0,0.0,9.0,0.08144796380090498,0.08144796380090498,percentage_based,Entertainment,0,1,0,0,40-50,True,7.114285714285714,11,2,11,0.2
11,3,Margaret Cho,True,0.6,-1.5508856898216186,0.0,0.55,0.0707106781186547,0.0,10.0,0.08144796380090498,0.08144796380090498,percentage_based,Entertainment,0,1,0,0,40-50,True,7.114285714285714,11,3,10,0.3
11,4,Margaret Cho,False,,,0.0,0.5666666666666667,0.05773502691896253,0.0,10.0,0.0,0.0,percentage_based,Entertainment,0,1,0,0,40-50,True,7.114285714285714,11,4,9,0.4
11,5,Margaret Cho,False,,,0.0,0.5666666666666667,0.05773502691896253,0.0,9.0,0.0,0.0,percentage_based,Entertainment,0,1,0,0,40-50,True,7.114285714285714,11,5,8,0.5
11,6,Margaret Cho,False,,,0.0,0.5666666666666667,0.05773502691896253,0.0,8.0,0.0,0.0,percentage_based,Entertainment,0,1,0,0,40-50,True,7.114285714285714,11,6,7,0.6
11,7,Margaret Cho,False,,,0.0,0.5666666666666667,0.05773502691896253,0.0,7.0,0.0,0.0,percentage_based,Entertainment,0,1,0,0,40-50,True,7.114285714285714,11,7,6,0.7
11,8,Margaret Cho,False,,,0.0,0.5666666666666667,0.05773502691896253,0.0,6.0,0.0,0.0,percentage_based,Entertainment,0,1,0,0,40-50,True,7.114285714285714,11,8,5,0.8
11,9,Margaret Cho,False,,,0.0,0.5666666666666667,0.05773502691896253,0.0,5.0,0.0,0.0,percentage_based,Entertainment,0,1,0,0,40-50,True,7.114285714285714,11,9,4,0.9
11,10,Margaret Cho,False,,,0.0,0.5666666666666667,0.05773502691896253,0.0,4.0,0.0,0.0,percentage_based,Entertainment,0,1,0,0,40-50,True,7.114285714285714,11,10,3,1.0
11,1,Michael Bolton,False,0.5333333333333333,-0.8655117088307892,0.0,,0.0,0.5773502691896258,9.0,0.07048458149779736,0.07048458149779736,percentage_based,Music,0,0,0,0,50-60,True,7.098591549295775,7,1,12,0.1
11,2,Michael Bolton,True,0.4,-2.451688302982772,-0.1333333333333333,0.5333333333333333,0.0,1.0,11.0,0.05429864253393665,0.05429864253393665,percentage_based,Music,0,0,0,0,50-60,True,7.098591549295775,7,2,11,0.2
11,3,Michael Bolton,False,,,0.0,0.4666666666666667,0.09428090415820632,0.0,11.0,0.0,0.0,percentage_based,Music,0,0,0,0,50-60,True,7.098591549295775,7,3,10,0.3
11,4,Michael Bolton,False,,,0.0,0.4666666666666667,0.09428090415820632,0.0,10.0,0.0,0.0,percentage_based,Music,0,0,0,0,50-60,True,7.098591549295775,7,4,9,0.4
11,5,Michael Bolton,False,,,0.0,0.4666666666666667,0.09428090415820632,0.0,9.0,0.0,0.0,percentage_based,Music,0,0,0,0,50-60,True,7.098591549295775,7,5,8,0.5
11,6,Michael Bolton,False,,,0.0,0.4666666666666667,0.09428090415820632,0.0,8.0,0.0,0.0,percentage_based,Music,0,0,0,0,50-60,True,7.098591549295775,7,6,7,0.6
11,7,Michael Bolton,False,,,0.0,0.4666666666666667,0.09428090415820632,0.0,7.0,0.0,0.0,percentage_based,Music,0,0,0,0,50-60,True,7.098591549295775,7,7,6,0.7
11,8,Michael Bolton,False,,,0.0,0.4666666666666667,0.09428090415820632,0.0,6.0,0.0,0.0,percentage_based,Music,0,0,0,0,50-60,True,7.098591549295775,7,8,5,0.8
11,9,Michael Bolton,False,,,0.0,0.4666666666666667,0.09428090415820632,0.0,5.0,0.0,0.0,percentage_based,Music,0,0,0,0,50-60,True,7.098591549295775,7,9,4,0.9
11,10,Michael Bolton,False,,,0.0,0.4666666666666667,0.09428090415820632,0.0,4.0,0.0,0.0,percentage_based,Music,0,0,0,0,50-60,True,7.098591549295775,7,10,3,1.0
11,1,Rick Fox,False,0.7333333333333333,0.914969520763977,0.0,,0.0,0.5773502691896258,4.0,0.09691629955947137,0.09691629955947137,percentage_based,Sports,0,0,0,0,40-50,False,5.853754940711463,25,1,12,0.1
11,2,Rick Fox,False,0.7,0.2754705958407607,-0.033333333333333326,0.7333333333333333,0.0,0.0,5.0,0.09502262443438914,0.09502262443438914,percentage_based,Sports,0,0,0,0,40-50,False,5.853754940711463,25,2,11,0.2
11,3,Rick Fox,False,0.8,0.7187031245514836,0.10000000000000009,0.7166666666666666,0.02357022603955154,0.0,2.0,0.1085972850678733,0.1085972850678733,percentage_based,Sports,0,0,0,0,40-50,False,5.853754940711463,25,3,10,0.3
11,4,Rick Fox,False,0.65,-0.08795642748530595,-0.15000000000000002,0.7444444444444445,0.05091750772173164,0.5,5.0,0.10893854748603352,0.10893854748603352,percentage_based,Sports,0,0,0,0,40-50,False,5.853754940711463,25,4,9,0.4
11,5,Rick Fox,False,0.8,0.4287464628562727,0.15000000000000002,0.7208333333333333,0.06291528696058957,0.0,3.0,0.13186813186813187,0.13186813186813187,percentage_based,Sports,0,0,0,0,40-50,False,5.853754940711463,25,5,8,0.5
11,6,Rick Fox,False,1.0,0.5352738146044231,0.19999999999999996,0.7366666666666667,0.06497862896539312,0.0,3.0,0.1449280263266591,0.1449280263266591,percentage_based,Sports,0,0,0,0,40-50,False,5.853754940711463,25,6,7,0.6
11,7,Rick Fox,True,0.8625,-0.15579423821243568,-0.13749999999999996,0.7805555555555556,0.12220959530734563,0.25,4.0,0.16546762589928057,0.16546762589928057,percentage_based,Sports,0,0,0,0,40-50,False,5.853754940711463,25,7,6,0.7
11,8,Rick Fox,False,,,0.0,0.7922619047619047,0.11578107762716648,0.0,6.0,0.0,0.0,percentage_based,Sports,0,0,0,0,40-50,False,5.853754940711463,25,8,5,0.8
11,9,Rick Fox,False,,,0.0,0.7922619047619047,0.11578107762716648,0.0,5.0,0.0,0.0,percentage_based,Sports,0,0,0,0,40-50,False,5.853754940711463,25,9,4,0.9
11,10,Rick Fox,False,,,0.0,0.7922619047619047,0.11578107762716648,0.0,4.0,0.0,0.0,percentage_based,Sports,0,0,0,0,40-50,False,5.853754940711463,25,10,3,1.0
11,1,The Situation,False,0.5,-1.1622585804299168,0.0,,0.0,0.0,10.0,0.06607929515418502,0.06607929515418502,percentage_based,Media,0,0,0,0,20-30,True,6.711956521739131,18,1,12,0.1
11,2,The Situation,False,0.6,-0.6335823704337502,0.09999999999999998,0.5,0.0,0.0,9.0,0.08144796380090498,0.08144796380090498,percentage_based,Media,0,0,0,0,20-30,True,6.711956521739131,18,2,11,0.2
11,3,The Situation,False,0.6666666666666666,-0.7943560850305849,0.06666666666666665,0.55,0.0707106781186547,0.5773502691896258,7.0,0.09049773755656108,0.09049773755656108,percentage_based,Media,0,0,0,0,20-30,True,6.711956521739131,18,3,10,0.3
11,4,The Situation,True,0.4666666666666667,-1.3319116162060625,-0.19999999999999996,0.5888888888888889,0.08388704928078604,0.28867513459481287,9.0,0.0782122905027933,0.0782122905027933,percentage_based,Media,0,0,0,0,20-30,True,6.711956521739131,18,4,9,0.4
11,5,The Situation,False,,,0.0,0.5583333333333333,0.09179284245476833,0.0,9.0,0.0,0.0,percentage_based,Media,0,0,0,0,20-30,True,6.711956521739131,18,5,8,0.5
11,6,The Situation,False,,,0.0,0.5583333333333333,0.09179284245476833,0.0,8.0,0.0,0.0,percentage_based,Media,0,0,0,0,20-30,True,6.711956521739131,18,6,7,0.6
11,7,The Situation,False,,,0.0,0.5583333333333333,0.09179284245476833,0.0,7.0,0.0,0.0,percentage_based,Media,0,0,0,0,20-30,True,6.711956521739131,18,7,6,0.7
11,8,The Situation,False,,,0.0,0.5583333333333333,0.09179284245476833,0.0,6.0,0.0,0.0,percentage_based,Media,0,0,0,0,20-30,True,6.711956521739131,18,8,5,0.8
11,9,The Situation,False,,,0.0,0.5583333333333333,0.09179284245476833,0.0,5.0,0.0,0.0,percentage_based,Media,0,0,0,0,20-30,True,6.711956521739131,18,9,4,0.9
11,10,The Situation,False,,,0.0,0.5583333333333333,0.09179284245476833,0.0,4.0,0.0,0.0,percentage_based,Media,0,0,0,0,20-30,True,6.711956521739131,18,10,3,1.0
12,1,Chelsea Kane,False,0.7,0.6416103240209158,0.0,,0.0,0.0,3.0,0.10144927536231885,0.10144927536231885,percentage_based,Entertainment,0,1,0,0,20-30,True,5.134883720930232,21,1,11,0.1
12,2,Chelsea Kane,False,0.6,-0.654307567765092,-0.09999999999999998,0.7,0.0,1.0,7.0,0.08333333333333333,0.08333333333333333,percentage_based,Entertainment,0,1,0,0,20-30,True,5.134883720930232,21,2,11,0.2
12,3,Chelsea Kane,False,0.7666666666666667,0.5491545143475295,0.16666666666666674,0.6499999999999999,0.0707106781186547,0.5773502691896258,3.0,0.10747663551401869,0.10747663551401869,percentage_based,Entertainment,0,1,0,0,20-30,True,5.134883720930232,21,3,10,0.3
12,4,Chelsea Kane,False,0.8666666666666667,1.285066329533492,0.09999999999999998,0.6888888888888888,0.08388704928078614,0.5773502691896257,1.0,0.1262135922330097,0.1262135922330097,percentage_based,Entertainment,0,1,0,0,20-30,True,5.134883720930232,21,4,9,0.4
12,5,Chelsea Kane,False,0.8666666666666667,0.7999533568492153,0.0,0.7333333333333334,0.11221672153735643,0.5773502691896257,2.0,0.13402061855670103,0.13402061855670103,percentage_based,Entertainment,0,1,0,0,20-30,True,5.134883720930232,21,5,8,0.5
12,6,Chelsea Kane,False,0.9333333333333333,1.0320790860900744,0.06666666666666665,0.76,0.1140175425099138,0.5773502691896257,1.0,0.15555555555555556,0.15555555555555556,percentage_based,Entertainment,0,1,0,0,20-30,True,5.134883720930232,21,6,7,0.6
12,7,Chelsea Kane,False,0.8,0.4082482904638617,-0.1333333333333333,0.7888888888888889,0.12412657816683503,0.408248290463863,3.0,0.16976127320954906,0.16976127320954906,percentage_based,Entertainment,0,1,0,0,20-30,True,5.134883720930232,21,7,6,0.7
12,8,Chelsea Kane,False,0.9166666666666666,0.8485281374238545,0.11666666666666659,0.7904761904761904,0.11338934190276817,0.2886751345948129,1.0,0.21153846153846154,0.21153846153846154,percentage_based,Entertainment,0,1,0,0,20-30,True,5.134883720930232,21,8,5,0.8
12,9,Chelsea Kane,False,1.0,0.78334945180064,0.08333333333333337,0.80625,0.11406538781949896,0.2886751345948129,1.0,0.31063829787234043,0.31063829787234043,percentage_based,Entertainment,0,1,0,0,20-30,True,5.134883720930232,21,9,4,0.9
12,10,Chelsea Kane,False,0.9888866666666668,0.5773502691896257,-0.011113333333333197,0.8277777777777778,0.12472191289246473,0.1924885797478208,1.0,0.33969480071129965,0.33969480071129965,percentage_based,Entertainment,0,1,0,0,20-30,True,5.134883720930232,21,10,3,1.0
12,1,Chris Jericho,False,0.6333333333333333,0.0534675270017442,0.0,,0.0,0.5773502691896258,5.0,0.09178743961352658,0.09178743961352658,percentage_based,Sports,0,0,0,0,30-40,True,5.853754940711463,25,1,11,0.1
12,2,Chris Jericho,False,0.7666666666666667,1.3449655559615825,0.13333333333333341,0.6333333333333333,0.0,0.5773502691896258,1.0,0.10648148148148148,0.10648148148148148,percentage_based,Sports,0,0,0,0,30-40,True,5.853754940711463,25,2,11,0.2
12,3,Chris Jericho,False,0.7,-0.13728862858688468,-0.06666666666666676,0.7,0.09428090415820643,0.0,5.0,0.09813084112149532,0.09813084112149532,percentage_based,Sports,0,0,0,0,30-40,True,5.853754940711463,25,3,10,0.3
12,4,Chris Jericho,False,0.7666666666666667,0.04589522605476698,0.06666666666666676,0.7000000000000001,0.06666666666666674,0.5773502691896258,4.0,0.11165048543689321,0.11165048543689321,percentage_based,Sports,0,0,0,0,30-40,True,5.853754940711463,25,4,9,0.4
12,5,Chris Jericho,False,0.8666666666666667,0.7999533568492153,0.09999999999999998,0.7166666666666667,0.06382847385042262,0.5773502691896257,2.0,0.13402061855670103,0.13402061855670103,percentage_based,Sports,0,0,0,0,30-40,True,5.853754940711463,25,5,8,0.5
12,6,Chris Jericho,True,0.7333333333333333,-1.6771285148963693,-0.13333333333333341,0.7466666666666667,0.08692269873603536,0.5773502691896258,7.0,0.12222222222222222,0.12222222222222222,percentage_based,Sports,0,0,0,0,30-40,True,5.853754940711463,25,6,7,0.6
12,7,Chris Jericho,False,,,0.0,0.7444444444444445,0.07793634629666751,0.0,7.0,0.0,0.0,percentage_based,Sports,0,0,0,0,30-40,True,5.853754940711463,25,7,6,0.7
12,8,Chris Jericho,False,,,0.0,0.7444444444444445,0.07793634629666751,0.0,6.0,0.0,0.0,percentage_based,Sports,0,0,0,0,30-40,True,5.853754940711463,25,8,5,0.8
12,9,Chris Jericho,False,,,0.0,0.7444444444444445,0.07793634629666751,0.0,5.0,0.0,0.0,percentage_based,Sports,0,0,0,0,30-40,True,5.853754940711463,25,9,4,0.9
12,10,Chris Jericho,False,,,0.0,0.7444444444444445,0.07793634629666751,0.0,4.0,0.0,0.0,percentage_based,Sports,0,0,0,0,30-40,True,5.853754940711463,25,10,3,1.0
12,1,Hines Ward,False,0.7,0.6416103240209158,0.0,,0.0,0.0,3.0,0.10144927536231885,0.10144927536231885,percentage_based,Sports,0,0,0,0,30-40,False,6.163120567375887,14,1,11,0.1
12,2,Hines Ward,False,0.7666666666666667,1.3449655559615825,0.06666666666666676,0.7,0.0,0.5773502691896258,1.0,0.10648148148148148,0.10648148148148148,percentage_based,Sports,0,0,0,0,30-40,False,6.163120567375887,14,2,11,0.2
12,3,Hines Ward,False,0.8333333333333334,1.2355976572819425,0.06666666666666665,0.7333333333333334,0.047140452079103196,0.5773502691896257,1.0,0.11682242990654206,0.11682242990654206,percentage_based,Sports,0,0,0,0,30-40,False,6.163120567375887,14,3,10,0.3
12,4,Hines Ward,False,0.8333333333333334,0.8720092950405837,0.0,0.7666666666666666,0.06666666666666667,0.5773502691896257,2.0,0.12135922330097088,0.12135922330097088,percentage_based,Sports,0,0,0,0,30-40,False,6.163120567375887,14,4,9,0.4
12,5,Hines Ward,False,0.9,1.2570695607630524,0.06666666666666665,0.7833333333333333,0.06382847385042253,0.0,1.0,0.13917525773195877,0.13917525773195877,percentage_based,Sports,0,0,0,0,30-40,False,6.163120567375887,14,5,8,0.5
12,6,Hines Ward,False,0.9,0.5805444859256672,0.0,0.8066666666666666,0.07601169500660916,0.0,3.0,0.15,0.15,percentage_based,Sports,0,0,0,0,30-40,False,6.163120567375887,14,6,7,0.6
12,7,Hines Ward,False,0.825,1.1081025026876246,-0.07500000000000007,0.8222222222222223,0.07793634629666743,0.5,1.0,0.17506631299734748,0.17506631299734748,percentage_based,Sports,0,0,0,0,30-40,False,6.163120567375887,14,7,6,0.7
12,8,Hines Ward,False,0.9,0.5656854249492362,0.07500000000000007,0.8226190476190477,0.07115357115303969,0.0,2.0,0.2076923076923077,0.2076923076923077,percentage_based,Sports,0,0,0,0,30-40,False,6.163120567375887,14,8,5,0.8
12,9,Hines Ward,False,1.0,0.78334945180064,0.09999999999999998,0.8322916666666667,0.07133053788470005,0.0,2.0,0.2553191489361702,0.2553191489361702,percentage_based,Sports,0,0,0,0,30-40,False,6.163120567375887,14,9,4,0.9
12,10,Hines Ward,False,0.9888866666666668,0.5773502691896257,-0.011113333333333197,0.8509259259259259,0.08704688675551328,0.1924885797478208,1.0,0.33969480071129965,0.33969480071129965,percentage_based,Sports,0,0,0,0,30-40,False,6.163120567375887,14,10,3,1.0
12,1,Kendra Wilkinson,False,0.6,-0.24060387150784157,0.0,,0.0,0.0,7.0,0.08695652173913043,0.08695652173913043,percentage_based,Media,0,0,0,0,20-30,True,7.114285714285714,11,1,11,0.1
12,2,Kendra Wilkinson,False,0.6333333333333333,-0.25445294301975746,0.033333333333333326,0.6,0.0,0.5773502691896258,6.0,0.08796296296296297,0.08796296296296297,percentage_based,Media,0,0,0,0,20-30,True,7.114285714285714,11,2,11,0.2
12,3,Kendra Wilkinson,False,0.7666666666666667,0.5491545143475295,0.13333333333333341,0.6166666666666667,0.02357022603955154,0.5773502691896258,3.0,0.10747663551401869,0.10747663551401869,percentage_based,Media,0,0,0,0,20-30,True,7.114285714285714,11,3,10,0.3
12,4,Kendra Wilkinson,False,0.6,-2.019389946409776,-0.16666666666666674,0.6666666666666666,0.08819171036881968,0.0,9.0,0.08737864077669903,0.08737864077669903,percentage_based,Media,0,0,0,0,20-30,True,7.114285714285714,11,4,9,0.4
12,5,Kendra Wilkinson,False,0.7333333333333333,-1.0285114588061346,0.1333333333333333,0.65,0.07934920476158723,0.5773502691896258,6.0,0.1134020618556701,0.1134020618556701,percentage_based,Media,0,0,0,0,20-30,True,7.114285714285714,11,5,8,0.5
12,6,Kendra Wilkinson,False,0.8333333333333334,-0.3225247144031468,0.10000000000000009,0.6666666666666666,0.07817359599705716,0.5773502691896257,5.0,0.1388888888888889,0.1388888888888889,percentage_based,Media,0,0,0,0,20-30,True,7.114285714285714,11,6,7,0.6
12,7,Kendra Wilkinson,True,0.7625,-0.6415330278717889,-0.07083333333333341,0.6944444444444445,0.09756289519340086,0.25,4.0,0.16180371352785147,0.16180371352785147,percentage_based,Media,0,0,0,0,20-30,True,7.114285714285714,11,7,6,0.7
12,8,Kendra Wilkinson,False,,,0.0,0.7041666666666666,0.0927024810886958,0.0,6.0,0.0,0.0,percentage_based,Media,0,0,0,0,20-30,True,7.114285714285714,11,8,5,0.8
12,9,Kendra Wilkinson,False,,,0.0,0.7041666666666666,0.0927024810886958,0.0,5.0,0.0,0.0,percentage_based,Media,0,0,0,0,20-30,True,7.114285714285714,11,9,4,0.9
12,10,Kendra Wilkinson,False,,,0.0,0.7041666666666666,0.0927024810886958,0.0,4.0,0.0,0.0,percentage_based,Media,0,0,0,0,20-30,True,7.114285714285714,11,10,3,1.0
12,1,Kirstie Alley,False,0.7666666666666667,1.2297531210400883,0.0,,0.0,0.5773502691896258,2.0,0.1111111111111111,0.1111111111111111,percentage_based,Entertainment,0,1,0,0,50-60,True,5.9941176470588236,17,1,11,0.1
12,2,Kirstie Alley,False,0.6666666666666666,0.1454016817255772,-0.10000000000000009,0.7666666666666667,0.0,0.5773502691896258,5.0,0.09259259259259259,0.09259259259259259,percentage_based,Entertainment,0,1,0,0,50-60,True,5.9941176470588236,17,2,11,0.2
12,3,Kirstie Alley,False,0.7,-0.13728862858688468,0.033333333333333326,0.7166666666666667,0.07071067811865482,0.0,5.0,0.09813084112149532,0.09813084112149532,percentage_based,Entertainment,0,1,0,0,50-60,True,5.9941176470588236,17,3,10,0.3
12,4,Kirstie Alley,False,0.7333333333333333,-0.3671618084381427,0.033333333333333326,0.7111111111111111,0.050917507721731606,0.5773502691896258,7.0,0.10679611650485436,0.10679611650485436,percentage_based,Entertainment,0,1,0,0,50-60,True,5.9941176470588236,17,4,9,0.4
12,5,Kirstie Alley,False,0.7666666666666667,-0.571395254892296,0.03333333333333344,0.7166666666666667,0.04303314829119355,0.5773502691896258,5.0,0.11855670103092783,0.11855670103092783,percentage_based,Entertainment,0,1,0,0,50-60,True,5.9941176470588236,17,5,8,0.5
12,6,Kirstie Alley,False,0.8666666666666667,0.1290098857612602,0.09999999999999998,0.7266666666666667,0.04346134936801769,0.5773502691896257,4.0,0.14444444444444443,0.14444444444444443,percentage_based,Entertainment,0,1,0,0,50-60,True,5.9941176470588236,17,6,7,0.6
12,7,Kirstie Alley,False,0.75,-0.9914601339836703,-0.1166666666666667,0.75,0.06912147117775909,0.5773502691896257,5.0,0.15915119363395225,0.15915119363395225,percentage_based,Entertainment,0,1,0,0,50-60,True,5.9941176470588236,17,7,6,0.7
12,8,Kirstie Alley,False,0.8833333333333333,0.28284271247461623,0.1333333333333333,0.75,0.06309898162000306,0.2886751345948129,3.0,0.20384615384615384,0.20384615384615384,percentage_based,Entertainment,0,1,0,0,50-60,True,5.9941176470588236,17,8,5,0.8
12,9,Kirstie Alley,False,0.9,-0.26111648393354703,0.01666666666666672,0.7666666666666666,0.07506610843064024,0.0,3.0,0.2297872340425532,0.2297872340425532,percentage_based,Entertainment,0,1,0,0,50-60,True,5.9941176470588236,17,9,4,0.9
12,10,Kirstie Alley,False,0.9333299999999999,-1.1547005383792515,0.03332999999999986,0.7814814814814814,0.08310152945361998,0.0,3.0,0.32061039857740076,0.32061039857740076,percentage_based,Entertainment,0,1,0,0,50-60,True,5.9941176470588236,17,10,3,1.0
12,1,Mike Catherwood,False,0.43333333333333335,-1.7109608640557705,0.0,,0.0,0.5773502691896258,11.0,0.06280193236714976,0.06280193236714976,percentage_based,Other,0,0,0,0,30-40,True,6.19672131147541,6,1,11,0.1
12,2,Mike Catherwood,True,0.5666666666666667,-1.0541621925104268,0.1333333333333333,0.43333333333333335,0.0,0.5773502691896258,9.0,0.0787037037037037,0.0787037037037037,percentage_based,Other,0,0,0,0,30-40,True,6.19672131147541,6,2,11,0.2
12,3,Mike Catherwood,False,,,0.0,0.5,0.09428090415820632,0.0,11.0,0.0,0.0,percentage_based,Other,0,0,0,0,30-40,True,6.19672131147541,6,3,10,0.3
12,4,Mike Catherwood,False,,,0.0,0.5,0.09428090415820632,0.0,10.0,0.0,0.0,percentage_based,Other,0,0,0,0,30-40,True,6.19672131147541,6,4,9,0.4
12,5,Mike Catherwood,False,,,0.0,0.5,0.09428090415820632,0.0,9.0,0.0,0.0,percentage_based,Other,0,0,0,0,30-40,True,6.19672131147541,6,5,8,0.5
12,6,Mike Catherwood,False,,,0.0,0.5,0.09428090415820632,0.0,8.0,0.0,0.0,percentage_based,Other,0,0,0,0,30-40,True,6.19672131147541,6,6,7,0.6
12,7,Mike Catherwood,False,,,0.0,0.5,0.09428090415820632,0.0,7.0,0.0,0.0,percentage_based,Other,0,0,0,0,30-40,True,6.19672131147541,6,7,6,0.7
12,8,Mike Catherwood,False,,,0.0,0.5,0.09428090415820632,0.0,6.0,0.0,0.0,percentage_based,Other,0,0,0,0,30-40,True,6.19672131147541,6,8,5,0.8
12,9,Mike Catherwood,False,,,0.0,0.5,0.09428090415820632,0.0,5.0,0.0,0.0,percentage_based,Other,0,0,0,0,30-40,True,6.19672131147541,6,9,4,0.9
12,10,Mike Catherwood,False,,,0.0,0.5,0.09428090415820632,0.0,4.0,0.0,0.0,percentage_based,Other,0,0,0,0,30-40,True,6.19672131147541,6,10,3,1.0
12,1,Petra Nemcova,False,0.6,-0.24060387150784157,0.0,,0.0,0.0,7.0,0.08695652173913043,0.08695652173913043,percentage_based,Fashion,0,0,0,0,30-40,False,6.774193548387097,3,1,11,0.1
12,2,Petra Nemcova,False,0.6,-0.654307567765092,0.0,0.6,0.0,0.0,7.0,0.08333333333333333,0.08333333333333333,percentage_based,Fashion,0,0,0,0,30-40,False,6.774193548387097,3,2,11,0.2
12,3,Petra Nemcova,False,0.8333333333333334,1.2355976572819425,0.2333333333333334,0.6,0.0,0.5773502691896257,1.0,0.11682242990654206,0.11682242990654206,percentage_based,Fashion,0,0,0,0,30-40,False,6.774193548387097,3,3,10,0.3
12,4,Petra Nemcova,False,0.7666666666666667,0.04589522605476698,-0.06666666666666665,0.6777777777777777,0.1347150628109127,0.5773502691896258,4.0,0.11165048543689321,0.11165048543689321,percentage_based,Fashion,0,0,0,0,30-40,False,6.774193548387097,3,4,9,0.4
12,5,Petra Nemcova,True,0.7333333333333333,-1.0285114588061346,-0.03333333333333344,0.7,0.11863420280034792,0.5773502691896258,6.0,0.1134020618556701,0.1134020618556701,percentage_based,Fashion,0,0,0,0,30-40,False,6.774193548387097,3,5,8,0.5
12,6,Petra Nemcova,False,,,0.0,0.7066666666666667,0.10381607668264958,0.0,8.0,0.0,0.0,percentage_based,Fashion,0,0,0,0,30-40,False,6.774193548387097,3,6,7,0.6
12,7,Petra Nemcova,False,,,0.0,0.7066666666666667,0.10381607668264958,0.0,7.0,0.0,0.0,percentage_based,Fashion,0,0,0,0,30-40,False,6.774193548387097,3,7,6,0.7
12,8,Petra Nemcova,False,,,0.0,0.7066666666666667,0.10381607668264958,0.0,6.0,0.0,0.0,percentage_based,Fashion,0,0,0,0,30-40,False,6.774193548387097,3,8,5,0.8
12,9,Petra Nemcova,False,,,0.0,0.7066666666666667,0.10381607668264958,0.0,5.0,0.0,0.0,percentage_based,Fashion,0,0,0,0,30-40,False,6.774193548387097,3,9,4,0.9
12,10,Petra Nemcova,False,,,0.0,0.7066666666666667,0.10381607668264958,0.0,4.0,0.0,0.0,percentage_based,Fashion,0,0,0,0,30-40,False,6.774193548387097,3,10,3,1.0
12,1,Ralph Macchio,False,0.8,1.523824519549674,0.0,,0.0,0.0,1.0,0.11594202898550725,0.11594202898550725,percentage_based,Entertainment,0,1,0,0,40-50,True,6.711956521739131,18,1,11,0.1
12,2,Ralph Macchio,False,0.7,0.5452563064709118,-0.10000000000000009,0.8,0.0,0.0,4.0,0.09722222222222222,0.09722222222222222,percentage_based,Entertainment,0,1,0,0,40-50,True,6.711956521739131,18,2,11,0.2
12,3,Ralph Macchio,False,0.7,-0.13728862858688468,0.0,0.75,0.07071067811865482,0.0,5.0,0.09813084112149532,0.09813084112149532,percentage_based,Entertainment,0,1,0,0,40-50,True,6.711956521739131,18,3,10,0.3
12,4,Ralph Macchio,False,0.8333333333333334,0.8720092950405837,0.13333333333333341,0.7333333333333334,0.05773502691896262,0.5773502691896257,2.0,0.12135922330097088,0.12135922330097088,percentage_based,Entertainment,0,1,0,0,40-50,True,6.711956521739131,18,4,9,0.4
12,5,Ralph Macchio,False,0.7333333333333333,-1.0285114588061346,-0.10000000000000009,0.7583333333333333,0.06871842709362773,0.5773502691896258,6.0,0.1134020618556701,0.1134020618556701,percentage_based,Entertainment,0,1,0,0,40-50,True,6.711956521739131,18,5,8,0.5
12,6,Ralph Macchio,False,0.8,-0.7740593145675538,0.06666666666666676,0.7533333333333333,0.06055300708194988,0.0,6.0,0.13333333333333333,0.13333333333333333,percentage_based,Entertainment,0,1,0,0,40-50,True,6.711956521739131,18,6,7,0.6
12,7,Ralph Macchio,False,0.825,1.1081025026876246,0.02499999999999991,0.7611111111111111,0.05741338081228367,0.6454972243679028,1.0,0.17506631299734748,0.17506631299734748,percentage_based,Entertainment,0,1,0,0,40-50,True,6.711956521739131,18,7,6,0.7
12,8,Ralph Macchio,False,0.7666666666666667,-1.6970562748477165,-0.05833333333333324,0.7702380952380953,0.05770638140644811,0.28867513459481287,5.0,0.17692307692307693,0.17692307692307693,percentage_based,Entertainment,0,1,0,0,40-50,True,6.711956521739131,18,8,5,0.8
12,9,Ralph Macchio,True,0.8,-1.3055824196677341,0.033333333333333326,0.7697916666666667,0.053440647243252794,0.0,4.0,0.20425531914893616,0.20425531914893616,percentage_based,Entertainment,0,1,0,0,40-50,True,6.711956521739131,18,9,4,0.9
12,10,Ralph Macchio,False,,,0.0,0.7731481481481481,0.05099322152968287,0.0,4.0,0.0,0.0,percentage_based,Entertainment,0,1,0,0,40-50,True,6.711956521739131,18,10,3,1.0
12,1,Romeo,False,0.6333333333333333,0.0534675270017442,0.0,,0.0,0.5773502691896258,5.0,0.09178743961352658,0.09178743961352658,percentage_based,Music,0,0,0,0,20-30,True,7.098591549295775,7,1,11,0.1
12,2,Romeo,False,0.7666666666666667,1.3449655559615825,0.13333333333333341,0.6333333333333333,0.0,0.5773502691896258,1.0,0.10648148148148148,0.10648148148148148,percentage_based,Music,0,0,0,0,20-30,True,7.098591549295775,7,2,11,0.2
12,3,Romeo,False,0.6666666666666666,-0.4805102000540912,-0.10000000000000009,0.7,0.09428090415820643,0.5773502691896258,8.0,0.09345794392523364,0.09345794392523364,percentage_based,Music,0,0,0,0,20-30,True,7.098591549295775,7,3,10,0.3
12,4,Romeo,False,0.7666666666666667,0.04589522605476698,0.10000000000000009,0.6888888888888888,0.06938886664887116,0.5773502691896258,4.0,0.11165048543689321,0.11165048543689321,percentage_based,Music,0,0,0,0,20-30,True,7.098591549295775,7,4,9,0.4
12,5,Romeo,False,0.8666666666666667,0.7999533568492153,0.09999999999999998,0.7083333333333334,0.06871842709362774,0.5773502691896257,2.0,0.13402061855670103,0.13402061855670103,percentage_based,Music,0,0,0,0,20-30,True,7.098591549295775,7,5,8,0.5
12,6,Romeo,False,0.9333333333333333,1.0320790860900744,0.06666666666666665,0.74,0.09249624617007743,0.5773502691896257,1.0,0.15555555555555556,0.15555555555555556,percentage_based,Music,0,0,0,0,20-30,True,7.098591549295775,7,6,7,0.6
12,7,Romeo,False,0.75,-0.9914601339836703,-0.18333333333333335,0.7722222222222223,0.11434191739722611,0.408248290463863,5.0,0.15915119363395225,0.15915119363395225,percentage_based,Music,0,0,0,0,20-30,True,7.098591549295775,7,7,6,0.7
12,8,Romeo,True,0.8666666666666667,-1.884110950420531e-15,0.1166666666666667,0.7690476190476191,0.10471680125752729,0.2886751345948129,4.0,0.2,0.2,percentage_based,Music,0,0,0,0,20-30,True,7.098591549295775,7,8,5,0.8
12,9,Romeo,False,,,0.0,0.78125,0.1029090752935706,0.0,5.0,0.0,0.0,percentage_based,Music,0,0,0,0,20-30,True,7.098591549295775,7,9,4,0.9
12,10,Romeo,False,,,0.0,0.78125,0.1029090752935706,0.0,4.0,0.0,0.0,percentage_based,Music,0,0,0,0,20-30,True,7.098591549295775,7,10,3,1.0
12,1,Sugar Ray Leonard,False,0.5666666666666667,-0.5346752700174273,0.0,,0.0,0.5773502691896258,9.0,0.0821256038647343,0.0821256038647343,percentage_based,Sports,0,0,0,0,50-60,True,8.220183486238533,11,1,11,0.1
12,2,Sugar Ray Leonard,False,0.5666666666666667,-1.0541621925104268,0.0,0.5666666666666667,0.0,0.5773502691896258,9.0,0.0787037037037037,0.0787037037037037,percentage_based,Sports,0,0,0,0,50-60,True,8.220183486238533,11,2,11,0.2
12,3,Sugar Ray Leonard,False,0.6666666666666666,-0.4805102000540912,0.09999999999999998,0.5666666666666667,0.0,0.5773502691896258,8.0,0.09345794392523364,0.09345794392523364,percentage_based,Sports,0,0,0,0,50-60,True,8.220183486238533,11,3,10,0.3
12,4,Sugar Ray Leonard,True,0.7,-0.780218842931051,0.033333333333333326,0.6,0.05773502691896256,0.0,8.0,0.10194174757281553,0.10194174757281553,percentage_based,Sports,0,0,0,0,50-60,True,8.220183486238533,11,4,9,0.4
12,5,Sugar Ray Leonard,False,,,0.0,0.625,0.06871842709362765,0.0,9.0,0.0,0.0,percentage_based,Sports,0,0,0,0,50-60,True,8.220183486238533,11,5,8,0.5
12,6,Sugar Ray Leonard,False,,,0.0,0.625,0.06871842709362765,0.0,8.0,0.0,0.0,percentage_based,Sports,0,0,0,0,50-60,True,8.220183486238533,11,6,7,0.6
12,7,Sugar Ray Leonard,False,,,0.0,0.625,0.06871842709362765,0.0,7.0,0.0,0.0,percentage_based,Sports,0,0,0,0,50-60,True,8.220183486238533,11,7,6,0.7
12,8,Sugar Ray Leonard,False,,,0.0,0.625,0.06871842709362765,0.0,6.0,0.0,0.0,percentage_based,Sports,0,0,0,0,50-60,True,8.220183486238533,11,8,5,0.8
12,9,Sugar Ray Leonard,False,,,0.0,0.625,0.06871842709362765,0.0,5.0,0.0,0.0,percentage_based,Sports,0,0,0,0,50-60,True,8.220183486238533,11,9,4,0.9
12,10,Sugar Ray Leonard,False,,,0.0,0.625,0.06871842709362765,0.0,4.0,0.0,0.0,percentage_based,Sports,0,0,0,0,50-60,True,8.220183486238533,11,10,3,1.0
12,1,Wendy Williams,False,0.4666666666666667,-1.4168894655461848,0.0,,0.0,0.5773502691896258,10.0,0.06763285024154589,0.06763285024154589,percentage_based,Media,0,0,0,0,40-50,True,7.702830188679245,21,1,11,0.1
12,2,Wendy Williams,False,0.5666666666666667,-1.0541621925104268,0.09999999999999998,0.4666666666666667,0.0,0.5773502691896258,9.0,0.0787037037037037,0.0787037037037037,percentage_based,Media,0,0,0,0,40-50,True,7.702830188679245,21,2,11,0.2
12,3,Wendy Williams,True,0.5,-2.1966180573901237,-0.06666666666666665,0.5166666666666666,0.07071067811865478,0.0,10.0,0.07009345794392523,0.07009345794392523,percentage_based,Media,0,0,0,0,40-50,True,7.702830188679245,21,3,10,0.3
12,4,Wendy Williams,False,,,0.0,0.5111111111111111,0.05091750772173157,0.0,10.0,0.0,0.0,percentage_based,Media,0,0,0,0,40-50,True,7.702830188679245,21,4,9,0.4
12,5,Wendy Williams,False,,,0.0,0.5111111111111111,0.05091750772173157,0.0,9.0,0.0,0.0,percentage_based,Media,0,0,0,0,40-50,True,7.702830188679245,21,5,8,0.5
12,6,Wendy Williams,False,,,0.0,0.5111111111111111,0.05091750772173157,0.0,8.0,0.0,0.0,percentage_based,Media,0,0,0,0,40-50,True,7.702830188679245,21,6,7,0.6
12,7,Wendy Williams,False,,,0.0,0.5111111111111111,0.05091750772173157,0.0,7.0,0.0,0.0,percentage_based,Media,0,0,0,0,40-50,True,7.702830188679245,21,7,6,0.7
12,8,Wendy Williams,False,,,0.0,0.5111111111111111,0.05091750772173157,0.0,6.0,0.0,0.0,percentage_based,Media,0,0,0,0,40-50,True,7.702830188679245,21,8,5,0.8
12,9,Wendy Williams,False,,,0.0,0.5111111111111111,0.05091750772173157,0.0,5.0,0.0,0.0,percentage_based,Media,0,0,0,0,40-50,True,7.702830188679245,21,9,4,0.9
12,10,Wendy Williams,False,,,0.0,0.5111111111111111,0.05091750772173157,0.0,4.0,0.0,0.0,percentage_based,Media,0,0,0,0,40-50,True,7.702830188679245,21,10,3,1.0
13,1,Carson Kressley,False,0.5666666666666667,-0.3994288747966074,0.0,,0.0,0.5773502691896258,7.0,0.07834101382488479,0.07834101382488479,percentage_based,Media,0,0,0,0,40-50,True,8.220183486238533,11,1,12,0.1
13,2,Carson Kressley,False,0.6,-1.1631052629980878,0.033333333333333326,0.5666666666666667,0.0,0.0,9.0,0.08071748878923767,0.08071748878923767,percentage_based,Media,0,0,0,0,40-50,True,8.220183486238533,11,2,11,0.2
13,3,Carson Kressley,False,0.7666666666666667,-0.2664854456694081,0.16666666666666674,0.5833333333333333,0.02357022603955162,0.5773502691896258,8.0,0.0970464135021097,0.0970464135021097,percentage_based,Media,0,0,0,0,40-50,True,8.220183486238533,11,3,10,0.3
13,4,Carson Kressley,False,0.6666666666666666,-1.108842713707716,-0.10000000000000009,0.6444444444444445,0.10715167512214403,0.5773502691896258,9.0,0.09569377990430622,0.09569377990430622,percentage_based,Media,0,0,0,0,40-50,True,8.220183486238533,11,4,9,0.4
13,5,Carson Kressley,True,0.6333333333333333,-1.6201851746019635,-0.033333333333333326,0.65,0.08819171036881976,0.5773502691896258,8.0,0.10106382978723404,0.10106382978723404,percentage_based,Media,0,0,0,0,40-50,True,8.220183486238533,11,5,8,0.5
13,6,Carson Kressley,False,,,0.0,0.6466666666666667,0.07673909622147565,0.0,8.0,0.0,0.0,percentage_based,Media,0,0,0,0,40-50,True,8.220183486238533,11,6,7,0.6
13,7,Carson Kressley,False,,,0.0,0.6466666666666667,0.07673909622147565,0.0,7.0,0.0,0.0,percentage_based,Media,0,0,0,0,40-50,True,8.220183486238533,11,7,6,0.7
13,8,Carson Kressley,False,,,0.0,0.6466666666666667,0.07673909622147565,0.0,6.0,0.0,0.0,percentage_based,Media,0,0,0,0,40-50,True,8.220183486238533,11,8,5,0.8
13,9,Carson Kressley,False,,,0.0,0.6466666666666667,0.07673909622147565,0.0,5.0,0.0,0.0,percentage_based,Media,0,0,0,0,40-50,True,8.220183486238533,11,9,4,0.9
13,10,Carson Kressley,False,,,0.0,0.6466666666666667,0.07673909622147565,0.0,4.0,0.0,0.0,percentage_based,Media,0,0,0,0,40-50,True,8.220183486238533,11,10,3,1.0
13,1,Chaz Bono,False,0.5666666666666667,-0.3994288747966074,0.0,,0.0,0.5773502691896258,7.0,0.07834101382488479,0.07834101382488479,percentage_based,Media,0,0,0,0,40-50,True,6.19672131147541,6,1,12,0.1
13,2,Chaz Bono,False,0.5666666666666667,-1.6748715787172466,0.0,0.5666666666666667,0.0,0.5773502691896258,11.0,0.07623318385650224,0.07623318385650224,percentage_based,Media,0,0,0,0,40-50,True,6.19672131147541,6,2,11,0.2
13,3,Chaz Bono,False,0.6,-2.1699529147366112,0.033333333333333326,0.5666666666666667,0.0,0.0,10.0,0.0759493670886076,0.0759493670886076,percentage_based,Media,0,0,0,0,40-50,True,6.19672131147541,6,3,10,0.3
13,4,Chaz Bono,False,0.7,-0.7647191129018734,0.09999999999999998,0.5777777777777778,0.01924500897298754,0.0,6.0,0.10047846889952153,0.10047846889952153,percentage_based,Media,0,0,0,0,40-50,True,6.19672131147541,6,4,9,0.4
13,5,Chaz Bono,False,0.7,-0.9001028747788684,0.0,0.6083333333333333,0.06309898162000305,0.0,7.0,0.11170212765957446,0.11170212765957446,percentage_based,Media,0,0,0,0,40-50,True,6.19672131147541,6,5,8,0.5
13,6,Chaz Bono,True,0.6333333333333333,-1.1820948188792704,-0.06666666666666665,0.6266666666666667,0.06831300510639733,0.5773502691896258,7.0,0.1144578313253012,0.1144578313253012,percentage_based,Media,0,0,0,0,40-50,True,6.19672131147541,6,6,7,0.6
13,7,Chaz Bono,False,,,0.0,0.6277777777777778,0.0611615953089906,0.0,7.0,0.0,0.0,percentage_based,Media,0,0,0,0,40-50,True,6.19672131147541,6,7,6,0.7
13,8,Chaz Bono,False,,,0.0,0.6277777777777778,0.0611615953089906,0.0,6.0,0.0,0.0,percentage_based,Media,0,0,0,0,40-50,True,6.19672131147541,6,8,5,0.8
13,9,Chaz Bono,False,,,0.0,0.6277777777777778,0.0611615953089906,0.0,5.0,0.0,0.0,percentage_based,Media,0,0,0,0,40-50,True,6.19672131147541,6,9,4,0.9
13,10,Chaz Bono,False,,,0.0,0.6277777777777778,0.0611615953089906,0.0,4.0,0.0,0.0,percentage_based,Media,0,0,0,0,40-50,True,6.19672131147541,6,10,3,1.0
13,1,Chynna Phillips,False,0.7333333333333333,1.4440890088800424,0.0,,0.0,0.5773502691896258,1.0,0.10138248847926268,0.10138248847926268,percentage_based,Music,0,0,0,0,40-50,True,7.702830188679245,21,1,12,0.1
13,2,Chynna Phillips,False,0.7,0.3721936841593891,-0.033333333333333326,0.7333333333333333,0.0,0.0,4.0,0.09417040358744394,0.09417040358744394,percentage_based,Music,0,0,0,0,40-50,True,7.702830188679245,21,2,11,0.2
13,3,Chynna Phillips,False,0.8666666666666667,0.8755950357709129,0.16666666666666674,0.7166666666666666,0.02357022603955154,0.5773502691896257,2.0,0.10970464135021098,0.10970464135021098,percentage_based,Music,0,0,0,0,40-50,True,7.702830188679245,21,3,10,0.3
13,4,Chynna Phillips,True,0.7,-0.7647191129018734,-0.16666666666666674,0.7666666666666666,0.08819171036881976,0.0,6.0,0.10047846889952153,0.10047846889952153,percentage_based,Music,0,0,0,0,40-50,True,7.702830188679245,21,4,9,0.4
13,5,Chynna Phillips,False,,,0.0,0.75,0.07934920476158729,0.0,9.0,0.0,0.0,percentage_based,Music,0,0,0,0,40-50,True,7.702830188679245,21,5,8,0.5
13,6,Chynna Phillips,False,,,0.0,0.75,0.07934920476158729,0.0,8.0,0.0,0.0,percentage_based,Music,0,0,0,0,40-50,True,7.702830188679245,21,6,7,0.6
13,7,Chynna Phillips,False,,,0.0,0.75,0.07934920476158729,0.0,7.0,0.0,0.0,percentage_based,Music,0,0,0,0,40-50,True,7.702830188679245,21,7,6,0.7
13,8,Chynna Phillips,False,,,0.0,0.75,0.07934920476158729,0.0,6.0,0.0,0.0,percentage_based,Music,0,0,0,0,40-50,True,7.702830188679245,21,8,5,0.8
13,9,Chynna Phillips,False,,,0.0,0.75,0.07934920476158729,0.0,5.0,0.0,0.0,percentage_based,Music,0,0,0,0,40-50,True,7.702830188679245,21,9,4,0.9
13,10,Chynna Phillips,False,,,0.0,0.75,0.07934920476158729,0.0,4.0,0.0,0.0,percentage_based,Music,0,0,0,0,40-50,True,7.702830188679245,21,10,3,1.0
13,1,David Arquette,False,0.6,-0.030725298061277394,0.0,,0.0,0.0,6.0,0.08294930875576037,0.08294930875576037,percentage_based,Entertainment,0,1,0,0,30-40,True,6.163120567375887,14,1,12,0.1
13,2,David Arquette,False,0.6,-1.1631052629980878,0.0,0.6,0.0,0.0,9.0,0.08071748878923767,0.08071748878923767,percentage_based,Entertainment,0,1,0,0,30-40,True,6.163120567375887,14,2,11,0.2
13,3,David Arquette,False,0.8,0.11420804814403224,0.20000000000000007,0.6,0.0,0.0,4.0,0.10126582278481013,0.10126582278481013,percentage_based,Entertainment,0,1,0,0,30-40,True,6.163120567375887,14,3,10,0.3
13,4,David Arquette,False,0.7666666666666667,-0.07647191129018735,-0.033333333333333326,0.6666666666666666,0.1154700538379252,0.5773502691896258,5.0,0.11004784688995216,0.11004784688995216,percentage_based,Entertainment,0,1,0,0,30-40,True,6.163120567375887,14,4,9,0.4
13,5,David Arquette,False,0.8333333333333334,0.5400617248673232,0.06666666666666665,0.6916666666666667,0.10671873729054754,0.5773502691896257,2.0,0.13297872340425532,0.13297872340425532,percentage_based,Entertainment,0,1,0,0,30-40,True,6.163120567375887,14,5,8,0.5
13,6,David Arquette,False,0.7666666666666667,-0.1791052755877676,-0.06666666666666665,0.72,0.11205157542647746,0.5773502691896258,4.0,0.13855421686746988,0.13855421686746988,percentage_based,Entertainment,0,1,0,0,30-40,True,6.163120567375887,14,6,7,0.6
13,7,David Arquette,True,0.7833333333333333,-0.5749792108382463,0.016666666666666607,0.7277777777777779,0.10201670161011589,0.28867513459481287,5.0,0.16040955631399317,0.16040955631399317,percentage_based,Entertainment,0,1,0,0,30-40,True,6.163120567375887,14,7,6,0.7
13,8,David Arquette,False,,,0.0,0.7357142857142858,0.09546599716001831,0.0,6.0,0.0,0.0,percentage_based,Entertainment,0,1,0,0,30-40,True,6.163120567375887,14,8,5,0.8
13,9,David Arquette,False,,,0.0,0.7357142857142858,0.09546599716001831,0.0,5.0,0.0,0.0,percentage_based,Entertainment,0,1,0,0,30-40,True,6.163120567375887,14,9,4,0.9
13,10,David Arquette,False,,,0.0,0.7357142857142858,0.09546599716001831,0.0,4.0,0.0,0.0,percentage_based,Entertainment,0,1,0,0,30-40,True,6.163120567375887,14,10,3,1.0
13,1,Elisabetta Canalis,False,0.5,-1.1368360282672674,0.0,,0.0,0.0,11.0,0.06912442396313365,0.06912442396313365,percentage_based,Entertainment,0,1,0,0,30-40,False,5.173469387755102,19,1,12,0.1
13,2,Elisabetta Canalis,True,0.7,0.3721936841593891,0.19999999999999996,0.5,0.0,0.0,4.0,0.09417040358744394,0.09417040358744394,percentage_based,Entertainment,0,1,0,0,30-40,False,5.173469387755102,19,2,11,0.2
13,3,Elisabetta Canalis,False,,,0.0,0.6,0.14142135623730948,0.0,11.0,0.0,0.0,percentage_based,Entertainment,0,1,0,0,30-40,False,5.173469387755102,19,3,10,0.3
13,4,Elisabetta Canalis,False,,,0.0,0.6,0.14142135623730948,0.0,10.0,0.0,0.0,percentage_based,Entertainment,0,1,0,0,30-40,False,5.173469387755102,19,4,9,0.4
13,5,Elisabetta Canalis,False,,,0.0,0.6,0.14142135623730948,0.0,9.0,0.0,0.0,percentage_based,Entertainment,0,1,0,0,30-40,False,5.173469387755102,19,5,8,0.5
13,6,Elisabetta Canalis,False,,,0.0,0.6,0.14142135623730948,0.0,8.0,0.0,0.0,percentage_based,Entertainment,0,1,0,0,30-40,False,5.173469387755102,19,6,7,0.6
13,7,Elisabetta Canalis,False,,,0.0,0.6,0.14142135623730948,0.0,7.0,0.0,0.0,percentage_based,Entertainment,0,1,0,0,30-40,False,5.173469387755102,19,7,6,0.7
13,8,Elisabetta Canalis,False,,,0.0,0.6,0.14142135623730948,0.0,6.0,0.0,0.0,percentage_based,Entertainment,0,1,0,0,30-40,False,5.173469387755102,19,8,5,0.8
13,9,Elisabetta Canalis,False,,,0.0,0.6,0.14142135623730948,0.0,5.0,0.0,0.0,percentage_based,Entertainment,0,1,0,0,30-40,False,5.173469387755102,19,9,4,0.9
13,10,Elisabetta Canalis,False,,,0.0,0.6,0.14142135623730948,0.0,4.0,0.0,0.0,percentage_based,Entertainment,0,1,0,0,30-40,False,5.173469387755102,19,10,3,1.0
13,1,Hope Solo,False,0.7,1.0753854321447125,0.0,,0.0,0.0,3.0,0.0967741935483871,0.0967741935483871,percentage_based,Sports,0,0,0,0,20-30,True,5.9941176470588236,17,1,12,0.1
13,2,Hope Solo,False,0.6333333333333333,-0.6513389472789288,-0.06666666666666665,0.7,0.0,0.5773502691896258,8.0,0.08520179372197309,0.08520179372197309,percentage_based,Sports,0,0,0,0,20-30,True,5.9941176470588236,17,2,11,0.2
13,3,Hope Solo,False,0.8,0.11420804814403224,0.16666666666666674,0.6666666666666666,0.04714045207910316,0.0,4.0,0.10126582278481013,0.10126582278481013,percentage_based,Sports,0,0,0,0,20-30,True,5.9941176470588236,17,3,10,0.3
13,4,Hope Solo,False,0.8,0.26765168951565516,0.0,0.7111111111111111,0.08388704928078614,0.0,3.0,0.11483253588516747,0.11483253588516747,percentage_based,Sports,0,0,0,0,20-30,True,5.9941176470588236,17,4,9,0.4
13,5,Hope Solo,False,0.8,0.18002057495577561,0.0,0.7333333333333334,0.08164965809277262,0.0,4.0,0.1276595744680851,0.1276595744680851,percentage_based,Sports,0,0,0,0,20-30,True,5.9941176470588236,17,5,8,0.5
13,6,Hope Solo,False,0.6666666666666666,-0.9313474330563949,-0.13333333333333341,0.7466666666666667,0.0767390962214756,0.5773502691896258,6.0,0.12048192771084337,0.12048192771084337,percentage_based,Sports,0,0,0,0,20-30,True,5.9941176470588236,17,6,7,0.6
13,7,Hope Solo,False,0.8333333333333334,0.36589586144252456,0.16666666666666674,0.7333333333333334,0.07601169500660923,0.2886751345948129,3.0,0.17064846416382254,0.17064846416382254,percentage_based,Sports,0,0,0,0,20-30,True,5.9941176470588236,17,7,6,0.7
13,8,Hope Solo,False,0.8666666666666667,0.03524536884251287,0.033333333333333326,0.7476190476190476,0.07901510136288029,0.2886751345948129,2.0,0.20077220077220076,0.20077220077220076,percentage_based,Sports,0,0,0,0,20-30,True,5.9941176470588236,17,8,5,0.8
13,9,Hope Solo,True,0.81666,-1.3974289693822968,-0.050006666666666644,0.7625,0.08439796130841004,0.0,4.0,0.20675023945248716,0.20675023945248716,percentage_based,Sports,0,0,0,0,20-30,True,5.9941176470588236,17,9,4,0.9
13,10,Hope Solo,False,,,0.0,0.7685177777777779,0.0809849475725788,0.0,4.0,0.0,0.0,percentage_based,Sports,0,0,0,0,20-30,True,5.9941176470588236,17,10,3,1.0
13,1,J.R. Martinez,False,0.7333333333333333,1.4440890088800424,0.0,,0.0,0.5773502691896258,1.0,0.10138248847926268,0.10138248847926268,percentage_based,Entertainment,0,1,0,0,20-30,True,6.711956521739131,18,1,12,0.1
13,2,J.R. Martinez,False,0.7333333333333333,0.883959999878548,0.0,0.7333333333333333,0.0,0.5773502691896258,2.0,0.09865470852017937,0.09865470852017937,percentage_based,Entertainment,0,1,0,0,20-30,True,6.711956521739131,18,2,11,0.2
13,3,J.R. Martinez,False,0.8666666666666667,0.8755950357709129,0.13333333333333341,0.7333333333333333,0.0,0.5773502691896257,2.0,0.10970464135021098,0.10970464135021098,percentage_based,Entertainment,0,1,0,0,20-30,True,6.711956521739131,18,3,10,0.3
13,4,J.R. Martinez,False,0.8666666666666667,0.9558988911273402,0.0,0.7777777777777777,0.07698003589195013,0.5773502691896257,2.0,0.12440191387559808,0.12440191387559808,percentage_based,Entertainment,0,1,0,0,20-30,True,6.711956521739131,18,4,9,0.4
13,5,J.R. Martinez,False,0.9333333333333333,1.620185174601966,0.06666666666666665,0.8,0.07698003589195013,0.5773502691896257,1.0,0.14893617021276595,0.14893617021276595,percentage_based,Entertainment,0,1,0,0,20-30,True,6.711956521739131,18,5,8,0.5
13,6,J.R. Martinez,False,0.9666666666666667,1.3253790393494853,0.033333333333333326,0.8266666666666665,0.0894427190999916,0.5773502691896257,1.0,0.1746987951807229,0.1746987951807229,percentage_based,Entertainment,0,1,0,0,20-30,True,6.711956521739131,18,6,7,0.6
13,7,J.R. Martinez,False,0.8,-0.2613541867446553,-0.16666666666666663,0.85,0.09831920802501752,0.5,4.0,0.16382252559726962,0.16382252559726962,percentage_based,Entertainment,0,1,0,0,20-30,True,6.711956521739131,18,7,6,0.7
13,8,J.R. Martinez,False,1.0,1.4450601225429949,0.19999999999999996,0.8428571428571429,0.0917207632583725,0.0,1.0,0.23166023166023167,0.23166023166023167,percentage_based,Entertainment,0,1,0,0,20-30,True,6.711956521739131,18,8,5,0.8
13,9,J.R. Martinez,False,0.9333333333333333,-0.048165937885140474,-0.06666666666666665,0.8625,0.10147718486250516,0.2886751345948129,3.0,0.23628791682665332,0.23628791682665332,percentage_based,Entertainment,0,1,0,0,20-30,True,6.711956521739131,18,9,4,0.9
13,10,J.R. Martinez,False,0.9388833333333333,-0.00020001999898062311,0.005549999999999944,0.8703703703703703,0.09781564923143893,0.2545839023452453,2.0,0.33333293885414844,0.33333293885414844,percentage_based,Entertainment,0,1,0,0,20-30,True,6.711956521739131,18,10,3,1.0
13,1,Kristin Cavallari,False,0.6333333333333333,0.33797827867405256,0.0,,0.0,0.5773502691896258,5.0,0.08755760368663594,0.08755760368663594,percentage_based,Media,0,0,0,0,20-30,True,5.134883720930232,21,1,12,0.1
13,2,Kristin Cavallari,False,0.7333333333333333,0.883959999878548,0.09999999999999998,0.6333333333333333,0.0,0.5773502691896258,2.0,0.09865470852017937,0.09865470852017937,percentage_based,Media,0,0,0,0,20-30,True,5.134883720930232,21,2,11,0.2
13,3,Kristin Cavallari,True,0.8,0.11420804814403224,0.06666666666666676,0.6833333333333333,0.0707106781186547,0.0,4.0,0.10126582278481013,0.10126582278481013,percentage_based,Media,0,0,0,0,20-30,True,5.134883720930232,21,3,10,0.3
13,4,Kristin Cavallari,False,,,0.0,0.7222222222222222,0.08388704928078611,0.0,10.0,0.0,0.0,percentage_based,Media,0,0,0,0,20-30,True,5.134883720930232,21,4,9,0.4
13,5,Kristin Cavallari,False,,,0.0,0.7222222222222222,0.08388704928078611,0.0,9.0,0.0,0.0,percentage_based,Media,0,0,0,0,20-30,True,5.134883720930232,21,5,8,0.5
13,6,Kristin Cavallari,False,,,0.0,0.7222222222222222,0.08388704928078611,0.0,8.0,0.0,0.0,percentage_based,Media,0,0,0,0,20-30,True,5.134883720930232,21,6,7,0.6
13,7,Kristin Cavallari,False,,,0.0,0.7222222222222222,0.08388704928078611,0.0,7.0,0.0,0.0,percentage_based,Media,0,0,0,0,20-30,True,5.134883720930232,21,7,6,0.7
13,8,Kristin Cavallari,False,,,0.0,0.7222222222222222,0.08388704928078611,0.0,6.0,0.0,0.0,percentage_based,Media,0,0,0,0,20-30,True,5.134883720930232,21,8,5,0.8
13,9,Kristin Cavallari,False,,,0.0,0.7222222222222222,0.08388704928078611,0.0,5.0,0.0,0.0,percentage_based,Media,0,0,0,0,20-30,True,5.134883720930232,21,9,4,0.9
13,10,Kristin Cavallari,False,,,0.0,0.7222222222222222,0.08388704928078611,0.0,4.0,0.0,0.0,percentage_based,Media,0,0,0,0,20-30,True,5.134883720930232,21,10,3,1.0
13,1,Metta World Peace (Ron),True,0.4666666666666667,-1.5055396050025973,0.0,,0.0,0.5773502691896258,12.0,0.06451612903225806,0.06451612903225806,percentage_based,Sports,0,0,0,0,30-40,True,7.419354838709677,15,1,12,0.1
13,2,Metta World Peace (Ron),False,,,0.0,0.4666666666666667,0.0,0.0,12.0,0.0,0.0,percentage_based,Sports,0,0,0,0,30-40,True,7.419354838709677,15,2,11,0.2
13,3,Metta World Peace (Ron),False,,,0.0,0.4666666666666667,0.0,0.0,11.0,0.0,0.0,percentage_based,Sports,0,0,0,0,30-40,True,7.419354838709677,15,3,10,0.3
13,4,Metta World Peace (Ron),False,,,0.0,0.4666666666666667,0.0,0.0,10.0,0.0,0.0,percentage_based,Sports,0,0,0,0,30-40,True,7.419354838709677,15,4,9,0.4
13,5,Metta World Peace (Ron),False,,,0.0,0.4666666666666667,0.0,0.0,9.0,0.0,0.0,percentage_based,Sports,0,0,0,0,30-40,True,7.419354838709677,15,5,8,0.5
13,6,Metta World Peace (Ron),False,,,0.0,0.4666666666666667,0.0,0.0,8.0,0.0,0.0,percentage_based,Sports,0,0,0,0,30-40,True,7.419354838709677,15,6,7,0.6
13,7,Metta World Peace (Ron),False,,,0.0,0.4666666666666667,0.0,0.0,7.0,0.0,0.0,percentage_based,Sports,0,0,0,0,30-40,True,7.419354838709677,15,7,6,0.7
13,8,Metta World Peace (Ron),False,,,0.0,0.4666666666666667,0.0,0.0,6.0,0.0,0.0,percentage_based,Sports,0,0,0,0,30-40,True,7.419354838709677,15,8,5,0.8
13,9,Metta World Peace (Ron),False,,,0.0,0.4666666666666667,0.0,0.0,5.0,0.0,0.0,percentage_based,Sports,0,0,0,0,30-40,True,7.419354838709677,15,9,4,0.9
13,10,Metta World Peace (Ron),False,,,0.0,0.4666666666666667,0.0,0.0,4.0,0.0,0.0,percentage_based,Sports,0,0,0,0,30-40,True,7.419354838709677,15,10,3,1.0
13,1,Nancy Grace,False,0.5333333333333333,-0.7681324515319373,0.0,,0.0,0.5773502691896258,9.0,0.07373271889400922,0.07373271889400922,percentage_based,Media,0,0,0,0,50-60,True,9.607843137254902,5,1,12,0.1
13,2,Nancy Grace,False,0.7,0.3721936841593891,0.16666666666666663,0.5333333333333333,0.0,1.0,4.0,0.09417040358744394,0.09417040358744394,percentage_based,Media,0,0,0,0,50-60,True,9.607843137254902,5,2,11,0.2
13,3,Nancy Grace,False,0.7,-1.02787243329629,0.0,0.6166666666666667,0.11785113019775786,0.0,9.0,0.08860759493670886,0.08860759493670886,percentage_based,Media,0,0,0,0,50-60,True,9.607843137254902,5,3,10,0.3
13,4,Nancy Grace,False,0.7,-0.7647191129018734,0.0,0.6444444444444444,0.09622504486493756,0.0,6.0,0.10047846889952153,0.10047846889952153,percentage_based,Media,0,0,0,0,50-60,True,9.607843137254902,5,4,9,0.4
13,5,Nancy Grace,False,0.7333333333333333,-0.5400617248673208,0.033333333333333326,0.6583333333333333,0.08333333333333327,0.5773502691896258,6.0,0.11702127659574468,0.11702127659574468,percentage_based,Media,0,0,0,0,50-60,True,9.607843137254902,5,5,8,0.5
13,6,Nancy Grace,False,0.8,0.07164211023510787,0.06666666666666676,0.6733333333333332,0.07958224257542208,1.0,3.0,0.14457831325301204,0.14457831325301204,percentage_based,Media,0,0,0,0,50-60,True,9.607843137254902,5,6,7,0.6
13,7,Nancy Grace,False,0.7333333333333333,-1.5158542831190172,-0.06666666666666676,0.6944444444444443,0.08798147953257399,0.28867513459481287,6.0,0.15017064846416384,0.15017064846416384,percentage_based,Media,0,0,0,0,50-60,True,9.607843137254902,5,7,6,0.7
13,8,Nancy Grace,True,0.7333333333333333,-1.3745693848579703,0.0,0.7,0.08164965809277257,0.28867513459481287,5.0,0.16988416988416988,0.16988416988416988,percentage_based,Media,0,0,0,0,50-60,True,9.607843137254902,5,8,5,0.8
13,9,Nancy Grace,False,,,0.0,0.7041666666666666,0.07650604291933154,0.0,5.0,0.0,0.0,percentage_based,Media,0,0,0,0,50-60,True,9.607843137254902,5,9,4,0.9
13,10,Nancy Grace,False,,,0.0,0.7041666666666666,0.07650604291933154,0.0,4.0,0.0,0.0,percentage_based,Media,0,0,0,0,50-60,True,9.607843137254902,5,10,3,1.0
13,1,Ricki Lake,False,0.6666666666666666,0.7066818554093826,0.0,,0.0,0.5773502691896258,4.0,0.09216589861751152,0.09216589861751152,percentage_based,Entertainment,0,1,0,0,40-50,True,2.954285714285714,17,1,12,0.1
13,2,Ricki Lake,False,0.7666666666666667,1.3957263155977087,0.10000000000000009,0.6666666666666666,0.0,0.5773502691896258,1.0,0.1031390134529148,0.1031390134529148,percentage_based,Entertainment,0,1,0,0,40-50,True,2.954285714285714,17,2,11,0.2
13,3,Ricki Lake,False,0.9,1.2562885295843533,0.1333333333333333,0.7166666666666667,0.07071067811865482,0.0,1.0,0.11392405063291139,0.11392405063291139,percentage_based,Entertainment,0,1,0,0,40-50,True,2.954285714285714,17,3,10,0.3
13,4,Ricki Lake,False,0.9666666666666667,1.9882696935448676,0.06666666666666665,0.7777777777777778,0.11706281947614157,0.5773502691896257,1.0,0.13875598086124402,0.13875598086124402,percentage_based,Entertainment,0,1,0,0,40-50,True,2.954285714285714,17,4,9,0.4
13,5,Ricki Lake,False,0.8,0.18002057495577561,-0.16666666666666663,0.825,0.1343709624716425,0.0,4.0,0.1276595744680851,0.1276595744680851,percentage_based,Entertainment,0,1,0,0,40-50,True,2.954285714285714,17,5,8,0.5
13,6,Ricki Lake,False,0.9666666666666667,1.3253790393494853,0.16666666666666663,0.82,0.11690451944500123,0.5773502691896257,1.0,0.1746987951807229,0.1746987951807229,percentage_based,Entertainment,0,1,0,0,40-50,True,2.954285714285714,17,6,7,0.6
13,7,Ricki Lake,False,0.8833333333333333,1.3067709337232933,-0.08333333333333337,0.8444444444444444,0.12049281521534187,0.2886751345948129,1.0,0.18088737201365188,0.18088737201365188,percentage_based,Entertainment,0,1,0,0,40-50,True,2.954285714285714,17,7,6,0.7
13,8,Ricki Lake,False,0.8666666666666667,0.03524536884251287,-0.016666666666666607,0.85,0.1109721353079899,0.2886751345948129,2.0,0.20077220077220076,0.20077220077220076,percentage_based,Entertainment,0,1,0,0,40-50,True,2.954285714285714,17,8,5,0.8
13,9,Ricki Lake,False,1.0,0.7227974536337193,0.1333333333333333,0.8520833333333333,0.10290907529357059,0.2886751345948129,1.0,0.28270077088932866,0.28270077088932866,percentage_based,Entertainment,0,1,0,0,40-50,True,2.954285714285714,17,9,4,0.9
13,10,Ricki Lake,False,0.9333299999999999,-0.9998999749974896,-0.06667000000000012,0.8685185185185185,0.10815512407739881,0.0,3.0,0.33136133188796163,0.33136133188796163,percentage_based,Entertainment,0,1,0,0,40-50,True,2.954285714285714,17,10,3,1.0
13,1,Rob Kardashian,False,0.5333333333333333,-0.7681324515319373,0.0,,0.0,0.5773502691896258,9.0,0.07373271889400922,0.07373271889400922,percentage_based,Media,0,0,0,0,20-30,True,5.853754940711463,25,1,12,0.1
13,2,Rob Kardashian,False,0.7,0.3721936841593891,0.16666666666666663,0.5333333333333333,0.0,0.0,4.0,0.09417040358744394,0.09417040358744394,percentage_based,Media,0,0,0,0,20-30,True,5.853754940711463,25,2,11,0.2
13,3,Rob Kardashian,False,0.8,0.11420804814403224,0.10000000000000009,0.6166666666666667,0.11785113019775786,0.0,4.0,0.10126582278481013,0.10126582278481013,percentage_based,Media,0,0,0,0,20-30,True,5.853754940711463,25,3,10,0.3
13,4,Rob Kardashian,False,0.8,0.26765168951565516,0.0,0.6777777777777777,0.13471506281091267,0.0,3.0,0.11483253588516747,0.11483253588516747,percentage_based,Media,0,0,0,0,20-30,True,5.853754940711463,25,4,9,0.4
13,5,Rob Kardashian,False,0.8333333333333334,0.5400617248673232,0.033333333333333326,0.7083333333333334,0.12583057392117913,0.5773502691896257,2.0,0.13297872340425532,0.13297872340425532,percentage_based,Media,0,0,0,0,20-30,True,5.853754940711463,25,5,8,0.5
13,6,Rob Kardashian,False,0.7333333333333333,-0.4298526614106439,-0.10000000000000009,0.7333333333333334,0.12247448713915889,0.5773502691896258,5.0,0.13253012048192772,0.13253012048192772,percentage_based,Media,0,0,0,0,20-30,True,5.853754940711463,25,6,7,0.6
13,7,Rob Kardashian,False,0.85,0.6795208855361135,0.1166666666666667,0.7333333333333334,0.10954451150103321,0.5,2.0,0.17406143344709898,0.17406143344709898,percentage_based,Media,0,0,0,0,20-30,True,5.853754940711463,25,7,6,0.7
13,8,Rob Kardashian,False,0.85,-0.14098147537004796,0.0,0.75,0.10929064207169999,0.0,4.0,0.1969111969111969,0.1969111969111969,percentage_based,Media,0,0,0,0,20-30,True,5.853754940711463,25,8,5,0.8
13,9,Rob Kardashian,False,1.0,0.7227974536337193,0.15000000000000002,0.7625,0.10718253233664166,0.2886751345948129,2.0,0.27426107283153095,0.27426107283153095,percentage_based,Media,0,0,0,0,20-30,True,5.853754940711463,25,9,4,0.9
13,10,Rob Kardashian,False,0.94444,1.0000999949965101,-0.055560000000000054,0.7888888888888889,0.12774758097296576,0.0,1.0,0.33530572925789,0.33530572925789,percentage_based,Media,0,0,0,0,20-30,True,5.853754940711463,25,10,3,1.0
14,1,Donald Driver,False,0.7,-0.6966305460192378,0.0,,0.0,0.0,8.0,0.07777777777777778,0.07777777777777778,percentage_based,Sports,0,0,0,0,30-40,True,7.419354838709677,15,1,12,0.1
14,2,Donald Driver,False,0.8,0.5447809175545144,0.10000000000000009,0.7,0.0,0.0,5.0,0.08921933085501858,0.08921933085501858,percentage_based,Sports,0,0,0,0,30-40,True,7.419354838709677,15,2,12,0.2
14,3,Donald Driver,False,0.8666666666666667,0.3015113445777638,0.06666666666666665,0.75,0.07071067811865482,0.5773502691896257,4.0,0.09285714285714286,0.09285714285714286,percentage_based,Sports,0,0,0,0,30-40,True,7.419354838709677,15,3,11,0.3
14,4,Donald Driver,False,0.9,1.5682096279278943,0.033333333333333326,0.7888888888888889,0.08388704928078616,0.0,1.0,0.11587982832618025,0.11587982832618025,percentage_based,Sports,0,0,0,0,30-40,True,7.419354838709677,15,4,10,0.4
14,5,Donald Driver,False,0.9,0.5886699222975529,0.0,0.8166666666666667,0.08819171036881973,1.0,3.0,0.12053571428571429,0.12053571428571429,percentage_based,Sports,0,0,0,0,30-40,True,7.419354838709677,15,5,9,0.5
14,6,Donald Driver,False,1.0,0.4677232504496778,0.09999999999999998,0.8333333333333334,0.08498365855987979,0.0,4.0,0.13178291569008135,0.13178291569008135,percentage_based,Sports,0,0,0,0,30-40,True,7.419354838709677,15,6,8,0.6
14,7,Donald Driver,False,0.8833333333333333,0.18752289237539535,-0.1166666666666667,0.8611111111111112,0.10201670161011583,0.2886751345948129,3.0,0.1444141689373297,0.1444141689373297,percentage_based,Sports,0,0,0,0,30-40,True,7.419354838709677,15,7,7,0.7
14,8,Donald Driver,False,0.9166666666666666,0.23063280200722044,0.033333333333333326,0.8642857142857142,0.09350607597042154,0.2886751345948129,3.0,0.16819571865443425,0.16819571865443425,percentage_based,Sports,0,0,0,0,30-40,True,7.419354838709677,15,8,6,0.8
14,9,Donald Driver,False,0.95,-0.38729833462074065,0.033333333333333326,0.8708333333333333,0.08852853544084861,0.5,3.0,0.24782608695652175,0.24782608695652175,percentage_based,Sports,0,0,0,0,30-40,True,7.419354838709677,15,9,4,0.9
14,10,Donald Driver,False,0.9888866666666668,-0.5773502691896085,0.03888666666666685,0.8796296296296297,0.08691382137312231,0.1924885797478208,2.0,0.33208930162582334,0.33208930162582334,percentage_based,Sports,0,0,0,0,30-40,True,7.419354838709677,15,10,3,1.0
14,1,Gavin DeGraw,False,0.6666666666666666,-1.1610509100320614,0.0,,0.0,0.5773502691896258,10.0,0.07407407407407407,0.07407407407407407,percentage_based,Music,0,0,0,0,30-40,True,6.711956521739131,18,1,12,0.1
14,2,Gavin DeGraw,False,0.7,-0.4874355578119363,0.033333333333333326,0.6666666666666666,0.0,0.0,8.0,0.07806691449814127,0.07806691449814127,percentage_based,Music,0,0,0,0,30-40,True,6.711956521739131,18,2,12,0.2
14,3,Gavin DeGraw,False,0.8,-0.8040302522073696,0.10000000000000009,0.6833333333333333,0.02357022603955154,0.0,7.0,0.08571428571428572,0.08571428571428572,percentage_based,Music,0,0,0,0,30-40,True,6.711956521739131,18,3,11,0.3
14,4,Gavin DeGraw,False,0.7666666666666667,-0.12715213199415376,-0.033333333333333326,0.7222222222222222,0.06938886664887112,0.5773502691896258,5.0,0.09871244635193133,0.09871244635193133,percentage_based,Music,0,0,0,0,30-40,True,6.711956521739131,18,4,10,0.4
14,5,Gavin DeGraw,True,0.6333333333333333,-1.642079256935278,-0.13333333333333341,0.7333333333333334,0.060858061945018485,0.5773502691896258,9.0,0.08482142857142858,0.08482142857142858,percentage_based,Music,0,0,0,0,30-40,True,6.711956521739131,18,5,9,0.5
14,6,Gavin DeGraw,False,,,0.0,0.7133333333333333,0.06912147117775912,0.0,9.0,0.0,0.0,percentage_based,Music,0,0,0,0,30-40,True,6.711956521739131,18,6,8,0.6
14,7,Gavin DeGraw,False,,,0.0,0.7133333333333333,0.06912147117775912,0.0,8.0,0.0,0.0,percentage_based,Music,0,0,0,0,30-40,True,6.711956521739131,18,7,7,0.7
14,8,Gavin DeGraw,False,,,0.0,0.7133333333333333,0.06912147117775912,0.0,7.0,0.0,0.0,percentage_based,Music,0,0,0,0,30-40,True,6.711956521739131,18,8,6,0.8
14,9,Gavin DeGraw,False,,,0.0,0.7133333333333333,0.06912147117775912,0.0,5.0,0.0,0.0,percentage_based,Music,0,0,0,0,30-40,True,6.711956521739131,18,9,4,0.9
14,10,Gavin DeGraw,False,,,0.0,0.7133333333333333,0.06912147117775912,0.0,4.0,0.0,0.0,percentage_based,Music,0,0,0,0,30-40,True,6.711956521739131,18,10,3,1.0
14,1,Gladys Knight,False,0.7666666666666667,0.23221018200641105,0.0,,0.0,0.5773502691896258,4.0,0.08518518518518518,0.08518518518518518,percentage_based,Music,0,0,0,0,60+,True,9.607843137254902,5,1,12,0.1
14,2,Gladys Knight,False,0.6333333333333333,-1.1755798747229027,-0.13333333333333341,0.7666666666666667,0.0,1.1547005383792517,11.0,0.07063197026022305,0.07063197026022305,percentage_based,Music,0,0,0,0,60+,True,9.607843137254902,5,2,12,0.2
14,3,Gladys Knight,False,0.8,-0.8040302522073696,0.16666666666666674,0.7,0.09428090415820635,0.0,7.0,0.08571428571428572,0.08571428571428572,percentage_based,Music,0,0,0,0,60+,True,9.607843137254902,5,3,11,0.3
14,4,Gladys Knight,False,0.6666666666666666,-1.3986734519356914,-0.13333333333333341,0.7333333333333334,0.08819171036881975,0.5773502691896258,10.0,0.08583690987124463,0.08583690987124463,percentage_based,Music,0,0,0,0,60+,True,9.607843137254902,5,4,10,0.4
14,5,Gladys Knight,False,0.7333333333333333,-0.8055483147229668,0.06666666666666665,0.7166666666666667,0.07934920476158724,0.5773502691896258,7.0,0.09821428571428571,0.09821428571428571,percentage_based,Music,0,0,0,0,60+,True,9.607843137254902,5,5,9,0.5
14,6,Gladys Knight,True,0.8,-2.3385110184633087,0.06666666666666676,0.72,0.0691214711777591,0.0,8.0,0.09302350820331685,0.09302350820331685,percentage_based,Music,0,0,0,0,60+,True,9.607843137254902,5,6,8,0.6
14,7,Gladys Knight,False,,,0.0,0.7333333333333334,0.06992058987801017,0.0,8.0,0.0,0.0,percentage_based,Music,0,0,0,0,60+,True,9.607843137254902,5,7,7,0.7
14,8,Gladys Knight,False,,,0.0,0.7333333333333334,0.06992058987801017,0.0,7.0,0.0,0.0,percentage_based,Music,0,0,0,0,60+,True,9.607843137254902,5,8,6,0.8
14,9,Gladys Knight,False,,,0.0,0.7333333333333334,0.06992058987801017,0.0,5.0,0.0,0.0,percentage_based,Music,0,0,0,0,60+,True,9.607843137254902,5,9,4,0.9
14,10,Gladys Knight,False,,,0.0,0.7333333333333334,0.06992058987801017,0.0,4.0,0.0,0.0,percentage_based,Music,0,0,0,0,60+,True,9.607843137254902,5,10,3,1.0
14,1,Jack Wagner,False,0.7666666666666667,0.23221018200641105,0.0,,0.0,0.5773502691896258,4.0,0.08518518518518518,0.08518518518518518,percentage_based,Entertainment,0,1,0,0,50-60,True,8.220183486238533,11,1,12,0.1
14,2,Jack Wagner,False,0.7,-0.4874355578119363,-0.06666666666666676,0.7666666666666667,0.0,0.0,8.0,0.07806691449814127,0.07806691449814127,percentage_based,Entertainment,0,1,0,0,50-60,True,8.220183486238533,11,2,12,0.2
14,3,Jack Wagner,True,0.8,-0.8040302522073696,0.10000000000000009,0.7333333333333334,0.04714045207910327,0.0,7.0,0.08571428571428572,0.08571428571428572,percentage_based,Entertainment,0,1,0,0,50-60,True,8.220183486238533,11,3,11,0.3
14,4,Jack Wagner,False,,,0.0,0.7555555555555555,0.05091750772173159,0.0,11.0,0.0,0.0,percentage_based,Entertainment,0,1,0,0,50-60,True,8.220183486238533,11,4,10,0.4
14,5,Jack Wagner,False,,,0.0,0.7555555555555555,0.05091750772173159,0.0,10.0,0.0,0.0,percentage_based,Entertainment,0,1,0,0,50-60,True,8.220183486238533,11,5,9,0.5
14,6,Jack Wagner,False,,,0.0,0.7555555555555555,0.05091750772173159,0.0,9.0,0.0,0.0,percentage_based,Entertainment,0,1,0,0,50-60,True,8.220183486238533,11,6,8,0.6
14,7,Jack Wagner,False,,,0.0,0.7555555555555555,0.05091750772173159,0.0,8.0,0.0,0.0,percentage_based,Entertainment,0,1,0,0,50-60,True,8.220183486238533,11,7,7,0.7
14,8,Jack Wagner,False,,,0.0,0.7555555555555555,0.05091750772173159,0.0,7.0,0.0,0.0,percentage_based,Entertainment,0,1,0,0,50-60,True,8.220183486238533,11,8,6,0.8
14,9,Jack Wagner,False,,,0.0,0.7555555555555555,0.05091750772173159,0.0,5.0,0.0,0.0,percentage_based,Entertainment,0,1,0,0,50-60,True,8.220183486238533,11,9,4,0.9
14,10,Jack Wagner,False,,,0.0,0.7555555555555555,0.05091750772173159,0.0,4.0,0.0,0.0,percentage_based,Entertainment,0,1,0,0,50-60,True,8.220183486238533,11,10,3,1.0
14,1,Jaleel White,False,0.8666666666666667,1.625471274044882,0.0,,0.0,0.5773502691896257,1.0,0.0962962962962963,0.0962962962962963,percentage_based,Entertainment,0,1,0,0,30-40,True,6.163120567375887,14,1,12,0.1
14,2,Jaleel White,False,0.7333333333333333,-0.14336339935645315,-0.13333333333333341,0.8666666666666667,0.0,0.5773502691896258,7.0,0.08178438661710037,0.08178438661710037,percentage_based,Entertainment,0,1,0,0,30-40,True,6.163120567375887,14,2,12,0.2
14,3,Jaleel White,False,0.8333333333333334,-0.25125945381480286,0.10000000000000009,0.8,0.09428090415820643,0.5773502691896257,5.0,0.08928571428571429,0.08928571428571429,percentage_based,Entertainment,0,1,0,0,30-40,True,6.163120567375887,14,3,11,0.3
14,4,Jaleel White,False,0.7333333333333333,-0.5509925719746672,-0.10000000000000009,0.8111111111111112,0.06938886664887116,0.5773502691896258,6.0,0.0944206008583691,0.0944206008583691,percentage_based,Entertainment,0,1,0,0,30-40,True,6.163120567375887,14,4,10,0.4
14,5,Jaleel White,False,0.8,-0.24786101991475837,0.06666666666666676,0.7916666666666666,0.06871842709362774,0.0,6.0,0.10714285714285714,0.10714285714285714,percentage_based,Entertainment,0,1,0,0,30-40,True,6.163120567375887,14,5,9,0.5
14,6,Jaleel White,False,1.0,0.4677232504496778,0.19999999999999996,0.7933333333333333,0.059628479399994445,0.5773502691896257,2.0,0.1434104666175451,0.1434104666175451,percentage_based,Entertainment,0,1,0,0,30-40,True,6.163120567375887,14,6,8,0.6
14,7,Jaleel White,True,0.85,-0.4688072309384982,-0.15000000000000002,0.8277777777777778,0.09981464302878096,0.5,6.0,0.13896457765667575,0.13896457765667575,percentage_based,Entertainment,0,1,0,0,30-40,True,6.163120567375887,14,7,7,0.7
14,8,Jaleel White,False,,,0.0,0.8309523809523809,0.09150418500274116,0.0,7.0,0.0,0.0,percentage_based,Entertainment,0,1,0,0,30-40,True,6.163120567375887,14,8,6,0.8
14,9,Jaleel White,False,,,0.0,0.8309523809523809,0.09150418500274116,0.0,5.0,0.0,0.0,percentage_based,Entertainment,0,1,0,0,30-40,True,6.163120567375887,14,9,4,0.9
14,10,Jaleel White,False,,,0.0,0.8309523809523809,0.09150418500274116,0.0,4.0,0.0,0.0,percentage_based,Entertainment,0,1,0,0,30-40,True,6.163120567375887,14,10,3,1.0
14,1,Katherine Jenkins,False,0.8666666666666667,1.625471274044882,0.0,,0.0,0.5773502691896257,1.0,0.0962962962962963,0.0962962962962963,percentage_based,Music,0,0,0,0,30-40,False,5.134883720930232,21,1,12,0.1
14,2,Katherine Jenkins,False,0.8666666666666667,1.2329252344654806,0.0,0.8666666666666667,0.0,0.5773502691896257,1.0,0.09665427509293681,0.09665427509293681,percentage_based,Music,0,0,0,0,30-40,False,5.134883720930232,21,2,12,0.2
14,3,Katherine Jenkins,False,0.9666666666666667,1.9598237397554639,0.09999999999999998,0.8666666666666667,0.0,0.5773502691896257,1.0,0.10357142857142858,0.10357142857142858,percentage_based,Music,0,0,0,0,30-40,False,5.134883720930232,21,3,11,0.3
14,4,Katherine Jenkins,False,0.8,0.2966883079863583,-0.16666666666666663,0.9,0.05773502691896256,0.0,4.0,0.10300429184549356,0.10300429184549356,percentage_based,Music,0,0,0,0,30-40,False,5.134883720930232,21,4,10,0.4
14,5,Katherine Jenkins,False,0.9666666666666667,1.1463572171057603,0.16666666666666663,0.875,0.06871842709362765,0.5773502691896257,1.0,0.12946428571428573,0.12946428571428573,percentage_based,Music,0,0,0,0,30-40,False,5.134883720930232,21,5,9,0.5
14,6,Katherine Jenkins,False,1.0,0.4677232504496778,0.033333333333333326,0.8933333333333333,0.07226494462892932,0.5773502691896257,1.0,0.15116281323243902,0.15116281323243902,percentage_based,Music,0,0,0,0,30-40,False,5.134883720930232,21,6,8,0.6
14,7,Katherine Jenkins,False,0.9,0.5156879540323432,-0.09999999999999998,0.9111111111111111,0.07793634629666747,0.5,2.0,0.14713896457765668,0.14713896457765668,percentage_based,Music,0,0,0,0,30-40,False,5.134883720930232,21,7,7,0.7
14,8,Katherine Jenkins,False,0.9166666666666666,0.23063280200722044,0.016666666666666607,0.9095238095238096,0.07126966450997983,0.2886751345948129,3.0,0.16819571865443425,0.16819571865443425,percentage_based,Music,0,0,0,0,30-40,False,5.134883720930232,21,8,6,0.8
14,9,Katherine Jenkins,False,0.9333333333333333,-1.1618950038622218,0.01666666666666672,0.9104166666666667,0.0660311975328257,0.2886751345948129,4.0,0.24347826086956523,0.24347826086956523,percentage_based,Music,0,0,0,0,30-40,False,5.134883720930232,21,9,4,0.9
14,10,Katherine Jenkins,False,1.0,1.1547005383792688,0.06666666666666665,0.912962962962963,0.062237101395578,0.0,1.0,0.3358213967483533,0.3358213967483533,percentage_based,Music,0,0,0,0,30-40,False,5.134883720930232,21,10,3,1.0
14,1,Maria Menounos,False,0.7,-0.6966305460192378,0.0,,0.0,0.0,8.0,0.07777777777777778,0.07777777777777778,percentage_based,Media,0,0,0,0,30-40,True,2.954285714285714,17,1,12,0.1
14,2,Maria Menounos,False,0.8333333333333334,0.8888530760099975,0.13333333333333341,0.7,0.0,0.5773502691896257,3.0,0.09293680297397769,0.09293680297397769,percentage_based,Media,0,0,0,0,30-40,True,2.954285714285714,17,2,12,0.2
14,3,Maria Menounos,False,0.9,0.8542821429703304,0.06666666666666665,0.7666666666666666,0.09428090415820643,0.0,3.0,0.09642857142857143,0.09642857142857143,percentage_based,Media,0,0,0,0,30-40,True,2.954285714285714,17,3,11,0.3
14,4,Maria Menounos,False,0.8666666666666667,1.1443691879473823,-0.033333333333333326,0.8111111111111112,0.10183501544346318,0.5773502691896257,2.0,0.11158798283261803,0.11158798283261803,percentage_based,Media,0,0,0,0,30-40,True,2.954285714285714,17,4,10,0.4
14,5,Maria Menounos,False,0.9,0.5886699222975529,0.033333333333333326,0.825,0.0876651879892195,0.0,3.0,0.12053571428571429,0.12053571428571429,percentage_based,Media,0,0,0,0,30-40,True,2.954285714285714,17,5,9,0.5
14,6,Maria Menounos,False,0.9999966666666665,0.46767647987852734,0.09999666666666651,0.8400000000000001,0.08299933065325828,0.5773502691896257,6.0,0.1162789976561952,0.1162789976561952,percentage_based,Media,0,0,0,0,30-40,True,2.954285714285714,17,6,8,0.6
14,7,Maria Menounos,False,0.95,1.5001831390031823,-0.04999666666666658,0.866666111111111,0.09888174756673677,0.5,1.0,0.1553133514986376,0.1553133514986376,percentage_based,Media,0,0,0,0,30-40,True,2.954285714285714,17,7,7,0.7
14,8,Maria Menounos,False,0.8833333333333333,-0.6918984060216644,-0.06666666666666665,0.8785709523809524,0.09560374846816429,1.1547005383792517,5.0,0.1620795107033639,0.1620795107033639,percentage_based,Media,0,0,0,0,30-40,True,2.954285714285714,17,8,6,0.8
14,9,Maria Menounos,True,0.9833333333333333,1.161895003862227,0.09999999999999998,0.8791662499999999,0.0885278854899709,0.2886751345948129,1.0,0.2565217391304348,0.2565217391304348,percentage_based,Media,0,0,0,0,30-40,True,2.954285714285714,17,9,4,0.9
14,10,Maria Menounos,False,,,0.0,0.8907403703703705,0.08979521455395117,0.0,4.0,0.0,0.0,percentage_based,Media,0,0,0,0,30-40,True,2.954285714285714,17,10,3,1.0
14,1,Martina Navratilova,False,0.6666666666666666,-1.1610509100320614,0.0,,0.0,0.5773502691896258,10.0,0.07407407407407407,0.07407407407407407,percentage_based,Sports,0,0,0,0,50-60,False,7.702830188679245,21,1,12,0.1
14,2,Martina Navratilova,True,0.5666666666666667,-1.8637241916338692,-0.09999999999999998,0.6666666666666666,0.0,0.5773502691896258,12.0,0.06319702602230483,0.06319702602230483,percentage_based,Sports,0,0,0,0,50-60,False,7.702830188679245,21,2,12,0.2
14,3,Martina Navratilova,False,,,0.0,0.6166666666666667,0.07071067811865478,0.0,12.0,0.0,0.0,percentage_based,Sports,0,0,0,0,50-60,False,7.702830188679245,21,3,11,0.3
14,4,Martina Navratilova,False,,,0.0,0.6166666666666667,0.07071067811865478,0.0,11.0,0.0,0.0,percentage_based,Sports,0,0,0,0,50-60,False,7.702830188679245,21,4,10,0.4
14,5,Martina Navratilova,False,,,0.0,0.6166666666666667,0.07071067811865478,0.0,10.0,0.0,0.0,percentage_based,Sports,0,0,0,0,50-60,False,7.702830188679245,21,5,9,0.5
14,6,Martina Navratilova,False,,,0.0,0.6166666666666667,0.07071067811865478,0.0,9.0,0.0,0.0,percentage_based,Sports,0,0,0,0,50-60,False,7.702830188679245,21,6,8,0.6
14,7,Martina Navratilova,False,,,0.0,0.6166666666666667,0.07071067811865478,0.0,8.0,0.0,0.0,percentage_based,Sports,0,0,0,0,50-60,False,7.702830188679245,21,7,7,0.7
14,8,Martina Navratilova,False,,,0.0,0.6166666666666667,0.07071067811865478,0.0,7.0,0.0,0.0,percentage_based,Sports,0,0,0,0,50-60,False,7.702830188679245,21,8,6,0.8
14,9,Martina Navratilova,False,,,0.0,0.6166666666666667,0.07071067811865478,0.0,5.0,0.0,0.0,percentage_based,Sports,0,0,0,0,50-60,False,7.702830188679245,21,9,4,0.9
14,10,Martina Navratilova,False,,,0.0,0.6166666666666667,0.07071067811865478,0.0,4.0,0.0,0.0,percentage_based,Sports,0,0,0,0,50-60,False,7.702830188679245,21,10,3,1.0
14,1,Melissa Gilbert,False,0.6666666666666666,-1.1610509100320614,0.0,,0.0,0.5773502691896258,10.0,0.07407407407407407,0.07407407407407407,percentage_based,Entertainment,0,1,0,0,40-50,True,5.9941176470588236,17,1,12,0.1
14,2,Melissa Gilbert,False,0.6666666666666666,-0.8315077162674195,0.0,0.6666666666666666,0.0,0.5773502691896258,10.0,0.07434944237918216,0.07434944237918216,percentage_based,Entertainment,0,1,0,0,40-50,True,5.9941176470588236,17,2,12,0.2
14,3,Melissa Gilbert,False,0.8,-0.8040302522073696,0.13333333333333341,0.6666666666666666,0.0,0.0,7.0,0.08571428571428572,0.08571428571428572,percentage_based,Entertainment,0,1,0,0,40-50,True,5.9941176470588236,17,3,11,0.3
14,4,Melissa Gilbert,False,0.7333333333333333,-0.5509925719746672,-0.06666666666666676,0.7111111111111111,0.07698003589195013,0.5773502691896258,6.0,0.0944206008583691,0.0944206008583691,percentage_based,Entertainment,0,1,0,0,40-50,True,5.9941176470588236,17,4,10,0.4
14,5,Melissa Gilbert,False,0.7,-1.0843919621270706,-0.033333333333333326,0.7166666666666667,0.06382847385042256,0.0,8.0,0.09375,0.09375,percentage_based,Entertainment,0,1,0,0,40-50,True,5.9941176470588236,17,5,9,0.5
14,6,Melissa Gilbert,False,1.0,0.4677232504496778,0.30000000000000004,0.7133333333333333,0.05577733510227172,0.0,5.0,0.11627938525414606,0.11627938525414606,percentage_based,Entertainment,0,1,0,0,40-50,True,5.9941176470588236,17,6,8,0.6
14,7,Melissa Gilbert,False,0.7833333333333333,-1.7814674775662853,-0.21666666666666667,0.7611111111111111,0.12722100921304302,0.28867513459481287,7.0,0.12806539509536785,0.12806539509536785,percentage_based,Entertainment,0,1,0,0,40-50,True,5.9941176470588236,17,7,7,0.7
14,8,Melissa Gilbert,True,0.85,-1.6144296140505492,0.06666666666666665,0.7642857142857142,0.11643968850096197,0.0,6.0,0.1559633027522936,0.1559633027522936,percentage_based,Entertainment,0,1,0,0,40-50,True,5.9941176470588236,17,8,6,0.8
14,9,Melissa Gilbert,False,,,0.0,0.7749999999999999,0.11198072396480804,0.0,5.0,0.0,0.0,percentage_based,Entertainment,0,1,0,0,40-50,True,5.9941176470588236,17,9,4,0.9
14,10,Melissa Gilbert,False,,,0.0,0.7749999999999999,0.11198072396480804,0.0,4.0,0.0,0.0,percentage_based,Entertainment,0,1,0,0,40-50,True,5.9941176470588236,17,10,3,1.0
14,1,Roshon Fegan,False,0.7666666666666667,0.23221018200641105,0.0,,0.0,0.5773502691896258,4.0,0.08518518518518518,0.08518518518518518,percentage_based,Entertainment,0,1,0,0,Under 20,True,7.098591549295775,7,1,12,0.1
14,2,Roshon Fegan,False,0.8666666666666667,1.2329252344654806,0.09999999999999998,0.7666666666666667,0.0,0.5773502691896257,1.0,0.09665427509293681,0.09665427509293681,percentage_based,Entertainment,0,1,0,0,Under 20,True,7.098591549295775,7,2,12,0.2
14,3,Roshon Fegan,False,0.8333333333333334,-0.25125945381480286,-0.033333333333333326,0.8166666666666667,0.07071067811865478,0.5773502691896257,5.0,0.08928571428571429,0.08928571428571429,percentage_based,Entertainment,0,1,0,0,Under 20,True,7.098591549295775,7,3,11,0.3
14,4,Roshon Fegan,False,0.8666666666666667,1.1443691879473823,0.033333333333333326,0.8222222222222223,0.05091750772173158,0.5773502691896257,2.0,0.11158798283261803,0.11158798283261803,percentage_based,Entertainment,0,1,0,0,Under 20,True,7.098591549295775,7,4,10,0.4
14,5,Roshon Fegan,False,0.8666666666666667,0.3098262748934491,0.0,0.8333333333333334,0.04714045207910321,0.5773502691896257,5.0,0.11607142857142858,0.11607142857142858,percentage_based,Entertainment,0,1,0,0,Under 20,True,7.098591549295775,7,5,9,0.5
14,6,Roshon Fegan,False,0.9333266666666666,-0.4677817136636154,0.06665999999999994,0.8400000000000001,0.0434613493680177,0.5773502691896257,7.0,0.1085266510413013,0.1085266510413013,percentage_based,Entertainment,0,1,0,0,Under 20,True,7.098591549295775,7,6,8,0.6
14,7,Roshon Fegan,False,0.8666666666666667,-0.14064216928155032,-0.06665999999999994,0.8555544444444445,0.05443120027119526,0.7637626158259734,5.0,0.14168937329700274,0.14168937329700274,percentage_based,Entertainment,0,1,0,0,Under 20,True,7.098591549295775,7,7,7,0.7
14,8,Roshon Fegan,True,0.9333333333333333,0.6918984060216644,0.06666666666666665,0.8571419047619048,0.049865851852268446,0.2886751345948129,2.0,0.1712538226299694,0.1712538226299694,percentage_based,Entertainment,0,1,0,0,Under 20,True,7.098591549295775,7,8,6,0.8
14,9,Roshon Fegan,False,,,0.0,0.8666658333333334,0.05345106059351331,0.0,5.0,0.0,0.0,percentage_based,Entertainment,0,1,0,0,Under 20,True,7.098591549295775,7,9,4,0.9
14,10,Roshon Fegan,False,,,0.0,0.8666658333333334,0.05345106059351331,0.0,4.0,0.0,0.0,percentage_based,Entertainment,0,1,0,0,Under 20,True,7.098591549295775,7,10,3,1.0
14,1,Sherri Sheperd,False,0.7666666666666667,0.23221018200641105,0.0,,0.0,0.5773502691896258,4.0,0.08518518518518518,0.08518518518518518,percentage_based,Entertainment,0,1,0,0,40-50,True,5.173469387755102,19,1,12,0.1
14,2,Sherri Sheperd,False,0.7666666666666667,0.2007087590990312,0.0,0.7666666666666667,0.0,0.5773502691896258,6.0,0.08550185873605948,0.08550185873605948,percentage_based,Entertainment,0,1,0,0,40-50,True,5.173469387755102,19,2,12,0.2
14,3,Sherri Sheperd,False,0.8,-0.8040302522073696,0.033333333333333326,0.7666666666666667,0.0,0.0,7.0,0.08571428571428572,0.08571428571428572,percentage_based,Entertainment,0,1,0,0,40-50,True,5.173469387755102,19,3,11,0.3
14,4,Sherri Sheperd,True,0.7,-0.9748330119551792,-0.10000000000000009,0.7777777777777778,0.01924500897298754,0.0,9.0,0.09012875536480687,0.09012875536480687,percentage_based,Entertainment,0,1,0,0,40-50,True,5.173469387755102,19,4,10,0.4
14,5,Sherri Sheperd,False,,,0.0,0.7583333333333333,0.041943524640393075,0.0,10.0,0.0,0.0,percentage_based,Entertainment,0,1,0,0,40-50,True,5.173469387755102,19,5,9,0.5
14,6,Sherri Sheperd,False,,,0.0,0.7583333333333333,0.041943524640393075,0.0,9.0,0.0,0.0,percentage_based,Entertainment,0,1,0,0,40-50,True,5.173469387755102,19,6,8,0.6
14,7,Sherri Sheperd,False,,,0.0,0.7583333333333333,0.041943524640393075,0.0,8.0,0.0,0.0,percentage_based,Entertainment,0,1,0,0,40-50,True,5.173469387755102,19,7,7,0.7
14,8,Sherri Sheperd,False,,,0.0,0.7583333333333333,0.041943524640393075,0.0,7.0,0.0,0.0,percentage_based,Entertainment,0,1,0,0,40-50,True,5.173469387755102,19,8,6,0.8
14,9,Sherri Sheperd,False,,,0.0,0.7583333333333333,0.041943524640393075,0.0,5.0,0.0,0.0,percentage_based,Entertainment,0,1,0,0,40-50,True,5.173469387755102,19,9,4,0.9
14,10,Sherri Sheperd,False,,,0.0,0.7583333333333333,0.041943524640393075,0.0,4.0,0.0,0.0,percentage_based,Entertainment,0,1,0,0,40-50,True,5.173469387755102,19,10,3,1.0
14,1,William Levy,False,0.8,0.6966305460192347,0.0,,0.0,0.0,3.0,0.08888888888888889,0.08888888888888889,percentage_based,Entertainment,0,1,0,0,30-40,False,5.853754940711463,25,1,12,0.1
14,2,William Levy,False,0.8333333333333334,0.8888530760099975,0.033333333333333326,0.8,0.0,1.1547005383792517,3.0,0.09293680297397769,0.09293680297397769,percentage_based,Entertainment,0,1,0,0,30-40,False,5.853754940711463,25,2,12,0.2
14,3,William Levy,False,0.9333333333333333,1.4070529413628972,0.09999999999999998,0.8166666666666667,0.02357022603955162,0.5773502691896257,2.0,0.1,0.1,percentage_based,Entertainment,0,1,0,0,30-40,False,5.853754940711463,25,3,11,0.3
14,4,William Levy,False,0.7333333333333333,-0.5509925719746672,-0.20000000000000007,0.8555555555555556,0.06938886664887113,0.5773502691896258,6.0,0.0944206008583691,0.0944206008583691,percentage_based,Entertainment,0,1,0,0,30-40,False,5.853754940711463,25,4,10,0.4
14,5,William Levy,False,0.9666666666666667,1.1463572171057603,0.2333333333333334,0.825,0.08333333333333336,0.5773502691896257,1.0,0.12946428571428573,0.12946428571428573,percentage_based,Entertainment,0,1,0,0,30-40,False,5.853754940711463,25,5,9,0.5
14,6,William Levy,False,1.0,0.4677232504496778,0.033333333333333326,0.8533333333333333,0.09603240193925293,1.0,3.0,0.13953526230497526,0.13953526230497526,percentage_based,Entertainment,0,1,0,0,30-40,False,5.853754940711463,25,6,8,0.6
14,7,William Levy,False,0.8833333333333333,0.18752289237539535,-0.1166666666666667,0.8777777777777778,0.10470416879457556,0.2886751345948129,3.0,0.1444141689373297,0.1444141689373297,percentage_based,Entertainment,0,1,0,0,30-40,False,5.853754940711463,25,7,7,0.7
14,8,William Levy,False,0.95,1.1531640100361051,0.06666666666666665,0.8785714285714287,0.09560445408144773,0.0,1.0,0.1743119266055046,0.1743119266055046,percentage_based,Entertainment,0,1,0,0,30-40,False,5.853754940711463,25,8,6,0.8
14,9,William Levy,False,0.9666666666666667,0.3872983346207458,0.01666666666666672,0.8875,0.0920446751432272,0.2886751345948129,2.0,0.25217391304347825,0.25217391304347825,percentage_based,Entertainment,0,1,0,0,30-40,False,5.853754940711463,25,9,4,0.9
14,10,William Levy,False,0.9888866666666668,-0.5773502691896085,0.02222000000000013,0.8962962962962963,0.09005313931915185,0.1924885797478208,2.0,0.33208930162582334,0.33208930162582334,percentage_based,Entertainment,0,1,0,0,30-40,False,5.853754940711463,25,10,3,1.0
15,1,Apolo Anton Ohno,False,0.7333333333333333,0.3661187624285858,0.0,,0.0,0.28867513459481287,4.0,0.07956600361663653,0.07956600361663653,percentage_based,Sports,0,0,0,0,20-30,True,6.711956521739131,18,1,13,0.1
15,2,Apolo Anton Ohno,False,0.8166666666666667,0.686606562325594,0.08333333333333337,0.7333333333333333,0.0,0.2886751345948129,4.0,0.08876811594202899,0.08876811594202899,percentage_based,Sports,0,0,0,0,20-30,True,6.711956521739131,18,2,12,0.2
15,3,Apolo Anton Ohno,False,0.85,0.16627913361719998,0.033333333333333326,0.7749999999999999,0.05892556509887902,0.5,4.0,0.09172661870503597,0.09172661870503597,percentage_based,Sports,0,0,0,0,20-30,True,6.711956521739131,18,3,11,0.3
15,4,Apolo Anton Ohno,False,0.8625,-0.3827968840460443,0.012500000000000067,0.7999999999999999,0.06009252125773321,0.25,7.0,0.10730948678071539,0.10730948678071539,percentage_based,Sports,0,0,0,0,20-30,True,6.711956521739131,18,4,9,0.4
15,5,Apolo Anton Ohno,False,0.9416666666666667,0.40121952280308376,0.07916666666666661,0.815625,0.0581718996372597,0.38188130791298663,2.0,0.12710911136107986,0.12710911136107986,percentage_based,Sports,0,0,0,0,20-30,True,6.711956521739131,18,5,8,0.5
15,6,Apolo Anton Ohno,False,1.0,1.260144024690415,0.05833333333333335,0.8408333333333333,0.07559945620027822,0.0,1.0,0.13274336283185842,0.13274336283185842,percentage_based,Sports,0,0,0,0,20-30,True,6.711956521739131,18,6,8,0.6
15,7,Apolo Anton Ohno,False,1.0,0.3779644730092285,0.0,0.8673611111111111,0.09377931640391281,0.0,6.0,0.1363640308050478,0.1363640308050478,percentage_based,Sports,0,0,0,0,20-30,True,6.711956521739131,18,7,7,0.7
15,8,Apolo Anton Ohno,False,0.9759233333333334,0.5450776220827667,-0.024076666666666635,0.8863095238095238,0.09920734126488101,0.25051100441564106,2.0,0.1469193195013584,0.1469193195013584,percentage_based,Sports,0,0,0,0,20-30,True,6.711956521739131,18,8,7,0.8
15,9,Apolo Anton Ohno,True,0.9537,0.37452059917584374,-0.022223333333333373,0.89751125,0.09715921018416686,0.22449853006200277,3.0,0.20291532535175605,0.20291532535175605,percentage_based,Sports,0,0,0,0,20-30,True,6.711956521739131,18,9,5,0.9
15,10,Apolo Anton Ohno,False,,,0.0,0.9037544444444444,0.09279396747633975,0.0,4.0,0.0,0.0,percentage_based,Sports,0,0,0,0,20-30,True,6.711956521739131,18,10,3,1.0
15,1,Bristol Palin,False,0.65,-0.8863927932481585,0.0,,0.0,0.0,11.0,0.0705244122965642,0.0705244122965642,percentage_based,Media,0,0,0,0,20-30,True,5.134883720930232,21,1,13,0.1
15,2,Bristol Palin,False,0.6,-2.2886885410853175,-0.050000000000000044,0.65,0.0,0.0,12.0,0.06521739130434782,0.06521739130434782,percentage_based,Media,0,0,0,0,20-30,True,5.134883720930232,21,2,12,0.2
15,3,Bristol Palin,False,0.75,-2.0286054301298733,0.15000000000000002,0.625,0.03535533905932741,0.0,11.0,0.08093525179856115,0.08093525179856115,percentage_based,Media,0,0,0,0,20-30,True,5.134883720930232,21,3,11,0.3
15,4,Bristol Palin,True,0.8,-1.165790510503865,0.050000000000000044,0.6666666666666666,0.07637626158259736,0.0,8.0,0.09953343701399689,0.09953343701399689,percentage_based,Media,0,0,0,0,20-30,True,5.134883720930232,21,4,9,0.4
15,5,Bristol Palin,False,,,0.0,0.7,0.09128709291752775,0.0,9.0,0.0,0.0,percentage_based,Media,0,0,0,0,20-30,True,5.134883720930232,21,5,8,0.5
15,6,Bristol Palin,False,,,0.0,0.7,0.09128709291752775,0.0,9.0,0.0,0.0,percentage_based,Media,0,0,0,0,20-30,True,5.134883720930232,21,6,8,0.6
15,7,Bristol Palin,False,,,0.0,0.7,0.09128709291752775,0.0,8.0,0.0,0.0,percentage_based,Media,0,0,0,0,20-30,True,5.134883720930232,21,7,7,0.7
15,8,Bristol Palin,False,,,0.0,0.7,0.09128709291752775,0.0,8.0,0.0,0.0,percentage_based,Media,0,0,0,0,20-30,True,5.134883720930232,21,8,7,0.8
15,9,Bristol Palin,False,,,0.0,0.7,0.09128709291752775,0.0,6.0,0.0,0.0,percentage_based,Media,0,0,0,0,20-30,True,5.134883720930232,21,9,5,0.9
15,10,Bristol Palin,False,,,0.0,0.7,0.09128709291752775,0.0,4.0,0.0,0.0,percentage_based,Media,0,0,0,0,20-30,True,5.134883720930232,21,10,3,1.0
15,1,Drew Lachey,False,0.7166666666666667,0.11561645129323762,0.0,,0.0,0.28867513459481287,6.0,0.07775768535262206,0.07775768535262206,percentage_based,Music,0,0,0,0,30-40,True,8.220183486238533,11,1,13,0.1
15,2,Drew Lachey,False,0.75,-0.22886885410853236,0.033333333333333326,0.7166666666666667,0.0,0.0,7.0,0.08152173913043478,0.08152173913043478,percentage_based,Music,0,0,0,0,30-40,True,8.220183486238533,11,2,12,0.2
15,3,Drew Lachey,True,0.8,-0.9311631482563355,0.050000000000000044,0.7333333333333334,0.02357022603955154,0.0,9.0,0.08633093525179857,0.08633093525179857,percentage_based,Music,0,0,0,0,30-40,True,8.220183486238533,11,3,11,0.3
15,4,Drew Lachey,False,,,0.0,0.7555555555555555,0.04194352464039302,0.0,10.0,0.0,0.0,percentage_based,Music,0,0,0,0,30-40,True,8.220183486238533,11,4,9,0.4
15,5,Drew Lachey,False,,,0.0,0.7555555555555555,0.04194352464039302,0.0,9.0,0.0,0.0,percentage_based,Music,0,0,0,0,30-40,True,8.220183486238533,11,5,8,0.5
15,6,Drew Lachey,False,,,0.0,0.7555555555555555,0.04194352464039302,0.0,9.0,0.0,0.0,percentage_based,Music,0,0,0,0,30-40,True,8.220183486238533,11,6,8,0.6
15,7,Drew Lachey,False,,,0.0,0.7555555555555555,0.04194352464039302,0.0,8.0,0.0,0.0,percentage_based,Music,0,0,0,0,30-40,True,8.220183486238533,11,7,7,0.7
15,8,Drew Lachey,False,,,0.0,0.7555555555555555,0.04194352464039302,0.0,8.0,0.0,0.0,percentage_based,Music,0,0,0,0,30-40,True,8.220183486238533,11,8,7,0.8
15,9,Drew Lachey,False,,,0.0,0.7555555555555555,0.04194352464039302,0.0,6.0,0.0,0.0,percentage_based,Music,0,0,0,0,30-40,True,8.220183486238533,11,9,5,0.9
15,10,Drew Lachey,False,,,0.0,0.7555555555555555,0.04194352464039302,0.0,4.0,0.0,0.0,percentage_based,Music,0,0,0,0,30-40,True,8.220183486238533,11,10,3,1.0
15,1,Emmitt Smith,False,0.8166666666666667,1.6186303181053319,0.0,,0.0,0.2886751345948129,1.0,0.08860759493670886,0.08860759493670886,percentage_based,Sports,0,0,0,0,40-50,True,5.853754940711463,25,1,13,0.1
15,2,Emmitt Smith,False,0.75,-0.22886885410853236,-0.06666666666666665,0.8166666666666667,0.0,0.0,7.0,0.08152173913043478,0.08152173913043478,percentage_based,Sports,0,0,0,0,40-50,True,5.853754940711463,25,2,12,0.2
15,3,Emmitt Smith,False,0.8333333333333334,-0.19953496034064436,0.08333333333333337,0.7833333333333333,0.04714045207910316,0.2886751345948129,8.0,0.08992805755395683,0.08992805755395683,percentage_based,Sports,0,0,0,0,40-50,True,5.853754940711463,25,3,11,0.3
15,4,Emmitt Smith,False,0.9,0.08699929182864782,0.06666666666666665,0.7999999999999999,0.044095855184409845,0.0,5.0,0.1119751166407465,0.1119751166407465,percentage_based,Sports,0,0,0,0,40-50,True,5.853754940711463,25,4,9,0.4
15,5,Emmitt Smith,False,0.9333333333333333,0.18723577730810803,0.033333333333333326,0.825,0.06161409170227452,0.14433756729740646,6.0,0.12598425196850394,0.12598425196850394,percentage_based,Sports,0,0,0,0,40-50,True,5.853754940711463,25,5,8,0.5
15,6,Emmitt Smith,False,0.8833333333333333,-1.2601440246904199,-0.050000000000000044,0.8466666666666667,0.07207249436813216,0.5773502691896257,8.0,0.1172566371681416,0.1172566371681416,percentage_based,Sports,0,0,0,0,40-50,True,5.853754940711463,25,6,8,0.6
15,7,Emmitt Smith,False,1.0,0.3779644730092285,0.1166666666666667,0.8527777777777779,0.06617877023358494,0.5773502691896257,4.0,0.1425619826173051,0.1425619826173051,percentage_based,Sports,0,0,0,0,40-50,True,5.853754940711463,25,7,7,0.7
15,8,Emmitt Smith,False,0.9685133333333333,0.39539169819271186,-0.03148666666666666,0.8738095238095239,0.08213423005076352,0.16033016975395872,4.0,0.1458037890899821,0.1458037890899821,percentage_based,Sports,0,0,0,0,40-50,True,5.853754940711463,25,8,7,0.8
15,9,Emmitt Smith,True,0.9,-1.093276523561176,-0.06851333333333331,0.8856475,0.08308678816430634,0.0,5.0,0.19148976912716834,0.19148976912716834,percentage_based,Sports,0,0,0,0,40-50,True,5.853754940711463,25,9,5,0.9
15,10,Emmitt Smith,False,,,0.0,0.8872422222222222,0.07786768150023617,0.0,4.0,0.0,0.0,percentage_based,Sports,0,0,0,0,40-50,True,5.853754940711463,25,10,3,1.0
15,1,Gilles Marini,False,0.8,1.3681280069699837,0.0,,0.0,0.0,2.0,0.0867992766726944,0.0867992766726944,percentage_based,Entertainment,0,1,0,0,30-40,False,7.419354838709677,15,1,13,0.1
15,2,Gilles Marini,False,0.85,1.1443442705426572,0.04999999999999993,0.8,0.0,0.0,2.0,0.09239130434782608,0.09239130434782608,percentage_based,Entertainment,0,1,0,0,30-40,False,7.419354838709677,15,2,12,0.2
15,3,Gilles Marini,False,0.85,0.16627913361719998,0.0,0.825,0.03535533905932737,0.0,4.0,0.09172661870503597,0.09172661870503597,percentage_based,Entertainment,0,1,0,0,30-40,False,7.419354838709677,15,3,11,0.3
15,4,Gilles Marini,False,0.9875,1.183190368869597,0.13750000000000007,0.8333333333333334,0.028867513459481298,0.25,1.0,0.12286158631415241,0.12286158631415241,percentage_based,Entertainment,0,1,0,0,30-40,False,7.419354838709677,15,4,9,0.4
15,5,Gilles Marini,False,0.9416666666666667,0.40121952280308376,-0.04583333333333339,0.871875,0.08060642550897132,0.14433756729740646,2.0,0.12710911136107986,0.12710911136107986,percentage_based,Entertainment,0,1,0,0,30-40,False,7.419354838709677,15,5,8,0.5
15,6,Gilles Marini,False,0.9166666666666666,-0.5400617248673245,-0.025000000000000022,0.8858333333333335,0.07646713164636314,0.2886751345948129,5.0,0.12168141592920353,0.12168141592920353,percentage_based,Entertainment,0,1,0,0,30-40,False,7.419354838709677,15,6,8,0.6
15,7,Gilles Marini,False,1.0,0.3779644730092285,0.08333333333333337,0.8909722222222222,0.06954298564091033,0.0,5.0,0.1384293260352406,0.1384293260352406,percentage_based,Entertainment,0,1,0,0,30-40,False,7.419354838709677,15,7,7,0.7
15,8,Gilles Marini,True,0.9759233333333334,0.5450776220827667,-0.024076666666666635,0.906547619047619,0.07568579752562533,0.25051100441564106,2.0,0.1469193195013584,0.1469193195013584,percentage_based,Entertainment,0,1,0,0,30-40,False,7.419354838709677,15,8,7,0.8
15,9,Gilles Marini,False,,,0.0,0.9152195833333333,0.07424034877016594,0.0,6.0,0.0,0.0,percentage_based,Entertainment,0,1,0,0,30-40,False,7.419354838709677,15,9,5,0.9
15,10,Gilles Marini,False,,,0.0,0.9152195833333333,0.07424034877016594,0.0,4.0,0.0,0.0,percentage_based,Entertainment,0,1,0,0,30-40,False,7.419354838709677,15,10,3,1.0
15,1,Helio Castroneves,False,0.7166666666666667,0.11561645129323762,0.0,,0.0,0.28867513459481287,6.0,0.07775768535262206,0.07775768535262206,percentage_based,Other,0,0,0,0,30-40,False,7.098591549295775,7,1,13,0.1
15,2,Helio Castroneves,False,0.7666666666666667,0.0,0.050000000000000044,0.7166666666666667,0.0,0.28867513459481287,6.0,0.08333333333333333,0.08333333333333333,percentage_based,Other,0,0,0,0,30-40,False,7.098591549295775,7,2,12,0.2
15,3,Helio Castroneves,True,0.85,0.16627913361719998,0.08333333333333326,0.7416666666666667,0.03535533905932741,0.0,4.0,0.09172661870503597,0.09172661870503597,percentage_based,Other,0,0,0,0,30-40,False,7.098591549295775,7,3,11,0.3
15,4,Helio Castroneves,False,,,0.0,0.7777777777777778,0.06735753140545632,0.0,10.0,0.0,0.0,percentage_based,Other,0,0,0,0,30-40,False,7.098591549295775,7,4,9,0.4
15,5,Helio Castroneves,False,,,0.0,0.7777777777777778,0.06735753140545632,0.0,9.0,0.0,0.0,percentage_based,Other,0,0,0,0,30-40,False,7.098591549295775,7,5,8,0.5
15,6,Helio Castroneves,False,,,0.0,0.7777777777777778,0.06735753140545632,0.0,9.0,0.0,0.0,percentage_based,Other,0,0,0,0,30-40,False,7.098591549295775,7,6,8,0.6
15,7,Helio Castroneves,False,,,0.0,0.7777777777777778,0.06735753140545632,0.0,8.0,0.0,0.0,percentage_based,Other,0,0,0,0,30-40,False,7.098591549295775,7,7,7,0.7
15,8,Helio Castroneves,False,,,0.0,0.7777777777777778,0.06735753140545632,0.0,8.0,0.0,0.0,percentage_based,Other,0,0,0,0,30-40,False,7.098591549295775,7,8,7,0.8
15,9,Helio Castroneves,False,,,0.0,0.7777777777777778,0.06735753140545632,0.0,6.0,0.0,0.0,percentage_based,Other,0,0,0,0,30-40,False,7.098591549295775,7,9,5,0.9
15,10,Helio Castroneves,False,,,0.0,0.7777777777777778,0.06735753140545632,0.0,4.0,0.0,0.0,percentage_based,Other,0,0,0,0,30-40,False,7.098591549295775,7,10,3,1.0
15,1,Joey Fatone,False,0.6833333333333333,-0.3853881709774604,0.0,,0.0,0.28867513459481287,10.0,0.07414104882459313,0.07414104882459313,percentage_based,Music,0,0,0,0,30-40,True,6.163120567375887,14,1,13,0.1
15,2,Joey Fatone,True,0.75,-0.22886885410853236,0.06666666666666665,0.6833333333333333,0.0,0.0,7.0,0.08152173913043478,0.08152173913043478,percentage_based,Music,0,0,0,0,30-40,True,6.163120567375887,14,2,12,0.2
15,3,Joey Fatone,False,,,0.0,0.7166666666666667,0.04714045207910316,0.0,12.0,0.0,0.0,percentage_based,Music,0,0,0,0,30-40,True,6.163120567375887,14,3,11,0.3
15,4,Joey Fatone,False,,,0.0,0.7166666666666667,0.04714045207910316,0.0,10.0,0.0,0.0,percentage_based,Music,0,0,0,0,30-40,True,6.163120567375887,14,4,9,0.4
15,5,Joey Fatone,False,,,0.0,0.7166666666666667,0.04714045207910316,0.0,9.0,0.0,0.0,percentage_based,Music,0,0,0,0,30-40,True,6.163120567375887,14,5,8,0.5
15,6,Joey Fatone,False,,,0.0,0.7166666666666667,0.04714045207910316,0.0,9.0,0.0,0.0,percentage_based,Music,0,0,0,0,30-40,True,6.163120567375887,14,6,8,0.6
15,7,Joey Fatone,False,,,0.0,0.7166666666666667,0.04714045207910316,0.0,8.0,0.0,0.0,percentage_based,Music,0,0,0,0,30-40,True,6.163120567375887,14,7,7,0.7
15,8,Joey Fatone,False,,,0.0,0.7166666666666667,0.04714045207910316,0.0,8.0,0.0,0.0,percentage_based,Music,0,0,0,0,30-40,True,6.163120567375887,14,8,7,0.8
15,9,Joey Fatone,False,,,0.0,0.7166666666666667,0.04714045207910316,0.0,6.0,0.0,0.0,percentage_based,Music,0,0,0,0,30-40,True,6.163120567375887,14,9,5,0.9
15,10,Joey Fatone,False,,,0.0,0.7166666666666667,0.04714045207910316,0.0,4.0,0.0,0.0,percentage_based,Music,0,0,0,0,30-40,True,6.163120567375887,14,10,3,1.0
15,1,Kelly Monaco,False,0.7166666666666667,0.11561645129323762,0.0,,0.0,0.28867513459481287,6.0,0.07775768535262206,0.07775768535262206,percentage_based,Entertainment,0,1,0,0,30-40,True,5.173469387755102,19,1,13,0.1
15,2,Kelly Monaco,False,0.7333333333333333,-0.4577377082170647,0.016666666666666607,0.7166666666666667,0.0,0.28867513459481287,10.0,0.07971014492753623,0.07971014492753623,percentage_based,Entertainment,0,1,0,0,30-40,True,5.173469387755102,19,2,12,0.2
15,3,Kelly Monaco,False,0.9,1.263721415490738,0.16666666666666674,0.725,0.01178511301977575,0.0,1.0,0.09712230215827339,0.09712230215827339,percentage_based,Entertainment,0,1,0,0,30-40,True,5.173469387755102,19,3,11,0.3
15,4,Kelly Monaco,False,0.9375,0.55679546770334,0.03749999999999998,0.7833333333333333,0.10137937550497035,0.25,3.0,0.1166407465007776,0.1166407465007776,percentage_based,Entertainment,0,1,0,0,30-40,True,5.173469387755102,19,4,9,0.4
15,5,Kelly Monaco,False,0.8583333333333333,-1.738617932146682,-0.07916666666666672,0.821875,0.11310920444256352,0.14433756729740646,8.0,0.11586051743532058,0.11586051743532058,percentage_based,Entertainment,0,1,0,0,30-40,True,5.173469387755102,19,5,8,0.5
15,6,Kelly Monaco,False,0.9,-0.900102874778871,0.04166666666666674,0.8291666666666666,0.09930312739844153,0.0,7.0,0.11946902654867257,0.11946902654867257,percentage_based,Entertainment,0,1,0,0,30-40,True,5.173469387755102,19,6,8,0.6
15,7,Kelly Monaco,False,1.0,0.3779644730092285,0.09999999999999998,0.8409722222222222,0.09340832800527338,0.0,3.0,0.14876076087823395,0.14876076087823395,percentage_based,Entertainment,0,1,0,0,30-40,True,5.173469387755102,19,7,7,0.7
15,8,Kelly Monaco,False,0.9444433333333334,-0.09083504783071521,-0.05555666666666659,0.8636904761904762,0.10432527607206811,0.09624428987391091,5.0,0.1421801970519487,0.1421801970519487,percentage_based,Entertainment,0,1,0,0,30-40,True,5.173469387755102,19,8,7,0.8
15,9,Kelly Monaco,False,0.9037,-0.9921433884750147,-0.040743333333333465,0.8737845833333333,0.10071776358413091,0.27964189600272704,4.0,0.19227700484469112,0.19227700484469112,percentage_based,Entertainment,0,1,0,0,30-40,True,5.173469387755102,19,9,5,0.9
15,10,Kelly Monaco,False,0.9703633333333334,-0.09501278876584926,0.06666333333333341,0.8771085185185186,0.09473909604673819,0.06414361490696664,2.0,0.3331212530739241,0.3331212530739241,percentage_based,Entertainment,0,1,0,0,30-40,True,5.173469387755102,19,10,3,1.0
15,1,Kirstie Alley,False,0.6333333333333333,-1.1368951043835083,0.0,,0.0,0.28867513459481287,12.0,0.06871609403254973,0.06871609403254973,percentage_based,Entertainment,0,1,0,0,60+,True,5.9941176470588236,17,1,13,0.1
15,2,Kirstie Alley,False,0.7,-0.9154754164341279,0.06666666666666665,0.6333333333333333,0.0,0.0,11.0,0.07608695652173914,0.07608695652173914,percentage_based,Entertainment,0,1,0,0,60+,True,5.9941176470588236,17,2,12,0.2
15,3,Kirstie Alley,False,0.8,-0.9311631482563355,0.10000000000000009,0.6666666666666666,0.04714045207910316,0.0,9.0,0.08633093525179857,0.08633093525179857,percentage_based,Entertainment,0,1,0,0,60+,True,5.9941176470588236,17,3,11,0.3
15,4,Kirstie Alley,False,0.75,-1.7921854116701221,-0.050000000000000044,0.7111111111111111,0.08388704928078614,0.0,9.0,0.09331259720062209,0.09331259720062209,percentage_based,Entertainment,0,1,0,0,60+,True,5.9941176470588236,17,4,9,0.4
15,5,Kirstie Alley,False,0.875,-1.3106504411567277,0.125,0.7208333333333333,0.07120003121097944,0.0,7.0,0.11811023622047244,0.11811023622047244,percentage_based,Entertainment,0,1,0,0,60+,True,5.9941176470588236,17,5,8,0.5
15,6,Kirstie Alley,False,0.9166666666666666,-0.5400617248673245,0.04166666666666663,0.7516666666666667,0.09249624617007739,0.5773502691896257,5.0,0.12168141592920353,0.12168141592920353,percentage_based,Entertainment,0,1,0,0,60+,True,5.9941176470588236,17,6,8,0.6
15,7,Kirstie Alley,False,0.9333299999999999,-2.267786838055362,0.016663333333333252,0.7791666666666667,0.10668619612885465,0.0,7.0,0.11570240079206841,0.11570240079206841,percentage_based,Entertainment,0,1,0,0,60+,True,5.9941176470588236,17,7,7,0.7
15,8,Kirstie Alley,True,0.85,-1.998640392669632,-0.0833299999999999,0.80119,0.11349072288729803,0.0,7.0,0.127962327890669,0.127962327890669,percentage_based,Entertainment,0,1,0,0,60+,True,5.9941176470588236,17,8,7,0.8
15,9,Kirstie Alley,False,,,0.0,0.80729125,0.10647969570123206,0.0,6.0,0.0,0.0,percentage_based,Entertainment,0,1,0,0,60+,True,5.9941176470588236,17,9,5,0.9
15,10,Kirstie Alley,False,,,0.0,0.80729125,0.10647969570123206,0.0,4.0,0.0,0.0,percentage_based,Entertainment,0,1,0,0,60+,True,5.9941176470588236,17,10,3,1.0
15,1,Melissa Rycroft,False,0.7,-0.13488585984211224,0.0,,0.0,0.0,9.0,0.0759493670886076,0.0759493670886076,percentage_based,Media,0,0,0,0,20-30,True,7.702830188679245,21,1,13,0.1
15,2,Melissa Rycroft,False,0.7833333333333333,0.22886885410853083,0.08333333333333337,0.7,0.0,0.28867513459481287,5.0,0.08514492753623189,0.08514492753623189,percentage_based,Media,0,0,0,0,20-30,True,7.702830188679245,21,2,12,0.2
15,3,Melissa Rycroft,False,0.9,1.263721415490738,0.1166666666666667,0.7416666666666667,0.058925565098878946,0.0,1.0,0.09712230215827339,0.09712230215827339,percentage_based,Media,0,0,0,0,20-30,True,7.702830188679245,21,3,11,0.3
15,4,Melissa Rycroft,False,0.925,0.4001967424117764,0.025000000000000022,0.7944444444444444,0.10046189622236178,0.28867513459481287,4.0,0.1150855365474339,0.1150855365474339,percentage_based,Media,0,0,0,0,20-30,True,7.702830188679245,21,4,9,0.4
15,5,Melissa Rycroft,False,0.9416666666666667,0.40121952280308376,0.016666666666666607,0.8270833333333334,0.10483121354507602,0.14433756729740646,2.0,0.12710911136107986,0.12710911136107986,percentage_based,Media,0,0,0,0,20-30,True,7.702830188679245,21,5,8,0.5
15,6,Melissa Rycroft,False,0.9833333333333333,0.9001028747788662,0.04166666666666663,0.85,0.10424996669330666,0.2886751345948129,3.0,0.13053097345132744,0.13053097345132744,percentage_based,Media,0,0,0,0,20-30,True,7.702830188679245,21,6,8,0.6
15,7,Melissa Rycroft,False,1.0,0.3779644730092285,0.01666666666666672,0.8722222222222222,0.10796947442405838,0.2886751345948129,1.0,0.16115707772708435,0.16115707772708435,percentage_based,Media,0,0,0,0,20-30,True,7.702830188679245,21,7,7,0.7
15,8,Melissa Rycroft,False,1.0,1.0314390383031269,0.0,0.8904761904761905,0.10975863370121579,0.0,1.0,0.15054391516549293,0.15054391516549293,percentage_based,Media,0,0,0,0,20-30,True,7.702830188679245,21,8,7,0.8
15,9,Melissa Rycroft,False,0.9592566666666666,0.5264025236701086,-0.040743333333333354,0.9041666666666667,0.10874464044446888,0.16033016975395872,2.0,0.20409759737077451,0.20409759737077451,percentage_based,Media,0,0,0,0,20-30,True,7.702830188679245,21,9,5,0.9
15,10,Melissa Rycroft,False,0.9777699999999999,1.0441153585600578,0.01851333333333327,0.9102877777777777,0.10336553697114588,0.0,1.0,0.33566392755094215,0.33566392755094215,percentage_based,Media,0,0,0,0,20-30,True,7.702830188679245,21,10,3,1.0
15,1,Pamela Anderson,True,0.5666666666666667,-2.1389043489249047,0.0,,0.0,0.28867513459481287,13.0,0.06148282097649186,0.06148282097649186,percentage_based,Fashion,0,0,0,0,40-50,False,9.607843137254902,5,1,13,0.1
15,2,Pamela Anderson,False,,,0.0,0.5666666666666667,0.0,0.0,13.0,0.0,0.0,percentage_based,Fashion,0,0,0,0,40-50,False,9.607843137254902,5,2,12,0.2
15,3,Pamela Anderson,False,,,0.0,0.5666666666666667,0.0,0.0,12.0,0.0,0.0,percentage_based,Fashion,0,0,0,0,40-50,False,9.607843137254902,5,3,11,0.3
15,4,Pamela Anderson,False,,,0.0,0.5666666666666667,0.0,0.0,10.0,0.0,0.0,percentage_based,Fashion,0,0,0,0,40-50,False,9.607843137254902,5,4,9,0.4
15,5,Pamela Anderson,False,,,0.0,0.5666666666666667,0.0,0.0,9.0,0.0,0.0,percentage_based,Fashion,0,0,0,0,40-50,False,9.607843137254902,5,5,8,0.5
15,6,Pamela Anderson,False,,,0.0,0.5666666666666667,0.0,0.0,9.0,0.0,0.0,percentage_based,Fashion,0,0,0,0,40-50,False,9.607843137254902,5,6,8,0.6
15,7,Pamela Anderson,False,,,0.0,0.5666666666666667,0.0,0.0,8.0,0.0,0.0,percentage_based,Fashion,0,0,0,0,40-50,False,9.607843137254902,5,7,7,0.7
15,8,Pamela Anderson,False,,,0.0,0.5666666666666667,0.0,0.0,8.0,0.0,0.0,percentage_based,Fashion,0,0,0,0,40-50,False,9.607843137254902,5,8,7,0.8
15,9,Pamela Anderson,False,,,0.0,0.5666666666666667,0.0,0.0,6.0,0.0,0.0,percentage_based,Fashion,0,0,0,0,40-50,False,9.607843137254902,5,9,5,0.9
15,10,Pamela Anderson,False,,,0.0,0.5666666666666667,0.0,0.0,4.0,0.0,0.0,percentage_based,Fashion,0,0,0,0,40-50,False,9.607843137254902,5,10,3,1.0
15,1,Sabrina Bryan,False,0.75,0.6166210735639357,0.0,,0.0,0.0,3.0,0.081374321880651,0.081374321880651,percentage_based,Entertainment,0,1,0,0,20-30,True,7.114285714285714,11,1,13,0.1
15,2,Sabrina Bryan,False,0.8666666666666667,1.3732131246511896,0.1166666666666667,0.75,0.0,0.2886751345948129,1.0,0.09420289855072464,0.09420289855072464,percentage_based,Entertainment,0,1,0,0,20-30,True,7.114285714285714,11,2,12,0.2
15,3,Sabrina Bryan,False,0.85,0.16627913361719998,-0.01666666666666672,0.8083333333333333,0.08249579113843056,0.0,4.0,0.09172661870503597,0.09172661870503597,percentage_based,Entertainment,0,1,0,0,20-30,True,7.114285714285714,11,3,11,0.3
15,4,Sabrina Bryan,False,0.8875,-0.06959943346291715,0.03749999999999998,0.8222222222222223,0.06309898162000305,0.25,6.0,0.1104199066874028,0.1104199066874028,percentage_based,Entertainment,0,1,0,0,20-30,True,7.114285714285714,11,4,9,0.4
15,5,Sabrina Bryan,False,0.975,1.2571545047829895,0.08750000000000002,0.8385416666666666,0.060988671534601864,0.0,1.0,0.13160854893138357,0.13160854893138357,percentage_based,Entertainment,0,1,0,0,20-30,True,7.114285714285714,11,5,8,0.5
15,6,Sabrina Bryan,True,1.0,1.260144024690415,0.025000000000000022,0.8658333333333333,0.08070866675202167,0.0,1.0,0.13274336283185842,0.13274336283185842,percentage_based,Entertainment,0,1,0,0,20-30,True,7.114285714285714,11,6,8,0.6
15,7,Sabrina Bryan,False,,,0.0,0.8881944444444444,0.0906158200969999,0.0,8.0,0.0,0.0,percentage_based,Entertainment,0,1,0,0,20-30,True,7.114285714285714,11,7,7,0.7
15,8,Sabrina Bryan,False,,,0.0,0.8881944444444444,0.0906158200969999,0.0,8.0,0.0,0.0,percentage_based,Entertainment,0,1,0,0,20-30,True,7.114285714285714,11,8,7,0.8
15,9,Sabrina Bryan,False,,,0.0,0.8881944444444444,0.0906158200969999,0.0,6.0,0.0,0.0,percentage_based,Entertainment,0,1,0,0,20-30,True,7.114285714285714,11,9,5,0.9
15,10,Sabrina Bryan,False,,,0.0,0.8881944444444444,0.0906158200969999,0.0,4.0,0.0,0.0,percentage_based,Entertainment,0,1,0,0,20-30,True,7.114285714285714,11,10,3,1.0
15,1,Shawn Johnson,False,0.7333333333333333,0.3661187624285858,0.0,,0.0,0.7637626158259734,4.0,0.07956600361663653,0.07956600361663653,percentage_based,Sports,0,0,0,0,Under 20,True,2.954285714285714,17,1,13,0.1
15,2,Shawn Johnson,False,0.8333333333333334,0.9154754164341264,0.10000000000000009,0.7333333333333333,0.0,0.2886751345948129,3.0,0.09057971014492754,0.09057971014492754,percentage_based,Sports,0,0,0,0,Under 20,True,2.954285714285714,17,2,12,0.2
15,3,Shawn Johnson,False,0.8833333333333333,0.8979073215328911,0.04999999999999993,0.7833333333333333,0.07071067811865482,0.7637626158259733,3.0,0.09532374100719425,0.09532374100719425,percentage_based,Sports,0,0,0,0,Under 20,True,2.954285714285714,17,3,11,0.3
15,4,Shawn Johnson,False,0.9875,1.183190368869597,0.10416666666666674,0.8166666666666668,0.07637626158259735,0.25,1.0,0.12286158631415241,0.12286158631415241,percentage_based,Sports,0,0,0,0,Under 20,True,2.954285714285714,17,4,9,0.4
15,5,Shawn Johnson,False,0.9416666666666667,0.40121952280308376,-0.04583333333333339,0.859375,0.1057586678874755,0.5204164998665332,2.0,0.12710911136107986,0.12710911136107986,percentage_based,Sports,0,0,0,0,Under 20,True,2.954285714285714,17,5,8,0.5
15,6,Shawn Johnson,False,0.9333333333333333,-0.18002057495577564,-0.008333333333333304,0.8758333333333332,0.09870691746557361,0.7637626158259733,4.0,0.12389380530973451,0.12389380530973451,percentage_based,Sports,0,0,0,0,Under 20,True,2.954285714285714,17,6,8,0.6
15,7,Shawn Johnson,False,1.0,0.3779644730092285,0.06666666666666665,0.8854166666666666,0.0913536321725147,0.0,2.0,0.15702442114501985,0.15702442114501985,percentage_based,Sports,0,0,0,0,Under 20,True,2.954285714285714,17,7,7,0.7
15,8,Shawn Johnson,False,0.9277766666666667,-0.42751054016102275,-0.0722233333333333,0.9017857142857143,0.09396910023482082,0.8552853110707174,6.0,0.13967113179919047,0.13967113179919047,percentage_based,Sports,0,0,0,0,Under 20,True,2.954285714285714,17,8,7,0.8
15,9,Shawn Johnson,False,0.9833333333333333,1.1844967891902505,0.05555666666666659,0.9050345833333333,0.08748243839978981,0.2886751345948129,1.0,0.20922030330560984,0.20922030330560984,percentage_based,Sports,0,0,0,0,Under 20,True,2.954285714285714,17,9,5,0.9
15,10,Shawn Johnson,False,0.9648100000000001,-0.9491025697941915,-0.018523333333333225,0.9137344444444445,0.0858936444098165,0.1397712774499823,3.0,0.33121481937513375,0.33121481937513375,percentage_based,Sports,0,0,0,0,Under 20,True,2.954285714285714,17,10,3,1.0
16,1,Alexandra Raisman,False,0.7,0.6524867449207978,0.0,,0.0,0.0,2.0,0.09170305676855896,0.09170305676855896,percentage_based,Sports,0,0,0,0,Under 20,True,5.134883720930232,21,1,12,0.1
16,2,Alexandra Raisman,False,0.8,0.9973807251555498,0.10000000000000009,0.7,0.0,0.0,3.0,0.09836065573770492,0.09836065573770492,percentage_based,Sports,0,0,0,0,Under 20,True,5.134883720930232,21,2,12,0.2
16,3,Alexandra Raisman,False,0.7666666666666667,0.43342946766740553,-0.033333333333333326,0.75,0.07071067811865482,0.5773502691896258,4.0,0.09787250701703322,0.09787250701703322,percentage_based,Sports,0,0,0,0,Under 20,True,5.134883720930232,21,3,11,0.3
16,4,Alexandra Raisman,False,0.9,1.3911742714910074,0.1333333333333333,0.7555555555555555,0.050917507721731606,0.0,1.0,0.12053571428571429,0.12053571428571429,percentage_based,Sports,0,0,0,0,Under 20,True,5.134883720930232,21,4,10,0.4
16,5,Alexandra Raisman,False,0.8333333333333334,0.4523674291626509,-0.06666666666666665,0.7916666666666667,0.08333333333333338,0.5773502691896257,4.0,0.11961722488038277,0.11961722488038277,percentage_based,Sports,0,0,0,0,Under 20,True,5.134883720930232,21,5,9,0.5
16,6,Alexandra Raisman,False,0.8666666666666667,1.0169026055089592,0.033333333333333326,0.8,0.07453559924999303,0.2886751345948129,2.0,0.13793103448275862,0.13793103448275862,percentage_based,Sports,0,0,0,0,Under 20,True,5.134883720930232,21,6,8,0.6
16,7,Alexandra Raisman,False,1.0,0.8660254037844392,0.1333333333333333,0.8111111111111112,0.07200822998230962,0.5773502691896257,1.0,0.17391304347826086,0.17391304347826086,percentage_based,Sports,0,0,0,0,Under 20,True,5.134883720930232,21,7,7,0.7
16,8,Alexandra Raisman,False,0.9333333333333333,0.7006347824187034,-0.06666666666666665,0.8380952380952381,0.09704632614370018,0.2886751345948129,2.0,0.18006430868167203,0.18006430868167203,percentage_based,Sports,0,0,0,0,Under 20,True,5.134883720930232,21,8,6,0.8
16,9,Alexandra Raisman,False,0.9833333333333333,0.7568892626614547,0.04999999999999993,0.85,0.09594972228385662,0.2886751345948129,1.0,0.20921985815602837,0.20921985815602837,percentage_based,Sports,0,0,0,0,Under 20,True,5.134883720930232,21,9,5,0.9
16,10,Alexandra Raisman,True,0.9666666666666667,-0.2610785049940764,-0.016666666666666607,0.8648148148148148,0.10015420209622194,0.2886751345948129,3.0,0.24786345971235874,0.24786345971235874,percentage_based,Sports,0,0,0,0,Under 20,True,5.134883720930232,21,10,4,1.0
16,1,Andy Dick,False,0.5666666666666667,-0.709224722739995,0.0,,0.0,0.5773502691896258,11.0,0.07423580786026202,0.07423580786026202,percentage_based,Entertainment,0,1,0,0,40-50,True,6.717391304347826,14,1,12,0.1
16,2,Andy Dick,False,0.6666666666666666,-0.09067097501414048,0.09999999999999998,0.5666666666666667,0.0,0.5773502691896258,5.0,0.08196721311475409,0.08196721311475409,percentage_based,Entertainment,0,1,0,0,40-50,True,6.717391304347826,14,2,12,0.2
16,3,Andy Dick,False,0.6,-0.8909089204632601,-0.06666666666666665,0.6166666666666667,0.0707106781186547,0.0,9.0,0.07659587505680861,0.07659587505680861,percentage_based,Entertainment,0,1,0,0,40-50,True,6.717391304347826,14,3,11,0.3
16,4,Andy Dick,False,0.7,-0.4234008652363943,0.09999999999999998,0.611111111111111,0.05091750772173152,0.0,6.0,0.09375,0.09375,percentage_based,Entertainment,0,1,0,0,40-50,True,6.717391304347826,14,4,10,0.4
16,5,Andy Dick,False,0.6,-1.3288293231652881,-0.09999999999999998,0.6333333333333333,0.060858061945018416,0.0,8.0,0.0861244019138756,0.0861244019138756,percentage_based,Entertainment,0,1,0,0,40-50,True,6.717391304347826,14,5,9,0.5
16,6,Andy Dick,False,0.7166666666666667,-0.8604560508152724,0.1166666666666667,0.6266666666666667,0.05477225575051658,0.28867513459481287,7.0,0.11405835543766578,0.11405835543766578,percentage_based,Entertainment,0,1,0,0,40-50,True,6.717391304347826,14,6,8,0.6
16,7,Andy Dick,True,0.5666666666666667,-1.9485571585149866,-0.15000000000000002,0.6416666666666666,0.06123724356957944,0.5773502691896258,7.0,0.09239130434782608,0.09239130434782608,percentage_based,Entertainment,0,1,0,0,40-50,True,6.717391304347826,14,7,7,0.7
16,8,Andy Dick,False,,,0.0,0.6309523809523808,0.06267831705280086,0.0,7.0,0.0,0.0,percentage_based,Entertainment,0,1,0,0,40-50,True,6.717391304347826,14,8,6,0.8
16,9,Andy Dick,False,,,0.0,0.6309523809523808,0.06267831705280086,0.0,6.0,0.0,0.0,percentage_based,Entertainment,0,1,0,0,40-50,True,6.717391304347826,14,9,5,0.9
16,10,Andy Dick,False,,,0.0,0.6309523809523808,0.06267831705280086,0.0,5.0,0.0,0.0,percentage_based,Entertainment,0,1,0,0,40-50,True,6.717391304347826,14,10,4,1.0
16,1,D. L. Hughley,False,0.4,-2.411364057315986,0.0,,0.0,0.0,12.0,0.05240174672489083,0.05240174672489083,percentage_based,Entertainment,0,1,0,0,40-50,True,5.853754940711463,25,1,12,0.1
16,2,D. L. Hughley,False,0.5333333333333333,-1.1787226751838298,0.1333333333333333,0.4,0.0,0.5773502691896258,11.0,0.06557377049180328,0.06557377049180328,percentage_based,Entertainment,0,1,0,0,40-50,True,5.853754940711463,25,2,12,0.2
16,3,D. L. Hughley,False,0.5333333333333333,-1.420644275715526,0.0,0.4666666666666667,0.09428090415820632,0.5773502691896258,10.0,0.06808522227271877,0.06808522227271877,percentage_based,Entertainment,0,1,0,0,40-50,True,5.853754940711463,25,3,11,0.3
16,4,D. L. Hughley,False,0.7,-0.4234008652363943,0.16666666666666663,0.48888888888888893,0.07698003589195009,0.0,6.0,0.09375,0.09375,percentage_based,Entertainment,0,1,0,0,40-50,True,5.853754940711463,25,4,10,0.4
16,5,D. L. Hughley,True,0.6,-1.3288293231652881,-0.09999999999999998,0.5416666666666666,0.12285191326386655,0.0,8.0,0.0861244019138756,0.0861244019138756,percentage_based,Entertainment,0,1,0,0,40-50,True,5.853754940711463,25,5,9,0.5
16,6,D. L. Hughley,False,,,0.0,0.5533333333333333,0.10954451150103321,0.0,9.0,0.0,0.0,percentage_based,Entertainment,0,1,0,0,40-50,True,5.853754940711463,25,6,8,0.6
16,7,D. L. Hughley,False,,,0.0,0.5533333333333333,0.10954451150103321,0.0,8.0,0.0,0.0,percentage_based,Entertainment,0,1,0,0,40-50,True,5.853754940711463,25,7,7,0.7
16,8,D. L. Hughley,False,,,0.0,0.5533333333333333,0.10954451150103321,0.0,7.0,0.0,0.0,percentage_based,Entertainment,0,1,0,0,40-50,True,5.853754940711463,25,8,6,0.8
16,9,D. L. Hughley,False,,,0.0,0.5533333333333333,0.10954451150103321,0.0,6.0,0.0,0.0,percentage_based,Entertainment,0,1,0,0,40-50,True,5.853754940711463,25,9,5,0.9
16,10,D. L. Hughley,False,,,0.0,0.5533333333333333,0.10954451150103321,0.0,5.0,0.0,0.0,percentage_based,Entertainment,0,1,0,0,40-50,True,5.853754940711463,25,10,4,1.0
16,1,Dorothy Hamill,False,0.7,0.6524867449207978,0.0,,0.0,0.0,2.0,0.09170305676855896,0.09170305676855896,percentage_based,Sports,0,0,0,0,50-60,True,9.607843137254902,5,1,12,0.1
16,2,Dorothy Hamill,False,0.5,-1.4507356002262521,-0.19999999999999996,0.7,0.0,0.0,12.0,0.06147540983606557,0.06147540983606557,percentage_based,Sports,0,0,0,0,50-60,True,9.607843137254902,5,2,12,0.2
16,3,Dorothy Hamill,False,,,0.0,0.6,0.14142135623730948,0.0,12.0,0.0,0.0,percentage_based,Sports,0,0,0,0,50-60,True,9.607843137254902,5,3,11,0.3
16,4,Dorothy Hamill,False,,,0.0,0.6,0.14142135623730948,0.0,11.0,0.0,0.0,percentage_based,Sports,0,0,0,0,50-60,True,9.607843137254902,5,4,10,0.4
16,5,Dorothy Hamill,False,,,0.0,0.6,0.14142135623730948,0.0,10.0,0.0,0.0,percentage_based,Sports,0,0,0,0,50-60,True,9.607843137254902,5,5,9,0.5
16,6,Dorothy Hamill,False,,,0.0,0.6,0.14142135623730948,0.0,9.0,0.0,0.0,percentage_based,Sports,0,0,0,0,50-60,True,9.607843137254902,5,6,8,0.6
16,7,Dorothy Hamill,False,,,0.0,0.6,0.14142135623730948,0.0,8.0,0.0,0.0,percentage_based,Sports,0,0,0,0,50-60,True,9.607843137254902,5,7,7,0.7
16,8,Dorothy Hamill,False,,,0.0,0.6,0.14142135623730948,0.0,7.0,0.0,0.0,percentage_based,Sports,0,0,0,0,50-60,True,9.607843137254902,5,8,6,0.8
16,9,Dorothy Hamill,False,,,0.0,0.6,0.14142135623730948,0.0,6.0,0.0,0.0,percentage_based,Sports,0,0,0,0,50-60,True,9.607843137254902,5,9,5,0.9
16,10,Dorothy Hamill,False,,,0.0,0.6,0.14142135623730948,0.0,5.0,0.0,0.0,percentage_based,Sports,0,0,0,0,50-60,True,9.607843137254902,5,10,4,1.0
16,1,Ingo Rademacher,False,0.6666666666666666,0.31205887800559956,0.0,,0.0,0.5773502691896258,5.0,0.08733624454148471,0.08733624454148471,percentage_based,Entertainment,0,1,0,0,40-50,False,6.163120567375887,14,1,12,0.1
16,2,Ingo Rademacher,False,0.6666666666666666,-0.09067097501414048,0.0,0.6666666666666666,0.0,0.5773502691896258,5.0,0.08196721311475409,0.08196721311475409,percentage_based,Entertainment,0,1,0,0,40-50,False,6.163120567375887,14,2,12,0.2
16,3,Ingo Rademacher,False,0.7,-0.09630588758486124,0.033333333333333326,0.6666666666666666,0.0,0.0,6.0,0.08936185423294338,0.08936185423294338,percentage_based,Entertainment,0,1,0,0,40-50,False,6.163120567375887,14,3,11,0.3
16,4,Ingo Rademacher,False,0.7666666666666667,0.18145751367274027,0.06666666666666676,0.6777777777777777,0.01924500897298754,0.5773502691896258,5.0,0.10267857142857142,0.10267857142857142,percentage_based,Entertainment,0,1,0,0,40-50,False,6.163120567375887,14,4,10,0.4
16,5,Ingo Rademacher,False,0.7,-0.5654592864533147,-0.06666666666666676,0.7,0.04714045207910323,0.0,6.0,0.10047846889952153,0.10047846889952153,percentage_based,Entertainment,0,1,0,0,40-50,False,6.163120567375887,14,5,9,0.5
16,6,Ingo Rademacher,False,0.7666666666666667,-0.23466983204052808,0.06666666666666676,0.7,0.04082482904638635,0.28867513459481287,4.0,0.1220159151193634,0.1220159151193634,percentage_based,Entertainment,0,1,0,0,40-50,False,6.163120567375887,14,6,8,0.6
16,7,Ingo Rademacher,False,0.8333333333333334,-0.2165063509461089,0.06666666666666665,0.7111111111111111,0.04554200340426495,0.5773502691896257,5.0,0.1358695652173913,0.1358695652173913,percentage_based,Entertainment,0,1,0,0,40-50,False,6.163120567375887,14,7,7,0.7
16,8,Ingo Rademacher,False,0.8,-0.6445839998252072,-0.033333333333333326,0.7285714285714285,0.06214848238238704,0.0,5.0,0.15434083601286175,0.15434083601286175,percentage_based,Entertainment,0,1,0,0,40-50,False,6.163120567375887,14,8,6,0.8
16,9,Ingo Rademacher,True,0.85,-1.5720007762968728,0.04999999999999993,0.7375,0.06283639628760315,0.0,5.0,0.18085106382978725,0.18085106382978725,percentage_based,Entertainment,0,1,0,0,40-50,False,6.163120567375887,14,9,5,0.9
16,10,Ingo Rademacher,False,,,0.0,0.75,0.0697216688778397,0.0,5.0,0.0,0.0,percentage_based,Entertainment,0,1,0,0,40-50,False,6.163120567375887,14,10,4,1.0
16,1,Jacoby Jones,False,0.6666666666666666,0.31205887800559956,0.0,,0.0,0.5773502691896258,5.0,0.08733624454148471,0.08733624454148471,percentage_based,Sports,0,0,0,0,20-30,True,6.711956521739131,18,1,12,0.1
16,2,Jacoby Jones,False,0.7666666666666667,0.7253678001131274,0.10000000000000009,0.6666666666666666,0.0,0.5773502691896258,4.0,0.0942622950819672,0.0942622950819672,percentage_based,Sports,0,0,0,0,20-30,True,6.711956521739131,18,2,12,0.2
16,3,Jacoby Jones,False,0.86666,1.2279795270102787,0.09999333333333327,0.7166666666666667,0.07071067811865482,0.0,1.0,0.11063763512788959,0.11063763512788959,percentage_based,Sports,0,0,0,0,20-30,True,6.711956521739131,18,3,11,0.3
16,4,Jacoby Jones,False,0.8,0.483886703127307,-0.06665999999999994,0.7666644444444444,0.09999666668518581,0.0,4.0,0.10714285714285714,0.10714285714285714,percentage_based,Sports,0,0,0,0,20-30,True,6.711956521739131,18,4,10,0.4
16,5,Jacoby Jones,False,0.8666666666666667,0.7068241080666421,0.06666666666666665,0.7749983333333333,0.08333088891970461,0.5773502691896257,3.0,0.12440191387559808,0.12440191387559808,percentage_based,Sports,0,0,0,0,20-30,True,6.711956521739131,18,5,9,0.5
16,6,Jacoby Jones,False,0.75,-0.4432652382987767,-0.1166666666666667,0.793332,0.08299785812497412,0.0,6.0,0.11936339522546419,0.11936339522546419,percentage_based,Sports,0,0,0,0,20-30,True,6.711956521739131,18,6,8,0.6
16,7,Jacoby Jones,False,0.9,0.21650635094611034,0.15000000000000002,0.78611,0.0763142140539144,0.0,4.0,0.14673913043478262,0.14673913043478262,percentage_based,Sports,0,0,0,0,20-30,True,6.711956521739131,18,7,7,0.7
16,8,Jacoby Jones,False,0.8666666666666667,0.028025391296748043,-0.033333333333333326,0.8023800000000001,0.08189143029374657,0.2886751345948129,4.0,0.16720257234726688,0.16720257234726688,percentage_based,Sports,0,0,0,0,20-30,True,6.711956521739131,18,8,6,0.8
16,9,Jacoby Jones,False,0.9833333333333333,0.7568892626614547,0.11666666666666659,0.8104158333333333,0.07915032416281921,0.2886751345948129,1.0,0.20921985815602837,0.20921985815602837,percentage_based,Sports,0,0,0,0,20-30,True,6.711956521739131,18,9,5,0.9
16,10,Jacoby Jones,False,0.9333299999999999,-1.3056014086627548,-0.0500033333333334,0.8296288888888889,0.09382936972090462,0.0,4.0,0.2393155891586232,0.2393155891586232,percentage_based,Sports,0,0,0,0,20-30,True,6.711956521739131,18,10,4,1.0
16,1,Kellie Pickler,False,0.7,0.6524867449207978,0.0,,0.0,0.0,2.0,0.09170305676855896,0.09170305676855896,percentage_based,Music,0,0,0,0,20-30,True,2.954285714285714,17,1,12,0.1
16,2,Kellie Pickler,False,0.8666666666666667,1.5414065752403945,0.16666666666666674,0.7,0.0,0.5773502691896257,1.0,0.10655737704918032,0.10655737704918032,percentage_based,Music,0,0,0,0,20-30,True,2.954285714285714,17,2,12,0.2
16,3,Kellie Pickler,False,0.8333333333333334,0.9631648229196714,-0.033333333333333326,0.7833333333333333,0.11785113019775798,0.5773502691896257,3.0,0.10638315980112308,0.10638315980112308,percentage_based,Music,0,0,0,0,20-30,True,2.954285714285714,17,3,11,0.3
16,4,Kellie Pickler,False,0.8666666666666667,1.0887450820364406,0.033333333333333326,0.7999999999999999,0.08819171036881973,0.5773502691896257,2.0,0.11607142857142858,0.11607142857142858,percentage_based,Music,0,0,0,0,20-30,True,2.954285714285714,17,4,10,0.4
16,5,Kellie Pickler,False,0.9,0.9612807869706332,0.033333333333333326,0.8166666666666667,0.07934920476158726,0.0,2.0,0.1291866028708134,0.1291866028708134,percentage_based,Music,0,0,0,0,20-30,True,2.954285714285714,17,5,9,0.5
16,6,Kellie Pickler,False,0.9,1.434093418025455,0.0,0.8333333333333334,0.07817359599705719,0.5,1.0,0.14323607427055704,0.14323607427055704,percentage_based,Music,0,0,0,0,20-30,True,2.954285714285714,17,6,8,0.6
16,7,Kellie Pickler,False,0.9666666666666667,0.6495190528383296,0.06666666666666665,0.8444444444444444,0.07503085784948506,0.5773502691896257,3.0,0.15760869565217392,0.15760869565217392,percentage_based,Music,0,0,0,0,20-30,True,2.954285714285714,17,7,7,0.7
16,8,Kellie Pickler,False,0.9166666666666666,0.532482434638214,-0.050000000000000044,0.8619047619047618,0.08261595987094036,1.0408329997330665,3.0,0.17684887459807075,0.17684887459807075,percentage_based,Music,0,0,0,0,20-30,True,2.954285714285714,17,8,6,0.8
16,9,Kellie Pickler,False,0.9666666666666667,0.4657780077916647,0.050000000000000044,0.86875,0.07889992656966427,0.2886751345948129,3.0,0.20567375886524822,0.20567375886524822,percentage_based,Music,0,0,0,0,20-30,True,2.954285714285714,17,9,5,0.9
16,10,Kellie Pickler,False,1.0,0.7833399568284156,0.033333333333333326,0.8796296296296297,0.0806991058129664,0.0,1.0,0.256410475564509,0.256410475564509,percentage_based,Music,0,0,0,0,20-30,True,2.954285714285714,17,10,4,1.0
16,1,Lisa Vanderpump,False,0.6,-0.3687968558247968,0.0,,0.0,0.0,8.0,0.07860262008733625,0.07860262008733625,percentage_based,Media,0,0,0,0,50-60,False,8.448818897637794,13,1,12,0.1
16,2,Lisa Vanderpump,False,0.6,-0.6346968250989852,0.0,0.6,0.0,0.0,8.0,0.07377049180327869,0.07377049180327869,percentage_based,Media,0,0,0,0,50-60,False,8.448818897637794,13,2,12,0.2
16,3,Lisa Vanderpump,False,0.7,-0.09630588758486124,0.09999999999999998,0.6,0.0,0.0,6.0,0.08936185423294338,0.08936185423294338,percentage_based,Media,0,0,0,0,50-60,False,8.448818897637794,13,3,11,0.3
16,4,Lisa Vanderpump,True,0.6,-1.3306884336000946,-0.09999999999999998,0.6333333333333333,0.05773502691896256,0.0,9.0,0.08035714285714286,0.08035714285714286,percentage_based,Media,0,0,0,0,50-60,False,8.448818897637794,13,4,10,0.4
16,5,Lisa Vanderpump,False,,,0.0,0.625,0.04999999999999999,0.0,10.0,0.0,0.0,percentage_based,Media,0,0,0,0,50-60,False,8.448818897637794,13,5,9,0.5
16,6,Lisa Vanderpump,False,,,0.0,0.625,0.04999999999999999,0.0,9.0,0.0,0.0,percentage_based,Media,0,0,0,0,50-60,False,8.448818897637794,13,6,8,0.6
16,7,Lisa Vanderpump,False,,,0.0,0.625,0.04999999999999999,0.0,8.0,0.0,0.0,percentage_based,Media,0,0,0,0,50-60,False,8.448818897637794,13,7,7,0.7
16,8,Lisa Vanderpump,False,,,0.0,0.625,0.04999999999999999,0.0,7.0,0.0,0.0,percentage_based,Media,0,0,0,0,50-60,False,8.448818897637794,13,8,6,0.8
16,9,Lisa Vanderpump,False,,,0.0,0.625,0.04999999999999999,0.0,6.0,0.0,0.0,percentage_based,Media,0,0,0,0,50-60,False,8.448818897637794,13,9,5,0.9
16,10,Lisa Vanderpump,False,,,0.0,0.625,0.04999999999999999,0.0,5.0,0.0,0.0,percentage_based,Media,0,0,0,0,50-60,False,8.448818897637794,13,10,4,1.0
16,1,Sean Lowe,False,0.6333333333333333,-0.028368988909598623,0.0,,0.0,0.5773502691896258,7.0,0.08296943231441048,0.08296943231441048,percentage_based,Media,0,0,0,0,20-30,True,7.419354838709677,15,1,12,0.1
16,2,Sean Lowe,False,0.6666666666666666,-0.09067097501414048,0.033333333333333326,0.6333333333333333,0.0,0.5773502691896258,5.0,0.08196721311475409,0.08196721311475409,percentage_based,Media,0,0,0,0,20-30,True,7.419354838709677,15,2,12,0.2
16,3,Sean Lowe,False,0.7,-0.09630588758486124,0.033333333333333326,0.6499999999999999,0.02357022603955162,0.0,6.0,0.08936185423294338,0.08936185423294338,percentage_based,Media,0,0,0,0,20-30,True,7.419354838709677,15,3,11,0.3
16,4,Sean Lowe,False,0.6666666666666666,-0.7258300546909611,-0.033333333333333326,0.6666666666666666,0.033333333333333354,0.5773502691896258,8.0,0.08928571428571429,0.08928571428571429,percentage_based,Media,0,0,0,0,20-30,True,7.419354838709677,15,4,10,0.4
16,5,Sean Lowe,False,0.8,0.1979107502586597,0.13333333333333341,0.6666666666666666,0.027216552697590886,0.0,5.0,0.11483253588516747,0.11483253588516747,percentage_based,Media,0,0,0,0,20-30,True,7.419354838709677,15,5,9,0.5
16,6,Sean Lowe,False,0.7666666666666667,-0.23466983204052808,-0.033333333333333326,0.6933333333333334,0.06411794687223785,0.28867513459481287,4.0,0.1220159151193634,0.1220159151193634,percentage_based,Media,0,0,0,0,20-30,True,7.419354838709677,15,6,8,0.6
16,7,Sean Lowe,False,0.8,-0.4330127018922185,0.033333333333333326,0.7055555555555556,0.06469300723559841,0.0,6.0,0.13043478260869565,0.13043478260869565,percentage_based,Media,0,0,0,0,20-30,True,7.419354838709677,15,7,7,0.7
16,8,Sean Lowe,True,0.7,-1.6534980865081412,-0.10000000000000009,0.719047619047619,0.06900655593423545,0.0,6.0,0.13504823151125403,0.13504823151125403,percentage_based,Media,0,0,0,0,20-30,True,7.419354838709677,15,8,6,0.8
16,9,Sean Lowe,False,,,0.0,0.7166666666666667,0.06424160744396214,0.0,6.0,0.0,0.0,percentage_based,Media,0,0,0,0,20-30,True,7.419354838709677,15,9,5,0.9
16,10,Sean Lowe,False,,,0.0,0.7166666666666667,0.06424160744396214,0.0,5.0,0.0,0.0,percentage_based,Media,0,0,0,0,20-30,True,7.419354838709677,15,10,4,1.0
16,1,Victor Ortiz,False,0.6,-0.3687968558247968,0.0,,0.0,0.0,8.0,0.07860262008733625,0.07860262008733625,percentage_based,Sports,0,0,0,0,20-30,True,5.135416666666667,10,1,12,0.1
16,2,Victor Ortiz,False,0.6,-0.6346968250989852,0.0,0.6,0.0,0.0,8.0,0.07377049180327869,0.07377049180327869,percentage_based,Sports,0,0,0,0,20-30,True,5.135416666666667,10,2,12,0.2
16,3,Victor Ortiz,False,0.7666666666666667,0.43342946766740553,0.16666666666666674,0.6,0.0,0.5773502691896258,4.0,0.09787250701703322,0.09787250701703322,percentage_based,Sports,0,0,0,0,20-30,True,5.135416666666667,10,3,11,0.3
16,4,Victor Ortiz,False,0.6,-1.3306884336000946,-0.16666666666666674,0.6555555555555556,0.09622504486493767,0.0,9.0,0.08035714285714286,0.08035714285714286,percentage_based,Sports,0,0,0,0,20-30,True,5.135416666666667,10,4,10,0.4
16,5,Victor Ortiz,False,0.7,-0.5654592864533147,0.09999999999999998,0.6416666666666666,0.08333333333333337,0.0,6.0,0.10047846889952153,0.10047846889952153,percentage_based,Sports,0,0,0,0,20-30,True,5.135416666666667,10,5,9,0.5
16,6,Victor Ortiz,True,0.6666666666666666,-1.4862422695900168,-0.033333333333333326,0.6533333333333333,0.07673909622147561,0.28867513459481287,8.0,0.10610079575596817,0.10610079575596817,percentage_based,Sports,0,0,0,0,20-30,True,5.135416666666667,10,6,8,0.6
16,7,Victor Ortiz,False,,,0.0,0.6555555555555556,0.06885303726590965,0.0,8.0,0.0,0.0,percentage_based,Sports,0,0,0,0,20-30,True,5.135416666666667,10,7,7,0.7
16,8,Victor Ortiz,False,,,0.0,0.6555555555555556,0.06885303726590965,0.0,7.0,0.0,0.0,percentage_based,Sports,0,0,0,0,20-30,True,5.135416666666667,10,8,6,0.8
16,9,Victor Ortiz,False,,,0.0,0.6555555555555556,0.06885303726590965,0.0,6.0,0.0,0.0,percentage_based,Sports,0,0,0,0,20-30,True,5.135416666666667,10,9,5,0.9
16,10,Victor Ortiz,False,,,0.0,0.6555555555555556,0.06885303726590965,0.0,5.0,0.0,0.0,percentage_based,Sports,0,0,0,0,20-30,True,5.135416666666667,10,10,4,1.0
16,1,Wynonna Judd,False,0.6,-0.3687968558247968,0.0,,0.0,0.0,8.0,0.07860262008733625,0.07860262008733625,percentage_based,Music,0,0,0,0,40-50,True,7.702830188679245,21,1,12,0.1
16,2,Wynonna Judd,False,0.6,-0.6346968250989852,0.0,0.6,0.0,0.0,8.0,0.07377049180327869,0.07377049180327869,percentage_based,Music,0,0,0,0,40-50,True,7.702830188679245,21,2,12,0.2
16,3,Wynonna Judd,True,0.5,-1.685511953341659,-0.09999999999999998,0.6,0.0,0.0,11.0,0.06382989588067384,0.06382989588067384,percentage_based,Music,0,0,0,0,40-50,True,7.702830188679245,21,3,11,0.3
16,4,Wynonna Judd,False,,,0.0,0.5666666666666667,0.05773502691896256,0.0,11.0,0.0,0.0,percentage_based,Music,0,0,0,0,40-50,True,7.702830188679245,21,4,10,0.4
16,5,Wynonna Judd,False,,,0.0,0.5666666666666667,0.05773502691896256,0.0,10.0,0.0,0.0,percentage_based,Music,0,0,0,0,40-50,True,7.702830188679245,21,5,9,0.5
16,6,Wynonna Judd,False,,,0.0,0.5666666666666667,0.05773502691896256,0.0,9.0,0.0,0.0,percentage_based,Music,0,0,0,0,40-50,True,7.702830188679245,21,6,8,0.6
16,7,Wynonna Judd,False,,,0.0,0.5666666666666667,0.05773502691896256,0.0,8.0,0.0,0.0,percentage_based,Music,0,0,0,0,40-50,True,7.702830188679245,21,7,7,0.7
16,8,Wynonna Judd,False,,,0.0,0.5666666666666667,0.05773502691896256,0.0,7.0,0.0,0.0,percentage_based,Music,0,0,0,0,40-50,True,7.702830188679245,21,8,6,0.8
16,9,Wynonna Judd,False,,,0.0,0.5666666666666667,0.05773502691896256,0.0,6.0,0.0,0.0,percentage_based,Music,0,0,0,0,40-50,True,7.702830188679245,21,9,5,0.9
16,10,Wynonna Judd,False,,,0.0,0.5666666666666667,0.05773502691896256,0.0,5.0,0.0,0.0,percentage_based,Music,0,0,0,0,40-50,True,7.702830188679245,21,10,4,1.0
16,1,Zendaya,False,0.8,1.6737703456663935,0.0,,0.0,0.0,1.0,0.10480349344978165,0.10480349344978165,percentage_based,Entertainment,0,1,0,0,Under 20,True,5.173469387755102,19,1,12,0.1
16,2,Zendaya,False,0.8666666666666667,1.5414065752403945,0.06666666666666665,0.8,0.0,0.5773502691896257,1.0,0.10655737704918032,0.10655737704918032,percentage_based,Entertainment,0,1,0,0,Under 20,True,5.173469387755102,19,2,12,0.2
16,3,Zendaya,False,0.86666,1.2279795270102787,-6.666666666710341e-06,0.8333333333333334,0.04714045207910316,0.0,1.0,0.11063763512788959,0.11063763512788959,percentage_based,Entertainment,0,1,0,0,Under 20,True,5.173469387755102,19,3,11,0.3
16,4,Zendaya,False,0.8666666666666667,1.0887450820364406,6.666666666710341e-06,0.8444422222222222,0.038488093589422526,0.5773502691896257,2.0,0.11607142857142858,0.11607142857142858,percentage_based,Entertainment,0,1,0,0,Under 20,True,5.173469387755102,19,4,10,0.4
16,5,Zendaya,False,0.9666666666666667,1.4701941447786155,0.09999999999999998,0.8499983333333334,0.03333222237037531,0.5773502691896257,1.0,0.13875598086124402,0.13875598086124402,percentage_based,Entertainment,0,1,0,0,Under 20,True,5.173469387755102,19,5,9,0.5
16,6,Zendaya,False,0.85,0.8083071992507106,-0.1166666666666667,0.8733320000000001,0.05962866581323674,0.0,3.0,0.13527851458885942,0.13527851458885942,percentage_based,Entertainment,0,1,0,0,Under 20,True,5.173469387755102,19,6,8,0.6
16,7,Zendaya,False,1.0,0.8660254037844392,0.15000000000000002,0.8694433333333333,0.054177417804838215,0.0,2.0,0.16304347826086957,0.16304347826086957,percentage_based,Entertainment,0,1,0,0,Under 20,True,5.173469387755102,19,7,7,0.7
16,8,Zendaya,False,0.9666666666666667,1.036939477979681,-0.033333333333333326,0.8880942857142857,0.06986415394427394,0.2886751345948129,1.0,0.1864951768488746,0.1864951768488746,percentage_based,Entertainment,0,1,0,0,Under 20,True,5.173469387755102,19,8,6,0.8
16,9,Zendaya,False,0.9166666666666666,-0.40755575681770906,-0.050000000000000044,0.8979158333333334,0.07039472048543287,0.2886751345948129,4.0,0.1950354609929078,0.1950354609929078,percentage_based,Entertainment,0,1,0,0,Under 20,True,5.173469387755102,19,9,5,0.9
16,10,Zendaya,False,1.0,0.7833399568284156,0.08333333333333337,0.8999992592592593,0.06614420277313672,0.0,1.0,0.256410475564509,0.256410475564509,percentage_based,Entertainment,0,1,0,0,Under 20,True,5.173469387755102,19,10,4,1.0
17,1,Amber Riley,False,0.9,1.6076544546414364,0.0,,0.0,0.0,1.0,0.10546875,0.10546875,percentage_based,Entertainment,0,1,0,0,20-30,True,2.954285714285714,17,1,12,0.09090909090909091
17,2,Amber Riley,False,0.8,0.603043283841047,-0.09999999999999998,0.9,0.0,0.0,4.0,0.09022556390977443,0.09022556390977443,percentage_based,Entertainment,0,1,0,0,20-30,True,2.954285714285714,17,2,12,0.18181818181818182
17,3,Amber Riley,False,0.8,0.215882591796413,0.0,0.8500000000000001,0.07071067811865478,0.0,6.0,0.09411764705882353,0.09411764705882353,percentage_based,Entertainment,0,1,0,0,20-30,True,2.954285714285714,17,3,11,0.2727272727272727
17,4,Amber Riley,False,0.9,1.1061625132040855,0.09999999999999998,0.8333333333333334,0.057735026918962595,0.0,1.0,0.11392405063291139,0.11392405063291139,percentage_based,Entertainment,0,1,0,0,20-30,True,2.954285714285714,17,4,10,0.36363636363636365
17,5,Amber Riley,False,0.8666666666666667,-0.05654592864533231,-0.033333333333333326,0.8500000000000001,0.05773502691896258,1.5275252316519468,6.0,0.11063829787234042,0.11063829787234042,percentage_based,Entertainment,0,1,0,0,20-30,True,2.954285714285714,17,5,9,0.45454545454545453
17,6,Amber Riley,False,1.0,0.7999622258296055,0.1333333333333333,0.8533333333333333,0.050552502960343665,1.1547005383792515,1.0,0.13852818537899697,0.13852818537899697,percentage_based,Entertainment,0,1,0,0,20-30,True,2.954285714285714,17,6,8,0.5454545454545454
17,7,Amber Riley,False,0.9833333333333333,1.1473505296660074,-0.01666666666666672,0.8777777777777778,0.07503085784948503,0.2886751345948129,1.0,0.13318284424379231,0.13318284424379231,percentage_based,Entertainment,0,1,0,0,20-30,True,2.954285714285714,17,7,8,0.6363636363636364
17,8,Amber Riley,False,0.9333333333333333,0.2485479064004792,-0.04999999999999993,0.8928571428571429,0.07926581093427848,0.5773502691896257,3.0,0.14583333333333334,0.14583333333333334,percentage_based,Entertainment,0,1,0,0,20-30,True,2.954285714285714,17,8,7,0.7272727272727273
17,9,Amber Riley,False,0.85,-0.2655803369236918,-0.08333333333333337,0.8979166666666667,0.07476816018719316,0.0,5.0,0.1619047619047619,0.1619047619047619,percentage_based,Entertainment,0,1,0,0,20-30,True,2.954285714285714,17,9,6,0.8181818181818182
17,10,Amber Riley,False,0.9875,1.1817578957375034,0.13750000000000007,0.8925925925925926,0.07173984205636087,0.25,1.0,0.2257142857142857,0.2257142857142857,percentage_based,Entertainment,0,1,0,0,20-30,True,2.954285714285714,17,10,5,0.9090909090909091
17,11,Amber Riley,False,1.0,0.830762470203723,0.012499999999999956,0.9020833333333333,0.07399663197206936,0.0,1.0,0.273653835740624,0.273653835740624,percentage_based,Entertainment,0,1,0,0,20-30,True,2.954285714285714,17,11,4,1.0
17,1,Bill Engvall,False,0.6,-0.9456790909655513,0.0,,0.0,0.0,10.0,0.0703125,0.0703125,percentage_based,Entertainment,0,1,0,0,50-60,True,7.7924528301886795,16,1,12,0.09090909090909091
17,2,Bill Engvall,False,0.7,-0.38375481698975616,0.09999999999999998,0.6,0.0,0.0,8.0,0.07894736842105263,0.07894736842105263,percentage_based,Entertainment,0,1,0,0,50-60,True,7.7924528301886795,16,2,12,0.18181818181818182
17,3,Bill Engvall,False,0.8,0.215882591796413,0.10000000000000009,0.6499999999999999,0.07071067811865478,0.0,6.0,0.09411764705882353,0.09411764705882353,percentage_based,Entertainment,0,1,0,0,50-60,True,7.7924528301886795,16,3,11,0.2727272727272727
17,4,Bill Engvall,False,0.7,-0.9050420562578871,-0.10000000000000009,0.7000000000000001,0.10000000000000007,0.0,8.0,0.08860759493670886,0.08860759493670886,percentage_based,Entertainment,0,1,0,0,50-60,True,7.7924528301886795,16,4,10,0.36363636363636365
17,5,Bill Engvall,False,0.8,-1.074372644261297,0.10000000000000009,0.7,0.08164965809277266,0.0,8.0,0.10212765957446808,0.10212765957446808,percentage_based,Entertainment,0,1,0,0,50-60,True,7.7924528301886795,16,5,9,0.45454545454545453
17,6,Bill Engvall,False,0.7999966666666667,-1.9427131650208405,-3.3333333333551707e-06,0.72,0.08366600265340762,0.5773502691896252,8.0,0.10389603080876471,0.10389603080876471,percentage_based,Entertainment,0,1,0,0,50-60,True,7.7924528301886795,16,6,8,0.5454545454545454
17,7,Bill Engvall,False,0.8333333333333334,-1.7012438888151125,0.03333666666666668,0.7333327777777777,0.08164911377124458,0.2886751345948129,8.0,0.11286681715575621,0.11286681715575621,percentage_based,Entertainment,0,1,0,0,50-60,True,7.7924528301886795,16,7,8,0.6363636363636364
17,8,Bill Engvall,False,0.8,-1.491287438402881,-0.033333333333333326,0.7476185714285715,0.08357074119963336,0.0,7.0,0.125,0.125,percentage_based,Entertainment,0,1,0,0,50-60,True,7.7924528301886795,16,8,7,0.7272727272727273
17,9,Bill Engvall,False,0.7,-1.8590623584658414,-0.10000000000000009,0.75416625,0.07955703256130366,0.0,6.0,0.13333333333333333,0.13333333333333333,percentage_based,Entertainment,0,1,0,0,50-60,True,7.7924528301886795,16,9,6,0.8181818181818182
17,10,Bill Engvall,False,0.75,-1.3130643285972254,0.050000000000000044,0.7481477777777779,0.07657776650061186,0.0,5.0,0.17142857142857143,0.17142857142857143,percentage_based,Entertainment,0,1,0,0,50-60,True,7.7924528301886795,16,10,5,0.9090909090909091
17,11,Bill Engvall,True,0.8499966666666665,-1.3574866399041376,0.09999666666666651,0.748333,0.07220058651056198,0.2886751345948129,4.0,0.2227077172456799,0.2227077172456799,percentage_based,Entertainment,0,1,0,0,50-60,True,7.7924528301886795,16,11,4,1.0
17,1,Bill Nye,False,0.4666666666666667,-2.080494000124212,0.0,,0.0,0.5773502691896258,12.0,0.0546875,0.0546875,percentage_based,Media,0,0,0,0,50-60,True,11.0,1,1,12,0.09090909090909091
17,2,Bill Nye,False,0.5666666666666667,-1.6994856180974922,0.09999999999999998,0.4666666666666667,0.0,0.5773502691896258,12.0,0.06390977443609022,0.06390977443609022,percentage_based,Media,0,0,0,0,50-60,True,11.0,1,2,12,0.18181818181818182
17,3,Bill Nye,True,0.5333333333333333,-1.8949694168796207,-0.033333333333333326,0.5166666666666666,0.07071067811865478,0.5773502691896258,10.0,0.06274509803921569,0.06274509803921569,percentage_based,Media,0,0,0,0,50-60,True,11.0,1,3,11,0.2727272727272727
17,4,Bill Nye,False,,,0.0,0.5222222222222223,0.05091750772173158,0.0,11.0,0.0,0.0,percentage_based,Media,0,0,0,0,50-60,True,11.0,1,4,10,0.36363636363636365
17,5,Bill Nye,False,,,0.0,0.5222222222222223,0.05091750772173158,0.0,10.0,0.0,0.0,percentage_based,Media,0,0,0,0,50-60,True,11.0,1,5,9,0.45454545454545453
17,6,Bill Nye,False,,,0.0,0.5222222222222223,0.05091750772173158,0.0,9.0,0.0,0.0,percentage_based,Media,0,0,0,0,50-60,True,11.0,1,6,8,0.5454545454545454
17,7,Bill Nye,False,,,0.0,0.5222222222222223,0.05091750772173158,0.0,9.0,0.0,0.0,percentage_based,Media,0,0,0,0,50-60,True,11.0,1,7,8,0.6363636363636364
17,8,Bill Nye,False,,,0.0,0.5222222222222223,0.05091750772173158,0.0,8.0,0.0,0.0,percentage_based,Media,0,0,0,0,50-60,True,11.0,1,8,7,0.7272727272727273
17,9,Bill Nye,False,,,0.0,0.5222222222222223,0.05091750772173158,0.0,7.0,0.0,0.0,percentage_based,Media,0,0,0,0,50-60,True,11.0,1,9,6,0.8181818181818182
17,10,Bill Nye,False,,,0.0,0.5222222222222223,0.05091750772173158,0.0,6.0,0.0,0.0,percentage_based,Media,0,0,0,0,50-60,True,11.0,1,10,5,0.9090909090909091
17,11,Bill Nye,False,,,0.0,0.5222222222222223,0.05091750772173158,0.0,5.0,0.0,0.0,percentage_based,Media,0,0,0,0,50-60,True,11.0,1,11,4,1.0
17,1,Brant Daugherty,False,0.7333333333333333,0.1891358181931095,0.0,,0.0,0.5773502691896258,6.0,0.0859375,0.0859375,percentage_based,Entertainment,0,1,0,0,20-30,True,7.419354838709677,15,1,12,0.09090909090909091
17,2,Brant Daugherty,False,0.7666666666666667,0.27411058356411294,0.03333333333333344,0.7333333333333333,0.0,0.5773502691896258,7.0,0.08646616541353383,0.08646616541353383,percentage_based,Entertainment,0,1,0,0,20-30,True,7.419354838709677,15,2,12,0.18181818181818182
17,3,Brant Daugherty,False,0.9,1.0074520950499253,0.1333333333333333,0.75,0.023570226039551657,0.0,1.0,0.10588235294117647,0.10588235294117647,percentage_based,Entertainment,0,1,0,0,20-30,True,7.419354838709677,15,3,11,0.2727272727272727
17,4,Brant Daugherty,False,0.7,-0.9050420562578871,-0.20000000000000007,0.7999999999999999,0.08819171036881969,0.0,8.0,0.08860759493670886,0.08860759493670886,percentage_based,Entertainment,0,1,0,0,20-30,True,7.419354838709677,15,4,10,0.36363636363636365
17,5,Brant Daugherty,False,0.9,0.45236742916265005,0.20000000000000007,0.775,0.08766518798921948,0.0,3.0,0.1148936170212766,0.1148936170212766,percentage_based,Entertainment,0,1,0,0,20-30,True,7.419354838709677,15,5,9,0.45454545454545453
17,6,Brant Daugherty,False,1.0,0.7999622258296055,0.09999999999999998,0.8,0.09428090415820635,0.5773502691896257,3.0,0.13419959895965008,0.13419959895965008,percentage_based,Entertainment,0,1,0,0,20-30,True,7.419354838709677,15,6,8,0.5454545454545454
17,7,Brant Daugherty,False,0.95,0.5143295477813139,-0.050000000000000044,0.8333333333333334,0.11737877907772673,0.0,3.0,0.12866817155756208,0.12866817155756208,percentage_based,Entertainment,0,1,0,0,20-30,True,7.419354838709677,15,7,8,0.6363636363636364
17,8,Brant Daugherty,True,0.9,-0.18641092980036084,-0.04999999999999993,0.85,0.11587029785896782,0.0,5.0,0.140625,0.140625,percentage_based,Entertainment,0,1,0,0,20-30,True,7.419354838709677,15,8,7,0.7272727272727273
17,9,Brant Daugherty,False,,,0.0,0.85625,0.10872183087097323,0.0,7.0,0.0,0.0,percentage_based,Entertainment,0,1,0,0,20-30,True,7.419354838709677,15,9,6,0.8181818181818182
17,10,Brant Daugherty,False,,,0.0,0.85625,0.10872183087097323,0.0,6.0,0.0,0.0,percentage_based,Entertainment,0,1,0,0,20-30,True,7.419354838709677,15,10,5,0.9090909090909091
17,11,Brant Daugherty,False,,,0.0,0.85625,0.10872183087097323,0.0,5.0,0.0,0.0,percentage_based,Entertainment,0,1,0,0,20-30,True,7.419354838709677,15,11,4,1.0
17,1,Christina Milian,False,0.7333333333333333,0.1891358181931095,0.0,,0.0,0.5773502691896258,6.0,0.0859375,0.0859375,percentage_based,Music,0,0,0,0,30-40,True,5.134883720930232,21,1,12,0.09090909090909091
17,2,Christina Milian,False,0.8333333333333334,0.931975984117981,0.10000000000000009,0.7333333333333333,0.0,0.5773502691896257,2.0,0.09398496240601503,0.09398496240601503,percentage_based,Music,0,0,0,0,30-40,True,5.134883720930232,21,2,12,0.18181818181818182
17,3,Christina Milian,False,0.8666666666666667,0.7435955939654212,0.033333333333333326,0.7833333333333333,0.07071067811865482,0.5773502691896257,2.0,0.10196078431372549,0.10196078431372549,percentage_based,Music,0,0,0,0,30-40,True,5.134883720930232,21,3,11,0.2727272727272727
17,4,Christina Milian,False,0.8,0.10056022847309981,-0.06666666666666665,0.8111111111111112,0.06938886664887113,0.0,4.0,0.10126582278481013,0.10126582278481013,percentage_based,Music,0,0,0,0,30-40,True,5.134883720930232,21,4,10,0.36363636363636365
17,5,Christina Milian,True,0.9333333333333333,0.9612807869706324,0.1333333333333333,0.8083333333333333,0.05692750425533114,0.5773502691896257,1.0,0.11914893617021277,0.11914893617021277,percentage_based,Music,0,0,0,0,30-40,True,5.134883720930232,21,5,9,0.45454545454545453
17,6,Christina Milian,False,,,0.0,0.8333333333333334,0.074535599249993,0.0,9.0,0.0,0.0,percentage_based,Music,0,0,0,0,30-40,True,5.134883720930232,21,6,8,0.5454545454545454
17,7,Christina Milian,False,,,0.0,0.8333333333333334,0.074535599249993,0.0,9.0,0.0,0.0,percentage_based,Music,0,0,0,0,30-40,True,5.134883720930232,21,7,8,0.6363636363636364
17,8,Christina Milian,False,,,0.0,0.8333333333333334,0.074535599249993,0.0,8.0,0.0,0.0,percentage_based,Music,0,0,0,0,30-40,True,5.134883720930232,21,8,7,0.7272727272727273
17,9,Christina Milian,False,,,0.0,0.8333333333333334,0.074535599249993,0.0,7.0,0.0,0.0,percentage_based,Music,0,0,0,0,30-40,True,5.134883720930232,21,9,6,0.8181818181818182
17,10,Christina Milian,False,,,0.0,0.8333333333333334,0.074535599249993,0.0,6.0,0.0,0.0,percentage_based,Music,0,0,0,0,30-40,True,5.134883720930232,21,10,5,0.9090909090909091
17,11,Christina Milian,False,,,0.0,0.8333333333333334,0.074535599249993,0.0,5.0,0.0,0.0,percentage_based,Music,0,0,0,0,30-40,True,5.134883720930232,21,11,4,1.0
17,1,Corbin Bleu,False,0.8,0.7565432727724408,0.0,,0.0,0.0,2.0,0.09375,0.09375,percentage_based,Entertainment,0,1,0,0,20-30,True,6.711956521739131,18,1,12,0.09090909090909091
17,2,Corbin Bleu,False,0.8666666666666667,1.2609086843949149,0.06666666666666665,0.8,0.0,0.5773502691896257,1.0,0.09774436090225563,0.09774436090225563,percentage_based,Entertainment,0,1,0,0,20-30,True,6.711956521739131,18,2,12,0.18181818181818182
17,3,Corbin Bleu,False,0.8666666666666667,0.7435955939654212,0.0,0.8333333333333334,0.04714045207910316,0.5773502691896257,2.0,0.10196078431372549,0.10196078431372549,percentage_based,Entertainment,0,1,0,0,20-30,True,6.711956521739131,18,3,11,0.2727272727272727
17,4,Corbin Bleu,False,0.9,1.1061625132040855,0.033333333333333326,0.8444444444444444,0.03849001794597505,0.0,1.0,0.11392405063291139,0.11392405063291139,percentage_based,Entertainment,0,1,0,0,20-30,True,6.711956521739131,18,4,10,0.36363636363636365
17,5,Corbin Bleu,False,0.9333333333333333,0.9612807869706324,0.033333333333333326,0.8583333333333334,0.041943524640393054,0.5773502691896257,1.0,0.11914893617021277,0.11914893617021277,percentage_based,Entertainment,0,1,0,0,20-30,True,6.711956521739131,18,5,9,0.45454545454545453
17,6,Corbin Bleu,False,0.8999966666666666,-0.5713983248429555,-0.03333666666666679,0.8733333333333334,0.0494413232473044,0.5773502691896257,6.0,0.1168830887726018,0.1168830887726018,percentage_based,Entertainment,0,1,0,0,20-30,True,6.711956521739131,18,6,8,0.5454545454545454
17,7,Corbin Bleu,False,0.9833333333333333,1.1473505296660074,0.08333666666666673,0.8777772222222223,0.04554167812341014,0.2886751345948129,1.0,0.13318284424379231,0.13318284424379231,percentage_based,Entertainment,0,1,0,0,20-30,True,6.711956521739131,18,7,8,0.6363636363636364
17,8,Corbin Bleu,False,1.0,1.1184655788021594,0.01666666666666672,0.8928566666666666,0.05762029056838556,0.0,1.0,0.15625,0.15625,percentage_based,Entertainment,0,1,0,0,20-30,True,6.711956521739131,18,8,7,0.7272727272727273
17,9,Corbin Bleu,False,0.9666666666666667,0.9737945687202025,-0.033333333333333326,0.9062495833333333,0.06542751655094214,0.2886751345948129,1.0,0.18412698412698414,0.18412698412698414,percentage_based,Entertainment,0,1,0,0,20-30,True,6.711956521739131,18,9,6,0.8181818181818182
17,10,Corbin Bleu,False,0.9375,0.6565321642986127,-0.029166666666666674,0.9129625925925926,0.06443015886682989,0.25,2.0,0.21428571428571427,0.21428571428571427,percentage_based,Entertainment,0,1,0,0,20-30,True,6.711956521739131,18,10,5,0.9090909090909091
17,11,Corbin Bleu,False,0.98888,0.6685438743654121,0.05137999999999998,0.9154163333333333,0.061238911829806106,0.0,2.0,0.2590965542177514,0.2590965542177514,percentage_based,Entertainment,0,1,0,0,20-30,True,6.711956521739131,18,11,4,1.0
17,1,Elizabeth Berkley Lauren,False,0.8,0.7565432727724408,0.0,,0.0,0.0,2.0,0.09375,0.09375,percentage_based,Entertainment,0,1,0,0,30-40,True,5.173469387755102,19,1,12,0.09090909090909091
17,2,Elizabeth Berkley Lauren,False,0.8333333333333334,0.931975984117981,0.033333333333333326,0.8,0.0,0.5773502691896257,2.0,0.09398496240601503,0.09398496240601503,percentage_based,Entertainment,0,1,0,0,30-40,True,5.173469387755102,19,2,12,0.18181818181818182
17,3,Elizabeth Berkley Lauren,False,0.8333333333333334,0.4797390928809171,0.0,0.8166666666666667,0.02357022603955162,0.5773502691896257,4.0,0.09803921568627451,0.09803921568627451,percentage_based,Entertainment,0,1,0,0,30-40,True,5.173469387755102,19,3,11,0.2727272727272727
17,4,Elizabeth Berkley Lauren,False,0.9,1.1061625132040855,0.06666666666666665,0.8222222222222223,0.01924500897298757,0.0,1.0,0.11392405063291139,0.11392405063291139,percentage_based,Entertainment,0,1,0,0,30-40,True,5.173469387755102,19,4,10,0.36363636363636365
17,5,Elizabeth Berkley Lauren,False,0.8666666666666667,-0.05654592864533231,-0.033333333333333326,0.8416666666666667,0.04194352464039308,0.5773502691896257,6.0,0.11063829787234042,0.11063829787234042,percentage_based,Entertainment,0,1,0,0,30-40,True,5.173469387755102,19,5,9,0.45454545454545453
17,6,Elizabeth Berkley Lauren,False,1.0,0.7999622258296055,0.1333333333333333,0.8466666666666667,0.03800584750330463,0.0,2.0,0.13852775247706486,0.13852775247706486,percentage_based,Entertainment,0,1,0,0,30-40,True,5.173469387755102,19,6,8,0.5454545454545454
17,7,Elizabeth Berkley Lauren,False,0.9,-0.43520192504572536,-0.09999999999999998,0.8722222222222222,0.07123253522144271,0.0,5.0,0.12189616252821671,0.12189616252821671,percentage_based,Entertainment,0,1,0,0,30-40,True,5.173469387755102,19,7,8,0.6363636363636364
17,8,Elizabeth Berkley Lauren,False,0.8333333333333334,-1.0563286022020408,-0.06666666666666665,0.8761904761904763,0.0658682346706236,0.5773502691896257,6.0,0.13020833333333334,0.13020833333333334,percentage_based,Entertainment,0,1,0,0,30-40,True,5.173469387755102,19,8,7,0.7272727272727273
17,9,Elizabeth Berkley Lauren,True,0.9333333333333333,0.6196874528219471,0.09999999999999998,0.8708333333333333,0.06283639628760308,0.2886751345948129,2.0,0.17777777777777778,0.17777777777777778,percentage_based,Entertainment,0,1,0,0,30-40,True,5.173469387755102,19,9,6,0.8181818181818182
17,10,Elizabeth Berkley Lauren,False,,,0.0,0.8777777777777778,0.062360956446232366,0.0,6.0,0.0,0.0,percentage_based,Entertainment,0,1,0,0,30-40,True,5.173469387755102,19,10,5,0.9090909090909091
17,11,Elizabeth Berkley Lauren,False,,,0.0,0.8777777777777778,0.062360956446232366,0.0,5.0,0.0,0.0,percentage_based,Entertainment,0,1,0,0,30-40,True,5.173469387755102,19,11,4,1.0
17,1,Jack Osbourne,False,0.7666666666666667,0.4728395454827756,0.0,,0.0,0.5773502691896258,4.0,0.08984375,0.08984375,percentage_based,Media,0,0,0,0,20-30,False,5.853754940711463,25,1,12,0.09090909090909091
17,2,Jack Osbourne,False,0.8,0.603043283841047,0.033333333333333326,0.7666666666666667,0.0,0.0,4.0,0.09022556390977443,0.09022556390977443,percentage_based,Media,0,0,0,0,20-30,False,5.853754940711463,25,2,12,0.18181818181818182
17,3,Jack Osbourne,False,0.7333333333333333,-0.31183041037259607,-0.06666666666666676,0.7833333333333334,0.02357022603955154,0.5773502691896258,9.0,0.08627450980392157,0.08627450980392157,percentage_based,Media,0,0,0,0,20-30,False,5.853754940711463,25,3,11,0.2727272727272727
17,4,Jack Osbourne,False,0.8,0.10056022847309981,0.06666666666666676,0.7666666666666666,0.033333333333333395,0.0,4.0,0.10126582278481013,0.10126582278481013,percentage_based,Media,0,0,0,0,20-30,False,5.853754940711463,25,4,10,0.36363636363636365
17,5,Jack Osbourne,False,0.9,0.45236742916265005,0.09999999999999998,0.775,0.031914236925211316,0.0,3.0,0.1148936170212766,0.1148936170212766,percentage_based,Media,0,0,0,0,20-30,False,5.853754940711463,25,5,9,0.45454545454545453
17,6,Jack Osbourne,False,0.8999933333333333,-0.5714440353376268,-6.666666666710341e-06,0.8,0.06236095644623237,0.5773502691896258,7.0,0.11688265587066968,0.11688265587066968,percentage_based,Media,0,0,0,0,20-30,False,5.853754940711463,25,6,8,0.5454545454545454
17,7,Jack Osbourne,False,0.95,0.5143295477813139,0.050006666666666644,0.8166655555555556,0.06911986373657693,0.5,3.0,0.12866817155756208,0.12866817155756208,percentage_based,Media,0,0,0,0,20-30,False,5.853754940711463,25,7,8,0.6363636363636364
17,8,Jack Osbourne,False,1.0,1.1184655788021594,0.050000000000000044,0.8357133333333334,0.08075284001427052,0.0,1.0,0.15625,0.15625,percentage_based,Media,0,0,0,0,20-30,False,5.853754940711463,25,8,7,0.7272727272727273
17,9,Jack Osbourne,False,0.9,0.2655803369236918,-0.09999999999999998,0.8562491666666667,0.09467423262438347,0.0,3.0,0.17142857142857143,0.17142857142857143,percentage_based,Media,0,0,0,0,20-30,False,5.853754940711463,25,9,6,0.8181818181818182
17,10,Jack Osbourne,False,0.8875,0.13130643285972207,-0.012500000000000067,0.8611103703703704,0.08975238573809063,0.25,3.0,0.20285714285714285,0.20285714285714285,percentage_based,Media,0,0,0,0,20-30,False,5.853754940711463,25,10,5,0.9090909090909091
17,11,Jack Osbourne,False,0.9333299999999999,-0.14181970466499894,0.045829999999999926,0.8637493333333334,0.0850298622460383,0.0,3.0,0.2445418927959448,0.2445418927959448,percentage_based,Media,0,0,0,0,20-30,False,5.853754940711463,25,11,4,1.0
17,1,Keyshawn Johnson,False,0.5666666666666667,-1.2293828182552164,0.0,,0.0,0.5773502691896258,11.0,0.06640625,0.06640625,percentage_based,Sports,0,0,0,0,40-50,True,6.717391304347826,14,1,12,0.09090909090909091
17,2,Keyshawn Johnson,True,0.6,-1.3705529178205582,0.033333333333333326,0.5666666666666667,0.0,0.0,11.0,0.06766917293233082,0.06766917293233082,percentage_based,Sports,0,0,0,0,40-50,True,6.717391304347826,14,2,12,0.18181818181818182
17,3,Keyshawn Johnson,False,,,0.0,0.5833333333333333,0.02357022603955162,0.0,12.0,0.0,0.0,percentage_based,Sports,0,0,0,0,40-50,True,6.717391304347826,14,3,11,0.2727272727272727
17,4,Keyshawn Johnson,False,,,0.0,0.5833333333333333,0.02357022603955162,0.0,11.0,0.0,0.0,percentage_based,Sports,0,0,0,0,40-50,True,6.717391304347826,14,4,10,0.36363636363636365
17,5,Keyshawn Johnson,False,,,0.0,0.5833333333333333,0.02357022603955162,0.0,10.0,0.0,0.0,percentage_based,Sports,0,0,0,0,40-50,True,6.717391304347826,14,5,9,0.45454545454545453
17,6,Keyshawn Johnson,False,,,0.0,0.5833333333333333,0.02357022603955162,0.0,9.0,0.0,0.0,percentage_based,Sports,0,0,0,0,40-50,True,6.717391304347826,14,6,8,0.5454545454545454
17,7,Keyshawn Johnson,False,,,0.0,0.5833333333333333,0.02357022603955162,0.0,9.0,0.0,0.0,percentage_based,Sports,0,0,0,0,40-50,True,6.717391304347826,14,7,8,0.6363636363636364
17,8,Keyshawn Johnson,False,,,0.0,0.5833333333333333,0.02357022603955162,0.0,8.0,0.0,0.0,percentage_based,Sports,0,0,0,0,40-50,True,6.717391304347826,14,8,7,0.7272727272727273
17,9,Keyshawn Johnson,False,,,0.0,0.5833333333333333,0.02357022603955162,0.0,7.0,0.0,0.0,percentage_based,Sports,0,0,0,0,40-50,True,6.717391304347826,14,9,6,0.8181818181818182
17,10,Keyshawn Johnson,False,,,0.0,0.5833333333333333,0.02357022603955162,0.0,6.0,0.0,0.0,percentage_based,Sports,0,0,0,0,40-50,True,6.717391304347826,14,10,5,0.9090909090909091
17,11,Keyshawn Johnson,False,,,0.0,0.5833333333333333,0.02357022603955162,0.0,5.0,0.0,0.0,percentage_based,Sports,0,0,0,0,40-50,True,6.717391304347826,14,11,4,1.0
17,1,Leah Remini,False,0.7,-0.0945679090965557,0.0,,0.0,0.0,8.0,0.08203125,0.08203125,percentage_based,Entertainment,0,1,0,0,40-50,True,7.702830188679245,21,1,12,0.09090909090909091
17,2,Leah Remini,False,0.8,0.603043283841047,0.10000000000000009,0.7,0.0,0.0,4.0,0.09022556390977443,0.09022556390977443,percentage_based,Entertainment,0,1,0,0,40-50,True,7.702830188679245,21,2,12,0.18181818181818182
17,3,Leah Remini,False,0.8,0.215882591796413,0.0,0.75,0.07071067811865482,0.0,6.0,0.09411764705882353,0.09411764705882353,percentage_based,Entertainment,0,1,0,0,40-50,True,7.702830188679245,21,3,11,0.2727272727272727
17,4,Leah Remini,False,0.8,0.10056022847309981,0.0,0.7666666666666666,0.05773502691896262,0.0,4.0,0.10126582278481013,0.10126582278481013,percentage_based,Entertainment,0,1,0,0,40-50,True,7.702830188679245,21,4,10,0.36363636363636365
17,5,Leah Remini,False,0.7333333333333333,-2.0921993598772635,-0.06666666666666676,0.775,0.05000000000000004,0.5773502691896258,9.0,0.09361702127659574,0.09361702127659574,percentage_based,Entertainment,0,1,0,0,40-50,True,7.702830188679245,21,5,9,0.45454545454545453
17,6,Leah Remini,False,0.9333299999999999,-0.11429337811699326,0.1999966666666666,0.7666666666666667,0.047140452079103216,0.0,5.0,0.12121210809388083,0.12121210809388083,percentage_based,Entertainment,0,1,0,0,40-50,True,7.702830188679245,21,6,8,0.5454545454545454
17,7,Leah Remini,False,0.8833333333333333,-0.7517124159880733,-0.04999666666666658,0.794443888888889,0.08004512617314102,0.2886751345948129,7.0,0.11963882618510158,0.11963882618510158,percentage_based,Entertainment,0,1,0,0,40-50,True,7.702830188679245,21,7,8,0.6363636363636364
17,8,Leah Remini,False,0.9333333333333333,0.2485479064004792,0.050000000000000044,0.8071423809523809,0.08042458428988646,0.5773502691896257,3.0,0.14583333333333334,0.14583333333333334,percentage_based,Entertainment,0,1,0,0,40-50,True,7.702830188679245,21,8,7,0.7272727272727273
17,9,Leah Remini,False,0.9,0.2655803369236918,-0.033333333333333326,0.82291625,0.08680217200554918,0.0,3.0,0.17142857142857143,0.17142857142857143,percentage_based,Entertainment,0,1,0,0,40-50,True,7.702830188679245,21,9,6,0.8181818181818182
17,10,Leah Remini,True,0.8125,-0.6565321642986127,-0.08750000000000002,0.8314811111111111,0.08516455568160054,0.25,4.0,0.18571428571428572,0.18571428571428572,percentage_based,Entertainment,0,1,0,0,40-50,True,7.702830188679245,21,10,5,0.9090909090909091
17,11,Leah Remini,False,,,0.0,0.8295830000000001,0.08051795291642633,0.0,5.0,0.0,0.0,percentage_based,Entertainment,0,1,0,0,40-50,True,7.702830188679245,21,11,4,1.0
17,1,"Nicole ""Snooki"" Polizzi",False,0.7666666666666667,0.4728395454827756,0.0,,0.0,0.5773502691896258,4.0,0.08984375,0.08984375,percentage_based,Media,0,0,0,0,20-30,False,6.076923076923077,12,1,12,0.09090909090909091
17,2,"Nicole ""Snooki"" Polizzi",False,0.6666666666666666,-0.7126875172666901,-0.10000000000000009,0.7666666666666667,0.0,0.5773502691896258,9.0,0.07518796992481203,0.07518796992481203,percentage_based,Media,0,0,0,0,20-30,False,6.076923076923077,12,2,12,0.18181818181818182
17,3,"Nicole ""Snooki"" Polizzi",False,0.8333333333333334,0.4797390928809171,0.16666666666666674,0.7166666666666667,0.07071067811865482,0.5773502691896257,4.0,0.09803921568627451,0.09803921568627451,percentage_based,Media,0,0,0,0,20-30,False,6.076923076923077,12,3,11,0.2727272727272727
17,4,"Nicole ""Snooki"" Polizzi",False,0.8,0.10056022847309981,-0.033333333333333326,0.7555555555555555,0.08388704928078616,0.0,4.0,0.10126582278481013,0.10126582278481013,percentage_based,Media,0,0,0,0,20-30,False,6.076923076923077,12,4,10,0.36363636363636365
17,5,"Nicole ""Snooki"" Polizzi",False,0.9,0.45236742916265005,0.09999999999999998,0.7666666666666667,0.07200822998230962,0.0,3.0,0.1148936170212766,0.1148936170212766,percentage_based,Media,0,0,0,0,20-30,False,6.076923076923077,12,5,9,0.45454545454545453
17,6,"Nicole ""Snooki"" Polizzi",False,1.0,0.7999622258296055,0.09999999999999998,0.7933333333333333,0.08628119403696528,0.0,4.0,0.12987057963837104,0.12987057963837104,percentage_based,Media,0,0,0,0,20-30,False,6.076923076923077,12,6,8,0.5454545454545454
17,7,"Nicole ""Snooki"" Polizzi",True,0.9,-0.43520192504572536,-0.09999999999999998,0.8277777777777778,0.11434191739722613,0.0,5.0,0.12189616252821671,0.12189616252821671,percentage_based,Media,0,0,0,0,20-30,False,6.076923076923077,12,7,8,0.6363636363636364
17,8,"Nicole ""Snooki"" Polizzi",False,,,0.0,0.8380952380952381,0.107889812495025,0.0,8.0,0.0,0.0,percentage_based,Media,0,0,0,0,20-30,False,6.076923076923077,12,8,7,0.7272727272727273
17,9,"Nicole ""Snooki"" Polizzi",False,,,0.0,0.8380952380952381,0.107889812495025,0.0,7.0,0.0,0.0,percentage_based,Media,0,0,0,0,20-30,False,6.076923076923077,12,9,6,0.8181818181818182
17,10,"Nicole ""Snooki"" Polizzi",False,,,0.0,0.8380952380952381,0.107889812495025,0.0,6.0,0.0,0.0,percentage_based,Media,0,0,0,0,20-30,False,6.076923076923077,12,10,5,0.9090909090909091
17,11,"Nicole ""Snooki"" Polizzi",False,,,0.0,0.8380952380952381,0.107889812495025,0.0,5.0,0.0,0.0,percentage_based,Media,0,0,0,0,20-30,False,6.076923076923077,12,11,4,1.0
17,1,Valerie Harper,False,0.7,-0.0945679090965557,0.0,,0.0,0.0,8.0,0.08203125,0.08203125,percentage_based,Entertainment,0,1,0,0,60+,True,9.607843137254902,5,1,12,0.09090909090909091
17,2,Valerie Harper,False,0.6333333333333333,-1.0416202175436242,-0.06666666666666665,0.7,0.0,0.5773502691896258,10.0,0.07142857142857142,0.07142857142857142,percentage_based,Entertainment,0,1,0,0,60+,True,9.607843137254902,5,2,12,0.18181818181818182
17,3,Valerie Harper,False,0.5333333333333333,-1.8949694168796207,-0.09999999999999998,0.6666666666666666,0.04714045207910316,0.5773502691896258,10.0,0.06274509803921569,0.06274509803921569,percentage_based,Entertainment,0,1,0,0,60+,True,9.607843137254902,5,3,11,0.2727272727272727
17,4,Valerie Harper,True,0.6,-1.910644340988873,0.06666666666666665,0.6222222222222222,0.08388704928078611,0.0,10.0,0.0759493670886076,0.0759493670886076,percentage_based,Entertainment,0,1,0,0,60+,True,9.607843137254902,5,4,10,0.36363636363636365
17,5,Valerie Harper,False,,,0.0,0.6166666666666667,0.06938886664887109,0.0,10.0,0.0,0.0,percentage_based,Entertainment,0,1,0,0,60+,True,9.607843137254902,5,5,9,0.45454545454545453
17,6,Valerie Harper,False,,,0.0,0.6166666666666667,0.06938886664887109,0.0,9.0,0.0,0.0,percentage_based,Entertainment,0,1,0,0,60+,True,9.607843137254902,5,6,8,0.5454545454545454
17,7,Valerie Harper,False,,,0.0,0.6166666666666667,0.06938886664887109,0.0,9.0,0.0,0.0,percentage_based,Entertainment,0,1,0,0,60+,True,9.607843137254902,5,7,8,0.6363636363636364
17,8,Valerie Harper,False,,,0.0,0.6166666666666667,0.06938886664887109,0.0,8.0,0.0,0.0,percentage_based,Entertainment,0,1,0,0,60+,True,9.607843137254902,5,8,7,0.7272727272727273
17,9,Valerie Harper,False,,,0.0,0.6166666666666667,0.06938886664887109,0.0,7.0,0.0,0.0,percentage_based,Entertainment,0,1,0,0,60+,True,9.607843137254902,5,9,6,0.8181818181818182
17,10,Valerie Harper,False,,,0.0,0.6166666666666667,0.06938886664887109,0.0,6.0,0.0,0.0,percentage_based,Entertainment,0,1,0,0,60+,True,9.607843137254902,5,10,5,0.9090909090909091
17,11,Valerie Harper,False,,,0.0,0.6166666666666667,0.06938886664887109,0.0,5.0,0.0,0.0,percentage_based,Entertainment,0,1,0,0,60+,True,9.607843137254902,5,11,4,1.0
18,1,Amy Purdy,False,0.8,0.6624631405998732,0.0,,0.0,0.0,3.0,0.0916030534351145,0.0916030534351145,percentage_based,Sports,0,0,0,0,30-40,True,2.954285714285714,17,1,12,0.1
18,2,Amy Purdy,False,0.8,0.6141792448878423,0.0,0.8,0.0,0.0,4.0,0.09836065573770492,0.09836065573770492,percentage_based,Sports,0,0,0,0,30-40,True,2.954285714285714,17,2,11,0.2
18,3,Amy Purdy,False,0.9,0.49463279279730277,0.09999999999999998,0.8,0.0,0.0,2.0,0.1157556270096463,0.1157556270096463,percentage_based,Sports,0,0,0,0,30-40,True,2.954285714285714,17,3,9,0.3
18,4,Amy Purdy,False,0.85,0.33333333333333365,-0.050000000000000044,0.8333333333333334,0.05773502691896256,0.5773502691896257,3.0,0.11447811447811448,0.11447811447811448,percentage_based,Sports,0,0,0,0,30-40,True,2.954285714285714,17,4,9,0.4
18,5,Amy Purdy,False,0.925,0.3536447362583022,0.07500000000000007,0.8375,0.047871355387816894,0.5,3.0,0.11490683229813664,0.11490683229813664,percentage_based,Sports,0,0,0,0,30-40,True,2.954285714285714,17,5,9,0.5
18,6,Amy Purdy,False,0.95,0.9595062135875099,0.02499999999999991,0.8550000000000001,0.0570087712549569,0.5773502691896257,2.0,0.1347517730496454,0.1347517730496454,percentage_based,Sports,0,0,0,0,30-40,True,2.954285714285714,17,6,8,0.6
18,7,Amy Purdy,False,0.9375,0.7030610517854431,-0.012499999999999956,0.8708333333333332,0.06406377031260856,0.25,2.0,0.1482213438735178,0.1482213438735178,percentage_based,Sports,0,0,0,0,30-40,True,2.954285714285714,17,7,7,0.7
18,8,Amy Purdy,False,1.0,1.1866111313364165,0.0625,0.8803571428571428,0.06367934927281782,0.0,1.0,0.17699115044247787,0.17699115044247787,percentage_based,Sports,0,0,0,0,30-40,True,2.954285714285714,17,8,6,0.8
18,9,Amy Purdy,False,0.975,0.5393598899705913,-0.025000000000000022,0.8953125,0.07256078117196448,0.28867513459481287,2.0,0.20418848167539266,0.20418848167539266,percentage_based,Sports,0,0,0,0,30-40,True,2.954285714285714,17,9,5,0.9
18,10,Amy Purdy,False,0.9888866666666668,0.547696998178044,0.013886666666666825,0.9041666666666666,0.07288689868556626,0.1924885797478208,2.0,0.2587209505138384,0.2587209505138384,percentage_based,Sports,0,0,0,0,30-40,True,2.954285714285714,17,10,4,1.0
18,1,Billy Dee Williams,False,0.5,-2.0893068280457516,0.0,,0.0,0.0,12.0,0.05725190839694656,0.05725190839694656,percentage_based,Entertainment,0,1,0,0,60+,True,7.7924528301886795,16,1,12,0.1
18,2,Billy Dee Williams,False,0.5,-2.426008017306975,0.0,0.5,0.0,0.0,11.0,0.06147540983606557,0.06147540983606557,percentage_based,Entertainment,0,1,0,0,60+,True,7.7924528301886795,16,2,11,0.2
18,3,Billy Dee Williams,False,,,0.0,0.5,0.0,0.0,10.0,0.0,0.0,percentage_based,Entertainment,0,1,0,0,60+,True,7.7924528301886795,16,3,9,0.3
18,4,Billy Dee Williams,False,,,0.0,0.5,0.0,0.0,10.0,0.0,0.0,percentage_based,Entertainment,0,1,0,0,60+,True,7.7924528301886795,16,4,9,0.4
18,5,Billy Dee Williams,False,,,0.0,0.5,0.0,0.0,10.0,0.0,0.0,percentage_based,Entertainment,0,1,0,0,60+,True,7.7924528301886795,16,5,9,0.5
18,6,Billy Dee Williams,False,,,0.0,0.5,0.0,0.0,9.0,0.0,0.0,percentage_based,Entertainment,0,1,0,0,60+,True,7.7924528301886795,16,6,8,0.6
18,7,Billy Dee Williams,False,,,0.0,0.5,0.0,0.0,8.0,0.0,0.0,percentage_based,Entertainment,0,1,0,0,60+,True,7.7924528301886795,16,7,7,0.7
18,8,Billy Dee Williams,False,,,0.0,0.5,0.0,0.0,7.0,0.0,0.0,percentage_based,Entertainment,0,1,0,0,60+,True,7.7924528301886795,16,8,6,0.8
18,9,Billy Dee Williams,False,,,0.0,0.5,0.0,0.0,6.0,0.0,0.0,percentage_based,Entertainment,0,1,0,0,60+,True,7.7924528301886795,16,9,5,0.9
18,10,Billy Dee Williams,False,,,0.0,0.5,0.0,0.0,5.0,0.0,0.0,percentage_based,Entertainment,0,1,0,0,60+,True,7.7924528301886795,16,10,4,1.0
18,1,Candace Cameron Bure,False,0.8333333333333334,0.9682153593382758,0.0,,0.0,0.5773502691896257,2.0,0.09541984732824428,0.09541984732824428,percentage_based,Entertainment,0,1,0,0,30-40,True,5.134883720930232,21,1,12,0.1
18,2,Candace Cameron Bure,False,0.7,-0.39921650917709744,-0.13333333333333341,0.8333333333333334,0.0,0.0,7.0,0.0860655737704918,0.0860655737704918,percentage_based,Entertainment,0,1,0,0,30-40,True,5.134883720930232,21,2,11,0.2
18,3,Candace Cameron Bure,False,0.8,-0.875119556487536,0.10000000000000009,0.7666666666666666,0.09428090415820635,0.0,7.0,0.10289389067524116,0.10289389067524116,percentage_based,Entertainment,0,1,0,0,30-40,True,5.134883720930232,21,3,9,0.3
18,4,Candace Cameron Bure,False,0.7,-1.6666666666666667,-0.10000000000000009,0.7777777777777778,0.06938886664887112,0.0,9.0,0.09427609427609428,0.09427609427609428,percentage_based,Entertainment,0,1,0,0,30-40,True,5.134883720930232,21,4,9,0.4
18,5,Candace Cameron Bure,False,0.875,-0.22504665034619276,0.17500000000000004,0.7583333333333333,0.0687184270936277,0.5,7.0,0.10869565217391304,0.10869565217391304,percentage_based,Entertainment,0,1,0,0,30-40,True,5.134883720930232,21,5,9,0.5
18,6,Candace Cameron Bure,False,0.8,-1.1339618887852418,-0.07499999999999996,0.7816666666666666,0.0791447338038918,0.0,7.0,0.11347517730496454,0.11347517730496454,percentage_based,Entertainment,0,1,0,0,30-40,True,5.134883720930232,21,6,8,0.6
18,7,Candace Cameron Bure,False,0.925,0.444038559022386,0.125,0.7847222222222222,0.07118377363999209,0.28867513459481287,3.0,0.14624505928853754,0.14624505928853754,percentage_based,Entertainment,0,1,0,0,30-40,True,5.134883720930232,21,7,7,0.7
18,8,Candace Cameron Bure,False,0.9,-0.8475793795260147,-0.025000000000000022,0.8047619047619048,0.08386733666171929,0.0,4.0,0.1592920353982301,0.1592920353982301,percentage_based,Entertainment,0,1,0,0,30-40,True,5.134883720930232,21,8,6,0.8
18,9,Candace Cameron Bure,False,0.9,-1.4832396974191342,0.0,0.8166666666666667,0.08463272660560109,0.5773502691896257,5.0,0.18848167539267016,0.18848167539267016,percentage_based,Entertainment,0,1,0,0,30-40,True,5.134883720930232,21,9,5,0.9
18,10,Candace Cameron Bure,False,0.86666,-1.4605983547412038,-0.033340000000000036,0.825925925925926,0.0838985461696609,0.0,4.0,0.22674296916969572,0.22674296916969572,percentage_based,Entertainment,0,1,0,0,30-40,True,5.134883720930232,21,10,4,1.0
18,1,Charlie White,False,0.9,1.5797197968150811,0.0,,0.0,0.0,1.0,0.10305343511450382,0.10305343511450382,percentage_based,Sports,0,0,0,0,20-30,True,6.717391304347826,14,1,12,0.1
18,2,Charlie White,False,0.8333333333333334,0.9519778295761552,-0.06666666666666665,0.9,0.0,1.1547005383792517,1.0,0.10245901639344263,0.10245901639344263,percentage_based,Sports,0,0,0,0,20-30,True,6.717391304347826,14,2,11,0.2
18,3,Charlie White,False,0.9,0.49463279279730277,0.06666666666666665,0.8666666666666667,0.04714045207910316,0.0,2.0,0.1157556270096463,0.1157556270096463,percentage_based,Sports,0,0,0,0,20-30,True,6.717391304347826,14,3,9,0.3
18,4,Charlie White,False,0.825,0.0,-0.07500000000000007,0.8777777777777778,0.03849001794597505,0.9574271077563381,4.0,0.1111111111111111,0.1111111111111111,percentage_based,Sports,0,0,0,0,20-30,True,6.717391304347826,14,4,9,0.4
18,5,Charlie White,False,0.925,0.3536447362583022,0.10000000000000009,0.8645833333333334,0.041036907507483775,0.5,3.0,0.11490683229813664,0.11490683229813664,percentage_based,Sports,0,0,0,0,20-30,True,6.717391304347826,14,5,9,0.5
18,6,Charlie White,False,0.9,0.2616835127965932,-0.025000000000000022,0.8766666666666667,0.04464365078659628,0.0,3.0,0.1276595744680851,0.1276595744680851,percentage_based,Sports,0,0,0,0,20-30,True,6.717391304347826,14,6,8,0.6
18,7,Charlie White,False,0.8875,-0.33302891926679007,-0.012500000000000067,0.8805555555555555,0.04105100711535818,0.8539125638299665,5.0,0.14031620553359683,0.14031620553359683,percentage_based,Sports,0,0,0,0,20-30,True,6.717391304347826,14,7,7,0.7
18,8,Charlie White,False,1.0,1.1866111313364165,0.11250000000000004,0.881547619047619,0.037566079346403984,0.0,1.0,0.17699115044247787,0.17699115044247787,percentage_based,Sports,0,0,0,0,20-30,True,6.717391304347826,14,8,6,0.8
18,9,Charlie White,True,0.95,-0.13483997249265156,-0.050000000000000044,0.8963541666666667,0.05443785137841514,0.0,3.0,0.19895287958115182,0.19895287958115182,percentage_based,Sports,0,0,0,0,20-30,True,6.717391304347826,14,9,5,0.9
18,10,Charlie White,False,,,0.0,0.9023148148148148,0.05397044229923737,0.0,5.0,0.0,0.0,percentage_based,Sports,0,0,0,0,20-30,True,6.717391304347826,14,10,4,1.0
18,1,Cody Simpson,False,0.7333333333333333,0.05095870312306693,0.0,,0.0,0.5773502691896258,6.0,0.08396946564885496,0.08396946564885496,percentage_based,Music,0,0,0,0,Under 20,False,5.485294117647059,14,1,12,0.1
18,2,Cody Simpson,False,0.7333333333333333,-0.06141792448878457,0.0,0.7333333333333333,0.0,0.5773502691896258,6.0,0.09016393442622951,0.09016393442622951,percentage_based,Music,0,0,0,0,Under 20,False,5.485294117647059,14,2,11,0.2
18,3,Cody Simpson,False,0.875,0.15219470547609268,0.14166666666666672,0.7333333333333333,0.0,0.5,6.0,0.11254019292604502,0.11254019292604502,percentage_based,Music,0,0,0,0,Under 20,False,5.485294117647059,14,3,9,0.3
18,4,Cody Simpson,False,0.775,-0.6666666666666659,-0.09999999999999998,0.7805555555555556,0.081791288135197,0.5,8.0,0.10437710437710437,0.10437710437710437,percentage_based,Music,0,0,0,0,Under 20,False,5.485294117647059,14,4,9,0.4
18,5,Cody Simpson,True,0.85,-0.5143923436484402,0.07499999999999996,0.7791666666666667,0.06684005230842203,0.5773502691896257,8.0,0.10559006211180125,0.10559006211180125,percentage_based,Music,0,0,0,0,Under 20,False,5.485294117647059,14,5,9,0.5
18,6,Cody Simpson,False,,,0.0,0.7933333333333333,0.06598610964943051,0.0,9.0,0.0,0.0,percentage_based,Music,0,0,0,0,Under 20,False,5.485294117647059,14,6,8,0.6
18,7,Cody Simpson,False,,,0.0,0.7933333333333333,0.06598610964943051,0.0,8.0,0.0,0.0,percentage_based,Music,0,0,0,0,Under 20,False,5.485294117647059,14,7,7,0.7
18,8,Cody Simpson,False,,,0.0,0.7933333333333333,0.06598610964943051,0.0,7.0,0.0,0.0,percentage_based,Music,0,0,0,0,Under 20,False,5.485294117647059,14,8,6,0.8
18,9,Cody Simpson,False,,,0.0,0.7933333333333333,0.06598610964943051,0.0,6.0,0.0,0.0,percentage_based,Music,0,0,0,0,Under 20,False,5.485294117647059,14,9,5,0.9
18,10,Cody Simpson,False,,,0.0,0.7933333333333333,0.06598610964943051,0.0,5.0,0.0,0.0,percentage_based,Music,0,0,0,0,Under 20,False,5.485294117647059,14,10,4,1.0
18,1,Danica McKellar,False,0.8,0.6624631405998732,0.0,,0.0,0.0,3.0,0.0916030534351145,0.0916030534351145,percentage_based,Entertainment,0,1,0,0,30-40,True,5.173469387755102,19,1,12,0.1
18,2,Danica McKellar,False,0.8,0.6141792448878423,0.0,0.8,0.0,0.0,4.0,0.09836065573770492,0.09836065573770492,percentage_based,Entertainment,0,1,0,0,30-40,True,5.173469387755102,19,2,11,0.2
18,3,Danica McKellar,False,0.9,0.49463279279730277,0.09999999999999998,0.8,0.0,0.0,2.0,0.1157556270096463,0.1157556270096463,percentage_based,Entertainment,0,1,0,0,30-40,True,5.173469387755102,19,3,9,0.3
18,4,Danica McKellar,False,0.8,-0.33333333333333215,-0.09999999999999998,0.8333333333333334,0.05773502691896256,0.0,6.0,0.10774410774410774,0.10774410774410774,percentage_based,Entertainment,0,1,0,0,30-40,True,5.173469387755102,19,4,9,0.4
18,5,Danica McKellar,False,0.975,0.9323361228627958,0.17499999999999993,0.8250000000000001,0.04999999999999999,0.5,2.0,0.12111801242236025,0.12111801242236025,percentage_based,Entertainment,0,1,0,0,30-40,True,5.173469387755102,19,5,9,0.5
18,6,Danica McKellar,False,0.9,0.2616835127965932,-0.07499999999999996,0.8550000000000001,0.07984359711335651,0.0,3.0,0.1276595744680851,0.1276595744680851,percentage_based,Entertainment,0,1,0,0,30-40,True,5.173469387755102,19,6,8,0.6
18,7,Danica McKellar,False,0.9,-0.07400642650373061,0.0,0.8624999999999999,0.07373940601876308,0.408248290463863,4.0,0.1422924901185771,0.1422924901185771,percentage_based,Entertainment,0,1,0,0,30-40,True,5.173469387755102,19,7,7,0.7
18,8,Danica McKellar,True,0.95,0.1695158759051998,0.04999999999999993,0.8678571428571429,0.06879057244377931,0.5773502691896257,3.0,0.168141592920354,0.168141592920354,percentage_based,Entertainment,0,1,0,0,30-40,True,5.173469387755102,19,8,6,0.8
18,9,Danica McKellar,False,,,0.0,0.878125,0.0699968111518558,0.0,6.0,0.0,0.0,percentage_based,Entertainment,0,1,0,0,30-40,True,5.173469387755102,19,9,5,0.9
18,10,Danica McKellar,False,,,0.0,0.878125,0.0699968111518558,0.0,5.0,0.0,0.0,percentage_based,Entertainment,0,1,0,0,30-40,True,5.173469387755102,19,10,4,1.0
18,1,Diana Nyad,False,0.6,-1.1720501718305436,0.0,,0.0,0.0,11.0,0.06870229007633588,0.06870229007633588,percentage_based,Sports,0,0,0,0,60+,True,11.0,1,1,12,0.1
18,2,Diana Nyad,True,,,0.0,0.6,0.0,0.0,12.0,0.0,0.0,percentage_based,Sports,0,0,0,0,60+,True,11.0,1,2,11,0.2
18,3,Diana Nyad,False,,,0.0,0.6,0.0,0.0,10.0,0.0,0.0,percentage_based,Sports,0,0,0,0,60+,True,11.0,1,3,9,0.3
18,4,Diana Nyad,False,,,0.0,0.6,0.0,0.0,10.0,0.0,0.0,percentage_based,Sports,0,0,0,0,60+,True,11.0,1,4,9,0.4
18,5,Diana Nyad,False,,,0.0,0.6,0.0,0.0,10.0,0.0,0.0,percentage_based,Sports,0,0,0,0,60+,True,11.0,1,5,9,0.5
18,6,Diana Nyad,False,,,0.0,0.6,0.0,0.0,9.0,0.0,0.0,percentage_based,Sports,0,0,0,0,60+,True,11.0,1,6,8,0.6
18,7,Diana Nyad,False,,,0.0,0.6,0.0,0.0,8.0,0.0,0.0,percentage_based,Sports,0,0,0,0,60+,True,11.0,1,7,7,0.7
18,8,Diana Nyad,False,,,0.0,0.6,0.0,0.0,7.0,0.0,0.0,percentage_based,Sports,0,0,0,0,60+,True,11.0,1,8,6,0.8
18,9,Diana Nyad,False,,,0.0,0.6,0.0,0.0,6.0,0.0,0.0,percentage_based,Sports,0,0,0,0,60+,True,11.0,1,9,5,0.9
18,10,Diana Nyad,False,,,0.0,0.6,0.0,0.0,5.0,0.0,0.0,percentage_based,Sports,0,0,0,0,60+,True,11.0,1,10,4,1.0
18,1,Drew Carey,False,0.7,-0.2547935156153357,0.0,,0.0,0.0,7.0,0.08015267175572519,0.08015267175572519,percentage_based,Entertainment,0,1,0,0,50-60,True,5.853754940711463,25,1,12,0.1
18,2,Drew Carey,False,0.7,-0.39921650917709744,0.0,0.7,0.0,0.0,7.0,0.0860655737704918,0.0860655737704918,percentage_based,Entertainment,0,1,0,0,50-60,True,5.853754940711463,25,2,11,0.2
18,3,Drew Carey,False,0.75,-1.5599957311299562,0.050000000000000044,0.7,0.0,0.5773502691896257,9.0,0.09646302250803858,0.09646302250803858,percentage_based,Entertainment,0,1,0,0,50-60,True,5.853754940711463,25,3,9,0.3
18,4,Drew Carey,False,0.825,0.0,0.07499999999999996,0.7166666666666667,0.028867513459481298,0.5,4.0,0.1111111111111111,0.1111111111111111,percentage_based,Entertainment,0,1,0,0,50-60,True,5.853754940711463,25,4,9,0.4
18,5,Drew Carey,False,0.7,-2.2504665034619236,-0.125,0.7437499999999999,0.05907269532815757,0.0,9.0,0.08695652173913043,0.08695652173913043,percentage_based,Entertainment,0,1,0,0,50-60,True,5.853754940711463,25,5,9,0.5
18,6,Drew Carey,True,0.8,-1.1339618887852418,0.10000000000000009,0.735,0.05477225575051659,0.816496580927726,7.0,0.11347517730496454,0.11347517730496454,percentage_based,Entertainment,0,1,0,0,50-60,True,5.853754940711463,25,6,8,0.6
18,7,Drew Carey,False,,,0.0,0.7458333333333332,0.05571504883482259,0.0,8.0,0.0,0.0,percentage_based,Entertainment,0,1,0,0,50-60,True,5.853754940711463,25,7,7,0.7
18,8,Drew Carey,False,,,0.0,0.7458333333333332,0.05571504883482259,0.0,7.0,0.0,0.0,percentage_based,Entertainment,0,1,0,0,50-60,True,5.853754940711463,25,8,6,0.8
18,9,Drew Carey,False,,,0.0,0.7458333333333332,0.05571504883482259,0.0,6.0,0.0,0.0,percentage_based,Entertainment,0,1,0,0,50-60,True,5.853754940711463,25,9,5,0.9
18,10,Drew Carey,False,,,0.0,0.7458333333333332,0.05571504883482259,0.0,5.0,0.0,0.0,percentage_based,Entertainment,0,1,0,0,50-60,True,5.853754940711463,25,10,4,1.0
18,1,James Maslow,False,0.7,-0.2547935156153357,0.0,,0.0,0.0,7.0,0.08015267175572519,0.08015267175572519,percentage_based,Entertainment,0,1,0,0,20-30,True,7.419354838709677,15,1,12,0.1
18,2,James Maslow,False,0.8333333333333334,0.9519778295761552,0.13333333333333341,0.7,0.0,0.5773502691896257,1.0,0.10245901639344263,0.10245901639344263,percentage_based,Entertainment,0,1,0,0,20-30,True,7.419354838709677,15,2,11,0.2
18,3,James Maslow,False,0.9,0.49463279279730277,0.06666666666666665,0.7666666666666666,0.09428090415820643,0.0,2.0,0.1157556270096463,0.1157556270096463,percentage_based,Entertainment,0,1,0,0,20-30,True,7.419354838709677,15,3,9,0.3
18,4,James Maslow,False,0.875,0.6666666666666673,-0.025000000000000022,0.8111111111111112,0.10183501544346318,0.5,2.0,0.11784511784511785,0.11784511784511785,percentage_based,Entertainment,0,1,0,0,20-30,True,7.419354838709677,15,4,9,0.4
18,5,James Maslow,False,1.0,1.2216818161650433,0.125,0.8270833333333334,0.08907315969346649,0.0,1.0,0.12422360248447205,0.12422360248447205,percentage_based,Entertainment,0,1,0,0,20-30,True,7.419354838709677,15,5,9,0.5
18,6,James Maslow,False,0.875,-0.08722783759886595,-0.125,0.8616666666666667,0.10922708251873964,0.5,5.0,0.12411347517730496,0.12411347517730496,percentage_based,Entertainment,0,1,0,0,20-30,True,7.419354838709677,15,6,8,0.6
18,7,James Maslow,False,0.875,-0.5920514120298472,0.0,0.8638888888888889,0.09784719757905219,0.6454972243679028,6.0,0.1383399209486166,0.1383399209486166,percentage_based,Entertainment,0,1,0,0,20-30,True,7.419354838709677,15,7,7,0.7
18,8,James Maslow,False,0.9,-0.8475793795260147,0.025000000000000022,0.8654761904761905,0.08942053313435203,0.816496580927726,4.0,0.1592920353982301,0.1592920353982301,percentage_based,Entertainment,0,1,0,0,20-30,True,7.419354838709677,15,8,6,0.8
18,9,James Maslow,False,0.95,-0.13483997249265156,0.04999999999999993,0.8697916666666666,0.08368230502682857,0.0,3.0,0.19895287958115182,0.19895287958115182,percentage_based,Entertainment,0,1,0,0,20-30,True,7.419354838709677,15,9,5,0.9
18,10,James Maslow,True,0.9666666666666667,0.18260217919255886,0.01666666666666672,0.8787037037037037,0.08271763288515609,0.2886751345948129,3.0,0.2529075649013137,0.2529075649013137,percentage_based,Entertainment,0,1,0,0,20-30,True,7.419354838709677,15,10,4,1.0
18,1,Meryl Davis,False,0.8,0.6624631405998732,0.0,,0.0,0.0,3.0,0.0916030534351145,0.0916030534351145,percentage_based,Sports,0,0,0,0,20-30,True,5.9941176470588236,17,1,12,0.1
18,2,Meryl Davis,False,0.8333333333333334,0.9519778295761552,0.033333333333333326,0.8,0.0,0.5773502691896257,1.0,0.10245901639344263,0.10245901639344263,percentage_based,Sports,0,0,0,0,20-30,True,5.9941176470588236,17,2,11,0.2
18,3,Meryl Davis,False,0.975,1.5219470547609315,0.1416666666666666,0.8166666666666667,0.02357022603955162,0.5,1.0,0.12540192926045016,0.12540192926045016,percentage_based,Sports,0,0,0,0,20-30,True,5.9941176470588236,17,3,9,0.3
18,4,Meryl Davis,False,0.975,2.0000000000000004,0.0,0.8694444444444445,0.09292071490932072,0.5,1.0,0.13131313131313133,0.13131313131313133,percentage_based,Sports,0,0,0,0,20-30,True,5.9941176470588236,17,4,9,0.4
18,5,Meryl Davis,False,0.9,0.06429904295605471,-0.07499999999999996,0.8958333333333334,0.09242113755341178,0.0,5.0,0.11180124223602485,0.11180124223602485,percentage_based,Sports,0,0,0,0,20-30,True,5.9941176470588236,17,5,9,0.5
18,6,Meryl Davis,False,1.0,1.6573289143784282,0.09999999999999998,0.8966666666666667,0.0800607408298363,0.0,1.0,0.14184397163120568,0.14184397163120568,percentage_based,Sports,0,0,0,0,20-30,True,5.9941176470588236,17,6,8,0.6
18,7,Meryl Davis,False,0.975,1.480128530074617,-0.025000000000000022,0.9138888888888889,0.0831108140220477,0.5,1.0,0.1541501976284585,0.1541501976284585,percentage_based,Sports,0,0,0,0,20-30,True,5.9941176470588236,17,7,7,0.7
18,8,Meryl Davis,False,0.9,-0.8475793795260147,-0.07499999999999996,0.9226190476190476,0.07930751880926885,0.816496580927726,4.0,0.1592920353982301,0.1592920353982301,percentage_based,Sports,0,0,0,0,20-30,True,5.9941176470588236,17,8,6,0.8
18,9,Meryl Davis,False,1.0,1.2135597524338342,0.09999999999999998,0.9197916666666667,0.07385871056946582,0.0,1.0,0.2094240837696335,0.2094240837696335,percentage_based,Sports,0,0,0,0,20-30,True,5.9941176470588236,17,9,5,0.9
18,10,Meryl Davis,False,1.0,0.730299177370601,0.0,0.9287037037037038,0.07408130751719212,0.0,1.0,0.2616285154151521,0.2616285154151521,percentage_based,Sports,0,0,0,0,20-30,True,5.9941176470588236,17,10,4,1.0
18,1,NeNe Leakes,False,0.7,-0.2547935156153357,0.0,,0.0,0.0,7.0,0.08015267175572519,0.08015267175572519,percentage_based,Media,0,0,0,0,40-50,True,7.702830188679245,21,1,12,0.1
18,2,NeNe Leakes,False,0.7,-0.39921650917709744,0.0,0.7,0.0,0.0,7.0,0.0860655737704918,0.0860655737704918,percentage_based,Media,0,0,0,0,40-50,True,7.702830188679245,21,2,11,0.2
18,3,NeNe Leakes,False,0.775,-1.217557643808746,0.07500000000000007,0.7,0.0,0.5,8.0,0.09967845659163987,0.09967845659163987,percentage_based,Media,0,0,0,0,40-50,True,7.702830188679245,21,3,9,0.3
18,4,NeNe Leakes,False,0.8,-0.33333333333333215,0.025000000000000022,0.725,0.043301270189221974,0.0,6.0,0.10774410774410774,0.10774410774410774,percentage_based,Media,0,0,0,0,40-50,True,7.702830188679245,21,4,9,0.4
18,5,NeNe Leakes,False,0.9,0.06429904295605471,0.09999999999999998,0.74375,0.05153882032022079,0.0,5.0,0.11180124223602485,0.11180124223602485,percentage_based,Media,0,0,0,0,40-50,True,7.702830188679245,21,5,9,0.5
18,6,NeNe Leakes,False,0.825,-0.7850505383897842,-0.07500000000000007,0.775,0.082915619758885,0.5,6.0,0.11702127659574468,0.11702127659574468,percentage_based,Media,0,0,0,0,40-50,True,7.702830188679245,21,6,8,0.6
18,7,NeNe Leakes,True,0.825,-1.6281413830820803,0.0,0.7833333333333333,0.07691987172809552,0.6454972243679028,7.0,0.13043478260869565,0.13043478260869565,percentage_based,Media,0,0,0,0,40-50,True,7.702830188679245,21,7,7,0.7
18,8,NeNe Leakes,False,,,0.0,0.7892857142857144,0.07196229171289245,0.0,7.0,0.0,0.0,percentage_based,Media,0,0,0,0,40-50,True,7.702830188679245,21,8,6,0.8
18,9,NeNe Leakes,False,,,0.0,0.7892857142857144,0.07196229171289245,0.0,6.0,0.0,0.0,percentage_based,Media,0,0,0,0,40-50,True,7.702830188679245,21,9,5,0.9
18,10,NeNe Leakes,False,,,0.0,0.7892857142857144,0.07196229171289245,0.0,5.0,0.0,0.0,percentage_based,Media,0,0,0,0,40-50,True,7.702830188679245,21,10,4,1.0
18,1,Sean Avery,False,0.6666666666666666,-0.5605457343537383,0.0,,0.0,0.5773502691896258,10.0,0.07633587786259542,0.07633587786259542,percentage_based,Sports,0,0,0,0,30-40,False,6.711956521739131,18,1,12,0.1
18,2,Sean Avery,True,0.7,-0.39921650917709744,0.033333333333333326,0.6666666666666666,0.0,0.0,7.0,0.0860655737704918,0.0860655737704918,percentage_based,Sports,0,0,0,0,30-40,False,6.711956521739131,18,2,11,0.2
18,3,Sean Avery,False,,,0.0,0.6833333333333333,0.02357022603955154,0.0,10.0,0.0,0.0,percentage_based,Sports,0,0,0,0,30-40,False,6.711956521739131,18,3,9,0.3
18,4,Sean Avery,False,,,0.0,0.6833333333333333,0.02357022603955154,0.0,10.0,0.0,0.0,percentage_based,Sports,0,0,0,0,30-40,False,6.711956521739131,18,4,9,0.4
18,5,Sean Avery,False,,,0.0,0.6833333333333333,0.02357022603955154,0.0,10.0,0.0,0.0,percentage_based,Sports,0,0,0,0,30-40,False,6.711956521739131,18,5,9,0.5
18,6,Sean Avery,False,,,0.0,0.6833333333333333,0.02357022603955154,0.0,9.0,0.0,0.0,percentage_based,Sports,0,0,0,0,30-40,False,6.711956521739131,18,6,8,0.6
18,7,Sean Avery,False,,,0.0,0.6833333333333333,0.02357022603955154,0.0,8.0,0.0,0.0,percentage_based,Sports,0,0,0,0,30-40,False,6.711956521739131,18,7,7,0.7
18,8,Sean Avery,False,,,0.0,0.6833333333333333,0.02357022603955154,0.0,7.0,0.0,0.0,percentage_based,Sports,0,0,0,0,30-40,False,6.711956521739131,18,8,6,0.8
18,9,Sean Avery,False,,,0.0,0.6833333333333333,0.02357022603955154,0.0,6.0,0.0,0.0,percentage_based,Sports,0,0,0,0,30-40,False,6.711956521739131,18,9,5,0.9
18,10,Sean Avery,False,,,0.0,0.6833333333333333,0.02357022603955154,0.0,5.0,0.0,0.0,percentage_based,Sports,0,0,0,0,30-40,False,6.711956521739131,18,10,4,1.0
19,1,Alfonso Ribeiro,False,0.9,1.5831944579037351,0.0,,0.0,0.0,1.0,0.0967741935483871,0.0967741935483871,percentage_based,Entertainment,0,1,0,0,40-50,True,5.485294117647059,14,1,13,0.09090909090909091
19,2,Alfonso Ribeiro,False,0.8,0.5859993624893971,-0.09999999999999998,0.9,0.0,0.0,4.0,0.08839779005524862,0.08839779005524862,percentage_based,Entertainment,0,1,0,0,40-50,True,5.485294117647059,14,2,12,0.18181818181818182
19,3,Alfonso Ribeiro,False,0.8,-0.020181644987353822,0.0,0.8500000000000001,0.07071067811865478,0.0,4.0,0.0906515580736544,0.0906515580736544,percentage_based,Entertainment,0,1,0,0,40-50,True,5.485294117647059,14,3,11,0.2727272727272727
19,4,Alfonso Ribeiro,False,1.0,1.381044810356246,0.19999999999999996,0.8333333333333334,0.057735026918962595,0.0,1.0,0.125,0.125,percentage_based,Entertainment,0,1,0,0,40-50,True,5.485294117647059,14,4,10,0.36363636363636365
19,5,Alfonso Ribeiro,False,0.85,0.8093026382225114,-0.15000000000000002,0.875,0.09574271077563382,0.5773502691896257,2.0,0.12878787878787878,0.12878787878787878,percentage_based,Entertainment,0,1,0,0,40-50,True,5.485294117647059,14,5,9,0.45454545454545453
19,6,Alfonso Ribeiro,False,0.975,1.752153917127182,0.125,0.8699999999999999,0.08366600265340755,0.5,1.0,0.13310580204778158,0.13310580204778158,percentage_based,Entertainment,0,1,0,0,40-50,True,5.485294117647059,14,6,9,0.5454545454545454
19,7,Alfonso Ribeiro,False,0.85,0.5262847935201782,-0.125,0.8875000000000001,0.0862409415533017,0.0,3.0,0.13152804642166344,0.13152804642166344,percentage_based,Entertainment,0,1,0,0,40-50,True,5.485294117647059,14,7,8,0.6363636363636364
19,8,Alfonso Ribeiro,False,1.0,0.8327178037066056,0.15000000000000002,0.8821428571428571,0.07999255917777305,0.5773502691896257,2.0,0.16532258064516128,0.16532258064516128,percentage_based,Entertainment,0,1,0,0,40-50,True,5.485294117647059,14,8,7,0.7272727272727273
19,9,Alfonso Ribeiro,False,0.9625,0.7554436462672934,-0.03749999999999998,0.896875,0.08497636225949629,0.25,1.0,0.17990654205607476,0.17990654205607476,percentage_based,Entertainment,0,1,0,0,40-50,True,5.485294117647059,14,9,6,0.8181818181818182
19,10,Alfonso Ribeiro,False,0.9375,0.3162277660168383,-0.025000000000000022,0.9041666666666666,0.08244316223920575,0.25,3.0,0.2054794520547945,0.2054794520547945,percentage_based,Entertainment,0,1,0,0,40-50,True,5.485294117647059,14,10,5,0.9090909090909091
19,11,Alfonso Ribeiro,False,1.0,1.1001087929846989,0.0625,0.9075,0.0784396441716673,0.0,1.0,0.25586408499804897,0.25586408499804897,percentage_based,Entertainment,0,1,0,0,40-50,True,5.485294117647059,14,11,4,1.0
19,1,Antonio Sabato Jr.,False,0.625,-0.7751056200153704,0.0,,0.0,0.5,10.0,0.06720430107526881,0.06720430107526881,percentage_based,Entertainment,0,1,0,0,40-50,False,5.853754940711463,25,1,13,0.09090909090909091
19,2,Antonio Sabato Jr.,False,0.775,0.26636334658609045,0.15000000000000002,0.625,0.0,0.5,5.0,0.0856353591160221,0.0856353591160221,percentage_based,Entertainment,0,1,0,0,40-50,False,5.853754940711463,25,2,12,0.18181818181818182
19,3,Antonio Sabato Jr.,False,0.725,-0.6861759295700182,-0.050000000000000044,0.7,0.10606601717798218,0.5,8.0,0.0821529745042493,0.0821529745042493,percentage_based,Entertainment,0,1,0,0,40-50,False,5.853754940711463,25,3,11,0.2727272727272727
19,4,Antonio Sabato Jr.,False,0.725,-0.5178918038835928,0.0,0.7083333333333334,0.07637626158259737,0.5,6.0,0.090625,0.090625,percentage_based,Entertainment,0,1,0,0,40-50,False,5.853754940711463,25,4,10,0.36363636363636365
19,5,Antonio Sabato Jr.,False,0.7,-0.2312293252064327,-0.025000000000000022,0.7125,0.06291528696058962,0.816496580927726,6.0,0.10606060606060606,0.10606060606060606,percentage_based,Entertainment,0,1,0,0,40-50,False,5.853754940711463,25,5,9,0.45454545454545453
19,6,Antonio Sabato Jr.,False,0.7,-1.2385915621071466,0.0,0.71,0.05477225575051664,0.0,8.0,0.09556313993174062,0.09556313993174062,percentage_based,Entertainment,0,1,0,0,40-50,False,5.853754940711463,25,6,9,0.5454545454545454
19,7,Antonio Sabato Jr.,True,0.7375,-0.8771413225336318,0.03750000000000009,0.7083333333333334,0.04915960401250878,0.25,7.0,0.11411992263056092,0.11411992263056092,percentage_based,Entertainment,0,1,0,0,40-50,False,5.853754940711463,25,7,8,0.6363636363636364
19,8,Antonio Sabato Jr.,False,,,0.0,0.7125,0.04621056877670594,0.0,8.0,0.0,0.0,percentage_based,Entertainment,0,1,0,0,40-50,False,5.853754940711463,25,8,7,0.7272727272727273
19,9,Antonio Sabato Jr.,False,,,0.0,0.7125,0.04621056877670594,0.0,7.0,0.0,0.0,percentage_based,Entertainment,0,1,0,0,40-50,False,5.853754940711463,25,9,6,0.8181818181818182
19,10,Antonio Sabato Jr.,False,,,0.0,0.7125,0.04621056877670594,0.0,6.0,0.0,0.0,percentage_based,Entertainment,0,1,0,0,40-50,False,5.853754940711463,25,10,5,0.9090909090909091
19,11,Antonio Sabato Jr.,False,,,0.0,0.7125,0.04621056877670594,0.0,5.0,0.0,0.0,percentage_based,Entertainment,0,1,0,0,40-50,False,5.853754940711463,25,11,4,1.0
19,1,Bethany Mota,False,0.8,0.7256307932058789,0.0,,0.0,0.0,3.0,0.08602150537634409,0.08602150537634409,percentage_based,Social Media,0,0,0,0,Under 20,True,2.954285714285714,17,1,13,0.09090909090909091
19,2,Bethany Mota,False,0.825,0.9056353783927023,0.02499999999999991,0.8,0.0,0.5,3.0,0.09116022099447514,0.09116022099447514,percentage_based,Social Media,0,0,0,0,Under 20,True,2.954285714285714,17,2,12,0.18181818181818182
19,3,Bethany Mota,False,1.0,1.7558031138997492,0.17500000000000004,0.8125,0.017677669529663625,0.0,1.0,0.11331444759206799,0.11331444759206799,percentage_based,Social Media,0,0,0,0,Under 20,True,2.954285714285714,17,3,11,0.2727272727272727
19,4,Bethany Mota,False,0.825,0.17263060129453017,-0.17500000000000004,0.875,0.10897247358851683,0.5,5.0,0.103125,0.103125,percentage_based,Social Media,0,0,0,0,Under 20,True,2.954285714285714,17,4,10,0.36363636363636365
19,5,Bethany Mota,False,0.8,0.4624586504128639,-0.02499999999999991,0.8625,0.09242113755341182,0.0,5.0,0.12121212121212122,0.12121212121212122,percentage_based,Social Media,0,0,0,0,Under 20,True,2.954285714285714,17,5,9,0.45454545454545453
19,6,Bethany Mota,False,0.9,0.9364960591541839,0.09999999999999998,0.85,0.08477912478906587,0.0,2.0,0.12286689419795221,0.12286689419795221,percentage_based,Social Media,0,0,0,0,Under 20,True,2.954285714285714,17,6,9,0.5454545454545454
19,7,Bethany Mota,False,0.9375,1.617838439339809,0.03749999999999998,0.8583333333333334,0.07852812659593164,0.25,1.0,0.1450676982591876,0.1450676982591876,percentage_based,Social Media,0,0,0,0,Under 20,True,2.954285714285714,17,7,8,0.6363636363636364
19,8,Bethany Mota,False,1.0,0.8327178037066056,0.0625,0.8696428571428572,0.07768028186403671,0.5,3.0,0.16129032258064516,0.16129032258064516,percentage_based,Social Media,0,0,0,0,Under 20,True,2.954285714285714,17,8,7,0.7272727272727273
19,9,Bethany Mota,False,0.925,0.3555028923610793,-0.07499999999999996,0.8859375,0.08541848139767946,0.28867513459481287,3.0,0.17289719626168223,0.17289719626168223,percentage_based,Social Media,0,0,0,0,Under 20,True,2.954285714285714,17,9,6,0.8181818181818182
19,10,Bethany Mota,False,0.95,0.4743416490252567,0.02499999999999991,0.8902777777777777,0.08095566344885602,0.0,2.0,0.20821917808219179,0.20821917808219179,percentage_based,Social Media,0,0,0,0,Under 20,True,2.954285714285714,17,10,5,0.9090909090909091
19,11,Bethany Mota,True,0.95,-1.2999103899652886,0.0,0.89625,0.07862755030310091,0.0,4.0,0.24307088074814653,0.24307088074814653,percentage_based,Social Media,0,0,0,0,Under 20,True,2.954285714285714,17,11,4,1.0
19,1,Betsey Johnson,False,0.5,-1.847060200887691,0.0,,0.0,0.0,13.0,0.053763440860215055,0.053763440860215055,percentage_based,Other,0,0,0,0,60+,True,7.702830188679245,21,1,13,0.09090909090909091
19,2,Betsey Johnson,False,0.7,-0.6925447011238293,0.19999999999999996,0.5,0.0,0.0,8.0,0.07734806629834254,0.07734806629834254,percentage_based,Other,0,0,0,0,60+,True,7.702830188679245,21,2,12,0.18181818181818182
19,3,Betsey Johnson,False,0.725,-0.6861759295700182,0.025000000000000022,0.6,0.14142135623730948,1.2583057392117916,8.0,0.0821529745042493,0.0821529745042493,percentage_based,Other,0,0,0,0,60+,True,7.702830188679245,21,3,11,0.2727272727272727
19,4,Betsey Johnson,True,0.725,-0.5178918038835928,0.0,0.6416666666666666,0.12332207155790617,0.5,6.0,0.090625,0.090625,percentage_based,Other,0,0,0,0,60+,True,7.702830188679245,21,4,10,0.36363636363636365
19,5,Betsey Johnson,False,,,0.0,0.6625,0.10897247358851683,0.0,10.0,0.0,0.0,percentage_based,Other,0,0,0,0,60+,True,7.702830188679245,21,5,9,0.45454545454545453
19,6,Betsey Johnson,False,,,0.0,0.6625,0.10897247358851683,0.0,10.0,0.0,0.0,percentage_based,Other,0,0,0,0,60+,True,7.702830188679245,21,6,9,0.5454545454545454
19,7,Betsey Johnson,False,,,0.0,0.6625,0.10897247358851683,0.0,9.0,0.0,0.0,percentage_based,Other,0,0,0,0,60+,True,7.702830188679245,21,7,8,0.6363636363636364
19,8,Betsey Johnson,False,,,0.0,0.6625,0.10897247358851683,0.0,8.0,0.0,0.0,percentage_based,Other,0,0,0,0,60+,True,7.702830188679245,21,8,7,0.7272727272727273
19,9,Betsey Johnson,False,,,0.0,0.6625,0.10897247358851683,0.0,7.0,0.0,0.0,percentage_based,Other,0,0,0,0,60+,True,7.702830188679245,21,9,6,0.8181818181818182
19,10,Betsey Johnson,False,,,0.0,0.6625,0.10897247358851683,0.0,6.0,0.0,0.0,percentage_based,Other,0,0,0,0,60+,True,7.702830188679245,21,10,5,0.9090909090909091
19,11,Betsey Johnson,False,,,0.0,0.6625,0.10897247358851683,0.0,5.0,0.0,0.0,percentage_based,Other,0,0,0,0,60+,True,7.702830188679245,21,11,4,1.0
19,1,Janel Parrish,False,0.725,0.08245804468248591,0.0,,0.0,0.5,7.0,0.07795698924731183,0.07795698924731183,percentage_based,Entertainment,0,1,0,0,20-30,True,5.173469387755102,19,1,13,0.09090909090909091
19,2,Janel Parrish,False,0.85,1.2252713942960087,0.125,0.725,0.0,0.5773502691896257,2.0,0.09392265193370165,0.09392265193370165,percentage_based,Entertainment,0,1,0,0,20-30,True,5.173469387755102,19,2,12,0.18181818181818182
19,3,Janel Parrish,False,1.0,1.7558031138997492,0.15000000000000002,0.7875,0.08838834764831845,0.0,1.0,0.11331444759206799,0.11331444759206799,percentage_based,Entertainment,0,1,0,0,20-30,True,5.173469387755102,19,3,11,0.2727272727272727
19,4,Janel Parrish,False,0.9,0.690522405178123,-0.09999999999999998,0.8583333333333334,0.1376892636821526,0.0,4.0,0.1125,0.1125,percentage_based,Entertainment,0,1,0,0,20-30,True,5.173469387755102,19,4,10,0.36363636363636365
19,5,Janel Parrish,False,0.825,0.6358806443176872,-0.07500000000000007,0.86875,0.11433685611676873,0.5,4.0,0.125,0.125,percentage_based,Entertainment,0,1,0,0,20-30,True,5.173469387755102,19,5,9,0.45454545454545453
19,6,Janel Parrish,False,0.825,0.12083820118118456,0.0,0.86,0.10093314619093177,0.9574271077563381,4.0,0.11262798634812286,0.11262798634812286,percentage_based,Entertainment,0,1,0,0,20-30,True,5.173469387755102,19,6,9,0.5454545454545454
19,7,Janel Parrish,False,0.8375,0.37034855840308867,0.012500000000000067,0.8541666666666666,0.09140113055464177,0.25,4.0,0.12959381044487428,0.12959381044487428,percentage_based,Entertainment,0,1,0,0,20-30,True,5.173469387755102,19,7,8,0.6363636363636364
19,8,Janel Parrish,False,1.0,0.8327178037066056,0.16249999999999998,0.8517857142857144,0.08367489525083432,0.0,1.0,0.17338709677419356,0.17338709677419356,percentage_based,Entertainment,0,1,0,0,20-30,True,5.173469387755102,19,8,7,0.7272727272727273
19,9,Janel Parrish,False,0.9625,0.7554436462672934,-0.03749999999999998,0.8703125,0.09352651934841037,0.25,1.0,0.17990654205607476,0.17990654205607476,percentage_based,Entertainment,0,1,0,0,20-30,True,5.173469387755102,19,9,6,0.8181818181818182
19,10,Janel Parrish,False,0.975,0.790569415042095,0.012499999999999956,0.8805555555555555,0.09272588785111625,0.28867513459481287,1.0,0.2136986301369863,0.2136986301369863,percentage_based,Entertainment,0,1,0,0,20-30,True,5.173469387755102,19,10,5,0.9090909090909091
19,11,Janel Parrish,False,0.9749950000000002,-0.10014080040858071,-4.999999999810711e-06,0.89,0.09238356034610395,0.16669999999999965,3.0,0.24946620355267282,0.24946620355267282,percentage_based,Entertainment,0,1,0,0,20-30,True,5.173469387755102,19,11,4,1.0
19,1,Jonathan Bennett,False,0.75,0.29684896085695023,0.0,,0.0,0.5773502691896257,6.0,0.08064516129032258,0.08064516129032258,percentage_based,Entertainment,0,1,0,0,30-40,True,7.116279069767442,4,1,13,0.09090909090909091
19,2,Jonathan Bennett,False,0.75,-0.05327266931721611,0.0,0.75,0.0,0.5773502691896257,7.0,0.08287292817679558,0.08287292817679558,percentage_based,Entertainment,0,1,0,0,30-40,True,7.116279069767442,4,2,12,0.18181818181818182
19,3,Jonathan Bennett,False,0.8,-0.020181644987353822,0.050000000000000044,0.75,0.0,0.0,4.0,0.0906515580736544,0.0906515580736544,percentage_based,Entertainment,0,1,0,0,30-40,True,7.116279069767442,4,3,11,0.2727272727272727
19,4,Jonathan Bennett,False,0.6,-1.3810448103562467,-0.20000000000000007,0.7666666666666666,0.028867513459481298,0.0,10.0,0.075,0.075,percentage_based,Entertainment,0,1,0,0,30-40,True,7.116279069767442,4,4,10,0.36363636363636365
19,5,Jonathan Bennett,False,0.6,-0.9249173008257285,0.0,0.725,0.08660254037844392,0.0,7.0,0.09090909090909091,0.09090909090909091,percentage_based,Entertainment,0,1,0,0,30-40,True,7.116279069767442,4,5,9,0.45454545454545453
19,6,Jonathan Bennett,True,0.8,-0.1510477514764807,0.20000000000000007,0.7,0.0935414346693486,0.0,5.0,0.10921501706484642,0.10921501706484642,percentage_based,Entertainment,0,1,0,0,30-40,True,7.116279069767442,4,6,9,0.5454545454545454
19,7,Jonathan Bennett,False,,,0.0,0.7166666666666667,0.09309493362512632,0.0,9.0,0.0,0.0,percentage_based,Entertainment,0,1,0,0,30-40,True,7.116279069767442,4,7,8,0.6363636363636364
19,8,Jonathan Bennett,False,,,0.0,0.7166666666666667,0.09309493362512632,0.0,8.0,0.0,0.0,percentage_based,Entertainment,0,1,0,0,30-40,True,7.116279069767442,4,8,7,0.7272727272727273
19,9,Jonathan Bennett,False,,,0.0,0.7166666666666667,0.09309493362512632,0.0,7.0,0.0,0.0,percentage_based,Entertainment,0,1,0,0,30-40,True,7.116279069767442,4,9,6,0.8181818181818182
19,10,Jonathan Bennett,False,,,0.0,0.7166666666666667,0.09309493362512632,0.0,6.0,0.0,0.0,percentage_based,Entertainment,0,1,0,0,30-40,True,7.116279069767442,4,10,5,0.9090909090909091
19,11,Jonathan Bennett,False,,,0.0,0.7166666666666667,0.09309493362512632,0.0,5.0,0.0,0.0,percentage_based,Entertainment,0,1,0,0,30-40,True,7.116279069767442,4,11,4,1.0
19,1,Lea Thompson,False,0.8,0.7256307932058789,0.0,,0.0,0.0,3.0,0.08602150537634409,0.08602150537634409,percentage_based,Entertainment,0,1,0,0,50-60,True,6.777777777777778,12,1,13,0.09090909090909091
19,2,Lea Thompson,False,0.875,1.5449074101993154,0.07499999999999996,0.8,0.0,0.5,1.0,0.09668508287292818,0.09668508287292818,percentage_based,Entertainment,0,1,0,0,50-60,True,6.777777777777778,12,2,12,0.18181818181818182
19,3,Lea Thompson,False,0.775,-0.24217973984824195,-0.09999999999999998,0.8375,0.053033008588991036,0.5,7.0,0.08781869688385269,0.08781869688385269,percentage_based,Entertainment,0,1,0,0,50-60,True,6.777777777777778,12,3,11,0.2727272727272727
19,4,Lea Thompson,False,0.975,1.2084142090617151,0.19999999999999996,0.8166666666666668,0.052041649986653296,0.5,2.0,0.121875,0.121875,percentage_based,Entertainment,0,1,0,0,50-60,True,6.777777777777778,12,4,10,0.36363636363636365
19,5,Lea Thompson,False,0.85,0.8093026382225114,-0.125,0.85625,0.0898494110535326,0.5773502691896257,2.0,0.12878787878787878,0.12878787878787878,percentage_based,Entertainment,0,1,0,0,50-60,True,6.777777777777778,12,5,9,0.45454545454545453
19,6,Lea Thompson,False,0.8,-0.1510477514764807,-0.04999999999999993,0.8550000000000001,0.07786205751198719,0.0,5.0,0.10921501706484642,0.10921501706484642,percentage_based,Entertainment,0,1,0,0,50-60,True,6.777777777777778,12,6,9,0.5454545454545454
19,7,Lea Thompson,False,0.875,0.8381572637543587,0.07499999999999996,0.8458333333333333,0.07317217139505063,0.28867513459481287,2.0,0.13539651837524178,0.13539651837524178,percentage_based,Entertainment,0,1,0,0,50-60,True,6.777777777777778,12,7,8,0.6363636363636364
19,8,Lea Thompson,False,0.8,-0.4626210020592241,-0.07499999999999996,0.85,0.067700320038633,0.0,5.0,0.12903225806451613,0.12903225806451613,percentage_based,Entertainment,0,1,0,0,50-60,True,6.777777777777778,12,8,7,0.7272727272727273
19,9,Lea Thompson,True,0.875,-0.17775144618054026,0.07499999999999996,0.84375,0.06512350903146595,0.28867513459481287,5.0,0.16355140186915887,0.16355140186915887,percentage_based,Entertainment,0,1,0,0,50-60,True,6.777777777777778,12,9,6,0.8181818181818182
19,10,Lea Thompson,False,,,0.0,0.8472222222222222,0.06180165405913051,0.0,6.0,0.0,0.0,percentage_based,Entertainment,0,1,0,0,50-60,True,6.777777777777778,12,10,5,0.9090909090909091
19,11,Lea Thompson,False,,,0.0,0.8472222222222222,0.06180165405913051,0.0,5.0,0.0,0.0,percentage_based,Entertainment,0,1,0,0,50-60,True,6.777777777777778,12,11,4,1.0
19,1,Lolo Jones,True,0.55,-1.4182783685387625,0.0,,0.0,0.5773502691896257,12.0,0.05913978494623656,0.05913978494623656,percentage_based,Sports,0,0,0,0,30-40,True,10.011627906976743,9,1,13,0.09090909090909091
19,2,Lolo Jones,False,,,0.0,0.55,0.0,0.0,13.0,0.0,0.0,percentage_based,Sports,0,0,0,0,30-40,True,10.011627906976743,9,2,12,0.18181818181818182
19,3,Lolo Jones,False,,,0.0,0.55,0.0,0.0,12.0,0.0,0.0,percentage_based,Sports,0,0,0,0,30-40,True,10.011627906976743,9,3,11,0.2727272727272727
19,4,Lolo Jones,False,,,0.0,0.55,0.0,0.0,11.0,0.0,0.0,percentage_based,Sports,0,0,0,0,30-40,True,10.011627906976743,9,4,10,0.36363636363636365
19,5,Lolo Jones,False,,,0.0,0.55,0.0,0.0,10.0,0.0,0.0,percentage_based,Sports,0,0,0,0,30-40,True,10.011627906976743,9,5,9,0.45454545454545453
19,6,Lolo Jones,False,,,0.0,0.55,0.0,0.0,10.0,0.0,0.0,percentage_based,Sports,0,0,0,0,30-40,True,10.011627906976743,9,6,9,0.5454545454545454
19,7,Lolo Jones,False,,,0.0,0.55,0.0,0.0,9.0,0.0,0.0,percentage_based,Sports,0,0,0,0,30-40,True,10.011627906976743,9,7,8,0.6363636363636364
19,8,Lolo Jones,False,,,0.0,0.55,0.0,0.0,8.0,0.0,0.0,percentage_based,Sports,0,0,0,0,30-40,True,10.011627906976743,9,8,7,0.7272727272727273
19,9,Lolo Jones,False,,,0.0,0.55,0.0,0.0,7.0,0.0,0.0,percentage_based,Sports,0,0,0,0,30-40,True,10.011627906976743,9,9,6,0.8181818181818182
19,10,Lolo Jones,False,,,0.0,0.55,0.0,0.0,6.0,0.0,0.0,percentage_based,Sports,0,0,0,0,30-40,True,10.011627906976743,9,10,5,0.9090909090909091
19,11,Lolo Jones,False,,,0.0,0.55,0.0,0.0,5.0,0.0,0.0,percentage_based,Sports,0,0,0,0,30-40,True,10.011627906976743,9,11,4,1.0
19,1,Michael Waltrip,False,0.625,-0.7751056200153704,0.0,,0.0,0.5,10.0,0.06720430107526881,0.06720430107526881,percentage_based,Other,0,0,0,0,50-60,True,7.7924528301886795,16,1,13,0.09090909090909091
19,2,Michael Waltrip,False,0.6,-1.971088764737054,-0.025000000000000022,0.625,0.0,0.0,12.0,0.06629834254143646,0.06629834254143646,percentage_based,Other,0,0,0,0,50-60,True,7.7924528301886795,16,2,12,0.18181818181818182
19,3,Michael Waltrip,False,0.7,-0.9081740244309063,0.09999999999999998,0.6125,0.017677669529663743,0.0,10.0,0.07932011331444759,0.07932011331444759,percentage_based,Other,0,0,0,0,50-60,True,7.7924528301886795,16,3,11,0.2727272727272727
19,4,Michael Waltrip,False,0.625,-1.2084142090617158,-0.07499999999999996,0.6416666666666666,0.05204164998665326,0.5,9.0,0.078125,0.078125,percentage_based,Other,0,0,0,0,50-60,True,7.7924528301886795,16,4,10,0.36363636363636365
19,5,Michael Waltrip,False,0.5,-1.6186052764450243,-0.125,0.6375,0.04330127018922189,0.0,9.0,0.07575757575757576,0.07575757575757576,percentage_based,Other,0,0,0,0,50-60,True,7.7924528301886795,16,5,9,0.45454545454545453
19,6,Michael Waltrip,False,0.75,-0.6948196567918136,0.25,0.61,0.0720243014544397,0.5773502691896257,7.0,0.10238907849829351,0.10238907849829351,percentage_based,Other,0,0,0,0,50-60,True,7.7924528301886795,16,6,9,0.5454545454545454
19,7,Michael Waltrip,False,0.7,-1.3449500278849031,-0.050000000000000044,0.6333333333333333,0.08612007121842541,0.0,8.0,0.10831721470019343,0.10831721470019343,percentage_based,Other,0,0,0,0,50-60,True,7.7924528301886795,16,7,8,0.6363636363636364
19,8,Michael Waltrip,True,0.625,-1.5960424571043255,-0.07499999999999996,0.6428571428571429,0.0825558973694562,0.5,7.0,0.10080645161290322,0.10080645161290322,percentage_based,Other,0,0,0,0,50-60,True,7.7924528301886795,16,8,7,0.7272727272727273
19,9,Michael Waltrip,False,,,0.0,0.640625,0.0766922188267586,0.0,7.0,0.0,0.0,percentage_based,Other,0,0,0,0,50-60,True,7.7924528301886795,16,9,6,0.8181818181818182
19,10,Michael Waltrip,False,,,0.0,0.640625,0.0766922188267586,0.0,6.0,0.0,0.0,percentage_based,Other,0,0,0,0,50-60,True,7.7924528301886795,16,10,5,0.9090909090909091
19,11,Michael Waltrip,False,,,0.0,0.640625,0.0766922188267586,0.0,5.0,0.0,0.0,percentage_based,Other,0,0,0,0,50-60,True,7.7924528301886795,16,11,4,1.0
19,1,Randy Couture,False,0.775,0.5112398770314146,0.0,,0.0,0.5,5.0,0.08333333333333333,0.08333333333333333,percentage_based,Sports,0,0,0,0,50-60,True,6.711956521739131,18,1,13,0.09090909090909091
19,2,Randy Couture,False,0.7,-0.6925447011238293,-0.07500000000000007,0.775,0.0,0.0,8.0,0.07734806629834254,0.07734806629834254,percentage_based,Sports,0,0,0,0,50-60,True,6.711956521739131,18,2,12,0.18181818181818182
19,3,Randy Couture,True,0.65,-1.3521702141526815,-0.04999999999999993,0.7375,0.05303300858899115,0.5773502691896257,11.0,0.07365439093484419,0.07365439093484419,percentage_based,Sports,0,0,0,0,50-60,True,6.711956521739131,18,3,11,0.2727272727272727
19,4,Randy Couture,False,,,0.0,0.7083333333333334,0.06291528696058962,0.0,11.0,0.0,0.0,percentage_based,Sports,0,0,0,0,50-60,True,6.711956521739131,18,4,10,0.36363636363636365
19,5,Randy Couture,False,,,0.0,0.7083333333333334,0.06291528696058962,0.0,10.0,0.0,0.0,percentage_based,Sports,0,0,0,0,50-60,True,6.711956521739131,18,5,9,0.45454545454545453
19,6,Randy Couture,False,,,0.0,0.7083333333333334,0.06291528696058962,0.0,10.0,0.0,0.0,percentage_based,Sports,0,0,0,0,50-60,True,6.711956521739131,18,6,9,0.5454545454545454
19,7,Randy Couture,False,,,0.0,0.7083333333333334,0.06291528696058962,0.0,9.0,0.0,0.0,percentage_based,Sports,0,0,0,0,50-60,True,6.711956521739131,18,7,8,0.6363636363636364
19,8,Randy Couture,False,,,0.0,0.7083333333333334,0.06291528696058962,0.0,8.0,0.0,0.0,percentage_based,Sports,0,0,0,0,50-60,True,6.711956521739131,18,8,7,0.7272727272727273
19,9,Randy Couture,False,,,0.0,0.7083333333333334,0.06291528696058962,0.0,7.0,0.0,0.0,percentage_based,Sports,0,0,0,0,50-60,True,6.711956521739131,18,9,6,0.8181818181818182
19,10,Randy Couture,False,,,0.0,0.7083333333333334,0.06291528696058962,0.0,6.0,0.0,0.0,percentage_based,Sports,0,0,0,0,50-60,True,6.711956521739131,18,10,5,0.9090909090909091
19,11,Randy Couture,False,,,0.0,0.7083333333333334,0.06291528696058962,0.0,5.0,0.0,0.0,percentage_based,Sports,0,0,0,0,50-60,True,6.711956521739131,18,11,4,1.0
19,1,Sadie Robertson,False,0.85,1.1544126255548066,0.0,,0.0,0.5773502691896257,2.0,0.0913978494623656,0.0913978494623656,percentage_based,Media,0,0,0,0,Under 20,True,5.134883720930232,21,1,13,0.09090909090909091
19,2,Sadie Robertson,False,0.775,0.26636334658609045,-0.07499999999999996,0.85,0.0,0.5,5.0,0.0856353591160221,0.0856353591160221,percentage_based,Media,0,0,0,0,Under 20,True,5.134883720930232,21,2,12,0.18181818181818182
19,3,Sadie Robertson,False,0.8,-0.020181644987353822,0.025000000000000022,0.8125,0.053033008588991036,0.0,4.0,0.0906515580736544,0.0906515580736544,percentage_based,Media,0,0,0,0,Under 20,True,5.134883720930232,21,3,11,0.2727272727272727
19,4,Sadie Robertson,False,0.925,0.863153006472654,0.125,0.8083333333333332,0.038188130791298645,0.5,3.0,0.115625,0.115625,percentage_based,Media,0,0,0,0,Under 20,True,5.134883720930232,21,4,10,0.36363636363636365
19,5,Sadie Robertson,False,0.9,1.1561466260321596,-0.025000000000000022,0.8375,0.06614378277661477,0.0,1.0,0.13636363636363635,0.13636363636363635,percentage_based,Media,0,0,0,0,Under 20,True,5.134883720930232,21,5,9,0.45454545454545453
19,6,Sadie Robertson,False,0.875,0.6646101064965175,-0.025000000000000022,0.85,0.06373774391990981,0.9574271077563381,3.0,0.11945392491467577,0.11945392491467577,percentage_based,Media,0,0,0,0,Under 20,True,5.134883720930232,21,6,9,0.5454545454545454
19,7,Sadie Robertson,False,0.775,-0.40933261718236175,-0.09999999999999998,0.8541666666666666,0.05791516784631352,0.28867513459481287,5.0,0.11992263056092843,0.11992263056092843,percentage_based,Media,0,0,0,0,Under 20,True,5.134883720930232,21,7,8,0.6363636363636364
19,8,Sadie Robertson,False,0.95,0.5088831022651478,0.17499999999999993,0.8428571428571429,0.06074928962939559,0.5773502691896257,4.0,0.1532258064516129,0.1532258064516129,percentage_based,Media,0,0,0,0,Under 20,True,5.134883720930232,21,8,7,0.7272727272727273
19,9,Sadie Robertson,False,0.9125,0.22218930772567383,-0.03749999999999998,0.85625,0.06781013409302687,0.25,4.0,0.1705607476635514,0.1705607476635514,percentage_based,Media,0,0,0,0,Under 20,True,5.134883720930232,21,9,6,0.8181818181818182
19,10,Sadie Robertson,False,0.925,0.15811388300841983,0.012500000000000067,0.8625,0.06614378277661476,0.28867513459481287,4.0,0.20273972602739726,0.20273972602739726,percentage_based,Media,0,0,0,0,Under 20,True,5.134883720930232,21,10,5,0.9090909090909091
19,11,Sadie Robertson,False,0.9833300000000001,0.29994239738918094,0.058330000000000104,0.86875,0.06541799361711494,0.1924885797478208,2.0,0.25159883070113154,0.25159883070113154,percentage_based,Media,0,0,0,0,Under 20,True,5.134883720930232,21,11,4,1.0
19,1,Tavis Smiley,False,0.725,0.08245804468248591,0.0,,0.0,0.5,7.0,0.07795698924731183,0.07795698924731183,percentage_based,Other,0,0,0,0,40-50,True,6.717391304347826,14,1,13,0.09090909090909091
19,2,Tavis Smiley,True,0.7,-0.6925447011238293,-0.025000000000000022,0.725,0.0,0.0,8.0,0.07734806629834254,0.07734806629834254,percentage_based,Other,0,0,0,0,40-50,True,6.717391304347826,14,2,12,0.18181818181818182
19,3,Tavis Smiley,False,,,0.0,0.7124999999999999,0.017677669529663664,0.0,12.0,0.0,0.0,percentage_based,Other,0,0,0,0,40-50,True,6.717391304347826,14,3,11,0.2727272727272727
19,4,Tavis Smiley,False,,,0.0,0.7124999999999999,0.017677669529663664,0.0,11.0,0.0,0.0,percentage_based,Other,0,0,0,0,40-50,True,6.717391304347826,14,4,10,0.36363636363636365
19,5,Tavis Smiley,False,,,0.0,0.7124999999999999,0.017677669529663664,0.0,10.0,0.0,0.0,percentage_based,Other,0,0,0,0,40-50,True,6.717391304347826,14,5,9,0.45454545454545453
19,6,Tavis Smiley,False,,,0.0,0.7124999999999999,0.017677669529663664,0.0,10.0,0.0,0.0,percentage_based,Other,0,0,0,0,40-50,True,6.717391304347826,14,6,9,0.5454545454545454
19,7,Tavis Smiley,False,,,0.0,0.7124999999999999,0.017677669529663664,0.0,9.0,0.0,0.0,percentage_based,Other,0,0,0,0,40-50,True,6.717391304347826,14,7,8,0.6363636363636364
19,8,Tavis Smiley,False,,,0.0,0.7124999999999999,0.017677669529663664,0.0,8.0,0.0,0.0,percentage_based,Other,0,0,0,0,40-50,True,6.717391304347826,14,8,7,0.7272727272727273
19,9,Tavis Smiley,False,,,0.0,0.7124999999999999,0.017677669529663664,0.0,7.0,0.0,0.0,percentage_based,Other,0,0,0,0,40-50,True,6.717391304347826,14,9,6,0.8181818181818182
19,10,Tavis Smiley,False,,,0.0,0.7124999999999999,0.017677669529663664,0.0,6.0,0.0,0.0,percentage_based,Other,0,0,0,0,40-50,True,6.717391304347826,14,10,5,0.9090909090909091
19,11,Tavis Smiley,False,,,0.0,0.7124999999999999,0.017677669529663664,0.0,5.0,0.0,0.0,percentage_based,Other,0,0,0,0,40-50,True,6.717391304347826,14,11,4,1.0
19,1,Tommy Chong,False,0.675,-0.3463237876664418,0.0,,0.0,0.5,9.0,0.07258064516129033,0.07258064516129033,percentage_based,Entertainment,0,1,0,0,60+,False,7.419354838709677,15,1,13,0.09090909090909091
19,2,Tommy Chong,False,0.7,-0.6925447011238293,0.02499999999999991,0.675,0.0,0.0,8.0,0.07734806629834254,0.07734806629834254,percentage_based,Entertainment,0,1,0,0,60+,False,7.419354838709677,15,2,12,0.18181818181818182
19,3,Tommy Chong,False,0.85,0.42381454473442143,0.15000000000000002,0.6875,0.017677669529663625,1.0,3.0,0.09631728045325778,0.09631728045325778,percentage_based,Entertainment,0,1,0,0,60+,False,7.419354838709677,15,3,11,0.2727272727272727
19,4,Tommy Chong,False,0.7,-0.6905224051781238,-0.15000000000000002,0.7416666666666667,0.09464847243000453,0.0,8.0,0.0875,0.0875,percentage_based,Entertainment,0,1,0,0,60+,False,7.419354838709677,15,4,10,0.36363636363636365
19,5,Tommy Chong,False,0.575,-1.0983392947305526,-0.125,0.73125,0.08003905296791058,0.5,8.0,0.08712121212121213,0.08712121212121213,percentage_based,Entertainment,0,1,0,0,60+,False,7.419354838709677,15,5,9,0.45454545454545453
19,6,Tommy Chong,False,0.7,-1.2385915621071466,0.125,0.7,0.09842509842514763,0.0,8.0,0.09556313993174062,0.09556313993174062,percentage_based,Entertainment,0,1,0,0,60+,False,7.419354838709677,15,6,9,0.5454545454545454
19,7,Tommy Chong,False,0.75,-0.7212050874165422,0.050000000000000044,0.7000000000000001,0.08803408430829504,0.0,6.0,0.11605415860735009,0.11605415860735009,percentage_based,Entertainment,0,1,0,0,60+,False,7.419354838709677,15,7,8,0.6363636363636364
19,8,Tommy Chong,False,0.725,-0.9483730542214107,-0.025000000000000022,0.7071428571428572,0.08255589736945623,0.5773502691896257,6.0,0.11693548387096774,0.11693548387096774,percentage_based,Entertainment,0,1,0,0,60+,False,7.419354838709677,15,8,7,0.7272727272727273
19,9,Tommy Chong,False,0.7125,-1.910828046440802,-0.012499999999999956,0.709375,0.07669221882675861,0.25,6.0,0.13317757009345793,0.13317757009345793,percentage_based,Entertainment,0,1,0,0,60+,False,7.419354838709677,15,9,6,0.8181818181818182
19,10,Tommy Chong,True,0.775,-1.7392527130926083,0.0625,0.7097222222222223,0.07174656399051069,0.28867513459481287,5.0,0.16986301369863013,0.16986301369863013,percentage_based,Entertainment,0,1,0,0,60+,False,7.419354838709677,15,10,5,0.9090909090909091
19,11,Tommy Chong,False,,,0.0,0.7162499999999999,0.07072295321259647,0.0,5.0,0.0,0.0,percentage_based,Entertainment,0,1,0,0,60+,False,7.419354838709677,15,11,4,1.0
20,1,Charlotte McKinney,False,0.55,-1.4040081687985633,0.0,,0.0,0.5773502691896257,11.0,0.06918238993710692,0.06918238993710692,percentage_based,Fashion,0,0,0,0,20-30,True,10.011627906976743,9,1,12,0.1
20,2,Charlotte McKinney,False,0.65,-0.8267134097610117,0.09999999999999998,0.55,0.0,0.5773502691896257,11.0,0.07492795389048991,0.07492795389048991,percentage_based,Fashion,0,0,0,0,20-30,True,10.011627906976743,9,2,12,0.2
20,3,Charlotte McKinney,True,0.55,-1.3994393371741616,-0.09999999999999998,0.6000000000000001,0.0707106781186547,0.5773502691896257,10.0,0.07028753993610223,0.07028753993610223,percentage_based,Fashion,0,0,0,0,20-30,True,10.011627906976743,9,3,11,0.3
20,4,Charlotte McKinney,False,,,0.0,0.5833333333333334,0.05773502691896255,0.0,11.0,0.0,0.0,percentage_based,Fashion,0,0,0,0,20-30,True,10.011627906976743,9,4,10,0.4
20,5,Charlotte McKinney,False,,,0.0,0.5833333333333334,0.05773502691896255,0.0,10.0,0.0,0.0,percentage_based,Fashion,0,0,0,0,20-30,True,10.011627906976743,9,5,9,0.5
20,6,Charlotte McKinney,False,,,0.0,0.5833333333333334,0.05773502691896255,0.0,9.0,0.0,0.0,percentage_based,Fashion,0,0,0,0,20-30,True,10.011627906976743,9,6,8,0.6
20,7,Charlotte McKinney,False,,,0.0,0.5833333333333334,0.05773502691896255,0.0,8.0,0.0,0.0,percentage_based,Fashion,0,0,0,0,20-30,True,10.011627906976743,9,7,7,0.7
20,8,Charlotte McKinney,False,,,0.0,0.5833333333333334,0.05773502691896255,0.0,7.0,0.0,0.0,percentage_based,Fashion,0,0,0,0,20-30,True,10.011627906976743,9,8,6,0.8
20,9,Charlotte McKinney,False,,,0.0,0.5833333333333334,0.05773502691896255,0.0,5.0,0.0,0.0,percentage_based,Fashion,0,0,0,0,20-30,True,10.011627906976743,9,9,4,0.9
20,10,Charlotte McKinney,False,,,0.0,0.5833333333333334,0.05773502691896255,0.0,4.0,0.0,0.0,percentage_based,Fashion,0,0,0,0,20-30,True,10.011627906976743,9,10,3,1.0
20,1,Chris Soules,False,0.65,-0.15600090764428434,0.0,,0.0,0.5773502691896257,5.0,0.08176100628930817,0.08176100628930817,percentage_based,Media,0,0,0,0,30-40,True,5.485294117647059,14,1,12,0.1
20,2,Chris Soules,False,0.525,-2.2439363979227447,-0.125,0.65,0.0,0.5,12.0,0.06051873198847262,0.06051873198847262,percentage_based,Media,0,0,0,0,30-40,True,5.485294117647059,14,2,12,0.2
20,3,Chris Soules,False,0.7,-0.09855206599818037,0.17499999999999993,0.5875,0.08838834764831845,0.0,7.0,0.08945686900958466,0.08945686900958466,percentage_based,Media,0,0,0,0,30-40,True,5.485294117647059,14,3,11,0.3
20,4,Chris Soules,False,0.675,-1.4555676015910617,-0.02499999999999991,0.625,0.09013878188659971,0.5,10.0,0.08307692307692308,0.08307692307692308,percentage_based,Media,0,0,0,0,30-40,True,5.485294117647059,14,4,10,0.4
20,5,Chris Soules,False,0.675,-0.7675648833378708,0.0,0.6375,0.07772815877574012,0.5,7.0,0.09540636042402827,0.09540636042402827,percentage_based,Media,0,0,0,0,30-40,True,5.485294117647059,14,5,9,0.5
20,6,Chris Soules,False,0.875,-0.24152294576982464,0.19999999999999996,0.645,0.06937218462755804,0.5,5.0,0.12367491166077739,0.12367491166077739,percentage_based,Media,0,0,0,0,30-40,True,5.485294117647059,14,6,8,0.6
20,7,Chris Soules,False,0.775,-1.4009443703169886,-0.09999999999999998,0.6833333333333332,0.11254628677422754,0.5,6.0,0.1220472440944882,0.1220472440944882,percentage_based,Media,0,0,0,0,30-40,True,5.485294117647059,14,7,7,0.7
20,8,Chris Soules,True,0.8,-0.7796881870752879,0.025000000000000022,0.6964285714285714,0.10842486975298786,0.408248290463863,4.0,0.15130023640661938,0.15130023640661938,percentage_based,Media,0,0,0,0,30-40,True,5.485294117647059,14,8,6,0.8
20,9,Chris Soules,False,,,0.0,0.709375,0.10685228455342317,0.0,5.0,0.0,0.0,percentage_based,Media,0,0,0,0,30-40,True,5.485294117647059,14,9,4,0.9
20,10,Chris Soules,False,,,0.0,0.709375,0.10685228455342317,0.0,4.0,0.0,0.0,percentage_based,Media,0,0,0,0,30-40,True,5.485294117647059,14,10,3,1.0
20,1,Michael Sam,False,0.65,-0.15600090764428434,0.0,,0.0,0.5773502691896257,5.0,0.08176100628930817,0.08176100628930817,percentage_based,Sports,0,0,0,0,20-30,True,7.419354838709677,15,1,12,0.1
20,2,Michael Sam,False,0.7,-0.2598242144963193,0.04999999999999993,0.65,0.0,0.0,6.0,0.08069164265129683,0.08069164265129683,percentage_based,Sports,0,0,0,0,20-30,True,7.419354838709677,15,2,12,0.2
20,3,Michael Sam,False,0.6,-0.9658102467821682,-0.09999999999999998,0.675,0.03535533905932729,0.0,9.0,0.07667731629392971,0.07667731629392971,percentage_based,Sports,0,0,0,0,20-30,True,7.419354838709677,15,3,11,0.3
20,4,Michael Sam,True,0.75,-0.6616216370868464,0.15000000000000002,0.65,0.05,0.5773502691896257,7.0,0.09230769230769231,0.09230769230769231,percentage_based,Sports,0,0,0,0,20-30,True,7.419354838709677,15,4,10,0.4
20,5,Michael Sam,False,,,0.0,0.675,0.06454972243679027,0.0,10.0,0.0,0.0,percentage_based,Sports,0,0,0,0,20-30,True,7.419354838709677,15,5,9,0.5
20,6,Michael Sam,False,,,0.0,0.675,0.06454972243679027,0.0,9.0,0.0,0.0,percentage_based,Sports,0,0,0,0,20-30,True,7.419354838709677,15,6,8,0.6
20,7,Michael Sam,False,,,0.0,0.675,0.06454972243679027,0.0,8.0,0.0,0.0,percentage_based,Sports,0,0,0,0,20-30,True,7.419354838709677,15,7,7,0.7
20,8,Michael Sam,False,,,0.0,0.675,0.06454972243679027,0.0,7.0,0.0,0.0,percentage_based,Sports,0,0,0,0,20-30,True,7.419354838709677,15,8,6,0.8
20,9,Michael Sam,False,,,0.0,0.675,0.06454972243679027,0.0,5.0,0.0,0.0,percentage_based,Sports,0,0,0,0,20-30,True,7.419354838709677,15,9,4,0.9
20,10,Michael Sam,False,,,0.0,0.675,0.06454972243679027,0.0,4.0,0.0,0.0,percentage_based,Sports,0,0,0,0,20-30,True,7.419354838709677,15,10,3,1.0
20,1,Nastia Liukin,False,0.75,1.0920063535099946,0.0,,0.0,0.5773502691896257,3.0,0.09433962264150944,0.09433962264150944,percentage_based,Sports,0,0,0,0,20-30,False,2.954285714285714,17,1,12,0.1
20,2,Nastia Liukin,False,0.85,1.4408433712977604,0.09999999999999998,0.75,0.0,0.5773502691896257,1.0,0.09798270893371758,0.09798270893371758,percentage_based,Sports,0,0,0,0,20-30,False,2.954285714285714,17,2,12,0.2
20,3,Nastia Liukin,False,0.85,1.2023352051778018,0.0,0.8,0.0707106781186547,0.5773502691896257,1.0,0.10862619808306709,0.10862619808306709,percentage_based,Sports,0,0,0,0,20-30,False,2.954285714285714,17,3,11,0.3
20,4,Nastia Liukin,False,0.9,0.9262702919215852,0.050000000000000044,0.8166666666666668,0.05773502691896253,0.816496580927726,2.0,0.11076923076923077,0.11076923076923077,percentage_based,Sports,0,0,0,0,20-30,False,2.954285714285714,17,4,10,0.4
20,5,Nastia Liukin,False,0.95,1.1321582029233617,0.04999999999999993,0.8375,0.06291528696058957,0.5773502691896257,2.0,0.13427561837455831,0.13427561837455831,percentage_based,Sports,0,0,0,0,20-30,False,2.954285714285714,17,5,9,0.5
20,6,Nastia Liukin,False,0.9125,0.724568837309471,-0.03749999999999998,0.86,0.0741619848709566,0.47871355387816905,2.0,0.12897526501766785,0.12897526501766785,percentage_based,Sports,0,0,0,0,20-30,False,2.954285714285714,17,6,8,0.6
20,7,Nastia Liukin,False,1.0,1.0507082777377437,0.08750000000000002,0.86875,0.0697092174679934,0.5773502691896257,1.0,0.16141732283464566,0.16141732283464566,percentage_based,Sports,0,0,0,0,20-30,False,2.954285714285714,17,7,7,0.7
20,8,Nastia Liukin,False,0.95,0.6597361582944727,-0.050000000000000044,0.8875000000000001,0.08068715304598782,0.0,3.0,0.17966903073286053,0.17966903073286053,percentage_based,Sports,0,0,0,0,20-30,False,2.954285714285714,17,8,6,0.8
20,9,Nastia Liukin,True,1.0,0.7833494518006368,0.050000000000000044,0.8953125,0.07790146592238902,0.0,1.0,0.25477707006369427,0.25477707006369427,percentage_based,Sports,0,0,0,0,20-30,False,2.954285714285714,17,9,4,0.9
20,10,Nastia Liukin,False,,,0.0,0.9069444444444444,0.0807946642902721,0.0,4.0,0.0,0.0,percentage_based,Sports,0,0,0,0,20-30,False,2.954285714285714,17,10,3,1.0
20,1,Noah Galloway,False,0.65,-0.15600090764428434,0.0,,0.0,0.5773502691896257,5.0,0.08176100628930817,0.08176100628930817,percentage_based,Other,0,0,0,0,30-40,True,6.717391304347826,14,1,12,0.1
20,2,Noah Galloway,False,0.675,-0.5432688121286648,0.025000000000000022,0.65,0.0,0.5,10.0,0.07780979827089338,0.07780979827089338,percentage_based,Other,0,0,0,0,30-40,True,6.717391304347826,14,2,12,0.2
20,3,Noah Galloway,False,0.75,0.33507702439381404,0.07499999999999996,0.6625000000000001,0.017677669529663664,0.5773502691896257,5.0,0.09584664536741214,0.09584664536741214,percentage_based,Other,0,0,0,0,30-40,True,6.717391304347826,14,3,11,0.3
20,4,Noah Galloway,False,0.8,-0.1323243274173688,0.050000000000000044,0.6916666666666668,0.05204164998665325,0.0,6.0,0.09846153846153846,0.09846153846153846,percentage_based,Other,0,0,0,0,30-40,True,6.717391304347826,14,4,10,0.4
20,5,Noah Galloway,False,0.7,-0.5948627845868502,-0.10000000000000009,0.71875,0.06884463184107621,0.0,5.0,0.0989399293286219,0.0989399293286219,percentage_based,Other,0,0,0,0,30-40,True,6.717391304347826,14,5,9,0.5
20,6,Noah Galloway,False,0.85,-0.885584134489356,0.15000000000000002,0.7150000000000001,0.06020797289396144,0.408248290463863,6.0,0.12014134275618374,0.12014134275618374,percentage_based,Other,0,0,0,0,30-40,True,6.717391304347826,14,6,8,0.6
20,7,Noah Galloway,False,0.95,0.5058965781700248,0.09999999999999998,0.7374999999999999,0.07705517503711215,0.816496580927726,3.0,0.14960629921259844,0.14960629921259844,percentage_based,Other,0,0,0,0,30-40,True,6.717391304347826,14,7,7,0.7
20,8,Noah Galloway,False,0.7875,-0.899640215856102,-0.16249999999999998,0.7678571428571429,0.10676520745921637,0.25,5.0,0.14893617021276595,0.14893617021276595,percentage_based,Other,0,0,0,0,30-40,True,6.717391304347826,14,8,6,0.8
20,9,Noah Galloway,False,0.95,-1.3055824196677372,0.16249999999999998,0.7703125,0.09908904274871733,0.0,4.0,0.24203821656050956,0.24203821656050956,percentage_based,Other,0,0,0,0,30-40,True,6.717391304347826,14,9,4,0.9
20,10,Noah Galloway,False,0.9,-1.1547005383792517,-0.04999999999999993,0.7902777777777777,0.11035768865124182,0.0,3.0,0.3103448275862069,0.3103448275862069,percentage_based,Other,0,0,0,0,30-40,True,6.717391304347826,14,10,3,1.0
20,1,Patti LaBelle,False,0.625,-0.46800272293285444,0.0,,0.0,0.5,8.0,0.07861635220125786,0.07861635220125786,percentage_based,Music,0,0,0,0,60+,True,6.777777777777778,12,1,12,0.1
20,2,Patti LaBelle,False,0.7,-0.2598242144963193,0.07499999999999996,0.625,0.0,0.0,6.0,0.08069164265129683,0.08069164265129683,percentage_based,Music,0,0,0,0,60+,True,6.777777777777778,12,2,12,0.2
20,3,Patti LaBelle,False,0.55,-1.3994393371741616,-0.1499999999999999,0.6625,0.053033008588991036,0.5773502691896257,10.0,0.07028753993610223,0.07028753993610223,percentage_based,Music,0,0,0,0,60+,True,6.777777777777778,12,3,11,0.3
20,4,Patti LaBelle,False,0.75,-0.6616216370868464,0.19999999999999996,0.625,0.07499999999999996,0.5773502691896257,7.0,0.09230769230769231,0.09230769230769231,percentage_based,Music,0,0,0,0,60+,True,6.777777777777778,12,4,10,0.4
20,5,Patti LaBelle,False,0.675,-0.7675648833378708,-0.07499999999999996,0.65625,0.08749999999999998,0.5,7.0,0.09540636042402827,0.09540636042402827,percentage_based,Music,0,0,0,0,60+,True,6.777777777777778,12,5,9,0.5
20,6,Patti LaBelle,True,0.85,-0.885584134489356,0.17499999999999993,0.6599999999999999,0.07623975340988451,0.408248290463863,6.0,0.12014134275618374,0.12014134275618374,percentage_based,Music,0,0,0,0,60+,True,6.777777777777778,12,6,8,0.6
20,7,Patti LaBelle,False,,,0.0,0.6916666666666668,0.10327955589886444,0.0,8.0,0.0,0.0,percentage_based,Music,0,0,0,0,60+,True,6.777777777777778,12,7,7,0.7
20,8,Patti LaBelle,False,,,0.0,0.6916666666666668,0.10327955589886444,0.0,7.0,0.0,0.0,percentage_based,Music,0,0,0,0,60+,True,6.777777777777778,12,8,6,0.8
20,9,Patti LaBelle,False,,,0.0,0.6916666666666668,0.10327955589886444,0.0,5.0,0.0,0.0,percentage_based,Music,0,0,0,0,60+,True,6.777777777777778,12,9,4,0.9
20,10,Patti LaBelle,False,,,0.0,0.6916666666666668,0.10327955589886444,0.0,4.0,0.0,0.0,percentage_based,Music,0,0,0,0,60+,True,6.777777777777778,12,10,3,1.0
20,1,Redfoo,False,0.55,-1.4040081687985633,0.0,,0.0,0.5773502691896257,11.0,0.06918238993710692,0.06918238993710692,percentage_based,Music,0,0,0,0,30-40,True,7.7924528301886795,16,1,12,0.1
20,2,Redfoo,True,0.775,0.5905095784007213,0.22499999999999998,0.55,0.0,0.5,5.0,0.0893371757925072,0.0893371757925072,percentage_based,Music,0,0,0,0,30-40,True,7.7924528301886795,16,2,12,0.2
20,3,Redfoo,False,,,0.0,0.6625000000000001,0.15909902576697313,0.0,12.0,0.0,0.0,percentage_based,Music,0,0,0,0,30-40,True,7.7924528301886795,16,3,11,0.3
20,4,Redfoo,False,,,0.0,0.6625000000000001,0.15909902576697313,0.0,11.0,0.0,0.0,percentage_based,Music,0,0,0,0,30-40,True,7.7924528301886795,16,4,10,0.4
20,5,Redfoo,False,,,0.0,0.6625000000000001,0.15909902576697313,0.0,10.0,0.0,0.0,percentage_based,Music,0,0,0,0,30-40,True,7.7924528301886795,16,5,9,0.5
20,6,Redfoo,False,,,0.0,0.6625000000000001,0.15909902576697313,0.0,9.0,0.0,0.0,percentage_based,Music,0,0,0,0,30-40,True,7.7924528301886795,16,6,8,0.6
20,7,Redfoo,False,,,0.0,0.6625000000000001,0.15909902576697313,0.0,8.0,0.0,0.0,percentage_based,Music,0,0,0,0,30-40,True,7.7924528301886795,16,7,7,0.7
20,8,Redfoo,False,,,0.0,0.6625000000000001,0.15909902576697313,0.0,7.0,0.0,0.0,percentage_based,Music,0,0,0,0,30-40,True,7.7924528301886795,16,8,6,0.8
20,9,Redfoo,False,,,0.0,0.6625000000000001,0.15909902576697313,0.0,5.0,0.0,0.0,percentage_based,Music,0,0,0,0,30-40,True,7.7924528301886795,16,9,4,0.9
20,10,Redfoo,False,,,0.0,0.6625000000000001,0.15909902576697313,0.0,4.0,0.0,0.0,percentage_based,Music,0,0,0,0,30-40,True,7.7924528301886795,16,10,3,1.0
20,1,Riker Lynch,False,0.775,1.4040081687985648,0.0,,0.0,0.5,2.0,0.09748427672955975,0.09748427672955975,percentage_based,Entertainment,0,1,0,0,20-30,True,7.116279069767442,4,1,12,0.1
20,2,Riker Lynch,False,0.8,0.873954176033068,0.025000000000000022,0.775,0.0,0.0,2.0,0.09221902017291066,0.09221902017291066,percentage_based,Entertainment,0,1,0,0,20-30,True,7.116279069767442,4,2,12,0.2
20,3,Riker Lynch,False,0.85,1.2023352051778018,0.04999999999999993,0.7875000000000001,0.017677669529663664,1.0,1.0,0.10862619808306709,0.10862619808306709,percentage_based,Entertainment,0,1,0,0,20-30,True,7.116279069767442,4,3,11,0.3
20,4,Riker Lynch,False,0.85,0.3969729822521076,0.0,0.8083333333333332,0.03818813079129861,0.5773502691896257,4.0,0.10461538461538461,0.10461538461538461,percentage_based,Entertainment,0,1,0,0,20-30,True,7.116279069767442,4,4,10,0.4
20,5,Riker Lynch,False,0.95,1.1321582029233617,0.09999999999999998,0.81875,0.03749999999999996,0.5773502691896257,2.0,0.13427561837455831,0.13427561837455831,percentage_based,Entertainment,0,1,0,0,20-30,True,7.116279069767442,4,5,9,0.5
20,6,Riker Lynch,False,0.95,1.6906606203887666,0.0,0.845,0.06708203932499367,0.7071067811865476,1.0,0.13427561837455831,0.13427561837455831,percentage_based,Entertainment,0,1,0,0,20-30,True,7.116279069767442,4,6,8,0.6
20,7,Riker Lynch,False,0.925,0.23349072838616658,-0.02499999999999991,0.8624999999999999,0.07373940601876311,0.5,4.0,0.14566929133858267,0.14566929133858267,percentage_based,Entertainment,0,1,0,0,20-30,True,7.116279069767442,4,7,7,0.7
20,8,Riker Lynch,False,0.975,0.8996402158560999,0.04999999999999993,0.8714285714285713,0.07133922984085064,0.5,2.0,0.18439716312056736,0.18439716312056736,percentage_based,Entertainment,0,1,0,0,20-30,True,7.116279069767442,4,8,6,0.8
20,9,Riker Lynch,False,1.0,0.7833494518006368,0.025000000000000022,0.884375,0.0755190373349661,0.0,1.0,0.25477707006369427,0.25477707006369427,percentage_based,Entertainment,0,1,0,0,20-30,True,7.116279069767442,4,9,4,0.9
20,10,Riker Lynch,False,1.0,0.5773502691896258,0.0,0.8972222222222221,0.08047169964928322,0.0,1.0,0.3448275862068966,0.3448275862068966,percentage_based,Entertainment,0,1,0,0,20-30,True,7.116279069767442,4,10,3,1.0
20,1,Robert Herjavec,False,0.7,0.46800272293285444,0.0,,0.0,0.0,4.0,0.0880503144654088,0.0880503144654088,percentage_based,Other,0,0,0,0,50-60,False,6.163120567375887,14,1,12,0.1
20,2,Robert Herjavec,False,0.7,-0.2598242144963193,0.0,0.7,0.0,0.0,6.0,0.08069164265129683,0.08069164265129683,percentage_based,Other,0,0,0,0,50-60,False,6.163120567375887,14,2,12,0.2
20,3,Robert Herjavec,False,0.725,0.11826247919781682,0.025000000000000022,0.7,0.0,0.5,6.0,0.0926517571884984,0.0926517571884984,percentage_based,Other,0,0,0,0,50-60,False,6.163120567375887,14,3,11,0.3
20,4,Robert Herjavec,False,0.85,0.3969729822521076,0.125,0.7083333333333334,0.014433756729740673,0.5773502691896257,4.0,0.10461538461538461,0.10461538461538461,percentage_based,Other,0,0,0,0,50-60,False,6.163120567375887,14,4,10,0.4
20,5,Robert Herjavec,False,0.6,-1.2856711795909348,-0.25,0.7437499999999999,0.0718070330817254,0.0,9.0,0.08480565371024736,0.08480565371024736,percentage_based,Other,0,0,0,0,50-60,False,6.163120567375887,14,5,9,0.5
20,6,Robert Herjavec,False,0.8375,-1.2076147288491204,0.23750000000000004,0.715,0.0894427190999916,0.25,8.0,0.11837455830388692,0.11837455830388692,percentage_based,Other,0,0,0,0,50-60,False,6.163120567375887,14,6,8,0.6
20,7,Robert Herjavec,False,0.775,-1.4009443703169886,-0.0625,0.7354166666666666,0.0943453319813263,0.5,6.0,0.1220472440944882,0.1220472440944882,percentage_based,Other,0,0,0,0,50-60,False,6.163120567375887,14,7,7,0.7
20,8,Robert Herjavec,True,0.775,-1.019592244636915,0.0,0.7410714285714286,0.08741492462742877,0.5,6.0,0.14657210401891252,0.14657210401891252,percentage_based,Other,0,0,0,0,50-60,False,6.163120567375887,14,8,6,0.8
20,9,Robert Herjavec,False,,,0.0,0.7453125,0.08181465878959068,0.0,5.0,0.0,0.0,percentage_based,Other,0,0,0,0,50-60,False,6.163120567375887,14,9,4,0.9
20,10,Robert Herjavec,False,,,0.0,0.7453125,0.08181465878959068,0.0,4.0,0.0,0.0,percentage_based,Other,0,0,0,0,50-60,False,6.163120567375887,14,10,3,1.0
20,1,Rumer Willis,False,0.8,1.7160099840871348,0.0,,0.0,0.0,1.0,0.10062893081761007,0.10062893081761007,percentage_based,Entertainment,0,1,0,0,20-30,True,5.173469387755102,19,1,12,0.1
20,2,Rumer Willis,False,0.8,0.873954176033068,0.0,0.8,0.0,0.0,2.0,0.09221902017291066,0.09221902017291066,percentage_based,Entertainment,0,1,0,0,20-30,True,5.173469387755102,19,2,12,0.2
20,3,Rumer Willis,False,0.825,0.9855206599818046,0.02499999999999991,0.8,0.0,0.5,3.0,0.10543130990415335,0.10543130990415335,percentage_based,Entertainment,0,1,0,0,20-30,True,5.173469387755102,19,3,11,0.3
20,4,Rumer Willis,False,0.875,0.6616216370868464,0.050000000000000044,0.8083333333333332,0.014433756729740593,0.5,3.0,0.1076923076923077,0.1076923076923077,percentage_based,Entertainment,0,1,0,0,20-30,True,5.173469387755102,19,4,10,0.4
20,5,Rumer Willis,False,0.975,1.304860301674383,0.09999999999999998,0.825,0.035355339059327376,0.5,1.0,0.13780918727915195,0.13780918727915195,percentage_based,Entertainment,0,1,0,0,20-30,True,5.173469387755102,19,5,9,0.5
20,6,Rumer Willis,False,0.8875,0.08050764858993964,-0.08750000000000002,0.8550000000000001,0.07373940601876314,0.47871355387816905,4.0,0.1254416961130742,0.1254416961130742,percentage_based,Entertainment,0,1,0,0,20-30,True,5.173469387755102,19,6,8,0.6
20,7,Rumer Willis,False,0.925,0.23349072838616658,0.03750000000000009,0.8604166666666666,0.06727586243718223,0.5,4.0,0.14566929133858267,0.14566929133858267,percentage_based,Entertainment,0,1,0,0,20-30,True,5.173469387755102,19,7,7,0.7
20,8,Rumer Willis,False,1.0,1.139544273417727,0.07499999999999996,0.8696428571428572,0.0660875141294445,0.0,1.0,0.18912529550827423,0.18912529550827423,percentage_based,Entertainment,0,1,0,0,20-30,True,5.173469387755102,19,8,6,0.8
20,9,Rumer Willis,False,0.975,-0.26111648393355025,-0.025000000000000022,0.8859375,0.07660121105905762,0.28867513459481287,3.0,0.2484076433121019,0.2484076433121019,percentage_based,Entertainment,0,1,0,0,20-30,True,5.173469387755102,19,9,4,0.9
20,10,Rumer Willis,False,1.0,0.5773502691896258,0.025000000000000022,0.8958333333333334,0.07756046028744289,0.0,1.0,0.3448275862068966,0.3448275862068966,percentage_based,Entertainment,0,1,0,0,20-30,True,5.173469387755102,19,10,3,1.0
20,1,Suzanne Somers,False,0.625,-0.46800272293285444,0.0,,0.0,0.5,8.0,0.07861635220125786,0.07861635220125786,percentage_based,Entertainment,0,1,0,0,60+,True,7.702830188679245,21,1,12,0.1
20,2,Suzanne Somers,False,0.7,-0.2598242144963193,0.07499999999999996,0.625,0.0,0.0,6.0,0.08069164265129683,0.08069164265129683,percentage_based,Entertainment,0,1,0,0,60+,True,7.702830188679245,21,2,12,0.2
20,3,Suzanne Somers,False,0.625,-0.748995701586171,-0.07499999999999996,0.6625,0.053033008588991036,0.5,8.0,0.07987220447284345,0.07987220447284345,percentage_based,Entertainment,0,1,0,0,60+,True,7.702830188679245,21,3,11,0.3
20,4,Suzanne Somers,False,0.7,-1.190918946756324,0.07499999999999996,0.65,0.04330127018922192,0.0,9.0,0.08615384615384615,0.08615384615384615,percentage_based,Entertainment,0,1,0,0,60+,True,7.702830188679245,21,4,10,0.4
20,5,Suzanne Somers,True,0.7,-0.5948627845868502,0.0,0.6625,0.04330127018922191,0.0,5.0,0.0989399293286219,0.0989399293286219,percentage_based,Entertainment,0,1,0,0,60+,True,7.702830188679245,21,5,9,0.5
20,6,Suzanne Somers,False,,,0.0,0.6699999999999999,0.04107919181288744,0.0,9.0,0.0,0.0,percentage_based,Entertainment,0,1,0,0,60+,True,7.702830188679245,21,6,8,0.6
20,7,Suzanne Somers,False,,,0.0,0.6699999999999999,0.04107919181288744,0.0,8.0,0.0,0.0,percentage_based,Entertainment,0,1,0,0,60+,True,7.702830188679245,21,7,7,0.7
20,8,Suzanne Somers,False,,,0.0,0.6699999999999999,0.04107919181288744,0.0,7.0,0.0,0.0,percentage_based,Entertainment,0,1,0,0,60+,True,7.702830188679245,21,8,6,0.8
20,9,Suzanne Somers,False,,,0.0,0.6699999999999999,0.04107919181288744,0.0,5.0,0.0,0.0,percentage_based,Entertainment,0,1,0,0,60+,True,7.702830188679245,21,9,4,0.9
20,10,Suzanne Somers,False,,,0.0,0.6699999999999999,0.04107919181288744,0.0,4.0,0.0,0.0,percentage_based,Entertainment,0,1,0,0,60+,True,7.702830188679245,21,10,3,1.0
20,1,Willow Shields,False,0.625,-0.46800272293285444,0.0,,0.0,0.5,8.0,0.07861635220125786,0.07861635220125786,percentage_based,Entertainment,0,1,0,0,Under 20,True,5.134883720930232,21,1,12,0.1
20,2,Willow Shields,False,0.8,0.873954176033068,0.17500000000000004,0.625,0.0,0.0,2.0,0.09221902017291066,0.09221902017291066,percentage_based,Entertainment,0,1,0,0,Under 20,True,5.134883720930232,21,2,12,0.2
20,3,Willow Shields,False,0.8,0.7687061147858084,0.0,0.7125,0.12374368670764585,0.0,4.0,0.10223642172523961,0.10223642172523961,percentage_based,Entertainment,0,1,0,0,Under 20,True,5.134883720930232,21,3,11,0.3
20,4,Willow Shields,False,0.975,1.7202162564258003,0.17499999999999993,0.7416666666666667,0.10103629710818453,0.5,1.0,0.12,0.12,percentage_based,Entertainment,0,1,0,0,Under 20,True,5.134883720930232,21,4,10,0.4
20,5,Willow Shields,False,0.85,0.4413498079192771,-0.125,0.8,0.14288690166235204,0.5773502691896257,4.0,0.12014134275618374,0.12014134275618374,percentage_based,Entertainment,0,1,0,0,Under 20,True,5.134883720930232,21,5,9,0.5
20,6,Willow Shields,False,0.9125,0.724568837309471,0.0625,0.8099999999999999,0.1257477633995929,0.47871355387816905,2.0,0.12897526501766785,0.12897526501766785,percentage_based,Entertainment,0,1,0,0,Under 20,True,5.134883720930232,21,6,8,0.6
20,7,Willow Shields,True,0.975,0.7783024279538842,0.0625,0.8270833333333334,0.12000434019928888,0.5,2.0,0.15354330708661418,0.15354330708661418,percentage_based,Entertainment,0,1,0,0,Under 20,True,5.134883720930232,21,7,7,0.7
20,8,Willow Shields,False,,,0.0,0.8482142857142857,0.12298978858115857,0.0,7.0,0.0,0.0,percentage_based,Entertainment,0,1,0,0,Under 20,True,5.134883720930232,21,8,6,0.8
20,9,Willow Shields,False,,,0.0,0.8482142857142857,0.12298978858115857,0.0,5.0,0.0,0.0,percentage_based,Entertainment,0,1,0,0,Under 20,True,5.134883720930232,21,9,4,0.9
20,10,Willow Shields,False,,,0.0,0.8482142857142857,0.12298978858115857,0.0,4.0,0.0,0.0,percentage_based,Entertainment,0,1,0,0,Under 20,True,5.134883720930232,21,10,3,1.0
21,1,Alek Skarlatos,False,0.7333333333333333,0.6188222706555669,0.0,,0.0,0.5773502691896258,5.0,0.088,0.088,percentage_based,Other,0,0,0,0,20-30,True,5.135416666666667,10,1,13,0.09090909090909091
21,2,Alek Skarlatos,False,0.75,0.5595380708016253,0.01666666666666672,0.7333333333333333,0.0,0.5,4.0,0.08317929759704251,0.08317929759704251,percentage_based,Other,0,0,0,0,20-30,True,5.135416666666667,10,2,13,0.18181818181818182
21,3,Alek Skarlatos,False,0.825,0.5073825686188028,0.07499999999999996,0.7416666666666667,0.01178511301977579,0.5,3.0,0.10819672131147541,0.10819672131147541,percentage_based,Other,0,0,0,0,20-30,True,5.135416666666667,10,3,10,0.2727272727272727
21,4,Alek Skarlatos,False,0.8,0.09720503535124995,-0.02499999999999991,0.7694444444444444,0.048828877309019234,0.0,6.0,0.1016949152542373,0.1016949152542373,percentage_based,Other,0,0,0,0,20-30,True,5.135416666666667,10,4,10,0.36363636363636365
21,5,Alek Skarlatos,False,0.725,-0.8839913921757283,-0.07500000000000007,0.7770833333333333,0.04269562819149828,0.5,7.0,0.09634551495016612,0.09634551495016612,percentage_based,Other,0,0,0,0,20-30,True,5.135416666666667,10,5,9,0.45454545454545453
21,6,Alek Skarlatos,False,0.75,-0.8082335533562607,0.025000000000000022,0.7666666666666666,0.0437003686737563,0.5773502691896257,7.0,0.09584664536741214,0.09584664536741214,percentage_based,Other,0,0,0,0,20-30,True,5.135416666666667,10,6,9,0.5454545454545454
21,7,Alek Skarlatos,False,0.8833333333333333,-1.4230249470757734,0.1333333333333333,0.7638888888888888,0.0396746023807936,0.2886751345948129,8.0,0.11990950226244344,0.11990950226244344,percentage_based,Other,0,0,0,0,20-30,True,5.135416666666667,10,7,8,0.6363636363636364
21,8,Alek Skarlatos,False,0.8333333333333334,-1.0689904013135192,-0.04999999999999993,0.780952380952381,0.057878041819568515,0.5773502691896257,6.0,0.12886637793725134,0.12886637793725134,percentage_based,Other,0,0,0,0,20-30,True,5.135416666666667,10,8,7,0.7272727272727273
21,9,Alek Skarlatos,False,0.85,-0.8452683953536204,0.016666666666666607,0.7875,0.05669467095138407,0.0,5.0,0.15501519756838905,0.15501519756838905,percentage_based,Other,0,0,0,0,20-30,True,5.135416666666667,10,9,6,0.8181818181818182
21,10,Alek Skarlatos,False,0.95,-0.2611164839335482,0.09999999999999998,0.7944444444444445,0.05697830971323892,0.0,3.0,0.24050632911392406,0.24050632911392406,percentage_based,Other,0,0,0,0,20-30,True,5.135416666666667,10,10,4,0.9090909090909091
21,11,Alek Skarlatos,False,0.9333299999999999,-1.4999999999999991,-0.016670000000000074,0.8099999999999999,0.07283924461137385,0.0,4.0,0.23728748922668577,0.23728748922668577,percentage_based,Other,0,0,0,0,20-30,True,5.135416666666667,10,11,4,1.0
21,1,Alexa PenaVega,False,0.7333333333333333,0.6188222706555669,0.0,,0.0,0.5773502691896258,5.0,0.088,0.088,percentage_based,Entertainment,0,1,0,0,20-30,True,5.134883720930232,21,1,13,0.09090909090909091
21,2,Alexa PenaVega,False,0.7666666666666667,0.7248561371748335,0.03333333333333344,0.7333333333333333,0.0,0.28867513459481287,3.0,0.08502772643253234,0.08502772643253234,percentage_based,Entertainment,0,1,0,0,20-30,True,5.134883720930232,21,2,13,0.18181818181818182
21,3,Alexa PenaVega,False,0.9,1.1162416509613677,0.1333333333333333,0.75,0.023570226039551657,0.0,1.0,0.1180327868852459,0.1180327868852459,percentage_based,Entertainment,0,1,0,0,20-30,True,5.134883720930232,21,3,10,0.2727272727272727
21,4,Alexa PenaVega,False,0.7,-0.6318327297831268,-0.20000000000000007,0.7999999999999999,0.08819171036881969,0.0,8.0,0.08898305084745763,0.08898305084745763,percentage_based,Entertainment,0,1,0,0,20-30,True,5.134883720930232,21,4,10,0.36363636363636365
21,5,Alexa PenaVega,False,1.0,1.3038873034591985,0.30000000000000004,0.775,0.08766518798921948,0.0,1.0,0.132890365448505,0.132890365448505,percentage_based,Entertainment,0,1,0,0,20-30,True,5.134883720930232,21,5,9,0.45454545454545453
21,6,Alexa PenaVega,False,0.75,-0.8082335533562607,-0.25,0.82,0.12605113600792692,0.5773502691896257,7.0,0.09584664536741214,0.09584664536741214,percentage_based,Entertainment,0,1,0,0,20-30,True,5.134883720930232,21,6,9,0.5454545454545454
21,7,Alexa PenaVega,False,0.9166666666666666,-0.15811388300842255,0.16666666666666663,0.8083333333333332,0.11630897548245268,0.2886751345948129,5.0,0.1244343891402715,0.1244343891402715,percentage_based,Entertainment,0,1,0,0,20-30,True,5.134883720930232,21,7,8,0.6363636363636364
21,8,Alexa PenaVega,False,0.8999933333333333,-0.13368226276911038,-0.016673333333333318,0.8238095238095238,0.11379690439434392,0.5773502691896258,5.0,0.13917465724120795,0.13917465724120795,percentage_based,Entertainment,0,1,0,0,20-30,True,5.134883720930232,21,8,7,0.7272727272727273
21,9,Alexa PenaVega,True,1.0,1.139274793737489,0.10000666666666669,0.8333325,0.10874405660460437,0.0,1.0,0.182370820668693,0.182370820668693,percentage_based,Entertainment,0,1,0,0,20-30,True,5.134883720930232,21,9,6,0.8181818181818182
21,10,Alexa PenaVega,False,,,0.0,0.8518511111111111,0.11590324298022614,0.0,5.0,0.0,0.0,percentage_based,Entertainment,0,1,0,0,20-30,True,5.134883720930232,21,10,4,0.9090909090909091
21,11,Alexa PenaVega,False,,,0.0,0.8518511111111111,0.11590324298022614,0.0,5.0,0.0,0.0,percentage_based,Entertainment,0,1,0,0,20-30,True,5.134883720930232,21,11,4,1.0
21,1,Andy Grammer,False,0.7,0.39535867291883425,0.0,,0.0,0.0,7.0,0.084,0.084,percentage_based,Music,0,0,0,0,30-40,True,7.116279069767442,4,1,13,0.09090909090909091
21,2,Andy Grammer,False,0.7333333333333333,0.39422000442841704,0.033333333333333326,0.7,0.0,0.28867513459481287,8.0,0.08133086876155268,0.08133086876155268,percentage_based,Music,0,0,0,0,30-40,True,7.116279069767442,4,2,13,0.18181818181818182
21,3,Andy Grammer,False,0.725,-0.30442954117128296,-0.008333333333333304,0.7166666666666666,0.02357022603955162,0.5,8.0,0.09508196721311475,0.09508196721311475,percentage_based,Music,0,0,0,0,30-40,True,7.116279069767442,4,3,10,0.2727272727272727
21,4,Andy Grammer,False,0.7666666666666667,-0.14580755302687534,0.04166666666666674,0.7194444444444444,0.017347216662217814,0.5773502691896258,7.0,0.09745762711864407,0.09745762711864407,percentage_based,Music,0,0,0,0,30-40,True,7.116279069767442,4,4,10,0.36363636363636365
21,5,Andy Grammer,False,0.9,0.5082950505010435,0.1333333333333333,0.73125,0.02753364944666537,0.0,4.0,0.11960132890365449,0.11960132890365449,percentage_based,Music,0,0,0,0,30-40,True,7.116279069767442,4,5,9,0.45454545454545453
21,6,Andy Grammer,False,1.0,0.883418069947542,0.09999999999999998,0.765,0.07914473380389181,0.0,1.0,0.12779552715654952,0.12779552715654952,percentage_based,Music,0,0,0,0,30-40,True,7.116279069767442,4,6,9,0.5454545454545454
21,7,Andy Grammer,False,0.9333333333333333,0.47434164902525505,-0.06666666666666665,0.8041666666666667,0.11922783977652945,0.2886751345948129,2.0,0.12669683257918551,0.12669683257918551,percentage_based,Music,0,0,0,0,30-40,True,7.116279069767442,4,7,8,0.6363636363636364
21,8,Andy Grammer,True,0.7999933333333333,-1.5367847808375315,-0.13334000000000001,0.8226190476190476,0.11928745681963948,0.5773502691896263,7.0,0.1237106918887378,0.1237106918887378,percentage_based,Music,0,0,0,0,30-40,True,7.116279069767442,4,8,7,0.7272727272727273
21,9,Andy Grammer,False,,,0.0,0.8197908333333334,0.11072805600437467,0.0,7.0,0.0,0.0,percentage_based,Music,0,0,0,0,30-40,True,7.116279069767442,4,9,6,0.8181818181818182
21,10,Andy Grammer,False,,,0.0,0.8197908333333334,0.11072805600437467,0.0,5.0,0.0,0.0,percentage_based,Music,0,0,0,0,30-40,True,7.116279069767442,4,10,4,0.9090909090909091
21,11,Andy Grammer,False,,,0.0,0.8197908333333334,0.11072805600437467,0.0,5.0,0.0,0.0,percentage_based,Music,0,0,0,0,30-40,True,7.116279069767442,4,11,4,1.0
21,1,Bindi Irwin,False,0.8,1.0657494661290332,0.0,,0.0,0.0,1.0,0.096,0.096,percentage_based,Media,0,0,0,0,Under 20,False,2.954285714285714,17,1,13,0.09090909090909091
21,2,Bindi Irwin,False,0.8,1.055492269921249,0.0,0.8,0.0,0.0,2.0,0.08872458410351201,0.08872458410351201,percentage_based,Media,0,0,0,0,Under 20,False,2.954285714285714,17,2,13,0.18181818181818182
21,3,Bindi Irwin,False,0.8,0.30442954117128207,0.0,0.8,0.0,0.0,5.0,0.10491803278688525,0.10491803278688525,percentage_based,Media,0,0,0,0,Under 20,False,2.954285714285714,17,3,10,0.2727272727272727
21,4,Bindi Irwin,False,0.9333333333333333,1.0692553888637513,0.1333333333333333,0.8,0.0,0.5773502691896257,1.0,0.11864406779661017,0.11864406779661017,percentage_based,Media,0,0,0,0,Under 20,False,2.954285714285714,17,4,10,0.36363636363636365
21,5,Bindi Irwin,False,0.925,0.7071931137405825,-0.008333333333333304,0.8333333333333334,0.06666666666666665,0.5,3.0,0.12292358803986711,0.12292358803986711,percentage_based,Media,0,0,0,0,Under 20,False,2.954285714285714,17,5,9,0.45454545454545453
21,6,Bindi Irwin,False,1.0,0.883418069947542,0.07499999999999996,0.8516666666666668,0.07080881928749333,0.0,1.0,0.12779552715654952,0.12779552715654952,percentage_based,Media,0,0,0,0,Under 20,False,2.954285714285714,17,6,9,0.5454545454545454
21,7,Bindi Irwin,False,0.9666666666666667,1.739252713092606,-0.033333333333333326,0.876388888888889,0.0876255712719794,0.2886751345948129,1.0,0.13122171945701358,0.13122171945701358,percentage_based,Media,0,0,0,0,Under 20,False,2.954285714285714,17,7,8,0.6363636363636364
21,8,Bindi Irwin,False,0.9333333333333333,0.33411211675490177,-0.033333333333333326,0.8892857142857143,0.08696453695519046,0.5773502691896257,3.0,0.1443303432897215,0.1443303432897215,percentage_based,Media,0,0,0,0,Under 20,False,2.954285714285714,17,8,7,0.7272727272727273
21,9,Bindi Irwin,False,1.0,1.139274793737489,0.06666666666666665,0.8947916666666667,0.08200579489783266,0.0,1.0,0.182370820668693,0.182370820668693,percentage_based,Media,0,0,0,0,Under 20,False,2.954285714285714,17,9,6,0.8181818181818182
21,10,Bindi Irwin,False,1.0,0.7833494518006399,0.0,0.9064814814814814,0.08434570250382765,0.0,1.0,0.26582278481012656,0.26582278481012656,percentage_based,Media,0,0,0,0,Under 20,False,2.954285714285714,17,10,4,0.9090909090909091
21,11,Bindi Irwin,False,1.0,0.5000000000000008,0.0,0.9158333333333333,0.08484281035618636,0.0,1.0,0.25423750359110475,0.25423750359110475,percentage_based,Media,0,0,0,0,Under 20,False,2.954285714285714,17,11,4,1.0
21,1,Carlos PenaVega,False,0.7666666666666667,0.8422858683923004,0.0,,0.0,0.5773502691896258,3.0,0.092,0.092,percentage_based,Entertainment,0,1,0,0,20-30,True,5.485294117647059,14,1,13,0.09090909090909091
21,2,Carlos PenaVega,False,0.75,0.5595380708016253,-0.01666666666666672,0.7666666666666667,0.0,0.0,4.0,0.08317929759704251,0.08317929759704251,percentage_based,Entertainment,0,1,0,0,20-30,True,5.485294117647059,14,2,13,0.18181818181818182
21,3,Carlos PenaVega,False,0.775,0.10147651372376038,0.025000000000000022,0.7583333333333333,0.01178511301977579,0.5,6.0,0.10163934426229508,0.10163934426229508,percentage_based,Entertainment,0,1,0,0,20-30,True,5.485294117647059,14,3,10,0.2727272727272727
21,4,Carlos PenaVega,False,0.8333333333333334,0.34021762372937525,0.05833333333333335,0.763888888888889,0.012729376930432922,0.5773502691896257,5.0,0.1059322033898305,0.1059322033898305,percentage_based,Entertainment,0,1,0,0,20-30,True,5.485294117647059,14,4,10,0.36363636363636365
21,5,Carlos PenaVega,False,0.975,1.1049892402196595,0.1416666666666666,0.78125,0.03624441208527751,0.5,2.0,0.12956810631229235,0.12956810631229235,percentage_based,Entertainment,0,1,0,0,20-30,True,5.485294117647059,14,5,9,0.45454545454545453
21,6,Carlos PenaVega,False,0.95,0.5450877452867812,-0.025000000000000022,0.82,0.09215777533966171,0.5773502691896257,5.0,0.12140575079872204,0.12140575079872204,percentage_based,Entertainment,0,1,0,0,20-30,True,5.485294117647059,14,6,9,0.5454545454545454
21,7,Carlos PenaVega,False,0.9333333333333333,0.47434164902525505,-0.016666666666666607,0.8416666666666667,0.09803627446568497,0.5773502691896257,2.0,0.12669683257918551,0.12669683257918551,percentage_based,Entertainment,0,1,0,0,20-30,True,5.485294117647059,14,7,8,0.6363636363636364
21,8,Carlos PenaVega,False,0.96666,0.8017194159431703,0.033326666666666616,0.8547619047619047,0.0959669530862374,0.0,2.0,0.14948396747618806,0.14948396747618806,percentage_based,Entertainment,0,1,0,0,20-30,True,5.485294117647059,14,8,7,0.7272727272727273
21,9,Carlos PenaVega,False,0.9,-0.18375399898991684,-0.06665999999999994,0.8687491666666667,0.09725810451805263,0.0,4.0,0.1641337386018237,0.1641337386018237,percentage_based,Entertainment,0,1,0,0,20-30,True,5.485294117647059,14,9,6,0.8181818181818182
21,10,Carlos PenaVega,False,1.0,0.7833494518006399,0.09999999999999998,0.8722214814814815,0.09157106128137608,0.5,1.0,0.26582278481012656,0.26582278481012656,percentage_based,Entertainment,0,1,0,0,20-30,True,5.485294117647059,14,10,4,0.9090909090909091
21,11,Carlos PenaVega,True,1.0,0.5000000000000008,0.0,0.8849993333333334,0.09532207913110449,0.0,1.0,0.25423750359110475,0.25423750359110475,percentage_based,Entertainment,0,1,0,0,20-30,True,5.485294117647059,14,11,4,1.0
21,1,Chaka Khan,False,0.43333333333333335,-1.3923501089750274,0.0,,0.0,0.5773502691896258,12.0,0.052,0.052,percentage_based,Music,0,0,0,0,60+,True,10.011627906976743,9,1,13,0.09090909090909091
21,2,Chaka Khan,True,0.5,-1.9202329247964909,0.06666666666666665,0.43333333333333335,0.0,0.0,13.0,0.05545286506469501,0.05545286506469501,percentage_based,Music,0,0,0,0,60+,True,10.011627906976743,9,2,13,0.18181818181818182
21,3,Chaka Khan,False,,,0.0,0.4666666666666667,0.04714045207910316,0.0,11.0,0.0,0.0,percentage_based,Music,0,0,0,0,60+,True,10.011627906976743,9,3,10,0.2727272727272727
21,4,Chaka Khan,False,,,0.0,0.4666666666666667,0.04714045207910316,0.0,11.0,0.0,0.0,percentage_based,Music,0,0,0,0,60+,True,10.011627906976743,9,4,10,0.36363636363636365
21,5,Chaka Khan,False,,,0.0,0.4666666666666667,0.04714045207910316,0.0,10.0,0.0,0.0,percentage_based,Music,0,0,0,0,60+,True,10.011627906976743,9,5,9,0.45454545454545453
21,6,Chaka Khan,False,,,0.0,0.4666666666666667,0.04714045207910316,0.0,10.0,0.0,0.0,percentage_based,Music,0,0,0,0,60+,True,10.011627906976743,9,6,9,0.5454545454545454
21,7,Chaka Khan,False,,,0.0,0.4666666666666667,0.04714045207910316,0.0,9.0,0.0,0.0,percentage_based,Music,0,0,0,0,60+,True,10.011627906976743,9,7,8,0.6363636363636364
21,8,Chaka Khan,False,,,0.0,0.4666666666666667,0.04714045207910316,0.0,8.0,0.0,0.0,percentage_based,Music,0,0,0,0,60+,True,10.011627906976743,9,8,7,0.7272727272727273
21,9,Chaka Khan,False,,,0.0,0.4666666666666667,0.04714045207910316,0.0,7.0,0.0,0.0,percentage_based,Music,0,0,0,0,60+,True,10.011627906976743,9,9,6,0.8181818181818182
21,10,Chaka Khan,False,,,0.0,0.4666666666666667,0.04714045207910316,0.0,5.0,0.0,0.0,percentage_based,Music,0,0,0,0,60+,True,10.011627906976743,9,10,4,0.9090909090909091
21,11,Chaka Khan,False,,,0.0,0.4666666666666667,0.04714045207910316,0.0,5.0,0.0,0.0,percentage_based,Music,0,0,0,0,60+,True,10.011627906976743,9,11,4,1.0
21,1,Gary Busey,False,0.5,-0.945422913501562,0.0,,0.0,0.0,9.0,0.06,0.06,percentage_based,Entertainment,0,1,0,0,60+,True,8.220183486238533,11,1,13,0.09090909090909091
21,2,Gary Busey,False,0.55,-1.4242787256768672,0.050000000000000044,0.5,0.0,0.0,12.0,0.06099815157116451,0.06099815157116451,percentage_based,Entertainment,0,1,0,0,60+,True,8.220183486238533,11,2,13,0.18181818181818182
21,3,Gary Busey,False,0.625,-1.1162416509613686,0.07499999999999996,0.525,0.03535533905932741,0.5,9.0,0.08196721311475409,0.08196721311475409,percentage_based,Entertainment,0,1,0,0,60+,True,8.220183486238533,11,3,10,0.2727272727272727
21,4,Gary Busey,True,0.5333333333333333,-1.8468956716737532,-0.09166666666666667,0.5583333333333333,0.06291528696058958,0.5773502691896258,10.0,0.06779661016949153,0.06779661016949153,percentage_based,Entertainment,0,1,0,0,60+,True,8.220183486238533,11,4,10,0.36363636363636365
21,5,Gary Busey,False,,,0.0,0.5520833333333334,0.05286907308520634,0.0,10.0,0.0,0.0,percentage_based,Entertainment,0,1,0,0,60+,True,8.220183486238533,11,5,9,0.45454545454545453
21,6,Gary Busey,False,,,0.0,0.5520833333333334,0.05286907308520634,0.0,10.0,0.0,0.0,percentage_based,Entertainment,0,1,0,0,60+,True,8.220183486238533,11,6,9,0.5454545454545454
21,7,Gary Busey,False,,,0.0,0.5520833333333334,0.05286907308520634,0.0,9.0,0.0,0.0,percentage_based,Entertainment,0,1,0,0,60+,True,8.220183486238533,11,7,8,0.6363636363636364
21,8,Gary Busey,False,,,0.0,0.5520833333333334,0.05286907308520634,0.0,8.0,0.0,0.0,percentage_based,Entertainment,0,1,0,0,60+,True,8.220183486238533,11,8,7,0.7272727272727273
21,9,Gary Busey,False,,,0.0,0.5520833333333334,0.05286907308520634,0.0,7.0,0.0,0.0,percentage_based,Entertainment,0,1,0,0,60+,True,8.220183486238533,11,9,6,0.8181818181818182
21,10,Gary Busey,False,,,0.0,0.5520833333333334,0.05286907308520634,0.0,5.0,0.0,0.0,percentage_based,Entertainment,0,1,0,0,60+,True,8.220183486238533,11,10,4,0.9090909090909091
21,11,Gary Busey,False,,,0.0,0.5520833333333334,0.05286907308520634,0.0,5.0,0.0,0.0,percentage_based,Entertainment,0,1,0,0,60+,True,8.220183486238533,11,11,4,1.0
21,1,Hayes Grier,False,0.7,0.39535867291883425,0.0,,0.0,0.0,7.0,0.084,0.084,percentage_based,Social Media,0,0,0,0,Under 20,True,7.7924528301886795,16,1,13,0.09090909090909091
21,2,Hayes Grier,False,0.75,0.5595380708016253,0.050000000000000044,0.7,0.0,0.5,4.0,0.08317929759704251,0.08317929759704251,percentage_based,Social Media,0,0,0,0,Under 20,True,7.7924528301886795,16,2,13,0.18181818181818182
21,3,Hayes Grier,False,0.75,-0.10147651372376128,0.0,0.725,0.03535533905932741,0.5773502691896257,7.0,0.09836065573770492,0.09836065573770492,percentage_based,Social Media,0,0,0,0,Under 20,True,7.7924528301886795,16,3,10,0.2727272727272727
21,4,Hayes Grier,False,0.9,0.8262428004856259,0.15000000000000002,0.7333333333333334,0.028867513459481322,0.0,2.0,0.11440677966101695,0.11440677966101695,percentage_based,Social Media,0,0,0,0,Under 20,True,7.7924528301886795,16,4,10,0.36363636363636365
21,5,Hayes Grier,False,0.75,-0.6850933289361893,-0.15000000000000002,0.775,0.08660254037844392,0.5773502691896257,6.0,0.09966777408637874,0.09966777408637874,percentage_based,Social Media,0,0,0,0,Under 20,True,7.7924528301886795,16,5,9,0.45454545454545453
21,6,Hayes Grier,False,0.8,-0.46990322869549983,0.050000000000000044,0.77,0.07582875444051555,0.0,6.0,0.10223642172523961,0.10223642172523961,percentage_based,Social Media,0,0,0,0,Under 20,True,7.7924528301886795,16,6,9,0.5454545454545454
21,7,Hayes Grier,True,0.9333333333333333,0.47434164902525505,0.1333333333333333,0.775,0.06892024376045115,0.2886751345948129,2.0,0.12669683257918551,0.12669683257918551,percentage_based,Social Media,0,0,0,0,Under 20,True,7.7924528301886795,16,7,8,0.6363636363636364
21,8,Hayes Grier,False,,,0.0,0.7976190476190476,0.08683134537528801,0.0,8.0,0.0,0.0,percentage_based,Social Media,0,0,0,0,Under 20,True,7.7924528301886795,16,8,7,0.7272727272727273
21,9,Hayes Grier,False,,,0.0,0.7976190476190476,0.08683134537528801,0.0,7.0,0.0,0.0,percentage_based,Social Media,0,0,0,0,Under 20,True,7.7924528301886795,16,9,6,0.8181818181818182
21,10,Hayes Grier,False,,,0.0,0.7976190476190476,0.08683134537528801,0.0,5.0,0.0,0.0,percentage_based,Social Media,0,0,0,0,Under 20,True,7.7924528301886795,16,10,4,0.9090909090909091
21,11,Hayes Grier,False,,,0.0,0.7976190476190476,0.08683134537528801,0.0,5.0,0.0,0.0,percentage_based,Social Media,0,0,0,0,Under 20,True,7.7924528301886795,16,11,4,1.0
21,1,Kim Zolciak-Biermann,False,0.4,-1.6158137067117602,0.0,,0.0,0.0,13.0,0.048,0.048,percentage_based,Media,0,0,0,0,30-40,True,7.702830188679245,21,1,13,0.09090909090909091
21,2,Kim Zolciak-Biermann,False,0.6166666666666667,-0.7630064601840363,0.21666666666666667,0.4,0.0,0.28867513459481287,9.0,0.06839186691312385,0.06839186691312385,percentage_based,Media,0,0,0,0,30-40,True,7.702830188679245,21,2,13,0.18181818181818182
21,3,Kim Zolciak-Biermann,False,,,0.0,0.5083333333333333,0.15320646925708534,0.0,11.0,0.0,0.0,percentage_based,Media,0,0,0,0,30-40,True,7.702830188679245,21,3,10,0.2727272727272727
21,4,Kim Zolciak-Biermann,False,,,0.0,0.5083333333333333,0.15320646925708534,0.0,11.0,0.0,0.0,percentage_based,Media,0,0,0,0,30-40,True,7.702830188679245,21,4,10,0.36363636363636365
21,5,Kim Zolciak-Biermann,False,,,0.0,0.5083333333333333,0.15320646925708534,0.0,10.0,0.0,0.0,percentage_based,Media,0,0,0,0,30-40,True,7.702830188679245,21,5,9,0.45454545454545453
21,6,Kim Zolciak-Biermann,False,,,0.0,0.5083333333333333,0.15320646925708534,0.0,10.0,0.0,0.0,percentage_based,Media,0,0,0,0,30-40,True,7.702830188679245,21,6,9,0.5454545454545454
21,7,Kim Zolciak-Biermann,False,,,0.0,0.5083333333333333,0.15320646925708534,0.0,9.0,0.0,0.0,percentage_based,Media,0,0,0,0,30-40,True,7.702830188679245,21,7,8,0.6363636363636364
21,8,Kim Zolciak-Biermann,False,,,0.0,0.5083333333333333,0.15320646925708534,0.0,8.0,0.0,0.0,percentage_based,Media,0,0,0,0,30-40,True,7.702830188679245,21,8,7,0.7272727272727273
21,9,Kim Zolciak-Biermann,False,,,0.0,0.5083333333333333,0.15320646925708534,0.0,7.0,0.0,0.0,percentage_based,Media,0,0,0,0,30-40,True,7.702830188679245,21,9,6,0.8181818181818182
21,10,Kim Zolciak-Biermann,False,,,0.0,0.5083333333333333,0.15320646925708534,0.0,5.0,0.0,0.0,percentage_based,Media,0,0,0,0,30-40,True,7.702830188679245,21,10,4,0.9090909090909091
21,11,Kim Zolciak-Biermann,False,,,0.0,0.5083333333333333,0.15320646925708534,0.0,5.0,0.0,0.0,percentage_based,Media,0,0,0,0,30-40,True,7.702830188679245,21,11,4,1.0
21,1,Nick Carter,False,0.8,1.0657494661290332,0.0,,0.0,0.0,1.0,0.096,0.096,percentage_based,Music,0,0,0,0,30-40,True,6.717391304347826,14,1,13,0.09090909090909091
21,2,Nick Carter,False,0.75,0.5595380708016253,-0.050000000000000044,0.8,0.0,0.0,4.0,0.08317929759704251,0.08317929759704251,percentage_based,Music,0,0,0,0,30-40,True,6.717391304347826,14,2,13,0.18181818181818182
21,3,Nick Carter,False,0.9,1.1162416509613677,0.15000000000000002,0.775,0.03535533905932741,0.0,1.0,0.1180327868852459,0.1180327868852459,percentage_based,Music,0,0,0,0,30-40,True,6.717391304347826,14,3,10,0.2727272727272727
21,4,Nick Carter,False,0.9,0.8262428004856259,0.0,0.8166666666666668,0.07637626158259736,0.0,2.0,0.11440677966101695,0.11440677966101695,percentage_based,Music,0,0,0,0,30-40,True,6.717391304347826,14,4,10,0.36363636363636365
21,5,Nick Carter,False,0.875,0.30939698726150455,-0.025000000000000022,0.8375,0.07500000000000001,0.5,5.0,0.11627906976744186,0.11627906976744186,percentage_based,Music,0,0,0,0,30-40,True,6.717391304347826,14,5,9,0.45454545454545453
21,6,Nick Carter,False,0.975,0.7142529076171616,0.09999999999999998,0.845,0.06708203932499371,0.5,4.0,0.12460063897763578,0.12460063897763578,percentage_based,Music,0,0,0,0,30-40,True,6.717391304347826,14,6,9,0.5454545454545454
21,7,Nick Carter,False,0.9,-0.790569415042096,-0.07499999999999996,0.8666666666666667,0.08010409893798612,0.0,6.0,0.12217194570135746,0.12217194570135746,percentage_based,Music,0,0,0,0,30-40,True,6.717391304347826,14,7,8,0.6363636363636364
21,8,Nick Carter,False,1.0,1.2695137954671825,0.09999999999999998,0.8714285714285713,0.07420210496308297,0.0,1.0,0.17010361887717176,0.17010361887717176,percentage_based,Music,0,0,0,0,30-40,True,6.717391304347826,14,8,7,0.7272727272727273
21,9,Nick Carter,False,0.9166666666666666,0.03675079979798337,-0.08333333333333337,0.8875,0.08237544710479142,0.2886751345948129,3.0,0.16717325227963525,0.16717325227963525,percentage_based,Music,0,0,0,0,30-40,True,6.717391304347826,14,9,6,0.8181818181818182
21,10,Nick Carter,False,0.9,-1.305582419667734,-0.016666666666666607,0.8907407407407408,0.0776660904445323,0.0,4.0,0.22784810126582278,0.22784810126582278,percentage_based,Music,0,0,0,0,30-40,True,6.717391304347826,14,10,4,0.9090909090909091
21,11,Nick Carter,False,1.0,0.5000000000000008,0.09999999999999998,0.8916666666666666,0.073282810879294,0.0,1.0,0.25423750359110475,0.25423750359110475,percentage_based,Music,0,0,0,0,30-40,True,6.717391304347826,14,11,4,1.0
21,1,Paula Deen,False,0.5,-0.945422913501562,0.0,,0.0,0.0,9.0,0.06,0.06,percentage_based,Media,0,0,0,0,60+,True,7.114285714285714,11,1,13,0.09090909090909091
21,2,Paula Deen,False,0.6166666666666667,-0.7630064601840363,0.1166666666666667,0.5,0.0,0.28867513459481287,9.0,0.06839186691312385,0.06839186691312385,percentage_based,Media,0,0,0,0,60+,True,7.114285714285714,11,2,13,0.18181818181818182
21,3,Paula Deen,False,0.5,-2.131006788198976,-0.1166666666666667,0.5583333333333333,0.08249579113843056,0.0,10.0,0.06557377049180328,0.06557377049180328,percentage_based,Media,0,0,0,0,60+,True,7.114285714285714,11,3,10,0.2727272727272727
21,4,Paula Deen,False,0.6,-1.3608704949175028,0.09999999999999998,0.5388888888888889,0.06735753140545635,0.0,9.0,0.07627118644067797,0.07627118644067797,percentage_based,Media,0,0,0,0,60+,True,7.114285714285714,11,4,10,0.36363636363636365
21,5,Paula Deen,False,0.65,-1.4806855818943443,0.050000000000000044,0.5541666666666667,0.06291528696058958,0.5773502691896257,9.0,0.08637873754152824,0.08637873754152824,percentage_based,Media,0,0,0,0,60+,True,7.114285714285714,11,5,9,0.45454545454545453
21,6,Paula Deen,True,0.6,-1.8232245273385423,-0.050000000000000044,0.5733333333333334,0.0693221144769514,0.0,9.0,0.07667731629392971,0.07667731629392971,percentage_based,Media,0,0,0,0,60+,True,7.114285714285714,11,6,9,0.5454545454545454
21,7,Paula Deen,False,,,0.0,0.5777777777777778,0.06295206877429019,0.0,9.0,0.0,0.0,percentage_based,Media,0,0,0,0,60+,True,7.114285714285714,11,7,8,0.6363636363636364
21,8,Paula Deen,False,,,0.0,0.5777777777777778,0.06295206877429019,0.0,8.0,0.0,0.0,percentage_based,Media,0,0,0,0,60+,True,7.114285714285714,11,8,7,0.7272727272727273
21,9,Paula Deen,False,,,0.0,0.5777777777777778,0.06295206877429019,0.0,7.0,0.0,0.0,percentage_based,Media,0,0,0,0,60+,True,7.114285714285714,11,9,6,0.8181818181818182
21,10,Paula Deen,False,,,0.0,0.5777777777777778,0.06295206877429019,0.0,5.0,0.0,0.0,percentage_based,Media,0,0,0,0,60+,True,7.114285714285714,11,10,4,0.9090909090909091
21,11,Paula Deen,False,,,0.0,0.5777777777777778,0.06295206877429019,0.0,5.0,0.0,0.0,percentage_based,Media,0,0,0,0,60+,True,7.114285714285714,11,11,4,1.0
21,1,Tamar Braxton,False,0.7666666666666667,0.8422858683923004,0.0,,0.0,0.5773502691896258,3.0,0.092,0.092,percentage_based,Music,0,0,0,0,30-40,True,5.173469387755102,19,1,13,0.09090909090909091
21,2,Tamar Braxton,False,0.8166666666666667,1.2208103362944562,0.04999999999999993,0.7666666666666667,0.0,0.2886751345948129,1.0,0.09057301293900184,0.09057301293900184,percentage_based,Music,0,0,0,0,30-40,True,5.173469387755102,19,2,13,0.18181818181818182
21,3,Tamar Braxton,False,0.825,0.5073825686188028,0.008333333333333304,0.7916666666666667,0.03535533905932729,0.5,3.0,0.10819672131147541,0.10819672131147541,percentage_based,Music,0,0,0,0,30-40,True,5.173469387755102,19,3,10,0.2727272727272727
21,4,Tamar Braxton,False,0.9,0.8262428004856259,0.07500000000000007,0.8027777777777777,0.03154949081000143,0.0,2.0,0.11440677966101695,0.11440677966101695,percentage_based,Music,0,0,0,0,30-40,True,5.173469387755102,19,4,10,0.36363636363636365
21,5,Tamar Braxton,False,0.725,-0.8839913921757283,-0.17500000000000004,0.8270833333333334,0.05501472866760651,0.5,7.0,0.09634551495016612,0.09634551495016612,percentage_based,Music,0,0,0,0,30-40,True,5.173469387755102,19,5,9,0.45454545454545453
21,6,Tamar Braxton,False,1.0,0.883418069947542,0.275,0.8066666666666666,0.06598610964943052,0.0,1.0,0.12779552715654952,0.12779552715654952,percentage_based,Music,0,0,0,0,30-40,True,5.173469387755102,19,6,9,0.5454545454545454
21,7,Tamar Braxton,False,0.9,-0.790569415042096,-0.09999999999999998,0.8388888888888889,0.0985543655195596,0.0,6.0,0.12217194570135746,0.12217194570135746,percentage_based,Music,0,0,0,0,30-40,True,5.173469387755102,19,7,8,0.6363636363636364
21,8,Tamar Braxton,False,0.9333333333333333,0.33411211675490177,0.033333333333333326,0.8476190476190476,0.09288511992049908,0.5773502691896257,3.0,0.1443303432897215,0.1443303432897215,percentage_based,Music,0,0,0,0,30-40,True,5.173469387755102,19,8,7,0.7272727272727273
21,9,Tamar Braxton,False,0.8166666666666667,-1.2862779929294224,-0.1166666666666667,0.8583333333333333,0.0911783530422219,0.2886751345948129,6.0,0.14893617021276595,0.14893617021276595,percentage_based,Music,0,0,0,0,30-40,True,5.173469387755102,19,9,6,0.8181818181818182
21,10,Tamar Braxton,False,,,0.0,0.8537037037037037,0.08641300127945709,0.0,5.0,0.0,0.0,percentage_based,Music,0,0,0,0,30-40,True,5.173469387755102,19,10,4,0.9090909090909091
21,11,Tamar Braxton,False,,,0.0,0.8537037037037037,0.08641300127945709,0.0,5.0,0.0,0.0,percentage_based,Music,0,0,0,0,30-40,True,5.173469387755102,19,11,4,1.0
21,1,Victor Espinoza,False,0.5,-0.945422913501562,0.0,,0.0,0.0,9.0,0.06,0.06,percentage_based,Sports,0,0,0,0,40-50,False,6.711956521739131,18,1,13,0.09090909090909091
21,2,Victor Espinoza,True,0.6166666666666667,-0.7630064601840363,0.1166666666666667,0.5,0.0,0.5773502691896258,9.0,0.06839186691312385,0.06839186691312385,percentage_based,Sports,0,0,0,0,40-50,False,6.711956521739131,18,2,13,0.18181818181818182
21,3,Victor Espinoza,False,,,0.0,0.5583333333333333,0.08249579113843056,0.0,11.0,0.0,0.0,percentage_based,Sports,0,0,0,0,40-50,False,6.711956521739131,18,3,10,0.2727272727272727
21,4,Victor Espinoza,False,,,0.0,0.5583333333333333,0.08249579113843056,0.0,11.0,0.0,0.0,percentage_based,Sports,0,0,0,0,40-50,False,6.711956521739131,18,4,10,0.36363636363636365
21,5,Victor Espinoza,False,,,0.0,0.5583333333333333,0.08249579113843056,0.0,10.0,0.0,0.0,percentage_based,Sports,0,0,0,0,40-50,False,6.711956521739131,18,5,9,0.45454545454545453
21,6,Victor Espinoza,False,,,0.0,0.5583333333333333,0.08249579113843056,0.0,10.0,0.0,0.0,percentage_based,Sports,0,0,0,0,40-50,False,6.711956521739131,18,6,9,0.5454545454545454
21,7,Victor Espinoza,False,,,0.0,0.5583333333333333,0.08249579113843056,0.0,9.0,0.0,0.0,percentage_based,Sports,0,0,0,0,40-50,False,6.711956521739131,18,7,8,0.6363636363636364
21,8,Victor Espinoza,False,,,0.0,0.5583333333333333,0.08249579113843056,0.0,8.0,0.0,0.0,percentage_based,Sports,0,0,0,0,40-50,False,6.711956521739131,18,8,7,0.7272727272727273
21,9,Victor Espinoza,False,,,0.0,0.5583333333333333,0.08249579113843056,0.0,7.0,0.0,0.0,percentage_based,Sports,0,0,0,0,40-50,False,6.711956521739131,18,9,6,0.8181818181818182
21,10,Victor Espinoza,False,,,0.0,0.5583333333333333,0.08249579113843056,0.0,5.0,0.0,0.0,percentage_based,Sports,0,0,0,0,40-50,False,6.711956521739131,18,10,4,0.9090909090909091
21,11,Victor Espinoza,False,,,0.0,0.5583333333333333,0.08249579113843056,0.0,5.0,0.0,0.0,percentage_based,Sports,0,0,0,0,40-50,False,6.711956521739131,18,11,4,1.0
22,1,Antonio Brown,False,0.7,0.3780626838652456,0.0,,0.0,1.0,4.0,0.08860759493670886,0.08860759493670886,percentage_based,Sports,0,0,0,0,20-30,True,6.717391304347826,14,1,12,0.1
22,2,Antonio Brown,False,0.6333333333333333,-0.21210793255115393,-0.06666666666666665,0.7,0.0,0.5773502691896258,9.0,0.08050847457627118,0.08050847457627118,percentage_based,Sports,0,0,0,0,20-30,True,6.717391304347826,14,2,12,0.2
22,3,Antonio Brown,False,0.6666666666666666,-0.7476591451270218,0.033333333333333326,0.6666666666666666,0.04714045207910316,0.5773502691896258,8.0,0.08438818565400844,0.08438818565400844,percentage_based,Sports,0,0,0,0,20-30,True,6.717391304347826,14,3,11,0.3
22,4,Antonio Brown,False,0.875,0.7377700143570012,0.20833333333333337,0.6666666666666666,0.033333333333333326,0.5,3.0,0.109717868338558,0.109717868338558,percentage_based,Sports,0,0,0,0,20-30,True,6.717391304347826,14,4,10,0.4
22,5,Antonio Brown,False,0.65,-1.3199326582148887,-0.22499999999999998,0.71875,0.10766352764601943,0.5773502691896257,9.0,0.09420289855072464,0.09420289855072464,percentage_based,Sports,0,0,0,0,20-30,True,6.717391304347826,14,5,9,0.5
22,6,Antonio Brown,False,0.9,0.7291583221596418,0.25,0.705,0.09817784316682095,0.0,3.0,0.11894273127753303,0.11894273127753303,percentage_based,Sports,0,0,0,0,20-30,True,6.717391304347826,14,6,9,0.6
22,7,Antonio Brown,False,0.8666666666666667,-0.7783117824941573,-0.033333333333333326,0.7374999999999999,0.11852683709232739,0.2886751345948129,5.0,0.12149532710280374,0.12149532710280374,percentage_based,Sports,0,0,0,0,20-30,True,6.717391304347826,14,7,8,0.7
22,8,Antonio Brown,False,0.9,-0.6011297132511335,0.033333333333333326,0.755952380952381,0.11870386878955745,0.0,5.0,0.15976331360946747,0.15976331360946747,percentage_based,Sports,0,0,0,0,20-30,True,6.717391304347826,14,8,6,0.8
22,9,Antonio Brown,True,0.9166666666666666,-1.15738277320899,0.016666666666666607,0.7739583333333333,0.12112546787630575,0.2886751345948129,5.0,0.1916376306620209,0.1916376306620209,percentage_based,Sports,0,0,0,0,20-30,True,6.717391304347826,14,9,5,0.9
22,10,Antonio Brown,False,,,0.0,0.7898148148148149,0.12288331311441483,0.0,4.0,0.0,0.0,percentage_based,Sports,0,0,0,0,20-30,True,6.717391304347826,14,10,3,1.0
22,1,Doug Flutie,False,0.5,-1.4366381986879346,0.0,,0.0,0.0,11.0,0.06329113924050633,0.06329113924050633,percentage_based,Sports,0,0,0,0,50-60,True,6.711956521739131,18,1,12,0.1
22,2,Doug Flutie,False,0.6666666666666666,0.10605396627557644,0.16666666666666663,0.5,0.0,0.5773502691896258,5.0,0.0847457627118644,0.0847457627118644,percentage_based,Sports,0,0,0,0,50-60,True,6.711956521739131,18,2,12,0.2
22,3,Doug Flutie,False,0.6666666666666666,-0.7476591451270218,0.0,0.5833333333333333,0.11785113019775793,0.5773502691896258,8.0,0.08438818565400844,0.08438818565400844,percentage_based,Sports,0,0,0,0,50-60,True,6.711956521739131,18,3,11,0.3
22,4,Doug Flutie,False,0.6,-1.8801235849742932,-0.06666666666666665,0.611111111111111,0.09622504486493764,0.0,10.0,0.07523510971786834,0.07523510971786834,percentage_based,Sports,0,0,0,0,50-60,True,6.711956521739131,18,4,10,0.4
22,5,Doug Flutie,False,0.7,-0.7542472332656516,0.09999999999999998,0.6083333333333333,0.07876359377087681,0.0,7.0,0.10144927536231885,0.10144927536231885,percentage_based,Sports,0,0,0,0,50-60,True,6.711956521739131,18,5,9,0.5
22,6,Doug Flutie,True,0.7,-1.7317510151291466,0.0,0.6266666666666667,0.07958224257542215,0.0,9.0,0.09251101321585903,0.09251101321585903,percentage_based,Sports,0,0,0,0,50-60,True,6.711956521739131,18,6,9,0.6
22,7,Doug Flutie,False,,,0.0,0.6388888888888888,0.0772202237950847,0.0,9.0,0.0,0.0,percentage_based,Sports,0,0,0,0,50-60,True,6.711956521739131,18,7,8,0.7
22,8,Doug Flutie,False,,,0.0,0.6388888888888888,0.0772202237950847,0.0,7.0,0.0,0.0,percentage_based,Sports,0,0,0,0,50-60,True,6.711956521739131,18,8,6,0.8
22,9,Doug Flutie,False,,,0.0,0.6388888888888888,0.0772202237950847,0.0,6.0,0.0,0.0,percentage_based,Sports,0,0,0,0,50-60,True,6.711956521739131,18,9,5,0.9
22,10,Doug Flutie,False,,,0.0,0.6388888888888888,0.0772202237950847,0.0,4.0,0.0,0.0,percentage_based,Sports,0,0,0,0,50-60,True,6.711956521739131,18,10,3,1.0
22,1,Geraldo Rivera,False,0.43333333333333335,-2.041538492872328,0.0,,0.0,0.5773502691896258,12.0,0.05485232067510549,0.05485232067510549,percentage_based,Media,0,0,0,0,60+,True,7.495238095238095,11,1,12,0.1
22,2,Geraldo Rivera,True,0.43333333333333335,-2.121079325511536,0.0,0.43333333333333335,0.0,0.5773502691896258,12.0,0.05508474576271186,0.05508474576271186,percentage_based,Media,0,0,0,0,60+,True,7.495238095238095,11,2,12,0.2
22,3,Geraldo Rivera,False,,,0.0,0.43333333333333335,0.0,0.0,12.0,0.0,0.0,percentage_based,Media,0,0,0,0,60+,True,7.495238095238095,11,3,11,0.3
22,4,Geraldo Rivera,False,,,0.0,0.43333333333333335,0.0,0.0,11.0,0.0,0.0,percentage_based,Media,0,0,0,0,60+,True,7.495238095238095,11,4,10,0.4
22,5,Geraldo Rivera,False,,,0.0,0.43333333333333335,0.0,0.0,10.0,0.0,0.0,percentage_based,Media,0,0,0,0,60+,True,7.495238095238095,11,5,9,0.5
22,6,Geraldo Rivera,False,,,0.0,0.43333333333333335,0.0,0.0,10.0,0.0,0.0,percentage_based,Media,0,0,0,0,60+,True,7.495238095238095,11,6,9,0.6
22,7,Geraldo Rivera,False,,,0.0,0.43333333333333335,0.0,0.0,9.0,0.0,0.0,percentage_based,Media,0,0,0,0,60+,True,7.495238095238095,11,7,8,0.7
22,8,Geraldo Rivera,False,,,0.0,0.43333333333333335,0.0,0.0,7.0,0.0,0.0,percentage_based,Media,0,0,0,0,60+,True,7.495238095238095,11,8,6,0.8
22,9,Geraldo Rivera,False,,,0.0,0.43333333333333335,0.0,0.0,6.0,0.0,0.0,percentage_based,Media,0,0,0,0,60+,True,7.495238095238095,11,9,5,0.9
22,10,Geraldo Rivera,False,,,0.0,0.43333333333333335,0.0,0.0,4.0,0.0,0.0,percentage_based,Media,0,0,0,0,60+,True,7.495238095238095,11,10,3,1.0
22,1,Ginger Zee,False,0.7666666666666667,0.9829629780496401,0.0,,0.0,0.5773502691896258,1.0,0.0970464135021097,0.0970464135021097,percentage_based,Other,0,0,0,0,30-40,True,5.173469387755102,19,1,12,0.1
22,2,Ginger Zee,False,0.7,0.4242158651023068,-0.06666666666666676,0.7666666666666667,0.0,0.0,3.0,0.08898305084745763,0.08898305084745763,percentage_based,Other,0,0,0,0,30-40,True,5.173469387755102,19,2,12,0.2
22,3,Ginger Zee,False,0.7,-0.2638796982801254,0.0,0.7333333333333334,0.04714045207910327,0.0,6.0,0.08860759493670886,0.08860759493670886,percentage_based,Other,0,0,0,0,30-40,True,5.173469387755102,19,3,11,0.3
22,4,Ginger Zee,False,0.9,0.9757603415689372,0.20000000000000007,0.7222222222222222,0.03849001794597514,0.0,1.0,0.11285266457680251,0.11285266457680251,percentage_based,Other,0,0,0,0,30-40,True,5.173469387755102,19,4,10,0.4
22,5,Ginger Zee,False,0.8,0.3771236166328252,-0.09999999999999998,0.7666666666666666,0.09428090415820639,0.0,3.0,0.11594202898550725,0.11594202898550725,percentage_based,Other,0,0,0,0,30-40,True,5.173469387755102,19,5,9,0.5
22,6,Ginger Zee,False,0.8,-0.5012963464847517,0.0,0.7733333333333333,0.08299933065325828,0.0,6.0,0.10572687224669604,0.10572687224669604,percentage_based,Other,0,0,0,0,30-40,True,5.173469387755102,19,6,9,0.6
22,7,Ginger Zee,False,0.9166666666666666,0.7783117824941539,0.11666666666666659,0.7777777777777778,0.07503085784948509,0.2886751345948129,2.0,0.12850467289719625,0.12850467289719625,percentage_based,Other,0,0,0,0,30-40,True,5.173469387755102,19,7,8,0.7
22,8,Ginger Zee,False,1.0,0.9446324065375006,0.08333333333333337,0.7976190476190476,0.08629652337776969,0.0,1.0,0.17751479289940827,0.17751479289940827,percentage_based,Other,0,0,0,0,30-40,True,5.173469387755102,19,8,6,0.8
22,9,Ginger Zee,False,0.9333333333333333,-0.6751399510385764,-0.06666666666666665,0.8229166666666667,0.10725192860958814,0.2886751345948129,4.0,0.1951219512195122,0.1951219512195122,percentage_based,Other,0,0,0,0,30-40,True,5.173469387755102,19,9,5,0.9
22,10,Ginger Zee,False,0.94444,-0.9999499987504347,0.011106666666666598,0.8351851851851851,0.10686324478706302,0.192430844720903,3.0,0.32567046285270274,0.32567046285270274,percentage_based,Other,0,0,0,0,30-40,True,5.173469387755102,19,10,3,1.0
22,1,Jodie Sweetin,False,0.6666666666666666,0.07561253677304892,0.0,,0.0,0.5773502691896258,8.0,0.08438818565400844,0.08438818565400844,percentage_based,Entertainment,0,1,0,0,30-40,True,10.011627906976743,9,1,12,0.1
22,2,Jodie Sweetin,False,0.7,0.4242158651023068,0.033333333333333326,0.6666666666666666,0.0,0.0,3.0,0.08898305084745763,0.08898305084745763,percentage_based,Entertainment,0,1,0,0,30-40,True,10.011627906976743,9,2,12,0.2
22,3,Jodie Sweetin,False,0.7666666666666667,0.7036791954136689,0.06666666666666676,0.6833333333333333,0.02357022603955154,0.5773502691896258,3.0,0.0970464135021097,0.0970464135021097,percentage_based,Entertainment,0,1,0,0,30-40,True,10.011627906976743,9,3,11,0.3
22,4,Jodie Sweetin,False,0.675,-1.166152603338485,-0.09166666666666667,0.7111111111111111,0.050917507721731564,0.5,9.0,0.08463949843260188,0.08463949843260188,percentage_based,Entertainment,0,1,0,0,30-40,True,10.011627906976743,9,4,10,0.4
22,5,Jodie Sweetin,False,0.875,1.2256517540566816,0.19999999999999996,0.7020833333333334,0.04532546908911311,0.5,2.0,0.12681159420289856,0.12681159420289856,percentage_based,Entertainment,0,1,0,0,30-40,True,10.011627906976743,9,5,9,0.5
22,6,Jodie Sweetin,False,0.8333333333333334,-0.09114479026995387,-0.04166666666666663,0.7366666666666667,0.08672273827165129,0.5773502691896257,4.0,0.11013215859030837,0.11013215859030837,percentage_based,Entertainment,0,1,0,0,30-40,True,10.011627906976743,9,6,9,0.6
22,7,Jodie Sweetin,False,0.85,-1.29718630415693,0.016666666666666607,0.7527777777777778,0.08702915645962607,0.5,8.0,0.1191588785046729,0.1191588785046729,percentage_based,Entertainment,0,1,0,0,30-40,True,10.011627906976743,9,7,8,0.7
22,8,Jodie Sweetin,True,1.0,0.9446324065375006,0.15000000000000002,0.7666666666666667,0.08753306253660406,0.0,1.0,0.17751479289940827,0.17751479289940827,percentage_based,Entertainment,0,1,0,0,30-40,True,10.011627906976743,9,8,6,0.8
22,9,Jodie Sweetin,False,,,0.0,0.7958333333333334,0.11564175661505612,0.0,6.0,0.0,0.0,percentage_based,Entertainment,0,1,0,0,30-40,True,10.011627906976743,9,9,5,0.9
22,10,Jodie Sweetin,False,,,0.0,0.7958333333333334,0.11564175661505612,0.0,4.0,0.0,0.0,percentage_based,Entertainment,0,1,0,0,30-40,True,10.011627906976743,9,10,3,1.0
22,1,Kim Fields,False,0.6666666666666666,0.07561253677304892,0.0,,0.0,0.5773502691896258,8.0,0.08438818565400844,0.08438818565400844,percentage_based,Entertainment,0,1,0,0,40-50,True,6.076923076923077,12,1,12,0.1
22,2,Kim Fields,False,0.6333333333333333,-0.21210793255115393,-0.033333333333333326,0.6666666666666666,0.0,0.5773502691896258,9.0,0.08050847457627118,0.08050847457627118,percentage_based,Entertainment,0,1,0,0,40-50,True,6.076923076923077,12,2,12,0.2
22,3,Kim Fields,False,0.7333333333333333,0.21989974856677091,0.09999999999999998,0.6499999999999999,0.02357022603955154,0.5773502691896258,5.0,0.09282700421940929,0.09282700421940929,percentage_based,Entertainment,0,1,0,0,40-50,True,6.076923076923077,12,3,11,0.3
22,4,Kim Fields,False,0.8,0.023799032721194133,0.06666666666666676,0.6777777777777777,0.050917507721731564,0.0,6.0,0.10031347962382445,0.10031347962382445,percentage_based,Entertainment,0,1,0,0,40-50,True,6.076923076923077,12,4,10,0.4
22,5,Kim Fields,False,0.7,-0.7542472332656516,-0.10000000000000009,0.7083333333333333,0.07391185942027824,1.1547005383792515,7.0,0.10144927536231885,0.10144927536231885,percentage_based,Entertainment,0,1,0,0,40-50,True,6.076923076923077,12,5,9,0.5
22,6,Kim Fields,False,0.8,-0.5012963464847517,0.10000000000000009,0.7066666666666667,0.06411794687223787,0.0,6.0,0.10572687224669604,0.10572687224669604,percentage_based,Entertainment,0,1,0,0,40-50,True,6.076923076923077,12,6,9,0.6
22,7,Kim Fields,True,0.8666666666666667,-0.7783117824941573,0.06666666666666665,0.7222222222222222,0.06885303726590972,0.2886751345948129,5.0,0.12149532710280374,0.12149532710280374,percentage_based,Entertainment,0,1,0,0,40-50,True,6.076923076923077,12,7,8,0.7
22,8,Kim Fields,False,,,0.0,0.7428571428571429,0.08325393042503727,0.0,7.0,0.0,0.0,percentage_based,Entertainment,0,1,0,0,40-50,True,6.076923076923077,12,8,6,0.8
22,9,Kim Fields,False,,,0.0,0.7428571428571429,0.08325393042503727,0.0,6.0,0.0,0.0,percentage_based,Entertainment,0,1,0,0,40-50,True,6.076923076923077,12,9,5,0.9
22,10,Kim Fields,False,,,0.0,0.7428571428571429,0.08325393042503727,0.0,4.0,0.0,0.0,percentage_based,Entertainment,0,1,0,0,40-50,True,6.076923076923077,12,10,3,1.0
22,1,Marla Maples,False,0.7,0.3780626838652456,0.0,,0.0,0.0,4.0,0.08860759493670886,0.08860759493670886,percentage_based,Media,0,0,0,0,50-60,True,7.702830188679245,21,1,12,0.1
22,2,Marla Maples,False,0.6666666666666666,0.10605396627557644,-0.033333333333333326,0.7,0.0,0.5773502691896258,5.0,0.0847457627118644,0.0847457627118644,percentage_based,Media,0,0,0,0,50-60,True,7.702830188679245,21,2,12,0.2
22,3,Marla Maples,False,0.7,-0.2638796982801254,0.033333333333333326,0.6833333333333333,0.02357022603955162,0.0,6.0,0.08860759493670886,0.08860759493670886,percentage_based,Media,0,0,0,0,50-60,True,7.702830188679245,21,3,11,0.3
22,4,Marla Maples,True,0.7,-0.92816227612655,0.0,0.6888888888888888,0.01924500897298753,0.0,8.0,0.0877742946708464,0.0877742946708464,percentage_based,Media,0,0,0,0,50-60,True,7.702830188679245,21,4,10,0.4
22,5,Marla Maples,False,,,0.0,0.6916666666666667,0.016666666666666663,0.0,10.0,0.0,0.0,percentage_based,Media,0,0,0,0,50-60,True,7.702830188679245,21,5,9,0.5
22,6,Marla Maples,False,,,0.0,0.6916666666666667,0.016666666666666663,0.0,10.0,0.0,0.0,percentage_based,Media,0,0,0,0,50-60,True,7.702830188679245,21,6,9,0.6
22,7,Marla Maples,False,,,0.0,0.6916666666666667,0.016666666666666663,0.0,9.0,0.0,0.0,percentage_based,Media,0,0,0,0,50-60,True,7.702830188679245,21,7,8,0.7
22,8,Marla Maples,False,,,0.0,0.6916666666666667,0.016666666666666663,0.0,7.0,0.0,0.0,percentage_based,Media,0,0,0,0,50-60,True,7.702830188679245,21,8,6,0.8
22,9,Marla Maples,False,,,0.0,0.6916666666666667,0.016666666666666663,0.0,6.0,0.0,0.0,percentage_based,Media,0,0,0,0,50-60,True,7.702830188679245,21,9,5,0.9
22,10,Marla Maples,False,,,0.0,0.6916666666666667,0.016666666666666663,0.0,4.0,0.0,0.0,percentage_based,Media,0,0,0,0,50-60,True,7.702830188679245,21,10,3,1.0
22,1,Mischa Barton,False,0.5333333333333333,-1.1341880515957379,0.0,,0.0,0.5773502691896258,10.0,0.06751054852320675,0.06751054852320675,percentage_based,Entertainment,0,1,0,0,20-30,False,6.777777777777778,12,1,12,0.1
22,2,Mischa Barton,False,0.5,-1.4847555278580753,-0.033333333333333326,0.5333333333333333,0.0,0.0,11.0,0.0635593220338983,0.0635593220338983,percentage_based,Entertainment,0,1,0,0,20-30,False,6.777777777777778,12,2,12,0.2
22,3,Mischa Barton,True,0.6,-1.7152180388208145,0.09999999999999998,0.5166666666666666,0.02357022603955154,0.0,11.0,0.0759493670886076,0.0759493670886076,percentage_based,Entertainment,0,1,0,0,20-30,False,6.777777777777778,12,3,11,0.3
22,4,Mischa Barton,False,,,0.0,0.5444444444444444,0.050917507721731564,0.0,11.0,0.0,0.0,percentage_based,Entertainment,0,1,0,0,20-30,False,6.777777777777778,12,4,10,0.4
22,5,Mischa Barton,False,,,0.0,0.5444444444444444,0.050917507721731564,0.0,10.0,0.0,0.0,percentage_based,Entertainment,0,1,0,0,20-30,False,6.777777777777778,12,5,9,0.5
22,6,Mischa Barton,False,,,0.0,0.5444444444444444,0.050917507721731564,0.0,10.0,0.0,0.0,percentage_based,Entertainment,0,1,0,0,20-30,False,6.777777777777778,12,6,9,0.6
22,7,Mischa Barton,False,,,0.0,0.5444444444444444,0.050917507721731564,0.0,9.0,0.0,0.0,percentage_based,Entertainment,0,1,0,0,20-30,False,6.777777777777778,12,7,8,0.7
22,8,Mischa Barton,False,,,0.0,0.5444444444444444,0.050917507721731564,0.0,7.0,0.0,0.0,percentage_based,Entertainment,0,1,0,0,20-30,False,6.777777777777778,12,8,6,0.8
22,9,Mischa Barton,False,,,0.0,0.5444444444444444,0.050917507721731564,0.0,6.0,0.0,0.0,percentage_based,Entertainment,0,1,0,0,20-30,False,6.777777777777778,12,9,5,0.9
22,10,Mischa Barton,False,,,0.0,0.5444444444444444,0.050917507721731564,0.0,4.0,0.0,0.0,percentage_based,Entertainment,0,1,0,0,20-30,False,6.777777777777778,12,10,3,1.0
22,1,Nyle DiMarco,False,0.7666666666666667,0.9829629780496401,0.0,,0.0,0.5773502691896258,1.0,0.0970464135021097,0.0970464135021097,percentage_based,Fashion,0,0,0,0,20-30,True,7.419354838709677,15,1,12,0.1
22,2,Nyle DiMarco,False,0.6666666666666666,0.10605396627557644,-0.10000000000000009,0.7666666666666667,0.0,0.5773502691896258,5.0,0.0847457627118644,0.0847457627118644,percentage_based,Fashion,0,0,0,0,20-30,True,7.419354838709677,15,2,12,0.2
22,3,Nyle DiMarco,False,0.8333333333333334,1.6712380891074616,0.16666666666666674,0.7166666666666667,0.07071067811865482,0.5773502691896257,1.0,0.10548523206751055,0.10548523206751055,percentage_based,Fashion,0,0,0,0,20-30,True,7.419354838709677,15,3,11,0.3
22,4,Nyle DiMarco,False,0.85,0.49977968714506515,0.016666666666666607,0.7555555555555555,0.08388704928078616,0.5773502691896257,5.0,0.10658307210031348,0.10658307210031348,percentage_based,Fashion,0,0,0,0,20-30,True,7.419354838709677,15,4,10,0.4
22,5,Nyle DiMarco,False,0.925,1.7913371790059198,0.07500000000000007,0.7791666666666667,0.08319432851039968,0.5,1.0,0.13405797101449277,0.13405797101449277,percentage_based,Fashion,0,0,0,0,20-30,True,7.419354838709677,15,5,9,0.5
22,6,Nyle DiMarco,False,0.8333333333333334,-0.09114479026995387,-0.09166666666666667,0.8083333333333333,0.09718253158075503,0.5773502691896257,4.0,0.11013215859030837,0.11013215859030837,percentage_based,Fashion,0,0,0,0,20-30,True,7.419354838709677,15,6,9,0.6
22,7,Nyle DiMarco,False,0.9333333333333333,1.2971863041569267,0.09999999999999998,0.8125,0.08751983902077418,0.2886751345948129,1.0,0.1308411214953271,0.1308411214953271,percentage_based,Fashion,0,0,0,0,20-30,True,7.419354838709677,15,7,8,0.7
22,8,Nyle DiMarco,False,0.9666666666666667,0.4293783666079559,0.033333333333333326,0.8297619047619048,0.09202670994833699,0.5773502691896257,3.0,0.17159763313609466,0.17159763313609466,percentage_based,Fashion,0,0,0,0,20-30,True,7.419354838709677,15,8,6,0.8
22,9,Nyle DiMarco,False,0.95,-0.19289712886816607,-0.01666666666666672,0.846875,0.09798946128951586,0.0,3.0,0.1986062717770035,0.1986062717770035,percentage_based,Fashion,0,0,0,0,20-30,True,7.419354838709677,15,9,5,0.9
22,10,Nyle DiMarco,False,0.96666,-9.999499987569841e-05,0.016660000000000008,0.8583333333333333,0.09789450103725608,0.0,2.0,0.3333325670462853,0.3333325670462853,percentage_based,Fashion,0,0,0,0,20-30,True,7.419354838709677,15,10,3,1.0
22,1,Paige VanZant,False,0.7,0.3780626838652456,0.0,,0.0,0.0,4.0,0.08860759493670886,0.08860759493670886,percentage_based,Sports,0,0,0,0,20-30,True,5.134883720930232,21,1,12,0.1
22,2,Paige VanZant,False,0.8,1.378701561582499,0.10000000000000009,0.7,0.0,0.0,1.0,0.1016949152542373,0.1016949152542373,percentage_based,Sports,0,0,0,0,20-30,True,5.134883720930232,21,2,12,0.2
22,3,Paige VanZant,False,0.7666666666666667,0.7036791954136689,-0.033333333333333326,0.75,0.07071067811865482,0.5773502691896258,3.0,0.0970464135021097,0.0970464135021097,percentage_based,Sports,0,0,0,0,20-30,True,5.134883720930232,21,3,11,0.3
22,4,Paige VanZant,False,0.9,0.9757603415689372,0.1333333333333333,0.7555555555555555,0.050917507721731606,0.0,1.0,0.11285266457680251,0.11285266457680251,percentage_based,Sports,0,0,0,0,20-30,True,5.134883720930232,21,4,10,0.4
22,5,Paige VanZant,False,0.775,0.09428090415820597,-0.125,0.7916666666666667,0.08333333333333338,0.5,4.0,0.11231884057971014,0.11231884057971014,percentage_based,Sports,0,0,0,0,20-30,True,5.134883720930232,21,5,9,0.5
22,6,Paige VanZant,False,0.9333333333333333,1.1393098783744398,0.15833333333333333,0.7883333333333333,0.07255266286559642,0.5773502691896257,2.0,0.12334801762114538,0.12334801762114538,percentage_based,Sports,0,0,0,0,20-30,True,5.134883720930232,21,6,9,0.6
22,7,Paige VanZant,False,0.9166666666666666,0.7783117824941539,-0.01666666666666672,0.8125,0.08783665395367575,0.2886751345948129,2.0,0.12850467289719625,0.12850467289719625,percentage_based,Sports,0,0,0,0,20-30,True,5.134883720930232,21,7,8,0.7
22,8,Paige VanZant,False,0.9333333333333333,-0.08587567332158878,0.01666666666666672,0.8273809523809524,0.08932803229948233,0.5773502691896257,4.0,0.16568047337278108,0.16568047337278108,percentage_based,Sports,0,0,0,0,20-30,True,5.134883720930232,21,8,6,0.8
22,9,Paige VanZant,False,0.9833333333333333,0.7715885154726578,0.04999999999999993,0.840625,0.09078990879873458,0.2886751345948129,2.0,0.20557491289198607,0.20557491289198607,percentage_based,Sports,0,0,0,0,20-30,True,5.134883720930232,21,9,5,0.9
22,10,Paige VanZant,False,0.9888866666666668,1.0000499937503153,0.005553333333333521,0.8564814814814814,0.09734119704408463,0.1924885797478208,1.0,0.340996970101012,0.340996970101012,percentage_based,Sports,0,0,0,0,20-30,True,5.134883720930232,21,10,3,1.0
22,1,Von Miller,False,0.7,0.3780626838652456,0.0,,0.0,1.0,4.0,0.08860759493670886,0.08860759493670886,percentage_based,Sports,0,0,0,0,20-30,True,5.485294117647059,14,1,12,0.1
22,2,Von Miller,False,0.6666666666666666,0.10605396627557644,-0.033333333333333326,0.7,0.0,0.5773502691896258,5.0,0.0847457627118644,0.0847457627118644,percentage_based,Sports,0,0,0,0,20-30,True,5.485294117647059,14,2,12,0.2
22,3,Von Miller,False,0.6666666666666666,-0.7476591451270218,0.0,0.6833333333333333,0.02357022603955162,0.5773502691896258,8.0,0.08438818565400844,0.08438818565400844,percentage_based,Sports,0,0,0,0,20-30,True,5.485294117647059,14,3,11,0.3
22,4,Von Miller,False,0.8,0.023799032721194133,0.13333333333333341,0.6777777777777777,0.01924500897298757,0.0,6.0,0.10031347962382445,0.10031347962382445,percentage_based,Sports,0,0,0,0,20-30,True,5.485294117647059,14,4,10,0.4
22,5,Von Miller,False,0.725,-0.4714045207910324,-0.07500000000000007,0.7083333333333333,0.06309898162000306,0.5,6.0,0.10507246376811594,0.10507246376811594,percentage_based,Sports,0,0,0,0,20-30,True,5.485294117647059,14,5,9,0.5
22,6,Von Miller,False,0.8,-0.5012963464847517,0.07500000000000007,0.7116666666666667,0.05515130702591434,0.0,6.0,0.10572687224669604,0.10572687224669604,percentage_based,Sports,0,0,0,0,20-30,True,5.485294117647059,14,6,9,0.6
22,7,Von Miller,True,0.8666666666666667,-0.7783117824941573,0.06666666666666665,0.7263888888888889,0.06110479765367281,0.2886751345948129,5.0,0.12149532710280374,0.12149532710280374,percentage_based,Sports,0,0,0,0,20-30,True,5.485294117647059,14,7,8,0.7
22,8,Von Miller,False,,,0.0,0.7464285714285713,0.07695855408997139,0.0,7.0,0.0,0.0,percentage_based,Sports,0,0,0,0,20-30,True,5.485294117647059,14,8,6,0.8
22,9,Von Miller,False,,,0.0,0.7464285714285713,0.07695855408997139,0.0,6.0,0.0,0.0,percentage_based,Sports,0,0,0,0,20-30,True,5.485294117647059,14,9,5,0.9
22,10,Von Miller,False,,,0.0,0.7464285714285713,0.07695855408997139,0.0,4.0,0.0,0.0,percentage_based,Sports,0,0,0,0,20-30,True,5.485294117647059,14,10,3,1.0
22,1,Wanya Morris,False,0.7666666666666667,0.9829629780496401,0.0,,0.0,0.5773502691896258,1.0,0.0970464135021097,0.0970464135021097,percentage_based,Music,0,0,0,0,40-50,True,5.135416666666667,10,1,12,0.1
22,2,Wanya Morris,False,0.8,1.378701561582499,0.033333333333333326,0.7666666666666667,0.0,0.0,1.0,0.1016949152542373,0.1016949152542373,percentage_based,Music,0,0,0,0,40-50,True,5.135416666666667,10,2,12,0.2
22,3,Wanya Morris,False,0.8,1.1874586422605653,0.0,0.7833333333333334,0.02357022603955154,0.0,2.0,0.10126582278481013,0.10126582278481013,percentage_based,Music,0,0,0,0,40-50,True,5.135416666666667,10,3,11,0.3
22,4,Wanya Morris,False,0.875,0.7377700143570012,0.07499999999999996,0.7888888888888889,0.01924500897298748,0.5,3.0,0.109717868338558,0.109717868338558,percentage_based,Music,0,0,0,0,40-50,True,5.135416666666667,10,4,10,0.4
22,5,Wanya Morris,False,0.75,-0.18856180831641323,-0.125,0.8104166666666667,0.04583333333333326,0.5773502691896257,5.0,0.10869565217391304,0.10869565217391304,percentage_based,Music,0,0,0,0,40-50,True,5.135416666666667,10,5,9,0.5
22,6,Wanya Morris,False,0.9666666666666667,1.5494614345892375,0.21666666666666667,0.7983333333333333,0.04801620096962642,0.5773502691896257,1.0,0.1277533039647577,0.1277533039647577,percentage_based,Music,0,0,0,0,40-50,True,5.135416666666667,10,6,9,0.6
22,7,Wanya Morris,False,0.9166666666666666,0.7783117824941539,-0.050000000000000044,0.826388888888889,0.08103782838668384,0.2886751345948129,2.0,0.12850467289719625,0.12850467289719625,percentage_based,Music,0,0,0,0,40-50,True,5.135416666666667,10,7,8,0.7
22,8,Wanya Morris,False,0.8333333333333334,-1.6316377931102228,-0.08333333333333326,0.8392857142857143,0.08146720052821721,0.5773502691896257,6.0,0.14792899408284024,0.14792899408284024,percentage_based,Music,0,0,0,0,40-50,True,5.135416666666667,10,8,6,0.8
22,9,Wanya Morris,True,1.0,1.2538313376430714,0.16666666666666663,0.8385416666666667,0.07545332573902463,0.0,1.0,0.20905923344947736,0.20905923344947736,percentage_based,Music,0,0,0,0,40-50,True,5.135416666666667,10,9,5,0.9
22,10,Wanya Morris,False,,,0.0,0.8564814814814815,0.08875858504816916,0.0,4.0,0.0,0.0,percentage_based,Music,0,0,0,0,40-50,True,5.135416666666667,10,10,3,1.0
23,1,Amber Rose,False,0.6,-0.42887544466170807,0.0,,0.0,0.0,9.0,0.07272727272727272,0.07272727272727272,percentage_based,Fashion,0,0,0,0,30-40,True,5.9941176470588236,17,1,13,0.09090909090909091
23,2,Amber Rose,False,0.6,-1.0030345907667264,0.0,0.6,0.0,0.0,10.0,0.06818181818181818,0.06818181818181818,percentage_based,Fashion,0,0,0,0,30-40,True,5.9941176470588236,17,2,13,0.18181818181818182
23,3,Amber Rose,False,0.625,-0.687818189510997,0.025000000000000022,0.6,0.0,0.5,8.0,0.07692307692307693,0.07692307692307693,percentage_based,Fashion,0,0,0,0,30-40,True,5.9941176470588236,17,3,12,0.2727272727272727
23,4,Amber Rose,False,0.8,0.08449530993633668,0.17500000000000004,0.6083333333333333,0.014433756729740673,0.0,4.0,0.09195402298850575,0.09195402298850575,percentage_based,Fashion,0,0,0,0,30-40,True,5.9941176470588236,17,4,11,0.36363636363636365
23,5,Amber Rose,False,0.8,-0.8592029767051013,0.0,0.65625,0.09655525188547061,0.0,6.0,0.10434782608695652,0.10434782608695652,percentage_based,Fashion,0,0,0,0,30-40,True,5.9941176470588236,17,5,9,0.45454545454545453
23,6,Amber Rose,True,0.7,-1.3743073867991316,-0.10000000000000009,0.6849999999999999,0.10547511554864496,0.0,9.0,0.09180327868852459,0.09180327868852459,percentage_based,Fashion,0,0,0,0,30-40,True,5.9941176470588236,17,6,9,0.5454545454545454
23,7,Amber Rose,False,,,0.0,0.6875,0.09453835200594521,0.0,9.0,0.0,0.0,percentage_based,Fashion,0,0,0,0,30-40,True,5.9941176470588236,17,7,8,0.6363636363636364
23,8,Amber Rose,False,,,0.0,0.6875,0.09453835200594521,0.0,8.0,0.0,0.0,percentage_based,Fashion,0,0,0,0,30-40,True,5.9941176470588236,17,8,7,0.7272727272727273
23,9,Amber Rose,False,,,0.0,0.6875,0.09453835200594521,0.0,7.0,0.0,0.0,percentage_based,Fashion,0,0,0,0,30-40,True,5.9941176470588236,17,9,6,0.8181818181818182
23,10,Amber Rose,False,,,0.0,0.6875,0.09453835200594521,0.0,6.0,0.0,0.0,percentage_based,Fashion,0,0,0,0,30-40,True,5.9941176470588236,17,10,5,0.9090909090909091
23,11,Amber Rose,False,,,0.0,0.6875,0.09453835200594521,0.0,5.0,0.0,0.0,percentage_based,Fashion,0,0,0,0,30-40,True,5.9941176470588236,17,11,4,1.0
23,1,Babyface,False,0.65,0.19061130873853768,0.0,,0.0,0.5773502691896257,5.0,0.07878787878787878,0.07878787878787878,percentage_based,Music,0,0,0,0,50-60,True,7.116279069767442,4,1,13,0.09090909090909091
23,2,Babyface,False,0.75,0.9528828612283917,0.09999999999999998,0.65,0.0,0.5773502691896257,3.0,0.08522727272727272,0.08522727272727272,percentage_based,Music,0,0,0,0,50-60,True,7.116279069767442,4,2,13,0.18181818181818182
23,3,Babyface,False,0.625,-0.687818189510997,-0.125,0.7,0.07071067811865478,0.5,8.0,0.07692307692307693,0.07692307692307693,percentage_based,Music,0,0,0,0,50-60,True,7.116279069767442,4,3,12,0.2727272727272727
23,4,Babyface,True,0.6,-1.774401508663059,-0.025000000000000022,0.6749999999999999,0.06614378277661476,0.0,11.0,0.06896551724137931,0.06896551724137931,percentage_based,Music,0,0,0,0,50-60,True,7.116279069767442,4,4,11,0.36363636363636365
23,5,Babyface,False,,,0.0,0.65625,0.06574889099191458,0.0,10.0,0.0,0.0,percentage_based,Music,0,0,0,0,50-60,True,7.116279069767442,4,5,9,0.45454545454545453
23,6,Babyface,False,,,0.0,0.65625,0.06574889099191458,0.0,10.0,0.0,0.0,percentage_based,Music,0,0,0,0,50-60,True,7.116279069767442,4,6,9,0.5454545454545454
23,7,Babyface,False,,,0.0,0.65625,0.06574889099191458,0.0,9.0,0.0,0.0,percentage_based,Music,0,0,0,0,50-60,True,7.116279069767442,4,7,8,0.6363636363636364
23,8,Babyface,False,,,0.0,0.65625,0.06574889099191458,0.0,8.0,0.0,0.0,percentage_based,Music,0,0,0,0,50-60,True,7.116279069767442,4,8,7,0.7272727272727273
23,9,Babyface,False,,,0.0,0.65625,0.06574889099191458,0.0,7.0,0.0,0.0,percentage_based,Music,0,0,0,0,50-60,True,7.116279069767442,4,9,6,0.8181818181818182
23,10,Babyface,False,,,0.0,0.65625,0.06574889099191458,0.0,6.0,0.0,0.0,percentage_based,Music,0,0,0,0,50-60,True,7.116279069767442,4,10,5,0.9090909090909091
23,11,Babyface,False,,,0.0,0.65625,0.06574889099191458,0.0,5.0,0.0,0.0,percentage_based,Music,0,0,0,0,50-60,True,7.116279069767442,4,11,4,1.0
23,1,Calvin Johnson Jr.,False,0.65,0.19061130873853768,0.0,,0.0,0.5773502691896257,5.0,0.07878787878787878,0.07878787878787878,percentage_based,Sports,0,0,0,0,20-30,True,5.135416666666667,10,1,13,0.09090909090909091
23,2,Calvin Johnson Jr.,False,0.7,0.3009103772300185,0.04999999999999993,0.65,0.0,0.0,6.0,0.07954545454545454,0.07954545454545454,percentage_based,Sports,0,0,0,0,20-30,True,5.135416666666667,10,2,13,0.18181818181818182
23,3,Calvin Johnson Jr.,False,0.8,1.623250927245952,0.10000000000000009,0.675,0.03535533905932729,0.0,1.0,0.09846153846153846,0.09846153846153846,percentage_based,Sports,0,0,0,0,20-30,True,5.135416666666667,10,3,12,0.2727272727272727
23,4,Calvin Johnson Jr.,False,0.7666666666666667,-0.22532082649689575,-0.033333333333333326,0.7166666666666667,0.07637626158259733,0.5773502691896258,6.0,0.08812260536398467,0.08812260536398467,percentage_based,Sports,0,0,0,0,20-30,True,5.135416666666667,10,4,11,0.36363636363636365
23,5,Calvin Johnson Jr.,False,0.8,-0.8592029767051013,0.033333333333333326,0.7291666666666667,0.06718548123582124,0.0,6.0,0.10434782608695652,0.10434782608695652,percentage_based,Sports,0,0,0,0,20-30,True,5.135416666666667,10,5,9,0.45454545454545453
23,6,Calvin Johnson Jr.,False,0.925,0.7260491854787868,0.125,0.7433333333333334,0.06624868971450595,0.5,3.0,0.12131147540983607,0.12131147540983607,percentage_based,Sports,0,0,0,0,20-30,True,5.135416666666667,10,6,9,0.5454545454545454
23,7,Calvin Johnson Jr.,False,0.925,1.4069979878520258,0.0,0.7736111111111111,0.09492931093226196,0.28867513459481287,1.0,0.13430127041742287,0.13430127041742287,percentage_based,Sports,0,0,0,0,20-30,True,5.135416666666667,10,7,8,0.6363636363636364
23,8,Calvin Johnson Jr.,False,1.0,0.7698168018479351,0.07499999999999996,0.7952380952380952,0.10384474064068029,0.0,3.0,0.14925387985460684,0.14925387985460684,percentage_based,Sports,0,0,0,0,20-30,True,5.135416666666667,10,8,7,0.7272727272727273
23,9,Calvin Johnson Jr.,False,0.925,-0.4541702621954733,-0.07499999999999996,0.8208333333333333,0.12035001862952485,0.5,4.0,0.16299559471365638,0.16299559471365638,percentage_based,Sports,0,0,0,0,20-30,True,5.135416666666667,10,9,6,0.8181818181818182
23,10,Calvin Johnson Jr.,False,0.9333333333333333,-1.5537971921347165,0.008333333333333304,0.8324074074074075,0.11781020255971249,0.2886751345948129,5.0,0.19112627986348124,0.19112627986348124,percentage_based,Sports,0,0,0,0,20-30,True,5.135416666666667,10,10,5,0.9090909090909091
23,11,Calvin Johnson Jr.,False,0.9583275,0.16712823387323278,0.02499416666666665,0.8425,0.11556690649378482,0.16665000000000063,3.0,0.25191616266698036,0.25191616266698036,percentage_based,Sports,0,0,0,0,20-30,True,5.135416666666667,10,11,4,1.0
23,1,Jake T. Austin,False,0.55,-1.0483621980619524,0.0,,0.0,0.5773502691896257,11.0,0.06666666666666667,0.06666666666666667,percentage_based,Entertainment,0,1,0,0,20-30,True,6.9655172413793105,9,1,13,0.09090909090909091
23,2,Jake T. Austin,True,0.6,-1.0030345907667264,0.04999999999999993,0.55,0.0,0.0,10.0,0.06818181818181818,0.06818181818181818,percentage_based,Entertainment,0,1,0,0,20-30,True,6.9655172413793105,9,2,13,0.18181818181818182
23,3,Jake T. Austin,False,,,0.0,0.575,0.03535533905932737,0.0,13.0,0.0,0.0,percentage_based,Entertainment,0,1,0,0,20-30,True,6.9655172413793105,9,3,12,0.2727272727272727
23,4,Jake T. Austin,False,,,0.0,0.575,0.03535533905932737,0.0,12.0,0.0,0.0,percentage_based,Entertainment,0,1,0,0,20-30,True,6.9655172413793105,9,4,11,0.36363636363636365
23,5,Jake T. Austin,False,,,0.0,0.575,0.03535533905932737,0.0,10.0,0.0,0.0,percentage_based,Entertainment,0,1,0,0,20-30,True,6.9655172413793105,9,5,9,0.45454545454545453
23,6,Jake T. Austin,False,,,0.0,0.575,0.03535533905932737,0.0,10.0,0.0,0.0,percentage_based,Entertainment,0,1,0,0,20-30,True,6.9655172413793105,9,6,9,0.5454545454545454
23,7,Jake T. Austin,False,,,0.0,0.575,0.03535533905932737,0.0,9.0,0.0,0.0,percentage_based,Entertainment,0,1,0,0,20-30,True,6.9655172413793105,9,7,8,0.6363636363636364
23,8,Jake T. Austin,False,,,0.0,0.575,0.03535533905932737,0.0,8.0,0.0,0.0,percentage_based,Entertainment,0,1,0,0,20-30,True,6.9655172413793105,9,8,7,0.7272727272727273
23,9,Jake T. Austin,False,,,0.0,0.575,0.03535533905932737,0.0,7.0,0.0,0.0,percentage_based,Entertainment,0,1,0,0,20-30,True,6.9655172413793105,9,9,6,0.8181818181818182
23,10,Jake T. Austin,False,,,0.0,0.575,0.03535533905932737,0.0,6.0,0.0,0.0,percentage_based,Entertainment,0,1,0,0,20-30,True,6.9655172413793105,9,10,5,0.9090909090909091
23,11,Jake T. Austin,False,,,0.0,0.575,0.03535533905932737,0.0,5.0,0.0,0.0,percentage_based,Entertainment,0,1,0,0,20-30,True,6.9655172413793105,9,11,4,1.0
23,1,James Hinchcliffe,False,0.775,1.7393281922391508,0.0,,0.0,0.5,1.0,0.09393939393939393,0.09393939393939393,percentage_based,Other,0,0,0,0,20-30,False,6.717391304347826,14,1,13,0.09090909090909091
23,2,James Hinchcliffe,False,0.725,0.6268966192292051,-0.050000000000000044,0.775,0.0,0.5,4.0,0.08238636363636363,0.08238636363636363,percentage_based,Other,0,0,0,0,20-30,False,6.717391304347826,14,2,13,0.18181818181818182
23,3,James Hinchcliffe,False,0.725,0.6327927343501161,0.0,0.75,0.03535533905932741,0.5,4.0,0.08923076923076922,0.08923076923076922,percentage_based,Other,0,0,0,0,20-30,False,6.717391304347826,14,3,12,0.2727272727272727
23,4,James Hinchcliffe,False,0.9333333333333333,1.3237598556692662,0.20833333333333337,0.7416666666666667,0.028867513459481322,0.5773502691896257,2.0,0.10727969348659004,0.10727969348659004,percentage_based,Other,0,0,0,0,20-30,False,6.717391304347826,14,4,11,0.36363636363636365
23,5,James Hinchcliffe,False,0.9666666666666667,1.9025208769898685,0.033333333333333326,0.7895833333333333,0.0986893273527251,0.5773502691896257,1.0,0.12608695652173912,0.12608695652173912,percentage_based,Other,0,0,0,0,20-30,False,6.717391304347826,14,5,9,0.45454545454545453
23,6,James Hinchcliffe,False,0.95,0.9594221379541101,-0.01666666666666672,0.825,0.11651776211757972,0.5773502691896257,2.0,0.12459016393442623,0.12459016393442623,percentage_based,Other,0,0,0,0,20-30,False,6.717391304347826,14,6,9,0.5454545454545454
23,7,James Hinchcliffe,False,0.925,1.4069979878520258,-0.02499999999999991,0.8458333333333333,0.11603998353058217,0.28867513459481287,1.0,0.13430127041742287,0.13430127041742287,percentage_based,Other,0,0,0,0,20-30,False,6.717391304347826,14,7,8,0.6363636363636364
23,8,James Hinchcliffe,False,1.0,0.7698168018479351,0.07499999999999996,0.8571428571428571,0.11007452982594167,0.0,1.0,0.1741285314711756,0.1741285314711756,percentage_based,Other,0,0,0,0,20-30,False,6.717391304347826,14,8,7,0.7272727272727273
23,9,James Hinchcliffe,False,0.9,-0.9991745768300436,-0.09999999999999998,0.875,0.11373877059520181,0.0,5.0,0.15859030837004406,0.15859030837004406,percentage_based,Other,0,0,0,0,20-30,False,6.717391304347826,14,9,6,0.8181818181818182
23,10,James Hinchcliffe,False,0.9833333333333333,0.2390457218668724,0.08333333333333326,0.8777777777777778,0.10671873729054751,0.2886751345948129,3.0,0.20136518771331058,0.20136518771331058,percentage_based,Other,0,0,0,0,20-30,False,6.717391304347826,14,10,5,0.9090909090909091
23,11,James Hinchcliffe,False,0.9749950000000001,0.549274829168728,-0.008338333333333225,0.8883333333333333,0.10600780311367489,0.16669999999999963,2.0,0.25629755904896034,0.25629755904896034,percentage_based,Other,0,0,0,0,20-30,False,6.717391304347826,14,11,4,1.0
23,1,Jana Kramer,False,0.675,0.5003546854386606,0.0,,0.0,0.9574271077563381,3.0,0.08181818181818182,0.08181818181818182,percentage_based,Music,0,0,0,0,30-40,True,8.448818897637794,13,1,13,0.09090909090909091
23,2,Jana Kramer,False,0.725,0.6268966192292051,0.04999999999999993,0.675,0.0,0.5,4.0,0.08238636363636363,0.08238636363636363,percentage_based,Music,0,0,0,0,30-40,True,8.448818897637794,13,2,13,0.18181818181818182
23,3,Jana Kramer,False,0.65,-0.3576654585457184,-0.07499999999999996,0.7,0.03535533905932737,0.5773502691896257,7.0,0.08,0.08,percentage_based,Music,0,0,0,0,30-40,True,8.448818897637794,13,3,12,0.2727272727272727
23,4,Jana Kramer,False,0.7666666666666667,-0.22532082649689575,0.1166666666666667,0.6833333333333332,0.038188130791298645,0.5773502691896258,6.0,0.08812260536398467,0.08812260536398467,percentage_based,Music,0,0,0,0,30-40,True,8.448818897637794,13,4,11,0.36363636363636365
23,5,Jana Kramer,False,0.8666666666666667,0.2454865647728866,0.09999999999999998,0.7041666666666667,0.05204164998665332,0.5773502691896257,4.0,0.11304347826086956,0.11304347826086956,percentage_based,Music,0,0,0,0,30-40,True,8.448818897637794,13,5,9,0.45454545454545453
23,6,Jana Kramer,False,1.0,1.426168042904759,0.1333333333333333,0.7366666666666667,0.08551315688243534,0.0,1.0,0.13114754098360656,0.13114754098360656,percentage_based,Music,0,0,0,0,30-40,True,8.448818897637794,13,6,9,0.5454545454545454
23,7,Jana Kramer,False,0.8625,0.03431702409395233,-0.13749999999999996,0.7805555555555556,0.1319371343004213,0.47871355387816905,3.0,0.12522686025408347,0.12522686025408347,percentage_based,Music,0,0,0,0,30-40,True,8.448818897637794,13,7,8,0.6363636363636364
23,8,Jana Kramer,False,1.0,0.7698168018479351,0.13749999999999996,0.7922619047619047,0.12436013477675682,0.0,3.0,0.14925387985460684,0.14925387985460684,percentage_based,Music,0,0,0,0,30-40,True,8.448818897637794,13,8,7,0.7272727272727273
23,9,Jana Kramer,False,1.0,1.1808426817082354,0.0,0.8182291666666667,0.1365667735247208,0.0,1.0,0.1762114537444934,0.1762114537444934,percentage_based,Music,0,0,0,0,30-40,True,8.448818897637794,13,9,6,0.8181818181818182
23,10,Jana Kramer,False,0.9666666666666667,-0.35856858280032256,-0.033333333333333326,0.8384259259259259,0.14138725168229138,0.2886751345948129,4.0,0.19795221843003413,0.19795221843003413,percentage_based,Music,0,0,0,0,30-40,True,8.448818897637794,13,10,5,0.9090909090909091
23,11,Jana Kramer,True,0.8875,-1.4567798494200994,-0.07916666666666672,0.85125,0.13933331671982888,0.25,4.0,0.2332976924558098,0.2332976924558098,percentage_based,Music,0,0,0,0,30-40,True,8.448818897637794,13,11,4,1.0
23,1,Laurie Hernandez,False,0.775,1.7393281922391508,0.0,,0.0,0.5,1.0,0.09393939393939393,0.09393939393939393,percentage_based,Sports,0,0,0,0,Under 20,True,5.173469387755102,19,1,13,0.09090909090909091
23,2,Laurie Hernandez,False,0.8,1.6048553452267649,0.025000000000000022,0.775,0.0,0.0,1.0,0.09090909090909091,0.09090909090909091,percentage_based,Sports,0,0,0,0,Under 20,True,5.173469387755102,19,2,13,0.18181818181818182
23,3,Laurie Hernandez,False,0.775,1.2930981962806734,-0.025000000000000022,0.7875000000000001,0.017677669529663664,0.5,2.0,0.09538461538461539,0.09538461538461539,percentage_based,Sports,0,0,0,0,Under 20,True,5.173469387755102,19,3,12,0.2727272727272727
23,4,Laurie Hernandez,False,1.0,1.9433921285357312,0.22499999999999998,0.7833333333333333,0.014433756729740658,0.0,1.0,0.11494252873563218,0.11494252873563218,percentage_based,Sports,0,0,0,0,Under 20,True,5.173469387755102,19,4,11,0.36363636363636365
23,5,Laurie Hernandez,False,0.8333333333333334,-0.30685820596610736,-0.16666666666666663,0.8375,0.10897247358851676,0.5773502691896257,5.0,0.10869565217391304,0.10869565217391304,percentage_based,Sports,0,0,0,0,Under 20,True,5.173469387755102,19,5,9,0.45454545454545453
23,6,Laurie Hernandez,False,0.925,0.7260491854787868,0.09166666666666667,0.8366666666666667,0.09439132493096074,0.5,3.0,0.12131147540983607,0.12131147540983607,percentage_based,Sports,0,0,0,0,Under 20,True,5.173469387755102,19,6,9,0.5454545454545454
23,7,Laurie Hernandez,False,0.8625,0.03431702409395233,-0.0625,0.8513888888888889,0.09180545049582149,0.47871355387816905,3.0,0.12522686025408347,0.12522686025408347,percentage_based,Sports,0,0,0,0,Under 20,True,5.173469387755102,19,7,8,0.6363636363636364
23,8,Laurie Hernandez,False,1.0,0.7698168018479351,0.13749999999999996,0.8529761904761904,0.08391168354240443,0.0,2.0,0.1641792678400675,0.1641792678400675,percentage_based,Sports,0,0,0,0,Under 20,True,5.173469387755102,19,8,7,0.7272727272727273
23,9,Laurie Hernandez,False,1.0,1.1808426817082354,0.0,0.8713541666666667,0.09347346782113054,0.0,1.0,0.1762114537444934,0.1762114537444934,percentage_based,Sports,0,0,0,0,Under 20,True,5.173469387755102,19,9,6,0.8181818181818182
23,10,Laurie Hernandez,False,1.0,0.8366600265340713,0.0,0.8856481481481482,0.09738577512928083,0.0,1.0,0.20477815699658702,0.20477815699658702,percentage_based,Sports,0,0,0,0,Under 20,True,5.173469387755102,19,10,5,0.9090909090909091
23,11,Laurie Hernandez,False,0.9833300000000001,0.7403767863781462,-0.01666999999999985,0.8970833333333333,0.09868053112049109,0.1924885797478208,1.0,0.2584885858282496,0.2584885858282496,percentage_based,Sports,0,0,0,0,Under 20,True,5.173469387755102,19,11,4,1.0
23,1,Marilu Henner,False,0.675,0.5003546854386606,0.0,,0.0,0.5,3.0,0.08181818181818182,0.08181818181818182,percentage_based,Entertainment,0,1,0,0,60+,True,2.954285714285714,17,1,13,0.09090909090909091
23,2,Marilu Henner,False,0.675,-0.02507586476916664,0.0,0.675,0.0,0.5,7.0,0.07670454545454546,0.07670454545454546,percentage_based,Entertainment,0,1,0,0,60+,True,2.954285714285714,17,2,13,0.18181818181818182
23,3,Marilu Henner,False,0.7,0.30264000338483743,0.02499999999999991,0.675,0.0,0.0,5.0,0.08615384615384615,0.08615384615384615,percentage_based,Entertainment,0,1,0,0,60+,True,2.954285714285714,17,3,12,0.2727272727272727
23,4,Marilu Henner,False,0.7,-0.8449530993633616,0.0,0.6833333333333332,0.014433756729740593,0.0,10.0,0.08045977011494253,0.08045977011494253,percentage_based,Entertainment,0,1,0,0,60+,True,2.954285714285714,17,4,11,0.36363636363636365
23,5,Marilu Henner,False,0.9,0.7978313355118806,0.20000000000000007,0.6875,0.014433756729740593,0.0,2.0,0.11739130434782609,0.11739130434782609,percentage_based,Entertainment,0,1,0,0,60+,True,2.954285714285714,17,5,9,0.45454545454545453
23,6,Marilu Henner,False,0.85,0.025930328052813704,-0.050000000000000044,0.73,0.09585144756340408,0.5773502691896257,5.0,0.11147540983606558,0.11147540983606558,percentage_based,Entertainment,0,1,0,0,60+,True,2.954285714285714,17,6,9,0.5454545454545454
23,7,Marilu Henner,False,0.8,-1.3383639396641211,-0.04999999999999993,0.75,0.09874208829065749,0.408248290463863,8.0,0.1161524500907441,0.1161524500907441,percentage_based,Entertainment,0,1,0,0,60+,True,2.954285714285714,17,7,8,0.6363636363636364
23,8,Marilu Henner,False,0.7666666666666667,-1.4490669211255232,-0.033333333333333326,0.7571428571428571,0.09209854970162591,0.5773502691896258,7.0,0.11442797455519857,0.11442797455519857,percentage_based,Entertainment,0,1,0,0,60+,True,2.954285714285714,17,8,7,0.7272727272727273
23,9,Marilu Henner,True,0.9,-0.9991745768300436,0.1333333333333333,0.7583333333333333,0.08533314732122585,0.0,5.0,0.15859030837004406,0.15859030837004406,percentage_based,Entertainment,0,1,0,0,60+,True,2.954285714285714,17,9,6,0.8181818181818182
23,10,Marilu Henner,False,,,0.0,0.7740740740740741,0.0927440890266475,0.0,6.0,0.0,0.0,percentage_based,Entertainment,0,1,0,0,60+,True,2.954285714285714,17,10,5,0.9090909090909091
23,11,Marilu Henner,False,,,0.0,0.7740740740740741,0.0927440890266475,0.0,5.0,0.0,0.0,percentage_based,Entertainment,0,1,0,0,60+,True,2.954285714285714,17,11,4,1.0
23,1,Maureen McCormick,False,0.55,-1.0483621980619524,0.0,,0.0,0.5773502691896257,11.0,0.06666666666666667,0.06666666666666667,percentage_based,Entertainment,0,1,0,0,50-60,True,6.777777777777778,12,1,13,0.09090909090909091
23,2,Maureen McCormick,False,0.65,-0.35106210676835325,0.09999999999999998,0.55,0.0,0.5773502691896257,8.0,0.07386363636363637,0.07386363636363637,percentage_based,Entertainment,0,1,0,0,50-60,True,6.777777777777778,12,2,13,0.18181818181818182
23,3,Maureen McCormick,False,0.7,0.30264000338483743,0.04999999999999993,0.6000000000000001,0.0707106781186547,0.0,5.0,0.08615384615384615,0.08615384615384615,percentage_based,Entertainment,0,1,0,0,50-60,True,6.777777777777778,12,3,12,0.2727272727272727
23,4,Maureen McCormick,False,0.8,0.08449530993633668,0.10000000000000009,0.6333333333333333,0.07637626158259724,0.0,4.0,0.09195402298850575,0.09195402298850575,percentage_based,Entertainment,0,1,0,0,50-60,True,6.777777777777778,12,4,11,0.36363636363636365
23,5,Maureen McCormick,False,0.8,-0.8592029767051013,0.0,0.675,0.10408329997330658,0.0,6.0,0.10434782608695652,0.10434782608695652,percentage_based,Entertainment,0,1,0,0,50-60,True,6.777777777777778,12,5,9,0.45454545454545453
23,6,Maureen McCormick,False,0.775,-0.6741885293731584,-0.025000000000000022,0.7,0.10606601717798209,0.5,6.0,0.10163934426229508,0.10163934426229508,percentage_based,Entertainment,0,1,0,0,50-60,True,6.777777777777778,12,6,9,0.5454545454545454
23,7,Maureen McCormick,True,0.825,-0.7892915541608937,0.04999999999999993,0.7125,0.09968701018688439,0.28867513459481287,6.0,0.11978221415607986,0.11978221415607986,percentage_based,Entertainment,0,1,0,0,50-60,True,6.777777777777778,12,7,8,0.6363636363636364
23,8,Maureen McCormick,False,,,0.0,0.7285714285714285,0.10044543650303735,0.0,8.0,0.0,0.0,percentage_based,Entertainment,0,1,0,0,50-60,True,6.777777777777778,12,8,7,0.7272727272727273
23,9,Maureen McCormick,False,,,0.0,0.7285714285714285,0.10044543650303735,0.0,7.0,0.0,0.0,percentage_based,Entertainment,0,1,0,0,50-60,True,6.777777777777778,12,9,6,0.8181818181818182
23,10,Maureen McCormick,False,,,0.0,0.7285714285714285,0.10044543650303735,0.0,6.0,0.0,0.0,percentage_based,Entertainment,0,1,0,0,50-60,True,6.777777777777778,12,10,5,0.9090909090909091
23,11,Maureen McCormick,False,,,0.0,0.7285714285714285,0.10044543650303735,0.0,5.0,0.0,0.0,percentage_based,Entertainment,0,1,0,0,50-60,True,6.777777777777778,12,11,4,1.0
23,1,Rick Perry,False,0.5,-1.6678489514621984,0.0,,0.0,0.0,13.0,0.06060606060606061,0.06060606060606061,percentage_based,Politics,0,0,0,0,60+,True,7.7924528301886795,16,1,13,0.09090909090909091
23,2,Rick Perry,False,0.55,-1.6550070747650982,0.050000000000000044,0.5,0.0,0.5773502691896257,13.0,0.0625,0.0625,percentage_based,Politics,0,0,0,0,60+,True,7.7924528301886795,16,2,13,0.18181818181818182
23,3,Rick Perry,True,0.575,-1.3481236514415544,0.02499999999999991,0.525,0.03535533905932741,0.5,11.0,0.07076923076923076,0.07076923076923076,percentage_based,Politics,0,0,0,0,60+,True,7.7924528301886795,16,3,12,0.2727272727272727
23,4,Rick Perry,False,,,0.0,0.5416666666666666,0.038188130791298666,0.0,12.0,0.0,0.0,percentage_based,Politics,0,0,0,0,60+,True,7.7924528301886795,16,4,11,0.36363636363636365
23,5,Rick Perry,False,,,0.0,0.5416666666666666,0.038188130791298666,0.0,10.0,0.0,0.0,percentage_based,Politics,0,0,0,0,60+,True,7.7924528301886795,16,5,9,0.45454545454545453
23,6,Rick Perry,False,,,0.0,0.5416666666666666,0.038188130791298666,0.0,10.0,0.0,0.0,percentage_based,Politics,0,0,0,0,60+,True,7.7924528301886795,16,6,9,0.5454545454545454
23,7,Rick Perry,False,,,0.0,0.5416666666666666,0.038188130791298666,0.0,9.0,0.0,0.0,percentage_based,Politics,0,0,0,0,60+,True,7.7924528301886795,16,7,8,0.6363636363636364
23,8,Rick Perry,False,,,0.0,0.5416666666666666,0.038188130791298666,0.0,8.0,0.0,0.0,percentage_based,Politics,0,0,0,0,60+,True,7.7924528301886795,16,8,7,0.7272727272727273
23,9,Rick Perry,False,,,0.0,0.5416666666666666,0.038188130791298666,0.0,7.0,0.0,0.0,percentage_based,Politics,0,0,0,0,60+,True,7.7924528301886795,16,9,6,0.8181818181818182
23,10,Rick Perry,False,,,0.0,0.5416666666666666,0.038188130791298666,0.0,6.0,0.0,0.0,percentage_based,Politics,0,0,0,0,60+,True,7.7924528301886795,16,10,5,0.9090909090909091
23,11,Rick Perry,False,,,0.0,0.5416666666666666,0.038188130791298666,0.0,5.0,0.0,0.0,percentage_based,Politics,0,0,0,0,60+,True,7.7924528301886795,16,11,4,1.0
23,1,Ryan Lochte,False,0.6,-0.42887544466170807,0.0,,0.0,0.0,9.0,0.07272727272727272,0.07272727272727272,percentage_based,Sports,0,0,0,0,30-40,True,5.853754940711463,25,1,13,0.09090909090909091
23,2,Ryan Lochte,False,0.6,-1.0030345907667264,0.0,0.6,0.0,0.0,10.0,0.06818181818181818,0.06818181818181818,percentage_based,Sports,0,0,0,0,30-40,True,5.853754940711463,25,2,13,0.18181818181818182
23,3,Ryan Lochte,False,0.625,-0.687818189510997,0.025000000000000022,0.6,0.0,0.5,8.0,0.07692307692307693,0.07692307692307693,percentage_based,Sports,0,0,0,0,30-40,True,5.853754940711463,25,3,12,0.2727272727272727
23,4,Ryan Lochte,False,0.7333333333333333,-0.5351369629301291,0.10833333333333328,0.6083333333333333,0.014433756729740673,0.5773502691896258,9.0,0.0842911877394636,0.0842911877394636,percentage_based,Sports,0,0,0,0,30-40,True,5.853754940711463,25,4,11,0.36363636363636365
23,5,Ryan Lochte,False,0.8,-0.8592029767051013,0.06666666666666676,0.6395833333333333,0.06360140634364062,0.0,6.0,0.10434782608695652,0.10434782608695652,percentage_based,Sports,0,0,0,0,30-40,True,5.853754940711463,25,5,9,0.45454545454545453
23,6,Ryan Lochte,False,0.75,-0.9075614818484827,-0.050000000000000044,0.6716666666666666,0.09044642367476761,0.5773502691896257,7.0,0.09836065573770492,0.09836065573770492,percentage_based,Sports,0,0,0,0,30-40,True,5.853754940711463,25,6,9,0.5454545454545454
23,7,Ryan Lochte,False,0.825,-0.7892915541608937,0.07499999999999996,0.6847222222222222,0.08698925008085559,0.28867513459481287,6.0,0.11978221415607986,0.11978221415607986,percentage_based,Sports,0,0,0,0,30-40,True,5.853754940711463,25,7,8,0.6363636363636364
23,8,Ryan Lochte,True,0.8666666666666667,-0.49811675413689815,0.04166666666666674,0.7047619047619048,0.09548331525488364,0.5773502691896257,5.0,0.12935336254065924,0.12935336254065924,percentage_based,Sports,0,0,0,0,30-40,True,5.853754940711463,25,8,7,0.7272727272727273
23,9,Ryan Lochte,False,,,0.0,0.725,0.10531509787903082,0.0,7.0,0.0,0.0,percentage_based,Sports,0,0,0,0,30-40,True,5.853754940711463,25,9,6,0.8181818181818182
23,10,Ryan Lochte,False,,,0.0,0.725,0.10531509787903082,0.0,6.0,0.0,0.0,percentage_based,Sports,0,0,0,0,30-40,True,5.853754940711463,25,10,5,0.9090909090909091
23,11,Ryan Lochte,False,,,0.0,0.725,0.10531509787903082,0.0,5.0,0.0,0.0,percentage_based,Sports,0,0,0,0,30-40,True,5.853754940711463,25,11,4,1.0
23,1,Terra Jole,False,0.625,-0.1191320679615852,0.0,,0.0,0.5,7.0,0.07575757575757576,0.07575757575757576,percentage_based,Media,0,0,0,0,30-40,True,6.076923076923077,12,1,13,0.09090909090909091
23,2,Terra Jole,False,0.775,1.2788691032275783,0.15000000000000002,0.625,0.0,0.5,2.0,0.08806818181818182,0.08806818181818182,percentage_based,Media,0,0,0,0,30-40,True,6.076923076923077,12,2,13,0.18181818181818182
23,3,Terra Jole,False,0.75,0.9629454653153947,-0.025000000000000022,0.7,0.10606601717798218,0.5773502691896257,3.0,0.09230769230769231,0.09230769230769231,percentage_based,Media,0,0,0,0,30-40,True,6.076923076923077,12,3,12,0.2727272727272727
23,4,Terra Jole,False,0.8333333333333334,0.3943114463695691,0.08333333333333337,0.7166666666666667,0.080363756341608,0.5773502691896257,3.0,0.09578544061302682,0.09578544061302682,percentage_based,Media,0,0,0,0,30-40,True,6.076923076923077,12,4,11,0.36363636363636365
23,5,Terra Jole,False,0.9,0.7978313355118806,0.06666666666666665,0.7458333333333333,0.0877971146071062,0.0,2.0,0.11739130434782609,0.11739130434782609,percentage_based,Media,0,0,0,0,30-40,True,6.076923076923077,12,5,9,0.45454545454545453
23,6,Terra Jole,False,0.75,-0.9075614818484827,-0.15000000000000002,0.7766666666666666,0.10263879491801443,0.5773502691896257,7.0,0.09836065573770492,0.09836065573770492,percentage_based,Media,0,0,0,0,30-40,True,6.076923076923077,12,6,9,0.5454545454545454
23,7,Terra Jole,False,0.8625,0.03431702409395233,0.11250000000000004,0.7722222222222223,0.09244618053925376,0.25,3.0,0.12522686025408347,0.12522686025408347,percentage_based,Media,0,0,0,0,30-40,True,6.076923076923077,12,7,8,0.6363636363636364
23,8,Terra Jole,False,0.8,-1.1320835321293148,-0.0625,0.7851190476190476,0.09102862361620284,0.0,6.0,0.11940310388368545,0.11940310388368545,percentage_based,Media,0,0,0,0,30-40,True,6.076923076923077,12,8,7,0.7272727272727273
23,9,Terra Jole,False,0.95,0.09083405243909466,0.1499999999999999,0.7869791666666667,0.08444019380227098,0.5773502691896257,3.0,0.16740088105726872,0.16740088105726872,percentage_based,Media,0,0,0,0,30-40,True,6.076923076923077,12,9,6,0.8181818181818182
23,10,Terra Jole,True,1.0,0.8366600265340713,0.050000000000000044,0.8050925925925926,0.09587358253012399,0.0,1.0,0.20477815699658702,0.20477815699658702,percentage_based,Media,0,0,0,0,30-40,True,6.076923076923077,12,10,5,0.9090909090909091
23,11,Terra Jole,False,,,0.0,0.8245833333333333,0.1094044272582408,0.0,5.0,0.0,0.0,percentage_based,Media,0,0,0,0,30-40,True,6.076923076923077,12,11,4,1.0
23,1,Vanilla Ice,False,0.625,-0.1191320679615852,0.0,,0.0,0.9574271077563381,7.0,0.07575757575757576,0.07575757575757576,percentage_based,Music,0,0,0,0,40-50,True,5.485294117647059,14,1,13,0.09090909090909091
23,2,Vanilla Ice,False,0.65,-0.35106210676835325,0.025000000000000022,0.625,0.0,0.5773502691896257,8.0,0.07386363636363637,0.07386363636363637,percentage_based,Music,0,0,0,0,40-50,True,5.485294117647059,14,2,13,0.18181818181818182
23,3,Vanilla Ice,False,0.575,-1.3481236514415544,-0.07500000000000007,0.6375,0.017677669529663743,0.5,11.0,0.07076923076923076,0.07076923076923076,percentage_based,Music,0,0,0,0,40-50,True,5.485294117647059,14,3,12,0.2727272727272727
23,4,Vanilla Ice,True,0.7666666666666667,-0.22532082649689575,0.19166666666666676,0.6166666666666667,0.038188130791298666,0.5773502691896258,6.0,0.08812260536398467,0.08812260536398467,percentage_based,Music,0,0,0,0,40-50,True,5.485294117647059,14,4,11,0.36363636363636365
23,5,Vanilla Ice,False,,,0.0,0.6541666666666667,0.08122328620674145,0.0,10.0,0.0,0.0,percentage_based,Music,0,0,0,0,40-50,True,5.485294117647059,14,5,9,0.45454545454545453
23,6,Vanilla Ice,False,,,0.0,0.6541666666666667,0.08122328620674145,0.0,10.0,0.0,0.0,percentage_based,Music,0,0,0,0,40-50,True,5.485294117647059,14,6,9,0.5454545454545454
23,7,Vanilla Ice,False,,,0.0,0.6541666666666667,0.08122328620674145,0.0,9.0,0.0,0.0,percentage_based,Music,0,0,0,0,40-50,True,5.485294117647059,14,7,8,0.6363636363636364
23,8,Vanilla Ice,False,,,0.0,0.6541666666666667,0.08122328620674145,0.0,8.0,0.0,0.0,percentage_based,Music,0,0,0,0,40-50,True,5.485294117647059,14,8,7,0.7272727272727273
23,9,Vanilla Ice,False,,,0.0,0.6541666666666667,0.08122328620674145,0.0,7.0,0.0,0.0,percentage_based,Music,0,0,0,0,40-50,True,5.485294117647059,14,9,6,0.8181818181818182
23,10,Vanilla Ice,False,,,0.0,0.6541666666666667,0.08122328620674145,0.0,6.0,0.0,0.0,percentage_based,Music,0,0,0,0,40-50,True,5.485294117647059,14,10,5,0.9090909090909091
23,11,Vanilla Ice,False,,,0.0,0.6541666666666667,0.08122328620674145,0.0,5.0,0.0,0.0,percentage_based,Music,0,0,0,0,40-50,True,5.485294117647059,14,11,4,1.0
24,1,Bonner Bolton,False,0.55,-0.6900283245845898,0.0,,0.0,0.5773502691896257,9.0,0.0728476821192053,0.0728476821192053,percentage_based,Sports,0,0,0,0,20-30,True,6.717391304347826,14,1,12,0.1
24,2,Bonner Bolton,False,0.7,0.19963735237617322,0.1499999999999999,0.55,0.0,1.4142135623730951,5.0,0.08536585365853659,0.08536585365853659,percentage_based,Sports,0,0,0,0,20-30,True,6.717391304347826,14,2,12,0.2
24,3,Bonner Bolton,False,0.6,-1.1499794411510869,-0.09999999999999998,0.625,0.10606601717798207,0.0,9.0,0.0761904761904762,0.0761904761904762,percentage_based,Sports,0,0,0,0,20-30,True,6.717391304347826,14,3,11,0.3
24,4,Bonner Bolton,False,0.8,-0.18333018983850732,0.20000000000000007,0.6166666666666667,0.07637626158259729,0.0,5.0,0.09815950920245399,0.09815950920245399,percentage_based,Sports,0,0,0,0,20-30,True,6.717391304347826,14,4,10,0.4
24,5,Bonner Bolton,False,0.75,-1.1047057386781134,-0.050000000000000044,0.6625,0.11086778913041723,0.5773502691896257,8.0,0.09868421052631579,0.09868421052631579,percentage_based,Sports,0,0,0,0,20-30,True,6.717391304347826,14,5,9,0.5
24,6,Bonner Bolton,False,0.7875,-0.8793850367236514,0.03749999999999998,0.6799999999999999,0.10368220676663857,0.47871355387816905,6.0,0.1171003717472119,0.1171003717472119,percentage_based,Sports,0,0,0,0,20-30,True,6.717391304347826,14,6,8,0.6
24,7,Bonner Bolton,False,0.775,-1.3397876906064705,-0.012499999999999956,0.6979166666666666,0.10259649929050531,0.5,7.0,0.1225296442687747,0.1225296442687747,percentage_based,Sports,0,0,0,0,20-30,True,6.717391304347826,14,7,7,0.7
24,8,Bonner Bolton,True,0.725,-1.4134017290327319,-0.050000000000000044,0.7089285714285715,0.09808432960613896,0.28867513459481287,5.0,0.166189111747851,0.166189111747851,percentage_based,Sports,0,0,0,0,20-30,True,6.717391304347826,14,8,5,0.8
24,9,Bonner Bolton,False,,,0.0,0.7109375,0.09098604190439633,0.0,5.0,0.0,0.0,percentage_based,Sports,0,0,0,0,20-30,True,6.717391304347826,14,9,4,0.9
24,10,Bonner Bolton,False,,,0.0,0.7109375,0.09098604190439633,0.0,4.0,0.0,0.0,percentage_based,Sports,0,0,0,0,20-30,True,6.717391304347826,14,10,3,1.0
24,1,Charo,False,0.525,-0.9079320060323555,0.0,,0.0,0.5,10.0,0.0695364238410596,0.0695364238410596,percentage_based,Entertainment,0,1,0,0,60+,False,10.011627906976743,9,1,12,0.1
24,2,Charo,False,0.625,-0.698730733316603,0.09999999999999998,0.525,0.0,0.5,9.0,0.07621951219512195,0.07621951219512195,percentage_based,Entertainment,0,1,0,0,60+,False,10.011627906976743,9,2,12,0.2
24,3,Charo,True,0.6,-1.1499794411510869,-0.025000000000000022,0.575,0.07071067811865478,0.0,9.0,0.0761904761904762,0.0761904761904762,percentage_based,Entertainment,0,1,0,0,60+,False,10.011627906976743,9,3,11,0.3
24,4,Charo,False,,,0.0,0.5833333333333334,0.052041649986653345,0.0,11.0,0.0,0.0,percentage_based,Entertainment,0,1,0,0,60+,False,10.011627906976743,9,4,10,0.4
24,5,Charo,False,,,0.0,0.5833333333333334,0.052041649986653345,0.0,10.0,0.0,0.0,percentage_based,Entertainment,0,1,0,0,60+,False,10.011627906976743,9,5,9,0.5
24,6,Charo,False,,,0.0,0.5833333333333334,0.052041649986653345,0.0,9.0,0.0,0.0,percentage_based,Entertainment,0,1,0,0,60+,False,10.011627906976743,9,6,8,0.6
24,7,Charo,False,,,0.0,0.5833333333333334,0.052041649986653345,0.0,8.0,0.0,0.0,percentage_based,Entertainment,0,1,0,0,60+,False,10.011627906976743,9,7,7,0.7
24,8,Charo,False,,,0.0,0.5833333333333334,0.052041649986653345,0.0,6.0,0.0,0.0,percentage_based,Entertainment,0,1,0,0,60+,False,10.011627906976743,9,8,5,0.8
24,9,Charo,False,,,0.0,0.5833333333333334,0.052041649986653345,0.0,5.0,0.0,0.0,percentage_based,Entertainment,0,1,0,0,60+,False,10.011627906976743,9,9,4,0.9
24,10,Charo,False,,,0.0,0.5833333333333334,0.052041649986653345,0.0,4.0,0.0,0.0,percentage_based,Entertainment,0,1,0,0,60+,False,10.011627906976743,9,10,3,1.0
24,1,Chris Kattan,False,0.425,-1.7795467318234173,0.0,,0.0,0.5,12.0,0.056291390728476824,0.056291390728476824,percentage_based,Entertainment,0,1,0,0,40-50,True,5.485294117647059,14,1,12,0.1
24,2,Chris Kattan,True,0.55,-1.5970988190093793,0.12500000000000006,0.425,0.0,0.5773502691896257,11.0,0.06707317073170732,0.06707317073170732,percentage_based,Entertainment,0,1,0,0,40-50,True,5.485294117647059,14,2,12,0.2
24,3,Chris Kattan,False,,,0.0,0.48750000000000004,0.08838834764831846,0.0,12.0,0.0,0.0,percentage_based,Entertainment,0,1,0,0,40-50,True,5.485294117647059,14,3,11,0.3
24,4,Chris Kattan,False,,,0.0,0.48750000000000004,0.08838834764831846,0.0,11.0,0.0,0.0,percentage_based,Entertainment,0,1,0,0,40-50,True,5.485294117647059,14,4,10,0.4
24,5,Chris Kattan,False,,,0.0,0.48750000000000004,0.08838834764831846,0.0,10.0,0.0,0.0,percentage_based,Entertainment,0,1,0,0,40-50,True,5.485294117647059,14,5,9,0.5
24,6,Chris Kattan,False,,,0.0,0.48750000000000004,0.08838834764831846,0.0,9.0,0.0,0.0,percentage_based,Entertainment,0,1,0,0,40-50,True,5.485294117647059,14,6,8,0.6
24,7,Chris Kattan,False,,,0.0,0.48750000000000004,0.08838834764831846,0.0,8.0,0.0,0.0,percentage_based,Entertainment,0,1,0,0,40-50,True,5.485294117647059,14,7,7,0.7
24,8,Chris Kattan,False,,,0.0,0.48750000000000004,0.08838834764831846,0.0,6.0,0.0,0.0,percentage_based,Entertainment,0,1,0,0,40-50,True,5.485294117647059,14,8,5,0.8
24,9,Chris Kattan,False,,,0.0,0.48750000000000004,0.08838834764831846,0.0,5.0,0.0,0.0,percentage_based,Entertainment,0,1,0,0,40-50,True,5.485294117647059,14,9,4,0.9
24,10,Chris Kattan,False,,,0.0,0.48750000000000004,0.08838834764831846,0.0,4.0,0.0,0.0,percentage_based,Entertainment,0,1,0,0,40-50,True,5.485294117647059,14,10,3,1.0
24,1,David Ross,False,0.7,0.6173937641020016,0.0,,0.0,0.0,3.0,0.09271523178807947,0.09271523178807947,percentage_based,Sports,0,0,0,0,30-40,True,5.135416666666667,10,1,12,0.1
24,2,David Ross,False,0.675,-0.09981867618808463,-0.02499999999999991,0.7,0.0,0.5,8.0,0.08231707317073171,0.08231707317073171,percentage_based,Sports,0,0,0,0,30-40,True,5.135416666666667,10,2,12,0.2
24,3,David Ross,False,0.775,0.5862640288221224,0.09999999999999998,0.6875,0.017677669529663625,0.5,5.0,0.09841269841269841,0.09841269841269841,percentage_based,Sports,0,0,0,0,30-40,True,5.135416666666667,10,3,11,0.3
24,4,David Ross,False,0.775,-0.488880506236024,0.0,0.7166666666666667,0.05204164998665332,0.5,7.0,0.0950920245398773,0.0950920245398773,percentage_based,Sports,0,0,0,0,30-40,True,5.135416666666667,10,4,10,0.4
24,5,David Ross,False,0.725,-1.3971278459752614,-0.050000000000000044,0.73125,0.05153882032022077,0.5,9.0,0.09539473684210527,0.09539473684210527,percentage_based,Sports,0,0,0,0,30-40,True,5.135416666666667,10,5,9,0.5
24,6,David Ross,False,0.775,-1.0862991630115684,0.050000000000000044,0.73,0.04472135954999581,0.5,7.0,0.11524163568773234,0.11524163568773234,percentage_based,Sports,0,0,0,0,30-40,True,5.135416666666667,10,6,8,0.6
24,7,David Ross,False,0.8,-1.063949048422785,0.025000000000000022,0.7374999999999999,0.044017042154147534,0.0,6.0,0.12648221343873517,0.12648221343873517,percentage_based,Sports,0,0,0,0,30-40,True,5.135416666666667,10,7,7,0.7
24,8,David Ross,False,0.8125,-0.5749430762167054,0.012499999999999956,0.7464285714285713,0.046611361786790234,0.25,4.0,0.18624641833810887,0.18624641833810887,percentage_based,Sports,0,0,0,0,30-40,True,5.135416666666667,10,8,5,0.8
24,9,David Ross,False,0.875,-1.3712518928171087,0.0625,0.7546875,0.04907060328896373,0.28867513459481287,4.0,0.23102310231023102,0.23102310231023102,percentage_based,Sports,0,0,0,0,30-40,True,5.135416666666667,10,9,4,0.9
24,10,David Ross,False,0.9083325,-1.1499302167823973,0.03333249999999999,0.7680555555555555,0.0609530784930325,0.16664999999999974,3.0,0.31502925005917637,0.31502925005917637,percentage_based,Sports,0,0,0,0,30-40,True,5.135416666666667,10,10,3,1.0
24,1,Erika Jayne,False,0.6,-0.25422096168905967,0.0,,0.0,0.0,7.0,0.07947019867549669,0.07947019867549669,percentage_based,Music,0,0,0,0,40-50,True,8.448818897637794,13,1,12,0.1
24,2,Erika Jayne,False,0.7,0.19963735237617322,0.09999999999999998,0.6,0.0,0.0,5.0,0.08536585365853659,0.08536585365853659,percentage_based,Music,0,0,0,0,40-50,True,8.448818897637794,13,2,12,0.2
24,3,Erika Jayne,False,0.65,-0.6539098783015982,-0.04999999999999993,0.6499999999999999,0.07071067811865478,0.5773502691896257,7.0,0.08253968253968254,0.08253968253968254,percentage_based,Music,0,0,0,0,40-50,True,8.448818897637794,13,3,11,0.3
24,4,Erika Jayne,False,0.75,-0.7944308226335407,0.09999999999999998,0.65,0.05000000000000002,0.5773502691896257,8.0,0.09202453987730061,0.09202453987730061,percentage_based,Music,0,0,0,0,40-50,True,8.448818897637794,13,4,10,0.4
24,5,Erika Jayne,True,0.8,-0.5198615240838176,0.050000000000000044,0.675,0.06454972243679033,0.0,6.0,0.10526315789473684,0.10526315789473684,percentage_based,Music,0,0,0,0,40-50,True,8.448818897637794,13,5,9,0.5
24,6,Erika Jayne,False,,,0.0,0.7,0.07905694150420954,0.0,9.0,0.0,0.0,percentage_based,Music,0,0,0,0,40-50,True,8.448818897637794,13,6,8,0.6
24,7,Erika Jayne,False,,,0.0,0.7,0.07905694150420954,0.0,8.0,0.0,0.0,percentage_based,Music,0,0,0,0,40-50,True,8.448818897637794,13,7,7,0.7
24,8,Erika Jayne,False,,,0.0,0.7,0.07905694150420954,0.0,6.0,0.0,0.0,percentage_based,Music,0,0,0,0,40-50,True,8.448818897637794,13,8,5,0.8
24,9,Erika Jayne,False,,,0.0,0.7,0.07905694150420954,0.0,5.0,0.0,0.0,percentage_based,Music,0,0,0,0,40-50,True,8.448818897637794,13,9,4,0.9
24,10,Erika Jayne,False,,,0.0,0.7,0.07905694150420954,0.0,4.0,0.0,0.0,percentage_based,Music,0,0,0,0,40-50,True,8.448818897637794,13,10,3,1.0
24,1,Heather Morris,False,0.7,0.6173937641020016,0.0,,0.0,0.0,3.0,0.09271523178807947,0.09271523178807947,percentage_based,Entertainment,0,1,0,0,20-30,True,5.9941176470588236,17,1,12,0.1
24,2,Heather Morris,False,0.75,0.7985494095046916,0.050000000000000044,0.7,0.0,1.0,3.0,0.09146341463414634,0.09146341463414634,percentage_based,Entertainment,0,1,0,0,20-30,True,5.9941176470588236,17,2,12,0.2
24,3,Heather Morris,False,0.825,1.08233359167161,0.07499999999999996,0.725,0.03535533905932741,0.5,2.0,0.10476190476190476,0.10476190476190476,percentage_based,Entertainment,0,1,0,0,20-30,True,5.9941176470588236,17,3,11,0.3
24,4,Heather Morris,False,0.875,0.7333207593540415,0.050000000000000044,0.7583333333333333,0.06291528696058958,0.5,3.0,0.10736196319018405,0.10736196319018405,percentage_based,Entertainment,0,1,0,0,20-30,True,5.9941176470588236,17,4,10,0.4
24,5,Heather Morris,False,0.85,0.06498269051047703,-0.025000000000000022,0.7875,0.07772815877574013,0.5773502691896257,4.0,0.1118421052631579,0.1118421052631579,percentage_based,Entertainment,0,1,0,0,20-30,True,5.9941176470588236,17,5,9,0.5
24,6,Heather Morris,True,0.925,1.3966703524434436,0.07500000000000007,0.8,0.07288689868556626,0.28867513459481287,1.0,0.137546468401487,0.137546468401487,percentage_based,Entertainment,0,1,0,0,20-30,True,5.9941176470588236,17,6,8,0.6
24,7,Heather Morris,False,,,0.0,0.8208333333333333,0.08278989471346532,0.0,8.0,0.0,0.0,percentage_based,Entertainment,0,1,0,0,20-30,True,5.9941176470588236,17,7,7,0.7
24,8,Heather Morris,False,,,0.0,0.8208333333333333,0.08278989471346532,0.0,6.0,0.0,0.0,percentage_based,Entertainment,0,1,0,0,20-30,True,5.9941176470588236,17,8,5,0.8
24,9,Heather Morris,False,,,0.0,0.8208333333333333,0.08278989471346532,0.0,5.0,0.0,0.0,percentage_based,Entertainment,0,1,0,0,20-30,True,5.9941176470588236,17,9,4,0.9
24,10,Heather Morris,False,,,0.0,0.8208333333333333,0.08278989471346532,0.0,4.0,0.0,0.0,percentage_based,Entertainment,0,1,0,0,20-30,True,5.9941176470588236,17,10,3,1.0
24,1,Mr. T,False,0.5,-1.125835687480121,0.0,,0.0,0.0,11.0,0.06622516556291391,0.06622516556291391,percentage_based,Entertainment,0,1,0,0,60+,True,10.0,1,1,12,0.1
24,2,Mr. T,False,0.55,-1.5970988190093793,0.050000000000000044,0.5,0.0,0.5773502691896257,11.0,0.06707317073170732,0.06707317073170732,percentage_based,Entertainment,0,1,0,0,60+,True,10.0,1,2,12,0.2
24,3,Mr. T,False,0.6,-1.1499794411510869,0.04999999999999993,0.525,0.03535533905932741,0.0,9.0,0.0761904761904762,0.0761904761904762,percentage_based,Entertainment,0,1,0,0,60+,True,10.0,1,3,11,0.3
24,4,Mr. T,True,0.7,-1.4055314554285743,0.09999999999999998,0.5499999999999999,0.049999999999999975,0.0,10.0,0.08588957055214724,0.08588957055214724,percentage_based,Entertainment,0,1,0,0,60+,True,10.0,1,4,10,0.4
24,5,Mr. T,False,,,0.0,0.5875,0.0853912563829966,0.0,10.0,0.0,0.0,percentage_based,Entertainment,0,1,0,0,60+,True,10.0,1,5,9,0.5
24,6,Mr. T,False,,,0.0,0.5875,0.0853912563829966,0.0,9.0,0.0,0.0,percentage_based,Entertainment,0,1,0,0,60+,True,10.0,1,6,8,0.6
24,7,Mr. T,False,,,0.0,0.5875,0.0853912563829966,0.0,8.0,0.0,0.0,percentage_based,Entertainment,0,1,0,0,60+,True,10.0,1,7,7,0.7
24,8,Mr. T,False,,,0.0,0.5875,0.0853912563829966,0.0,6.0,0.0,0.0,percentage_based,Entertainment,0,1,0,0,60+,True,10.0,1,8,5,0.8
24,9,Mr. T,False,,,0.0,0.5875,0.0853912563829966,0.0,5.0,0.0,0.0,percentage_based,Entertainment,0,1,0,0,60+,True,10.0,1,9,4,0.9
24,10,Mr. T,False,,,0.0,0.5875,0.0853912563829966,0.0,4.0,0.0,0.0,percentage_based,Entertainment,0,1,0,0,60+,True,10.0,1,10,3,1.0
24,1,Nancy Kerrigan,False,0.7,0.6173937641020016,0.0,,0.0,0.0,3.0,0.09271523178807947,0.09271523178807947,percentage_based,Sports,0,0,0,0,40-50,True,6.777777777777778,12,1,12,0.1
24,2,Nancy Kerrigan,False,0.7,0.19963735237617322,0.0,0.7,0.0,0.0,5.0,0.08536585365853659,0.08536585365853659,percentage_based,Sports,0,0,0,0,40-50,True,6.777777777777778,12,2,12,0.2
24,3,Nancy Kerrigan,False,0.825,1.08233359167161,0.125,0.7,0.0,0.5,2.0,0.10476190476190476,0.10476190476190476,percentage_based,Sports,0,0,0,0,40-50,True,6.777777777777778,12,3,11,0.3
24,4,Nancy Kerrigan,False,0.825,0.12222012655900805,0.0,0.7416666666666666,0.07216878364870323,0.5,4.0,0.10122699386503067,0.10122699386503067,percentage_based,Sports,0,0,0,0,40-50,True,6.777777777777778,12,4,10,0.4
24,5,Nancy Kerrigan,False,0.9,0.6498269051047729,0.07500000000000007,0.7625,0.07216878364870323,0.0,3.0,0.11842105263157894,0.11842105263157894,percentage_based,Sports,0,0,0,0,40-50,True,6.777777777777778,12,5,9,0.5
24,6,Nancy Kerrigan,False,0.8375,-0.051728531571980145,-0.0625,0.7899999999999999,0.08767838958375095,0.25,5.0,0.12453531598513011,0.12453531598513011,percentage_based,Sports,0,0,0,0,40-50,True,6.777777777777778,12,6,8,0.6
24,7,Nancy Kerrigan,True,0.9,0.03940552031195613,0.0625,0.7979166666666666,0.0807839196045022,0.0,4.0,0.1422924901185771,0.1422924901185771,percentage_based,Sports,0,0,0,0,40-50,True,6.777777777777778,12,7,7,0.7
24,8,Nancy Kerrigan,False,,,0.0,0.8125,0.08322910148099245,0.0,6.0,0.0,0.0,percentage_based,Sports,0,0,0,0,40-50,True,6.777777777777778,12,8,5,0.8
24,9,Nancy Kerrigan,False,,,0.0,0.8125,0.08322910148099245,0.0,5.0,0.0,0.0,percentage_based,Sports,0,0,0,0,40-50,True,6.777777777777778,12,9,4,0.9
24,10,Nancy Kerrigan,False,,,0.0,0.8125,0.08322910148099245,0.0,4.0,0.0,0.0,percentage_based,Sports,0,0,0,0,40-50,True,6.777777777777778,12,10,3,1.0
24,1,Nick Viall,False,0.6,-0.25422096168905967,0.0,,0.0,0.0,7.0,0.07947019867549669,0.07947019867549669,percentage_based,Media,0,0,0,0,30-40,True,7.419354838709677,15,1,12,0.1
24,2,Nick Viall,False,0.625,-0.698730733316603,0.025000000000000022,0.6,0.0,0.9574271077563381,9.0,0.07621951219512195,0.07621951219512195,percentage_based,Media,0,0,0,0,30-40,True,7.419354838709677,15,2,12,0.2
24,3,Nick Viall,False,0.65,-0.6539098783015982,0.025000000000000022,0.6125,0.017677669529663664,0.5773502691896257,7.0,0.08253968253968254,0.08253968253968254,percentage_based,Media,0,0,0,0,30-40,True,7.419354838709677,15,3,11,0.3
24,4,Nick Viall,False,0.75,-0.7944308226335407,0.09999999999999998,0.625,0.024999999999999994,0.5773502691896257,8.0,0.09202453987730061,0.09202453987730061,percentage_based,Media,0,0,0,0,30-40,True,7.419354838709677,15,4,10,0.4
24,5,Nick Viall,False,0.85,0.06498269051047703,0.09999999999999998,0.65625,0.06574889099191458,0.5773502691896257,4.0,0.1118421052631579,0.1118421052631579,percentage_based,Media,0,0,0,0,30-40,True,7.419354838709677,15,5,9,0.5
24,6,Nick Viall,False,0.7625,-1.293213289299487,-0.08750000000000002,0.6950000000000001,0.10368220676663861,0.25,8.0,0.11338289962825279,0.11338289962825279,percentage_based,Media,0,0,0,0,30-40,True,7.419354838709677,15,6,8,0.6
24,7,Nick Viall,True,0.85,-0.512271764055415,0.08750000000000002,0.7062499999999999,0.09674386285444674,0.5773502691896257,5.0,0.13438735177865613,0.13438735177865613,percentage_based,Media,0,0,0,0,30-40,True,7.419354838709677,15,7,7,0.7
24,8,Nick Viall,False,,,0.0,0.7267857142857144,0.10368938275078166,0.0,6.0,0.0,0.0,percentage_based,Media,0,0,0,0,30-40,True,7.419354838709677,15,8,5,0.8
24,9,Nick Viall,False,,,0.0,0.7267857142857144,0.10368938275078166,0.0,5.0,0.0,0.0,percentage_based,Media,0,0,0,0,30-40,True,7.419354838709677,15,9,4,0.9
24,10,Nick Viall,False,,,0.0,0.7267857142857144,0.10368938275078166,0.0,4.0,0.0,0.0,percentage_based,Media,0,0,0,0,30-40,True,7.419354838709677,15,10,3,1.0
24,1,Normani,False,0.675,0.3994900826542371,0.0,,0.0,0.5,6.0,0.08940397350993377,0.08940397350993377,percentage_based,Music,0,0,0,0,Under 20,True,5.173469387755102,19,1,12,0.1
24,2,Normani,False,0.8,1.39746146663321,0.125,0.675,0.0,0.0,1.0,0.0975609756097561,0.0975609756097561,percentage_based,Music,0,0,0,0,Under 20,True,5.173469387755102,19,2,12,0.2
24,3,Normani,False,0.85,1.3303683730963543,0.04999999999999993,0.7375,0.08838834764831845,0.5773502691896257,1.0,0.10793650793650794,0.10793650793650794,percentage_based,Music,0,0,0,0,Under 20,True,5.173469387755102,19,3,11,0.3
24,4,Normani,False,0.8,-0.18333018983850732,-0.04999999999999993,0.775,0.09013878188659971,0.816496580927726,5.0,0.09815950920245399,0.09815950920245399,percentage_based,Music,0,0,0,0,Under 20,True,5.173469387755102,19,4,10,0.4
24,5,Normani,False,0.975,1.5270932269962154,0.17499999999999993,0.78125,0.07465197027987047,0.5,1.0,0.12828947368421054,0.12828947368421054,percentage_based,Music,0,0,0,0,Under 20,True,5.173469387755102,19,5,9,0.5
24,6,Normani,False,0.9,0.982842099867608,-0.07499999999999996,0.82,0.10810874155219825,0.7071067811865476,2.0,0.13382899628252787,0.13382899628252787,percentage_based,Music,0,0,0,0,Under 20,True,5.173469387755102,19,6,8,0.6
24,7,Normani,False,1.0,1.1427600890466971,0.09999999999999998,0.8333333333333334,0.10206207261596575,0.0,1.0,0.16600790513833993,0.16600790513833993,percentage_based,Music,0,0,0,0,Under 20,True,5.173469387755102,19,7,7,0.7
24,8,Normani,False,0.9875,1.1019742294153478,-0.012499999999999956,0.8571428571428571,0.1124669263553047,0.25,1.0,0.22636103151862463,0.22636103151862463,percentage_based,Music,0,0,0,0,Under 20,True,5.173469387755102,19,8,5,0.8
24,9,Normani,False,0.95,0.05961964751378604,-0.03750000000000009,0.8734375,0.11386816860487649,0.0,3.0,0.2508250825082508,0.2508250825082508,percentage_based,Music,0,0,0,0,Under 20,True,5.173469387755102,19,9,4,0.9
24,10,Normani,False,0.9833300000000001,0.48416107545163256,0.03333000000000019,0.8819444444444444,0.109528661900791,0.1924885797478208,2.0,0.341039996323692,0.341039996323692,percentage_based,Music,0,0,0,0,Under 20,True,5.173469387755102,19,10,3,1.0
24,1,Rashad Jennings,False,0.775,1.2711048084452985,0.0,,0.0,0.5,2.0,0.10264900662251655,0.10264900662251655,percentage_based,Sports,0,0,0,0,30-40,True,7.7924528301886795,16,1,12,0.1
24,2,Rashad Jennings,False,0.8,1.39746146663321,0.025000000000000022,0.775,0.0,0.0,1.0,0.0975609756097561,0.0975609756097561,percentage_based,Sports,0,0,0,0,30-40,True,7.7924528301886795,16,2,12,0.2
24,3,Rashad Jennings,False,0.7,-0.15784031545211064,-0.10000000000000009,0.7875000000000001,0.017677669529663664,0.0,6.0,0.08888888888888889,0.08888888888888889,percentage_based,Sports,0,0,0,0,30-40,True,7.7924528301886795,16,3,11,0.3
24,4,Rashad Jennings,False,0.975,1.955522024944107,0.275,0.7583333333333333,0.05204164998665341,0.5,1.0,0.1196319018404908,0.1196319018404908,percentage_based,Sports,0,0,0,0,30-40,True,7.7924528301886795,16,4,10,0.4
24,5,Rashad Jennings,False,0.8,-0.5198615240838176,-0.17499999999999993,0.8125,0.11636866703140784,0.816496580927726,6.0,0.10526315789473684,0.10526315789473684,percentage_based,Sports,0,0,0,0,30-40,True,7.7924528301886795,16,5,9,0.5
24,6,Rashad Jennings,False,0.875,0.5690138472917724,0.07499999999999996,0.8099999999999999,0.10093314619093174,0.5,3.0,0.13011152416356878,0.13011152416356878,percentage_based,Sports,0,0,0,0,30-40,True,7.7924528301886795,16,6,8,0.6
24,7,Rashad Jennings,False,0.975,0.8669214468630115,0.09999999999999998,0.8208333333333333,0.09409658158863513,0.5,2.0,0.1541501976284585,0.1541501976284585,percentage_based,Sports,0,0,0,0,30-40,True,7.7924528301886795,16,7,7,0.7
24,8,Rashad Jennings,False,0.9375,0.6228549992347608,-0.03749999999999998,0.8428571428571429,0.10379696297970147,0.25,2.0,0.2148997134670487,0.2148997134670487,percentage_based,Sports,0,0,0,0,30-40,True,7.7924528301886795,16,8,5,0.8
24,9,Rashad Jennings,False,0.9625,0.29809823756893655,0.025000000000000022,0.8546875,0.10175633974633433,0.47871355387816905,2.0,0.25412541254125415,0.25412541254125415,percentage_based,Sports,0,0,0,0,30-40,True,7.7924528301886795,16,9,4,0.9
24,10,Rashad Jennings,False,0.991665,0.6657691413307673,0.029164999999999996,0.8666666666666667,0.10174262872562313,0.16669999999999963,1.0,0.34393075361713155,0.34393075361713155,percentage_based,Sports,0,0,0,0,30-40,True,7.7924528301886795,16,10,3,1.0
24,1,Simone Biles,False,0.8,1.489008489893064,0.0,,0.0,0.0,1.0,0.10596026490066225,0.10596026490066225,percentage_based,Sports,0,0,0,0,Under 20,True,6.076923076923077,12,1,12,0.1
24,2,Simone Biles,False,0.725,0.49909338094043243,-0.07500000000000007,0.8,0.0,0.5,4.0,0.08841463414634146,0.08841463414634146,percentage_based,Sports,0,0,0,0,Under 20,True,6.076923076923077,12,2,12,0.2
24,3,Simone Biles,False,0.8,0.8342988102468667,0.07500000000000007,0.7625,0.05303300858899107,0.816496580927726,4.0,0.10158730158730159,0.10158730158730159,percentage_based,Sports,0,0,0,0,Under 20,True,6.076923076923077,12,3,11,0.3
24,4,Simone Biles,False,0.9,1.0388710757515582,0.09999999999999998,0.775,0.04330127018922195,0.0,2.0,0.11042944785276074,0.11042944785276074,percentage_based,Sports,0,0,0,0,Under 20,True,6.076923076923077,12,4,10,0.4
24,5,Simone Biles,False,0.95,1.2346711196990676,0.04999999999999993,0.80625,0.07180703308172537,0.5773502691896257,2.0,0.125,0.125,percentage_based,Sports,0,0,0,0,Under 20,True,6.076923076923077,12,5,9,0.5
24,6,Simone Biles,False,0.8625,0.36209972100385546,-0.08749999999999991,0.835,0.08944271909999157,0.25,4.0,0.12825278810408922,0.12825278810408922,percentage_based,Sports,0,0,0,0,Under 20,True,6.076923076923077,12,6,8,0.6
24,7,Simone Biles,False,0.975,0.8669214468630115,0.11249999999999993,0.8395833333333332,0.08078391960450214,0.5,2.0,0.1541501976284585,0.1541501976284585,percentage_based,Sports,0,0,0,0,Under 20,True,6.076923076923077,12,7,7,0.7
24,8,Simone Biles,False,0.9,0.2635155765993212,-0.07499999999999996,0.8589285714285715,0.08976656233969145,0.0,3.0,0.20630372492836677,0.20630372492836677,percentage_based,Sports,0,0,0,0,Under 20,True,6.076923076923077,12,8,5,0.8
24,9,Simone Biles,True,1.0,1.013534007734384,0.09999999999999998,0.8640625,0.08436673239917665,0.0,1.0,0.264026402640264,0.264026402640264,percentage_based,Sports,0,0,0,0,Under 20,True,6.076923076923077,12,9,4,0.9
24,10,Simone Biles,False,,,0.0,0.8791666666666667,0.09100137361600644,0.0,4.0,0.0,0.0,percentage_based,Sports,0,0,0,0,Under 20,True,6.076923076923077,12,10,3,1.0
25,1,Barbara Corcoran,False,0.4666666666666667,-1.7529474368238607,0.0,,0.0,0.5773502691896258,13.0,0.058577405857740586,0.058577405857740586,percentage_based,Other,0,0,0,0,60+,True,10.011627906976743,9,1,13,0.1
25,2,Barbara Corcoran,True,0.5666666666666667,-1.8254659206389585,0.09999999999999998,0.4666666666666667,0.0,0.5773502691896258,13.0,0.062157221206581355,0.062157221206581355,percentage_based,Other,0,0,0,0,60+,True,10.011627906976743,9,2,13,0.2
25,3,Barbara Corcoran,False,,,0.0,0.5166666666666666,0.07071067811865478,0.0,12.0,0.0,0.0,percentage_based,Other,0,0,0,0,60+,True,10.011627906976743,9,3,11,0.3
25,4,Barbara Corcoran,False,,,0.0,0.5166666666666666,0.07071067811865478,0.0,12.0,0.0,0.0,percentage_based,Other,0,0,0,0,60+,True,10.011627906976743,9,4,11,0.4
25,5,Barbara Corcoran,False,,,0.0,0.5166666666666666,0.07071067811865478,0.0,11.0,0.0,0.0,percentage_based,Other,0,0,0,0,60+,True,10.011627906976743,9,5,10,0.5
25,6,Barbara Corcoran,False,,,0.0,0.5166666666666666,0.07071067811865478,0.0,10.0,0.0,0.0,percentage_based,Other,0,0,0,0,60+,True,10.011627906976743,9,6,9,0.6
25,7,Barbara Corcoran,False,,,0.0,0.5166666666666666,0.07071067811865478,0.0,9.0,0.0,0.0,percentage_based,Other,0,0,0,0,60+,True,10.011627906976743,9,7,8,0.7
25,8,Barbara Corcoran,False,,,0.0,0.5166666666666666,0.07071067811865478,0.0,7.0,0.0,0.0,percentage_based,Other,0,0,0,0,60+,True,10.011627906976743,9,8,6,0.8
25,9,Barbara Corcoran,False,,,0.0,0.5166666666666666,0.07071067811865478,0.0,6.0,0.0,0.0,percentage_based,Other,0,0,0,0,60+,True,10.011627906976743,9,9,5,0.9
25,10,Barbara Corcoran,False,,,0.0,0.5166666666666666,0.07071067811865478,0.0,5.0,0.0,0.0,percentage_based,Other,0,0,0,0,60+,True,10.011627906976743,9,10,4,1.0
25,1,Debbie Gibson,False,0.5666666666666667,-0.5535623484706934,0.0,,0.0,0.5773502691896258,10.0,0.07112970711297072,0.07112970711297072,percentage_based,Music,0,0,0,0,40-50,True,6.341176470588235,9,1,13,0.1
25,2,Debbie Gibson,True,0.6833333333333333,-0.24339545608519497,0.1166666666666667,0.5666666666666667,0.0,0.28867513459481287,7.0,0.07495429616087751,0.07495429616087751,percentage_based,Music,0,0,0,0,40-50,True,6.341176470588235,9,2,13,0.2
25,3,Debbie Gibson,False,,,0.0,0.625,0.08249579113843056,0.0,12.0,0.0,0.0,percentage_based,Music,0,0,0,0,40-50,True,6.341176470588235,9,3,11,0.3
25,4,Debbie Gibson,False,,,0.0,0.625,0.08249579113843056,0.0,12.0,0.0,0.0,percentage_based,Music,0,0,0,0,40-50,True,6.341176470588235,9,4,11,0.4
25,5,Debbie Gibson,False,,,0.0,0.625,0.08249579113843056,0.0,11.0,0.0,0.0,percentage_based,Music,0,0,0,0,40-50,True,6.341176470588235,9,5,10,0.5
25,6,Debbie Gibson,False,,,0.0,0.625,0.08249579113843056,0.0,10.0,0.0,0.0,percentage_based,Music,0,0,0,0,40-50,True,6.341176470588235,9,6,9,0.6
25,7,Debbie Gibson,False,,,0.0,0.625,0.08249579113843056,0.0,9.0,0.0,0.0,percentage_based,Music,0,0,0,0,40-50,True,6.341176470588235,9,7,8,0.7
25,8,Debbie Gibson,False,,,0.0,0.625,0.08249579113843056,0.0,7.0,0.0,0.0,percentage_based,Music,0,0,0,0,40-50,True,6.341176470588235,9,8,6,0.8
25,9,Debbie Gibson,False,,,0.0,0.625,0.08249579113843056,0.0,6.0,0.0,0.0,percentage_based,Music,0,0,0,0,40-50,True,6.341176470588235,9,9,5,0.9
25,10,Debbie Gibson,False,,,0.0,0.625,0.08249579113843056,0.0,5.0,0.0,0.0,percentage_based,Music,0,0,0,0,40-50,True,6.341176470588235,9,10,4,1.0
25,1,Derek Fisher,False,0.6,-0.15376731901963767,0.0,,0.0,0.0,7.0,0.07531380753138076,0.07531380753138076,percentage_based,Sports,0,0,0,0,40-50,True,6.717391304347826,14,1,13,0.1
25,2,Derek Fisher,False,0.6333333333333333,-0.9214256551796656,0.033333333333333326,0.6,0.0,0.28867513459481287,11.0,0.06946983546617916,0.06946983546617916,percentage_based,Sports,0,0,0,0,40-50,True,6.717391304347826,14,2,13,0.2
25,3,Derek Fisher,False,0.7,-0.5304576150695564,0.06666666666666665,0.6166666666666667,0.02357022603955154,0.0,6.0,0.0860655737704918,0.0860655737704918,percentage_based,Sports,0,0,0,0,40-50,True,6.717391304347826,14,3,11,0.3
25,4,Derek Fisher,True,0.7666666666666667,-0.8334762598987141,0.06666666666666676,0.6444444444444444,0.05091750772173149,0.5773502691896258,10.0,0.08487084870848709,0.08487084870848709,percentage_based,Sports,0,0,0,0,40-50,True,6.717391304347826,14,4,11,0.4
25,5,Derek Fisher,False,,,0.0,0.675,0.07391185942027814,0.0,11.0,0.0,0.0,percentage_based,Sports,0,0,0,0,40-50,True,6.717391304347826,14,5,10,0.5
25,6,Derek Fisher,False,,,0.0,0.675,0.07391185942027814,0.0,10.0,0.0,0.0,percentage_based,Sports,0,0,0,0,40-50,True,6.717391304347826,14,6,9,0.6
25,7,Derek Fisher,False,,,0.0,0.675,0.07391185942027814,0.0,9.0,0.0,0.0,percentage_based,Sports,0,0,0,0,40-50,True,6.717391304347826,14,7,8,0.7
25,8,Derek Fisher,False,,,0.0,0.675,0.07391185942027814,0.0,7.0,0.0,0.0,percentage_based,Sports,0,0,0,0,40-50,True,6.717391304347826,14,8,6,0.8
25,9,Derek Fisher,False,,,0.0,0.675,0.07391185942027814,0.0,6.0,0.0,0.0,percentage_based,Sports,0,0,0,0,40-50,True,6.717391304347826,14,9,5,0.9
25,10,Derek Fisher,False,,,0.0,0.675,0.07391185942027814,0.0,5.0,0.0,0.0,percentage_based,Sports,0,0,0,0,40-50,True,6.717391304347826,14,10,4,1.0
25,1,Drew Scott,False,0.5333333333333333,-0.9533573779217492,0.0,,0.0,0.5773502691896258,11.0,0.06694560669456066,0.06694560669456066,percentage_based,Media,0,0,0,0,30-40,False,7.7924528301886795,16,1,13,0.1
25,2,Drew Scott,False,0.6833333333333333,-0.24339545608519497,0.15000000000000002,0.5333333333333333,0.0,0.28867513459481287,7.0,0.07495429616087751,0.07495429616087751,percentage_based,Media,0,0,0,0,30-40,False,7.7924528301886795,16,2,13,0.2
25,3,Drew Scott,False,0.7666666666666667,0.3672398873558473,0.08333333333333337,0.6083333333333334,0.1060660171779821,0.5773502691896258,3.0,0.0942622950819672,0.0942622950819672,percentage_based,Media,0,0,0,0,30-40,False,7.7924528301886795,16,3,11,0.3
25,4,Drew Scott,False,0.8,-0.32412965662727694,0.033333333333333326,0.6611111111111111,0.11824331474329311,0.0,4.0,0.08856088560885608,0.08856088560885608,percentage_based,Media,0,0,0,0,30-40,False,7.7924528301886795,16,4,11,0.4
25,5,Drew Scott,False,0.8333333333333334,-0.4374796003278166,0.033333333333333326,0.6958333333333333,0.11892652571448689,0.5773502691896257,6.0,0.09578544061302682,0.09578544061302682,percentage_based,Media,0,0,0,0,30-40,False,7.7924528301886795,16,5,10,0.5
25,6,Drew Scott,False,0.75,-0.8528028654224425,-0.08333333333333337,0.7233333333333334,0.11995369476964385,1.0,8.0,0.09803921568627451,0.09803921568627451,percentage_based,Media,0,0,0,0,30-40,False,7.7924528301886795,16,6,9,0.6
25,7,Drew Scott,False,0.95,0.7737468646310073,0.19999999999999996,0.7277777777777779,0.10784076052045267,0.0,2.0,0.1325581395348837,0.1325581395348837,percentage_based,Media,0,0,0,0,30-40,False,7.7924528301886795,16,7,8,0.7
25,8,Drew Scott,False,0.7833333333333333,-1.0973881043774214,-0.16666666666666663,0.7595238095238095,0.1294064594447732,0.28867513459481287,6.0,0.1501597444089457,0.1501597444089457,percentage_based,Media,0,0,0,0,30-40,False,7.7924528301886795,16,8,6,0.8
25,9,Drew Scott,False,0.8,-1.3949716649258312,0.01666666666666672,0.7625,0.12010246947753889,0.0,5.0,0.17777777777777778,0.17777777777777778,percentage_based,Media,0,0,0,0,30-40,False,7.7924528301886795,16,9,5,0.9
25,10,Drew Scott,True,0.9375,-1.34592085721622,0.13749999999999996,0.7666666666666667,0.11303883305208776,0.25,4.0,0.2397871457464638,0.2397871457464638,percentage_based,Media,0,0,0,0,30-40,False,7.7924528301886795,16,10,4,1.0
25,1,Frankie Muniz,False,0.6333333333333333,0.2460277104314181,0.0,,0.0,0.5773502691896258,5.0,0.0794979079497908,0.0794979079497908,percentage_based,Entertainment,0,1,0,0,30-40,True,5.485294117647059,14,1,13,0.1
25,2,Frankie Muniz,False,0.8,1.3386750084685686,0.16666666666666674,0.6333333333333333,0.0,0.5,1.0,0.08775137111517367,0.08775137111517367,percentage_based,Entertainment,0,1,0,0,30-40,True,5.485294117647059,14,2,13,0.2
25,3,Frankie Muniz,False,0.7,-0.5304576150695564,-0.10000000000000009,0.7166666666666667,0.11785113019775798,0.0,6.0,0.0860655737704918,0.0860655737704918,percentage_based,Entertainment,0,1,0,0,30-40,True,5.485294117647059,14,3,11,0.3
25,4,Frankie Muniz,False,0.8,-0.32412965662727694,0.10000000000000009,0.7111111111111111,0.08388704928078615,0.0,4.0,0.08856088560885608,0.08856088560885608,percentage_based,Entertainment,0,1,0,0,30-40,True,5.485294117647059,14,4,11,0.4
25,5,Frankie Muniz,False,0.9666666666666667,1.153355309955159,0.16666666666666663,0.7333333333333334,0.08164965809277264,0.5773502691896257,2.0,0.1111111111111111,0.1111111111111111,percentage_based,Entertainment,0,1,0,0,30-40,True,5.485294117647059,14,5,10,0.5
25,6,Frankie Muniz,False,0.775,-0.6396021490668319,-0.19166666666666665,0.78,0.12605113600792692,0.5,6.0,0.10130718954248366,0.10130718954248366,percentage_based,Entertainment,0,1,0,0,30-40,True,5.485294117647059,14,6,9,0.6
25,7,Frankie Muniz,False,1.0,1.4879747396750156,0.22499999999999998,0.7791666666666667,0.11276204050024005,0.0,1.0,0.13953488372093023,0.13953488372093023,percentage_based,Entertainment,0,1,0,0,30-40,True,5.485294117647059,14,7,8,0.7
25,8,Frankie Muniz,False,0.8833333333333333,0.17699808135119796,-0.1166666666666667,0.8107142857142857,0.13252483045765684,0.2886751345948129,3.0,0.16932907348242812,0.16932907348242812,percentage_based,Entertainment,0,1,0,0,30-40,True,5.485294117647059,14,8,6,0.8
25,9,Frankie Muniz,False,0.85,-0.6974858324629164,-0.033333333333333326,0.8197916666666667,0.125351687802441,0.5,4.0,0.18888888888888888,0.18888888888888888,percentage_based,Entertainment,0,1,0,0,30-40,True,5.485294117647059,14,9,5,0.9
25,10,Frankie Muniz,False,0.9722175,-0.17567946574931104,0.12221749999999998,0.8231481481481482,0.11768733424619365,0.2796286510713809,3.0,0.24866694332774683,0.24866694332774683,percentage_based,Entertainment,0,1,0,0,30-40,True,5.485294117647059,14,10,4,1.0
25,1,Jordan Fisher,False,0.7333333333333333,1.4454127987845855,0.0,,0.0,0.5773502691896258,1.0,0.09205020920502092,0.09205020920502092,percentage_based,Entertainment,0,1,0,0,20-30,True,5.135416666666667,10,1,13,0.1
25,2,Jordan Fisher,False,0.8,1.3386750084685686,0.06666666666666676,0.7333333333333333,0.0,0.0,1.0,0.08775137111517367,0.08775137111517367,percentage_based,Entertainment,0,1,0,0,20-30,True,5.135416666666667,10,2,13,0.2
25,3,Jordan Fisher,False,0.8333333333333334,1.2649373897812495,0.033333333333333326,0.7666666666666666,0.04714045207910327,1.1547005383792517,2.0,0.10245901639344263,0.10245901639344263,percentage_based,Entertainment,0,1,0,0,20-30,True,5.135416666666667,10,3,11,0.3
25,4,Jordan Fisher,False,0.9666666666666667,2.222603359729909,0.1333333333333333,0.7888888888888889,0.05091750772173165,0.5773502691896257,1.0,0.1070110701107011,0.1070110701107011,percentage_based,Entertainment,0,1,0,0,20-30,True,5.135416666666667,10,4,11,0.4
25,5,Jordan Fisher,False,1.0,1.5510640375259028,0.033333333333333326,0.8333333333333334,0.0981306762925317,0.0,1.0,0.11494252873563218,0.11494252873563218,percentage_based,Entertainment,0,1,0,0,20-30,True,5.135416666666667,10,5,10,0.5
25,6,Jordan Fisher,False,0.975,1.0660035817780513,-0.025000000000000022,0.8666666666666666,0.11303883305208788,0.5,2.0,0.12745098039215685,0.12745098039215685,percentage_based,Entertainment,0,1,0,0,20-30,True,5.135416666666667,10,6,9,0.6
25,7,Jordan Fisher,False,0.9,0.059518989587000436,-0.07499999999999996,0.8847222222222223,0.1103550666745336,0.0,4.0,0.12558139534883722,0.12558139534883722,percentage_based,Entertainment,0,1,0,0,20-30,True,5.135416666666667,10,7,8,0.7
25,8,Jordan Fisher,False,1.0,1.6637819647012546,0.09999999999999998,0.8869047619047619,0.10090529375051796,0.0,1.0,0.19169329073482427,0.19169329073482427,percentage_based,Entertainment,0,1,0,0,20-30,True,5.135416666666667,10,8,6,0.8
25,9,Jordan Fisher,False,0.9666666666666667,0.9299811099505542,-0.033333333333333326,0.9010416666666667,0.10161762087854588,0.2886751345948129,1.0,0.21481481481481482,0.21481481481481482,percentage_based,Entertainment,0,1,0,0,20-30,True,5.135416666666667,10,9,5,0.9
25,10,Jordan Fisher,False,1.0,0.7608001614827617,0.033333333333333326,0.9083333333333334,0.0975391659226636,0.0,1.0,0.2557729554628947,0.2557729554628947,percentage_based,Entertainment,0,1,0,0,20-30,True,5.135416666666667,10,10,4,1.0
25,1,Lindsey Stirling,False,0.7333333333333333,1.4454127987845855,0.0,,0.0,0.5773502691896258,1.0,0.09205020920502092,0.09205020920502092,percentage_based,Music,0,0,0,0,30-40,True,5.134883720930232,21,1,13,0.1
25,2,Lindsey Stirling,False,0.75,0.6606448093740981,0.01666666666666672,0.7333333333333333,0.0,0.0,4.0,0.08226691042047532,0.08226691042047532,percentage_based,Music,0,0,0,0,30-40,True,5.134883720930232,21,2,13,0.2
25,3,Lindsey Stirling,False,0.9,2.1626348922066514,0.15000000000000002,0.7416666666666667,0.01178511301977579,0.0,1.0,0.11065573770491803,0.11065573770491803,percentage_based,Music,0,0,0,0,30-40,True,5.134883720930232,21,3,11,0.3
25,4,Lindsey Stirling,False,0.8666666666666667,0.6945635499155973,-0.033333333333333326,0.7944444444444444,0.09179284245476835,0.5773502691896257,3.0,0.0959409594095941,0.0959409594095941,percentage_based,Music,0,0,0,0,30-40,True,5.134883720930232,21,4,11,0.4
25,5,Lindsey Stirling,False,0.9333333333333333,0.7556465823844151,0.06666666666666665,0.8125,0.08319432851039964,0.5773502691896257,3.0,0.10727969348659004,0.10727969348659004,percentage_based,Music,0,0,0,0,30-40,True,5.134883720930232,21,5,10,0.5
25,6,Lindsey Stirling,False,1.0,1.279204298133662,0.06666666666666665,0.8366666666666667,0.09006170724070864,0.0,1.0,0.13071895424836602,0.13071895424836602,percentage_based,Music,0,0,0,0,30-40,True,5.134883720930232,21,6,9,0.6
25,7,Lindsey Stirling,False,0.85,-0.6547088854570079,-0.15000000000000002,0.8638888888888889,0.10457143579957762,0.0,6.0,0.1186046511627907,0.1186046511627907,percentage_based,Music,0,0,0,0,30-40,True,5.134883720930232,21,7,8,0.7
25,8,Lindsey Stirling,False,0.9,0.3893957789726353,0.050000000000000044,0.8619047619047618,0.09560445408144769,0.5,2.0,0.17252396166134185,0.17252396166134185,percentage_based,Music,0,0,0,0,30-40,True,5.134883720930232,21,8,6,0.8
25,9,Lindsey Stirling,False,0.95,0.6974858324629148,0.04999999999999993,0.8666666666666667,0.08953140798553888,0.5,2.0,0.2111111111111111,0.2111111111111111,percentage_based,Music,0,0,0,0,30-40,True,5.134883720930232,21,9,5,0.9
25,10,Lindsey Stirling,False,1.0,0.7608001614827617,0.050000000000000044,0.8759259259259259,0.08823544541260327,0.0,1.0,0.2557729554628947,0.2557729554628947,percentage_based,Music,0,0,0,0,30-40,True,5.134883720930232,21,10,4,1.0
25,1,Nick Lachey,False,0.6,-0.15376731901963767,0.0,,0.0,0.0,7.0,0.07531380753138076,0.07531380753138076,percentage_based,Music,0,0,0,0,40-50,True,7.419354838709677,15,1,13,0.1
25,2,Nick Lachey,False,0.6333333333333333,-0.9214256551796656,0.033333333333333326,0.6,0.0,0.5773502691896258,11.0,0.06946983546617916,0.06946983546617916,percentage_based,Music,0,0,0,0,40-50,True,7.419354838709677,15,2,13,0.2
25,3,Nick Lachey,False,0.7,-0.5304576150695564,0.06666666666666665,0.6166666666666667,0.02357022603955154,0.0,6.0,0.0860655737704918,0.0860655737704918,percentage_based,Music,0,0,0,0,40-50,True,7.419354838709677,15,3,11,0.3
25,4,Nick Lachey,False,0.7333333333333333,-1.3428228631701529,0.033333333333333326,0.6444444444444444,0.05091750772173149,0.5773502691896258,11.0,0.08118081180811808,0.08118081180811808,percentage_based,Music,0,0,0,0,40-50,True,7.419354838709677,15,4,11,0.4
25,5,Nick Lachey,False,0.7333333333333333,-1.6306057830400496,0.0,0.6666666666666666,0.06085806194501837,0.5773502691896258,10.0,0.0842911877394636,0.0842911877394636,percentage_based,Music,0,0,0,0,40-50,True,7.419354838709677,15,5,10,0.5
25,6,Nick Lachey,True,0.65,-1.7056057308448842,-0.08333333333333326,0.6799999999999999,0.06055300708194974,0.5773502691896257,9.0,0.08496732026143791,0.08496732026143791,percentage_based,Music,0,0,0,0,40-50,True,7.419354838709677,15,6,9,0.6
25,7,Nick Lachey,False,,,0.0,0.6749999999999999,0.05552777082985886,0.0,9.0,0.0,0.0,percentage_based,Music,0,0,0,0,40-50,True,7.419354838709677,15,7,8,0.7
25,8,Nick Lachey,False,,,0.0,0.6749999999999999,0.05552777082985886,0.0,7.0,0.0,0.0,percentage_based,Music,0,0,0,0,40-50,True,7.419354838709677,15,8,6,0.8
25,9,Nick Lachey,False,,,0.0,0.6749999999999999,0.05552777082985886,0.0,6.0,0.0,0.0,percentage_based,Music,0,0,0,0,40-50,True,7.419354838709677,15,9,5,0.9
25,10,Nick Lachey,False,,,0.0,0.6749999999999999,0.05552777082985886,0.0,5.0,0.0,0.0,percentage_based,Music,0,0,0,0,40-50,True,7.419354838709677,15,10,4,1.0
25,1,Nikki Bella,False,0.6666666666666666,0.6458227398824739,0.0,,0.0,0.5773502691896258,4.0,0.08368200836820083,0.08368200836820083,percentage_based,Sports,0,0,0,0,30-40,True,6.777777777777778,12,1,13,0.1
25,2,Nikki Bella,False,0.65,-0.6954155888148416,-0.016666666666666607,0.6666666666666666,0.0,0.0,9.0,0.0712979890310786,0.0712979890310786,percentage_based,Sports,0,0,0,0,30-40,True,6.777777777777778,12,2,13,0.2
25,3,Nikki Bella,False,0.7,-0.5304576150695564,0.04999999999999993,0.6583333333333333,0.01178511301977575,0.0,6.0,0.0860655737704918,0.0860655737704918,percentage_based,Sports,0,0,0,0,30-40,True,6.777777777777778,12,3,11,0.3
25,4,Nikki Bella,False,0.8,-0.32412965662727694,0.10000000000000009,0.6722222222222222,0.02545875386086576,0.0,4.0,0.08856088560885608,0.08856088560885608,percentage_based,Sports,0,0,0,0,30-40,True,6.777777777777778,12,4,11,0.4
25,5,Nikki Bella,False,0.9,0.35793785481367124,0.09999999999999998,0.7041666666666666,0.0671854812358213,0.0,4.0,0.10344827586206896,0.10344827586206896,percentage_based,Sports,0,0,0,0,30-40,True,6.777777777777778,12,5,10,0.5
25,6,Nikki Bella,False,0.9,0.42640143271122033,0.0,0.7433333333333334,0.10514540197058342,0.0,4.0,0.11764705882352941,0.11764705882352941,percentage_based,Sports,0,0,0,0,30-40,True,6.777777777777778,12,6,9,0.6
25,7,Nikki Bella,True,0.8,-1.3689367605010148,-0.09999999999999998,0.7694444444444445,0.11373295558098012,0.0,8.0,0.11162790697674418,0.11162790697674418,percentage_based,Sports,0,0,0,0,30-40,True,6.777777777777778,12,7,8,0.7
25,8,Nikki Bella,False,,,0.0,0.7738095238095238,0.10446386175466818,0.0,7.0,0.0,0.0,percentage_based,Sports,0,0,0,0,30-40,True,6.777777777777778,12,8,6,0.8
25,9,Nikki Bella,False,,,0.0,0.7738095238095238,0.10446386175466818,0.0,6.0,0.0,0.0,percentage_based,Sports,0,0,0,0,30-40,True,6.777777777777778,12,9,5,0.9
25,10,Nikki Bella,False,,,0.0,0.7738095238095238,0.10446386175466818,0.0,5.0,0.0,0.0,percentage_based,Sports,0,0,0,0,30-40,True,6.777777777777778,12,10,4,1.0
25,1,Sasha Pieterse,False,0.6,-0.15376731901963767,0.0,,0.0,0.0,7.0,0.07531380753138076,0.07531380753138076,percentage_based,Entertainment,0,1,0,0,20-30,False,8.448818897637794,13,1,13,0.1
25,2,Sasha Pieterse,False,0.75,0.6606448093740981,0.15000000000000002,0.6,0.0,0.5,4.0,0.08226691042047532,0.08226691042047532,percentage_based,Entertainment,0,1,0,0,20-30,False,8.448818897637794,13,2,13,0.2
25,3,Sasha Pieterse,False,0.6333333333333333,-1.4281551174949585,-0.1166666666666667,0.675,0.1060660171779821,0.5773502691896258,11.0,0.0778688524590164,0.0778688524590164,percentage_based,Entertainment,0,1,0,0,20-30,False,8.448818897637794,13,3,11,0.3
25,4,Sasha Pieterse,False,0.8,-0.32412965662727694,0.16666666666666674,0.6611111111111111,0.0787635937708768,0.0,4.0,0.08856088560885608,0.08856088560885608,percentage_based,Entertainment,0,1,0,0,20-30,False,8.448818897637794,13,4,11,0.4
25,5,Sasha Pieterse,True,0.8,-0.8351883278985605,0.0,0.6958333333333333,0.09464847243000458,0.0,8.0,0.09195402298850575,0.09195402298850575,percentage_based,Entertainment,0,1,0,0,20-30,False,8.448818897637794,13,5,10,0.5
25,6,Sasha Pieterse,False,,,0.0,0.7166666666666667,0.09428090415820638,0.0,10.0,0.0,0.0,percentage_based,Entertainment,0,1,0,0,20-30,False,8.448818897637794,13,6,9,0.6
25,7,Sasha Pieterse,False,,,0.0,0.7166666666666667,0.09428090415820638,0.0,9.0,0.0,0.0,percentage_based,Entertainment,0,1,0,0,20-30,False,8.448818897637794,13,7,8,0.7
25,8,Sasha Pieterse,False,,,0.0,0.7166666666666667,0.09428090415820638,0.0,7.0,0.0,0.0,percentage_based,Entertainment,0,1,0,0,20-30,False,8.448818897637794,13,8,6,0.8
25,9,Sasha Pieterse,False,,,0.0,0.7166666666666667,0.09428090415820638,0.0,6.0,0.0,0.0,percentage_based,Entertainment,0,1,0,0,20-30,False,8.448818897637794,13,9,5,0.9
25,10,Sasha Pieterse,False,,,0.0,0.7166666666666667,0.09428090415820638,0.0,5.0,0.0,0.0,percentage_based,Entertainment,0,1,0,0,20-30,False,8.448818897637794,13,10,4,1.0
25,1,Terrell Owens,False,0.5,-1.353152407372805,0.0,,0.0,0.0,12.0,0.06276150627615062,0.06276150627615062,percentage_based,Sports,0,0,0,0,40-50,True,5.853754940711463,25,1,13,0.1
25,2,Terrell Owens,False,0.65,-0.6954155888148416,0.15000000000000002,0.5,0.0,0.5,9.0,0.0712979890310786,0.0712979890310786,percentage_based,Sports,0,0,0,0,40-50,True,5.853754940711463,25,2,13,0.2
25,3,Terrell Owens,False,0.7,-0.5304576150695564,0.04999999999999993,0.575,0.10606601717798218,0.0,6.0,0.0860655737704918,0.0860655737704918,percentage_based,Sports,0,0,0,0,40-50,True,5.853754940711463,25,3,11,0.3
25,4,Terrell Owens,False,0.8,-0.32412965662727694,0.10000000000000009,0.6166666666666667,0.10408329997330668,0.0,4.0,0.08856088560885608,0.08856088560885608,percentage_based,Sports,0,0,0,0,40-50,True,5.853754940711463,25,4,11,0.4
25,5,Terrell Owens,False,0.8333333333333334,-0.4374796003278166,0.033333333333333326,0.6625,0.12500000000000006,0.5773502691896257,6.0,0.09578544061302682,0.09578544061302682,percentage_based,Sports,0,0,0,0,40-50,True,5.853754940711463,25,5,10,0.5
25,6,Terrell Owens,False,0.925,0.639602149066831,0.09166666666666667,0.6966666666666667,0.132497379429012,0.5,3.0,0.12091503267973856,0.12091503267973856,percentage_based,Sports,0,0,0,0,40-50,True,5.853754940711463,25,6,9,0.6
25,7,Terrell Owens,False,0.8166666666666667,-1.130860802153013,-0.10833333333333339,0.7347222222222222,0.15077730696724992,0.2886751345948129,7.0,0.11395348837209303,0.11395348837209303,percentage_based,Sports,0,0,0,0,40-50,True,5.853754940711463,25,7,8,0.7
25,8,Terrell Owens,True,0.85,-0.24779731389167517,0.033333333333333326,0.7464285714285713,0.14108189298808171,0.0,4.0,0.16293929712460065,0.16293929712460065,percentage_based,Sports,0,0,0,0,40-50,True,5.853754940711463,25,8,6,0.8
25,9,Terrell Owens,False,,,0.0,0.759375,0.1356522675756388,0.0,6.0,0.0,0.0,percentage_based,Sports,0,0,0,0,40-50,True,5.853754940711463,25,9,5,0.9
25,10,Terrell Owens,False,,,0.0,0.759375,0.1356522675756388,0.0,5.0,0.0,0.0,percentage_based,Sports,0,0,0,0,40-50,True,5.853754940711463,25,10,4,1.0
25,1,Vanessa Lachey,False,0.7,1.0456177693335296,0.0,,0.0,0.0,3.0,0.08786610878661087,0.08786610878661087,percentage_based,Media,0,0,0,0,30-40,False,5.9941176470588236,17,1,13,0.1
25,2,Vanessa Lachey,False,0.7833333333333333,1.1126649421037447,0.08333333333333337,0.7,0.0,0.28867513459481287,3.0,0.08592321755027423,0.08592321755027423,percentage_based,Media,0,0,0,0,30-40,False,5.9941176470588236,17,2,13,0.2
25,3,Vanessa Lachey,False,0.7666666666666667,0.3672398873558473,-0.016666666666666607,0.7416666666666667,0.058925565098878946,0.5773502691896258,3.0,0.0942622950819672,0.0942622950819672,percentage_based,Media,0,0,0,0,30-40,False,5.9941176470588236,17,3,11,0.3
25,4,Vanessa Lachey,False,0.8,-0.32412965662727694,0.033333333333333326,0.75,0.044095855184409845,0.0,4.0,0.08856088560885608,0.08856088560885608,percentage_based,Media,0,0,0,0,30-40,False,5.9941176470588236,17,4,11,0.4
25,5,Vanessa Lachey,False,0.8,-0.8351883278985605,0.0,0.7625,0.043832593994609745,0.0,8.0,0.09195402298850575,0.09195402298850575,percentage_based,Media,0,0,0,0,30-40,False,5.9941176470588236,17,5,10,0.5
25,6,Vanessa Lachey,False,0.9,0.42640143271122033,0.09999999999999998,0.77,0.04149966532662914,0.0,4.0,0.11764705882352941,0.11764705882352941,percentage_based,Media,0,0,0,0,30-40,False,5.9941176470588236,17,6,9,0.6
25,7,Vanessa Lachey,True,0.9,0.059518989587000436,0.0,0.7916666666666666,0.06476453075908482,0.0,4.0,0.12558139534883722,0.12558139534883722,percentage_based,Media,0,0,0,0,30-40,False,5.9941176470588236,17,7,8,0.7
25,8,Vanessa Lachey,False,,,0.0,0.8071428571428572,0.0719163240993147,0.0,7.0,0.0,0.0,percentage_based,Media,0,0,0,0,30-40,False,5.9941176470588236,17,8,6,0.8
25,9,Vanessa Lachey,False,,,0.0,0.8071428571428572,0.0719163240993147,0.0,6.0,0.0,0.0,percentage_based,Media,0,0,0,0,30-40,False,5.9941176470588236,17,9,5,0.9
25,10,Vanessa Lachey,False,,,0.0,0.8071428571428572,0.0719163240993147,0.0,5.0,0.0,0.0,percentage_based,Media,0,0,0,0,30-40,False,5.9941176470588236,17,10,4,1.0
25,1,Victoria Arlen,False,0.6333333333333333,0.2460277104314181,0.0,,0.0,0.5773502691896258,5.0,0.0794979079497908,0.0794979079497908,percentage_based,Sports,0,0,0,0,20-30,True,5.173469387755102,19,1,13,0.1
25,2,Victoria Arlen,False,0.7333333333333333,0.43463474300927407,0.09999999999999998,0.6333333333333333,0.0,0.28867513459481287,6.0,0.08043875685557587,0.08043875685557587,percentage_based,Sports,0,0,0,0,20-30,True,5.173469387755102,19,2,13,0.2
25,3,Victoria Arlen,False,0.7333333333333333,-0.08160886385685528,0.0,0.6833333333333333,0.0707106781186547,0.5773502691896258,5.0,0.09016393442622951,0.09016393442622951,percentage_based,Sports,0,0,0,0,20-30,True,5.173469387755102,19,3,11,0.3
25,4,Victoria Arlen,False,0.9,1.2039101531870344,0.16666666666666674,0.6999999999999998,0.05773502691896253,0.0,2.0,0.0996309963099631,0.0996309963099631,percentage_based,Sports,0,0,0,0,20-30,True,5.173469387755102,19,4,11,0.4
25,5,Victoria Arlen,False,0.9,0.35793785481367124,0.0,0.75,0.11055415967851333,0.0,4.0,0.10344827586206896,0.10344827586206896,percentage_based,Sports,0,0,0,0,20-30,True,5.173469387755102,19,5,10,0.5
25,6,Victoria Arlen,False,0.775,-0.6396021490668319,-0.125,0.78,0.11690451944500121,0.5,6.0,0.10130718954248366,0.10130718954248366,percentage_based,Sports,0,0,0,0,20-30,True,5.173469387755102,19,6,9,0.6
25,7,Victoria Arlen,False,0.95,0.7737468646310073,0.17499999999999993,0.7791666666666667,0.10458250331675945,0.0,2.0,0.1325581395348837,0.1325581395348837,percentage_based,Sports,0,0,0,0,20-30,True,5.173469387755102,19,7,8,0.7
25,8,Victoria Arlen,False,0.8,-0.8849904067559842,-0.1499999999999999,0.8035714285714286,0.11525506565322911,0.0,5.0,0.15335463258785942,0.15335463258785942,percentage_based,Sports,0,0,0,0,20-30,True,5.173469387755102,19,8,6,0.8
25,9,Victoria Arlen,True,0.9333333333333333,0.4649905549752771,0.1333333333333333,0.803125,0.10671292709659784,0.2886751345948129,3.0,0.2074074074074074,0.2074074074074074,percentage_based,Sports,0,0,0,0,20-30,True,5.173469387755102,19,9,5,0.9
25,10,Victoria Arlen,False,,,0.0,0.8175925925925926,0.1088484902383147,0.0,5.0,0.0,0.0,percentage_based,Sports,0,0,0,0,20-30,True,5.173469387755102,19,10,4,1.0
26,1,Adam Rippon,False,0.8,1.2026755886059102,0.0,,0.0,0.0,1.0,0.11428571428571428,0.11428571428571428,percentage_based,Sports,0,0,0,0,20-30,True,6.9655172413793105,9,1,10,0.25
26,2,Adam Rippon,False,0.925,1.3170110093616318,0.125,0.8,0.0,0.28867513459481287,1.0,0.1383177570093458,0.1383177570093458,percentage_based,Sports,0,0,0,0,20-30,True,6.9655172413793105,9,2,8,0.5
26,3,Adam Rippon,False,1.0,1.2996881122750907,0.07499999999999996,0.8625,0.08838834764831845,0.5,1.0,0.1943127962085308,0.1943127962085308,percentage_based,Sports,0,0,0,0,20-30,True,6.9655172413793105,9,3,6,0.75
26,4,Adam Rippon,False,0.9666666666666667,1.00000000000001,-0.033333333333333326,0.9083333333333333,0.1010362971081845,0.2886751345948129,1.0,0.3391812865497076,0.3391812865497076,percentage_based,Sports,0,0,0,0,20-30,True,6.9655172413793105,9,4,3,1.0
26,1,Arike Ogunbowale,False,0.6666666666666666,-0.4008918628686363,0.0,,0.0,0.5773502691896258,7.0,0.09523809523809523,0.09523809523809523,percentage_based,Sports,0,0,0,0,20-30,True,8.448818897637794,13,1,10,0.25
26,2,Arike Ogunbowale,True,0.875,0.5776364076147505,0.20833333333333337,0.6666666666666666,0.0,0.5,3.0,0.1308411214953271,0.1308411214953271,percentage_based,Sports,0,0,0,0,20-30,True,8.448818897637794,13,2,8,0.5
26,3,Arike Ogunbowale,False,,,0.0,0.7708333333333333,0.14731391274719746,0.0,7.0,0.0,0.0,percentage_based,Sports,0,0,0,0,20-30,True,8.448818897637794,13,3,6,0.75
26,4,Arike Ogunbowale,False,,,0.0,0.7708333333333333,0.14731391274719746,0.0,4.0,0.0,0.0,percentage_based,Sports,0,0,0,0,20-30,True,8.448818897637794,13,4,3,1.0
26,1,Chris Mazdzer,False,0.7,0.0,0.0,,0.0,0.0,5.0,0.1,0.1,percentage_based,Sports,0,0,0,0,20-30,True,5.485294117647059,14,1,10,0.25
26,2,Chris Mazdzer,False,0.825,-0.1617381941321308,0.125,0.7,0.0,0.28867513459481287,4.0,0.1233644859813084,0.1233644859813084,percentage_based,Sports,0,0,0,0,20-30,True,5.485294117647059,14,2,8,0.5
26,3,Chris Mazdzer,True,0.825,-0.5198752449100368,0.0,0.7625,0.08838834764831845,0.9574271077563381,5.0,0.15639810426540285,0.15639810426540285,percentage_based,Sports,0,0,0,0,20-30,True,5.485294117647059,14,3,6,0.75
26,4,Chris Mazdzer,False,,,0.0,0.7833333333333332,0.07216878364870322,0.0,4.0,0.0,0.0,percentage_based,Sports,0,0,0,0,20-30,True,5.485294117647059,14,4,3,1.0
26,1,Jamie Anderson,True,0.6333333333333333,-0.8017837257372726,0.0,,0.0,0.5773502691896258,8.0,0.09047619047619047,0.09047619047619047,percentage_based,Sports,0,0,0,0,20-30,True,6.777777777777778,12,1,10,0.25
26,2,Jamie Anderson,False,,,0.0,0.6333333333333333,0.0,0.0,9.0,0.0,0.0,percentage_based,Sports,0,0,0,0,20-30,True,6.777777777777778,12,2,8,0.5
26,3,Jamie Anderson,False,,,0.0,0.6333333333333333,0.0,0.0,7.0,0.0,0.0,percentage_based,Sports,0,0,0,0,20-30,True,6.777777777777778,12,3,6,0.75
26,4,Jamie Anderson,False,,,0.0,0.6333333333333333,0.0,0.0,4.0,0.0,0.0,percentage_based,Sports,0,0,0,0,20-30,True,6.777777777777778,12,4,3,1.0
26,1,Jennie Finch Daigle,False,0.7,0.0,0.0,,0.0,0.0,5.0,0.1,0.1,percentage_based,Sports,0,0,0,0,30-40,True,10.011627906976743,9,1,10,0.25
26,2,Jennie Finch Daigle,False,0.7875,-0.716269145442291,0.08750000000000002,0.7,0.0,0.47871355387816905,6.0,0.11775700934579439,0.11775700934579439,percentage_based,Sports,0,0,0,0,30-40,True,10.011627906976743,9,2,8,0.5
26,3,Jennie Finch Daigle,True,0.725,-1.5596257347301092,-0.0625,0.7437499999999999,0.06187184335382297,0.5,6.0,0.13744075829383887,0.13744075829383887,percentage_based,Sports,0,0,0,0,30-40,True,10.011627906976743,9,3,6,0.75
26,4,Jennie Finch Daigle,False,,,0.0,0.7374999999999999,0.0450693909432999,0.0,4.0,0.0,0.0,percentage_based,Sports,0,0,0,0,30-40,True,10.011627906976743,9,4,3,1.0
26,1,Johnny Damon,True,0.6,-1.2026755886059088,0.0,,0.0,0.0,9.0,0.08571428571428572,0.08571428571428572,percentage_based,Sports,0,0,0,0,40-50,True,7.7924528301886795,16,1,10,0.25
26,2,Johnny Damon,False,,,0.0,0.6,0.0,0.0,9.0,0.0,0.0,percentage_based,Sports,0,0,0,0,40-50,True,7.7924528301886795,16,2,8,0.5
26,3,Johnny Damon,False,,,0.0,0.6,0.0,0.0,7.0,0.0,0.0,percentage_based,Sports,0,0,0,0,40-50,True,7.7924528301886795,16,3,6,0.75
26,4,Johnny Damon,False,,,0.0,0.6,0.0,0.0,4.0,0.0,0.0,percentage_based,Sports,0,0,0,0,40-50,True,7.7924528301886795,16,4,3,1.0
26,1,Josh Norman,False,0.8,1.2026755886059102,0.0,,0.0,0.0,1.0,0.11428571428571428,0.11428571428571428,percentage_based,Sports,0,0,0,0,20-30,True,6.717391304347826,14,1,10,0.25
26,2,Josh Norman,False,0.7875,-0.716269145442291,-0.012500000000000067,0.8,0.0,0.25,6.0,0.11775700934579439,0.11775700934579439,percentage_based,Sports,0,0,0,0,20-30,True,6.717391304347826,14,2,8,0.5
26,3,Josh Norman,False,0.95,0.7798128673650541,0.16249999999999998,0.79375,0.008838834764831853,0.0,2.0,0.18009478672985782,0.18009478672985782,percentage_based,Sports,0,0,0,0,20-30,True,6.717391304347826,14,3,6,0.75
26,4,Josh Norman,False,0.95,6.661338147750941e-15,0.0,0.8458333333333333,0.09042722672587793,0.0,2.0,0.3333333333333333,0.3333333333333333,percentage_based,Sports,0,0,0,0,20-30,True,6.717391304347826,14,4,3,1.0
26,1,Kareem Abdul-Jabbar,False,0.5666666666666667,-1.6035674514745453,0.0,,0.0,0.5773502691896258,10.0,0.08095238095238096,0.08095238095238096,percentage_based,Sports,0,0,0,0,60+,True,5.135416666666667,10,1,10,0.25
26,2,Kareem Abdul-Jabbar,True,0.7375,-1.4556437471891708,0.1708333333333334,0.5666666666666667,0.0,0.47871355387816905,8.0,0.1102803738317757,0.1102803738317757,percentage_based,Sports,0,0,0,0,60+,True,5.135416666666667,10,2,8,0.5
26,3,Kareem Abdul-Jabbar,False,,,0.0,0.6520833333333333,0.12079740845270191,0.0,7.0,0.0,0.0,percentage_based,Sports,0,0,0,0,60+,True,5.135416666666667,10,3,6,0.75
26,4,Kareem Abdul-Jabbar,False,,,0.0,0.6520833333333333,0.12079740845270191,0.0,4.0,0.0,0.0,percentage_based,Sports,0,0,0,0,60+,True,5.135416666666667,10,4,3,1.0
26,1,Mirai Nagasu,False,0.7666666666666667,0.801783725737274,0.0,,0.0,0.5773502691896258,3.0,0.10952380952380952,0.10952380952380952,percentage_based,Sports,0,0,0,0,20-30,True,6.341176470588235,9,1,10,0.25
26,2,Mirai Nagasu,False,0.925,1.3170110093616318,0.15833333333333333,0.7666666666666667,0.0,0.5,1.0,0.1383177570093458,0.1383177570093458,percentage_based,Sports,0,0,0,0,20-30,True,6.341176470588235,9,2,8,0.5
26,3,Mirai Nagasu,True,0.875,0.0,-0.050000000000000044,0.8458333333333334,0.11195857368786999,0.5,3.0,0.16587677725118483,0.16587677725118483,percentage_based,Sports,0,0,0,0,20-30,True,6.341176470588235,9,3,6,0.75
26,4,Mirai Nagasu,False,,,0.0,0.8555555555555556,0.0809377904685192,0.0,4.0,0.0,0.0,percentage_based,Sports,0,0,0,0,20-30,True,6.341176470588235,9,4,3,1.0
26,1,Tonya Harding,False,0.7666666666666667,0.801783725737274,0.0,,0.0,0.5773502691896258,3.0,0.10952380952380952,0.10952380952380952,percentage_based,Sports,0,0,0,0,40-50,True,6.076923076923077,12,1,10,0.25
26,2,Tonya Harding,False,0.825,-0.1617381941321308,0.05833333333333324,0.7666666666666667,0.0,0.5,4.0,0.1233644859813084,0.1233644859813084,percentage_based,Sports,0,0,0,0,40-50,True,6.076923076923077,12,2,8,0.5
26,3,Tonya Harding,False,0.875,0.0,0.050000000000000044,0.7958333333333334,0.04124789556921517,0.5,3.0,0.16587677725118483,0.16587677725118483,percentage_based,Sports,0,0,0,0,40-50,True,6.076923076923077,12,3,6,0.75
26,4,Tonya Harding,False,0.9333333333333333,-0.99999999999999,0.05833333333333335,0.8222222222222223,0.054220059155397515,0.2886751345948129,3.0,0.32748538011695905,0.32748538011695905,percentage_based,Sports,0,0,0,0,40-50,True,6.076923076923077,12,4,3,1.0
27,1,Alexis Ren,False,0.7333333333333333,0.9318831418112958,0.0,,0.0,0.28867513459481287,3.0,0.08627450980392157,0.08627450980392157,percentage_based,Social Media,0,0,0,0,20-30,True,6.341176470588235,9,1,13,0.1111111111111111
27,2,Alexis Ren,False,0.8166666666666667,0.6520235571009878,0.08333333333333337,0.7333333333333333,0.0,0.2886751345948129,4.0,0.09057301293900184,0.09057301293900184,percentage_based,Social Media,0,0,0,0,20-30,True,6.341176470588235,9,2,12,0.2222222222222222
27,3,Alexis Ren,False,0.8666666666666667,0.3994394029373164,0.050000000000000044,0.7749999999999999,0.05892556509887902,0.5773502691896257,5.0,0.0959409594095941,0.0959409594095941,percentage_based,Social Media,0,0,0,0,20-30,True,6.341176470588235,9,3,11,0.3333333333333333
27,4,Alexis Ren,False,0.8333333333333334,0.4603461791425691,-0.033333333333333326,0.8055555555555555,0.06735753140545643,0.5773502691896257,4.0,0.10775862068965517,0.10775862068965517,percentage_based,Social Media,0,0,0,0,20-30,True,6.341176470588235,9,4,10,0.4444444444444444
27,5,Alexis Ren,False,0.9666666666666667,1.1283038951671405,0.1333333333333333,0.8125,0.056723827379617134,0.5773502691896257,1.0,0.13063063063063063,0.13063063063063063,percentage_based,Social Media,0,0,0,0,20-30,True,6.341176470588235,9,5,9,0.5555555555555556
27,6,Alexis Ren,False,0.9,0.3947579388086265,-0.06666666666666665,0.8433333333333334,0.08465616732800199,0.0,4.0,0.11790393013100436,0.11790393013100436,percentage_based,Social Media,0,0,0,0,20-30,True,6.341176470588235,9,6,9,0.6666666666666666
27,7,Alexis Ren,False,0.9166666666666666,0.16887927227742952,0.016666666666666607,0.8527777777777779,0.07917397627073255,0.2886751345948129,4.0,0.12643678160919541,0.12643678160919541,percentage_based,Social Media,0,0,0,0,20-30,True,6.341176470588235,9,7,8,0.7777777777777778
27,8,Alexis Ren,False,0.9666666666666667,0.6634034720037773,0.050000000000000044,0.8619047619047618,0.07620287597511204,0.2886751345948129,2.0,0.18012422360248448,0.18012422360248448,percentage_based,Social Media,0,0,0,0,20-30,True,6.341176470588235,9,8,6,0.8888888888888888
27,9,Alexis Ren,False,0.95,-0.2611164839335482,-0.01666666666666672,0.875,0.07968190728895957,0.0,3.0,0.24675324675324675,0.24675324675324675,percentage_based,Social Media,0,0,0,0,20-30,True,6.341176470588235,9,9,4,1.0
27,1,Bobby Bones,False,0.6666666666666666,0.1503037325502086,0.0,,0.0,0.5773502691896258,5.0,0.0784313725490196,0.0784313725490196,percentage_based,Other,0,0,0,0,30-40,True,6.717391304347826,14,1,13,0.1111111111111111
27,2,Bobby Bones,False,0.65,-1.0127174397526009,-0.016666666666666607,0.6666666666666666,0.0,0.5,10.0,0.07208872458410351,0.07208872458410351,percentage_based,Other,0,0,0,0,30-40,True,6.717391304347826,14,2,12,0.2222222222222222
27,3,Bobby Bones,False,0.7666666666666667,-0.4793272835247781,0.1166666666666667,0.6583333333333333,0.01178511301977575,0.5773502691896258,8.0,0.08487084870848709,0.08487084870848709,percentage_based,Other,0,0,0,0,30-40,True,6.717391304347826,14,3,11,0.3333333333333333
27,4,Bobby Bones,False,0.6666666666666666,-0.818393207364569,-0.10000000000000009,0.6944444444444445,0.06309898162000309,0.5773502691896258,9.0,0.08620689655172414,0.08620689655172414,percentage_based,Other,0,0,0,0,30-40,True,6.717391304347826,14,4,10,0.4444444444444444
27,5,Bobby Bones,False,0.7,-0.9547186805260417,0.033333333333333326,0.6875,0.05335936864527378,0.0,8.0,0.0945945945945946,0.0945945945945946,percentage_based,Other,0,0,0,0,30-40,True,6.717391304347826,14,5,9,0.5555555555555556
27,6,Bobby Bones,False,0.7333333333333333,-0.8741068645048145,0.033333333333333326,0.6900000000000001,0.04654746681256317,0.5773502691896258,7.0,0.09606986899563319,0.09606986899563319,percentage_based,Other,0,0,0,0,30-40,True,6.717391304347826,14,6,9,0.6666666666666666
27,7,Bobby Bones,False,0.8833333333333333,-0.37153439901034674,0.15000000000000002,0.6972222222222223,0.045236006635160655,0.2886751345948129,6.0,0.12183908045977011,0.12183908045977011,percentage_based,Other,0,0,0,0,30-40,True,6.717391304347826,14,7,8,0.7777777777777778
27,8,Bobby Bones,False,0.75,-1.3268069440075554,-0.1333333333333333,0.7238095238095238,0.08156861622854193,0.0,6.0,0.13975155279503104,0.13975155279503104,percentage_based,Other,0,0,0,0,30-40,True,6.717391304347826,14,8,6,0.8888888888888888
27,9,Bobby Bones,False,0.9,-1.305582419667734,0.15000000000000002,0.7270833333333333,0.07608344416619478,0.0,4.0,0.23376623376623376,0.23376623376623376,percentage_based,Other,0,0,0,0,30-40,True,6.717391304347826,14,9,4,1.0
27,1,Danelle Umstead,False,0.6,-0.6312756767108787,0.0,,0.0,0.0,9.0,0.07058823529411765,0.07058823529411765,percentage_based,Sports,0,0,0,0,40-50,True,6.777777777777778,12,1,13,0.1111111111111111
27,2,Danelle Umstead,True,0.6166666666666667,-1.3456656391233186,0.01666666666666672,0.6,0.0,0.28867513459481287,11.0,0.06839186691312385,0.06839186691312385,percentage_based,Sports,0,0,0,0,40-50,True,6.777777777777778,12,2,12,0.2222222222222222
27,3,Danelle Umstead,False,,,0.0,0.6083333333333334,0.01178511301977579,0.0,12.0,0.0,0.0,percentage_based,Sports,0,0,0,0,40-50,True,6.777777777777778,12,3,11,0.3333333333333333
27,4,Danelle Umstead,False,,,0.0,0.6083333333333334,0.01178511301977579,0.0,11.0,0.0,0.0,percentage_based,Sports,0,0,0,0,40-50,True,6.777777777777778,12,4,10,0.4444444444444444
27,5,Danelle Umstead,False,,,0.0,0.6083333333333334,0.01178511301977579,0.0,10.0,0.0,0.0,percentage_based,Sports,0,0,0,0,40-50,True,6.777777777777778,12,5,9,0.5555555555555556
27,6,Danelle Umstead,False,,,0.0,0.6083333333333334,0.01178511301977579,0.0,10.0,0.0,0.0,percentage_based,Sports,0,0,0,0,40-50,True,6.777777777777778,12,6,9,0.6666666666666666
27,7,Danelle Umstead,False,,,0.0,0.6083333333333334,0.01178511301977579,0.0,9.0,0.0,0.0,percentage_based,Sports,0,0,0,0,40-50,True,6.777777777777778,12,7,8,0.7777777777777778
27,8,Danelle Umstead,False,,,0.0,0.6083333333333334,0.01178511301977579,0.0,7.0,0.0,0.0,percentage_based,Sports,0,0,0,0,40-50,True,6.777777777777778,12,8,6,0.8888888888888888
27,9,Danelle Umstead,False,,,0.0,0.6083333333333334,0.01178511301977579,0.0,5.0,0.0,0.0,percentage_based,Sports,0,0,0,0,40-50,True,6.777777777777778,12,9,4,1.0
27,1,DeMarcus Ware,False,0.7666666666666667,1.3226728464418407,0.0,,0.0,0.5773502691896258,1.0,0.09019607843137255,0.09019607843137255,percentage_based,Sports,0,0,0,0,30-40,True,5.135416666666667,10,1,13,0.1111111111111111
27,2,DeMarcus Ware,False,0.7833333333333333,0.31907535773027007,0.016666666666666607,0.7666666666666667,0.0,0.28867513459481287,6.0,0.08687615526802218,0.08687615526802218,percentage_based,Sports,0,0,0,0,30-40,True,5.135416666666667,10,2,12,0.2222222222222222
27,3,DeMarcus Ware,False,0.8666666666666667,0.3994394029373164,0.08333333333333337,0.775,0.01178511301977575,0.5773502691896257,5.0,0.0959409594095941,0.0959409594095941,percentage_based,Sports,0,0,0,0,30-40,True,5.135416666666667,10,3,11,0.3333333333333333
27,4,DeMarcus Ware,False,0.7333333333333333,-0.30689745276171415,-0.13333333333333341,0.8055555555555557,0.053575837561071975,0.5773502691896258,7.0,0.09482758620689655,0.09482758620689655,percentage_based,Sports,0,0,0,0,30-40,True,5.135416666666667,10,4,10,0.4444444444444444
27,5,DeMarcus Ware,False,0.8666666666666667,0.34717042928219743,0.13333333333333341,0.7875,0.056723827379617064,0.5773502691896257,4.0,0.11711711711711711,0.11711711711711711,percentage_based,Sports,0,0,0,0,30-40,True,5.135416666666667,10,5,9,0.5555555555555556
27,6,DeMarcus Ware,False,0.8666666666666667,0.14098497814593844,0.0,0.8033333333333333,0.060553007081949856,0.5773502691896257,5.0,0.11353711790393013,0.11353711790393013,percentage_based,Sports,0,0,0,0,30-40,True,5.135416666666667,10,6,9,0.6666666666666666
27,7,DeMarcus Ware,True,0.8833333333333333,-0.37153439901034674,0.016666666666666607,0.813888888888889,0.06001543011469513,0.2886751345948129,6.0,0.12183908045977011,0.12183908045977011,percentage_based,Sports,0,0,0,0,30-40,True,5.135416666666667,10,7,8,0.7777777777777778
27,8,DeMarcus Ware,False,,,0.0,0.8238095238095238,0.0607492896293956,0.0,7.0,0.0,0.0,percentage_based,Sports,0,0,0,0,30-40,True,5.135416666666667,10,8,6,0.8888888888888888
27,9,DeMarcus Ware,False,,,0.0,0.8238095238095238,0.0607492896293956,0.0,5.0,0.0,0.0,percentage_based,Sports,0,0,0,0,30-40,True,5.135416666666667,10,9,4,1.0
27,1,Evanna Lynch,False,0.6,-0.6312756767108787,0.0,,0.0,1.0,9.0,0.07058823529411765,0.07058823529411765,percentage_based,Entertainment,0,1,0,0,20-30,False,10.011627906976743,9,1,13,0.1111111111111111
27,2,Evanna Lynch,False,0.8,0.4855494574156295,0.20000000000000007,0.6,0.0,0.0,5.0,0.08872458410351201,0.08872458410351201,percentage_based,Entertainment,0,1,0,0,20-30,False,10.011627906976743,9,2,12,0.2222222222222222
27,3,Evanna Lynch,False,0.9,0.6923616317580146,0.09999999999999998,0.7,0.1414213562373096,0.0,2.0,0.0996309963099631,0.0996309963099631,percentage_based,Entertainment,0,1,0,0,20-30,False,10.011627906976743,9,3,11,0.3333333333333333
27,4,Evanna Lynch,False,0.8,0.2045983018411416,-0.09999999999999998,0.7666666666666666,0.15275252316519475,0.0,5.0,0.10344827586206896,0.10344827586206896,percentage_based,Entertainment,0,1,0,0,20-30,False,10.011627906976743,9,4,10,0.4444444444444444
27,5,Evanna Lynch,False,0.8,-0.17358521464109786,0.0,0.775,0.12583057392117925,0.0,6.0,0.10810810810810811,0.10810810810810811,percentage_based,Entertainment,0,1,0,0,20-30,False,10.011627906976743,9,5,9,0.5555555555555556
27,6,Evanna Lynch,False,0.9666666666666667,0.9023038601340025,0.16666666666666663,0.78,0.1095445115010333,0.5773502691896257,3.0,0.12663755458515283,0.12663755458515283,percentage_based,Entertainment,0,1,0,0,20-30,False,10.011627906976743,9,6,9,0.6666666666666666
27,7,Evanna Lynch,False,0.9833333333333333,1.249706614852982,0.016666666666666607,0.8111111111111112,0.12412657816683512,0.2886751345948129,1.0,0.135632183908046,0.135632183908046,percentage_based,Entertainment,0,1,0,0,20-30,False,10.011627906976743,9,7,8,0.7777777777777778
27,8,Evanna Lynch,False,0.9666666666666667,0.6634034720037773,-0.016666666666666607,0.8357142857142856,0.13067792306552625,0.2886751345948129,2.0,0.18012422360248448,0.18012422360248448,percentage_based,Entertainment,0,1,0,0,20-30,False,10.011627906976743,9,8,6,0.8888888888888888
27,9,Evanna Lynch,False,1.0,0.7833494518006399,0.033333333333333326,0.8520833333333333,0.12954054951347857,0.0,1.0,0.2597402597402597,0.2597402597402597,percentage_based,Entertainment,0,1,0,0,20-30,False,10.011627906976743,9,9,4,1.0
27,1,Joe Amabile,False,0.4666666666666667,-2.194434495233053,0.0,,0.0,0.5773502691896258,13.0,0.054901960784313725,0.054901960784313725,percentage_based,Media,0,0,0,0,30-40,True,6.9655172413793105,9,1,13,0.1111111111111111
27,2,Joe Amabile,False,0.5833333333333334,-1.6786138384940363,0.1166666666666667,0.4666666666666667,0.0,0.28867513459481287,12.0,0.06469500924214418,0.06469500924214418,percentage_based,Media,0,0,0,0,30-40,True,6.9655172413793105,9,2,12,0.2222222222222222
27,3,Joe Amabile,False,0.6,-1.9439384276282698,0.016666666666666607,0.525,0.08249579113843056,0.0,11.0,0.06642066420664207,0.06642066420664207,percentage_based,Media,0,0,0,0,30-40,True,6.9655172413793105,9,3,11,0.3333333333333333
27,4,Joe Amabile,False,0.5,-2.0971325938717063,-0.09999999999999998,0.5499999999999999,0.07264831572567787,0.0,10.0,0.06465517241379311,0.06465517241379311,percentage_based,Media,0,0,0,0,30-40,True,6.9655172413793105,9,4,10,0.4444444444444444
27,5,Joe Amabile,False,0.5666666666666667,-1.9962299683726323,0.06666666666666665,0.5375,0.06437016792364704,0.5773502691896258,9.0,0.07657657657657657,0.07657657657657657,percentage_based,Media,0,0,0,0,30-40,True,6.9655172413793105,9,5,9,0.5555555555555556
27,6,Joe Amabile,False,0.7333333333333333,-0.8741068645048145,0.16666666666666663,0.5433333333333333,0.05725188012439222,0.5773502691896258,7.0,0.09606986899563319,0.09606986899563319,percentage_based,Media,0,0,0,0,30-40,True,6.9655172413793105,9,6,9,0.6666666666666666
27,7,Joe Amabile,False,0.7833333333333333,-1.9927754128736754,0.050000000000000044,0.5750000000000001,0.09294562329065785,0.28867513459481287,8.0,0.10804597701149425,0.10804597701149425,percentage_based,Media,0,0,0,0,30-40,True,6.9655172413793105,9,7,8,0.7777777777777778
27,8,Joe Amabile,True,0.7666666666666667,-1.1737138350836063,-0.016666666666666607,0.6047619047619047,0.11575608363913702,0.28867513459481287,5.0,0.14285714285714285,0.14285714285714285,percentage_based,Media,0,0,0,0,30-40,True,6.9655172413793105,9,8,6,0.8888888888888888
27,9,Joe Amabile,False,,,0.0,0.625,0.12149857925879112,0.0,5.0,0.0,0.0,percentage_based,Media,0,0,0,0,30-40,True,6.9655172413793105,9,9,4,1.0
27,1,John Schneider,False,0.6,-0.6312756767108787,0.0,,0.0,1.0,9.0,0.07058823529411765,0.07058823529411765,percentage_based,Entertainment,0,1,0,0,50-60,True,7.7924528301886795,16,1,13,0.1111111111111111
27,2,John Schneider,False,0.7166666666666667,-0.34682104101116534,0.1166666666666667,0.6,0.0,0.5773502691896258,8.0,0.07948243992606285,0.07948243992606285,percentage_based,Entertainment,0,1,0,0,50-60,True,7.7924528301886795,16,2,12,0.2222222222222222
27,3,John Schneider,False,0.7,-1.0651717411661754,-0.01666666666666672,0.6583333333333333,0.08249579113843056,0.0,10.0,0.07749077490774908,0.07749077490774908,percentage_based,Entertainment,0,1,0,0,50-60,True,7.7924528301886795,16,3,11,0.3333333333333333
27,4,John Schneider,False,0.7,-0.5626453300631415,0.0,0.6722222222222222,0.06309898162000305,0.0,8.0,0.09051724137931035,0.09051724137931035,percentage_based,Entertainment,0,1,0,0,50-60,True,7.7924528301886795,16,4,10,0.4444444444444444
27,5,John Schneider,False,0.8,-0.17358521464109786,0.10000000000000009,0.6791666666666667,0.05335936864527375,0.0,6.0,0.10810810810810811,0.10810810810810811,percentage_based,Entertainment,0,1,0,0,50-60,True,7.7924528301886795,16,5,9,0.5555555555555556
27,6,John Schneider,False,0.6333333333333333,-1.6354257464928785,-0.16666666666666674,0.7033333333333334,0.07110243002567186,0.5773502691896258,9.0,0.08296943231441048,0.08296943231441048,percentage_based,Entertainment,0,1,0,0,50-60,True,7.7924528301886795,16,6,9,0.6666666666666666
27,7,John Schneider,True,0.9,-0.1013275633664577,0.2666666666666667,0.6916666666666668,0.06972166887783966,0.0,5.0,0.12413793103448276,0.12413793103448276,percentage_based,Entertainment,0,1,0,0,50-60,True,7.7924528301886795,16,7,8,0.7777777777777778
27,8,John Schneider,False,,,0.0,0.7214285714285714,0.10124881604899269,0.0,7.0,0.0,0.0,percentage_based,Entertainment,0,1,0,0,50-60,True,7.7924528301886795,16,8,6,0.8888888888888888
27,9,John Schneider,False,,,0.0,0.7214285714285714,0.10124881604899269,0.0,5.0,0.0,0.0,percentage_based,Entertainment,0,1,0,0,50-60,True,7.7924528301886795,16,9,4,1.0
27,1,Juan Pablo Di Pace,False,0.7333333333333333,0.9318831418112958,0.0,,0.0,0.5773502691896258,3.0,0.08627450980392157,0.08627450980392157,percentage_based,Entertainment,0,1,0,0,30-40,False,5.853754940711463,25,1,13,0.1111111111111111
27,2,Juan Pablo Di Pace,False,0.8666666666666667,1.151445856157065,0.13333333333333341,0.7333333333333333,0.0,0.5773502691896257,1.0,0.09611829944547134,0.09611829944547134,percentage_based,Entertainment,0,1,0,0,30-40,False,5.853754940711463,25,2,12,0.2222222222222222
27,3,Juan Pablo Di Pace,False,1.0,1.571128318220109,0.1333333333333333,0.8,0.09428090415820635,0.0,1.0,0.11070110701107011,0.11070110701107011,percentage_based,Entertainment,0,1,0,0,30-40,False,5.853754940711463,25,3,11,0.3333333333333333
27,4,Juan Pablo Di Pace,False,0.8,0.2045983018411416,-0.19999999999999996,0.8666666666666667,0.13333333333333333,0.0,5.0,0.10344827586206896,0.10344827586206896,percentage_based,Entertainment,0,1,0,0,30-40,False,5.853754940711463,25,4,10,0.4444444444444444
27,5,Juan Pablo Di Pace,False,0.9666666666666667,1.1283038951671405,0.16666666666666663,0.85,0.1138550085106622,0.5773502691896257,1.0,0.13063063063063063,0.13063063063063063,percentage_based,Entertainment,0,1,0,0,30-40,False,5.853754940711463,25,5,9,0.5555555555555556
27,6,Juan Pablo Di Pace,False,1.0,1.1560768207966905,0.033333333333333326,0.8733333333333334,0.11155467020454338,0.0,1.0,0.13100436681222707,0.13100436681222707,percentage_based,Entertainment,0,1,0,0,30-40,False,5.853754940711463,25,6,9,0.6666666666666666
27,7,Juan Pablo Di Pace,False,0.9333333333333333,0.4390861079213185,-0.06666666666666665,0.8944444444444445,0.11238162496435804,0.2886751345948129,3.0,0.12873563218390804,0.12873563218390804,percentage_based,Entertainment,0,1,0,0,30-40,False,5.853754940711463,25,7,8,0.7777777777777778
27,8,Juan Pablo Di Pace,True,1.0,0.9695896898516745,0.06666666666666665,0.9,0.10363754503432013,0.0,1.0,0.18633540372670807,0.18633540372670807,percentage_based,Entertainment,0,1,0,0,30-40,False,5.853754940711463,25,8,6,0.8888888888888888
27,9,Juan Pablo Di Pace,False,,,0.0,0.9125,0.10225629176901145,0.0,5.0,0.0,0.0,percentage_based,Entertainment,0,1,0,0,30-40,False,5.853754940711463,25,9,4,1.0
27,1,Mary Lou Retton,False,0.6666666666666666,0.1503037325502086,0.0,,0.0,0.28867513459481287,5.0,0.0784313725490196,0.0784313725490196,percentage_based,Sports,0,0,0,0,40-50,True,6.076923076923077,12,1,13,0.1111111111111111
27,2,Mary Lou Retton,False,0.7666666666666667,0.1526012580449118,0.10000000000000009,0.6666666666666666,0.0,0.28867513459481287,7.0,0.08502772643253234,0.08502772643253234,percentage_based,Sports,0,0,0,0,40-50,True,6.076923076923077,12,2,12,0.2222222222222222
27,3,Mary Lou Retton,False,0.8,-0.18640505470407992,0.033333333333333326,0.7166666666666667,0.07071067811865482,0.0,7.0,0.08856088560885608,0.08856088560885608,percentage_based,Sports,0,0,0,0,40-50,True,6.076923076923077,12,3,11,0.3333333333333333
27,4,Mary Lou Retton,False,0.8666666666666667,0.7160940564439965,0.06666666666666665,0.7444444444444445,0.06938886664887113,0.5773502691896257,2.0,0.11206896551724138,0.11206896551724138,percentage_based,Sports,0,0,0,0,40-50,True,6.076923076923077,12,4,10,0.4444444444444444
27,5,Mary Lou Retton,False,0.8333333333333334,0.08679260732054979,-0.033333333333333326,0.775,0.08333333333333337,0.5773502691896257,5.0,0.11261261261261261,0.11261261261261261,percentage_based,Sports,0,0,0,0,40-50,True,6.076923076923077,12,5,9,0.5555555555555556
27,6,Mary Lou Retton,True,0.8,-0.3665609431794376,-0.033333333333333326,0.7866666666666667,0.07673909622147561,0.0,6.0,0.10480349344978165,0.10480349344978165,percentage_based,Sports,0,0,0,0,40-50,True,6.076923076923077,12,6,9,0.6666666666666666
27,7,Mary Lou Retton,False,,,0.0,0.7888888888888889,0.06885303726590965,0.0,9.0,0.0,0.0,percentage_based,Sports,0,0,0,0,40-50,True,6.076923076923077,12,7,8,0.7777777777777778
27,8,Mary Lou Retton,False,,,0.0,0.7888888888888889,0.06885303726590965,0.0,7.0,0.0,0.0,percentage_based,Sports,0,0,0,0,40-50,True,6.076923076923077,12,8,6,0.8888888888888888
27,9,Mary Lou Retton,False,,,0.0,0.7888888888888889,0.06885303726590965,0.0,5.0,0.0,0.0,percentage_based,Sports,0,0,0,0,40-50,True,6.076923076923077,12,9,4,1.0
27,1,Milo Manheim,False,0.6666666666666666,0.1503037325502086,0.0,,0.0,0.5773502691896258,5.0,0.0784313725490196,0.0784313725490196,percentage_based,Entertainment,0,1,0,0,Under 20,True,5.485294117647059,14,1,13,0.1111111111111111
27,2,Milo Manheim,False,0.8666666666666667,1.151445856157065,0.20000000000000007,0.6666666666666666,0.0,0.5773502691896257,1.0,0.09611829944547134,0.09611829944547134,percentage_based,Entertainment,0,1,0,0,Under 20,True,5.485294117647059,14,2,12,0.2222222222222222
27,3,Milo Manheim,False,0.9,0.6923616317580146,0.033333333333333326,0.7666666666666666,0.1414213562373096,0.0,2.0,0.0996309963099631,0.0996309963099631,percentage_based,Entertainment,0,1,0,0,Under 20,True,5.485294117647059,14,3,11,0.3333333333333333
27,4,Milo Manheim,False,0.9666666666666667,1.483337688348279,0.06666666666666665,0.8111111111111112,0.12619796324000615,0.5773502691896257,1.0,0.125,0.125,percentage_based,Entertainment,0,1,0,0,Under 20,True,5.485294117647059,14,4,10,0.4444444444444444
27,5,Milo Manheim,False,0.9,0.607548251243845,-0.06666666666666665,0.85,0.1290994448735806,1.0,3.0,0.12162162162162163,0.12162162162162163,percentage_based,Entertainment,0,1,0,0,Under 20,True,5.485294117647059,14,5,9,0.5555555555555556
27,6,Milo Manheim,False,1.0,1.1560768207966905,0.09999999999999998,0.86,0.11401754250991385,0.0,1.0,0.13100436681222707,0.13100436681222707,percentage_based,Entertainment,0,1,0,0,Under 20,True,5.485294117647059,14,6,9,0.6666666666666666
27,7,Milo Manheim,False,0.9666666666666667,0.9794997792090947,-0.033333333333333326,0.8833333333333333,0.11690451944500126,0.5773502691896257,2.0,0.13333333333333333,0.13333333333333333,percentage_based,Entertainment,0,1,0,0,Under 20,True,5.485294117647059,14,7,8,0.7777777777777778
27,8,Milo Manheim,False,0.9166666666666666,0.20412414523193084,-0.050000000000000044,0.8952380952380953,0.1112697280528374,0.2886751345948129,4.0,0.17080745341614906,0.17080745341614906,percentage_based,Entertainment,0,1,0,0,Under 20,True,5.485294117647059,14,8,6,0.8888888888888888
27,9,Milo Manheim,False,1.0,0.7833494518006399,0.08333333333333337,0.8979166666666667,0.10329396331413983,0.0,1.0,0.2597402597402597,0.2597402597402597,percentage_based,Entertainment,0,1,0,0,Under 20,True,5.485294117647059,14,9,4,1.0
27,1,Nancy McKeon,False,0.65,-0.045091119765062575,0.0,,0.0,0.0,8.0,0.07647058823529412,0.07647058823529412,percentage_based,Entertainment,0,1,0,0,50-60,True,5.173469387755102,19,1,13,0.1111111111111111
27,2,Nancy McKeon,False,0.6833333333333333,-0.6797692403818831,0.033333333333333326,0.65,0.0,0.28867513459481287,9.0,0.07578558225508318,0.07578558225508318,percentage_based,Entertainment,0,1,0,0,50-60,True,5.173469387755102,19,2,12,0.2222222222222222
27,3,Nancy McKeon,True,0.7333333333333333,-0.7722495123454772,0.04999999999999993,0.6666666666666667,0.02357022603955154,0.5773502691896258,9.0,0.08118081180811808,0.08118081180811808,percentage_based,Entertainment,0,1,0,0,50-60,True,5.173469387755102,19,3,11,0.3333333333333333
27,4,Nancy McKeon,False,,,0.0,0.6888888888888888,0.04194352464039299,0.0,11.0,0.0,0.0,percentage_based,Entertainment,0,1,0,0,50-60,True,5.173469387755102,19,4,10,0.4444444444444444
27,5,Nancy McKeon,False,,,0.0,0.6888888888888888,0.04194352464039299,0.0,10.0,0.0,0.0,percentage_based,Entertainment,0,1,0,0,50-60,True,5.173469387755102,19,5,9,0.5555555555555556
27,6,Nancy McKeon,False,,,0.0,0.6888888888888888,0.04194352464039299,0.0,10.0,0.0,0.0,percentage_based,Entertainment,0,1,0,0,50-60,True,5.173469387755102,19,6,9,0.6666666666666666
27,7,Nancy McKeon,False,,,0.0,0.6888888888888888,0.04194352464039299,0.0,9.0,0.0,0.0,percentage_based,Entertainment,0,1,0,0,50-60,True,5.173469387755102,19,7,8,0.7777777777777778
27,8,Nancy McKeon,False,,,0.0,0.6888888888888888,0.04194352464039299,0.0,7.0,0.0,0.0,percentage_based,Entertainment,0,1,0,0,50-60,True,5.173469387755102,19,8,6,0.8888888888888888
27,9,Nancy McKeon,False,,,0.0,0.6888888888888888,0.04194352464039299,0.0,5.0,0.0,0.0,percentage_based,Entertainment,0,1,0,0,50-60,True,5.173469387755102,19,9,4,1.0
27,1,Nikki Glaser,True,0.5833333333333334,-0.8266705290261498,0.0,,0.0,0.28867513459481287,12.0,0.06862745098039216,0.06862745098039216,percentage_based,Entertainment,0,1,0,0,30-40,True,8.448818897637794,13,1,13,0.1111111111111111
27,2,Nikki Glaser,False,,,0.0,0.5833333333333334,0.0,0.0,13.0,0.0,0.0,percentage_based,Entertainment,0,1,0,0,30-40,True,8.448818897637794,13,2,12,0.2222222222222222
27,3,Nikki Glaser,False,,,0.0,0.5833333333333334,0.0,0.0,12.0,0.0,0.0,percentage_based,Entertainment,0,1,0,0,30-40,True,8.448818897637794,13,3,11,0.3333333333333333
27,4,Nikki Glaser,False,,,0.0,0.5833333333333334,0.0,0.0,11.0,0.0,0.0,percentage_based,Entertainment,0,1,0,0,30-40,True,8.448818897637794,13,4,10,0.4444444444444444
27,5,Nikki Glaser,False,,,0.0,0.5833333333333334,0.0,0.0,10.0,0.0,0.0,percentage_based,Entertainment,0,1,0,0,30-40,True,8.448818897637794,13,5,9,0.5555555555555556
27,6,Nikki Glaser,False,,,0.0,0.5833333333333334,0.0,0.0,10.0,0.0,0.0,percentage_based,Entertainment,0,1,0,0,30-40,True,8.448818897637794,13,6,9,0.6666666666666666
27,7,Nikki Glaser,False,,,0.0,0.5833333333333334,0.0,0.0,9.0,0.0,0.0,percentage_based,Entertainment,0,1,0,0,30-40,True,8.448818897637794,13,7,8,0.7777777777777778
27,8,Nikki Glaser,False,,,0.0,0.5833333333333334,0.0,0.0,7.0,0.0,0.0,percentage_based,Entertainment,0,1,0,0,30-40,True,8.448818897637794,13,8,6,0.8888888888888888
27,9,Nikki Glaser,False,,,0.0,0.5833333333333334,0.0,0.0,5.0,0.0,0.0,percentage_based,Entertainment,0,1,0,0,30-40,True,8.448818897637794,13,9,4,1.0
27,1,Tinashe,False,0.7666666666666667,1.3226728464418407,0.0,,0.0,0.5773502691896258,1.0,0.09019607843137255,0.09019607843137255,percentage_based,Music,0,0,0,0,20-30,True,9.24390243902439,8,1,13,0.1111111111111111
27,2,Tinashe,False,0.8666666666666667,1.151445856157065,0.09999999999999998,0.7666666666666667,0.0,0.5773502691896257,1.0,0.09611829944547134,0.09611829944547134,percentage_based,Music,0,0,0,0,20-30,True,9.24390243902439,8,2,12,0.2222222222222222
27,3,Tinashe,False,0.9,0.6923616317580146,0.033333333333333326,0.8166666666666667,0.07071067811865478,0.0,2.0,0.0996309963099631,0.0996309963099631,percentage_based,Music,0,0,0,0,20-30,True,9.24390243902439,8,3,11,0.3333333333333333
27,4,Tinashe,True,0.8666666666666667,0.7160940564439965,-0.033333333333333326,0.8444444444444444,0.06938886664887112,0.5773502691896257,2.0,0.11206896551724138,0.11206896551724138,percentage_based,Music,0,0,0,0,20-30,True,9.24390243902439,8,4,10,0.4444444444444444
27,5,Tinashe,False,,,0.0,0.8500000000000001,0.0577350269189626,0.0,10.0,0.0,0.0,percentage_based,Music,0,0,0,0,20-30,True,9.24390243902439,8,5,9,0.5555555555555556
27,6,Tinashe,False,,,0.0,0.8500000000000001,0.0577350269189626,0.0,10.0,0.0,0.0,percentage_based,Music,0,0,0,0,20-30,True,9.24390243902439,8,6,9,0.6666666666666666
27,7,Tinashe,False,,,0.0,0.8500000000000001,0.0577350269189626,0.0,9.0,0.0,0.0,percentage_based,Music,0,0,0,0,20-30,True,9.24390243902439,8,7,8,0.7777777777777778
27,8,Tinashe,False,,,0.0,0.8500000000000001,0.0577350269189626,0.0,7.0,0.0,0.0,percentage_based,Music,0,0,0,0,20-30,True,9.24390243902439,8,8,6,0.8888888888888888
27,9,Tinashe,False,,,0.0,0.8500000000000001,0.0577350269189626,0.0,5.0,0.0,0.0,percentage_based,Music,0,0,0,0,20-30,True,9.24390243902439,8,9,4,1.0
28,1,Ally Brooke,False,0.5333333333333333,-0.14037373854025645,0.0,,0.0,0.5773502691896258,7.0,0.08121827411167512,-7.0,rank_based,Music,0,0,0,0,20-30,True,6.076923076923077,12,1,12,0.09090909090909091
28,2,Ally Brooke,False,0.6666666666666666,0.5383167712755745,0.1333333333333333,0.5333333333333333,0.0,0.5773502691896258,3.0,0.091324200913242,-3.0,rank_based,Music,0,0,0,0,20-30,True,6.076923076923077,12,2,12,0.18181818181818182
28,3,Ally Brooke,False,0.8,1.0101032042769145,0.13333333333333341,0.6,0.09428090415820632,0.0,1.0,0.12121212121212122,-1.0,rank_based,Music,0,0,0,0,20-30,True,6.076923076923077,12,3,10,0.2727272727272727
28,4,Ally Brooke,False,0.8,0.8279148736281304,0.0,0.6666666666666666,0.13333333333333336,0.0,1.0,0.11347517730496454,-1.0,rank_based,Music,0,0,0,0,20-30,True,6.076923076923077,12,4,10,0.36363636363636365
28,5,Ally Brooke,False,0.9,1.2099802839640403,0.09999999999999998,0.7,0.12765694770084512,0.0,1.0,0.12558139534883722,-1.0,rank_based,Music,0,0,0,0,20-30,True,6.076923076923077,12,5,9,0.45454545454545453
28,6,Ally Brooke,False,0.8333333333333334,-0.17213259316477514,-0.06666666666666665,0.74,0.14220486005134367,0.5773502691896257,6.0,0.10964912280701754,-6.0,rank_based,Music,0,0,0,0,20-30,True,6.076923076923077,12,6,9,0.5454545454545454
28,7,Ally Brooke,False,0.9,0.8453303101943838,0.06666666666666665,0.7555555555555555,0.13277661552257475,0.0,1.0,0.13366336633663367,-1.0,rank_based,Music,0,0,0,0,20-30,True,6.076923076923077,12,7,8,0.6363636363636364
28,8,Ally Brooke,False,1.0,0.7185927257744522,0.09999999999999998,0.7761904761904762,0.1329359156584769,0.0,3.0,0.15544105882304174,-3.0,rank_based,Music,0,0,0,0,20-30,True,6.076923076923077,12,8,7,0.7272727272727273
28,9,Ally Brooke,False,1.0,1.0301050714042812,0.0,0.8041666666666667,0.1463172244089197,0.0,1.0,0.19184652278177458,-1.0,rank_based,Music,0,0,0,0,20-30,True,6.076923076923077,12,9,6,0.8181818181818182
28,10,Ally Brooke,False,0.9833333333333333,1.2977713690460984,-0.01666666666666672,0.825925925925926,0.15163715626617982,0.2886751345948129,1.0,0.21454545454545454,-1.0,rank_based,Music,0,0,0,0,20-30,True,6.076923076923077,12,10,5,0.9090909090909091
28,11,Ally Brooke,False,1.0,1.1618950038622256,0.01666666666666672,0.8416666666666666,0.1513825177048746,0.0,1.0,0.2564102564102564,-1.0,rank_based,Music,0,0,0,0,20-30,True,6.076923076923077,12,11,4,1.0
28,1,Hannah Brown,False,0.6666666666666666,1.20721415144621,0.0,,0.0,0.5773502691896258,2.0,0.10152284263959391,-2.0,rank_based,Media,0,0,0,0,20-30,True,6.341176470588235,9,1,12,0.09090909090909091
28,2,Hannah Brown,False,0.8,1.7687551056197455,0.13333333333333341,0.6666666666666666,0.0,0.0,1.0,0.1095890410958904,-1.0,rank_based,Media,0,0,0,0,20-30,True,6.341176470588235,9,2,12,0.18181818181818182
28,3,Hannah Brown,False,0.7,0.28860091550768985,-0.10000000000000009,0.7333333333333334,0.09428090415820635,0.0,5.0,0.10606060606060606,-5.0,rank_based,Media,0,0,0,0,20-30,True,6.341176470588235,9,3,10,0.2727272727272727
28,4,Hannah Brown,False,0.8,0.8279148736281304,0.10000000000000009,0.7222222222222222,0.06938886664887112,0.0,1.0,0.11347517730496454,-1.0,rank_based,Media,0,0,0,0,20-30,True,6.341176470588235,9,4,10,0.36363636363636365
28,5,Hannah Brown,False,0.8333333333333334,0.4321358157014435,0.033333333333333326,0.7416666666666667,0.0687184270936277,1.1547005383792517,4.0,0.11627906976744186,-4.0,rank_based,Media,0,0,0,0,20-30,True,6.341176470588235,9,5,9,0.45454545454545453
28,6,Hannah Brown,False,0.8,-0.6885303726590971,-0.033333333333333326,0.76,0.07226494462892935,0.0,8.0,0.10526315789473684,-8.0,rank_based,Media,0,0,0,0,20-30,True,6.341176470588235,9,6,9,0.5454545454545454
28,7,Hannah Brown,False,0.8666666666666667,0.36228441865473615,0.06666666666666665,0.7666666666666666,0.06666666666666668,0.2886751345948129,4.0,0.12871287128712872,-4.0,rank_based,Media,0,0,0,0,20-30,True,6.341176470588235,9,7,8,0.6363636363636364
28,8,Hannah Brown,False,1.0,0.7185927257744522,0.1333333333333333,0.780952380952381,0.07163989902474134,0.5773502691896257,2.0,0.160621391176751,-2.0,rank_based,Media,0,0,0,0,20-30,True,6.341176470588235,9,8,7,0.7272727272727273
28,9,Hannah Brown,False,0.8875,0.14715786734346825,-0.11250000000000004,0.8083333333333333,0.10196482431125647,0.25,4.0,0.17026378896882494,-4.0,rank_based,Media,0,0,0,0,20-30,True,6.341176470588235,9,9,6,0.8181818181818182
28,10,Hannah Brown,False,0.9,-0.3244428422615262,0.012500000000000067,0.8171296296296297,0.09896259737401977,0.0,3.0,0.19636363636363635,-3.0,rank_based,Media,0,0,0,0,20-30,True,6.341176470588235,9,10,5,0.9090909090909091
28,11,Hannah Brown,False,0.9666666666666667,-0.38729833462074015,0.06666666666666665,0.8254166666666667,0.0969131993583771,0.2886751345948129,3.0,0.24786324786324787,-3.0,rank_based,Media,0,0,0,0,20-30,True,6.341176470588235,9,11,4,1.0
28,1,James Van Der Beek,False,0.7,1.5441111239428265,0.0,,0.0,0.0,1.0,0.1065989847715736,-1.0,rank_based,Entertainment,0,1,0,0,40-50,True,7.7924528301886795,16,1,12,0.09090909090909091
28,2,James Van Der Beek,False,0.6666666666666666,0.5383167712755745,-0.033333333333333326,0.7,0.0,0.5773502691896258,3.0,0.091324200913242,-3.0,rank_based,Entertainment,0,1,0,0,40-50,True,7.7924528301886795,16,2,12,0.18181818181818182
28,3,James Van Der Beek,False,0.7666666666666667,0.7696024413538398,0.10000000000000009,0.6833333333333333,0.02357022603955162,0.5773502691896258,3.0,0.11616161616161616,-3.0,rank_based,Entertainment,0,1,0,0,40-50,True,7.7924528301886795,16,3,10,0.2727272727272727
28,4,James Van Der Beek,False,0.7,-0.04357446703306051,-0.06666666666666676,0.7111111111111111,0.050917507721731585,0.0,6.0,0.09929078014184398,-6.0,rank_based,Entertainment,0,1,0,0,40-50,True,7.7924528301886795,16,4,10,0.36363636363636365
28,5,James Van Der Beek,False,0.8666666666666667,0.8210580498327419,0.16666666666666674,0.7083333333333333,0.04194352464039308,0.5773502691896257,2.0,0.12093023255813953,-2.0,rank_based,Entertainment,0,1,0,0,40-50,True,7.7924528301886795,16,5,9,0.45454545454545453
28,6,James Van Der Beek,False,0.9,0.8606629658238688,0.033333333333333326,0.74,0.07958224257542217,0.0,1.0,0.11842105263157894,-1.0,rank_based,Entertainment,0,1,0,0,40-50,True,7.7924528301886795,16,6,9,0.5454545454545454
28,7,James Van Der Beek,False,0.9,0.8453303101943838,0.0,0.7666666666666666,0.09660917830792962,0.0,1.0,0.13366336633663367,-1.0,rank_based,Entertainment,0,1,0,0,40-50,True,7.7924528301886795,16,7,8,0.6363636363636364
28,8,James Van Der Beek,False,1.0,0.7185927257744522,0.09999999999999998,0.7857142857142857,0.10157490003667403,0.0,1.0,0.1658027598041857,-1.0,rank_based,Entertainment,0,1,0,0,40-50,True,7.7924528301886795,16,8,7,0.7272727272727273
28,9,James Van Der Beek,False,0.9,0.24526311223911462,-0.09999999999999998,0.8125,0.12076147288491201,0.408248290463863,3.0,0.17266187050359713,-3.0,rank_based,Entertainment,0,1,0,0,40-50,True,7.7924528301886795,16,9,6,0.8181818181818182
28,10,James Van Der Beek,True,0.85,-1.2977713690461026,-0.050000000000000044,0.8222222222222223,0.1166666666666667,0.0,5.0,0.18545454545454546,-5.0,rank_based,Entertainment,0,1,0,0,40-50,True,7.7924528301886795,16,10,5,0.9090909090909091
28,11,James Van Der Beek,False,,,0.0,0.825,0.11034457814467338,0.0,5.0,0.0,-5.0,rank_based,Entertainment,0,1,0,0,40-50,True,7.7924528301886795,16,11,4,1.0
28,1,Karamo Brown,False,0.5666666666666667,0.19652323395636015,0.0,,0.0,0.5773502691896258,5.0,0.08629441624365482,-5.0,rank_based,Media,0,0,0,0,30-40,True,6.9655172413793105,9,1,12,0.09090909090909091
28,2,Karamo Brown,False,0.6333333333333333,0.2307071876895321,0.06666666666666665,0.5666666666666667,0.0,1.1547005383792517,6.0,0.0867579908675799,-6.0,rank_based,Media,0,0,0,0,30-40,True,6.9655172413793105,9,2,12,0.18181818181818182
28,3,Karamo Brown,False,0.5333333333333333,-0.9139028991076831,-0.09999999999999998,0.6,0.04714045207910316,0.5773502691896258,8.0,0.08080808080808081,-8.0,rank_based,Media,0,0,0,0,30-40,True,6.9655172413793105,9,3,10,0.2727272727272727
28,4,Karamo Brown,False,0.7,-0.04357446703306051,0.16666666666666663,0.5777777777777778,0.050917507721731536,0.0,6.0,0.09929078014184398,-6.0,rank_based,Media,0,0,0,0,30-40,True,6.9655172413793105,9,4,10,0.36363636363636365
28,5,Karamo Brown,False,0.7,-1.1235531208237517,0.0,0.6083333333333333,0.07391185942027817,0.0,8.0,0.09767441860465116,-8.0,rank_based,Media,0,0,0,0,30-40,True,6.9655172413793105,9,5,9,0.45454545454545453
28,6,Karamo Brown,False,0.8333333333333334,-0.17213259316477514,0.13333333333333341,0.6266666666666667,0.0760116950066092,0.5773502691896257,6.0,0.10964912280701754,-6.0,rank_based,Media,0,0,0,0,30-40,True,6.9655172413793105,9,6,9,0.5454545454545454
28,7,Karamo Brown,True,0.8166666666666667,-0.36228441865473615,-0.01666666666666672,0.6611111111111111,0.10835469874786578,0.2886751345948129,6.0,0.12128712871287128,-6.0,rank_based,Media,0,0,0,0,30-40,True,6.9655172413793105,9,7,8,0.6363636363636364
28,8,Karamo Brown,False,,,0.0,0.6833333333333333,0.11506841765115546,0.0,8.0,0.0,-8.0,rank_based,Media,0,0,0,0,30-40,True,6.9655172413793105,9,8,7,0.7272727272727273
28,9,Karamo Brown,False,,,0.0,0.6833333333333333,0.11506841765115546,0.0,7.0,0.0,-7.0,rank_based,Media,0,0,0,0,30-40,True,6.9655172413793105,9,9,6,0.8181818181818182
28,10,Karamo Brown,False,,,0.0,0.6833333333333333,0.11506841765115546,0.0,6.0,0.0,-6.0,rank_based,Media,0,0,0,0,30-40,True,6.9655172413793105,9,10,5,0.9090909090909091
28,11,Karamo Brown,False,,,0.0,0.6833333333333333,0.11506841765115546,0.0,5.0,0.0,-5.0,rank_based,Media,0,0,0,0,30-40,True,6.9655172413793105,9,11,4,1.0
28,1,Kate Flannery,False,0.5,-0.4772707110368731,0.0,,0.0,0.0,9.0,0.07614213197969544,-9.0,rank_based,Entertainment,0,1,0,0,50-60,True,10.273972602739725,7,1,12,0.09090909090909091
28,2,Kate Flannery,False,0.7,0.845926354861617,0.19999999999999996,0.5,0.0,0.0,2.0,0.0958904109589041,-2.0,rank_based,Entertainment,0,1,0,0,50-60,True,10.273972602739725,7,2,12,0.18181818181818182
28,3,Kate Flannery,False,0.8,1.0101032042769145,0.10000000000000009,0.6,0.14142135623730948,0.0,1.0,0.12121212121212122,-1.0,rank_based,Entertainment,0,1,0,0,50-60,True,10.273972602739725,7,3,10,0.2727272727272727
28,4,Kate Flannery,False,0.65,-0.479319137363655,-0.15000000000000002,0.6666666666666666,0.1527525231651947,0.5773502691896257,8.0,0.09219858156028368,-8.0,rank_based,Entertainment,0,1,0,0,50-60,True,10.273972602739725,7,4,10,0.36363636363636365
28,5,Kate Flannery,False,0.8,0.043213581570144995,0.15000000000000002,0.6625,0.125,0.0,5.0,0.11162790697674418,-5.0,rank_based,Entertainment,0,1,0,0,50-60,True,10.273972602739725,7,5,9,0.45454545454545453
28,6,Kate Flannery,False,0.9,0.8606629658238688,0.09999999999999998,0.6900000000000001,0.12449899597988735,0.0,1.0,0.11842105263157894,-1.0,rank_based,Entertainment,0,1,0,0,50-60,True,10.273972602739725,7,6,9,0.5454545454545454
28,7,Kate Flannery,False,0.8,-0.6038073644245592,-0.09999999999999998,0.725,0.140534693225552,0.0,7.0,0.1188118811881188,-7.0,rank_based,Entertainment,0,1,0,0,50-60,True,10.273972602739725,7,7,8,0.6363636363636364
28,8,Kate Flannery,True,0.86666,-0.28746727060065896,0.06665999999999994,0.7357142857142858,0.13138456820306094,0.0,5.0,0.13471454803957736,-5.0,rank_based,Entertainment,0,1,0,0,50-60,True,10.273972602739725,7,8,7,0.7272727272727273
28,9,Kate Flannery,False,,,0.0,0.7520825,0.13015093498923255,0.0,7.0,0.0,-7.0,rank_based,Entertainment,0,1,0,0,50-60,True,10.273972602739725,7,9,6,0.8181818181818182
28,10,Kate Flannery,False,,,0.0,0.7520825,0.13015093498923255,0.0,6.0,0.0,-6.0,rank_based,Entertainment,0,1,0,0,50-60,True,10.273972602739725,7,10,5,0.9090909090909091
28,11,Kate Flannery,False,,,0.0,0.7520825,0.13015093498923255,0.0,5.0,0.0,-5.0,rank_based,Entertainment,0,1,0,0,50-60,True,10.273972602739725,7,11,4,1.0
28,1,Kel Mitchell,False,0.5333333333333333,-0.14037373854025645,0.0,,0.0,0.5773502691896258,7.0,0.08121827411167512,-7.0,rank_based,Entertainment,0,1,0,0,40-50,True,5.485294117647059,14,1,12,0.09090909090909091
28,2,Kel Mitchell,False,0.6666666666666666,0.5383167712755745,0.1333333333333333,0.5333333333333333,0.0,0.5773502691896258,3.0,0.091324200913242,-3.0,rank_based,Entertainment,0,1,0,0,40-50,True,5.485294117647059,14,2,12,0.18181818181818182
28,3,Kel Mitchell,False,0.6666666666666666,0.04810015258461524,0.0,0.6,0.09428090415820632,0.5773502691896258,6.0,0.10101010101010101,-6.0,rank_based,Entertainment,0,1,0,0,40-50,True,5.485294117647059,14,3,10,0.2727272727272727
28,4,Kel Mitchell,False,0.8,0.8279148736281304,0.13333333333333341,0.6222222222222222,0.07698003589195007,0.0,1.0,0.11347517730496454,-1.0,rank_based,Entertainment,0,1,0,0,40-50,True,5.485294117647059,14,4,10,0.36363636363636365
28,5,Kel Mitchell,False,0.8666666666666667,0.8210580498327419,0.06666666666666665,0.6666666666666666,0.10886621079036346,0.5773502691896257,2.0,0.12093023255813953,-2.0,rank_based,Entertainment,0,1,0,0,40-50,True,5.485294117647059,14,5,9,0.45454545454545453
28,6,Kel Mitchell,False,0.8666666666666667,0.34426518632954684,0.0,0.7066666666666667,0.12995725793078616,0.5773502691896257,4.0,0.11403508771929824,-4.0,rank_based,Entertainment,0,1,0,0,40-50,True,5.485294117647059,14,6,9,0.5454545454545454
28,7,Kel Mitchell,False,0.85,0.12076147288491151,-0.01666666666666672,0.7333333333333334,0.1333333333333333,0.0,5.0,0.12623762376237624,-5.0,rank_based,Entertainment,0,1,0,0,40-50,True,5.485294117647059,14,7,8,0.6363636363636364
28,8,Kel Mitchell,False,0.9999933333333334,0.7185424252896582,0.14999333333333342,0.75,0.12945755775256712,0.5773502691896258,4.0,0.15544002254931627,-4.0,rank_based,Entertainment,0,1,0,0,40-50,True,5.485294117647059,14,8,7,0.7272727272727273
28,9,Kel Mitchell,False,0.925,0.4414736020304065,-0.07499333333333336,0.7812491666666667,0.1489199875905456,0.28867513459481287,2.0,0.1774580335731415,-2.0,rank_based,Entertainment,0,1,0,0,40-50,True,5.485294117647059,14,9,6,0.8181818181818182
28,10,Kel Mitchell,False,0.95,0.6488856845230481,0.02499999999999991,0.7972214814814814,0.14731276567515864,0.0,2.0,0.20727272727272728,-2.0,rank_based,Entertainment,0,1,0,0,40-50,True,5.485294117647059,14,10,5,0.9090909090909091
28,11,Kel Mitchell,False,0.9833333333333333,0.38729833462074015,0.033333333333333326,0.8124993333333335,0.14705084366207627,0.2886751345948129,2.0,0.25213675213675213,-2.0,rank_based,Entertainment,0,1,0,0,40-50,True,5.485294117647059,14,11,4,1.0
28,1,Lamar Odom,False,0.36666666666666664,-1.82485860102334,0.0,,0.0,1.1547005383792515,12.0,0.05583756345177665,-12.0,rank_based,Sports,0,0,0,0,30-40,True,7.419354838709677,15,1,12,0.09090909090909091
28,2,Lamar Odom,False,0.4,-1.9225598974127651,0.03333333333333338,0.36666666666666664,0.0,0.0,12.0,0.0547945205479452,-12.0,rank_based,Sports,0,0,0,0,30-40,True,7.419354838709677,15,2,12,0.18181818181818182
28,3,Lamar Odom,False,0.4,-1.8759059507999813,0.0,0.3833333333333333,0.023570226039551636,0.0,10.0,0.06060606060606061,-10.0,rank_based,Sports,0,0,0,0,30-40,True,7.419354838709677,15,3,10,0.2727272727272727
28,4,Lamar Odom,True,0.5,-1.7865531483554404,0.09999999999999998,0.3888888888888889,0.01924500897298757,1.4142135623730951,10.0,0.07092198581560284,-10.0,rank_based,Sports,0,0,0,0,30-40,True,7.419354838709677,15,4,10,0.36363636363636365
28,5,Lamar Odom,False,,,0.0,0.4166666666666667,0.05773502691896258,0.0,10.0,0.0,-10.0,rank_based,Sports,0,0,0,0,30-40,True,7.419354838709677,15,5,9,0.45454545454545453
28,6,Lamar Odom,False,,,0.0,0.4166666666666667,0.05773502691896258,0.0,10.0,0.0,-10.0,rank_based,Sports,0,0,0,0,30-40,True,7.419354838709677,15,6,9,0.5454545454545454
28,7,Lamar Odom,False,,,0.0,0.4166666666666667,0.05773502691896258,0.0,9.0,0.0,-9.0,rank_based,Sports,0,0,0,0,30-40,True,7.419354838709677,15,7,8,0.6363636363636364
28,8,Lamar Odom,False,,,0.0,0.4166666666666667,0.05773502691896258,0.0,8.0,0.0,-8.0,rank_based,Sports,0,0,0,0,30-40,True,7.419354838709677,15,8,7,0.7272727272727273
28,9,Lamar Odom,False,,,0.0,0.4166666666666667,0.05773502691896258,0.0,7.0,0.0,-7.0,rank_based,Sports,0,0,0,0,30-40,True,7.419354838709677,15,9,6,0.8181818181818182
28,10,Lamar Odom,False,,,0.0,0.4166666666666667,0.05773502691896258,0.0,6.0,0.0,-6.0,rank_based,Sports,0,0,0,0,30-40,True,7.419354838709677,15,10,5,0.9090909090909091
28,11,Lamar Odom,False,,,0.0,0.4166666666666667,0.05773502691896258,0.0,5.0,0.0,-5.0,rank_based,Sports,0,0,0,0,30-40,True,7.419354838709677,15,11,4,1.0
28,1,Lauren Alaina,False,0.6333333333333333,0.8703171789495934,0.0,,0.0,0.5773502691896258,3.0,0.09644670050761421,-3.0,rank_based,Music,0,0,0,0,20-30,True,8.448818897637794,13,1,12,0.09090909090909091
28,2,Lauren Alaina,False,0.6333333333333333,0.2307071876895321,0.0,0.6333333333333333,0.0,0.5773502691896258,6.0,0.0867579908675799,-6.0,rank_based,Music,0,0,0,0,20-30,True,8.448818897637794,13,2,12,0.18181818181818182
28,3,Lauren Alaina,False,0.6666666666666666,0.04810015258461524,0.033333333333333326,0.6333333333333333,0.0,0.5773502691896258,6.0,0.10101010101010101,-6.0,rank_based,Music,0,0,0,0,20-30,True,8.448818897637794,13,3,10,0.2727272727272727
28,4,Lauren Alaina,False,0.8,0.8279148736281304,0.13333333333333341,0.6444444444444444,0.01924500897298754,0.0,1.0,0.11347517730496454,-1.0,rank_based,Music,0,0,0,0,20-30,True,8.448818897637794,13,4,10,0.36363636363636365
28,5,Lauren Alaina,False,0.7666666666666667,-0.34570865256115346,-0.033333333333333326,0.6833333333333333,0.07934920476158727,0.5773502691896258,7.0,0.10697674418604651,-7.0,rank_based,Music,0,0,0,0,20-30,True,8.448818897637794,13,5,9,0.45454545454545453
28,6,Lauren Alaina,False,0.8666666666666667,0.34426518632954684,0.09999999999999998,0.7,0.0781735959970572,0.5773502691896257,4.0,0.11403508771929824,-4.0,rank_based,Music,0,0,0,0,20-30,True,8.448818897637794,13,6,9,0.5454545454545454
28,7,Lauren Alaina,False,0.9,0.8453303101943838,0.033333333333333326,0.7277777777777779,0.09756289519340086,0.0,1.0,0.13366336633663367,-1.0,rank_based,Music,0,0,0,0,20-30,True,8.448818897637794,13,7,8,0.6363636363636364
28,8,Lauren Alaina,False,0.8,-0.7904218180610223,-0.09999999999999998,0.7523809523809524,0.11031460542154954,0.0,6.0,0.1243528470584334,-6.0,rank_based,Music,0,0,0,0,20-30,True,8.448818897637794,13,8,7,0.7272727272727273
28,9,Lauren Alaina,False,0.875,0.04905262244782275,0.07499999999999996,0.7583333333333333,0.10350983390135313,0.28867513459481287,5.0,0.16786570743405277,-5.0,rank_based,Music,0,0,0,0,20-30,True,8.448818897637794,13,9,6,0.8181818181818182
28,10,Lauren Alaina,False,0.9,-0.3244428422615262,0.025000000000000022,0.7712962962962963,0.10434244428329413,0.0,3.0,0.19636363636363635,-3.0,rank_based,Music,0,0,0,0,20-30,True,8.448818897637794,13,10,5,0.9090909090909091
28,11,Lauren Alaina,False,0.95,-1.1618950038622256,0.04999999999999993,0.7841666666666667,0.10646175340596077,0.0,4.0,0.24358974358974358,-4.0,rank_based,Music,0,0,0,0,20-30,True,8.448818897637794,13,11,4,1.0
28,1,Mary Wilson,False,0.5666666666666667,0.19652323395636015,0.0,,0.0,0.5773502691896258,5.0,0.08629441624365482,-5.0,rank_based,Music,0,0,0,0,60+,True,9.24390243902439,8,1,12,0.09090909090909091
28,2,Mary Wilson,True,0.5,-0.9997311466546378,-0.06666666666666665,0.5666666666666667,0.0,0.0,10.0,0.0684931506849315,-10.0,rank_based,Music,0,0,0,0,60+,True,9.24390243902439,8,2,12,0.18181818181818182
28,3,Mary Wilson,False,,,0.0,0.5333333333333333,0.04714045207910316,0.0,11.0,0.0,-11.0,rank_based,Music,0,0,0,0,60+,True,9.24390243902439,8,3,10,0.2727272727272727
28,4,Mary Wilson,False,,,0.0,0.5333333333333333,0.04714045207910316,0.0,11.0,0.0,-11.0,rank_based,Music,0,0,0,0,60+,True,9.24390243902439,8,4,10,0.36363636363636365
28,5,Mary Wilson,False,,,0.0,0.5333333333333333,0.04714045207910316,0.0,10.0,0.0,-10.0,rank_based,Music,0,0,0,0,60+,True,9.24390243902439,8,5,9,0.45454545454545453
28,6,Mary Wilson,False,,,0.0,0.5333333333333333,0.04714045207910316,0.0,10.0,0.0,-10.0,rank_based,Music,0,0,0,0,60+,True,9.24390243902439,8,6,9,0.5454545454545454
28,7,Mary Wilson,False,,,0.0,0.5333333333333333,0.04714045207910316,0.0,9.0,0.0,-9.0,rank_based,Music,0,0,0,0,60+,True,9.24390243902439,8,7,8,0.6363636363636364
28,8,Mary Wilson,False,,,0.0,0.5333333333333333,0.04714045207910316,0.0,8.0,0.0,-8.0,rank_based,Music,0,0,0,0,60+,True,9.24390243902439,8,8,7,0.7272727272727273
28,9,Mary Wilson,False,,,0.0,0.5333333333333333,0.04714045207910316,0.0,7.0,0.0,-7.0,rank_based,Music,0,0,0,0,60+,True,9.24390243902439,8,9,6,0.8181818181818182
28,10,Mary Wilson,False,,,0.0,0.5333333333333333,0.04714045207910316,0.0,6.0,0.0,-6.0,rank_based,Music,0,0,0,0,60+,True,9.24390243902439,8,10,5,0.9090909090909091
28,11,Mary Wilson,False,,,0.0,0.5333333333333333,0.04714045207910316,0.0,5.0,0.0,-5.0,rank_based,Music,0,0,0,0,60+,True,9.24390243902439,8,11,4,1.0
28,1,Ray Lewis,False,0.5,-0.4772707110368731,0.0,,0.0,0.0,9.0,0.07614213197969544,-9.0,rank_based,Sports,0,0,0,0,40-50,True,5.853754940711463,25,1,12,0.09090909090909091
28,2,Ray Lewis,False,0.5,-0.9997311466546378,0.0,0.5,0.0,0.0,10.0,0.0684931506849315,-10.0,rank_based,Sports,0,0,0,0,40-50,True,5.853754940711463,25,2,12,0.18181818181818182
28,3,Ray Lewis,False,,,0.0,0.5,0.0,0.0,11.0,0.0,-11.0,rank_based,Sports,0,0,0,0,40-50,True,5.853754940711463,25,3,10,0.2727272727272727
28,4,Ray Lewis,False,,,0.0,0.5,0.0,0.0,11.0,0.0,-11.0,rank_based,Sports,0,0,0,0,40-50,True,5.853754940711463,25,4,10,0.36363636363636365
28,5,Ray Lewis,False,,,0.0,0.5,0.0,0.0,10.0,0.0,-10.0,rank_based,Sports,0,0,0,0,40-50,True,5.853754940711463,25,5,9,0.45454545454545453
28,6,Ray Lewis,False,,,0.0,0.5,0.0,0.0,10.0,0.0,-10.0,rank_based,Sports,0,0,0,0,40-50,True,5.853754940711463,25,6,9,0.5454545454545454
28,7,Ray Lewis,False,,,0.0,0.5,0.0,0.0,9.0,0.0,-9.0,rank_based,Sports,0,0,0,0,40-50,True,5.853754940711463,25,7,8,0.6363636363636364
28,8,Ray Lewis,False,,,0.0,0.5,0.0,0.0,8.0,0.0,-8.0,rank_based,Sports,0,0,0,0,40-50,True,5.853754940711463,25,8,7,0.7272727272727273
28,9,Ray Lewis,False,,,0.0,0.5,0.0,0.0,7.0,0.0,-7.0,rank_based,Sports,0,0,0,0,40-50,True,5.853754940711463,25,9,6,0.8181818181818182
28,10,Ray Lewis,False,,,0.0,0.5,0.0,0.0,6.0,0.0,-6.0,rank_based,Sports,0,0,0,0,40-50,True,5.853754940711463,25,10,5,0.9090909090909091
28,11,Ray Lewis,False,,,0.0,0.5,0.0,0.0,5.0,0.0,-5.0,rank_based,Sports,0,0,0,0,40-50,True,5.853754940711463,25,11,4,1.0
28,1,Sailor Brinkley-Cook,False,0.6,0.5334202064529767,0.0,,0.0,0.0,4.0,0.09137055837563451,-4.0,rank_based,Fashion,0,0,0,0,20-30,True,5.173469387755102,19,1,12,0.09090909090909091
28,2,Sailor Brinkley-Cook,False,0.6,-0.07690239589651036,0.0,0.6,0.0,0.0,8.0,0.0821917808219178,-8.0,rank_based,Fashion,0,0,0,0,20-30,True,5.173469387755102,19,2,12,0.18181818181818182
28,3,Sailor Brinkley-Cook,False,0.7666666666666667,0.7696024413538398,0.16666666666666674,0.6,0.0,0.5773502691896258,3.0,0.11616161616161616,-3.0,rank_based,Fashion,0,0,0,0,20-30,True,5.173469387755102,19,3,10,0.2727272727272727
28,4,Sailor Brinkley-Cook,False,0.775,0.6100425384628326,0.008333333333333304,0.6555555555555556,0.09622504486493767,0.5,5.0,0.1099290780141844,-5.0,rank_based,Fashion,0,0,0,0,20-30,True,5.173469387755102,19,4,10,0.36363636363636365
28,5,Sailor Brinkley-Cook,False,0.8,0.043213581570144995,0.025000000000000022,0.6854166666666667,0.09868932735272512,0.0,5.0,0.11162790697674418,-5.0,rank_based,Fashion,0,0,0,0,20-30,True,5.173469387755102,19,5,9,0.45454545454545453
28,6,Sailor Brinkley-Cook,True,0.9,0.8606629658238688,0.09999999999999998,0.7083333333333334,0.09965217285917834,0.0,1.0,0.11842105263157894,-1.0,rank_based,Fashion,0,0,0,0,20-30,True,5.173469387755102,19,6,9,0.5454545454545454
28,7,Sailor Brinkley-Cook,False,,,0.0,0.7402777777777777,0.11860493088244532,0.0,9.0,0.0,-9.0,rank_based,Fashion,0,0,0,0,20-30,True,5.173469387755102,19,7,8,0.6363636363636364
28,8,Sailor Brinkley-Cook,False,,,0.0,0.7402777777777777,0.11860493088244532,0.0,8.0,0.0,-8.0,rank_based,Fashion,0,0,0,0,20-30,True,5.173469387755102,19,8,7,0.7272727272727273
28,9,Sailor Brinkley-Cook,False,,,0.0,0.7402777777777777,0.11860493088244532,0.0,7.0,0.0,-7.0,rank_based,Fashion,0,0,0,0,20-30,True,5.173469387755102,19,9,6,0.8181818181818182
28,10,Sailor Brinkley-Cook,False,,,0.0,0.7402777777777777,0.11860493088244532,0.0,6.0,0.0,-6.0,rank_based,Fashion,0,0,0,0,20-30,True,5.173469387755102,19,10,5,0.9090909090909091
28,11,Sailor Brinkley-Cook,False,,,0.0,0.7402777777777777,0.11860493088244532,0.0,5.0,0.0,-5.0,rank_based,Fashion,0,0,0,0,20-30,True,5.173469387755102,19,11,4,1.0
28,1,Sean Spicer,False,0.4,-1.4879616285267228,0.0,,0.0,0.0,11.0,0.06091370558375635,-11.0,rank_based,Politics,0,0,0,0,40-50,True,5.135416666666667,10,1,12,0.09090909090909091
28,2,Sean Spicer,False,0.5333333333333333,-0.6921215630685953,0.1333333333333333,0.4,0.0,0.5773502691896258,9.0,0.0730593607305936,-9.0,rank_based,Politics,0,0,0,0,40-50,True,5.135416666666667,10,2,12,0.18181818181818182
28,3,Sean Spicer,False,0.5,-1.1544036620307576,-0.033333333333333326,0.4666666666666667,0.09428090415820632,0.0,9.0,0.07575757575757576,-9.0,rank_based,Politics,0,0,0,0,40-50,True,5.135416666666667,10,3,10,0.2727272727272727
28,4,Sean Spicer,False,0.525,-1.5686808131901426,0.025000000000000022,0.4777777777777778,0.06938886664887108,0.5,9.0,0.07446808510638298,-9.0,rank_based,Politics,0,0,0,0,40-50,True,5.135416666666667,10,4,10,0.36363636363636365
28,5,Sean Spicer,False,0.6333333333333333,-1.9013975890863486,0.10833333333333328,0.48958333333333337,0.06137883276106763,0.5773502691896258,9.0,0.08837209302325581,-9.0,rank_based,Politics,0,0,0,0,40-50,True,5.135416666666667,10,5,9,0.45454545454545453
28,6,Sean Spicer,False,0.7,-2.2377237111420647,0.06666666666666665,0.5183333333333333,0.08341662504161464,0.0,9.0,0.09210526315789473,-9.0,rank_based,Politics,0,0,0,0,40-50,True,5.135416666666667,10,6,9,0.5454545454545454
28,7,Sean Spicer,False,0.7,-2.052945039043504,0.0,0.548611111111111,0.10520042599547602,0.0,8.0,0.10396039603960396,-8.0,rank_based,Politics,0,0,0,0,40-50,True,5.135416666666667,10,7,8,0.6363636363636364
28,8,Sean Spicer,False,0.6666666666666666,-1.7964315139513394,-0.033333333333333326,0.5702380952380952,0.11178860908738922,0.5773502691896258,7.0,0.1036273725486945,-7.0,rank_based,Politics,0,0,0,0,40-50,True,5.135416666666667,10,8,7,0.7272727272727273
28,9,Sean Spicer,True,0.625,-1.9130522754650943,-0.04166666666666663,0.5822916666666667,0.10896678356561194,0.28867513459481287,6.0,0.11990407673860912,-6.0,rank_based,Politics,0,0,0,0,40-50,True,5.135416666666667,10,9,6,0.8181818181818182
28,10,Sean Spicer,False,,,0.0,0.587037037037037,0.10291844727804368,0.0,6.0,0.0,-6.0,rank_based,Politics,0,0,0,0,40-50,True,5.135416666666667,10,10,5,0.9090909090909091
28,11,Sean Spicer,False,,,0.0,0.587037037037037,0.10291844727804368,0.0,5.0,0.0,-5.0,rank_based,Politics,0,0,0,0,40-50,True,5.135416666666667,10,11,4,1.0
29,1,AJ McLean,False,0.6,0.21442250696755827,0.0,,0.0,0.0,6.0,0.06923076923076923,-6.0,rank_based,Music,0,0,0,0,40-50,True,5.853754940711463,25,1,15,0.09090909090909091
29,2,AJ McLean,False,0.6333333333333333,0.37300192329612486,0.033333333333333326,0.6,0.0,0.5773502691896258,5.0,0.0695970695970696,-5.0,rank_based,Music,0,0,0,0,40-50,True,5.853754940711463,25,2,15,0.18181818181818182
29,3,AJ McLean,False,0.7,0.2707339233939961,0.06666666666666665,0.6166666666666667,0.02357022603955154,0.0,7.0,0.07473309608540925,-7.0,rank_based,Music,0,0,0,0,40-50,True,5.853754940711463,25,3,14,0.2727272727272727
29,4,AJ McLean,False,0.8,0.4076871241636056,0.10000000000000009,0.6444444444444444,0.05091750772173149,0.0,3.0,0.07973421926910298,-3.0,rank_based,Music,0,0,0,0,40-50,True,5.853754940711463,25,4,13,0.36363636363636365
29,5,AJ McLean,False,0.8,0.02751272758044087,0.0,0.6833333333333333,0.08819171036881968,0.0,5.0,0.08362369337979095,-5.0,rank_based,Music,0,0,0,0,40-50,True,5.853754940711463,25,5,12,0.45454545454545453
29,6,AJ McLean,False,0.9,0.8859764474561828,0.09999999999999998,0.7066666666666667,0.09249624617007739,0.0,1.0,0.10074626865671642,-1.0,rank_based,Music,0,0,0,0,40-50,True,5.853754940711463,25,6,11,0.5454545454545454
29,7,AJ McLean,False,0.8666666666666667,-1.5798750608595155e-15,-0.033333333333333326,0.7388888888888889,0.11434191739722609,0.5773502691896257,5.0,0.1,-5.0,rank_based,Music,0,0,0,0,40-50,True,5.853754940711463,25,7,10,0.6363636363636364
29,8,AJ McLean,False,0.9,-0.3783698835633983,0.033333333333333326,0.7571428571428571,0.11501092655705904,0.0,5.0,0.12162184076007344,-5.0,rank_based,Music,0,0,0,0,40-50,True,5.853754940711463,25,8,8,0.7272727272727273
29,9,AJ McLean,True,0.8333266666666667,-1.025672382180309,-0.06667333333333336,0.775,0.1178511301977579,0.5773502691896263,6.0,0.12953317941214265,-6.0,rank_based,Music,0,0,0,0,40-50,True,5.853754940711463,25,9,7,0.8181818181818182
29,10,AJ McLean,False,,,0.0,0.7814807407407407,0.11194095668126142,0.0,7.0,0.0,-7.0,rank_based,Music,0,0,0,0,40-50,True,5.853754940711463,25,10,6,0.9090909090909091
29,11,AJ McLean,False,,,0.0,0.7814807407407407,0.11194095668126142,0.0,5.0,0.0,-5.0,rank_based,Music,0,0,0,0,40-50,True,5.853754940711463,25,11,4,1.0
29,1,Anne Heche,False,0.6,0.21442250696755827,0.0,,0.0,0.0,6.0,0.06923076923076923,-6.0,rank_based,Entertainment,0,1,0,0,50-60,True,10.011627906976743,9,1,15,0.09090909090909091
29,2,Anne Heche,False,0.6,-0.09325048082403199,0.0,0.6,0.0,0.0,6.0,0.06593406593406594,-6.0,rank_based,Entertainment,0,1,0,0,50-60,True,10.011627906976743,9,2,15,0.18181818181818182
29,3,Anne Heche,False,0.5,-1.4786237354595169,-0.09999999999999998,0.6,0.0,0.0,13.0,0.05338078291814947,-13.0,rank_based,Entertainment,0,1,0,0,50-60,True,10.011627906976743,9,3,14,0.2727272727272727
29,4,Anne Heche,True,0.7,-1.0377490433255423,0.19999999999999996,0.5666666666666667,0.05773502691896256,0.0,10.0,0.06976744186046512,-10.0,rank_based,Entertainment,0,1,0,0,50-60,True,10.011627906976743,9,4,13,0.36363636363636365
29,5,Anne Heche,False,,,0.0,0.6,0.08164965809277258,0.0,13.0,0.0,-13.0,rank_based,Entertainment,0,1,0,0,50-60,True,10.011627906976743,9,5,12,0.45454545454545453
29,6,Anne Heche,False,,,0.0,0.6,0.08164965809277258,0.0,12.0,0.0,-12.0,rank_based,Entertainment,0,1,0,0,50-60,True,10.011627906976743,9,6,11,0.5454545454545454
29,7,Anne Heche,False,,,0.0,0.6,0.08164965809277258,0.0,11.0,0.0,-11.0,rank_based,Entertainment,0,1,0,0,50-60,True,10.011627906976743,9,7,10,0.6363636363636364
29,8,Anne Heche,False,,,0.0,0.6,0.08164965809277258,0.0,9.0,0.0,-9.0,rank_based,Entertainment,0,1,0,0,50-60,True,10.011627906976743,9,8,8,0.7272727272727273
29,9,Anne Heche,False,,,0.0,0.6,0.08164965809277258,0.0,8.0,0.0,-8.0,rank_based,Entertainment,0,1,0,0,50-60,True,10.011627906976743,9,9,7,0.8181818181818182
29,10,Anne Heche,False,,,0.0,0.6,0.08164965809277258,0.0,7.0,0.0,-7.0,rank_based,Entertainment,0,1,0,0,50-60,True,10.011627906976743,9,10,6,0.9090909090909091
29,11,Anne Heche,False,,,0.0,0.6,0.08164965809277258,0.0,5.0,0.0,-5.0,rank_based,Entertainment,0,1,0,0,50-60,True,10.011627906976743,9,11,4,1.0
29,1,Carole Baskin,False,0.36666666666666664,-2.0370138161918114,0.0,,0.0,0.5773502691896258,15.0,0.04230769230769231,-15.0,rank_based,Media,0,0,0,0,50-60,True,10.273972602739725,7,1,15,0.09090909090909091
29,2,Carole Baskin,False,0.5333333333333333,-1.0257552890643458,0.16666666666666669,0.36666666666666664,0.0,0.5773502691896258,12.0,0.05860805860805861,-12.0,rank_based,Media,0,0,0,0,50-60,True,10.273972602739725,7,2,15,0.18181818181818182
29,3,Carole Baskin,True,0.4,-2.353302564886273,-0.1333333333333333,0.44999999999999996,0.11785113019775796,1.0,14.0,0.042704626334519574,-14.0,rank_based,Media,0,0,0,0,50-60,True,10.273972602739725,7,3,14,0.2727272727272727
29,4,Carole Baskin,False,,,0.0,0.43333333333333335,0.08819171036881969,0.0,14.0,0.0,-14.0,rank_based,Media,0,0,0,0,50-60,True,10.273972602739725,7,4,13,0.36363636363636365
29,5,Carole Baskin,False,,,0.0,0.43333333333333335,0.08819171036881969,0.0,13.0,0.0,-13.0,rank_based,Media,0,0,0,0,50-60,True,10.273972602739725,7,5,12,0.45454545454545453
29,6,Carole Baskin,False,,,0.0,0.43333333333333335,0.08819171036881969,0.0,12.0,0.0,-12.0,rank_based,Media,0,0,0,0,50-60,True,10.273972602739725,7,6,11,0.5454545454545454
29,7,Carole Baskin,False,,,0.0,0.43333333333333335,0.08819171036881969,0.0,11.0,0.0,-11.0,rank_based,Media,0,0,0,0,50-60,True,10.273972602739725,7,7,10,0.6363636363636364
29,8,Carole Baskin,False,,,0.0,0.43333333333333335,0.08819171036881969,0.0,9.0,0.0,-9.0,rank_based,Media,0,0,0,0,50-60,True,10.273972602739725,7,8,8,0.7272727272727273
29,9,Carole Baskin,False,,,0.0,0.43333333333333335,0.08819171036881969,0.0,8.0,0.0,-8.0,rank_based,Media,0,0,0,0,50-60,True,10.273972602739725,7,9,7,0.8181818181818182
29,10,Carole Baskin,False,,,0.0,0.43333333333333335,0.08819171036881969,0.0,7.0,0.0,-7.0,rank_based,Media,0,0,0,0,50-60,True,10.273972602739725,7,10,6,0.9090909090909091
29,11,Carole Baskin,False,,,0.0,0.43333333333333335,0.08819171036881969,0.0,5.0,0.0,-5.0,rank_based,Media,0,0,0,0,50-60,True,10.273972602739725,7,11,4,1.0
29,1,Charles Oakley,False,0.4,-1.7153800557404726,0.0,,0.0,0.0,14.0,0.046153846153846156,-14.0,rank_based,Sports,0,0,0,0,50-60,True,7.7924528301886795,16,1,15,0.09090909090909091
29,2,Charles Oakley,True,0.5,-1.4920076931845025,0.09999999999999998,0.4,0.0,0.0,14.0,0.054945054945054944,-14.0,rank_based,Sports,0,0,0,0,50-60,True,7.7924528301886795,16,2,15,0.18181818181818182
29,3,Charles Oakley,False,,,0.0,0.45,0.07071067811865474,0.0,15.0,0.0,-15.0,rank_based,Sports,0,0,0,0,50-60,True,7.7924528301886795,16,3,14,0.2727272727272727
29,4,Charles Oakley,False,,,0.0,0.45,0.07071067811865474,0.0,14.0,0.0,-14.0,rank_based,Sports,0,0,0,0,50-60,True,7.7924528301886795,16,4,13,0.36363636363636365
29,5,Charles Oakley,False,,,0.0,0.45,0.07071067811865474,0.0,13.0,0.0,-13.0,rank_based,Sports,0,0,0,0,50-60,True,7.7924528301886795,16,5,12,0.45454545454545453
29,6,Charles Oakley,False,,,0.0,0.45,0.07071067811865474,0.0,12.0,0.0,-12.0,rank_based,Sports,0,0,0,0,50-60,True,7.7924528301886795,16,6,11,0.5454545454545454
29,7,Charles Oakley,False,,,0.0,0.45,0.07071067811865474,0.0,11.0,0.0,-11.0,rank_based,Sports,0,0,0,0,50-60,True,7.7924528301886795,16,7,10,0.6363636363636364
29,8,Charles Oakley,False,,,0.0,0.45,0.07071067811865474,0.0,9.0,0.0,-9.0,rank_based,Sports,0,0,0,0,50-60,True,7.7924528301886795,16,8,8,0.7272727272727273
29,9,Charles Oakley,False,,,0.0,0.45,0.07071067811865474,0.0,8.0,0.0,-8.0,rank_based,Sports,0,0,0,0,50-60,True,7.7924528301886795,16,9,7,0.8181818181818182
29,10,Charles Oakley,False,,,0.0,0.45,0.07071067811865474,0.0,7.0,0.0,-7.0,rank_based,Sports,0,0,0,0,50-60,True,7.7924528301886795,16,10,6,0.9090909090909091
29,11,Charles Oakley,False,,,0.0,0.45,0.07071067811865474,0.0,5.0,0.0,-5.0,rank_based,Sports,0,0,0,0,50-60,True,7.7924528301886795,16,11,4,1.0
29,1,Chrishell Stause,False,0.43333333333333335,-1.393746295289134,0.0,,0.0,0.5773502691896258,13.0,0.05,-13.0,rank_based,Entertainment,0,1,0,0,30-40,True,8.448818897637794,13,1,15,0.09090909090909091
29,2,Chrishell Stause,False,0.6,-0.09325048082403199,0.16666666666666663,0.43333333333333335,0.0,0.0,6.0,0.06593406593406594,-6.0,rank_based,Entertainment,0,1,0,0,30-40,True,8.448818897637794,13,2,15,0.18181818181818182
29,3,Chrishell Stause,False,0.7333333333333333,0.562293533202915,0.1333333333333333,0.5166666666666666,0.11785113019775793,0.5773502691896258,4.0,0.07829181494661921,-4.0,rank_based,Entertainment,0,1,0,0,30-40,True,8.448818897637794,13,3,14,0.2727272727272727
29,4,Chrishell Stause,False,0.7333333333333333,-0.5559369874958268,0.0,0.5888888888888889,0.1503083250940965,0.5773502691896258,8.0,0.07308970099667775,-8.0,rank_based,Entertainment,0,1,0,0,30-40,True,8.448818897637794,13,4,13,0.36363636363636365
29,5,Chrishell Stause,False,0.6333333333333333,-1.623250927245952,-0.09999999999999998,0.625,0.14240006242195888,0.5773502691896258,11.0,0.06620209059233449,-11.0,rank_based,Entertainment,0,1,0,0,30-40,True,8.448818897637794,13,5,12,0.45454545454545453
29,6,Chrishell Stause,False,0.8,-0.12220364792499039,0.16666666666666674,0.6266666666666667,0.12337837015547835,0.0,7.0,0.08955223880597014,-7.0,rank_based,Entertainment,0,1,0,0,30-40,True,8.448818897637794,13,6,11,0.5454545454545454
29,7,Chrishell Stause,False,0.8666666666666667,-1.5798750608595155e-15,0.06666666666666665,0.6555555555555556,0.13109227736669007,0.5773502691896257,5.0,0.1,-5.0,rank_based,Entertainment,0,1,0,0,30-40,True,8.448818897637794,13,7,10,0.6363636363636364
29,8,Chrishell Stause,True,0.9,-0.3783698835633983,0.033333333333333326,0.6857142857142857,0.14383264819862948,0.0,5.0,0.12162184076007344,-5.0,rank_based,Entertainment,0,1,0,0,30-40,True,8.448818897637794,13,8,8,0.7272727272727273
29,9,Chrishell Stause,False,,,0.0,0.7125,0.1532064692570854,0.0,8.0,0.0,-8.0,rank_based,Entertainment,0,1,0,0,30-40,True,8.448818897637794,13,9,7,0.8181818181818182
29,10,Chrishell Stause,False,,,0.0,0.7125,0.1532064692570854,0.0,7.0,0.0,-7.0,rank_based,Entertainment,0,1,0,0,30-40,True,8.448818897637794,13,10,6,0.9090909090909091
29,11,Chrishell Stause,False,,,0.0,0.7125,0.1532064692570854,0.0,5.0,0.0,-5.0,rank_based,Entertainment,0,1,0,0,30-40,True,8.448818897637794,13,11,4,1.0
29,1,Jeannie Mai,False,0.6,0.21442250696755827,0.0,,0.0,0.0,6.0,0.06923076923076923,-6.0,rank_based,Media,0,0,0,0,40-50,True,9.24390243902439,8,1,15,0.09090909090909091
29,2,Jeannie Mai,False,0.6,-0.09325048082403199,0.0,0.6,0.0,0.0,6.0,0.06593406593406594,-6.0,rank_based,Media,0,0,0,0,40-50,True,9.24390243902439,8,2,15,0.18181818181818182
29,3,Jeannie Mai,False,0.7333333333333333,0.562293533202915,0.1333333333333333,0.6,0.0,0.5773502691896258,4.0,0.07829181494661921,-4.0,rank_based,Media,0,0,0,0,40-50,True,9.24390243902439,8,3,14,0.2727272727272727
29,4,Jeannie Mai,False,0.7,-1.0377490433255423,-0.033333333333333326,0.6444444444444444,0.0769800358919501,0.0,10.0,0.06976744186046512,-10.0,rank_based,Media,0,0,0,0,40-50,True,9.24390243902439,8,4,13,0.36363636363636365
29,5,Jeannie Mai,False,0.8,0.02751272758044087,0.10000000000000009,0.6583333333333333,0.06871842709362769,0.0,5.0,0.08362369337979095,-5.0,rank_based,Media,0,0,0,0,40-50,True,9.24390243902439,8,5,12,0.45454545454545453
29,6,Jeannie Mai,False,0.8333333333333334,0.213856383868734,0.033333333333333326,0.6866666666666666,0.08692269873603538,0.5773502691896257,6.0,0.09328358208955224,-6.0,rank_based,Media,0,0,0,0,40-50,True,9.24390243902439,8,6,11,0.5454545454545454
29,7,Jeannie Mai,False,0.8333333333333334,-0.4743416490252583,0.0,0.7111111111111111,0.09813067629253172,0.5773502691896257,8.0,0.09615384615384616,-8.0,rank_based,Media,0,0,0,0,40-50,True,9.24390243902439,8,7,10,0.6363636363636364
29,8,Jeannie Mai,False,,,0.0,0.7285714285714285,0.10079052613579402,0.0,9.0,0.0,-9.0,rank_based,Media,0,0,0,0,40-50,True,9.24390243902439,8,8,8,0.7272727272727273
29,9,Jeannie Mai,False,,,0.0,0.7285714285714285,0.10079052613579402,0.0,8.0,0.0,-8.0,rank_based,Media,0,0,0,0,40-50,True,9.24390243902439,8,9,7,0.8181818181818182
29,10,Jeannie Mai,False,,,0.0,0.7285714285714285,0.10079052613579402,0.0,7.0,0.0,-7.0,rank_based,Media,0,0,0,0,40-50,True,9.24390243902439,8,10,6,0.9090909090909091
29,11,Jeannie Mai,False,,,0.0,0.7285714285714285,0.10079052613579402,0.0,5.0,0.0,-5.0,rank_based,Media,0,0,0,0,40-50,True,9.24390243902439,8,11,4,1.0
29,1,Jesse Metcalfe,False,0.6,0.21442250696755827,0.0,,0.0,0.0,6.0,0.06923076923076923,-6.0,rank_based,Entertainment,0,1,0,0,40-50,True,6.717391304347826,14,1,15,0.09090909090909091
29,2,Jesse Metcalfe,False,0.6666666666666666,0.8392543274162817,0.06666666666666665,0.6,0.0,0.5773502691896258,4.0,0.07326007326007326,-4.0,rank_based,Entertainment,0,1,0,0,40-50,True,6.717391304347826,14,2,15,0.18181818181818182
29,3,Jesse Metcalfe,False,0.6666666666666666,-0.020825686414922703,0.0,0.6333333333333333,0.04714045207910316,0.5773502691896258,9.0,0.0711743772241993,-9.0,rank_based,Entertainment,0,1,0,0,40-50,True,6.717391304347826,14,3,14,0.2727272727272727
29,4,Jesse Metcalfe,False,0.7,-1.0377490433255423,0.033333333333333326,0.6444444444444444,0.03849001794597505,0.0,10.0,0.06976744186046512,-10.0,rank_based,Entertainment,0,1,0,0,40-50,True,6.717391304347826,14,4,13,0.36363636363636365
29,5,Jesse Metcalfe,True,0.6333333333333333,-1.623250927245952,-0.06666666666666665,0.6583333333333333,0.041943524640393075,0.5773502691896258,11.0,0.06620209059233449,-11.0,rank_based,Entertainment,0,1,0,0,40-50,True,6.717391304347826,14,5,12,0.45454545454545453
29,6,Jesse Metcalfe,False,,,0.0,0.6533333333333333,0.0380058475033046,0.0,12.0,0.0,-12.0,rank_based,Entertainment,0,1,0,0,40-50,True,6.717391304347826,14,6,11,0.5454545454545454
29,7,Jesse Metcalfe,False,,,0.0,0.6533333333333333,0.0380058475033046,0.0,11.0,0.0,-11.0,rank_based,Entertainment,0,1,0,0,40-50,True,6.717391304347826,14,7,10,0.6363636363636364
29,8,Jesse Metcalfe,False,,,0.0,0.6533333333333333,0.0380058475033046,0.0,9.0,0.0,-9.0,rank_based,Entertainment,0,1,0,0,40-50,True,6.717391304347826,14,8,8,0.7272727272727273
29,9,Jesse Metcalfe,False,,,0.0,0.6533333333333333,0.0380058475033046,0.0,8.0,0.0,-8.0,rank_based,Entertainment,0,1,0,0,40-50,True,6.717391304347826,14,9,7,0.8181818181818182
29,10,Jesse Metcalfe,False,,,0.0,0.6533333333333333,0.0380058475033046,0.0,7.0,0.0,-7.0,rank_based,Entertainment,0,1,0,0,40-50,True,6.717391304347826,14,10,6,0.9090909090909091
29,11,Jesse Metcalfe,False,,,0.0,0.6533333333333333,0.0380058475033046,0.0,5.0,0.0,-5.0,rank_based,Entertainment,0,1,0,0,40-50,True,6.717391304347826,14,11,4,1.0
29,1,Johnny Weir,False,0.6,0.21442250696755827,0.0,,0.0,0.0,6.0,0.06923076923076923,-6.0,rank_based,Sports,0,0,0,0,30-40,True,9.82258064516129,6,1,15,0.09090909090909091
29,2,Johnny Weir,False,0.6,-0.09325048082403199,0.0,0.6,0.0,0.0,6.0,0.06593406593406594,-6.0,rank_based,Sports,0,0,0,0,30-40,True,9.82258064516129,6,2,15,0.18181818181818182
29,3,Johnny Weir,False,0.8,1.1454127528207536,0.20000000000000007,0.6,0.0,0.0,1.0,0.08540925266903915,-1.0,rank_based,Sports,0,0,0,0,30-40,True,9.82258064516129,6,3,14,0.2727272727272727
29,4,Johnny Weir,False,0.8,0.4076871241636056,0.0,0.6666666666666666,0.1154700538379252,0.0,3.0,0.07973421926910298,-3.0,rank_based,Sports,0,0,0,0,30-40,True,9.82258064516129,6,4,13,0.36363636363636365
29,5,Johnny Weir,False,0.9666666666666667,1.6782763824068327,0.16666666666666663,0.7,0.11547005383792522,0.5773502691896257,1.0,0.10104529616724739,-1.0,rank_based,Sports,0,0,0,0,30-40,True,9.82258064516129,6,5,12,0.45454545454545453
29,6,Johnny Weir,False,0.7333333333333333,-0.7943237115124403,-0.2333333333333334,0.7533333333333333,0.1556349003990501,0.5773502691896258,9.0,0.08208955223880597,-9.0,rank_based,Sports,0,0,0,0,30-40,True,9.82258064516129,6,6,11,0.5454545454545454
29,7,Johnny Weir,False,0.9,0.4743416490252552,0.16666666666666674,0.75,0.13944333775567933,0.0,2.0,0.10384615384615385,-2.0,rank_based,Sports,0,0,0,0,30-40,True,9.82258064516129,6,7,10,0.6363636363636364
29,8,Johnny Weir,False,1.0,1.135210556052835,0.09999999999999998,0.7714285714285715,0.13934844605516572,0.0,1.0,0.13513537862230382,-1.0,rank_based,Sports,0,0,0,0,30-40,True,9.82258064516129,6,8,8,0.7272727272727273
29,9,Johnny Weir,False,1.0,0.9687038784802181,0.0,0.8,0.15223207012519793,0.0,1.0,0.15544105882304177,-1.0,rank_based,Sports,0,0,0,0,30-40,True,9.82258064516129,6,9,7,0.8181818181818182
29,10,Johnny Weir,True,0.95,-0.5976143046671984,-0.050000000000000044,0.8222222222222223,0.1572330188676101,0.0,4.0,0.16379310344827586,-4.0,rank_based,Sports,0,0,0,0,30-40,True,9.82258064516129,6,10,6,0.9090909090909091
29,11,Johnny Weir,False,,,0.0,0.835,0.15364903088323736,0.0,5.0,0.0,-5.0,rank_based,Sports,0,0,0,0,30-40,True,9.82258064516129,6,11,4,1.0
29,1,Justina Machado,False,0.7,1.1793237883215737,0.0,,0.0,0.0,1.0,0.08076923076923077,-1.0,rank_based,Entertainment,0,1,0,0,40-50,True,6.076923076923077,12,1,15,0.09090909090909091
29,2,Justina Machado,False,0.7,1.3055067315364386,0.0,0.7,0.0,0.0,2.0,0.07692307692307693,-2.0,rank_based,Entertainment,0,1,0,0,40-50,True,6.076923076923077,12,2,15,0.18181818181818182
29,3,Justina Machado,False,0.6333333333333333,-0.31238529622384154,-0.06666666666666665,0.7,0.0,0.5773502691896258,10.0,0.06761565836298933,-10.0,rank_based,Entertainment,0,1,0,0,40-50,True,6.076923076923077,12,3,14,0.2727272727272727
29,4,Justina Machado,False,0.8,0.4076871241636056,0.16666666666666674,0.6777777777777777,0.03849001794597503,0.0,3.0,0.07973421926910298,-3.0,rank_based,Entertainment,0,1,0,0,40-50,True,6.076923076923077,12,4,13,0.36363636363636365
29,5,Justina Machado,False,0.8,0.02751272758044087,0.0,0.7083333333333333,0.06871842709362773,0.0,5.0,0.08362369337979095,-5.0,rank_based,Entertainment,0,1,0,0,40-50,True,6.076923076923077,12,5,12,0.45454545454545453
29,6,Justina Machado,False,0.9,0.8859764474561828,0.09999999999999998,0.7266666666666667,0.0722649446289294,0.0,1.0,0.10074626865671642,-1.0,rank_based,Entertainment,0,1,0,0,40-50,True,6.076923076923077,12,6,11,0.5454545454545454
29,7,Justina Machado,False,0.8666666666666667,-1.5798750608595155e-15,-0.033333333333333326,0.7555555555555555,0.09583937179043485,0.5773502691896257,5.0,0.1,-5.0,rank_based,Entertainment,0,1,0,0,40-50,True,6.076923076923077,12,7,10,0.6363636363636364
29,8,Justina Machado,False,0.96666,0.630582837484782,0.09999333333333327,0.7714285714285715,0.0970463261437002,0.0,3.0,0.13062996509903624,-3.0,rank_based,Entertainment,0,1,0,0,40-50,True,6.076923076923077,12,8,8,0.7272727272727273
29,9,Justina Machado,False,0.86666,-0.6268130844201142,-0.09999999999999998,0.7958324999999999,0.11330038038785109,0.0,5.0,0.1347145480395774,-5.0,rank_based,Entertainment,0,1,0,0,40-50,True,6.076923076923077,12,9,7,0.8181818181818182
29,10,Justina Machado,False,0.9666666666666667,0.0,0.10000666666666669,0.8037022222222222,0.10858060104006713,0.2886751345948129,3.0,0.16666666666666666,-3.0,rank_based,Entertainment,0,1,0,0,40-50,True,6.076923076923077,12,10,6,0.9090909090909091
29,11,Justina Machado,False,1.0,0.4999999999999978,0.033333333333333326,0.8199986666666665,0.11461027902105443,0.0,1.0,0.25316455696202533,-1.0,rank_based,Entertainment,0,1,0,0,40-50,True,6.076923076923077,12,11,4,1.0
29,1,Kaitlyn Bristowe,False,0.6666666666666666,0.8576900278702352,0.0,,0.0,0.5773502691896258,3.0,0.07692307692307693,-3.0,rank_based,Media,0,0,0,0,30-40,False,6.777777777777778,12,1,15,0.09090909090909091
29,2,Kaitlyn Bristowe,False,0.7333333333333333,1.7717591356565954,0.06666666666666665,0.6666666666666666,0.0,0.5773502691896258,1.0,0.08058608058608059,-1.0,rank_based,Media,0,0,0,0,30-40,False,6.777777777777778,12,2,15,0.18181818181818182
29,3,Kaitlyn Bristowe,False,0.7666666666666667,0.8538531430118347,0.03333333333333344,0.7,0.04714045207910316,0.5773502691896258,3.0,0.08185053380782918,-3.0,rank_based,Media,0,0,0,0,30-40,False,6.777777777777778,12,3,14,0.2727272727272727
29,4,Kaitlyn Bristowe,False,0.8333333333333334,0.889499179993321,0.06666666666666665,0.7222222222222222,0.05091750772173159,0.5773502691896257,2.0,0.08305647840531562,-2.0,rank_based,Media,0,0,0,0,30-40,False,6.777777777777778,12,4,13,0.36363636363636365
29,5,Kaitlyn Bristowe,False,0.9,1.017970920476276,0.06666666666666665,0.75,0.06938886664887113,0.0,2.0,0.09407665505226481,-2.0,rank_based,Media,0,0,0,0,30-40,False,6.777777777777778,12,5,12,0.45454545454545453
29,6,Kaitlyn Bristowe,False,0.9,0.8859764474561828,0.0,0.78,0.09006170724070867,0.0,1.0,0.10074626865671642,-1.0,rank_based,Media,0,0,0,0,30-40,False,6.777777777777778,12,6,11,0.5454545454545454
29,7,Kaitlyn Bristowe,False,0.8,-0.9486832980505151,-0.09999999999999998,0.7999999999999999,0.09428090415820635,1.0,9.0,0.09230769230769231,-9.0,rank_based,Media,0,0,0,0,30-40,False,6.777777777777778,12,7,10,0.6363636363636364
29,8,Kaitlyn Bristowe,False,0.9333333333333333,0.12615692964201278,0.1333333333333333,0.7999999999999999,0.08606629658238706,0.5773502691896257,4.0,0.1261263533808169,-4.0,rank_based,Media,0,0,0,0,30-40,False,6.777777777777778,12,8,8,0.7272727272727273
29,9,Kaitlyn Bristowe,False,1.0,0.9687038784802181,0.06666666666666665,0.8166666666666667,0.09258200997725516,0.0,1.0,0.15544105882304177,-1.0,rank_based,Media,0,0,0,0,30-40,False,6.777777777777778,12,9,7,0.8181818181818182
29,10,Kaitlyn Bristowe,False,1.0,1.195228609334393,0.0,0.837037037037037,0.10599324460188286,0.0,1.0,0.1724137931034483,-1.0,rank_based,Media,0,0,0,0,30-40,False,6.777777777777778,12,10,6,0.9090909090909091
29,11,Kaitlyn Bristowe,False,1.0,0.4999999999999978,0.0,0.8533333333333333,0.11243653902820906,0.0,1.0,0.25316455696202533,-1.0,rank_based,Media,0,0,0,0,30-40,False,6.777777777777778,12,11,4,1.0
29,1,Monica Aldama,False,0.6333333333333333,0.5360562674188967,0.0,,0.0,0.5773502691896258,5.0,0.07307692307692308,-5.0,rank_based,Media,0,0,0,0,40-50,True,5.173469387755102,19,1,15,0.09090909090909091
29,2,Monica Aldama,False,0.5333333333333333,-1.0257552890643458,-0.09999999999999998,0.6333333333333333,0.0,0.5773502691896258,12.0,0.05860805860805861,-12.0,rank_based,Media,0,0,0,0,40-50,True,5.173469387755102,19,2,15,0.18181818181818182
29,3,Monica Aldama,False,0.7,0.2707339233939961,0.16666666666666663,0.5833333333333333,0.0707106781186547,0.0,7.0,0.07473309608540925,-7.0,rank_based,Media,0,0,0,0,40-50,True,5.173469387755102,19,3,14,0.2727272727272727
29,4,Monica Aldama,False,0.8,0.4076871241636056,0.10000000000000009,0.6222222222222222,0.08388704928078611,0.0,3.0,0.07973421926910298,-3.0,rank_based,Media,0,0,0,0,40-50,True,5.173469387755102,19,4,13,0.36363636363636365
29,5,Monica Aldama,False,0.8666666666666667,0.6878181895109976,0.06666666666666665,0.6666666666666666,0.11221672153735647,0.5773502691896257,3.0,0.09059233449477352,-3.0,rank_based,Media,0,0,0,0,40-50,True,5.173469387755102,19,5,12,0.45454545454545453
29,6,Monica Aldama,False,0.9,0.8859764474561828,0.033333333333333326,0.7066666666666667,0.13207741837439305,0.0,1.0,0.10074626865671642,-1.0,rank_based,Media,0,0,0,0,40-50,True,5.173469387755102,19,6,11,0.5454545454545454
29,7,Monica Aldama,True,0.7333333333333333,-1.8973665961010302,-0.16666666666666674,0.7388888888888889,0.14207457613938249,0.5773502691896258,10.0,0.08461538461538462,-10.0,rank_based,Media,0,0,0,0,40-50,True,5.173469387755102,19,7,10,0.6363636363636364
29,8,Monica Aldama,False,,,0.0,0.7380952380952381,0.12971274735120228,0.0,9.0,0.0,-9.0,rank_based,Media,0,0,0,0,40-50,True,5.173469387755102,19,8,8,0.7272727272727273
29,9,Monica Aldama,False,,,0.0,0.7380952380952381,0.12971274735120228,0.0,8.0,0.0,-8.0,rank_based,Media,0,0,0,0,40-50,True,5.173469387755102,19,9,7,0.8181818181818182
29,10,Monica Aldama,False,,,0.0,0.7380952380952381,0.12971274735120228,0.0,7.0,0.0,-7.0,rank_based,Media,0,0,0,0,40-50,True,5.173469387755102,19,10,6,0.9090909090909091
29,11,Monica Aldama,False,,,0.0,0.7380952380952381,0.12971274735120228,0.0,5.0,0.0,-5.0,rank_based,Media,0,0,0,0,40-50,True,5.173469387755102,19,11,4,1.0
29,1,Nelly,False,0.5333333333333333,-0.42884501393511865,0.0,,0.0,0.5773502691896258,12.0,0.06153846153846154,-12.0,rank_based,Music,0,0,0,0,40-50,True,4.490196078431373,5,1,15,0.09090909090909091
29,2,Nelly,False,0.6,-0.09325048082403199,0.06666666666666665,0.5333333333333333,0.0,0.0,6.0,0.06593406593406594,-6.0,rank_based,Music,0,0,0,0,40-50,True,4.490196078431373,5,2,15,0.18181818181818182
29,3,Nelly,False,0.6,-0.6039449060327603,0.0,0.5666666666666667,0.04714045207910316,0.0,11.0,0.06405693950177936,-11.0,rank_based,Music,0,0,0,0,40-50,True,4.490196078431373,5,3,14,0.2727272727272727
29,4,Nelly,False,0.7,-1.0377490433255423,0.09999999999999998,0.5777777777777778,0.03849001794597505,0.0,10.0,0.06976744186046512,-10.0,rank_based,Music,0,0,0,0,40-50,True,4.490196078431373,5,4,13,0.36363636363636365
29,5,Nelly,False,0.8,0.02751272758044087,0.10000000000000009,0.6083333333333333,0.06871842709362767,0.0,5.0,0.08362369337979095,-5.0,rank_based,Music,0,0,0,0,40-50,True,4.490196078431373,5,5,12,0.45454545454545453
29,6,Nelly,False,0.8,-0.12220364792499039,0.0,0.6466666666666667,0.10434983894999023,0.0,7.0,0.08955223880597014,-7.0,rank_based,Music,0,0,0,0,40-50,True,4.490196078431373,5,6,11,0.5454545454545454
29,7,Nelly,False,0.9,0.4743416490252552,0.09999999999999998,0.6722222222222222,0.11238162496435812,0.0,2.0,0.10384615384615385,-2.0,rank_based,Music,0,0,0,0,40-50,True,4.490196078431373,5,7,10,0.6363636363636364
29,8,Nelly,False,0.8,-1.8919503231796313,-0.09999999999999998,0.7047619047619048,0.13392724867071656,0.0,8.0,0.10810830289784307,-8.0,rank_based,Music,0,0,0,0,40-50,True,4.490196078431373,5,8,8,0.7272727272727273
29,9,Nelly,False,0.8,-1.4244519080809515,0.0,0.7166666666666667,0.12848321488792427,0.0,7.0,0.12435284705843341,-7.0,rank_based,Music,0,0,0,0,40-50,True,4.490196078431373,5,9,7,0.8181818181818182
29,10,Nelly,False,0.9333333333333333,-1.195228609334393,0.1333333333333333,0.7259259259259259,0.12335335172874738,0.2886751345948129,6.0,0.16091954022988506,-6.0,rank_based,Music,0,0,0,0,40-50,True,4.490196078431373,5,10,6,0.9090909090909091
29,11,Nelly,False,0.95,-1.5000000000000022,0.016666666666666607,0.7466666666666667,0.1335183900959983,0.0,4.0,0.24050632911392406,-4.0,rank_based,Music,0,0,0,0,40-50,True,4.490196078431373,5,11,4,1.0
29,1,Nev Schulman,False,0.6666666666666666,0.8576900278702352,0.0,,0.0,0.5773502691896258,3.0,0.07692307692307693,-3.0,rank_based,Other,0,0,0,0,30-40,True,6.9655172413793105,9,1,15,0.09090909090909091
29,2,Nev Schulman,False,0.7,1.3055067315364386,0.033333333333333326,0.6666666666666666,0.0,0.0,2.0,0.07692307692307693,-2.0,rank_based,Other,0,0,0,0,30-40,True,6.9655172413793105,9,2,15,0.18181818181818182
29,3,Nev Schulman,False,0.8,1.1454127528207536,0.10000000000000009,0.6833333333333333,0.02357022603955154,0.0,1.0,0.08540925266903915,-1.0,rank_based,Other,0,0,0,0,30-40,True,6.9655172413793105,9,3,14,0.2727272727272727
29,4,Nev Schulman,False,0.8,0.4076871241636056,0.0,0.7222222222222222,0.06938886664887112,0.0,3.0,0.07973421926910298,-3.0,rank_based,Other,0,0,0,0,30-40,True,6.9655172413793105,9,4,13,0.36363636363636365
29,5,Nev Schulman,False,0.8666666666666667,0.6878181895109976,0.06666666666666665,0.7416666666666667,0.0687184270936277,0.5773502691896257,3.0,0.09059233449477352,-3.0,rank_based,Other,0,0,0,0,30-40,True,6.9655172413793105,9,5,12,0.45454545454545453
29,6,Nev Schulman,False,0.8666666666666667,0.5499164156624584,0.0,0.7666666666666667,0.08164965809277262,0.5773502691896257,5.0,0.09701492537313433,-5.0,rank_based,Other,0,0,0,0,30-40,True,6.9655172413793105,9,6,11,0.5454545454545454
29,7,Nev Schulman,False,1.0,1.8973665961010255,0.1333333333333333,0.7833333333333333,0.08366600265340757,0.0,1.0,0.11538461538461539,-1.0,rank_based,Other,0,0,0,0,30-40,True,6.9655172413793105,9,7,10,0.6363636363636364
29,8,Nev Schulman,False,1.0,1.135210556052835,0.0,0.8142857142857143,0.11198072396480804,0.0,1.0,0.13513537862230382,-1.0,rank_based,Other,0,0,0,0,30-40,True,6.9655172413793105,9,8,8,0.7272727272727273
29,9,Nev Schulman,False,0.96666,0.5697648088604705,-0.033340000000000036,0.8375,0.12271725147477758,0.0,3.0,0.15025865392188156,-3.0,rank_based,Other,0,0,0,0,30-40,True,6.9655172413793105,9,9,7,0.8181818181818182
29,10,Nev Schulman,False,1.0,1.195228609334393,0.033340000000000036,0.8518511111111111,0.12259964455268388,0.0,1.0,0.1724137931034483,-1.0,rank_based,Other,0,0,0,0,30-40,True,6.9655172413793105,9,10,6,0.9090909090909091
29,11,Nev Schulman,False,1.0,0.4999999999999978,0.0,0.866666,0.12472131899499714,0.0,1.0,0.25316455696202533,-1.0,rank_based,Other,0,0,0,0,30-40,True,6.9655172413793105,9,11,4,1.0
29,1,Skai Jackson,False,0.7,1.1793237883215737,0.0,,0.0,0.0,1.0,0.08076923076923077,-1.0,rank_based,Entertainment,0,1,0,0,Under 20,True,6.341176470588235,9,1,15,0.09090909090909091
29,2,Skai Jackson,False,0.5,-1.4920076931845025,-0.19999999999999996,0.7,0.0,0.0,14.0,0.054945054945054944,-14.0,rank_based,Entertainment,0,1,0,0,Under 20,True,6.341176470588235,9,2,15,0.18181818181818182
29,3,Skai Jackson,False,0.6,-0.6039449060327603,0.09999999999999998,0.6,0.14142135623730948,0.0,11.0,0.06405693950177936,-11.0,rank_based,Entertainment,0,1,0,0,Under 20,True,6.341176470588235,9,3,14,0.2727272727272727
29,4,Skai Jackson,False,0.9333333333333333,2.334935347482467,0.33333333333333337,0.6,0.09999999999999998,0.5773502691896257,1.0,0.09302325581395349,-1.0,rank_based,Entertainment,0,1,0,0,Under 20,True,6.341176470588235,9,4,13,0.36363636363636365
29,5,Skai Jackson,False,0.8,0.02751272758044087,-0.1333333333333333,0.6833333333333333,0.1855921454276674,0.0,5.0,0.08362369337979095,-5.0,rank_based,Entertainment,0,1,0,0,Under 20,True,6.341176470588235,9,5,12,0.45454545454545453
29,6,Skai Jackson,False,0.6,-2.138563838687338,-0.20000000000000007,0.7066666666666667,0.16898389140848769,0.0,11.0,0.06716417910447761,-11.0,rank_based,Entertainment,0,1,0,0,Under 20,True,6.341176470588235,9,6,11,0.5454545454545454
29,7,Skai Jackson,False,0.9,0.4743416490252552,0.30000000000000004,0.6888888888888888,0.15729189661499013,0.0,2.0,0.10384615384615385,-2.0,rank_based,Entertainment,0,1,0,0,Under 20,True,6.341176470588235,9,7,10,0.6363636363636364
29,8,Skai Jackson,False,0.8999933333333333,-0.37847078892604,-6.666666666710341e-06,0.719047619047619,0.16426846010152704,0.5773502691896258,7.0,0.1216209398575493,-7.0,rank_based,Entertainment,0,1,0,0,Under 20,True,6.341176470588235,9,8,8,0.7272727272727273
29,9,Skai Jackson,False,0.96666,0.5697648088604705,0.06666666666666665,0.7416658333333334,0.16499066834362539,0.0,3.0,0.15025865392188156,-3.0,rank_based,Entertainment,0,1,0,0,Under 20,True,6.341176470588235,9,9,7,0.8181818181818182
29,10,Skai Jackson,True,0.95,-0.5976143046671984,-0.016660000000000008,0.7666651851851852,0.17159221689089182,0.0,4.0,0.16379310344827586,-4.0,rank_based,Entertainment,0,1,0,0,Under 20,True,6.341176470588235,9,10,6,0.9090909090909091
29,11,Skai Jackson,False,,,0.0,0.7849986666666666,0.17185316732319,0.0,5.0,0.0,-5.0,rank_based,Entertainment,0,1,0,0,Under 20,True,6.341176470588235,9,11,4,1.0
29,1,Veron Davis,False,0.5666666666666667,-0.1072112534837802,0.0,,0.0,0.5773502691896258,11.0,0.06538461538461539,-11.0,rank_based,Sports,0,0,0,0,30-40,True,7.419354838709677,15,1,15,0.09090909090909091
29,2,Veron Davis,False,0.6,-0.09325048082403199,0.033333333333333326,0.5666666666666667,0.0,0.0,6.0,0.06593406593406594,-6.0,rank_based,Sports,0,0,0,0,30-40,True,7.419354838709677,15,2,15,0.18181818181818182
29,3,Veron Davis,False,0.7333333333333333,0.562293533202915,0.1333333333333333,0.5833333333333333,0.02357022603955162,0.5773502691896258,4.0,0.07829181494661921,-4.0,rank_based,Sports,0,0,0,0,30-40,True,7.419354838709677,15,3,14,0.2727272727272727
29,4,Veron Davis,False,0.7333333333333333,-0.5559369874958268,0.0,0.6333333333333333,0.08819171036881969,0.5773502691896258,8.0,0.07308970099667775,-8.0,rank_based,Sports,0,0,0,0,30-40,True,7.419354838709677,15,4,13,0.36363636363636365
29,5,Veron Davis,False,0.7,-0.9629454653153953,-0.033333333333333326,0.6583333333333333,0.08766518798921943,0.0,10.0,0.07317073170731707,-10.0,rank_based,Sports,0,0,0,0,30-40,True,7.419354838709677,15,5,12,0.45454545454545453
29,6,Veron Davis,True,0.7,-1.1303837433061648,0.0,0.6666666666666666,0.07817359599705714,0.0,10.0,0.07835820895522388,-10.0,rank_based,Sports,0,0,0,0,30-40,True,7.419354838709677,15,6,11,0.5454545454545454
29,7,Veron Davis,False,,,0.0,0.6722222222222222,0.07123253522144268,0.0,11.0,0.0,-11.0,rank_based,Sports,0,0,0,0,30-40,True,7.419354838709677,15,7,10,0.6363636363636364
29,8,Veron Davis,False,,,0.0,0.6722222222222222,0.07123253522144268,0.0,9.0,0.0,-9.0,rank_based,Sports,0,0,0,0,30-40,True,7.419354838709677,15,8,8,0.7272727272727273
29,9,Veron Davis,False,,,0.0,0.6722222222222222,0.07123253522144268,0.0,8.0,0.0,-8.0,rank_based,Sports,0,0,0,0,30-40,True,7.419354838709677,15,9,7,0.8181818181818182
29,10,Veron Davis,False,,,0.0,0.6722222222222222,0.07123253522144268,0.0,7.0,0.0,-7.0,rank_based,Sports,0,0,0,0,30-40,True,7.419354838709677,15,10,6,0.9090909090909091
29,11,Veron Davis,False,,,0.0,0.6722222222222222,0.07123253522144268,0.0,5.0,0.0,-5.0,rank_based,Sports,0,0,0,0,30-40,True,7.419354838709677,15,11,4,1.0
30,1,Amanda Kloots,False,0.7,0.9348734883963498,0.0,,0.0,0.0,2.0,0.07650273224043716,-2.0,rank_based,Media,0,0,0,0,30-40,True,6.341176470588235,9,1,15,0.1
30,2,Amanda Kloots,False,0.8,1.5254139310829056,0.10000000000000009,0.7,0.0,0.0,1.0,0.08311688311688312,-1.0,rank_based,Media,0,0,0,0,30-40,True,6.341176470588235,9,2,15,0.2
30,3,Amanda Kloots,False,0.8,1.3723069351415371,0.0,0.75,0.07071067811865482,0.0,1.0,0.08053691275167785,-1.0,rank_based,Media,0,0,0,0,30-40,True,6.341176470588235,9,3,14,0.3
30,4,Amanda Kloots,False,0.85,0.6311022169437593,0.04999999999999993,0.7666666666666666,0.05773502691896262,0.0,4.0,0.0815347721822542,-4.0,rank_based,Media,0,0,0,0,30-40,True,6.341176470588235,9,4,13,0.4
30,5,Amanda Kloots,False,0.975,1.1846977555181843,0.125,0.7875,0.06291528696058957,0.5,2.0,0.1012987012987013,-2.0,rank_based,Media,0,0,0,0,30-40,True,6.341176470588235,9,5,11,0.5
30,6,Amanda Kloots,False,0.95,0.6076436202502007,-0.025000000000000022,0.825,0.09999999999999996,0.5773502691896257,3.0,0.1043956043956044,-3.0,rank_based,Media,0,0,0,0,30-40,True,6.341176470588235,9,6,10,0.6
30,7,Amanda Kloots,False,0.85,-0.7652213182182247,-0.09999999999999998,0.8458333333333333,0.10297653454387876,0.5,6.0,0.10397553516819572,-6.0,rank_based,Media,0,0,0,0,30-40,True,6.341176470588235,9,7,9,0.7
30,8,Amanda Kloots,False,1.0,0.786225594172249,0.15000000000000002,0.8464285714285714,0.09401747557920126,0.0,1.0,0.13636363636363635,-1.0,rank_based,Media,0,0,0,0,30-40,True,6.341176470588235,9,8,8,0.8
30,9,Amanda Kloots,False,0.9875,1.01435278114956,-0.012499999999999956,0.865625,0.10258924686061673,0.25,2.0,0.1747787610619469,-2.0,rank_based,Media,0,0,0,0,30-40,True,6.341176470588235,9,9,6,0.9
30,10,Amanda Kloots,False,0.975,-0.2611164839335456,-0.012500000000000067,0.8791666666666667,0.1042083250033316,0.28867513459481287,3.0,0.2484076433121019,-3.0,rank_based,Media,0,0,0,0,30-40,True,6.341176470588235,9,10,4,1.0
30,1,Brian Austin Green,False,0.6,-0.1038748320440377,0.0,,0.0,0.0,9.0,0.06557377049180328,-9.0,rank_based,Entertainment,0,1,0,0,40-50,True,6.717391304347826,14,1,15,0.1
30,2,Brian Austin Green,False,0.575,-0.6422795499296454,-0.025000000000000022,0.6,0.0,0.5,13.0,0.05974025974025974,-13.0,rank_based,Entertainment,0,1,0,0,40-50,True,6.717391304347826,14,2,15,0.2
30,3,Brian Austin Green,False,0.6333333333333333,-1.155626892750769,0.05833333333333335,0.5874999999999999,0.017677669529663664,0.5773502691896258,12.0,0.06375838926174497,-12.0,rank_based,Entertainment,0,1,0,0,40-50,True,6.717391304347826,14,3,14,0.3
30,4,Brian Austin Green,True,0.65,-1.9942830055422762,0.01666666666666672,0.6027777777777777,0.029265704869035396,0.408248290463863,13.0,0.06235011990407674,-13.0,rank_based,Entertainment,0,1,0,0,40-50,True,6.717391304347826,14,4,13,0.4
30,5,Brian Austin Green,False,,,0.0,0.6145833333333333,0.03359274061791066,0.0,12.0,0.0,-12.0,rank_based,Entertainment,0,1,0,0,40-50,True,6.717391304347826,14,5,11,0.5
30,6,Brian Austin Green,False,,,0.0,0.6145833333333333,0.03359274061791066,0.0,11.0,0.0,-11.0,rank_based,Entertainment,0,1,0,0,40-50,True,6.717391304347826,14,6,10,0.6
30,7,Brian Austin Green,False,,,0.0,0.6145833333333333,0.03359274061791066,0.0,10.0,0.0,-10.0,rank_based,Entertainment,0,1,0,0,40-50,True,6.717391304347826,14,7,9,0.7
30,8,Brian Austin Green,False,,,0.0,0.6145833333333333,0.03359274061791066,0.0,9.0,0.0,-9.0,rank_based,Entertainment,0,1,0,0,40-50,True,6.717391304347826,14,8,8,0.8
30,9,Brian Austin Green,False,,,0.0,0.6145833333333333,0.03359274061791066,0.0,7.0,0.0,-7.0,rank_based,Entertainment,0,1,0,0,40-50,True,6.717391304347826,14,9,6,0.9
30,10,Brian Austin Green,False,,,0.0,0.6145833333333333,0.03359274061791066,0.0,5.0,0.0,-5.0,rank_based,Entertainment,0,1,0,0,40-50,True,6.717391304347826,14,10,4,1.0
30,1,Christine Chiu,False,0.625,0.15581224806605945,0.0,,0.0,0.5,7.0,0.06830601092896176,-7.0,rank_based,Media,0,0,0,0,30-40,False,10.273972602739725,7,1,15,0.1
30,2,Christine Chiu,False,0.6,-0.4014247187060285,-0.025000000000000022,0.625,0.0,0.0,10.0,0.06233766233766234,-10.0,rank_based,Media,0,0,0,0,30-40,False,10.273972602739725,7,2,15,0.2
30,3,Christine Chiu,True,0.7,-0.14445336159384717,0.09999999999999998,0.6125,0.017677669529663743,0.0,7.0,0.07046979865771812,-7.0,rank_based,Media,0,0,0,0,30-40,False,10.273972602739725,7,3,14,0.3
30,4,Christine Chiu,False,,,0.0,0.6416666666666666,0.05204164998665326,0.0,14.0,0.0,-14.0,rank_based,Media,0,0,0,0,30-40,False,10.273972602739725,7,4,13,0.4
30,5,Christine Chiu,False,,,0.0,0.6416666666666666,0.05204164998665326,0.0,12.0,0.0,-12.0,rank_based,Media,0,0,0,0,30-40,False,10.273972602739725,7,5,11,0.5
30,6,Christine Chiu,False,,,0.0,0.6416666666666666,0.05204164998665326,0.0,11.0,0.0,-11.0,rank_based,Media,0,0,0,0,30-40,False,10.273972602739725,7,6,10,0.6
30,7,Christine Chiu,False,,,0.0,0.6416666666666666,0.05204164998665326,0.0,10.0,0.0,-10.0,rank_based,Media,0,0,0,0,30-40,False,10.273972602739725,7,7,9,0.7
30,8,Christine Chiu,False,,,0.0,0.6416666666666666,0.05204164998665326,0.0,9.0,0.0,-9.0,rank_based,Media,0,0,0,0,30-40,False,10.273972602739725,7,8,8,0.8
30,9,Christine Chiu,False,,,0.0,0.6416666666666666,0.05204164998665326,0.0,7.0,0.0,-7.0,rank_based,Media,0,0,0,0,30-40,False,10.273972602739725,7,9,6,0.9
30,10,Christine Chiu,False,,,0.0,0.6416666666666666,0.05204164998665326,0.0,5.0,0.0,-5.0,rank_based,Media,0,0,0,0,30-40,False,10.273972602739725,7,10,4,1.0
30,1,Cody Rigsby,False,0.6,-0.1038748320440377,0.0,,0.0,0.0,9.0,0.06557377049180328,-9.0,rank_based,Other,0,0,0,0,30-40,True,5.853754940711463,25,1,15,0.1
30,2,Cody Rigsby,False,0.6,-0.4014247187060285,0.0,0.6,0.0,0.0,10.0,0.06233766233766234,-10.0,rank_based,Other,0,0,0,0,30-40,True,5.853754940711463,25,2,15,0.2
30,3,Cody Rigsby,False,0.6,-1.6612136583292296,0.0,0.6,0.0,0.0,14.0,0.06040268456375839,-14.0,rank_based,Other,0,0,0,0,30-40,True,5.853754940711463,25,3,14,0.3
30,4,Cody Rigsby,False,0.725,-1.0097635471100133,0.125,0.6,0.0,0.5,11.0,0.06954436450839328,-11.0,rank_based,Other,0,0,0,0,30-40,True,5.853754940711463,25,4,13,0.4
30,5,Cody Rigsby,False,0.8,-0.888523316638638,0.07500000000000007,0.63125,0.0625,0.0,9.0,0.08311688311688312,-9.0,rank_based,Other,0,0,0,0,30-40,True,5.853754940711463,25,5,11,0.5
30,6,Cody Rigsby,False,0.9,-0.15191090506254848,0.09999999999999998,0.665,0.09287087810503357,0.0,5.0,0.0989010989010989,-5.0,rank_based,Other,0,0,0,0,30-40,True,5.853754940711463,25,6,10,0.6
30,7,Cody Rigsby,False,0.9,-0.04027480622201166,0.0,0.7041666666666666,0.12690219330912553,0.5773502691896257,5.0,0.11009174311926606,-5.0,rank_based,Other,0,0,0,0,30-40,True,5.853754940711463,25,7,9,0.7
30,8,Cody Rigsby,False,0.95,0.12414088329035403,0.04999999999999993,0.7321428571428571,0.1374729410604484,0.5773502691896257,5.0,0.12337662337662338,-5.0,rank_based,Other,0,0,0,0,30-40,True,5.853754940711463,25,8,8,0.8
30,9,Cody Rigsby,False,0.8875,-1.1987805595403935,-0.0625,0.759375,0.14876725590186646,0.25,6.0,0.1570796460176991,-6.0,rank_based,Other,0,0,0,0,30-40,True,5.853754940711463,25,9,6,0.9
30,10,Cody Rigsby,False,0.95,-1.3055824196677326,0.0625,0.7736111111111111,0.14556522974636182,0.0,4.0,0.24203821656050956,-4.0,rank_based,Other,0,0,0,0,30-40,True,5.853754940711463,25,10,4,1.0
30,1,Iman Shumpert,False,0.525,-0.882936072374328,0.0,,0.0,1.2583057392117916,14.0,0.05737704918032787,-14.0,rank_based,Sports,0,0,0,0,30-40,True,4.490196078431373,5,1,15,0.1
30,2,Iman Shumpert,False,0.625,-0.16056988748241163,0.09999999999999998,0.525,0.0,0.5,9.0,0.06493506493506493,-9.0,rank_based,Sports,0,0,0,0,30-40,True,4.490196078431373,5,2,15,0.2
30,3,Iman Shumpert,False,0.6333333333333333,-1.155626892750769,0.008333333333333304,0.575,0.07071067811865478,0.5773502691896258,12.0,0.06375838926174497,-12.0,rank_based,Sports,0,0,0,0,30-40,True,4.490196078431373,5,3,14,0.3
30,4,Iman Shumpert,False,0.7875,-0.18933066508312693,0.15416666666666667,0.5944444444444444,0.06028481781725197,0.9464847243000456,9.0,0.07553956834532374,-9.0,rank_based,Sports,0,0,0,0,30-40,True,4.490196078431373,5,4,13,0.4
30,5,Iman Shumpert,False,0.7,-2.073221072156824,-0.08750000000000002,0.6427083333333333,0.10835336353288202,0.0,11.0,0.07272727272727272,-11.0,rank_based,Sports,0,0,0,0,30-40,True,4.490196078431373,5,5,11,0.5
30,6,Iman Shumpert,False,1.0,1.3671981455629516,0.30000000000000004,0.6541666666666666,0.09727181274940626,0.0,1.0,0.10989010989010989,-1.0,rank_based,Sports,0,0,0,0,30-40,True,4.490196078431373,5,6,10,0.6
30,7,Iman Shumpert,False,0.85,-0.7652213182182247,-0.15000000000000002,0.7118055555555555,0.16583996357488298,0.816496580927726,6.0,0.10397553516819572,-6.0,rank_based,Sports,0,0,0,0,30-40,True,4.490196078431373,5,7,9,0.7
30,8,Iman Shumpert,False,0.875,-0.8689861830324871,0.025000000000000022,0.7315476190476191,0.16014781118882462,0.5,7.0,0.11363636363636363,-7.0,rank_based,Sports,0,0,0,0,30-40,True,4.490196078431373,5,8,8,0.8
30,9,Iman Shumpert,False,0.9375,-0.09221388919541679,0.0625,0.7494791666666667,0.156702717166807,0.47871355387816905,3.0,0.16592920353982302,-3.0,rank_based,Sports,0,0,0,0,30-40,True,4.490196078431373,5,9,6,0.9
30,10,Iman Shumpert,False,1.0,0.7833494518006414,0.0625,0.7703703703703704,0.1594184914030821,0.0,1.0,0.25477707006369427,-1.0,rank_based,Sports,0,0,0,0,30-40,True,4.490196078431373,5,10,4,1.0
30,1,Jimmie Allen,False,0.55,-0.6232489922642308,0.0,,0.0,0.5773502691896257,13.0,0.060109289617486336,-13.0,rank_based,Music,0,0,0,0,30-40,True,7.7924528301886795,16,1,15,0.1
30,2,Jimmie Allen,False,0.675,0.3211397749648222,0.125,0.55,0.0,0.5,5.0,0.07012987012987013,-5.0,rank_based,Music,0,0,0,0,30-40,True,7.7924528301886795,16,2,15,0.2
30,3,Jimmie Allen,False,0.6666666666666666,-0.650040127172308,-0.008333333333333415,0.6125,0.08838834764831845,1.1547005383792517,10.0,0.06711409395973154,-10.0,rank_based,Music,0,0,0,0,30-40,True,7.7924528301886795,16,3,14,0.3
30,4,Jimmie Allen,False,0.8125,0.1388424877276279,0.14583333333333337,0.6305555555555555,0.06988747569671734,0.47871355387816905,7.0,0.07793764988009592,-7.0,rank_based,Music,0,0,0,0,30-40,True,7.7924528301886795,16,4,13,0.4
30,5,Jimmie Allen,False,0.85,-0.2961744388795464,0.03749999999999998,0.6760416666666667,0.10738769974049894,0.5773502691896257,8.0,0.08831168831168831,-8.0,rank_based,Music,0,0,0,0,30-40,True,7.7924528301886795,16,5,11,0.5
30,6,Jimmie Allen,False,0.95,0.6076436202502007,0.09999999999999998,0.7108333333333333,0.12124928407577873,0.5773502691896257,3.0,0.1043956043956044,-3.0,rank_based,Music,0,0,0,0,30-40,True,7.7924528301886795,16,6,10,0.6
30,7,Jimmie Allen,False,0.95,0.6846717057741998,0.0,0.7506944444444444,0.1459265575047434,0.5773502691896257,3.0,0.1162079510703364,-3.0,rank_based,Music,0,0,0,0,30-40,True,7.7924528301886795,16,7,9,0.7
30,8,Jimmie Allen,True,0.8,-1.862113249355328,-0.1499999999999999,0.7791666666666667,0.1530363972683913,0.0,8.0,0.1038961038961039,-8.0,rank_based,Music,0,0,0,0,30-40,True,7.7924528301886795,16,8,8,0.8
30,9,Jimmie Allen,False,,,0.0,0.7817708333333333,0.14187550258634146,0.0,7.0,0.0,-7.0,rank_based,Music,0,0,0,0,30-40,True,7.7924528301886795,16,9,6,0.9
30,10,Jimmie Allen,False,,,0.0,0.7817708333333333,0.14187550258634146,0.0,5.0,0.0,-5.0,rank_based,Music,0,0,0,0,30-40,True,7.7924528301886795,16,10,4,1.0
30,1,JoJo Siwa,False,0.725,1.1945605685064469,0.0,,0.0,0.5,1.0,0.07923497267759563,-1.0,rank_based,Social Media,0,0,0,0,Under 20,True,6.9655172413793105,9,1,15,0.1
30,2,JoJo Siwa,False,0.775,1.2845590998592888,0.050000000000000044,0.725,0.0,0.5,2.0,0.08051948051948052,-2.0,rank_based,Social Media,0,0,0,0,Under 20,True,6.9655172413793105,9,2,15,0.2
30,3,JoJo Siwa,False,0.8,1.3723069351415371,0.025000000000000022,0.75,0.03535533905932741,0.0,1.0,0.08053691275167785,-1.0,rank_based,Social Media,0,0,0,0,Under 20,True,6.9655172413793105,9,3,14,0.3
30,4,JoJo Siwa,False,0.875,0.9592753697545142,0.07499999999999996,0.7666666666666666,0.03818813079129869,0.28867513459481287,2.0,0.08393285371702638,-2.0,rank_based,Social Media,0,0,0,0,Under 20,True,6.9655172413793105,9,4,13,0.4
30,5,JoJo Siwa,False,1.0,1.480872194397731,0.125,0.79375,0.06249999999999997,0.0,1.0,0.1038961038961039,-1.0,rank_based,Social Media,0,0,0,0,Under 20,True,6.9655172413793105,9,5,11,0.5
30,6,JoJo Siwa,False,1.0,1.3671981455629516,0.0,0.835,0.10694624818103715,0.0,1.0,0.10989010989010989,-1.0,rank_based,Social Media,0,0,0,0,Under 20,True,6.9655172413793105,9,6,10,0.6
30,7,JoJo Siwa,False,0.975,1.0471449617723063,-0.025000000000000022,0.8624999999999999,0.11699358956797586,0.5,2.0,0.11926605504587157,-2.0,rank_based,Social Media,0,0,0,0,Under 20,True,6.9655172413793105,9,7,9,0.7
30,8,JoJo Siwa,False,1.0,0.786225594172249,0.025000000000000022,0.8785714285714287,0.11495340671022197,0.5,4.0,0.1331168831168831,-4.0,rank_based,Social Media,0,0,0,0,Under 20,True,6.9655172413793105,9,8,8,0.8
30,9,JoJo Siwa,False,1.0,1.290994448735803,0.0,0.89375,0.11475906437899731,0.0,1.0,0.17699115044247787,-1.0,rank_based,Social Media,0,0,0,0,Under 20,True,6.9655172413793105,9,9,6,0.9
30,10,JoJo Siwa,False,1.0,0.7833494518006414,0.0,0.9055555555555556,0.11303883305208777,0.0,1.0,0.25477707006369427,-1.0,rank_based,Social Media,0,0,0,0,Under 20,True,6.9655172413793105,9,10,4,1.0
30,1,Kenya Moore,False,0.65,0.4154993281761566,0.0,,0.0,0.5773502691896257,5.0,0.07103825136612021,-5.0,rank_based,Media,0,0,0,0,40-50,True,9.24390243902439,8,1,15,0.1
30,2,Kenya Moore,False,0.6,-0.4014247187060285,-0.050000000000000044,0.65,0.0,0.0,10.0,0.06233766233766234,-10.0,rank_based,Media,0,0,0,0,40-50,True,9.24390243902439,8,2,15,0.2
30,3,Kenya Moore,False,0.7,-0.14445336159384717,0.09999999999999998,0.625,0.03535533905932741,0.0,7.0,0.07046979865771812,-7.0,rank_based,Media,0,0,0,0,40-50,True,9.24390243902439,8,3,14,0.3
30,4,Kenya Moore,False,0.7375,-0.8456769707046351,0.03750000000000009,0.65,0.049999999999999975,0.47871355387816905,10.0,0.07074340527577938,-10.0,rank_based,Media,0,0,0,0,40-50,True,9.24390243902439,8,4,13,0.4
30,5,Kenya Moore,False,0.9,0.2961744388795464,0.16249999999999998,0.671875,0.05983919423477113,0.0,3.0,0.09350649350649351,-3.0,rank_based,Media,0,0,0,0,40-50,True,9.24390243902439,8,5,11,0.5
30,6,Kenya Moore,True,0.8,-1.6710199556880485,-0.09999999999999998,0.7175,0.11442792491345809,0.0,10.0,0.08791208791208792,-10.0,rank_based,Media,0,0,0,0,40-50,True,9.24390243902439,8,6,10,0.6
30,7,Kenya Moore,False,,,0.0,0.7312500000000001,0.10774680969754975,0.0,10.0,0.0,-10.0,rank_based,Media,0,0,0,0,40-50,True,9.24390243902439,8,7,9,0.7
30,8,Kenya Moore,False,,,0.0,0.7312500000000001,0.10774680969754975,0.0,9.0,0.0,-9.0,rank_based,Media,0,0,0,0,40-50,True,9.24390243902439,8,8,8,0.8
30,9,Kenya Moore,False,,,0.0,0.7312500000000001,0.10774680969754975,0.0,7.0,0.0,-7.0,rank_based,Media,0,0,0,0,40-50,True,9.24390243902439,8,9,6,0.9
30,10,Kenya Moore,False,,,0.0,0.7312500000000001,0.10774680969754975,0.0,5.0,0.0,-5.0,rank_based,Media,0,0,0,0,40-50,True,9.24390243902439,8,10,4,1.0
30,1,Martin Kove,False,0.325,-2.9604327132551034,0.0,,0.0,0.5,15.0,0.03551912568306011,-15.0,rank_based,Entertainment,0,1,0,0,60+,True,9.82258064516129,6,1,15,0.1
30,2,Martin Kove,True,0.375,-2.5691181997185786,0.04999999999999999,0.325,0.0,0.5,15.0,0.03896103896103896,-15.0,rank_based,Entertainment,0,1,0,0,60+,True,9.82258064516129,6,2,15,0.2
30,3,Martin Kove,False,,,0.0,0.35,0.03535533905932739,0.0,15.0,0.0,-15.0,rank_based,Entertainment,0,1,0,0,60+,True,9.82258064516129,6,3,14,0.3
30,4,Martin Kove,False,,,0.0,0.35,0.03535533905932739,0.0,14.0,0.0,-14.0,rank_based,Entertainment,0,1,0,0,60+,True,9.82258064516129,6,4,13,0.4
30,5,Martin Kove,False,,,0.0,0.35,0.03535533905932739,0.0,12.0,0.0,-12.0,rank_based,Entertainment,0,1,0,0,60+,True,9.82258064516129,6,5,11,0.5
30,6,Martin Kove,False,,,0.0,0.35,0.03535533905932739,0.0,11.0,0.0,-11.0,rank_based,Entertainment,0,1,0,0,60+,True,9.82258064516129,6,6,10,0.6
30,7,Martin Kove,False,,,0.0,0.35,0.03535533905932739,0.0,10.0,0.0,-10.0,rank_based,Entertainment,0,1,0,0,60+,True,9.82258064516129,6,7,9,0.7
30,8,Martin Kove,False,,,0.0,0.35,0.03535533905932739,0.0,9.0,0.0,-9.0,rank_based,Entertainment,0,1,0,0,60+,True,9.82258064516129,6,8,8,0.8
30,9,Martin Kove,False,,,0.0,0.35,0.03535533905932739,0.0,7.0,0.0,-7.0,rank_based,Entertainment,0,1,0,0,60+,True,9.82258064516129,6,9,6,0.9
30,10,Martin Kove,False,,,0.0,0.35,0.03535533905932739,0.0,5.0,0.0,-5.0,rank_based,Entertainment,0,1,0,0,60+,True,9.82258064516129,6,10,4,1.0
30,1,Matt James,False,0.6,-0.1038748320440377,0.0,,0.0,0.0,9.0,0.06557377049180328,-9.0,rank_based,Sports,0,0,0,0,20-30,True,5.135416666666667,10,1,15,0.1
30,2,Matt James,False,0.55,-0.8831343811532613,-0.04999999999999993,0.6,0.0,0.5773502691896257,14.0,0.05714285714285714,-14.0,rank_based,Sports,0,0,0,0,20-30,True,5.135416666666667,10,2,15,0.2
30,3,Matt James,False,0.6666666666666666,-0.650040127172308,0.11666666666666659,0.575,0.03535533905932729,0.5773502691896258,10.0,0.06711409395973154,-10.0,rank_based,Sports,0,0,0,0,20-30,True,5.135416666666667,10,3,14,0.3
30,4,Matt James,True,0.7125,-1.17385012351539,0.04583333333333339,0.6055555555555555,0.05853140973807075,0.47871355387816905,12.0,0.0683453237410072,-12.0,rank_based,Sports,0,0,0,0,20-30,True,5.135416666666667,10,4,13,0.4
30,5,Matt James,False,,,0.0,0.6322916666666667,0.07171631032524377,0.0,12.0,0.0,-12.0,rank_based,Sports,0,0,0,0,20-30,True,5.135416666666667,10,5,11,0.5
30,6,Matt James,False,,,0.0,0.6322916666666667,0.07171631032524377,0.0,11.0,0.0,-11.0,rank_based,Sports,0,0,0,0,20-30,True,5.135416666666667,10,6,10,0.6
30,7,Matt James,False,,,0.0,0.6322916666666667,0.07171631032524377,0.0,10.0,0.0,-10.0,rank_based,Sports,0,0,0,0,20-30,True,5.135416666666667,10,7,9,0.7
30,8,Matt James,False,,,0.0,0.6322916666666667,0.07171631032524377,0.0,9.0,0.0,-9.0,rank_based,Sports,0,0,0,0,20-30,True,5.135416666666667,10,8,8,0.8
30,9,Matt James,False,,,0.0,0.6322916666666667,0.07171631032524377,0.0,7.0,0.0,-7.0,rank_based,Sports,0,0,0,0,20-30,True,5.135416666666667,10,9,6,0.9
30,10,Matt James,False,,,0.0,0.6322916666666667,0.07171631032524377,0.0,5.0,0.0,-5.0,rank_based,Sports,0,0,0,0,20-30,True,5.135416666666667,10,10,4,1.0
30,1,Melanie C,False,0.675,0.6751864082862538,0.0,,0.0,0.5,4.0,0.07377049180327869,-4.0,rank_based,Music,0,0,0,0,40-50,False,8.448818897637794,13,1,15,0.1
30,2,Melanie C,False,0.75,1.043704268635672,0.07499999999999996,0.675,0.0,0.5773502691896257,3.0,0.07792207792207792,-3.0,rank_based,Music,0,0,0,0,40-50,False,8.448818897637794,13,2,15,0.2
30,3,Melanie C,False,0.7333333333333333,0.3611334039846137,-0.01666666666666672,0.7125,0.053033008588991036,0.5773502691896258,5.0,0.0738255033557047,-5.0,rank_based,Music,0,0,0,0,40-50,False,8.448818897637794,13,3,14,0.3
30,4,Melanie C,False,0.825,0.3029290641330046,0.09166666666666667,0.7194444444444444,0.03938179688543837,0.28867513459481287,6.0,0.07913669064748201,-6.0,rank_based,Music,0,0,0,0,40-50,False,8.448818897637794,13,4,13,0.4
30,5,Melanie C,True,0.9,0.2961744388795464,0.07500000000000007,0.7458333333333333,0.06180165405913048,0.0,3.0,0.09350649350649351,-3.0,rank_based,Music,0,0,0,0,40-50,False,8.448818897637794,13,5,11,0.5
30,6,Melanie C,False,,,0.0,0.7766666666666666,0.08728147315184105,0.0,11.0,0.0,-11.0,rank_based,Music,0,0,0,0,40-50,False,8.448818897637794,13,6,10,0.6
30,7,Melanie C,False,,,0.0,0.7766666666666666,0.08728147315184105,0.0,10.0,0.0,-10.0,rank_based,Music,0,0,0,0,40-50,False,8.448818897637794,13,7,9,0.7
30,8,Melanie C,False,,,0.0,0.7766666666666666,0.08728147315184105,0.0,9.0,0.0,-9.0,rank_based,Music,0,0,0,0,40-50,False,8.448818897637794,13,8,8,0.8
30,9,Melanie C,False,,,0.0,0.7766666666666666,0.08728147315184105,0.0,7.0,0.0,-7.0,rank_based,Music,0,0,0,0,40-50,False,8.448818897637794,13,9,6,0.9
30,10,Melanie C,False,,,0.0,0.7766666666666666,0.08728147315184105,0.0,5.0,0.0,-5.0,rank_based,Music,0,0,0,0,40-50,False,8.448818897637794,13,10,4,1.0
30,1,Melora Hardin,False,0.65,0.4154993281761566,0.0,,0.0,0.5773502691896257,5.0,0.07103825136612021,-5.0,rank_based,Entertainment,0,1,0,0,50-60,True,6.777777777777778,12,1,15,0.1
30,2,Melora Hardin,False,0.675,0.3211397749648222,0.025000000000000022,0.65,0.0,0.5,5.0,0.07012987012987013,-5.0,rank_based,Entertainment,0,1,0,0,50-60,True,6.777777777777778,12,2,15,0.2
30,3,Melora Hardin,False,0.7666666666666667,0.8667201695630762,0.09166666666666667,0.6625000000000001,0.017677669529663664,0.5773502691896258,4.0,0.07718120805369127,-4.0,rank_based,Entertainment,0,1,0,0,50-60,True,6.777777777777778,12,3,14,0.3
30,4,Melora Hardin,False,0.9125,1.4515350989706457,0.14583333333333326,0.6972222222222223,0.06142595663193326,0.25,1.0,0.08752997601918465,-1.0,rank_based,Entertainment,0,1,0,0,50-60,True,6.777777777777778,12,4,13,0.4
30,5,Melora Hardin,False,0.9,0.2961744388795464,-0.012499999999999956,0.7510416666666667,0.11874999999999995,0.0,3.0,0.09350649350649351,-3.0,rank_based,Entertainment,0,1,0,0,50-60,True,6.777777777777778,12,5,11,0.5
30,6,Melora Hardin,False,0.85,-0.9114654303752994,-0.050000000000000044,0.7808333333333334,0.12253117517141864,0.5773502691896257,8.0,0.09340659340659341,-8.0,rank_based,Entertainment,0,1,0,0,50-60,True,6.777777777777778,12,6,10,0.6
30,7,Melora Hardin,False,0.95,0.6846717057741998,0.09999999999999998,0.7923611111111111,0.11317441881482786,0.0,3.0,0.1162079510703364,-3.0,rank_based,Entertainment,0,1,0,0,50-60,True,6.777777777777778,12,7,9,0.7
30,8,Melora Hardin,False,1.0,0.786225594172249,0.050000000000000044,0.8148809523809524,0.11926319766575229,0.0,1.0,0.13636363636363635,-1.0,rank_based,Entertainment,0,1,0,0,50-60,True,6.777777777777778,12,8,8,0.8
30,9,Melora Hardin,True,0.9,-0.9221388919541481,-0.09999999999999998,0.8380208333333333,0.1283564740268412,0.408248290463863,5.0,0.1592920353982301,-5.0,rank_based,Entertainment,0,1,0,0,50-60,True,6.777777777777778,12,9,6,0.9
30,10,Melora Hardin,False,,,0.0,0.8449074074074074,0.12183097099599569,0.0,5.0,0.0,-5.0,rank_based,Entertainment,0,1,0,0,50-60,True,6.777777777777778,12,10,4,1.0
30,1,"Mike ""The Miz"" Mizanin",False,0.6,-0.1038748320440377,0.0,,0.0,0.0,9.0,0.06557377049180328,-9.0,rank_based,Sports,0,0,0,0,30-40,True,5.485294117647059,14,1,15,0.1
30,2,"Mike ""The Miz"" Mizanin",False,0.65,0.08028494374120528,0.050000000000000044,0.6,0.0,1.0,8.0,0.06753246753246753,-8.0,rank_based,Sports,0,0,0,0,30-40,True,5.485294117647059,14,2,15,0.2
30,3,"Mike ""The Miz"" Mizanin",False,0.7333333333333333,0.3611334039846137,0.08333333333333326,0.625,0.03535533905932741,0.5773502691896258,5.0,0.0738255033557047,-5.0,rank_based,Sports,0,0,0,0,30-40,True,5.485294117647059,14,3,14,0.3
30,4,"Mike ""The Miz"" Mizanin",False,0.8125,0.1388424877276279,0.07916666666666672,0.6611111111111111,0.06735753140545632,0.47871355387816905,7.0,0.07793764988009592,-7.0,rank_based,Sports,0,0,0,0,30-40,True,5.485294117647059,14,4,13,0.4
30,5,"Mike ""The Miz"" Mizanin",False,0.8,-0.888523316638638,-0.012499999999999956,0.6989583333333333,0.09356463155369008,0.0,9.0,0.08311688311688312,-9.0,rank_based,Sports,0,0,0,0,30-40,True,5.485294117647059,14,5,11,0.5
30,6,"Mike ""The Miz"" Mizanin",False,0.85,-0.9114654303752994,0.04999999999999993,0.7191666666666666,0.0927773619418492,0.5773502691896257,8.0,0.09340659340659341,-8.0,rank_based,Sports,0,0,0,0,30-40,True,5.485294117647059,14,6,10,0.6
30,7,"Mike ""The Miz"" Mizanin",True,0.8,-1.490167830214436,-0.04999999999999993,0.7409722222222221,0.09868639536242889,0.0,9.0,0.09785932721712538,-9.0,rank_based,Sports,0,0,0,0,30-40,True,5.485294117647059,14,7,9,0.7
30,8,"Mike ""The Miz"" Mizanin",False,,,0.0,0.7494047619047619,0.09280943524147352,0.0,9.0,0.0,-9.0,rank_based,Sports,0,0,0,0,30-40,True,5.485294117647059,14,8,8,0.8
30,9,"Mike ""The Miz"" Mizanin",False,,,0.0,0.7494047619047619,0.09280943524147352,0.0,7.0,0.0,-7.0,rank_based,Sports,0,0,0,0,30-40,True,5.485294117647059,14,9,6,0.9
30,10,"Mike ""The Miz"" Mizanin",False,,,0.0,0.7494047619047619,0.09280943524147352,0.0,5.0,0.0,-5.0,rank_based,Sports,0,0,0,0,30-40,True,5.485294117647059,14,10,4,1.0
30,1,Olivia Jade,False,0.625,0.15581224806605945,0.0,,0.0,0.5,7.0,0.06830601092896176,-7.0,rank_based,Social Media,0,0,0,0,20-30,True,5.173469387755102,19,1,15,0.1
30,2,Olivia Jade,False,0.675,0.3211397749648222,0.050000000000000044,0.625,0.0,0.5,5.0,0.07012987012987013,-5.0,rank_based,Social Media,0,0,0,0,20-30,True,5.173469387755102,19,2,15,0.2
30,3,Olivia Jade,False,0.8,1.3723069351415371,0.125,0.65,0.03535533905932741,0.0,1.0,0.08053691275167785,-1.0,rank_based,Social Media,0,0,0,0,20-30,True,5.173469387755102,19,3,14,0.3
30,4,Olivia Jade,False,0.875,0.9592753697545142,0.07499999999999996,0.7000000000000001,0.09013878188659974,0.5,2.0,0.08393285371702638,-2.0,rank_based,Social Media,0,0,0,0,20-30,True,5.173469387755102,19,4,13,0.4
30,5,Olivia Jade,False,0.9,0.2961744388795464,0.025000000000000022,0.74375,0.11433685611676866,0.0,3.0,0.09350649350649351,-3.0,rank_based,Social Media,0,0,0,0,20-30,True,5.173469387755102,19,5,11,0.5
30,6,Olivia Jade,False,0.9,-0.15191090506254848,0.0,0.775,0.1211919964354082,0.0,5.0,0.0989010989010989,-5.0,rank_based,Social Media,0,0,0,0,20-30,True,5.173469387755102,19,6,10,0.6
30,7,Olivia Jade,False,1.0,1.4096182177704129,0.09999999999999998,0.7958333333333334,0.11980887557550426,1.0,1.0,0.12844036697247707,-1.0,rank_based,Social Media,0,0,0,0,20-30,True,5.173469387755102,19,7,9,0.7
30,8,Olivia Jade,True,0.9,-0.5379438275915396,-0.09999999999999998,0.8250000000000001,0.1338531533684084,0.0,6.0,0.11688311688311688,-6.0,rank_based,Social Media,0,0,0,0,20-30,True,5.173469387755102,19,8,8,0.8
30,9,Olivia Jade,False,,,0.0,0.834375,0.12672911211376353,0.0,7.0,0.0,-7.0,rank_based,Social Media,0,0,0,0,20-30,True,5.173469387755102,19,9,6,0.9
30,10,Olivia Jade,False,,,0.0,0.834375,0.12672911211376353,0.0,5.0,0.0,-5.0,rank_based,Social Media,0,0,0,0,20-30,True,5.173469387755102,19,10,4,1.0
30,1,Suni Lee,False,0.7,0.9348734883963498,0.0,,0.0,0.0,2.0,0.07650273224043716,-2.0,rank_based,Sports,0,0,0,0,Under 20,True,6.076923076923077,12,1,15,0.1
30,2,Suni Lee,False,0.7,0.561994606188438,0.0,0.7,0.0,0.0,4.0,0.07272727272727272,-4.0,rank_based,Sports,0,0,0,0,Under 20,True,6.076923076923077,12,2,15,0.2
30,3,Suni Lee,False,0.7,-0.14445336159384717,0.0,0.7,0.0,0.0,7.0,0.07046979865771812,-7.0,rank_based,Sports,0,0,0,0,Under 20,True,6.076923076923077,12,3,14,0.3
30,4,Suni Lee,False,0.85,0.6311022169437593,0.15000000000000002,0.7,0.0,0.408248290463863,4.0,0.0815347721822542,-4.0,rank_based,Sports,0,0,0,0,Under 20,True,6.076923076923077,12,4,13,0.4
30,5,Suni Lee,False,0.9,0.2961744388795464,0.050000000000000044,0.7374999999999999,0.07500000000000001,0.0,3.0,0.09350649350649351,-3.0,rank_based,Sports,0,0,0,0,Under 20,True,6.076923076923077,12,5,11,0.5
30,6,Suni Lee,False,0.9,-0.15191090506254848,0.0,0.7699999999999999,0.09746794344808968,0.0,5.0,0.0989010989010989,-5.0,rank_based,Sports,0,0,0,0,Under 20,True,6.076923076923077,12,6,10,0.6
30,7,Suni Lee,False,0.85,-0.7652213182182247,-0.050000000000000044,0.7916666666666666,0.1020620726159658,0.5,6.0,0.10397553516819572,-6.0,rank_based,Sports,0,0,0,0,Under 20,True,6.076923076923077,12,7,9,0.7
30,8,Suni Lee,False,1.0,0.786225594172249,0.15000000000000002,0.7999999999999999,0.09574271077563386,0.0,1.0,0.13636363636363635,-1.0,rank_based,Sports,0,0,0,0,Under 20,True,6.076923076923077,12,8,8,0.8
30,9,Suni Lee,True,0.9375,-0.09221388919541679,-0.0625,0.825,0.11338934190276823,0.47871355387816905,3.0,0.16592920353982302,-3.0,rank_based,Sports,0,0,0,0,Under 20,True,6.076923076923077,12,9,6,0.9
30,10,Suni Lee,False,,,0.0,0.8374999999999999,0.11250000000000004,0.0,5.0,0.0,-5.0,rank_based,Sports,0,0,0,0,Under 20,True,6.076923076923077,12,10,4,1.0
31,1,Charli D'Amelio,False,0.8,1.8115292875273035,0.0,,0.0,0.0,1.0,0.08376963350785341,-1.0,rank_based,Social Media,0,0,0,0,Under 20,True,5.134883720930232,21,1,16,0.1
31,2,Charli D'Amelio,False,0.8,1.3680363890346774,0.0,0.8,0.0,0.0,1.0,0.07766990291262135,-1.0,rank_based,Social Media,0,0,0,0,Under 20,True,5.134883720930232,21,2,15,0.2
31,3,Charli D'Amelio,False,0.825,1.2310175435871664,0.02499999999999991,0.8,0.0,0.5,1.0,0.08188585607940446,-1.0,rank_based,Social Media,0,0,0,0,Under 20,True,5.134883720930232,21,3,14,0.3
31,4,Charli D'Amelio,False,0.9,1.248539461837891,0.07500000000000007,0.8083333333333332,0.014433756729740593,0.0,1.0,0.08780487804878048,-1.0,rank_based,Social Media,0,0,0,0,Under 20,True,5.134883720930232,21,4,13,0.4
31,5,Charli D'Amelio,False,1.0,0.9874627322256972,0.09999999999999998,0.83125,0.047324236215002265,0.25,1.0,0.09364548494983277,-1.0,rank_based,Social Media,0,0,0,0,Under 20,True,5.134883720930232,21,5,12,0.5
31,6,Charli D'Amelio,False,1.0,1.7344414930512,0.0,0.865,0.08587782018658834,0.0,1.0,0.11594202898550725,-1.0,rank_based,Social Media,0,0,0,0,Under 20,True,5.134883720930232,21,6,10,0.6
31,7,Charli D'Amelio,False,0.975,1.1815816796567584,-0.025000000000000022,0.8875000000000001,0.09453835200594518,0.28867513459481287,1.0,0.11981566820276497,-1.0,rank_based,Social Media,0,0,0,0,Under 20,True,5.134883720930232,21,7,9,0.7
31,8,Charli D'Amelio,False,1.0,0.5741525605539843,0.025000000000000022,0.9,0.09242113755341182,0.0,1.0,0.14331210191082802,-1.0,rank_based,Social Media,0,0,0,0,Under 20,True,5.134883720930232,21,8,8,0.8
31,9,Charli D'Amelio,False,1.0,1.119434157099113,0.0,0.9125,0.09258200997725517,0.0,1.0,0.18181818181818182,-1.0,rank_based,Social Media,0,0,0,0,Under 20,True,5.134883720930232,21,9,6,0.9
31,10,Charli D'Amelio,False,1.0,0.8660254037844348,0.0,0.9222222222222223,0.09138213416442216,0.0,1.0,0.2564102564102564,-1.0,rank_based,Social Media,0,0,0,0,Under 20,True,5.134883720930232,21,10,4,1.0
31,1,Cheryl Ladd,False,0.525,-0.6410026709711999,0.0,,0.0,0.5,10.0,0.0549738219895288,-10.0,rank_based,Entertainment,0,1,0,0,60+,True,7.114285714285714,11,1,16,0.1
31,2,Cheryl Ladd,False,0.525,-1.9514636725935854,0.0,0.525,0.0,0.5,15.0,0.050970873786407765,-15.0,rank_based,Entertainment,0,1,0,0,60+,True,7.114285714285714,11,2,15,0.2
31,3,Cheryl Ladd,True,0.6,-1.3979351766159356,0.07499999999999996,0.525,0.0,0.0,13.0,0.05955334987593052,-13.0,rank_based,Entertainment,0,1,0,0,60+,True,7.114285714285714,11,3,14,0.3
31,4,Cheryl Ladd,False,,,0.0,0.5499999999999999,0.04330127018922189,0.0,14.0,0.0,-14.0,rank_based,Entertainment,0,1,0,0,60+,True,7.114285714285714,11,4,13,0.4
31,5,Cheryl Ladd,False,,,0.0,0.5499999999999999,0.04330127018922189,0.0,13.0,0.0,-13.0,rank_based,Entertainment,0,1,0,0,60+,True,7.114285714285714,11,5,12,0.5
31,6,Cheryl Ladd,False,,,0.0,0.5499999999999999,0.04330127018922189,0.0,11.0,0.0,-11.0,rank_based,Entertainment,0,1,0,0,60+,True,7.114285714285714,11,6,10,0.6
31,7,Cheryl Ladd,False,,,0.0,0.5499999999999999,0.04330127018922189,0.0,10.0,0.0,-10.0,rank_based,Entertainment,0,1,0,0,60+,True,7.114285714285714,11,7,9,0.7
31,8,Cheryl Ladd,False,,,0.0,0.5499999999999999,0.04330127018922189,0.0,9.0,0.0,-9.0,rank_based,Entertainment,0,1,0,0,60+,True,7.114285714285714,11,8,8,0.8
31,9,Cheryl Ladd,False,,,0.0,0.5499999999999999,0.04330127018922189,0.0,7.0,0.0,-7.0,rank_based,Entertainment,0,1,0,0,60+,True,7.114285714285714,11,9,6,0.9
31,10,Cheryl Ladd,False,,,0.0,0.5499999999999999,0.04330127018922189,0.0,5.0,0.0,-5.0,rank_based,Entertainment,0,1,0,0,60+,True,7.114285714285714,11,10,4,1.0
31,1,Daniel Durant,False,0.675,0.6967420336643475,0.0,,0.0,0.5,6.0,0.07068062827225131,-6.0,rank_based,Entertainment,0,1,0,0,30-40,True,9.82258064516129,6,1,16,0.1
31,2,Daniel Durant,False,0.725,0.46271819040878676,0.04999999999999993,0.675,0.0,0.5,5.0,0.0703883495145631,-5.0,rank_based,Entertainment,0,1,0,0,30-40,True,9.82258064516129,6,2,15,0.2
31,3,Daniel Durant,False,0.775,0.6468058279864778,0.050000000000000044,0.7,0.03535533905932737,0.5,5.0,0.07692307692307693,-5.0,rank_based,Entertainment,0,1,0,0,30-40,True,9.82258064516129,6,3,14,0.3
31,4,Daniel Durant,False,0.725,-0.7103759007008688,-0.050000000000000044,0.725,0.05000000000000003,0.5,9.0,0.07073170731707316,-9.0,rank_based,Entertainment,0,1,0,0,30-40,True,9.82258064516129,6,4,13,0.4
31,5,Daniel Durant,False,0.8375,-1.18217369350964,0.11250000000000004,0.725,0.040824829046386325,0.28867513459481287,11.0,0.07469342251950947,-11.0,rank_based,Entertainment,0,1,0,0,30-40,True,9.82258064516129,6,5,12,0.5
31,6,Daniel Durant,False,0.85,-0.1576764993682918,0.012499999999999956,0.7474999999999999,0.061491869381244256,0.5773502691896257,5.0,0.09855072463768116,-5.0,rank_based,Entertainment,0,1,0,0,30-40,True,9.82258064516129,6,6,10,0.6
31,7,Daniel Durant,False,0.9125,0.13900960937138454,0.0625,0.7645833333333334,0.06910891162988078,0.47871355387816905,4.0,0.11213517665130568,-4.0,rank_based,Entertainment,0,1,0,0,30-40,True,9.82258064516129,6,7,9,0.7
31,8,Daniel Durant,False,0.975,0.3189736447522129,0.0625,0.7857142857142857,0.08429504589182431,0.5,5.0,0.12420382165605096,-5.0,rank_based,Entertainment,0,1,0,0,30-40,True,9.82258064516129,6,8,8,0.8
31,9,Daniel Durant,True,0.8625,-0.7276322021144221,-0.11249999999999993,0.809375,0.1028065972035425,0.47871355387816905,5.0,0.15681818181818183,-5.0,rank_based,Entertainment,0,1,0,0,30-40,True,9.82258064516129,6,9,6,0.9
31,10,Daniel Durant,False,,,0.0,0.8152777777777778,0.09778359752251115,0.0,5.0,0.0,-5.0,rank_based,Entertainment,0,1,0,0,30-40,True,9.82258064516129,6,10,4,1.0
31,1,Gabby Windey,False,0.7,0.9196994844369379,0.0,,0.0,0.0,3.0,0.07329842931937172,-3.0,rank_based,Media,0,0,0,0,30-40,True,5.173469387755102,19,1,16,0.1
31,2,Gabby Windey,False,0.8,1.3680363890346774,0.10000000000000009,0.7,0.0,0.0,1.0,0.07766990291262135,-1.0,rank_based,Media,0,0,0,0,30-40,True,5.173469387755102,19,2,15,0.2
31,3,Gabby Windey,False,0.825,1.2310175435871664,0.02499999999999991,0.75,0.07071067811865482,0.5,1.0,0.08188585607940446,-1.0,rank_based,Media,0,0,0,0,30-40,True,5.173469387755102,19,3,14,0.3
31,4,Gabby Windey,False,0.9,1.248539461837891,0.07500000000000007,0.775,0.06614378277661477,0.0,1.0,0.08780487804878048,-1.0,rank_based,Media,0,0,0,0,30-40,True,5.173469387755102,19,4,13,0.4
31,5,Gabby Windey,False,1.0,0.9874627322256972,0.09999999999999998,0.80625,0.08260094833999587,0.0,2.0,0.09141583054626533,-2.0,rank_based,Media,0,0,0,0,30-40,True,5.173469387755102,19,5,12,0.5
31,6,Gabby Windey,False,0.925,0.7883824968414548,-0.07499999999999996,0.845,0.11236102527122116,0.5,2.0,0.1072463768115942,-2.0,rank_based,Media,0,0,0,0,30-40,True,5.173469387755102,19,6,10,0.6
31,7,Gabby Windey,False,0.8875,-0.27801921874276536,-0.03750000000000009,0.8583333333333334,0.10567244989431573,0.25,6.0,0.10906298003072197,-6.0,rank_based,Media,0,0,0,0,30-40,True,5.173469387755102,19,7,9,0.7
31,8,Gabby Windey,False,1.0,0.5741525605539843,0.11250000000000004,0.8624999999999999,0.09709316831442538,0.0,4.0,0.12738853503184713,-4.0,rank_based,Media,0,0,0,0,30-40,True,5.173469387755102,19,8,8,0.8
31,9,Gabby Windey,False,1.0,1.119434157099113,0.0,0.8796875,0.10219412112669274,0.0,1.0,0.18181818181818182,-1.0,rank_based,Media,0,0,0,0,30-40,True,5.173469387755102,19,9,6,0.9
31,10,Gabby Windey,False,1.0,0.8660254037844348,0.0,0.8930555555555555,0.10366546087187276,0.0,1.0,0.2564102564102564,-1.0,rank_based,Media,0,0,0,0,30-40,True,5.173469387755102,19,10,4,1.0
31,1,Heidi D'Amelio,False,0.6,0.027869681346573305,0.0,,0.0,0.0,8.0,0.06282722513089005,-8.0,rank_based,Social Media,0,0,0,0,40-50,True,6.777777777777778,12,1,16,0.1
31,2,Heidi D'Amelio,False,0.7,0.16094545753348988,0.09999999999999998,0.6,0.0,0.0,6.0,0.06796116504854369,-6.0,rank_based,Social Media,0,0,0,0,40-50,True,6.777777777777778,12,2,15,0.2
31,3,Heidi D'Amelio,False,0.8,0.9389116857868228,0.10000000000000009,0.6499999999999999,0.07071067811865478,0.0,4.0,0.0794044665012407,-4.0,rank_based,Social Media,0,0,0,0,40-50,True,6.777777777777778,12,3,14,0.3
31,4,Heidi D'Amelio,False,0.85,0.688849358255388,0.04999999999999993,0.7000000000000001,0.10000000000000007,0.5773502691896257,4.0,0.08292682926829269,-4.0,rank_based,Social Media,0,0,0,0,40-50,True,6.777777777777778,12,4,13,0.4
31,5,Heidi D'Amelio,False,0.975,0.6536725128817988,0.125,0.7375,0.11086778913041731,0.25,5.0,0.08695652173913043,-5.0,rank_based,Social Media,0,0,0,0,40-50,True,6.777777777777778,12,5,12,0.5
31,6,Heidi D'Amelio,False,0.9,0.4730294981048726,-0.07499999999999996,0.7849999999999999,0.1431782106327636,0.0,3.0,0.10434782608695652,-3.0,rank_based,Social Media,0,0,0,0,40-50,True,6.777777777777778,12,6,10,0.6
31,7,Heidi D'Amelio,False,0.875,-0.4865336327998394,-0.025000000000000022,0.8041666666666667,0.13639709185560622,0.28867513459481287,7.0,0.10752688172043011,-7.0,rank_based,Social Media,0,0,0,0,40-50,True,6.777777777777778,12,7,9,0.7
31,8,Heidi D'Amelio,True,0.875,-0.7017420184548717,0.0,0.8142857142857143,0.1273586985456357,0.5,7.0,0.11146496815286625,-7.0,rank_based,Social Media,0,0,0,0,40-50,True,6.777777777777778,12,8,8,0.8
31,9,Heidi D'Amelio,False,,,0.0,0.821875,0.1198492356492702,0.0,7.0,0.0,-7.0,rank_based,Social Media,0,0,0,0,40-50,True,6.777777777777778,12,9,6,0.9
31,10,Heidi D'Amelio,False,,,0.0,0.821875,0.1198492356492702,0.0,5.0,0.0,-5.0,rank_based,Social Media,0,0,0,0,40-50,True,6.777777777777778,12,10,4,1.0
31,1,Jason Lewis,True,0.45,-1.3098750232889735,0.0,,0.0,0.5773502691896257,15.0,0.04712041884816754,-15.0,rank_based,Entertainment,0,1,0,0,50-60,True,7.419354838709677,15,1,16,0.1
31,2,Jason Lewis,False,,,0.0,0.45,0.0,0.0,16.0,0.0,-16.0,rank_based,Entertainment,0,1,0,0,50-60,True,7.419354838709677,15,2,15,0.2
31,3,Jason Lewis,False,,,0.0,0.45,0.0,0.0,15.0,0.0,-15.0,rank_based,Entertainment,0,1,0,0,50-60,True,7.419354838709677,15,3,14,0.3
31,4,Jason Lewis,False,,,0.0,0.45,0.0,0.0,14.0,0.0,-14.0,rank_based,Entertainment,0,1,0,0,50-60,True,7.419354838709677,15,4,13,0.4
31,5,Jason Lewis,False,,,0.0,0.45,0.0,0.0,13.0,0.0,-13.0,rank_based,Entertainment,0,1,0,0,50-60,True,7.419354838709677,15,5,12,0.5
31,6,Jason Lewis,False,,,0.0,0.45,0.0,0.0,11.0,0.0,-11.0,rank_based,Entertainment,0,1,0,0,50-60,True,7.419354838709677,15,6,10,0.6
31,7,Jason Lewis,False,,,0.0,0.45,0.0,0.0,10.0,0.0,-10.0,rank_based,Entertainment,0,1,0,0,50-60,True,7.419354838709677,15,7,9,0.7
31,8,Jason Lewis,False,,,0.0,0.45,0.0,0.0,9.0,0.0,-9.0,rank_based,Entertainment,0,1,0,0,50-60,True,7.419354838709677,15,8,8,0.8
31,9,Jason Lewis,False,,,0.0,0.45,0.0,0.0,7.0,0.0,-7.0,rank_based,Entertainment,0,1,0,0,50-60,True,7.419354838709677,15,9,6,0.9
31,10,Jason Lewis,False,,,0.0,0.45,0.0,0.0,5.0,0.0,-5.0,rank_based,Entertainment,0,1,0,0,50-60,True,7.419354838709677,15,10,4,1.0
31,1,Jessie James Decker,False,0.5,-0.8639601217437913,0.0,,0.0,0.0,12.0,0.05235602094240838,-12.0,rank_based,Music,0,0,0,0,30-40,False,6.341176470588235,9,1,16,0.1
31,2,Jessie James Decker,False,0.625,-0.7443727410923994,0.125,0.5,0.0,0.5,12.0,0.06067961165048544,-12.0,rank_based,Music,0,0,0,0,30-40,False,6.341176470588235,9,2,15,0.2
31,3,Jessie James Decker,False,0.65,-0.8137234610152456,0.025000000000000022,0.5625,0.08838834764831845,0.5773502691896257,11.0,0.06451612903225806,-11.0,rank_based,Music,0,0,0,0,30-40,False,6.341176470588235,9,3,14,0.3
31,4,Jessie James Decker,False,0.775,-0.15068579711836558,0.125,0.5916666666666667,0.08036375634160797,0.5,8.0,0.07560975609756097,-8.0,rank_based,Music,0,0,0,0,30-40,False,6.341176470588235,9,4,13,0.4
31,5,Jessie James Decker,False,0.9,-0.34769814514989483,0.125,0.6375,0.11273124382057238,0.25,7.0,0.0802675585284281,-7.0,rank_based,Music,0,0,0,0,30-40,False,6.341176470588235,9,5,12,0.5
31,6,Jessie James Decker,True,0.8,-0.7883824968414548,-0.09999999999999998,0.6900000000000001,0.15268431484602474,0.0,9.0,0.0927536231884058,-9.0,rank_based,Music,0,0,0,0,30-40,False,6.341176470588235,9,6,10,0.6
31,7,Jessie James Decker,False,,,0.0,0.7083333333333334,0.14375905768565223,0.0,10.0,0.0,-10.0,rank_based,Music,0,0,0,0,30-40,False,6.341176470588235,9,7,9,0.7
31,8,Jessie James Decker,False,,,0.0,0.7083333333333334,0.14375905768565223,0.0,9.0,0.0,-9.0,rank_based,Music,0,0,0,0,30-40,False,6.341176470588235,9,8,8,0.8
31,9,Jessie James Decker,False,,,0.0,0.7083333333333334,0.14375905768565223,0.0,7.0,0.0,-7.0,rank_based,Music,0,0,0,0,30-40,False,6.341176470588235,9,9,6,0.9
31,10,Jessie James Decker,False,,,0.0,0.7083333333333334,0.14375905768565223,0.0,5.0,0.0,-5.0,rank_based,Music,0,0,0,0,30-40,False,6.341176470588235,9,10,4,1.0
31,1,Jordin Sparks,False,0.65,0.4737845828917561,0.0,,0.0,0.5773502691896257,7.0,0.06806282722513089,-7.0,rank_based,Music,0,0,0,0,30-40,True,9.24390243902439,8,1,16,0.1
31,2,Jordin Sparks,False,0.675,-0.14082727534180564,0.025000000000000022,0.65,0.0,0.5,9.0,0.06553398058252427,-9.0,rank_based,Music,0,0,0,0,30-40,True,9.24390243902439,8,2,15,0.2
31,3,Jordin Sparks,False,0.725,0.06259411238578792,0.04999999999999993,0.6625000000000001,0.017677669529663664,0.5,7.0,0.07196029776674938,-7.0,rank_based,Music,0,0,0,0,30-40,True,9.24390243902439,8,3,14,0.3
31,4,Jordin Sparks,False,0.85,0.688849358255388,0.125,0.6833333333333332,0.03818813079129861,0.5773502691896257,4.0,0.08292682926829269,-4.0,rank_based,Music,0,0,0,0,30-40,True,9.24390243902439,8,4,13,0.4
31,5,Jordin Sparks,False,0.8875,-0.5145932548218448,0.03749999999999998,0.725,0.0889756521002609,0.408248290463863,9.0,0.07915273132664437,-9.0,rank_based,Music,0,0,0,0,30-40,True,9.24390243902439,8,5,12,0.5
31,6,Jordin Sparks,False,0.85,-0.1576764993682918,-0.03749999999999998,0.7575000000000001,0.10591860082157428,0.5773502691896257,5.0,0.09855072463768116,-5.0,rank_based,Music,0,0,0,0,30-40,True,9.24390243902439,8,6,10,0.6
31,7,Jordin Sparks,True,0.8625,-0.6950480468569135,0.012500000000000067,0.7729166666666667,0.10198549733499693,0.25,8.0,0.10599078341013825,-8.0,rank_based,Music,0,0,0,0,30-40,True,9.24390243902439,8,7,9,0.7
31,8,Jordin Sparks,False,,,0.0,0.7857142857142857,0.09906557472320088,0.0,9.0,0.0,-9.0,rank_based,Music,0,0,0,0,30-40,True,9.24390243902439,8,8,8,0.8
31,9,Jordin Sparks,False,,,0.0,0.7857142857142857,0.09906557472320088,0.0,7.0,0.0,-7.0,rank_based,Music,0,0,0,0,30-40,True,9.24390243902439,8,9,6,0.9
31,10,Jordin Sparks,False,,,0.0,0.7857142857142857,0.09906557472320088,0.0,5.0,0.0,-5.0,rank_based,Music,0,0,0,0,30-40,True,9.24390243902439,8,10,4,1.0
31,1,Joseph Baena,False,0.575,-0.1950877694260181,0.0,,0.0,0.5,9.0,0.060209424083769635,-9.0,rank_based,Entertainment,0,1,0,0,20-30,True,4.490196078431373,5,1,16,0.1
31,2,Joseph Baena,False,0.6,-1.0461454739676963,0.025000000000000022,0.575,0.0,0.0,13.0,0.05825242718446602,-13.0,rank_based,Entertainment,0,1,0,0,20-30,True,4.490196078431373,5,2,15,0.2
31,3,Joseph Baena,False,0.725,0.06259411238578792,0.125,0.5874999999999999,0.017677669529663743,0.5,7.0,0.07196029776674938,-7.0,rank_based,Entertainment,0,1,0,0,20-30,True,4.490196078431373,5,3,14,0.3
31,4,Joseph Baena,False,0.7,-0.9902209524921204,-0.025000000000000022,0.6333333333333333,0.08036375634160799,0.0,11.0,0.06829268292682927,-11.0,rank_based,Entertainment,0,1,0,0,20-30,True,4.490196078431373,5,4,13,0.4
31,5,Joseph Baena,True,0.875,-0.6814883644937932,0.17500000000000004,0.6499999999999999,0.07359800721939874,0.28867513459481287,10.0,0.07803790412486064,-10.0,rank_based,Entertainment,0,1,0,0,20-30,True,4.490196078431373,5,5,12,0.5
31,6,Joseph Baena,False,,,0.0,0.695,0.11911129249571599,0.0,11.0,0.0,-11.0,rank_based,Entertainment,0,1,0,0,20-30,True,4.490196078431373,5,6,10,0.6
31,7,Joseph Baena,False,,,0.0,0.695,0.11911129249571599,0.0,10.0,0.0,-10.0,rank_based,Entertainment,0,1,0,0,20-30,True,4.490196078431373,5,7,9,0.7
31,8,Joseph Baena,False,,,0.0,0.695,0.11911129249571599,0.0,9.0,0.0,-9.0,rank_based,Entertainment,0,1,0,0,20-30,True,4.490196078431373,5,8,8,0.8
31,9,Joseph Baena,False,,,0.0,0.695,0.11911129249571599,0.0,7.0,0.0,-7.0,rank_based,Entertainment,0,1,0,0,20-30,True,4.490196078431373,5,9,6,0.9
31,10,Joseph Baena,False,,,0.0,0.695,0.11911129249571599,0.0,5.0,0.0,-5.0,rank_based,Entertainment,0,1,0,0,20-30,True,4.490196078431373,5,10,4,1.0
31,1,Sam Champion,False,0.5,-0.8639601217437913,0.0,,0.0,0.0,12.0,0.05235602094240838,-12.0,rank_based,Other,0,0,0,0,60+,True,5.853754940711463,25,1,16,0.1
31,2,Sam Champion,False,0.65,-0.44260000821710255,0.15000000000000002,0.5,0.0,0.5773502691896257,11.0,0.06310679611650485,-11.0,rank_based,Other,0,0,0,0,60+,True,5.853754940711463,25,2,15,0.2
31,3,Sam Champion,False,0.625,-1.1058293188155905,-0.025000000000000022,0.575,0.10606601717798218,0.5,12.0,0.062034739454094295,-12.0,rank_based,Other,0,0,0,0,60+,True,5.853754940711463,25,3,14,0.3
31,4,Sam Champion,True,0.625,-1.829756107865874,0.0,0.5916666666666667,0.080363756341608,0.5,13.0,0.06097560975609756,-13.0,rank_based,Other,0,0,0,0,60+,True,5.853754940711463,25,4,13,0.4
31,5,Sam Champion,False,,,0.0,0.6,0.06770032003863304,0.0,13.0,0.0,-13.0,rank_based,Other,0,0,0,0,60+,True,5.853754940711463,25,5,12,0.5
31,6,Sam Champion,False,,,0.0,0.6,0.06770032003863304,0.0,11.0,0.0,-11.0,rank_based,Other,0,0,0,0,60+,True,5.853754940711463,25,6,10,0.6
31,7,Sam Champion,False,,,0.0,0.6,0.06770032003863304,0.0,10.0,0.0,-10.0,rank_based,Other,0,0,0,0,60+,True,5.853754940711463,25,7,9,0.7
31,8,Sam Champion,False,,,0.0,0.6,0.06770032003863304,0.0,9.0,0.0,-9.0,rank_based,Other,0,0,0,0,60+,True,5.853754940711463,25,8,8,0.8
31,9,Sam Champion,False,,,0.0,0.6,0.06770032003863304,0.0,7.0,0.0,-7.0,rank_based,Other,0,0,0,0,60+,True,5.853754940711463,25,9,6,0.9
31,10,Sam Champion,False,,,0.0,0.6,0.06770032003863304,0.0,5.0,0.0,-5.0,rank_based,Other,0,0,0,0,60+,True,5.853754940711463,25,10,4,1.0
31,1,Selma Blair,False,0.7,0.9196994844369379,0.0,,0.0,0.0,3.0,0.07329842931937172,-3.0,rank_based,Entertainment,0,1,0,0,40-50,True,6.076923076923077,12,1,16,0.1
31,2,Selma Blair,False,0.7,0.16094545753348988,0.0,0.7,0.0,0.0,6.0,0.06796116504854369,-6.0,rank_based,Entertainment,0,1,0,0,40-50,True,6.076923076923077,12,2,15,0.2
31,3,Selma Blair,False,0.7,-0.22951174541455702,0.0,0.7,0.0,0.0,9.0,0.06947890818858561,-9.0,rank_based,Entertainment,0,1,0,0,40-50,True,6.076923076923077,12,3,14,0.3
31,4,Selma Blair,False,0.8,0.12915925467288603,0.10000000000000009,0.7,0.0,0.0,6.0,0.07804878048780488,-6.0,rank_based,Entertainment,0,1,0,0,40-50,True,6.076923076923077,12,4,13,0.4
31,5,Selma Blair,False,1.0,0.9874627322256972,0.19999999999999996,0.725,0.050000000000000044,0.0,4.0,0.08918617614269789,-4.0,rank_based,Entertainment,0,1,0,0,40-50,True,6.076923076923077,12,5,12,0.5
31,6,Selma Blair,False,,,0.0,0.78,0.130384048104053,0.0,11.0,0.0,-11.0,rank_based,Entertainment,0,1,0,0,40-50,True,6.076923076923077,12,6,10,0.6
31,7,Selma Blair,False,,,0.0,0.78,0.130384048104053,0.0,10.0,0.0,-10.0,rank_based,Entertainment,0,1,0,0,40-50,True,6.076923076923077,12,7,9,0.7
31,8,Selma Blair,False,,,0.0,0.78,0.130384048104053,0.0,9.0,0.0,-9.0,rank_based,Entertainment,0,1,0,0,40-50,True,6.076923076923077,12,8,8,0.8
31,9,Selma Blair,False,,,0.0,0.78,0.130384048104053,0.0,7.0,0.0,-7.0,rank_based,Entertainment,0,1,0,0,40-50,True,6.076923076923077,12,9,6,0.9
31,10,Selma Blair,False,,,0.0,0.78,0.130384048104053,0.0,5.0,0.0,-5.0,rank_based,Entertainment,0,1,0,0,40-50,True,6.076923076923077,12,10,4,1.0
31,1,Shangela,False,0.7,0.9196994844369379,0.0,,0.0,0.0,3.0,0.07329842931937172,-3.0,rank_based,Media,0,0,0,0,30-40,True,8.448818897637794,13,1,16,0.1
31,2,Shangela,False,0.7,0.16094545753348988,0.0,0.7,0.0,0.0,6.0,0.06796116504854369,-6.0,rank_based,Media,0,0,0,0,30-40,True,8.448818897637794,13,2,15,0.2
31,3,Shangela,False,0.75,0.35469997018613286,0.050000000000000044,0.7,0.0,0.5773502691896257,6.0,0.07444168734491315,-6.0,rank_based,Media,0,0,0,0,30-40,True,8.448818897637794,13,3,14,0.3
31,4,Shangela,False,0.8,0.12915925467288603,0.050000000000000044,0.7166666666666667,0.028867513459481298,0.0,6.0,0.07804878048780488,-6.0,rank_based,Media,0,0,0,0,30-40,True,8.448818897637794,13,4,13,0.4
31,5,Shangela,False,0.9625,0.4867774032098504,0.16249999999999998,0.7375,0.04787135538781692,0.25,6.0,0.0858416945373467,-6.0,rank_based,Media,0,0,0,0,30-40,True,8.448818897637794,13,5,12,0.5
31,6,Shangela,False,0.9,0.4730294981048726,-0.0625,0.7825,0.10882899429839457,0.0,3.0,0.10434782608695652,-3.0,rank_based,Media,0,0,0,0,30-40,True,8.448818897637794,13,6,10,0.6
31,7,Shangela,False,0.9125,0.13900960937138454,0.012499999999999956,0.8020833333333334,0.10851747171154819,0.25,4.0,0.11213517665130568,-4.0,rank_based,Media,0,0,0,0,30-40,True,8.448818897637794,13,7,9,0.7
31,8,Shangela,False,1.0,0.5741525605539843,0.08750000000000002,0.8178571428571428,0.10749446275883014,0.5,3.0,0.1337579617834395,-3.0,rank_based,Media,0,0,0,0,30-40,True,8.448818897637794,13,8,8,0.8
31,9,Shangela,False,0.9125,-0.055971707854955435,-0.08750000000000002,0.840625,0.11853834521248507,0.25,3.0,0.16590909090909092,-3.0,rank_based,Media,0,0,0,0,30-40,True,8.448818897637794,13,9,6,0.9
31,10,Shangela,False,0.95,-0.8660254037844425,0.03749999999999998,0.8486111111111111,0.1134412782505165,0.0,3.0,0.24358974358974358,-3.0,rank_based,Media,0,0,0,0,30-40,True,8.448818897637794,13,10,4,1.0
31,1,Teresa Giudice,False,0.5,-0.8639601217437913,0.0,,0.0,0.0,12.0,0.05235602094240838,-12.0,rank_based,Media,0,0,0,0,40-50,True,10.273972602739725,7,1,16,0.1
31,2,Teresa Giudice,True,0.575,-1.3479182068429931,0.07499999999999996,0.5,0.0,0.5,14.0,0.055825242718446605,-14.0,rank_based,Media,0,0,0,0,40-50,True,10.273972602739725,7,2,15,0.2
31,3,Teresa Giudice,False,,,0.0,0.5375,0.053033008588991036,0.0,15.0,0.0,-15.0,rank_based,Media,0,0,0,0,40-50,True,10.273972602739725,7,3,14,0.3
31,4,Teresa Giudice,False,,,0.0,0.5375,0.053033008588991036,0.0,14.0,0.0,-14.0,rank_based,Media,0,0,0,0,40-50,True,10.273972602739725,7,4,13,0.4
31,5,Teresa Giudice,False,,,0.0,0.5375,0.053033008588991036,0.0,13.0,0.0,-13.0,rank_based,Media,0,0,0,0,40-50,True,10.273972602739725,7,5,12,0.5
31,6,Teresa Giudice,False,,,0.0,0.5375,0.053033008588991036,0.0,11.0,0.0,-11.0,rank_based,Media,0,0,0,0,40-50,True,10.273972602739725,7,6,10,0.6
31,7,Teresa Giudice,False,,,0.0,0.5375,0.053033008588991036,0.0,10.0,0.0,-10.0,rank_based,Media,0,0,0,0,40-50,True,10.273972602739725,7,7,9,0.7
31,8,Teresa Giudice,False,,,0.0,0.5375,0.053033008588991036,0.0,9.0,0.0,-9.0,rank_based,Media,0,0,0,0,40-50,True,10.273972602739725,7,8,8,0.8
31,9,Teresa Giudice,False,,,0.0,0.5375,0.053033008588991036,0.0,7.0,0.0,-7.0,rank_based,Media,0,0,0,0,40-50,True,10.273972602739725,7,9,6,0.9
31,10,Teresa Giudice,False,,,0.0,0.5375,0.053033008588991036,0.0,5.0,0.0,-5.0,rank_based,Media,0,0,0,0,40-50,True,10.273972602739725,7,10,4,1.0
31,1,Trevor Donovan,False,0.525,-0.6410026709711999,0.0,,0.0,0.5,10.0,0.0549738219895288,-10.0,rank_based,Entertainment,0,1,0,0,30-40,True,7.7924528301886795,16,1,16,0.1
31,2,Trevor Donovan,False,0.75,0.7644909232840836,0.22499999999999998,0.525,0.0,0.5773502691896257,4.0,0.07281553398058252,-4.0,rank_based,Entertainment,0,1,0,0,30-40,True,7.7924528301886795,16,2,15,0.2
31,3,Trevor Donovan,False,0.675,-0.5216176032149007,-0.07499999999999996,0.6375,0.1590990257669732,0.5,10.0,0.06699751861042183,-10.0,rank_based,Entertainment,0,1,0,0,30-40,True,7.7924528301886795,16,3,14,0.3
31,4,Trevor Donovan,False,0.7,-0.9902209524921204,0.02499999999999991,0.65,0.11456439237389603,0.0,11.0,0.06829268292682927,-11.0,rank_based,Entertainment,0,1,0,0,30-40,True,7.7924528301886795,16,4,13,0.4
31,5,Trevor Donovan,False,0.9,-0.34769814514989483,0.20000000000000007,0.6625,0.09682458365518544,0.0,7.0,0.0802675585284281,-7.0,rank_based,Entertainment,0,1,0,0,30-40,True,7.7924528301886795,16,5,12,0.5
31,6,Trevor Donovan,False,0.85,-0.1576764993682918,-0.050000000000000044,0.71,0.13532368602724362,0.5773502691896257,5.0,0.09855072463768116,-5.0,rank_based,Entertainment,0,1,0,0,30-40,True,7.7924528301886795,16,6,10,0.6
31,7,Trevor Donovan,False,0.975,1.1815816796567584,0.125,0.7333333333333334,0.13385315336840845,0.5,1.0,0.11981566820276497,-1.0,rank_based,Entertainment,0,1,0,0,30-40,True,7.7924528301886795,16,7,9,0.7
31,8,Trevor Donovan,False,0.975,0.3189736447522129,0.0,0.7678571428571429,0.1525575613459049,0.5773502691896257,5.0,0.12420382165605096,-5.0,rank_based,Entertainment,0,1,0,0,30-40,True,7.7924528301886795,16,8,8,0.8
31,9,Trevor Donovan,True,0.8125,-1.3992926963738903,-0.16249999999999998,0.79375,0.15909902576697324,0.25,6.0,0.14772727272727273,-6.0,rank_based,Entertainment,0,1,0,0,30-40,True,7.7924528301886795,16,9,6,0.9
31,10,Trevor Donovan,False,,,0.0,0.7958333333333333,0.14895469109766235,0.0,5.0,0.0,-5.0,rank_based,Entertainment,0,1,0,0,30-40,True,7.7924528301886795,16,10,4,1.0
31,1,Vinny Guadagnino,False,0.425,-1.532832474061565,0.0,,0.0,0.5,16.0,0.04450261780104712,-16.0,rank_based,Media,0,0,0,0,30-40,True,10.666666666666666,2,1,16,0.1
31,2,Vinny Guadagnino,False,0.675,-0.14082727534180564,0.25000000000000006,0.425,0.0,0.5,9.0,0.06553398058252427,-9.0,rank_based,Media,0,0,0,0,30-40,True,10.666666666666666,2,2,15,0.2
31,3,Vinny Guadagnino,False,0.575,-1.6900410344162804,-0.10000000000000009,0.55,0.1767766952966369,0.5,14.0,0.05707196029776675,-14.0,rank_based,Media,0,0,0,0,30-40,True,10.666666666666666,2,3,14,0.3
31,4,Vinny Guadagnino,False,0.725,-0.7103759007008688,0.15000000000000002,0.5583333333333333,0.12583057392117916,0.5,9.0,0.07073170731707316,-9.0,rank_based,Media,0,0,0,0,30-40,True,10.666666666666666,2,4,13,0.4
31,5,Vinny Guadagnino,False,0.775,-2.016649241869385,0.050000000000000044,0.6,0.1322875655532295,0.0,12.0,0.06911928651059086,-12.0,rank_based,Media,0,0,0,0,30-40,True,10.666666666666666,2,5,12,0.5
31,6,Vinny Guadagnino,False,0.7,-2.0497944917877837,-0.07500000000000007,0.635,0.1387443692551161,0.0,10.0,0.08115942028985507,-10.0,rank_based,Media,0,0,0,0,30-40,True,10.666666666666666,2,6,10,0.6
31,7,Vinny Guadagnino,False,0.7875,-1.9461345311993632,0.08750000000000002,0.6458333333333334,0.12690219330912553,0.25,9.0,0.0967741935483871,-9.0,rank_based,Media,0,0,0,0,30-40,True,10.666666666666666,2,7,9,0.7
31,8,Vinny Guadagnino,True,0.725,-2.2328155132654994,-0.0625,0.6660714285714285,0.12762132416235297,0.5,8.0,0.09235668789808917,-8.0,rank_based,Media,0,0,0,0,30-40,True,10.666666666666666,2,8,8,0.8
31,9,Vinny Guadagnino,False,,,0.0,0.6734375,0.1199772113778279,0.0,7.0,0.0,-7.0,rank_based,Media,0,0,0,0,30-40,True,10.666666666666666,2,9,6,0.9
31,10,Vinny Guadagnino,False,,,0.0,0.6734375,0.1199772113778279,0.0,5.0,0.0,-5.0,rank_based,Media,0,0,0,0,30-40,True,10.666666666666666,2,10,4,1.0
31,1,Wayne Brady,False,0.725,1.1426569352095293,0.0,,0.0,0.5,2.0,0.07591623036649214,-2.0,rank_based,Entertainment,0,1,0,0,40-50,True,5.485294117647059,14,1,16,0.1
31,2,Wayne Brady,False,0.8,1.3680363890346774,0.07500000000000007,0.725,0.0,0.0,1.0,0.07766990291262135,-1.0,rank_based,Entertainment,0,1,0,0,40-50,True,5.485294117647059,14,2,15,0.2
31,3,Wayne Brady,False,0.825,1.2310175435871664,0.02499999999999991,0.7625,0.05303300858899115,0.5,1.0,0.08188585607940446,-1.0,rank_based,Entertainment,0,1,0,0,40-50,True,5.485294117647059,14,3,14,0.3
31,4,Wayne Brady,False,0.9,1.248539461837891,0.07500000000000007,0.7833333333333333,0.05204164998665335,0.0,1.0,0.08780487804878048,-1.0,rank_based,Entertainment,0,1,0,0,40-50,True,5.485294117647059,14,4,13,0.4
31,5,Wayne Brady,False,1.0,0.9874627322256972,0.09999999999999998,0.8125,0.07216878364870326,0.25,2.0,0.09141583054626533,-2.0,rank_based,Entertainment,0,1,0,0,40-50,True,5.485294117647059,14,5,12,0.5
31,6,Wayne Brady,False,0.85,-0.1576764993682918,-0.15000000000000002,0.85,0.10458250331675946,0.5773502691896257,5.0,0.09855072463768116,-5.0,rank_based,Entertainment,0,1,0,0,40-50,True,5.485294117647059,14,6,10,0.6
31,7,Wayne Brady,False,0.95,0.7645528515426085,0.09999999999999998,0.85,0.09354143466934856,0.408248290463863,3.0,0.11674347158218126,-3.0,rank_based,Entertainment,0,1,0,0,40-50,True,5.485294117647059,14,7,9,0.7
31,8,Wayne Brady,False,1.0,0.5741525605539843,0.050000000000000044,0.8642857142857142,0.09338221509065898,0.0,1.0,0.14331210191082802,-1.0,rank_based,Entertainment,0,1,0,0,40-50,True,5.485294117647059,14,8,8,0.8
31,9,Wayne Brady,False,0.9125,-0.055971707854955435,-0.08750000000000002,0.88125,0.09887762999933665,0.25,3.0,0.16590909090909092,-3.0,rank_based,Entertainment,0,1,0,0,40-50,True,5.485294117647059,14,9,6,0.9
31,10,Wayne Brady,False,0.95,-0.8660254037844425,0.03749999999999998,0.8847222222222222,0.09307628293203617,0.0,3.0,0.24358974358974358,-3.0,rank_based,Entertainment,0,1,0,0,40-50,True,5.485294117647059,14,10,4,1.0
32,1,Adrian Peterson,False,0.6,0.42823542583175495,0.0,,0.0,0.0,5.0,0.07792207792207792,-5.0,rank_based,Sports,0,0,0,0,30-40,True,9.82258064516129,6,1,14,0.09090909090909091
32,2,Adrian Peterson,False,0.5,-0.903679144156466,-0.09999999999999998,0.6,0.0,0.0,10.0,0.06302521008403361,-10.0,rank_based,Sports,0,0,0,0,30-40,True,9.82258064516129,6,2,13,0.18181818181818182
32,3,Adrian Peterson,False,0.55,-1.0095229522296474,0.050000000000000044,0.55,0.07071067811865478,0.5773502691896257,11.0,0.06811145510835913,-11.0,rank_based,Sports,0,0,0,0,30-40,True,9.82258064516129,6,3,12,0.2727272727272727
32,4,Adrian Peterson,True,0.7,-0.279589408608242,0.1499999999999999,0.5499999999999999,0.05000000000000002,0.0,6.0,0.0875,-6.0,rank_based,Sports,0,0,0,0,30-40,True,9.82258064516129,6,4,11,0.36363636363636365
32,5,Adrian Peterson,False,,,0.0,0.5875,0.08539125638299662,0.0,11.0,0.0,-11.0,rank_based,Sports,0,0,0,0,30-40,True,9.82258064516129,6,5,10,0.45454545454545453
32,6,Adrian Peterson,False,,,0.0,0.5875,0.08539125638299662,0.0,10.0,0.0,-10.0,rank_based,Sports,0,0,0,0,30-40,True,9.82258064516129,6,6,9,0.5454545454545454
32,7,Adrian Peterson,False,,,0.0,0.5875,0.08539125638299662,0.0,9.0,0.0,-9.0,rank_based,Sports,0,0,0,0,30-40,True,9.82258064516129,6,7,8,0.6363636363636364
32,8,Adrian Peterson,False,,,0.0,0.5875,0.08539125638299662,0.0,8.0,0.0,-8.0,rank_based,Sports,0,0,0,0,30-40,True,9.82258064516129,6,8,7,0.7272727272727273
32,9,Adrian Peterson,False,,,0.0,0.5875,0.08539125638299662,0.0,7.0,0.0,-7.0,rank_based,Sports,0,0,0,0,30-40,True,9.82258064516129,6,9,6,0.8181818181818182
32,10,Adrian Peterson,False,,,0.0,0.5875,0.08539125638299662,0.0,6.0,0.0,-6.0,rank_based,Sports,0,0,0,0,30-40,True,9.82258064516129,6,10,5,0.9090909090909091
32,11,Adrian Peterson,False,,,0.0,0.5875,0.08539125638299662,0.0,6.0,0.0,-6.0,rank_based,Sports,0,0,0,0,30-40,True,9.82258064516129,6,11,5,1.0
32,1,Alyson Hannigan,False,0.43333333333333335,-0.9992159936074266,0.0,,0.0,0.5773502691896258,11.0,0.05627705627705628,-11.0,rank_based,Entertainment,0,1,0,0,40-50,True,6.076923076923077,12,1,14,0.09090909090909091
32,2,Alyson Hannigan,False,0.6333333333333333,0.1891421464513537,0.19999999999999996,0.43333333333333335,0.0,0.5773502691896258,6.0,0.07983193277310924,-6.0,rank_based,Entertainment,0,1,0,0,40-50,True,6.076923076923077,12,2,13,0.18181818181818182
32,3,Alyson Hannigan,False,0.6,-0.5988695479328422,-0.033333333333333326,0.5333333333333333,0.14142135623730948,0.0,8.0,0.07430340557275542,-8.0,rank_based,Entertainment,0,1,0,0,40-50,True,6.076923076923077,12,3,12,0.2727272727272727
32,4,Alyson Hannigan,False,0.6,-1.3047505735051268,0.0,0.5555555555555555,0.10715167512214391,0.0,10.0,0.075,-10.0,rank_based,Entertainment,0,1,0,0,40-50,True,6.076923076923077,12,4,11,0.36363636363636365
32,5,Alyson Hannigan,False,0.7,-0.9486832980505134,0.09999999999999998,0.5666666666666667,0.09026709338484397,0.0,9.0,0.0875,-9.0,rank_based,Entertainment,0,1,0,0,40-50,True,6.076923076923077,12,5,10,0.45454545454545453
32,6,Alyson Hannigan,False,0.775,-1.0540925533894592,0.07500000000000007,0.5933333333333334,0.09831920802501748,0.5,8.0,0.09627329192546584,-8.0,rank_based,Entertainment,0,1,0,0,40-50,True,6.076923076923077,12,6,9,0.5454545454545454
32,7,Alyson Hannigan,False,0.875,-0.12729376930432842,0.09999999999999998,0.6236111111111111,0.11503823840921894,0.5,6.0,0.12411347517730496,-6.0,rank_based,Entertainment,0,1,0,0,40-50,True,6.076923076923077,12,7,8,0.6363636363636364
32,8,Alyson Hannigan,False,0.9,0.03265115742241684,0.025000000000000022,0.6595238095238095,0.14161997363090043,0.5,4.0,0.1422924901185771,-4.0,rank_based,Entertainment,0,1,0,0,40-50,True,6.076923076923077,12,8,7,0.7272727272727273
32,9,Alyson Hannigan,False,0.8,-0.9885207298133893,-0.09999999999999998,0.6895833333333333,0.15626785612256558,0.5,5.0,0.14479638009049775,-5.0,rank_based,Entertainment,0,1,0,0,40-50,True,6.076923076923077,12,9,6,0.8181818181818182
32,10,Alyson Hannigan,False,0.85,-1.6970562748477136,0.04999999999999993,0.7018518518518518,0.15073764101827083,0.0,5.0,0.17894736842105263,-5.0,rank_based,Entertainment,0,1,0,0,40-50,True,6.076923076923077,12,10,5,0.9090909090909091
32,11,Alyson Hannigan,False,0.8833333333333333,-1.7629651094141068,0.033333333333333326,0.7166666666666667,0.14963948445728478,0.2886751345948129,5.0,0.18213058419243985,-5.0,rank_based,Entertainment,0,1,0,0,40-50,True,6.076923076923077,12,11,5,1.0
32,1,Ariana Madix,False,0.7,1.2847062774952638,0.0,,0.0,0.0,2.0,0.09090909090909091,-2.0,rank_based,Media,0,0,0,0,30-40,True,10.273972602739725,7,1,14,0.09090909090909091
32,2,Ariana Madix,False,0.6666666666666666,0.46234746910330865,-0.033333333333333326,0.7,0.0,0.5773502691896258,5.0,0.08403361344537816,-5.0,rank_based,Media,0,0,0,0,30-40,True,10.273972602739725,7,2,13,0.18181818181818182
32,3,Ariana Madix,False,0.85,1.4543974735511862,0.18333333333333335,0.6833333333333333,0.02357022603955162,0.5773502691896257,1.0,0.10526315789473684,-1.0,rank_based,Media,0,0,0,0,30-40,True,10.273972602739725,7,3,12,0.2727272727272727
32,4,Ariana Madix,False,0.8333333333333334,1.0872921445876054,-0.016666666666666607,0.7388888888888889,0.09765775461803855,0.5773502691896257,2.0,0.10416666666666667,-2.0,rank_based,Media,0,0,0,0,30-40,True,10.273972602739725,7,4,11,0.36363636363636365
32,5,Ariana Madix,False,0.8,1.0532500405730101e-15,-0.033333333333333326,0.7625,0.09267126287562373,0.0,4.0,0.1,-4.0,rank_based,Media,0,0,0,0,30-40,True,10.273972602739725,7,5,10,0.45454545454545453
32,6,Ariana Madix,False,1.0,1.0804448672241966,0.19999999999999996,0.77,0.08198915917499226,0.5,2.0,0.12732919254658384,-2.0,rank_based,Media,0,0,0,0,30-40,True,10.273972602739725,7,6,9,0.5454545454545454
32,7,Ariana Madix,False,0.925,0.8910563851303036,-0.07499999999999996,0.8083333333333332,0.11914044000441008,0.5,1.0,0.13120567375886524,-1.0,rank_based,Media,0,0,0,0,30-40,True,10.273972602739725,7,7,8,0.6363636363636364
32,8,Ariana Madix,False,1.0,0.9468835652500913,0.07499999999999996,0.8250000000000001,0.11735905652376448,0.5,1.0,0.16600790513833993,-1.0,rank_based,Media,0,0,0,0,30-40,True,10.273972602739725,7,8,7,0.7272727272727273
32,9,Ariana Madix,False,0.925,0.19770414596267702,-0.07499999999999996,0.846875,0.12503471740103048,0.5,4.0,0.167420814479638,-4.0,rank_based,Media,0,0,0,0,30-40,True,10.273972602739725,7,9,6,0.8181818181818182
32,10,Ariana Madix,False,0.9666666666666667,0.2828427124746199,0.04166666666666663,0.8555555555555556,0.1198233653712367,0.2886751345948129,3.0,0.20350877192982456,-3.0,rank_based,Media,0,0,0,0,30-40,True,10.273972602739725,7,10,5,0.9090909090909091
32,11,Ariana Madix,False,0.9833333333333333,0.2712254014483236,0.016666666666666607,0.8666666666666666,0.11830855243914917,0.2886751345948129,3.0,0.2027491408934708,-3.0,rank_based,Media,0,0,0,0,30-40,True,10.273972602739725,7,11,5,1.0
32,1,Barry Williams,False,0.5333333333333333,-0.14274514194391769,0.0,,0.0,0.5773502691896258,8.0,0.06926406926406926,-8.0,rank_based,Entertainment,0,1,0,0,60+,True,7.419354838709677,15,1,14,0.09090909090909091
32,2,Barry Williams,False,0.5,-0.903679144156466,-0.033333333333333326,0.5333333333333333,0.0,0.0,10.0,0.06302521008403361,-10.0,rank_based,Entertainment,0,1,0,0,60+,True,7.419354838709677,15,2,13,0.18181818181818182
32,3,Barry Williams,False,0.625,-0.3935428457844392,0.125,0.5166666666666666,0.02357022603955154,0.5,7.0,0.07739938080495357,-7.0,rank_based,Entertainment,0,1,0,0,60+,True,7.419354838709677,15,3,12,0.2727272727272727
32,4,Barry Williams,False,0.6,-1.3047505735051268,-0.025000000000000022,0.5527777777777777,0.06472877887628362,0.0,10.0,0.075,-10.0,rank_based,Entertainment,0,1,0,0,60+,True,7.419354838709677,15,4,11,0.36363636363636365
32,5,Barry Williams,False,0.8,1.0532500405730101e-15,0.20000000000000007,0.5645833333333333,0.05788518328937424,0.0,4.0,0.1,-4.0,rank_based,Entertainment,0,1,0,0,60+,True,7.419354838709677,15,5,10,0.45454545454545453
32,6,Barry Williams,False,0.8,-0.8169217288768306,0.0,0.6116666666666667,0.11660712766474544,0.5,7.0,0.09937888198757763,-7.0,rank_based,Entertainment,0,1,0,0,60+,True,7.419354838709677,15,6,9,0.5454545454545454
32,7,Barry Williams,False,0.8125,-1.4002314623476173,0.012499999999999956,0.6430555555555556,0.12957373133413994,0.25,7.0,0.11524822695035461,-7.0,rank_based,Entertainment,0,1,0,0,60+,True,7.419354838709677,15,7,8,0.6363636363636364
32,8,Barry Williams,True,0.875,-0.19590694453450203,0.0625,0.6672619047619047,0.13450932286093764,0.0,5.0,0.1383399209486166,-5.0,rank_based,Entertainment,0,1,0,0,60+,True,7.419354838709677,15,8,7,0.7272727272727273
32,9,Barry Williams,False,,,0.0,0.6932291666666667,0.1445768576153754,0.0,7.0,0.0,-7.0,rank_based,Entertainment,0,1,0,0,60+,True,7.419354838709677,15,9,6,0.8181818181818182
32,10,Barry Williams,False,,,0.0,0.6932291666666667,0.1445768576153754,0.0,6.0,0.0,-6.0,rank_based,Entertainment,0,1,0,0,60+,True,7.419354838709677,15,10,5,0.9090909090909091
32,11,Barry Williams,False,,,0.0,0.6932291666666667,0.1445768576153754,0.0,6.0,0.0,-6.0,rank_based,Entertainment,0,1,0,0,60+,True,7.419354838709677,15,11,5,1.0
32,1,Charity Lawson,False,0.7333333333333333,1.5701965613831002,0.0,,0.0,0.5773502691896258,1.0,0.09523809523809523,-1.0,rank_based,Media,0,0,0,0,20-30,True,6.777777777777778,12,1,14,0.09090909090909091
32,2,Charity Lawson,False,0.7,0.7355527917552636,-0.033333333333333326,0.7333333333333333,0.0,0.0,3.0,0.08823529411764706,-3.0,rank_based,Media,0,0,0,0,20-30,True,6.777777777777778,12,2,13,0.18181818181818182
32,3,Charity Lawson,False,0.8,1.043744069254381,0.10000000000000009,0.7166666666666666,0.02357022603955154,0.0,3.0,0.09907120743034056,-3.0,rank_based,Media,0,0,0,0,20-30,True,6.777777777777778,12,3,12,0.2727272727272727
32,4,Charity Lawson,False,0.8,0.7455717562886438,0.0,0.7444444444444445,0.05091750772173164,0.0,3.0,0.1,-3.0,rank_based,Media,0,0,0,0,20-30,True,6.777777777777778,12,4,11,0.36363636363636365
32,5,Charity Lawson,False,0.9333333333333333,1.2649110640673524,0.1333333333333333,0.7583333333333333,0.05000000000000009,0.5773502691896257,1.0,0.11666666666666667,-1.0,rank_based,Media,0,0,0,0,20-30,True,6.777777777777778,12,5,10,0.45454545454545453
32,6,Charity Lawson,False,0.95,0.6061032181989393,0.016666666666666607,0.7933333333333333,0.08944271909999164,0.5,4.0,0.11801242236024845,-4.0,rank_based,Media,0,0,0,0,20-30,True,6.777777777777778,12,6,9,0.5454545454545454
32,7,Charity Lawson,False,0.9,0.3818813079129876,-0.04999999999999993,0.8194444444444445,0.10242431713582838,0.0,4.0,0.1276595744680851,-4.0,rank_based,Media,0,0,0,0,20-30,True,6.777777777777778,12,7,8,0.6363636363636364
32,8,Charity Lawson,False,0.975,0.7183254632931725,0.07499999999999996,0.8309523809523809,0.09833266074561481,0.0,3.0,0.1541501976284585,-3.0,rank_based,Media,0,0,0,0,20-30,True,6.777777777777778,12,8,7,0.7272727272727273
32,9,Charity Lawson,False,0.95,0.4349491211178894,-0.025000000000000022,0.8489583333333334,0.10431537004953506,0.5773502691896257,3.0,0.17194570135746606,-3.0,rank_based,Media,0,0,0,0,20-30,True,6.777777777777778,12,9,6,0.8181818181818182
32,10,Charity Lawson,False,0.9833333333333333,0.5656854249492379,0.033333333333333326,0.8601851851851852,0.10322724542256696,0.2886751345948129,2.0,0.20701754385964913,-2.0,rank_based,Media,0,0,0,0,20-30,True,6.777777777777778,12,10,5,0.9090909090909091
32,11,Charity Lawson,False,0.9833333333333333,0.2712254014483236,0.0,0.8724999999999999,0.10482569306198711,0.2886751345948129,3.0,0.2027491408934708,-3.0,rank_based,Media,0,0,0,0,20-30,True,6.777777777777778,12,11,5,1.0
32,1,Harry Jowsey,False,0.4,-1.284706277495263,0.0,,0.0,0.0,12.0,0.05194805194805195,-12.0,rank_based,Media,0,0,0,0,20-30,False,6.838709677419355,3,1,14,0.09090909090909091
32,2,Harry Jowsey,False,0.5,-0.903679144156466,0.09999999999999998,0.4,0.0,0.0,10.0,0.06302521008403361,-10.0,rank_based,Media,0,0,0,0,20-30,False,6.838709677419355,3,2,13,0.18181818181818182
32,3,Harry Jowsey,False,0.6,-0.5988695479328422,0.09999999999999998,0.45,0.07071067811865474,0.816496580927726,8.0,0.07430340557275542,-8.0,rank_based,Media,0,0,0,0,20-30,False,6.838709677419355,3,3,12,0.2727272727272727
32,4,Harry Jowsey,False,0.7,-0.279589408608242,0.09999999999999998,0.5,0.09999999999999998,0.0,6.0,0.0875,-6.0,rank_based,Media,0,0,0,0,20-30,False,6.838709677419355,3,4,11,0.36363636363636365
32,5,Harry Jowsey,False,0.6,-1.8973665961010269,-0.09999999999999998,0.55,0.12909944487358052,0.0,10.0,0.075,-10.0,rank_based,Media,0,0,0,0,20-30,False,6.838709677419355,3,5,10,0.45454545454545453
32,6,Harry Jowsey,False,0.725,-1.5284342024147166,0.125,0.5599999999999999,0.11401754250991375,0.0,9.0,0.09006211180124224,-9.0,rank_based,Media,0,0,0,0,20-30,False,6.838709677419355,3,6,9,0.5454545454545454
32,7,Harry Jowsey,False,0.8,-1.6548190009562742,0.07500000000000007,0.5875,0.12221906561580312,0.0,8.0,0.11347517730496454,-8.0,rank_based,Media,0,0,0,0,20-30,False,6.838709677419355,3,7,8,0.6363636363636364
32,8,Harry Jowsey,False,0.7,-1.7958136582329332,-0.10000000000000009,0.6178571428571429,0.13747294106044838,0.0,7.0,0.11067193675889328,-7.0,rank_based,Media,0,0,0,0,20-30,False,6.838709677419355,3,8,7,0.7272727272727273
32,9,Harry Jowsey,True,0.75,-1.4630106801238163,0.050000000000000044,0.628125,0.13054658446043582,0.5773502691896257,6.0,0.13574660633484162,-6.0,rank_based,Media,0,0,0,0,20-30,False,6.838709677419355,3,9,6,0.8181818181818182
32,10,Harry Jowsey,False,,,0.0,0.6416666666666667,0.12869537676233747,0.0,6.0,0.0,-6.0,rank_based,Media,0,0,0,0,20-30,False,6.838709677419355,3,10,5,0.9090909090909091
32,11,Harry Jowsey,False,,,0.0,0.6416666666666667,0.12869537676233747,0.0,6.0,0.0,-6.0,rank_based,Media,0,0,0,0,20-30,False,6.838709677419355,3,11,5,1.0
32,1,Jamie Lynn Spears,False,0.5,-0.428235425831754,0.0,,0.0,0.0,9.0,0.06493506493506493,-9.0,rank_based,Entertainment,0,1,0,0,30-40,True,6.341176470588235,9,1,14,0.09090909090909091
32,2,Jamie Lynn Spears,True,0.5333333333333333,-0.6304738215045111,0.033333333333333326,0.5,0.0,0.5773502691896258,9.0,0.06722689075630252,-9.0,rank_based,Entertainment,0,1,0,0,30-40,True,6.341176470588235,9,2,13,0.18181818181818182
32,3,Jamie Lynn Spears,False,,,0.0,0.5166666666666666,0.02357022603955162,0.0,13.0,0.0,-13.0,rank_based,Entertainment,0,1,0,0,30-40,True,6.341176470588235,9,3,12,0.2727272727272727
32,4,Jamie Lynn Spears,False,,,0.0,0.5166666666666666,0.02357022603955162,0.0,12.0,0.0,-12.0,rank_based,Entertainment,0,1,0,0,30-40,True,6.341176470588235,9,4,11,0.36363636363636365
32,5,Jamie Lynn Spears,False,,,0.0,0.5166666666666666,0.02357022603955162,0.0,11.0,0.0,-11.0,rank_based,Entertainment,0,1,0,0,30-40,True,6.341176470588235,9,5,10,0.45454545454545453
32,6,Jamie Lynn Spears,False,,,0.0,0.5166666666666666,0.02357022603955162,0.0,10.0,0.0,-10.0,rank_based,Entertainment,0,1,0,0,30-40,True,6.341176470588235,9,6,9,0.5454545454545454
32,7,Jamie Lynn Spears,False,,,0.0,0.5166666666666666,0.02357022603955162,0.0,9.0,0.0,-9.0,rank_based,Entertainment,0,1,0,0,30-40,True,6.341176470588235,9,7,8,0.6363636363636364
32,8,Jamie Lynn Spears,False,,,0.0,0.5166666666666666,0.02357022603955162,0.0,8.0,0.0,-8.0,rank_based,Entertainment,0,1,0,0,30-40,True,6.341176470588235,9,8,7,0.7272727272727273
32,9,Jamie Lynn Spears,False,,,0.0,0.5166666666666666,0.02357022603955162,0.0,7.0,0.0,-7.0,rank_based,Entertainment,0,1,0,0,30-40,True,6.341176470588235,9,9,6,0.8181818181818182
32,10,Jamie Lynn Spears,False,,,0.0,0.5166666666666666,0.02357022603955162,0.0,6.0,0.0,-6.0,rank_based,Entertainment,0,1,0,0,30-40,True,6.341176470588235,9,10,5,0.9090909090909091
32,11,Jamie Lynn Spears,False,,,0.0,0.5166666666666666,0.02357022603955162,0.0,6.0,0.0,-6.0,rank_based,Entertainment,0,1,0,0,30-40,True,6.341176470588235,9,11,5,1.0
32,1,Jason Mraz,False,0.7,1.2847062774952638,0.0,,0.0,0.0,2.0,0.09090909090909091,-2.0,rank_based,Music,0,0,0,0,40-50,True,4.490196078431373,5,1,14,0.09090909090909091
32,2,Jason Mraz,False,0.8,1.5551687597111292,0.10000000000000009,0.7,0.0,0.0,1.0,0.10084033613445378,-1.0,rank_based,Music,0,0,0,0,40-50,True,4.490196078431373,5,2,13,0.18181818181818182
32,3,Jason Mraz,False,0.85,1.4543974735511862,0.04999999999999993,0.75,0.07071067811865482,0.5773502691896257,1.0,0.10526315789473684,-1.0,rank_based,Music,0,0,0,0,40-50,True,4.490196078431373,5,3,12,0.2727272727272727
32,4,Jason Mraz,False,0.8,0.7455717562886438,-0.04999999999999993,0.7833333333333333,0.07637626158259735,0.0,3.0,0.1,-3.0,rank_based,Music,0,0,0,0,40-50,True,4.490196078431373,5,4,11,0.36363636363636365
32,5,Jason Mraz,False,0.9,0.9486832980505145,0.09999999999999998,0.7875,0.0629152869605896,0.0,3.0,0.1125,-3.0,rank_based,Music,0,0,0,0,40-50,True,4.490196078431373,5,5,10,0.45454545454545453
32,6,Jason Mraz,False,0.975,0.843274042711568,0.07499999999999996,0.8099999999999999,0.07416198487095667,0.0,3.0,0.12111801242236025,-3.0,rank_based,Music,0,0,0,0,40-50,True,4.490196078431373,5,6,9,0.5454545454545454
32,7,Jason Mraz,False,0.9,0.3818813079129876,-0.07499999999999996,0.8375,0.09453835200594522,0.7071067811865476,4.0,0.1276595744680851,-4.0,rank_based,Music,0,0,0,0,40-50,True,4.490196078431373,5,7,8,0.6363636363636364
32,8,Jason Mraz,False,0.825,-0.6530231484483398,-0.07500000000000007,0.8464285714285714,0.08947598773387411,0.5,6.0,0.13043478260869565,-6.0,rank_based,Music,0,0,0,0,40-50,True,4.490196078431373,5,8,7,0.7272727272727273
32,9,Jason Mraz,False,1.0,0.9094390714283164,0.17500000000000004,0.84375,0.08318439070608658,0.0,1.0,0.19457013574660634,-1.0,rank_based,Music,0,0,0,0,40-50,True,4.490196078431373,5,9,6,0.8181818181818182
32,10,Jason Mraz,False,0.95,0.0,-0.050000000000000044,0.8611111111111112,0.09363418772601768,0.0,4.0,0.2,-4.0,rank_based,Music,0,0,0,0,40-50,True,4.490196078431373,5,10,5,0.9090909090909091
32,11,Jason Mraz,False,1.0,0.6102571532587298,0.050000000000000044,0.8699999999999999,0.09264628073124868,0.0,1.0,0.20618556701030927,-1.0,rank_based,Music,0,0,0,0,40-50,True,4.490196078431373,5,11,5,1.0
32,1,Lele Pons,False,0.6333333333333333,0.7137257097195913,0.0,,0.0,0.5773502691896258,4.0,0.08225108225108226,-4.0,rank_based,Social Media,0,0,0,0,20-30,False,9.24390243902439,8,1,14,0.09090909090909091
32,2,Lele Pons,False,0.7,0.7355527917552636,0.06666666666666665,0.6333333333333333,0.0,0.0,3.0,0.08823529411764706,-3.0,rank_based,Social Media,0,0,0,0,20-30,False,9.24390243902439,8,2,13,0.18181818181818182
32,3,Lele Pons,False,0.675,0.01711055851236684,-0.02499999999999991,0.6666666666666666,0.04714045207910316,0.5,5.0,0.08359133126934984,-5.0,rank_based,Social Media,0,0,0,0,20-30,False,9.24390243902439,8,3,12,0.2727272727272727
32,4,Lele Pons,False,0.7333333333333333,0.06213097969071956,0.05833333333333324,0.6694444444444444,0.033678765702728174,0.5773502691896258,5.0,0.09166666666666666,-5.0,rank_based,Social Media,0,0,0,0,20-30,False,9.24390243902439,8,4,11,0.36363636363636365
32,5,Lele Pons,False,0.8,1.0532500405730101e-15,0.06666666666666676,0.6854166666666667,0.042149974737482006,0.0,4.0,0.1,-4.0,rank_based,Social Media,0,0,0,0,20-30,False,9.24390243902439,8,5,10,0.45454545454545453
32,6,Lele Pons,False,0.925,0.3689323936863117,0.125,0.7083333333333333,0.06291528696058964,0.5,5.0,0.11490683229813664,-5.0,rank_based,Social Media,0,0,0,0,20-30,False,9.24390243902439,8,6,9,0.5454545454545454
32,7,Lele Pons,True,0.9125,0.6364688465216445,-0.012500000000000067,0.7444444444444445,0.10483673373746798,0.25,3.0,0.12943262411347517,-3.0,rank_based,Social Media,0,0,0,0,20-30,False,9.24390243902439,8,7,8,0.6363636363636364
32,8,Lele Pons,False,,,0.0,0.7684523809523809,0.11486347428520409,0.0,8.0,0.0,-8.0,rank_based,Social Media,0,0,0,0,20-30,False,9.24390243902439,8,8,7,0.7272727272727273
32,9,Lele Pons,False,,,0.0,0.7684523809523809,0.11486347428520409,0.0,7.0,0.0,-7.0,rank_based,Social Media,0,0,0,0,20-30,False,9.24390243902439,8,9,6,0.8181818181818182
32,10,Lele Pons,False,,,0.0,0.7684523809523809,0.11486347428520409,0.0,6.0,0.0,-6.0,rank_based,Social Media,0,0,0,0,20-30,False,9.24390243902439,8,10,5,0.9090909090909091
32,11,Lele Pons,False,,,0.0,0.7684523809523809,0.11486347428520409,0.0,6.0,0.0,-6.0,rank_based,Social Media,0,0,0,0,20-30,False,9.24390243902439,8,11,5,1.0
32,1,Matt Walsh,True,0.4,-1.284706277495263,0.0,,0.0,0.0,12.0,0.05194805194805195,-12.0,rank_based,Entertainment,0,1,0,0,50-60,True,10.666666666666666,2,1,14,0.09090909090909091
32,2,Matt Walsh,False,,,0.0,0.4,0.0,0.0,14.0,0.0,-14.0,rank_based,Entertainment,0,1,0,0,50-60,True,10.666666666666666,2,2,13,0.18181818181818182
32,3,Matt Walsh,False,,,0.0,0.4,0.0,0.0,13.0,0.0,-13.0,rank_based,Entertainment,0,1,0,0,50-60,True,10.666666666666666,2,3,12,0.2727272727272727
32,4,Matt Walsh,False,,,0.0,0.4,0.0,0.0,12.0,0.0,-12.0,rank_based,Entertainment,0,1,0,0,50-60,True,10.666666666666666,2,4,11,0.36363636363636365
32,5,Matt Walsh,False,,,0.0,0.4,0.0,0.0,11.0,0.0,-11.0,rank_based,Entertainment,0,1,0,0,50-60,True,10.666666666666666,2,5,10,0.45454545454545453
32,6,Matt Walsh,False,,,0.0,0.4,0.0,0.0,10.0,0.0,-10.0,rank_based,Entertainment,0,1,0,0,50-60,True,10.666666666666666,2,6,9,0.5454545454545454
32,7,Matt Walsh,False,,,0.0,0.4,0.0,0.0,9.0,0.0,-9.0,rank_based,Entertainment,0,1,0,0,50-60,True,10.666666666666666,2,7,8,0.6363636363636364
32,8,Matt Walsh,False,,,0.0,0.4,0.0,0.0,8.0,0.0,-8.0,rank_based,Entertainment,0,1,0,0,50-60,True,10.666666666666666,2,8,7,0.7272727272727273
32,9,Matt Walsh,False,,,0.0,0.4,0.0,0.0,7.0,0.0,-7.0,rank_based,Entertainment,0,1,0,0,50-60,True,10.666666666666666,2,9,6,0.8181818181818182
32,10,Matt Walsh,False,,,0.0,0.4,0.0,0.0,6.0,0.0,-6.0,rank_based,Entertainment,0,1,0,0,50-60,True,10.666666666666666,2,10,5,0.9090909090909091
32,11,Matt Walsh,False,,,0.0,0.4,0.0,0.0,6.0,0.0,-6.0,rank_based,Entertainment,0,1,0,0,50-60,True,10.666666666666666,2,11,5,1.0
32,1,Mauricio Umansky,False,0.5,-0.428235425831754,0.0,,0.0,0.0,9.0,0.06493506493506493,-9.0,rank_based,Media,0,0,0,0,50-60,False,7.7924528301886795,16,1,14,0.09090909090909091
32,2,Mauricio Umansky,False,0.4,-1.7232951121123308,-0.09999999999999998,0.5,0.0,0.0,13.0,0.05042016806722689,-13.0,rank_based,Media,0,0,0,0,50-60,False,7.7924528301886795,16,2,13,0.18181818181818182
32,3,Mauricio Umansky,False,0.575,-0.8041962500812452,0.17499999999999993,0.45,0.07071067811865474,0.9574271077563381,10.0,0.07120743034055728,-10.0,rank_based,Media,0,0,0,0,50-60,False,7.7924528301886795,16,3,12,0.2727272727272727
32,4,Mauricio Umansky,False,0.6333333333333333,-0.9630301852061651,0.05833333333333335,0.4916666666666667,0.08779711460710612,0.5773502691896258,9.0,0.07916666666666666,-9.0,rank_based,Media,0,0,0,0,50-60,False,7.7924528301886795,16,4,11,0.36363636363636365
32,5,Mauricio Umansky,False,0.8,1.0532500405730101e-15,0.16666666666666674,0.5270833333333333,0.10077822185373184,0.0,4.0,0.1,-4.0,rank_based,Media,0,0,0,0,50-60,False,7.7924528301886795,16,5,10,0.45454545454545453
32,6,Mauricio Umansky,True,0.825,-0.579750904364203,0.02499999999999991,0.5816666666666667,0.15004628915401036,0.5,6.0,0.10248447204968944,-6.0,rank_based,Media,0,0,0,0,50-60,False,7.7924528301886795,16,6,9,0.5454545454545454
32,7,Mauricio Umansky,False,,,0.0,0.6222222222222222,0.16697194264195894,0.0,9.0,0.0,-9.0,rank_based,Media,0,0,0,0,50-60,False,7.7924528301886795,16,7,8,0.6363636363636364
32,8,Mauricio Umansky,False,,,0.0,0.6222222222222222,0.16697194264195894,0.0,8.0,0.0,-8.0,rank_based,Media,0,0,0,0,50-60,False,7.7924528301886795,16,8,7,0.7272727272727273
32,9,Mauricio Umansky,False,,,0.0,0.6222222222222222,0.16697194264195894,0.0,7.0,0.0,-7.0,rank_based,Media,0,0,0,0,50-60,False,7.7924528301886795,16,9,6,0.8181818181818182
32,10,Mauricio Umansky,False,,,0.0,0.6222222222222222,0.16697194264195894,0.0,6.0,0.0,-6.0,rank_based,Media,0,0,0,0,50-60,False,7.7924528301886795,16,10,5,0.9090909090909091
32,11,Mauricio Umansky,False,,,0.0,0.6222222222222222,0.16697194264195894,0.0,6.0,0.0,-6.0,rank_based,Media,0,0,0,0,50-60,False,7.7924528301886795,16,11,5,1.0
32,1,Mira Sorvino,False,0.5666666666666667,0.14274514194391863,0.0,,0.0,0.5773502691896258,7.0,0.0735930735930736,-7.0,rank_based,Entertainment,0,1,0,0,50-60,True,8.448818897637794,13,1,14,0.09090909090909091
32,2,Mira Sorvino,False,0.6,-0.08406317620060123,0.033333333333333326,0.5666666666666667,0.0,0.0,7.0,0.07563025210084033,-7.0,rank_based,Entertainment,0,1,0,0,50-60,True,8.448818897637794,13,2,13,0.18181818181818182
32,3,Mira Sorvino,False,0.65,-0.18821614363603617,0.050000000000000044,0.5833333333333333,0.02357022603955162,0.5773502691896257,6.0,0.0804953560371517,-6.0,rank_based,Entertainment,0,1,0,0,50-60,True,8.448818897637794,13,3,12,0.2727272727272727
32,4,Mira Sorvino,False,0.7,-0.279589408608242,0.04999999999999993,0.6055555555555555,0.041943524640393116,0.0,6.0,0.0875,-6.0,rank_based,Entertainment,0,1,0,0,50-60,True,8.448818897637794,13,4,11,0.36363636363636365
32,5,Mira Sorvino,True,0.7333333333333333,-0.6324555320336757,0.033333333333333326,0.6291666666666667,0.058333333333333355,0.5773502691896258,8.0,0.09166666666666666,-8.0,rank_based,Entertainment,0,1,0,0,50-60,True,8.448818897637794,13,5,10,0.45454545454545453
32,6,Mira Sorvino,False,,,0.0,0.65,0.06871842709362767,0.0,10.0,0.0,-10.0,rank_based,Entertainment,0,1,0,0,50-60,True,8.448818897637794,13,6,9,0.5454545454545454
32,7,Mira Sorvino,False,,,0.0,0.65,0.06871842709362767,0.0,9.0,0.0,-9.0,rank_based,Entertainment,0,1,0,0,50-60,True,8.448818897637794,13,7,8,0.6363636363636364
32,8,Mira Sorvino,False,,,0.0,0.65,0.06871842709362767,0.0,8.0,0.0,-8.0,rank_based,Entertainment,0,1,0,0,50-60,True,8.448818897637794,13,8,7,0.7272727272727273
32,9,Mira Sorvino,False,,,0.0,0.65,0.06871842709362767,0.0,7.0,0.0,-7.0,rank_based,Entertainment,0,1,0,0,50-60,True,8.448818897637794,13,9,6,0.8181818181818182
32,10,Mira Sorvino,False,,,0.0,0.65,0.06871842709362767,0.0,6.0,0.0,-6.0,rank_based,Entertainment,0,1,0,0,50-60,True,8.448818897637794,13,10,5,0.9090909090909091
32,11,Mira Sorvino,False,,,0.0,0.65,0.06871842709362767,0.0,6.0,0.0,-6.0,rank_based,Entertainment,0,1,0,0,50-60,True,8.448818897637794,13,11,5,1.0
32,1,Tyson Beckford,False,0.4,-1.284706277495263,0.0,,0.0,0.0,12.0,0.05194805194805195,-12.0,rank_based,Fashion,0,0,0,0,50-60,True,6.9655172413793105,9,1,14,0.09090909090909091
32,2,Tyson Beckford,False,0.6,-0.08406317620060123,0.19999999999999996,0.4,0.0,0.0,7.0,0.07563025210084033,-7.0,rank_based,Fashion,0,0,0,0,50-60,True,6.9655172413793105,9,2,13,0.18181818181818182
32,3,Tyson Beckford,True,0.5,-1.4201763565264534,-0.09999999999999998,0.5,0.14142135623730948,0.0,12.0,0.06191950464396285,-12.0,rank_based,Fashion,0,0,0,0,50-60,True,6.9655172413793105,9,3,12,0.2727272727272727
32,4,Tyson Beckford,False,,,0.0,0.5,0.09999999999999998,0.0,12.0,0.0,-12.0,rank_based,Fashion,0,0,0,0,50-60,True,6.9655172413793105,9,4,11,0.36363636363636365
32,5,Tyson Beckford,False,,,0.0,0.5,0.09999999999999998,0.0,11.0,0.0,-11.0,rank_based,Fashion,0,0,0,0,50-60,True,6.9655172413793105,9,5,10,0.45454545454545453
32,6,Tyson Beckford,False,,,0.0,0.5,0.09999999999999998,0.0,10.0,0.0,-10.0,rank_based,Fashion,0,0,0,0,50-60,True,6.9655172413793105,9,6,9,0.5454545454545454
32,7,Tyson Beckford,False,,,0.0,0.5,0.09999999999999998,0.0,9.0,0.0,-9.0,rank_based,Fashion,0,0,0,0,50-60,True,6.9655172413793105,9,7,8,0.6363636363636364
32,8,Tyson Beckford,False,,,0.0,0.5,0.09999999999999998,0.0,8.0,0.0,-8.0,rank_based,Fashion,0,0,0,0,50-60,True,6.9655172413793105,9,8,7,0.7272727272727273
32,9,Tyson Beckford,False,,,0.0,0.5,0.09999999999999998,0.0,7.0,0.0,-7.0,rank_based,Fashion,0,0,0,0,50-60,True,6.9655172413793105,9,9,6,0.8181818181818182
32,10,Tyson Beckford,False,,,0.0,0.5,0.09999999999999998,0.0,6.0,0.0,-6.0,rank_based,Fashion,0,0,0,0,50-60,True,6.9655172413793105,9,10,5,0.9090909090909091
32,11,Tyson Beckford,False,,,0.0,0.5,0.09999999999999998,0.0,6.0,0.0,-6.0,rank_based,Fashion,0,0,0,0,50-60,True,6.9655172413793105,9,11,5,1.0
32,1,Xochitl Gomez,False,0.6,0.42823542583175495,0.0,,0.0,0.0,5.0,0.07792207792207792,-5.0,rank_based,Entertainment,0,1,0,0,Under 20,True,5.173469387755102,19,1,14,0.09090909090909091
32,2,Xochitl Gomez,False,0.8,1.5551687597111292,0.20000000000000007,0.6,0.0,0.0,1.0,0.10084033613445378,-1.0,rank_based,Entertainment,0,1,0,0,Under 20,True,5.173469387755102,19,2,13,0.18181818181818182
32,3,Xochitl Gomez,False,0.8,1.043744069254381,0.0,0.7,0.1414213562373096,0.0,3.0,0.09907120743034056,-3.0,rank_based,Entertainment,0,1,0,0,Under 20,True,5.173469387755102,19,3,12,0.2727272727272727
32,4,Xochitl Gomez,False,0.9,1.7707329211855285,0.09999999999999998,0.7333333333333334,0.11547005383792525,0.0,1.0,0.1125,-1.0,rank_based,Entertainment,0,1,0,0,Under 20,True,5.173469387755102,19,4,11,0.36363636363636365
32,5,Xochitl Gomez,False,0.9333333333333333,1.2649110640673524,0.033333333333333326,0.775,0.12583057392117925,0.5773502691896257,1.0,0.11666666666666667,-1.0,rank_based,Entertainment,0,1,0,0,Under 20,True,5.173469387755102,19,5,10,0.45454545454545453
32,6,Xochitl Gomez,False,1.0,1.0804448672241966,0.06666666666666665,0.8066666666666666,0.12995725793078627,0.5,1.0,0.13043478260869565,-1.0,rank_based,Entertainment,0,1,0,0,Under 20,True,5.173469387755102,19,6,9,0.5454545454545454
32,7,Xochitl Gomez,False,0.925,0.8910563851303036,-0.07499999999999996,0.8388888888888889,0.14050174639747637,0.28867513459481287,1.0,0.13120567375886524,-1.0,rank_based,Entertainment,0,1,0,0,Under 20,True,5.173469387755102,19,7,8,0.6363636363636364
32,8,Xochitl Gomez,False,1.0,0.9468835652500913,0.07499999999999996,0.8511904761904763,0.13232505671610595,0.0,2.0,0.15810276679841898,-2.0,rank_based,Entertainment,0,1,0,0,Under 20,True,5.173469387755102,19,8,7,0.7272727272727273
32,9,Xochitl Gomez,False,1.0,0.9094390714283164,0.0,0.8697916666666667,0.13332868295461678,0.5773502691896257,2.0,0.18552036199095023,-2.0,rank_based,Entertainment,0,1,0,0,Under 20,True,5.173469387755102,19,9,6,0.8181818181818182
32,10,Xochitl Gomez,False,1.0,0.8485281374238578,0.0,0.8842592592592593,0.13205404804449686,0.0,1.0,0.21052631578947367,-1.0,rank_based,Entertainment,0,1,0,0,Under 20,True,5.173469387755102,19,10,5,0.9090909090909091
32,11,Xochitl Gomez,False,1.0,0.6102571532587298,0.0,0.8958333333333334,0.12977009585331203,0.0,1.0,0.20618556701030927,-1.0,rank_based,Entertainment,0,1,0,0,Under 20,True,5.173469387755102,19,11,5,1.0
33,1,Anna Delvey,False,0.6,-0.4264014327112221,0.0,,0.0,0.0,8.0,0.0728744939271255,-8.0,rank_based,Other,0,0,0,0,30-40,False,12.0,1,1,13,0.1111111111111111
33,2,Anna Delvey,True,0.5666666666666667,-1.029633213058487,-0.033333333333333326,0.6,0.0,0.5773502691896258,11.0,0.06589147286821706,-11.0,rank_based,Other,0,0,0,0,30-40,False,12.0,1,2,13,0.2222222222222222
33,3,Anna Delvey,False,,,0.0,0.5833333333333333,0.02357022603955154,0.0,12.0,0.0,-12.0,rank_based,Other,0,0,0,0,30-40,False,12.0,1,3,11,0.3333333333333333
33,4,Anna Delvey,False,,,0.0,0.5833333333333333,0.02357022603955154,0.0,10.0,0.0,-10.0,rank_based,Other,0,0,0,0,30-40,False,12.0,1,4,9,0.4444444444444444
33,5,Anna Delvey,False,,,0.0,0.5833333333333333,0.02357022603955154,0.0,9.0,0.0,-9.0,rank_based,Other,0,0,0,0,30-40,False,12.0,1,5,8,0.5555555555555556
33,6,Anna Delvey,False,,,0.0,0.5833333333333333,0.02357022603955154,0.0,8.0,0.0,-8.0,rank_based,Other,0,0,0,0,30-40,False,12.0,1,6,7,0.6666666666666666
33,7,Anna Delvey,False,,,0.0,0.5833333333333333,0.02357022603955154,0.0,7.0,0.0,-7.0,rank_based,Other,0,0,0,0,30-40,False,12.0,1,7,6,0.7777777777777778
33,8,Anna Delvey,False,,,0.0,0.5833333333333333,0.02357022603955154,0.0,6.0,0.0,-6.0,rank_based,Other,0,0,0,0,30-40,False,12.0,1,8,5,0.8888888888888888
33,9,Anna Delvey,False,,,0.0,0.5833333333333333,0.02357022603955154,0.0,6.0,0.0,-6.0,rank_based,Other,0,0,0,0,30-40,False,12.0,1,9,5,1.0
33,1,Brooks Nader,False,0.6,-0.4264014327112221,0.0,,0.0,0.0,8.0,0.0728744939271255,-8.0,rank_based,Fashion,0,0,0,0,20-30,True,8.448818897637794,13,1,13,0.1111111111111111
33,2,Brooks Nader,False,0.6666666666666666,0.05565584935451262,0.06666666666666665,0.6,0.0,0.5773502691896258,8.0,0.07751937984496124,-8.0,rank_based,Fashion,0,0,0,0,20-30,True,8.448818897637794,13,2,13,0.2222222222222222
33,3,Brooks Nader,False,0.7625,0.3665172644543599,0.09583333333333333,0.6333333333333333,0.04714045207910316,0.25,5.0,0.0959119496855346,-5.0,rank_based,Fashion,0,0,0,0,20-30,True,8.448818897637794,13,3,11,0.3333333333333333
33,4,Brooks Nader,True,0.8,-0.30588764516075,0.03750000000000009,0.6763888888888889,0.08168508862518117,0.0,4.0,0.10884353741496598,-4.0,rank_based,Fashion,0,0,0,0,20-30,True,8.448818897637794,13,4,9,0.4444444444444444
33,5,Brooks Nader,False,,,0.0,0.7072916666666667,0.09092980351164669,0.0,9.0,0.0,-9.0,rank_based,Fashion,0,0,0,0,20-30,True,8.448818897637794,13,5,8,0.5555555555555556
33,6,Brooks Nader,False,,,0.0,0.7072916666666667,0.09092980351164669,0.0,8.0,0.0,-8.0,rank_based,Fashion,0,0,0,0,20-30,True,8.448818897637794,13,6,7,0.6666666666666666
33,7,Brooks Nader,False,,,0.0,0.7072916666666667,0.09092980351164669,0.0,7.0,0.0,-7.0,rank_based,Fashion,0,0,0,0,20-30,True,8.448818897637794,13,7,6,0.7777777777777778
33,8,Brooks Nader,False,,,0.0,0.7072916666666667,0.09092980351164669,0.0,6.0,0.0,-6.0,rank_based,Fashion,0,0,0,0,20-30,True,8.448818897637794,13,8,5,0.8888888888888888
33,9,Brooks Nader,False,,,0.0,0.7072916666666667,0.09092980351164669,0.0,6.0,0.0,-6.0,rank_based,Fashion,0,0,0,0,20-30,True,8.448818897637794,13,9,5,1.0
33,1,Chandler Kinney,False,0.7666666666666667,1.7056057308448829,0.0,,0.0,0.5773502691896258,1.0,0.0931174089068826,-1.0,rank_based,Entertainment,0,1,0,0,20-30,True,9.24390243902439,8,1,13,0.1111111111111111
33,2,Chandler Kinney,False,0.8,1.5027079325718469,0.033333333333333326,0.7666666666666667,0.0,0.0,1.0,0.09302325581395349,-1.0,rank_based,Entertainment,0,1,0,0,20-30,True,9.24390243902439,8,2,13,0.2222222222222222
33,3,Chandler Kinney,False,0.8625,1.2880463865110392,0.0625,0.7833333333333334,0.02357022603955154,0.25,2.0,0.10849056603773585,-2.0,rank_based,Entertainment,0,1,0,0,20-30,True,9.24390243902439,8,3,11,0.3333333333333333
33,4,Chandler Kinney,False,0.8,-0.30588764516075,-0.0625,0.8097222222222222,0.04865077746704714,0.0,4.0,0.10884353741496598,-4.0,rank_based,Entertainment,0,1,0,0,20-30,True,9.24390243902439,8,4,9,0.4444444444444444
33,5,Chandler Kinney,False,0.9,1.5433549314543482,0.09999999999999998,0.8072916666666667,0.04001952648395526,0.0,1.0,0.13366336633663367,-1.0,rank_based,Entertainment,0,1,0,0,20-30,True,9.24390243902439,8,5,8,0.5555555555555556
33,6,Chandler Kinney,False,1.0,0.6419407387663687,0.09999999999999998,0.8258333333333333,0.05403830945624487,0.5773502691896257,1.0,0.1553398058252427,-1.0,rank_based,Entertainment,0,1,0,0,20-30,True,9.24390243902439,8,6,7,0.6666666666666666
33,7,Chandler Kinney,False,1.0,1.6329931618554514,0.0,0.8548611111111111,0.08597547561605809,0.0,1.0,0.1875,-1.0,rank_based,Entertainment,0,1,0,0,20-30,True,9.24390243902439,8,7,6,0.7777777777777778
33,8,Chandler Kinney,False,0.9666666666666667,0.8528028654224442,-0.033333333333333326,0.8755952380952381,0.09575566210620036,0.2886751345948129,1.0,0.20714285714285716,-1.0,rank_based,Entertainment,0,1,0,0,20-30,True,9.24390243902439,8,8,5,0.8888888888888888
33,9,Chandler Kinney,False,1.0,1.0954451150103335,0.033333333333333326,0.8869791666666667,0.09431871153296191,0.0,1.0,0.20618556701030927,-1.0,rank_based,Entertainment,0,1,0,0,20-30,True,9.24390243902439,8,9,5,1.0
33,1,Danny Amendola,False,0.6666666666666666,0.4264014327112193,0.0,,0.0,0.5773502691896258,5.0,0.08097165991902834,-5.0,rank_based,Sports,0,0,0,0,30-40,True,5.485294117647059,14,1,13,0.1111111111111111
33,2,Danny Amendola,False,0.7,0.4174188701588459,0.033333333333333326,0.6666666666666666,0.0,0.0,5.0,0.08139534883720931,-5.0,rank_based,Sports,0,0,0,0,30-40,True,5.485294117647059,14,2,13,0.2222222222222222
33,3,Danny Amendola,False,0.75,0.2513261241972755,0.050000000000000044,0.6833333333333333,0.02357022603955154,0.408248290463863,6.0,0.09433962264150944,-6.0,rank_based,Sports,0,0,0,0,30-40,True,5.485294117647059,14,3,11,0.3333333333333333
33,4,Danny Amendola,False,0.9,1.5294382258037438,0.15000000000000002,0.7055555555555556,0.04194352464039302,0.0,1.0,0.12244897959183673,-1.0,rank_based,Sports,0,0,0,0,30-40,True,5.485294117647059,14,4,9,0.4444444444444444
33,5,Danny Amendola,False,0.85,0.2204792759220514,-0.050000000000000044,0.7541666666666667,0.10307764064044152,0.0,4.0,0.12623762376237624,-4.0,rank_based,Sports,0,0,0,0,30-40,True,5.485294117647059,14,5,8,0.5555555555555556
33,6,Danny Amendola,False,0.9333333333333333,-0.2567762955065484,0.08333333333333337,0.7733333333333333,0.09902300518341965,0.5773502691896257,5.0,0.13592233009708737,-5.0,rank_based,Sports,0,0,0,0,30-40,True,5.485294117647059,14,6,7,0.6666666666666666
33,7,Danny Amendola,False,0.85,-0.5715476066494096,-0.08333333333333337,0.7999999999999999,0.11005049346146119,0.0,5.0,0.159375,-5.0,rank_based,Sports,0,0,0,0,30-40,True,5.485294117647059,14,7,6,0.7777777777777778
33,8,Danny Amendola,False,0.9,-0.8528028654224385,0.050000000000000044,0.8071428571428572,0.10222394753547454,0.0,4.0,0.19285714285714287,-4.0,rank_based,Sports,0,0,0,0,30-40,True,5.485294117647059,14,8,5,0.8888888888888888
33,9,Danny Amendola,False,0.9333333333333333,-1.338877362790405,0.033333333333333326,0.81875,0.10017346066809424,0.2886751345948129,5.0,0.19243986254295534,-5.0,rank_based,Sports,0,0,0,0,30-40,True,5.485294117647059,14,9,5,1.0
33,1,Dwight Howard ,False,0.7333333333333333,1.2792042981336607,0.0,,0.0,0.5773502691896258,2.0,0.08906882591093117,-2.0,rank_based,Sports,0,0,0,0,30-40,True,4.490196078431373,5,1,13,0.1111111111111111
33,2,Dwight Howard ,False,0.7333333333333333,0.7791818909631791,0.0,0.7333333333333333,0.0,0.5773502691896258,2.0,0.08527131782945736,-2.0,rank_based,Sports,0,0,0,0,30-40,True,4.490196078431373,5,2,13,0.2222222222222222
33,3,Dwight Howard ,False,0.65,-0.6702029978594027,-0.08333333333333326,0.7333333333333333,0.0,0.408248290463863,9.0,0.08176100628930817,-9.0,rank_based,Sports,0,0,0,0,30-40,True,4.490196078431373,5,3,11,0.3333333333333333
33,4,Dwight Howard ,False,0.725,-1.6823820483841219,0.07499999999999996,0.7055555555555556,0.04811252243246875,0.5,9.0,0.09863945578231292,-9.0,rank_based,Sports,0,0,0,0,30-40,True,4.490196078431373,5,4,9,0.4444444444444444
33,5,Dwight Howard ,False,0.8,-1.1023963796102425,0.07500000000000007,0.7104166666666667,0.04046889523425958,0.0,6.0,0.1188118811881188,-6.0,rank_based,Sports,0,0,0,0,30-40,True,4.490196078431373,5,5,8,0.5555555555555556
33,6,Dwight Howard ,False,1.0,0.6419407387663687,0.19999999999999996,0.7283333333333333,0.05322906474223772,0.5773502691896257,3.0,0.15048543689320387,-3.0,rank_based,Sports,0,0,0,0,30-40,True,4.490196078431373,5,6,7,0.6666666666666666
33,7,Dwight Howard ,True,0.8,-1.3063945294843622,-0.19999999999999996,0.7736111111111111,0.12069436453136342,0.0,6.0,0.15,-6.0,rank_based,Sports,0,0,0,0,30-40,True,4.490196078431373,5,7,6,0.7777777777777778
33,8,Dwight Howard ,False,,,0.0,0.7773809523809524,0.11062891400423591,0.0,6.0,0.0,-6.0,rank_based,Sports,0,0,0,0,30-40,True,4.490196078431373,5,8,5,0.8888888888888888
33,9,Dwight Howard ,False,,,0.0,0.7773809523809524,0.11062891400423591,0.0,6.0,0.0,-6.0,rank_based,Sports,0,0,0,0,30-40,True,4.490196078431373,5,9,5,1.0
33,1,Eric Roberts,False,0.5,-1.7056057308448842,0.0,,0.0,0.0,13.0,0.06072874493927125,-13.0,rank_based,Entertainment,0,1,0,0,60+,True,9.82258064516129,6,1,13,0.1111111111111111
33,2,Eric Roberts,False,0.5,-1.7531592546671537,0.0,0.5,0.0,1.0,12.0,0.05813953488372093,-12.0,rank_based,Entertainment,0,1,0,0,60+,True,9.82258064516129,6,2,13,0.2222222222222222
33,3,Eric Roberts,True,0.575,-1.3613498394019121,0.07499999999999996,0.5,0.0,0.5,10.0,0.07232704402515723,-10.0,rank_based,Entertainment,0,1,0,0,60+,True,9.82258064516129,6,3,11,0.3333333333333333
33,4,Eric Roberts,False,,,0.0,0.525,0.04330127018922189,0.0,10.0,0.0,-10.0,rank_based,Entertainment,0,1,0,0,60+,True,9.82258064516129,6,4,9,0.4444444444444444
33,5,Eric Roberts,False,,,0.0,0.525,0.04330127018922189,0.0,9.0,0.0,-9.0,rank_based,Entertainment,0,1,0,0,60+,True,9.82258064516129,6,5,8,0.5555555555555556
33,6,Eric Roberts,False,,,0.0,0.525,0.04330127018922189,0.0,8.0,0.0,-8.0,rank_based,Entertainment,0,1,0,0,60+,True,9.82258064516129,6,6,7,0.6666666666666666
33,7,Eric Roberts,False,,,0.0,0.525,0.04330127018922189,0.0,7.0,0.0,-7.0,rank_based,Entertainment,0,1,0,0,60+,True,9.82258064516129,6,7,6,0.7777777777777778
33,8,Eric Roberts,False,,,0.0,0.525,0.04330127018922189,0.0,6.0,0.0,-6.0,rank_based,Entertainment,0,1,0,0,60+,True,9.82258064516129,6,8,5,0.8888888888888888
33,9,Eric Roberts,False,,,0.0,0.525,0.04330127018922189,0.0,6.0,0.0,-6.0,rank_based,Entertainment,0,1,0,0,60+,True,9.82258064516129,6,9,5,1.0
33,1,Ilona Maher,False,0.6,-0.4264014327112221,0.0,,0.0,0.0,8.0,0.0728744939271255,-8.0,rank_based,Sports,0,0,0,0,20-30,True,6.341176470588235,9,1,13,0.1111111111111111
33,2,Ilona Maher,False,0.7,0.4174188701588459,0.09999999999999998,0.6,0.0,0.0,5.0,0.08139534883720931,-5.0,rank_based,Sports,0,0,0,0,20-30,True,6.341176470588235,9,2,13,0.2222222222222222
33,3,Ilona Maher,False,0.7,-0.2094384368310641,0.0,0.6499999999999999,0.07071067811865478,0.408248290463863,7.0,0.0880503144654088,-7.0,rank_based,Sports,0,0,0,0,20-30,True,6.341176470588235,9,3,11,0.3333333333333333
33,4,Ilona Maher,False,0.8,-0.30588764516075,0.10000000000000009,0.6666666666666666,0.057735026918962595,0.0,4.0,0.10884353741496598,-4.0,rank_based,Sports,0,0,0,0,20-30,True,6.341176470588235,9,4,9,0.4444444444444444
33,5,Ilona Maher,False,0.8666666666666667,0.6614378277661513,0.06666666666666665,0.7,0.08164965809277265,0.2886751345948129,2.0,0.12871287128712872,-2.0,rank_based,Sports,0,0,0,0,20-30,True,6.341176470588235,9,5,8,0.5555555555555556
33,6,Ilona Maher,False,0.8,-2.0542103640523828,-0.06666666666666665,0.7333333333333333,0.10274023338281633,0.0,7.0,0.11650485436893204,-7.0,rank_based,Sports,0,0,0,0,20-30,True,6.341176470588235,9,6,7,0.6666666666666666
33,7,Ilona Maher,False,0.8666666666666667,-0.32659863237109094,0.06666666666666665,0.7444444444444445,0.09583937179043484,0.2886751345948129,4.0,0.1625,-4.0,rank_based,Sports,0,0,0,0,20-30,True,6.341176470588235,9,7,6,0.7777777777777778
33,8,Ilona Maher,False,0.95,0.4264014327112221,0.08333333333333326,0.7619047619047619,0.09893613995077732,0.0,3.0,0.20357142857142857,-3.0,rank_based,Sports,0,0,0,0,20-30,True,6.341176470588235,9,8,5,0.8888888888888888
33,9,Ilona Maher,False,0.95,-0.7302967433402224,0.0,0.7854166666666667,0.11319231422671772,0.0,4.0,0.1958762886597938,-4.0,rank_based,Sports,0,0,0,0,20-30,True,6.341176470588235,9,9,5,1.0
33,1,Jenn Tran,False,0.6333333333333333,-1.4202020649874552e-15,0.0,,0.0,0.5773502691896258,6.0,0.07692307692307693,-6.0,rank_based,Media,0,0,0,0,20-30,True,6.076923076923077,12,1,13,0.1111111111111111
33,2,Jenn Tran,False,0.6333333333333333,-0.30610717144982064,0.0,0.6333333333333333,0.0,0.5773502691896258,9.0,0.07364341085271318,-9.0,rank_based,Media,0,0,0,0,20-30,True,6.076923076923077,12,2,13,0.2222222222222222
33,3,Jenn Tran,False,0.775,0.4817084047114453,0.14166666666666672,0.6333333333333333,0.0,0.5,3.0,0.09748427672955975,-3.0,rank_based,Media,0,0,0,0,20-30,True,6.076923076923077,12,3,11,0.3333333333333333
33,4,Jenn Tran,False,0.8,-0.30588764516075,0.025000000000000022,0.6805555555555555,0.081791288135197,0.0,4.0,0.10884353741496598,-4.0,rank_based,Media,0,0,0,0,20-30,True,6.076923076923077,12,4,9,0.4444444444444444
33,5,Jenn Tran,False,0.85,0.2204792759220514,0.04999999999999993,0.7104166666666667,0.08959140790483412,0.0,4.0,0.12623762376237624,-4.0,rank_based,Media,0,0,0,0,20-30,True,6.076923076923077,12,5,8,0.5555555555555556
33,6,Jenn Tran,True,1.0,0.6419407387663687,0.15000000000000002,0.7383333333333333,0.09958246164193102,0.5773502691896257,3.0,0.15048543689320387,-3.0,rank_based,Media,0,0,0,0,20-30,True,6.076923076923077,12,6,7,0.6666666666666666
33,7,Jenn Tran,False,,,0.0,0.7819444444444444,0.13908597128182051,0.0,7.0,0.0,-7.0,rank_based,Media,0,0,0,0,20-30,True,6.076923076923077,12,7,6,0.7777777777777778
33,8,Jenn Tran,False,,,0.0,0.7819444444444444,0.13908597128182051,0.0,6.0,0.0,-6.0,rank_based,Media,0,0,0,0,20-30,True,6.076923076923077,12,8,5,0.8888888888888888
33,9,Jenn Tran,False,,,0.0,0.7819444444444444,0.13908597128182051,0.0,6.0,0.0,-6.0,rank_based,Media,0,0,0,0,20-30,True,6.076923076923077,12,9,5,1.0
33,1,Joey Graziadei,False,0.7,0.85280286542244,0.0,,0.0,0.0,3.0,0.08502024291497975,-3.0,rank_based,Media,0,0,0,0,20-30,True,6.9655172413793105,9,1,13,0.1111111111111111
33,2,Joey Graziadei,False,0.7333333333333333,0.7791818909631791,0.033333333333333326,0.7,0.0,0.5773502691896258,2.0,0.08527131782945736,-2.0,rank_based,Media,0,0,0,0,20-30,True,6.9655172413793105,9,2,13,0.2222222222222222
33,3,Joey Graziadei,False,0.875,1.4032375267681234,0.14166666666666672,0.7166666666666666,0.02357022603955162,0.28867513459481287,1.0,0.11006289308176101,-1.0,rank_based,Media,0,0,0,0,20-30,True,6.9655172413793105,9,3,11,0.3333333333333333
33,4,Joey Graziadei,False,0.9,1.5294382258037438,0.025000000000000022,0.7694444444444444,0.09292071490932079,0.0,1.0,0.12244897959183673,-1.0,rank_based,Media,0,0,0,0,20-30,True,6.9655172413793105,9,4,9,0.4444444444444444
33,5,Joey Graziadei,False,0.8666666666666667,0.6614378277661513,-0.033333333333333326,0.8020833333333333,0.10008676791220268,0.2886751345948129,2.0,0.12871287128712872,-2.0,rank_based,Media,0,0,0,0,20-30,True,6.9655172413793105,9,5,8,0.5555555555555556
33,6,Joey Graziadei,False,1.0,0.6419407387663687,0.1333333333333333,0.8150000000000001,0.09136313382443838,0.5773502691896257,1.0,0.1553398058252427,-1.0,rank_based,Media,0,0,0,0,20-30,True,6.9655172413793105,9,6,7,0.6666666666666666
33,7,Joey Graziadei,False,0.9166666666666666,0.40824829046386163,-0.08333333333333337,0.8458333333333333,0.11127418588533666,0.2886751345948129,2.0,0.171875,-2.0,rank_based,Media,0,0,0,0,20-30,True,6.9655172413793105,9,7,6,0.7777777777777778
33,8,Joey Graziadei,False,0.9666666666666667,0.8528028654224442,0.050000000000000044,0.8559523809523809,0.10504786009268785,0.2886751345948129,1.0,0.20714285714285716,-1.0,rank_based,Media,0,0,0,0,20-30,True,6.9655172413793105,9,8,5,0.8888888888888888
33,9,Joey Graziadei,False,0.9833333333333333,0.4868644955601469,0.016666666666666607,0.8697916666666666,0.10483712802580213,0.2886751345948129,2.0,0.2027491408934708,-2.0,rank_based,Media,0,0,0,0,20-30,True,6.9655172413793105,9,9,5,1.0
33,1,Phaedra Parks,False,0.6333333333333333,-1.4202020649874552e-15,0.0,,0.0,0.5773502691896258,6.0,0.07692307692307693,-6.0,rank_based,Media,0,0,0,0,50-60,True,8.0,1,1,13,0.1111111111111111
33,2,Phaedra Parks,False,0.7,0.4174188701588459,0.06666666666666665,0.6333333333333333,0.0,0.0,5.0,0.08139534883720931,-5.0,rank_based,Media,0,0,0,0,50-60,True,8.0,1,2,13,0.2222222222222222
33,3,Phaedra Parks,False,0.7,-0.2094384368310641,0.0,0.6666666666666666,0.04714045207910316,0.7071067811865476,7.0,0.0880503144654088,-7.0,rank_based,Media,0,0,0,0,50-60,True,8.0,1,3,11,0.3333333333333333
33,4,Phaedra Parks,False,0.8,-0.30588764516075,0.10000000000000009,0.6777777777777777,0.03849001794597505,0.0,4.0,0.10884353741496598,-4.0,rank_based,Media,0,0,0,0,50-60,True,8.0,1,4,9,0.4444444444444444
33,5,Phaedra Parks,True,0.8,-1.1023963796102425,0.0,0.7083333333333333,0.06871842709362774,0.0,6.0,0.1188118811881188,-6.0,rank_based,Media,0,0,0,0,50-60,True,8.0,1,5,8,0.5555555555555556
33,6,Phaedra Parks,False,,,0.0,0.7266666666666667,0.0722649446289294,0.0,8.0,0.0,-8.0,rank_based,Media,0,0,0,0,50-60,True,8.0,1,6,7,0.6666666666666666
33,7,Phaedra Parks,False,,,0.0,0.7266666666666667,0.0722649446289294,0.0,7.0,0.0,-7.0,rank_based,Media,0,0,0,0,50-60,True,8.0,1,7,6,0.7777777777777778
33,8,Phaedra Parks,False,,,0.0,0.7266666666666667,0.0722649446289294,0.0,6.0,0.0,-6.0,rank_based,Media,0,0,0,0,50-60,True,8.0,1,8,5,0.8888888888888888
33,9,Phaedra Parks,False,,,0.0,0.7266666666666667,0.0722649446289294,0.0,6.0,0.0,-6.0,rank_based,Media,0,0,0,0,50-60,True,8.0,1,9,5,1.0
33,1,Reginald VelJohnson,False,0.5333333333333333,-1.2792042981336635,0.0,,0.0,0.5773502691896258,12.0,0.06477732793522267,-12.0,rank_based,Entertainment,0,1,0,0,60+,True,7.7924528301886795,16,1,13,0.1111111111111111
33,2,Reginald VelJohnson,False,0.5,-1.7531592546671537,-0.033333333333333326,0.5333333333333333,0.0,1.0,12.0,0.05813953488372093,-12.0,rank_based,Entertainment,0,1,0,0,60+,True,7.7924528301886795,16,2,13,0.2222222222222222
33,3,Reginald VelJohnson,True,0.525,-1.8221144004302507,0.025000000000000022,0.5166666666666666,0.02357022603955154,0.5,11.0,0.0660377358490566,-11.0,rank_based,Entertainment,0,1,0,0,60+,True,7.7924528301886795,16,3,11,0.3333333333333333
33,4,Reginald VelJohnson,False,,,0.0,0.5194444444444445,0.017347216662217762,0.0,10.0,0.0,-10.0,rank_based,Entertainment,0,1,0,0,60+,True,7.7924528301886795,16,4,9,0.4444444444444444
33,5,Reginald VelJohnson,False,,,0.0,0.5194444444444445,0.017347216662217762,0.0,9.0,0.0,-9.0,rank_based,Entertainment,0,1,0,0,60+,True,7.7924528301886795,16,5,8,0.5555555555555556
33,6,Reginald VelJohnson,False,,,0.0,0.5194444444444445,0.017347216662217762,0.0,8.0,0.0,-8.0,rank_based,Entertainment,0,1,0,0,60+,True,7.7924528301886795,16,6,7,0.6666666666666666
33,7,Reginald VelJohnson,False,,,0.0,0.5194444444444445,0.017347216662217762,0.0,7.0,0.0,-7.0,rank_based,Entertainment,0,1,0,0,60+,True,7.7924528301886795,16,7,6,0.7777777777777778
33,8,Reginald VelJohnson,False,,,0.0,0.5194444444444445,0.017347216662217762,0.0,6.0,0.0,-6.0,rank_based,Entertainment,0,1,0,0,60+,True,7.7924528301886795,16,8,5,0.8888888888888888
33,9,Reginald VelJohnson,False,,,0.0,0.5194444444444445,0.017347216662217762,0.0,6.0,0.0,-6.0,rank_based,Entertainment,0,1,0,0,60+,True,7.7924528301886795,16,9,5,1.0
33,1,Stephen Nedoroscik,False,0.7,0.85280286542244,0.0,,0.0,0.0,3.0,0.08502024291497975,-3.0,rank_based,Sports,0,0,0,0,20-30,True,6.838709677419355,3,1,13,0.1111111111111111
33,2,Stephen Nedoroscik,False,0.7333333333333333,0.7791818909631791,0.033333333333333326,0.7,0.0,0.5773502691896258,2.0,0.08527131782945736,-2.0,rank_based,Sports,0,0,0,0,20-30,True,6.838709677419355,3,2,13,0.2222222222222222
33,3,Stephen Nedoroscik,False,0.775,0.4817084047114453,0.04166666666666674,0.7166666666666666,0.02357022603955162,0.28867513459481287,3.0,0.09748427672955975,-3.0,rank_based,Sports,0,0,0,0,20-30,True,6.838709677419355,3,3,11,0.3333333333333333
33,4,Stephen Nedoroscik,False,0.825,0.15294382258037195,0.04999999999999993,0.736111111111111,0.037577081273524195,0.5,3.0,0.11224489795918367,-3.0,rank_based,Sports,0,0,0,0,20-30,True,6.838709677419355,3,4,9,0.4444444444444444
33,5,Stephen Nedoroscik,False,0.8,-1.1023963796102425,-0.02499999999999991,0.7583333333333333,0.0540061724867322,0.0,6.0,0.1188118811881188,-6.0,rank_based,Sports,0,0,0,0,20-30,True,6.838709677419355,3,5,8,0.5555555555555556
33,6,Stephen Nedoroscik,False,0.9333333333333333,-0.2567762955065484,0.1333333333333333,0.7666666666666666,0.05034602488997743,0.5773502691896257,5.0,0.13592233009708737,-5.0,rank_based,Sports,0,0,0,0,20-30,True,6.838709677419355,3,6,7,0.6666666666666666
33,7,Stephen Nedoroscik,False,0.9,0.16329931618554466,-0.033333333333333326,0.7944444444444444,0.08159293723973549,0.5,3.0,0.16875,-3.0,rank_based,Sports,0,0,0,0,20-30,True,6.838709677419355,3,7,6,0.7777777777777778
33,8,Stephen Nedoroscik,False,0.8833333333333333,-1.2792042981336607,-0.01666666666666672,0.8095238095238095,0.0844958594521073,0.2886751345948129,5.0,0.18928571428571428,-5.0,rank_based,Sports,0,0,0,0,20-30,True,6.838709677419355,3,8,5,0.8888888888888888
33,9,Stephen Nedoroscik,False,0.9833333333333333,0.4868644955601469,0.09999999999999998,0.81875,0.08246572159446157,0.2886751345948129,2.0,0.2027491408934708,-2.0,rank_based,Sports,0,0,0,0,20-30,True,6.838709677419355,3,9,5,1.0
33,1,Tori Spelling,False,0.5666666666666667,-0.8528028654224429,0.0,,0.0,0.5773502691896258,11.0,0.06882591093117409,-11.0,rank_based,Entertainment,0,1,0,0,50-60,True,10.273972602739725,7,1,13,0.1111111111111111
33,2,Tori Spelling,True,0.6333333333333333,-0.30610717144982064,0.06666666666666665,0.5666666666666667,0.0,0.5773502691896258,9.0,0.07364341085271318,-9.0,rank_based,Entertainment,0,1,0,0,50-60,True,10.273972602739725,7,2,13,0.2222222222222222
33,3,Tori Spelling,False,,,0.0,0.6,0.04714045207910316,0.0,12.0,0.0,-12.0,rank_based,Entertainment,0,1,0,0,50-60,True,10.273972602739725,7,3,11,0.3333333333333333
33,4,Tori Spelling,False,,,0.0,0.6,0.04714045207910316,0.0,10.0,0.0,-10.0,rank_based,Entertainment,0,1,0,0,50-60,True,10.273972602739725,7,4,9,0.4444444444444444
33,5,Tori Spelling,False,,,0.0,0.6,0.04714045207910316,0.0,9.0,0.0,-9.0,rank_based,Entertainment,0,1,0,0,50-60,True,10.273972602739725,7,5,8,0.5555555555555556
33,6,Tori Spelling,False,,,0.0,0.6,0.04714045207910316,0.0,8.0,0.0,-8.0,rank_based,Entertainment,0,1,0,0,50-60,True,10.273972602739725,7,6,7,0.6666666666666666
33,7,Tori Spelling,False,,,0.0,0.6,0.04714045207910316,0.0,7.0,0.0,-7.0,rank_based,Entertainment,0,1,0,0,50-60,True,10.273972602739725,7,7,6,0.7777777777777778
33,8,Tori Spelling,False,,,0.0,0.6,0.04714045207910316,0.0,6.0,0.0,-6.0,rank_based,Entertainment,0,1,0,0,50-60,True,10.273972602739725,7,8,5,0.8888888888888888
33,9,Tori Spelling,False,,,0.0,0.6,0.04714045207910316,0.0,6.0,0.0,-6.0,rank_based,Entertainment,0,1,0,0,50-60,True,10.273972602739725,7,9,5,1.0
34,1,Alix Earle,False,0.65,0.6147855193034036,0.0,,0.0,0.7071067811865476,4.0,0.07926829268292683,-4.0,rank_based,Social Media,0,0,0,0,20-30,True,2.0,1,1,14,0.09090909090909091
34,2,Alix Earle,False,0.7,0.49351769873992857,0.04999999999999993,0.65,0.0,0.0,5.0,0.07553956834532374,-5.0,rank_based,Social Media,0,0,0,0,20-30,True,2.0,1,2,14,0.18181818181818182
34,3,Alix Earle,False,0.7666666666666667,0.750827671264452,0.06666666666666676,0.675,0.03535533905932729,0.5773502691896258,3.0,0.08949416342412451,-3.0,rank_based,Social Media,0,0,0,0,20-30,True,2.0,1,3,12,0.2727272727272727
34,4,Alix Earle,False,0.8,0.7391266142833404,0.033333333333333326,0.7055555555555556,0.05853140973807075,0.0,2.0,0.0967741935483871,-2.0,rank_based,Social Media,0,0,0,0,20-30,True,2.0,1,4,11,0.36363636363636365
34,5,Alix Earle,False,0.875,1.0128647922734526,0.07499999999999996,0.7291666666666667,0.06718548123582123,0.5,2.0,0.11182108626198083,-2.0,rank_based,Social Media,0,0,0,0,20-30,True,2.0,1,5,10,0.45454545454545453
34,6,Alix Earle,False,0.875,0.24019223070763096,0.0,0.7583333333333334,0.0874007373475126,0.5,6.0,0.10294117647058823,-6.0,rank_based,Social Media,0,0,0,0,20-30,True,2.0,1,6,10,0.5454545454545454
34,7,Alix Earle,False,1.0,0.9535938336664559,0.125,0.7777777777777778,0.09154031696268929,0.5,1.0,0.12951807228915663,-1.0,rank_based,Social Media,0,0,0,0,20-30,True,2.0,1,7,9,0.6363636363636364
34,8,Alix Earle,False,0.9625,0.48105745543579453,-0.03749999999999998,0.8095238095238095,0.11848079343378147,0.25,3.0,0.12769485903814262,-3.0,rank_based,Social Media,0,0,0,0,20-30,True,2.0,1,8,8,0.7272727272727273
34,9,Alix Earle,False,1.0,0.5559265472665742,0.03749999999999998,0.8286458333333333,0.12230097007688048,0.0,4.0,0.14814814814814814,-4.0,rank_based,Social Media,0,0,0,0,20-30,True,2.0,1,9,7,0.8181818181818182
34,10,Alix Earle,False,0.9666666666666667,0.48795003647426477,-0.033333333333333326,0.8476851851851852,0.12786832540537665,0.2886751345948129,2.0,0.1686046511627907,-2.0,rank_based,Social Media,0,0,0,0,20-30,True,2.0,1,10,6,0.9090909090909091
34,11,Alix Earle,False,1.0,1.2278812270298334,0.033333333333333326,0.8595833333333334,0.12629040729726318,0.0,1.0,0.2031609129238783,-1.0,rank_based,Social Media,0,0,0,0,20-30,True,2.0,1,11,5,1.0
34,1,Andy Richter,False,0.45,-1.2978805407516267,0.0,,0.0,0.7071067811865476,13.0,0.054878048780487805,-13.0,rank_based,Entertainment,0,1,0,0,50-60,True,7.0,1,1,14,0.09090909090909091
34,2,Andy Richter,False,0.5333333333333333,-1.6656222332472597,0.08333333333333331,0.45,0.0,0.5773502691896258,13.0,0.05755395683453238,-13.0,rank_based,Entertainment,0,1,0,0,50-60,True,7.0,1,2,14,0.18181818181818182
34,3,Andy Richter,False,0.6,-1.620207080096975,0.06666666666666665,0.4916666666666667,0.05892556509887893,0.0,11.0,0.07003891050583658,-11.0,rank_based,Entertainment,0,1,0,0,50-60,True,7.0,1,3,12,0.2727272727272727
34,4,Andy Richter,False,0.6,-2.3097706696354408,0.0,0.5277777777777778,0.0751541625470482,0.0,11.0,0.07258064516129033,-11.0,rank_based,Entertainment,0,1,0,0,50-60,True,7.0,1,4,11,0.36363636363636365
34,5,Andy Richter,False,0.6,-1.998354860431406,0.0,0.5458333333333333,0.07120003121097938,0.0,10.0,0.07667731629392971,-10.0,rank_based,Entertainment,0,1,0,0,50-60,True,7.0,1,5,10,0.45454545454545453
34,6,Andy Richter,False,0.675,-1.6813456149534145,0.07500000000000007,0.5566666666666666,0.06624868971450591,0.5,10.0,0.07941176470588235,-10.0,rank_based,Entertainment,0,1,0,0,50-60,True,7.0,1,6,10,0.5454545454545454
34,7,Andy Richter,False,0.725,-1.8230470349505745,0.04999999999999993,0.5763888888888888,0.0764519941362382,0.0,9.0,0.08734939759036145,-9.0,rank_based,Entertainment,0,1,0,0,50-60,True,7.0,1,7,9,0.6363636363636364
34,8,Andy Richter,False,0.85,-2.1832607592855213,0.125,0.5976190476190476,0.08958679395309131,0.7071067811865476,8.0,0.11276948590381426,-8.0,rank_based,Entertainment,0,1,0,0,50-60,True,7.0,1,8,8,0.7272727272727273
34,9,Andy Richter,True,0.725,-2.1194699614538135,-0.125,0.6291666666666667,0.12182475052824784,0.5,7.0,0.10740740740740741,-7.0,rank_based,Entertainment,0,1,0,0,50-60,True,7.0,1,9,7,0.8181818181818182
34,10,Andy Richter,False,,,0.0,0.6398148148148147,0.11834930773762596,0.0,7.0,0.0,-7.0,rank_based,Entertainment,0,1,0,0,50-60,True,7.0,1,10,6,0.9090909090909091
34,11,Andy Richter,False,,,0.0,0.6398148148148147,0.11834930773762596,0.0,6.0,0.0,-6.0,rank_based,Entertainment,0,1,0,0,50-60,True,7.0,1,11,5,1.0
34,1,Baron Davis,False,0.5,-0.8197140257378693,0.0,,0.0,0.0,9.0,0.06097560975609756,-9.0,rank_based,Sports,0,0,0,0,40-50,True,9.82258064516129,6,1,14,0.09090909090909091
34,2,Baron Davis,True,0.6,-0.8019662604523844,0.09999999999999998,0.5,0.0,0.0,11.0,0.06474820143884892,-11.0,rank_based,Sports,0,0,0,0,40-50,True,9.82258064516129,6,2,14,0.18181818181818182
34,3,Baron Davis,False,,,0.0,0.55,0.0707106781186547,0.0,13.0,0.0,-13.0,rank_based,Sports,0,0,0,0,40-50,True,9.82258064516129,6,3,12,0.2727272727272727
34,4,Baron Davis,False,,,0.0,0.55,0.0707106781186547,0.0,12.0,0.0,-12.0,rank_based,Sports,0,0,0,0,40-50,True,9.82258064516129,6,4,11,0.36363636363636365
34,5,Baron Davis,False,,,0.0,0.55,0.0707106781186547,0.0,11.0,0.0,-11.0,rank_based,Sports,0,0,0,0,40-50,True,9.82258064516129,6,5,10,0.45454545454545453
34,6,Baron Davis,False,,,0.0,0.55,0.0707106781186547,0.0,11.0,0.0,-11.0,rank_based,Sports,0,0,0,0,40-50,True,9.82258064516129,6,6,10,0.5454545454545454
34,7,Baron Davis,False,,,0.0,0.55,0.0707106781186547,0.0,10.0,0.0,-10.0,rank_based,Sports,0,0,0,0,40-50,True,9.82258064516129,6,7,9,0.6363636363636364
34,8,Baron Davis,False,,,0.0,0.55,0.0707106781186547,0.0,9.0,0.0,-9.0,rank_based,Sports,0,0,0,0,40-50,True,9.82258064516129,6,8,8,0.7272727272727273
34,9,Baron Davis,False,,,0.0,0.55,0.0707106781186547,0.0,8.0,0.0,-8.0,rank_based,Sports,0,0,0,0,40-50,True,9.82258064516129,6,9,7,0.8181818181818182
34,10,Baron Davis,False,,,0.0,0.55,0.0707106781186547,0.0,7.0,0.0,-7.0,rank_based,Sports,0,0,0,0,40-50,True,9.82258064516129,6,10,6,0.9090909090909091
34,11,Baron Davis,False,,,0.0,0.55,0.0707106781186547,0.0,6.0,0.0,-6.0,rank_based,Sports,0,0,0,0,40-50,True,9.82258064516129,6,11,5,1.0
34,1,Corey Feldman,False,0.45,-1.2978805407516267,0.0,,0.0,0.7071067811865476,13.0,0.054878048780487805,-13.0,rank_based,Entertainment,0,1,0,0,50-60,True,6.9655172413793105,9,1,14,0.09090909090909091
34,2,Corey Feldman,True,0.5,-2.0974502196446974,0.04999999999999999,0.45,0.0,0.0,14.0,0.0539568345323741,-14.0,rank_based,Entertainment,0,1,0,0,50-60,True,6.9655172413793105,9,2,14,0.18181818181818182
34,3,Corey Feldman,False,,,0.0,0.475,0.03535533905932739,0.0,13.0,0.0,-13.0,rank_based,Entertainment,0,1,0,0,50-60,True,6.9655172413793105,9,3,12,0.2727272727272727
34,4,Corey Feldman,False,,,0.0,0.475,0.03535533905932739,0.0,12.0,0.0,-12.0,rank_based,Entertainment,0,1,0,0,50-60,True,6.9655172413793105,9,4,11,0.36363636363636365
34,5,Corey Feldman,False,,,0.0,0.475,0.03535533905932739,0.0,11.0,0.0,-11.0,rank_based,Entertainment,0,1,0,0,50-60,True,6.9655172413793105,9,5,10,0.45454545454545453
34,6,Corey Feldman,False,,,0.0,0.475,0.03535533905932739,0.0,11.0,0.0,-11.0,rank_based,Entertainment,0,1,0,0,50-60,True,6.9655172413793105,9,6,10,0.5454545454545454
34,7,Corey Feldman,False,,,0.0,0.475,0.03535533905932739,0.0,10.0,0.0,-10.0,rank_based,Entertainment,0,1,0,0,50-60,True,6.9655172413793105,9,7,9,0.6363636363636364
34,8,Corey Feldman,False,,,0.0,0.475,0.03535533905932739,0.0,9.0,0.0,-9.0,rank_based,Entertainment,0,1,0,0,50-60,True,6.9655172413793105,9,8,8,0.7272727272727273
34,9,Corey Feldman,False,,,0.0,0.475,0.03535533905932739,0.0,8.0,0.0,-8.0,rank_based,Entertainment,0,1,0,0,50-60,True,6.9655172413793105,9,9,7,0.8181818181818182
34,10,Corey Feldman,False,,,0.0,0.475,0.03535533905932739,0.0,7.0,0.0,-7.0,rank_based,Entertainment,0,1,0,0,50-60,True,6.9655172413793105,9,10,6,0.9090909090909091
34,11,Corey Feldman,False,,,0.0,0.475,0.03535533905932739,0.0,6.0,0.0,-6.0,rank_based,Entertainment,0,1,0,0,50-60,True,6.9655172413793105,9,11,5,1.0
34,1,Danielle Fishel,False,0.6,0.1366190042896456,0.0,,0.0,0.0,6.0,0.07317073170731707,-6.0,rank_based,Entertainment,0,1,0,0,40-50,True,10.273972602739725,7,1,14,0.09090909090909091
34,2,Danielle Fishel,False,0.6333333333333333,-0.37013827405494676,0.033333333333333326,0.6,0.0,0.5773502691896258,10.0,0.0683453237410072,-10.0,rank_based,Entertainment,0,1,0,0,40-50,True,10.273972602739725,7,2,14,0.18181818181818182
34,3,Danielle Fishel,False,0.7,-0.1975862292801197,0.06666666666666665,0.6166666666666667,0.02357022603955154,0.0,8.0,0.08171206225680934,-8.0,rank_based,Entertainment,0,1,0,0,40-50,True,10.273972602739725,7,3,12,0.2727272727272727
34,4,Danielle Fishel,False,0.7,-0.7853220276760511,0.0,0.6444444444444444,0.05091750772173149,0.0,9.0,0.0846774193548387,-9.0,rank_based,Entertainment,0,1,0,0,40-50,True,10.273972602739725,7,4,11,0.36363636363636365
34,5,Danielle Fishel,False,0.725,-0.6296186546564704,0.025000000000000022,0.6583333333333333,0.04999999999999993,0.5,8.0,0.0926517571884984,-8.0,rank_based,Entertainment,0,1,0,0,40-50,True,10.273972602739725,7,5,10,0.45454545454545453
34,6,Danielle Fishel,False,0.9,0.4803844614152619,0.17500000000000004,0.6716666666666666,0.05257270098529163,0.0,3.0,0.10588235294117647,-3.0,rank_based,Entertainment,0,1,0,0,40-50,True,10.273972602739725,7,6,10,0.5454545454545454
34,7,Danielle Fishel,False,0.875,-0.3085156520685578,-0.025000000000000022,0.7097222222222221,0.10440528225603801,0.5,6.0,0.10542168674698796,-6.0,rank_based,Entertainment,0,1,0,0,40-50,True,10.273972602739725,7,7,9,0.6363636363636364
34,8,Danielle Fishel,True,0.925,-0.40704861613797655,0.050000000000000044,0.7333333333333333,0.11395661942647789,0.28867513459481287,7.0,0.12271973466003316,-7.0,rank_based,Entertainment,0,1,0,0,40-50,True,10.273972602739725,7,8,8,0.7272727272727273
34,9,Danielle Fishel,False,,,0.0,0.7572916666666667,0.12539125276446234,0.0,8.0,0.0,-8.0,rank_based,Entertainment,0,1,0,0,40-50,True,10.273972602739725,7,9,7,0.8181818181818182
34,10,Danielle Fishel,False,,,0.0,0.7572916666666667,0.12539125276446234,0.0,7.0,0.0,-7.0,rank_based,Entertainment,0,1,0,0,40-50,True,10.273972602739725,7,10,6,0.9090909090909091
34,11,Danielle Fishel,False,,,0.0,0.7572916666666667,0.12539125276446234,0.0,6.0,0.0,-6.0,rank_based,Entertainment,0,1,0,0,40-50,True,10.273972602739725,7,11,5,1.0
34,1,Dylan Efron,False,0.5,-0.8197140257378693,0.0,,0.0,0.0,9.0,0.06097560975609756,-9.0,rank_based,Media,0,0,0,0,30-40,True,4.0,1,1,14,0.09090909090909091
34,2,Dylan Efron,False,0.6666666666666666,0.06168971234249089,0.16666666666666663,0.5,0.0,0.5773502691896258,9.0,0.07194244604316546,-9.0,rank_based,Media,0,0,0,0,30-40,True,4.0,1,2,14,0.18181818181818182
34,3,Dylan Efron,False,0.7666666666666667,0.750827671264452,0.10000000000000009,0.5833333333333333,0.11785113019775793,0.5773502691896258,3.0,0.08949416342412451,-3.0,rank_based,Media,0,0,0,0,30-40,True,4.0,1,3,12,0.2727272727272727
34,4,Dylan Efron,False,0.7666666666666667,0.23097706696354375,0.0,0.6444444444444445,0.13471506281091275,0.5773502691896258,5.0,0.09274193548387097,-5.0,rank_based,Media,0,0,0,0,30-40,True,4.0,1,4,11,0.36363636363636365
34,5,Dylan Efron,False,0.9,1.28661203342844,0.1333333333333333,0.675,0.12583057392117925,0.0,1.0,0.11501597444089456,-1.0,rank_based,Media,0,0,0,0,30-40,True,4.0,1,5,10,0.45454545454545453
34,6,Dylan Efron,False,0.8,-0.4803844614152608,-0.09999999999999998,0.72,0.14832396974191334,0.0,7.0,0.09411764705882353,-7.0,rank_based,Media,0,0,0,0,30-40,True,4.0,1,6,10,0.5454545454545454
34,7,Dylan Efron,False,0.95,0.44875003937244995,0.1499999999999999,0.7333333333333334,0.13662601021279472,0.5,4.0,0.1144578313253012,-4.0,rank_based,Media,0,0,0,0,30-40,True,4.0,1,7,9,0.6363636363636364
34,8,Dylan Efron,False,0.95,0.18502209824453575,0.0,0.7642857142857142,0.14920423841803146,0.408248290463863,4.0,0.12603648424543948,-4.0,rank_based,Media,0,0,0,0,30-40,True,4.0,1,8,8,0.7272727272727273
34,9,Dylan Efron,False,1.0,0.5559265472665742,0.050000000000000044,0.7875,0.15294723646688474,0.0,1.0,0.15555555555555556,-1.0,rank_based,Media,0,0,0,0,30-40,True,4.0,1,9,7,0.8181818181818182
34,10,Dylan Efron,False,0.9166666666666666,-1.7078251276599365,-0.08333333333333337,0.8111111111111111,0.15964370050556684,0.2886751345948129,6.0,0.15988372093023256,-6.0,rank_based,Media,0,0,0,0,30-40,True,4.0,1,10,6,0.9090909090909091
34,11,Dylan Efron,False,0.9777733333333334,-0.5262348115842168,0.061106666666666754,0.8216666666666667,0.15417042037472212,0.1924885797478208,4.0,0.19864532303262358,-4.0,rank_based,Media,0,0,0,0,30-40,True,4.0,1,11,5,1.0
34,1,Elaine Hendrix,False,0.6,0.1366190042896456,0.0,,0.0,0.0,6.0,0.07317073170731707,-6.0,rank_based,Entertainment,0,1,0,0,50-60,True,5.0,1,1,14,0.09090909090909091
34,2,Elaine Hendrix,False,0.7,0.49351769873992857,0.09999999999999998,0.6,0.0,0.0,5.0,0.07553956834532374,-5.0,rank_based,Entertainment,0,1,0,0,50-60,True,5.0,1,2,14,0.18181818181818182
34,3,Elaine Hendrix,False,0.7,-0.1975862292801197,0.0,0.6499999999999999,0.07071067811865478,0.0,8.0,0.08171206225680934,-8.0,rank_based,Entertainment,0,1,0,0,50-60,True,5.0,1,3,12,0.2727272727272727
34,4,Elaine Hendrix,False,0.8,0.7391266142833404,0.10000000000000009,0.6666666666666666,0.057735026918962595,0.0,2.0,0.0967741935483871,-2.0,rank_based,Entertainment,0,1,0,0,50-60,True,5.0,1,4,11,0.36363636363636365
34,5,Elaine Hendrix,False,0.75,-0.355871413501483,-0.050000000000000044,0.7,0.08164965809277265,0.5773502691896257,6.0,0.09584664536741214,-6.0,rank_based,Entertainment,0,1,0,0,50-60,True,5.0,1,5,10,0.45454545454545453
34,6,Elaine Hendrix,False,0.9,0.4803844614152619,0.15000000000000002,0.71,0.07416198487095667,0.0,3.0,0.10588235294117647,-3.0,rank_based,Entertainment,0,1,0,0,50-60,True,5.0,1,6,10,0.5454545454545454
34,7,Elaine Hendrix,False,0.8,-1.0657813435095655,-0.09999999999999998,0.7416666666666667,0.1020620726159658,0.0,8.0,0.0963855421686747,-8.0,rank_based,Entertainment,0,1,0,0,50-60,True,5.0,1,7,9,0.6363636363636364
34,8,Elaine Hendrix,False,0.9375,-0.1110132589467204,0.13749999999999996,0.75,0.09574271077563384,0.47871355387816905,6.0,0.12437810945273632,-6.0,rank_based,Entertainment,0,1,0,0,50-60,True,5.0,1,8,8,0.7272727272727273
34,9,Elaine Hendrix,False,0.9,-0.41694491044993015,-0.03749999999999998,0.7734375,0.11068728069269235,0.0,6.0,0.13333333333333333,-6.0,rank_based,Entertainment,0,1,0,0,50-60,True,5.0,1,9,7,0.8181818181818182
34,10,Elaine Hendrix,False,0.95,-0.24397501823713727,0.04999999999999993,0.7875000000000001,0.11180339887498952,0.0,4.0,0.16569767441860464,-4.0,rank_based,Entertainment,0,1,0,0,50-60,True,5.0,1,10,6,0.9090909090909091
34,11,Elaine Hendrix,False,0.96666,-1.4032928308912507,0.016660000000000008,0.80375,0.11726779656457742,0.0,5.0,0.19638752808699622,-5.0,rank_based,Entertainment,0,1,0,0,50-60,True,5.0,1,11,5,1.0
34,1,Hilaria Baldwin,False,0.7,1.0929520343171606,0.0,,0.0,0.0,3.0,0.08536585365853659,-3.0,rank_based,Other,0,0,0,0,40-50,True,8.448818897637794,13,1,14,0.09090909090909091
34,2,Hilaria Baldwin,False,0.7,0.49351769873992857,0.0,0.7,0.0,0.0,5.0,0.07553956834532374,-5.0,rank_based,Other,0,0,0,0,40-50,True,8.448818897637794,13,2,14,0.18181818181818182
34,3,Hilaria Baldwin,False,0.7333333333333333,0.2766207209921654,0.033333333333333326,0.7,0.0,0.5773502691896258,5.0,0.08560311284046693,-5.0,rank_based,Other,0,0,0,0,40-50,True,8.448818897637794,13,3,12,0.2727272727272727
34,4,Hilaria Baldwin,True,0.7666666666666667,0.23097706696354375,0.03333333333333344,0.7111111111111111,0.01924500897298754,0.5773502691896258,5.0,0.09274193548387097,-5.0,rank_based,Other,0,0,0,0,40-50,True,8.448818897637794,13,4,11,0.36363636363636365
34,5,Hilaria Baldwin,False,,,0.0,0.725,0.03191423692521133,0.0,11.0,0.0,-11.0,rank_based,Other,0,0,0,0,40-50,True,8.448818897637794,13,5,10,0.45454545454545453
34,6,Hilaria Baldwin,False,,,0.0,0.725,0.03191423692521133,0.0,11.0,0.0,-11.0,rank_based,Other,0,0,0,0,40-50,True,8.448818897637794,13,6,10,0.5454545454545454
34,7,Hilaria Baldwin,False,,,0.0,0.725,0.03191423692521133,0.0,10.0,0.0,-10.0,rank_based,Other,0,0,0,0,40-50,True,8.448818897637794,13,7,9,0.6363636363636364
34,8,Hilaria Baldwin,False,,,0.0,0.725,0.03191423692521133,0.0,9.0,0.0,-9.0,rank_based,Other,0,0,0,0,40-50,True,8.448818897637794,13,8,8,0.7272727272727273
34,9,Hilaria Baldwin,False,,,0.0,0.725,0.03191423692521133,0.0,8.0,0.0,-8.0,rank_based,Other,0,0,0,0,40-50,True,8.448818897637794,13,9,7,0.8181818181818182
34,10,Hilaria Baldwin,False,,,0.0,0.725,0.03191423692521133,0.0,7.0,0.0,-7.0,rank_based,Other,0,0,0,0,40-50,True,8.448818897637794,13,10,6,0.9090909090909091
34,11,Hilaria Baldwin,False,,,0.0,0.725,0.03191423692521133,0.0,6.0,0.0,-6.0,rank_based,Other,0,0,0,0,40-50,True,8.448818897637794,13,11,5,1.0
34,1,Jen Affleck,False,0.6,0.1366190042896456,0.0,,0.0,0.0,6.0,0.07317073170731707,-6.0,rank_based,Media,0,0,0,0,20-30,True,9.0,1,1,14,0.09090909090909091
34,2,Jen Affleck,False,0.7333333333333333,0.9253456851373663,0.1333333333333333,0.6,0.0,0.5773502691896258,1.0,0.07913669064748201,-1.0,rank_based,Media,0,0,0,0,20-30,True,9.0,1,2,14,0.18181818181818182
34,3,Jen Affleck,False,0.6333333333333333,-1.14600012982469,-0.09999999999999998,0.6666666666666666,0.09428090415820632,0.5773502691896258,10.0,0.07392996108949416,-10.0,rank_based,Media,0,0,0,0,20-30,True,9.0,1,3,12,0.2727272727272727
34,4,Jen Affleck,False,0.7666666666666667,0.23097706696354375,0.13333333333333341,0.6555555555555556,0.06938886664887108,0.5773502691896258,5.0,0.09274193548387097,-5.0,rank_based,Media,0,0,0,0,20-30,True,9.0,1,4,11,0.36363636363636365
34,5,Jen Affleck,False,0.725,-0.6296186546564704,-0.04166666666666674,0.6833333333333333,0.07934920476158723,0.5,8.0,0.0926517571884984,-8.0,rank_based,Media,0,0,0,0,20-30,True,9.0,1,5,10,0.45454545454545453
34,6,Jen Affleck,False,0.8,-0.4803844614152608,0.07500000000000007,0.6916666666666667,0.07120003121097943,0.0,7.0,0.09411764705882353,-7.0,rank_based,Media,0,0,0,0,20-30,True,9.0,1,6,10,0.5454545454545454
34,7,Jen Affleck,True,0.85,-0.5609375492155608,0.04999999999999993,0.7097222222222221,0.07753434125646567,0.0,7.0,0.10240963855421686,-7.0,rank_based,Media,0,0,0,0,20-30,True,9.0,1,7,9,0.6363636363636364
34,8,Jen Affleck,False,,,0.0,0.7297619047619047,0.08843510160432448,0.0,9.0,0.0,-9.0,rank_based,Media,0,0,0,0,20-30,True,9.0,1,8,8,0.7272727272727273
34,9,Jen Affleck,False,,,0.0,0.7297619047619047,0.08843510160432448,0.0,8.0,0.0,-8.0,rank_based,Media,0,0,0,0,20-30,True,9.0,1,9,7,0.8181818181818182
34,10,Jen Affleck,False,,,0.0,0.7297619047619047,0.08843510160432448,0.0,7.0,0.0,-7.0,rank_based,Media,0,0,0,0,20-30,True,9.0,1,10,6,0.9090909090909091
34,11,Jen Affleck,False,,,0.0,0.7297619047619047,0.08843510160432448,0.0,6.0,0.0,-6.0,rank_based,Media,0,0,0,0,20-30,True,9.0,1,11,5,1.0
34,1,Jordan Chiles,False,0.5,-0.8197140257378693,0.0,,0.0,0.0,9.0,0.06097560975609756,-9.0,rank_based,Sports,0,0,0,0,20-30,True,3.0,1,1,14,0.09090909090909091
34,2,Jordan Chiles,False,0.7333333333333333,0.9253456851373663,0.23333333333333328,0.5,0.0,0.5773502691896258,1.0,0.07913669064748201,-1.0,rank_based,Sports,0,0,0,0,20-30,True,3.0,1,2,14,0.18181818181818182
34,3,Jordan Chiles,False,0.8,1.2250346215367371,0.06666666666666676,0.6166666666666667,0.164991582276861,0.0,1.0,0.0933852140077821,-1.0,rank_based,Sports,0,0,0,0,20-30,True,3.0,1,3,12,0.2727272727272727
34,4,Jordan Chiles,False,0.8,0.7391266142833404,0.0,0.6777777777777777,0.15752718754175357,0.0,2.0,0.0967741935483871,-2.0,rank_based,Sports,0,0,0,0,20-30,True,3.0,1,4,11,0.36363636363636365
34,5,Jordan Chiles,False,0.8,0.19162306880849178,0.0,0.7083333333333334,0.14240006242195882,0.0,5.0,0.10223642172523961,-5.0,rank_based,Sports,0,0,0,0,20-30,True,3.0,1,5,10,0.45454545454545453
34,6,Jordan Chiles,False,0.975,1.2009611535381537,0.17499999999999993,0.7266666666666667,0.12995725793078616,0.5,1.0,0.11470588235294117,-1.0,rank_based,Sports,0,0,0,0,20-30,True,3.0,1,6,10,0.5454545454545454
34,7,Jordan Chiles,False,0.95,0.44875003937244995,-0.025000000000000022,0.7680555555555556,0.15423797149811017,0.5773502691896257,4.0,0.1144578313253012,-4.0,rank_based,Sports,0,0,0,0,20-30,True,3.0,1,7,9,0.6363636363636364
34,8,Jordan Chiles,False,0.975,0.7770928126270507,0.025000000000000022,0.7940476190476191,0.15669579263200215,0.28867513459481287,2.0,0.12935323383084577,-2.0,rank_based,Sports,0,0,0,0,20-30,True,3.0,1,8,8,0.7272727272727273
34,9,Jordan Chiles,False,0.975,0.31270868283744785,0.0,0.8166666666666667,0.15855247992033702,0.5,5.0,0.14444444444444443,-5.0,rank_based,Sports,0,0,0,0,20-30,True,3.0,1,9,7,0.8181818181818182
34,10,Jordan Chiles,False,0.95,-0.24397501823713727,-0.025000000000000022,0.8342592592592593,0.15742306566999087,0.0,4.0,0.16569767441860464,-4.0,rank_based,Sports,0,0,0,0,20-30,True,3.0,1,10,6,0.9090909090909091
34,11,Jordan Chiles,False,0.9888866666666668,0.35082320772281705,0.03888666666666685,0.8458333333333334,0.15286613606536778,0.1924885797478208,2.0,0.20090311797825097,-2.0,rank_based,Sports,0,0,0,0,20-30,True,3.0,1,11,5,1.0
34,1,Lauren Jauregui,False,0.65,0.6147855193034036,0.0,,0.0,0.7071067811865476,4.0,0.07926829268292683,-4.0,rank_based,Music,0,0,0,0,20-30,True,9.24390243902439,8,1,14,0.09090909090909091
34,2,Lauren Jauregui,False,0.7,0.49351769873992857,0.04999999999999993,0.65,0.0,0.0,5.0,0.07553956834532374,-5.0,rank_based,Music,0,0,0,0,20-30,True,9.24390243902439,8,2,14,0.18181818181818182
34,3,Lauren Jauregui,True,0.6,-1.620207080096975,-0.09999999999999998,0.675,0.03535533905932729,0.0,11.0,0.07003891050583658,-11.0,rank_based,Music,0,0,0,0,20-30,True,9.24390243902439,8,3,12,0.2727272727272727
34,4,Lauren Jauregui,False,,,0.0,0.65,0.05,0.0,12.0,0.0,-12.0,rank_based,Music,0,0,0,0,20-30,True,9.24390243902439,8,4,11,0.36363636363636365
34,5,Lauren Jauregui,False,,,0.0,0.65,0.05,0.0,11.0,0.0,-11.0,rank_based,Music,0,0,0,0,20-30,True,9.24390243902439,8,5,10,0.45454545454545453
34,6,Lauren Jauregui,False,,,0.0,0.65,0.05,0.0,11.0,0.0,-11.0,rank_based,Music,0,0,0,0,20-30,True,9.24390243902439,8,6,10,0.5454545454545454
34,7,Lauren Jauregui,False,,,0.0,0.65,0.05,0.0,10.0,0.0,-10.0,rank_based,Music,0,0,0,0,20-30,True,9.24390243902439,8,7,9,0.6363636363636364
34,8,Lauren Jauregui,False,,,0.0,0.65,0.05,0.0,9.0,0.0,-9.0,rank_based,Music,0,0,0,0,20-30,True,9.24390243902439,8,8,8,0.7272727272727273
34,9,Lauren Jauregui,False,,,0.0,0.65,0.05,0.0,8.0,0.0,-8.0,rank_based,Music,0,0,0,0,20-30,True,9.24390243902439,8,9,7,0.8181818181818182
34,10,Lauren Jauregui,False,,,0.0,0.65,0.05,0.0,7.0,0.0,-7.0,rank_based,Music,0,0,0,0,20-30,True,9.24390243902439,8,10,6,0.9090909090909091
34,11,Lauren Jauregui,False,,,0.0,0.65,0.05,0.0,6.0,0.0,-6.0,rank_based,Music,0,0,0,0,20-30,True,9.24390243902439,8,11,5,1.0
34,1,Robert Irwin,False,0.75,1.5711185493309185,0.0,,0.0,0.7071067811865476,1.0,0.09146341463414634,-1.0,rank_based,Other,0,0,0,0,20-30,False,1.0,1,1,14,0.09090909090909091
34,2,Robert Irwin,False,0.7333333333333333,0.9253456851373663,-0.01666666666666672,0.75,0.0,0.5773502691896258,1.0,0.07913669064748201,-1.0,rank_based,Other,0,0,0,0,20-30,False,1.0,1,2,14,0.18181818181818182
34,3,Robert Irwin,False,0.7333333333333333,0.2766207209921654,0.0,0.7416666666666667,0.011785113019775868,0.5773502691896258,5.0,0.08560311284046693,-5.0,rank_based,Other,0,0,0,0,20-30,False,1.0,1,3,12,0.2727272727272727
34,4,Robert Irwin,False,0.7333333333333333,-0.2771724803562545,0.0,0.7388888888888889,0.00962250448649384,0.5773502691896258,8.0,0.08870967741935484,-8.0,rank_based,Other,0,0,0,0,20-30,False,1.0,1,4,11,0.36363636363636365
34,5,Robert Irwin,False,0.875,1.0128647922734526,0.14166666666666672,0.7374999999999999,0.008333333333333411,0.5,2.0,0.11182108626198083,-2.0,rank_based,Other,0,0,0,0,20-30,False,1.0,1,5,10,0.45454545454545453
34,6,Robert Irwin,False,0.9,0.4803844614152619,0.025000000000000022,0.7649999999999999,0.06191391873668903,0.0,3.0,0.10588235294117647,-3.0,rank_based,Other,0,0,0,0,20-30,False,1.0,1,6,10,0.5454545454545454
34,7,Robert Irwin,False,1.0,0.9535938336664559,0.09999999999999998,0.7875,0.07812916655556149,0.5773502691896257,3.0,0.12349397590361445,-3.0,rank_based,Other,0,0,0,0,20-30,False,1.0,1,7,9,0.6363636363636364
34,8,Robert Irwin,False,0.95,0.18502209824453575,-0.050000000000000044,0.8178571428571428,0.10741367889006696,0.408248290463863,4.0,0.12603648424543948,-4.0,rank_based,Other,0,0,0,0,20-30,False,1.0,1,8,8,0.7272727272727273
34,9,Robert Irwin,False,1.0,0.5559265472665742,0.050000000000000044,0.834375,0.10987343909720684,0.0,1.0,0.15555555555555556,-1.0,rank_based,Other,0,0,0,0,20-30,False,1.0,1,9,7,0.8181818181818182
34,10,Robert Irwin,False,0.9833333333333333,1.219875091185662,-0.01666666666666672,0.8527777777777777,0.11666666666666668,0.2886751345948129,1.0,0.17151162790697674,-1.0,rank_based,Other,0,0,0,0,20-30,False,1.0,1,10,6,0.9090909090909091
34,11,Robert Irwin,False,0.9888866666666668,0.35082320772281705,0.005553333333333521,0.8658333333333333,0.11748719394359856,0.1924885797478208,2.0,0.20090311797825097,-2.0,rank_based,Other,0,0,0,0,20-30,False,1.0,1,11,5,1.0
34,1,Scott Hoying,False,0.5,-0.8197140257378693,0.0,,0.0,0.0,9.0,0.06097560975609756,-9.0,rank_based,Music,0,0,0,0,30-40,True,6.838709677419355,3,1,14,0.09090909090909091
34,2,Scott Hoying,False,0.6,-0.8019662604523844,0.09999999999999998,0.5,0.0,0.0,11.0,0.06474820143884892,-11.0,rank_based,Music,0,0,0,0,30-40,True,6.838709677419355,3,2,14,0.18181818181818182
34,3,Scott Hoying,False,0.7333333333333333,0.2766207209921654,0.1333333333333333,0.55,0.0707106781186547,0.5773502691896258,5.0,0.08560311284046693,-5.0,rank_based,Music,0,0,0,0,30-40,True,6.838709677419355,3,3,12,0.2727272727272727
34,4,Scott Hoying,False,0.7,-0.7853220276760511,-0.033333333333333326,0.611111111111111,0.11706281947614146,0.0,9.0,0.0846774193548387,-9.0,rank_based,Music,0,0,0,0,30-40,True,6.838709677419355,3,4,11,0.36363636363636365
34,5,Scott Hoying,False,0.75,-0.355871413501483,0.050000000000000044,0.6333333333333333,0.10540925533894589,0.5773502691896257,6.0,0.09584664536741214,-6.0,rank_based,Music,0,0,0,0,30-40,True,6.838709677419355,3,5,10,0.45454545454545453
34,6,Scott Hoying,True,0.7,-1.4411533842457847,-0.050000000000000044,0.6566666666666666,0.10514540197058332,0.0,9.0,0.08235294117647059,-9.0,rank_based,Music,0,0,0,0,30-40,True,6.838709677419355,3,6,10,0.5454545454545454
34,7,Scott Hoying,False,,,0.0,0.6638888888888889,0.0956943436541962,0.0,10.0,0.0,-10.0,rank_based,Music,0,0,0,0,30-40,True,6.838709677419355,3,7,9,0.6363636363636364
34,8,Scott Hoying,False,,,0.0,0.6638888888888889,0.0956943436541962,0.0,9.0,0.0,-9.0,rank_based,Music,0,0,0,0,30-40,True,6.838709677419355,3,8,8,0.7272727272727273
34,9,Scott Hoying,False,,,0.0,0.6638888888888889,0.0956943436541962,0.0,8.0,0.0,-8.0,rank_based,Music,0,0,0,0,30-40,True,6.838709677419355,3,9,7,0.8181818181818182
34,10,Scott Hoying,False,,,0.0,0.6638888888888889,0.0956943436541962,0.0,7.0,0.0,-7.0,rank_based,Music,0,0,0,0,30-40,True,6.838709677419355,3,10,6,0.9090909090909091
34,11,Scott Hoying,False,,,0.0,0.6638888888888889,0.0956943436541962,0.0,6.0,0.0,-6.0,rank_based,Music,0,0,0,0,30-40,True,6.838709677419355,3,11,5,1.0
34,1,Whitney Leavitt,False,0.75,1.5711185493309185,0.0,,0.0,0.7071067811865476,1.0,0.09146341463414634,-1.0,rank_based,Media,0,0,0,0,30-40,True,5.134883720930232,21,1,14,0.09090909090909091
34,2,Whitney Leavitt,False,0.7333333333333333,0.9253456851373663,-0.01666666666666672,0.75,0.0,0.5773502691896258,1.0,0.07913669064748201,-1.0,rank_based,Media,0,0,0,0,30-40,True,5.134883720930232,21,2,14,0.18181818181818182
34,3,Whitney Leavitt,False,0.8,1.2250346215367371,0.06666666666666676,0.7416666666666667,0.011785113019775868,0.0,1.0,0.0933852140077821,-1.0,rank_based,Media,0,0,0,0,30-40,True,5.134883720930232,21,3,12,0.2727272727272727
34,4,Whitney Leavitt,False,0.8333333333333334,1.247276161603137,0.033333333333333326,0.7611111111111111,0.03469443332443555,0.5773502691896257,1.0,0.10080645161290322,-1.0,rank_based,Media,0,0,0,0,30-40,True,5.134883720930232,21,4,11,0.36363636363636365
34,5,Whitney Leavitt,False,0.825,0.46537030996347795,-0.008333333333333415,0.7791666666666667,0.04589642122738415,0.5,4.0,0.10543130990415335,-4.0,rank_based,Media,0,0,0,0,30-40,True,5.134883720930232,21,5,10,0.45454545454545453
34,6,Whitney Leavitt,False,0.975,1.2009611535381537,0.15000000000000002,0.7883333333333333,0.04472135954999574,0.5,1.0,0.11470588235294117,-1.0,rank_based,Media,0,0,0,0,30-40,True,5.134883720930232,21,6,10,0.5454545454545454
34,7,Whitney Leavitt,False,1.0,0.9535938336664559,0.025000000000000022,0.8194444444444445,0.08606629658238697,0.5,2.0,0.12650602409638553,-2.0,rank_based,Media,0,0,0,0,30-40,True,5.134883720930232,21,7,9,0.6363636363636364
34,8,Whitney Leavitt,False,0.9875,1.0731281698183095,-0.012499999999999956,0.8452380952380952,0.1040674130312964,0.25,1.0,0.1310116086235489,-1.0,rank_based,Media,0,0,0,0,30-40,True,5.134883720930232,21,8,8,0.7272727272727273
34,9,Whitney Leavitt,False,1.0,0.5559265472665742,0.012499999999999956,0.8630208333333333,0.1086861813291126,0.0,1.0,0.15555555555555556,-1.0,rank_based,Media,0,0,0,0,30-40,True,5.134883720930232,21,9,7,0.8181818181818182
34,10,Whitney Leavitt,True,0.9666666666666667,0.48795003647426477,-0.033333333333333326,0.8782407407407408,0.11144913859616476,0.5773502691896257,2.0,0.1686046511627907,-2.0,rank_based,Media,0,0,0,0,30-40,True,5.134883720930232,21,10,6,0.9090909090909091
34,11,Whitney Leavitt,False,,,0.0,0.8870833333333333,0.10873234921324969,0.0,6.0,0.0,-6.0,rank_based,Media,0,0,0,0,30-40,True,5.134883720930232,21,11,5,1.0
